vx,vy,vz,wx,wy,wz,base1,shoulder1,elbow1,base2,shoulder2,elbow2,base3,shoulder3,elbow3,base4,shoulder4,elbow4,com_vx,com_vy,com_wz,height,e1x,e1y,e1z,e2x,e2y,e2z,e3x,e3y,e3z,e4x,e4y,e4z,com_x,com_y,quat_x,quat_y,quat_z,quat_w,e1x_w,e1y_w,e1z_w,e2x_w,e2y_w,e2z_w,e3x_w,e3y_w,e3z_w,e4x_w,e4y_w,e4z_w,jv_base1,jv_shoulder1,jv_elbow1,jv_base2,jv_shoulder2,jv_elbow2,jv_base3,jv_shoulder3,jv_elbow3,jv_base4,jv_shoulder4,jv_elbow4
0.00000000,0.00000000,0.00000000,0.00000000,0.00000000,0.00000000,-0.17416507,1.29233599,-1.48650002,0.08022367,1.38042426,-1.61574006,-0.04525022,0.65739846,-2.71422386,0.50824928,0.64395702,-2.46554494,0.56219025,-0.01542790,0.03905753,0.14588074,0.21238949,0.14826263,-0.13138547,0.20120588,-0.20009270,-0.12760698,-0.02208128,0.18376364,-0.13082440,-0.04235192,-0.14833892,-0.14038856,0.00000000,0.00000000,-0.09450067,-0.41617592,-0.16042510,0.89001742,0.24904312,0.07119429,0.01449528,0.12526007,-0.25461894,0.01827376,0.03883564,0.18096533,0.01505634,-0.08825948,-0.12652424,0.00549218,0.00000000,0.00000000,0.00000000,0.00000000,0.00000000,0.00000000,0.00000000,0.00000000,0.00000000,0.00000000,0.00000000,0.00000000
0.03440137,0.00214103,-0.00528834,0.03355157,0.12408245,0.02315606,-0.17460578,1.29237220,-1.48601563,0.08052860,1.38179965,-1.61524303,-0.04891670,0.66850293,-2.71343718,0.50483447,0.64636011,-2.46633658,0.56219025,-0.01542790,0.03905753,0.14644423,0.21159943,0.14824864,-0.13221248,0.20067826,-0.20028241,-0.12818107,-0.02223296,0.18353147,-0.13136266,-0.04291662,-0.14865623,-0.14103324,0.00059559,-0.00016900,-0.09425381,-0.41493195,-0.16012164,0.89067882,0.24881646,0.07151348,0.01423175,0.12554592,-0.25467287,0.01826315,0.03903414,0.18066403,0.01508156,-0.08817620,-0.12689737,0.00541098,-0.01366675,0.00105143,0.00713396,0.03227877,0.05735064,0.04660750,-0.18056223,0.48933215,0.04005432,-0.14580415,0.09303403,-0.02691078
-0.06957701,-0.00010850,0.00573707,0.00212900,-0.06885094,-0.20667556,-0.17148876,1.29175627,-1.49099104,0.08606424,1.37843056,-1.60779121,-0.04811102,0.65510519,-2.71312532,0.50870665,0.63888969,-2.46477561,0.56219025,-0.01542790,0.03905753,0.14527603,0.21152289,0.14985021,-0.13253626,0.20208718,-0.19930107,-0.12727119,-0.02212120,0.18372467,-0.13006643,-0.04244881,-0.14848390,-0.14004559,-0.00044349,0.00021760,-0.09503169,-0.41550998,-0.16217071,0.88995567,0.24859461,0.07216927,0.01273977,0.12485888,-0.25445760,0.01800483,0.03908706,0.18099768,0.01520960,-0.08936280,-0.12604690,0.00523044,0.14958464,-0.03352117,-0.21793984,0.24392740,-0.15880536,0.33335924,0.07119785,-0.58545399,0.00724411,0.14179730,-0.33665299,0.03821756
0.01033767,0.00484983,-0.00507652,0.02083697,0.03944237,0.00042538,-0.17127061,1.29266386,-1.49254014,0.08491879,1.37913888,-1.61022544,-0.04902974,0.65631407,-2.71132889,0.50604658,0.63888612,-2.46726856,0.56219025,-0.01542790,0.03905753,0.14543937,0.21148916,0.14958746,-0.13243187,0.20188091,-0.19917748,-0.12733139,-0.02243706,0.18333675,-0.13007168,-0.04228896,-0.14857540,-0.14013583,-0.00022466,0.00019194,-0.09497880,-0.41501358,-0.16232173,0.89016539,0.24871873,0.07182478,0.01300750,0.12483993,-0.25433982,0.01810799,0.03893934,0.18069670,0.01536770,-0.08906463,-0.12618236,0.00530354,-0.00554896,0.06606387,-0.10485362,-0.05837443,0.05689144,-0.14210843,-0.12500801,0.03764462,0.12136458,-0.09470271,0.00075388,-0.08552455
0.06139057,0.00004416,0.00114337,0.03125361,0.09378969,0.08825650,-0.17206489,1.29381332,-1.49145029,0.08431374,1.38076270,-1.60932093,-0.05179646,0.66578113,-2.71005211,0.50626531,0.64449124,-2.46687708,0.56219025,-0.01542790,0.03905753,0.14620498,0.21076460,0.14945080,-0.13312880,0.20113981,-0.19931834,-0.12791976,-0.02273192,0.18358310,-0.13079423,-0.04246810,-0.14881809,-0.14080915,0.00042812,0.00001423,-0.09450109,-0.41435546,-0.16163783,0.89064713,0.24852808,0.07215067,0.01307617,0.12515047,-0.25420882,0.01828522,0.03910750,0.18091033,0.01541075,-0.08845980,-0.12667162,0.00539583,-0.03338170,0.03920745,0.10828113,-0.02374676,0.06887054,0.09900998,-0.07774427,0.57873411,0.02709961,0.00142336,0.33541057,0.00929546
-0.02100013,-0.00703441,0.01094007,-0.02065886,-0.01886420,-0.05833482,-0.17152166,1.29120600,-1.48881757,0.08491360,1.37898707,-1.60710382,-0.04683349,0.66548800,-2.71225524,0.50710475,0.64647812,-2.46572113,0.56219025,-0.01542790,0.03905753,0.14626437,0.21105043,0.14951547,-0.13339253,0.20164053,-0.19939850,-0.12814492,-0.02260375,0.18378404,-0.13112475,-0.04257660,-0.14849782,-0.14097020,0.00018403,-0.00002568,-0.09474463,-0.41430753,-0.16187496,0.89060049,0.24860080,0.07199007,0.01287185,0.12526290,-0.25453293,0.01811945,0.03911459,0.18100446,0.01513962,-0.08874628,-0.12634183,0.00529417,0.03737032,-0.15880106,0.12017011,0.03878921,-0.11661529,0.09708881,0.29514980,-0.16494869,-0.12658596,0.05293607,0.03558397,0.07058144
0.00070241,-0.00298952,0.00108580,0.00183300,-0.01458243,0.03355585,-0.17152166,1.29120600,-1.48881757,0.08491360,1.37898707,-1.60710382,-0.04683349,0.66548800,-2.71225524,0.50710475,0.64647812,-2.46572113,0.56219025,-0.01542790,0.03905753,0.14629655,0.21105919,0.14956222,-0.13332609,0.20169880,-0.19935369,-0.12812272,-0.02260036,0.18379659,-0.13110776,-0.04252270,-0.14848690,-0.14099791,0.00014992,-0.00007964,-0.09457925,-0.41444754,-0.16162160,0.89059893,0.24855647,0.07209394,0.01297046,0.12541791,-0.25450493,0.01817383,0.03900287,0.18097950,0.01518880,-0.08866661,-0.12644483,0.00529864,0.00000000,0.00000000,0.00000000,0.00000000,0.00000000,0.00000000,0.00000000,0.00000000,0.00000000,0.00000000,0.00000000,0.00000000
-0.00118306,0.00225356,-0.00473912,-0.00986914,-0.06153880,0.08058791,-0.17244943,1.29165695,-1.48840234,0.08391197,1.37987037,-1.60771632,-0.04949773,0.66565380,-2.71181569,0.50615253,0.64529089,-2.46640921,0.56219025,-0.01542790,0.03905753,0.14621240,0.21106512,0.14940404,-0.13306368,0.20162600,-0.19947483,-0.12796172,-0.02249185,0.18365796,-0.13096029,-0.04242925,-0.14863447,-0.14094534,0.00022422,-0.00006511,-0.09420694,-0.41508095,-0.16089455,0.89047504,0.24848373,0.07230384,0.01314872,0.12573906,-0.25440599,0.01825068,0.03888162,0.18088166,0.01525211,-0.08837556,-0.12672420,0.00526707,-0.05566621,0.02705669,0.02491379,-0.06009739,0.05299759,-0.03674984,-0.15985428,0.00994778,0.02637291,-0.05713320,-0.07123374,-0.04128456
0.00534032,-0.00895650,0.00425059,-0.03003750,-0.04968898,0.02952196,-0.17337518,1.29161761,-1.48553410,0.08285054,1.38076115,-1.60677412,-0.05190190,0.66907208,-2.71363015,0.50590988,0.64547889,-2.46705394,0.56219025,-0.01542790,0.03905753,0.14632378,0.21100249,0.14906246,-0.13317032,0.20133847,-0.19979968,-0.12812199,-0.02238306,0.18356952,-0.13102064,-0.04286473,-0.14878106,-0.14103556,0.00017738,-0.00019245,-0.09424395,-0.41562968,-0.16053311,0.89028039,0.24820142,0.07209685,0.01315345,0.12554303,-0.25463408,0.01820178,0.03874633,0.18066995,0.01530313,-0.08876809,-0.12692797,0.00528822,-0.02771169,-0.01588869,0.15963792,-0.03363740,0.02694798,0.07490730,-0.06432326,0.20012281,-0.12205409,0.01400756,0.04689717,-0.01804161
-0.01412110,-0.00897734,0.00589501,-0.02259805,-0.05735923,0.03381272,-0.17306457,1.29114044,-1.48403716,0.08314454,1.38047171,-1.60553348,-0.05084044,0.67118514,-2.71527934,0.50670034,0.64679146,-2.46679568,0.56219025,-0.01542790,0.03905753,0.14625447,0.21111992,0.14909329,-0.13312988,0.20148544,-0.19979920,-0.12812147,-0.02226791,0.18367621,-0.13119626,-0.04297785,-0.14870780,-0.14125468,-0.00010835,-0.00030466,-0.09424719,-0.41617813,-0.16020593,0.89008274,0.24798193,0.07216356,0.01312460,0.12558921,-0.25469850,0.01813301,0.03846712,0.18065043,0.01505821,-0.08904097,-0.12700152,0.00499979,0.00931817,-0.01431513,0.04490804,0.00882000,-0.00868320,0.03721904,0.03184367,0.06339168,-0.04947567,0.02371359,0.03937697,0.00774765
0.01083361,0.01604761,-0.00409628,0.03165945,0.02908163,0.07957050,-0.17453730,1.29204845,-1.48509061,0.08263452,1.38063109,-1.60555148,-0.05510858,0.67064357,-2.71378446,0.50362748,0.64592063,-2.46813893,0.56219025,-0.01542790,0.03905753,0.14630149,0.21099950,0.14910275,-0.13320874,0.20118414,-0.19997899,-0.12802844,-0.02229395,0.18336560,-0.13116965,-0.04300018,-0.14895664,-0.14102942,0.00008436,-0.00011570,-0.09376116,-0.41608653,-0.15964249,0.89027811,0.24798886,0.07265639,0.01309275,0.12570105,-0.25445229,0.01827306,0.03834791,0.18059364,0.01513185,-0.08881917,-0.12713246,0.00527208,-0.08836358,0.05448103,-0.06320715,-0.03060087,0.00956297,-0.00108004,-0.25608814,-0.03249407,0.08969306,-0.18437146,-0.05224943,-0.08059501
-0.01068530,0.00439032,0.00011039,-0.00869456,0.00899836,-0.07523995,-0.17525177,1.29032457,-1.48516798,0.08311654,1.38120854,-1.60637522,-0.05209628,0.66392285,-2.71180415,0.50421727,0.64184892,-2.46724820,0.56219025,-0.01542790,0.03905753,0.14612742,0.21090378,0.14912881,-0.13312768,0.20154472,-0.20029739,-0.12773936,-0.02207985,0.18332074,-0.13067586,-0.04240514,-0.14879687,-0.14066901,-0.00000671,0.00002550,-0.09417711,-0.41595065,-0.16028548,0.89018217,0.24790814,0.07253780,0.01299974,0.12552378,-0.25488903,0.01838806,0.03867469,0.18057401,0.01545157,-0.08845714,-0.12692026,0.00545841,-0.03429436,-0.08274650,-0.00371361,0.02313673,0.02771759,-0.03953933,0.14459019,-0.32259462,0.09505462,0.02830982,-0.19544219,0.04275512
-0.00321401,-0.00931024,0.00276711,0.00667156,0.01157141,-0.00858148,-0.17462446,1.29071047,-1.48522325,0.08326998,1.38057425,-1.60620637,-0.05065331,0.66460181,-2.71288829,0.50452540,0.64333720,-2.46706223,0.56219025,-0.01542790,0.03905753,0.14612412,0.21101539,0.14917784,-0.13314680,0.20148247,-0.20012464,-0.12788876,-0.02214913,0.18341017,-0.13085492,-0.04255006,-0.14869199,-0.14076799,-0.00017398,-0.00013106,-0.09419600,-0.41582266,-0.16039586,0.89022009,0.24788045,0.07232944,0.01297732,0.12529017,-0.25489331,0.01823537,0.03851605,0.18051488,0.01526920,-0.08875904,-0.12690843,0.00535614,0.03763818,0.02315426,-0.00331593,0.00920659,-0.03805732,0.01013088,0.08657848,0.04073810,-0.06504821,0.01848793,0.08929681,0.01115799
0.00237915,0.01098217,-0.00594023,0.02503627,0.03700888,-0.02544808,-0.17393581,1.29162858,-1.48682263,0.08354229,1.38014903,-1.60711854,-0.05051129,0.66553555,-2.71251793,0.50409864,0.64494874,-2.46760111,0.56219025,-0.01542790,0.03905753,0.14607710,0.21105569,0.14934121,-0.13304079,0.20142111,-0.19981920,-0.12795594,-0.02238603,0.18341533,-0.13100615,-0.04252462,-0.14867458,-0.14088321,-0.00000523,-0.00000282,-0.09411087,-0.41548352,-0.16063213,0.89034483,0.24818919,0.07243218,0.01303632,0.12532906,-0.25454062,0.01812116,0.03858397,0.18069912,0.01507095,-0.08864581,-0.12671242,0.00519389,0.02250033,0.04350901,-0.09430503,0.01173538,-0.00648451,-0.05979538,-0.03476813,0.03565478,0.05474567,-0.03484940,0.05204415,-0.03791141
-0.00030170,0.01276178,-0.00306299,0.00630366,0.05129376,-0.10705728,-0.17335685,1.29156711,-1.48928254,0.08390098,1.38034163,-1.60838168,-0.05114440,0.66285336,-2.70965624,0.50462314,0.64310522,-2.46720943,0.56219025,-0.01542790,0.03905753,0.14602596,0.21098004,0.14936780,-0.13303926,0.20158738,-0.19971590,-0.12772996,-0.02243911,0.18340522,-0.13074535,-0.04215613,-0.14876582,-0.14065976,0.00015409,0.00022741,-0.09451178,-0.41490815,-0.16149703,0.89041421,0.24841410,0.07227103,0.01298670,0.12522668,-0.25448961,0.01829600,0.03901095,0.18086830,0.01528060,-0.08839327,-0.12653131,0.00536619,0.03978342,-0.01047277,-0.11726474,0.02067804,0.00103140,-0.05247974,0.00246236,-0.15923666,0.13177013,0.04924893,-0.09819388,0.03985691
-0.00101487,-0.00487285,0.00134557,-0.00194312,0.04123612,-0.03333348,-0.17317006,1.29149520,-1.48964477,0.08398362,1.38030207,-1.60850322,-0.05096560,0.66219693,-2.70927358,0.50490242,0.64274782,-2.46697521,0.56219025,-0.01542790,0.03905753,0.14602099,0.21094575,0.14926877,-0.13322117,0.20149170,-0.19978459,-0.12777189,-0.02245581,0.18339998,-0.13072945,-0.04222964,-0.14878633,-0.14054962,0.00011387,0.00019641,-0.09479292,-0.41448559,-0.16187682,0.89051215,0.24835123,0.07201203,0.01279982,0.12492405,-0.25462747,0.01824910,0.03905924,0.18081500,0.01529154,-0.08858403,-0.12650560,0.00547138,0.00000000,0.00000000,0.00000000,0.00000000,0.00000000,0.00000000,0.00000000,0.00000000,0.00000000,0.00000000,0.00000000,0.00000000
0.00559721,-0.00256538,0.00188175,0.00092267,0.01250410,-0.00207907,-0.17114691,1.29179919,-1.48980951,0.08378413,1.37986231,-1.60933101,-0.04375787,0.66127652,-2.71137357,0.50595367,0.64526099,-2.46651626,0.56219025,-0.01542790,0.03905753,0.14613897,0.21113874,0.14920087,-0.13310151,0.20161140,-0.19930696,-0.12801389,-0.02256080,0.18358890,-0.13101645,-0.04214522,-0.14831238,-0.14082319,0.00014321,0.00012982,-0.09479308,-0.41436489,-0.16186239,0.89057093,0.24853462,0.07183879,0.01303746,0.12524442,-0.25427164,0.01812509,0.03903623,0.18096457,0.01512252,-0.08830891,-0.12615954,0.00531578,0.09711098,0.01459122,-0.00790787,-0.00957549,-0.02110863,-0.03973388,0.34597116,-0.04417991,-0.10079956,0.05045986,0.12063216,0.02202988
-0.01036382,0.00741244,0.00133671,-0.01917025,-0.01539959,-0.05762890,-0.17156135,1.29075587,-1.48951964,0.08378679,1.38025327,-1.60984170,-0.04576092,0.66043509,-2.71007199,0.50568540,0.64347552,-2.46662593,0.56219025,-0.01542790,0.03905753,0.14601027,0.21117961,0.14909047,-0.13299716,0.20182181,-0.19955095,-0.12778302,-0.02240185,0.18347168,-0.13085018,-0.04202713,-0.14847800,-0.14064908,0.00004374,0.00030496,-0.09519899,-0.41446328,-0.16233789,0.89039528,0.24850077,0.07167653,0.01301312,0.12503843,-0.25450664,0.01822725,0.03920825,0.18094228,0.01516009,-0.08846295,-0.12610137,0.00536119,-0.02486622,-0.06259918,0.01739216,0.00015932,0.02345753,-0.03064155,-0.12018290,-0.05048561,0.07809448,-0.01609611,-0.10712814,-0.00658035
-0.00941700,0.00659546,-0.00100289,-0.02011908,-0.05944516,0.03785796,-0.17218301,1.28919089,-1.48908484,0.08379077,1.38083971,-1.61060774,-0.04876549,0.65917295,-2.70811963,0.50528300,0.64079732,-2.46679044,0.56219025,-0.01542790,0.03905753,0.14582218,0.21124049,0.14908580,-0.13266034,0.20230828,-0.19976264,-0.12740621,-0.02218221,0.18333908,-0.13053686,-0.04169725,-0.14868882,-0.14047281,0.00000138,0.00048796,-0.09516868,-0.41500287,-0.16206876,0.89019619,0.24847522,0.07197132,0.01316184,0.12552575,-0.25461473,0.01841597,0.03923080,0.18094937,0.01528532,-0.08819361,-0.12627429,0.00534937,-0.02486622,-0.06259918,0.01739216,0.00015932,0.02345753,-0.03064155,-0.12018290,-0.05048561,0.07809448,-0.01609611,-0.10712814,-0.00658035
0.01762739,-0.01191286,0.00942833,-0.01794139,-0.05273217,0.08047299,-0.17165119,1.29059470,-1.48603604,0.08342090,1.38080366,-1.60780871,-0.04554354,0.66280001,-2.71198792,0.50565693,0.64454960,-2.46716943,0.56219025,-0.01542790,0.03905753,0.14614557,0.21117054,0.14900606,-0.13295705,0.20180714,-0.19960608,-0.12793485,-0.02221094,0.18345896,-0.13100598,-0.04207345,-0.14844136,-0.14089352,-0.00001992,0.00029772,-0.09491008,-0.41562018,-0.16132772,0.89007039,0.24824782,0.07212342,0.01318852,0.12548729,-0.25429341,0.01821072,0.03893463,0.18094394,0.01513959,-0.08828800,-0.12624776,0.00525205,0.03190899,0.08422851,0.18292807,-0.02219260,-0.00216293,0.16794204,0.19331716,0.21762371,-0.23209760,0.02243614,0.22513676,-0.02273941
0.00709328,-0.00173872,0.00531559,-0.03037999,-0.03248719,-0.03589720,-0.17151824,1.29094565,-1.48527384,0.08332843,1.38079464,-1.60710895,-0.04473805,0.66370678,-2.71295500,0.50575042,0.64548767,-2.46726418,0.56219025,-0.01542790,0.03905753,0.14637987,0.21128005,0.14886658,-0.13296350,0.20167648,-0.19968125,-0.12789717,-0.02207914,0.18345687,-0.13119160,-0.04214682,-0.14840705,-0.14097580,-0.00002049,0.00022154,-0.09517247,-0.41595871,-0.16139107,0.88987273,0.24830253,0.07188876,0.01341637,0.12534805,-0.25439334,0.01848270,0.03905131,0.18082416,0.01518828,-0.08834205,-0.12627079,0.00540407,0.00000000,0.00000000,0.00000000,0.00000000,0.00000000,0.00000000,0.00000000,0.00000000,0.00000000,0.00000000,0.00000000,0.00000000
-0.02287819,0.00906801,-0.00490752,-0.00916349,-0.04609681,0.01843806,-0.17383162,1.28841064,-1.48309669,0.08291200,1.38239846,-1.60776193,-0.04997935,0.66055591,-2.71003194,0.50496979,0.64095341,-2.46753244,0.56219025,-0.01542790,0.03905753,0.14595005,0.21102360,0.14880633,-0.13279152,0.20207454,-0.20030162,-0.12764739,-0.02185970,0.18324158,-0.13062288,-0.04179951,-0.14874676,-0.14053627,-0.00015668,0.00046396,-0.09510631,-0.41640177,-0.16123988,0.88969998,0.24789014,0.07220697,0.01315853,0.12543575,-0.25484253,0.01830267,0.03901659,0.18079914,0.01532717,-0.08823594,-0.12648029,0.00541378,-0.10899316,-0.11791705,0.10198973,-0.01628959,0.07515621,-0.02696085,-0.23828865,-0.16617249,0.13808726,-0.03532147,-0.21800852,-0.01054859
-0.00773982,-0.00291185,0.00316921,0.00152580,-0.01760787,0.01827559,-0.17278505,1.28956859,-1.48358426,0.08426260,1.38128648,-1.60581000,-0.04308793,0.65543976,-2.71185422,0.50529644,0.64144014,-2.46684532,0.56219025,-0.01542790,0.03905753,0.14584775,0.21107382,0.14919923,-0.13286909,0.20199520,-0.19995117,-0.12772585,-0.02175921,0.18335522,-0.13069618,-0.04155445,-0.14825752,-0.14047815,-0.00032384,0.00046650,-0.09498260,-0.41661597,-0.16106871,0.88964392,0.24787996,0.07262909,0.01297867,0.12537441,-0.25445012,0.01812191,0.03893456,0.18088650,0.01515158,-0.08797876,-0.12611818,0.00536960,0.05254840,0.05066013,-0.01668835,0.06254160,-0.05758380,0.09520482,0.34701690,-0.23231504,-0.09823894,0.00885558,0.03102493,0.02958584
-0.00404631,-0.00154366,-0.00007775,0.02200619,0.00961022,-0.03297185,-0.17284960,1.28920624,-1.48395262,0.08452719,1.38065927,-1.60543978,-0.04168454,0.65478001,-2.71246204,0.50416666,0.64151946,-2.46742411,0.56219025,-0.01542790,0.03905753,0.14582053,0.21108921,0.14939365,-0.13289253,0.20216516,-0.19985574,-0.12774819,-0.02186214,0.18326783,-0.13069392,-0.04156207,-0.14812937,-0.14051688,-0.00038777,0.00044768,-0.09493548,-0.41645372,-0.16140617,0.88966376,0.24796472,0.07254594,0.01292800,0.12525270,-0.25455731,0.01807234,0.03892138,0.18078027,0.01512660,-0.08813184,-0.12592753,0.00530365,-0.01477879,-0.01884556,-0.03260565,0.01234648,-0.02254343,0.00747728,0.01039714,-0.03540873,-0.00399685,-0.05609893,-0.01348471,-0.03205776
-0.00973470,0.00111702,-0.01125865,0.04000213,0.00997159,-0.01749265,-0.17313737,1.29028533,-1.48792186,0.08409382,1.38151925,-1.60827100,-0.04880707,0.65352342,-2.70880823,0.50309068,0.63912371,-2.46821575,0.56219025,-0.01542790,0.03905753,0.14554167,0.21097747,0.14953315,-0.13244717,0.20232411,-0.19960448,-0.12730619,-0.02204141,0.18311428,-0.13027446,-0.04130410,-0.14855753,-0.14017613,-0.00035162,0.00044426,-0.09470864,-0.41629323,-0.16175502,0.88969969,0.24803057,0.07240218,0.01309450,0.12520437,-0.25453159,0.01823549,0.03896192,0.18064168,0.01526722,-0.08814968,-0.12631090,0.00536555,-0.00506920,0.06909656,-0.22028303,-0.02776524,0.04905367,-0.16254185,-0.38161296,-0.06637644,0.19891261,-0.05365133,-0.12708735,-0.03859233
-0.01795677,-0.00354405,0.00173385,0.02644979,0.02849324,-0.09157802,-0.17036192,1.29143488,-1.49201095,0.08560286,1.37972879,-1.60844350,-0.04441220,0.64626050,-2.70756912,0.50357056,0.63819647,-2.46678233,0.56219025,-0.01542790,0.03905753,0.14527850,0.21121891,0.15006027,-0.13224205,0.20273509,-0.19871623,-0.12714591,-0.02199286,0.18328114,-0.13013107,-0.04073430,-0.14823930,-0.13987917,-0.00056154,0.00045913,-0.09481407,-0.41594327,-0.16254629,0.88970793,0.24836783,0.07233181,0.01303644,0.12515928,-0.25406775,0.01813259,0.03921770,0.18071805,0.01514743,-0.08797311,-0.12600584,0.00539933,0.16474484,0.05061149,-0.19474266,0.09792476,-0.11905431,0.02845287,0.34766075,-0.42143580,0.02969742,0.03947854,-0.02802729,0.09342670
0.01590774,-0.00330352,0.01354215,0.05600032,0.11270039,-0.08736254,-0.16897847,1.28923929,-1.49039412,0.08631774,1.37655234,-1.60510111,-0.03568957,0.64630634,-2.70883274,0.50195354,0.64140195,-2.46599746,0.56219025,-0.01542790,0.03905753,0.14571740,0.21134420,0.15037071,-0.13305221,0.20311611,-0.19836924,-0.12793392,-0.02214849,0.18338874,-0.13065620,-0.04062533,-0.14766364,-0.14033315,-0.00057871,0.00041767,-0.09487125,-0.41472477,-0.16346161,0.89010287,0.24872454,0.07201105,0.01266519,0.12507427,-0.25417581,0.01778348,0.03947341,0.18074463,0.01506120,-0.08796542,-0.12535407,0.00538425,0.06640577,-0.10538864,0.07760810,0.03431403,-0.15246962,0.16043471,0.41868620,0.00220013,-0.06065368,-0.07761669,0.15386294,0.03767395
-0.00265059,-0.00787161,-0.00310138,0.03773153,-0.01178811,-0.02644070,-0.16888385,1.29057496,-1.49276471,0.08647219,1.37674994,-1.60588794,-0.04102993,0.64741942,-2.70706635,0.50182141,0.63968273,-2.46541371,0.56219025,-0.01542790,0.03905753,0.14564810,0.21119533,0.15071123,-0.13281121,0.20315202,-0.19798370,-0.12781499,-0.02218322,0.18345527,-0.13033300,-0.04054789,-0.14795323,-0.14027680,-0.00064978,0.00026196,-0.09463768,-0.41470908,-0.16389961,0.89005449,0.24873772,0.07183863,0.01283689,0.12477005,-0.25417497,0.01783311,0.03967191,0.18060079,0.01531511,-0.08825544,-0.12567270,0.00537131,0.00567734,0.08014011,-0.14223574,0.00926703,0.01185608,-0.04720974,-0.32042196,0.06678485,0.10598373,-0.00792789,-0.10315275,0.03502464
0.00723670,-0.00127591,-0.00072639,0.01119869,-0.04686203,-0.01211347,-0.16777394,1.29331410,-1.49578331,0.08732212,1.37634211,-1.60495875,-0.04554684,0.64804780,-2.70523572,0.50069324,0.63979628,-2.46620736,0.56219025,-0.01542790,0.03905753,0.14571245,0.21115169,0.15114512,-0.13264644,0.20302016,-0.19737954,-0.12760091,-0.02223318,0.18337534,-0.13029798,-0.04030866,-0.14821028,-0.14023527,-0.00054719,0.00019011,-0.09447341,-0.41508533,-0.16407958,0.88986338,0.24900617,0.07197455,0.01306601,0.12473043,-0.25374174,0.01811154,0.03985664,0.18043539,0.01541447,-0.08812229,-0.12599101,0.00547718,0.06375575,0.12427853,-0.10999774,0.04636225,-0.03039837,0.07935619,-0.11080332,0.00431084,0.05684567,-0.06372642,0.05838919,-0.06513118
0.00141995,-0.01541187,0.02051444,0.00678147,-0.02443487,-0.01970327,-0.16648109,1.29162271,-1.49265850,0.08850470,1.37313147,-1.59996827,-0.03634999,0.64655457,-2.70891318,0.49951829,0.64341009,-2.46578364,0.56219025,-0.01542790,0.03905753,0.14599955,0.21150041,0.15157959,-0.13307895,0.20348482,-0.19704517,-0.12808917,-0.02210721,0.18349302,-0.13088004,-0.04023283,-0.14755228,-0.14060227,-0.00086543,0.00004949,-0.09446226,-0.41531368,-0.16431377,0.88971479,0.24921757,0.07193336,0.01292060,0.12476572,-0.25381994,0.01791037,0.03983586,0.18033211,0.01511951,-0.08824598,-0.12546942,0.00539728,0.05821144,-0.11619615,0.17674254,0.05858954,-0.17855357,0.25724029,0.48193777,-0.06876969,-0.20426844,-0.05189752,0.16298103,0.05880832
-0.00122997,-0.00979668,-0.00714982,0.02341561,-0.02974907,0.04452913,-0.16783689,1.29146135,-1.49314237,0.08691746,1.37269235,-1.59953272,-0.04068534,0.64782721,-2.70889306,0.49868721,0.64354485,-2.46620417,0.56219025,-0.01542790,0.03905753,0.14596325,0.21165596,0.15141894,-0.13306034,0.20361071,-0.19715565,-0.12788819,-0.02217519,0.18346711,-0.13083997,-0.04040735,-0.14776933,-0.14054050,-0.00093575,-0.00016844,-0.09408878,-0.41555818,-0.16412392,0.88967524,0.24924137,0.07150690,0.01290291,0.12477185,-0.25418669,0.01807506,0.03969644,0.18011175,0.01512328,-0.08855602,-0.12583154,0.00542276,-0.09106099,0.02304554,-0.07053137,-0.10679036,0.01477003,-0.02763033,-0.36313710,0.08834480,0.04817962,-0.04154026,-0.01919746,-0.04827976
-0.00559955,-0.00188046,-0.00676725,-0.01432932,-0.07104360,0.01950713,-0.16811506,1.29363971,-1.49488037,0.08808386,1.37426760,-1.59982040,-0.04684608,0.64716077,-2.70717540,0.50016391,0.64082242,-2.46570735,0.56219025,-0.01542790,0.03905753,0.14578670,0.21129105,0.15178508,-0.13273017,0.20335530,-0.19704395,-0.12751866,-0.02205281,0.18353697,-0.13036970,-0.04029032,-0.14814792,-0.14024571,-0.00091069,-0.00021887,-0.09400234,-0.41623428,-0.16395325,0.88939975,0.24903595,0.07195662,0.01305653,0.12462710,-0.25402974,0.01826804,0.03983652,0.18009146,0.01541700,-0.08853109,-0.12628941,0.00554098,-0.00886845,0.10710668,-0.08167505,0.06113326,0.07311487,-0.00748873,-0.27926770,-0.03859663,0.07533360,0.07625699,-0.12837695,0.02594948
-0.00707193,-0.00792122,0.00423479,-0.03576186,-0.04558839,-0.02829517,-0.16630995,1.29406114,-1.49354823,0.09026755,1.37280467,-1.59672635,-0.03808434,0.64406254,-2.71111741,0.50287514,0.64270769,-2.46468139,0.56219025,-0.01542790,0.03905753,0.14573720,0.21145558,0.15218950,-0.13285328,0.20336538,-0.19674869,-0.12767514,-0.02196090,0.18382831,-0.13056235,-0.04033583,-0.14756960,-0.14035737,-0.00111821,-0.00031029,-0.09435686,-0.41670177,-0.16406349,0.88912293,0.24912166,0.07218188,0.01288392,0.12451875,-0.25385098,0.01806207,0.03981987,0.18024220,0.01517485,-0.08859224,-0.12581750,0.00537984,0.08588898,0.01255846,0.07118368,0.10529208,-0.07528924,0.15404461,0.44346645,-0.15285586,-0.20094965,0.13579774,0.10161780,0.05104637
-0.00832281,-0.00233445,-0.00356044,0.02312019,0.01112703,0.02726296,-0.16716057,1.29334373,-1.49386237,0.08963946,1.37245433,-1.59714434,-0.03626457,0.64198050,-2.71190705,0.50234653,0.64267576,-2.46449256,0.56219025,-0.01542790,0.03905753,0.14558375,0.21157101,0.15213490,-0.13279127,0.20354082,-0.19688095,-0.12755246,-0.02195483,0.18383666,-0.13056779,-0.04034714,-0.14741284,-0.14028167,-0.00120149,-0.00034966,-0.09417663,-0.41663636,-0.16401001,0.88918256,0.24913265,0.07203914,0.01279248,0.12454300,-0.25408041,0.01803129,0.03975466,0.18020650,0.01501597,-0.08864024,-0.12570077,0.00530208,-0.06035578,-0.03023243,-0.04132318,-0.05173811,-0.00210571,-0.05470419,0.01080940,-0.09805083,-0.00026036,-0.05930184,-0.03547740,0.00157356
-0.00676460,0.00466527,-0.00792275,0.00473373,-0.01788914,-0.00775466,-0.16816379,1.29478235,-1.49697559,0.08971708,1.37382600,-1.59931943,-0.04231313,0.63999202,-2.70836902,0.50212070,0.63964272,-2.46472106,0.56219025,-0.01542790,0.03905753,0.14536926,0.21133952,0.15225979,-0.13242922,0.20340232,-0.19692882,-0.12706560,-0.02196701,0.18372843,-0.13010403,-0.04001789,-0.14779707,-0.13990178,-0.00114630,-0.00029189,-0.09401374,-0.41670700,-0.16400300,0.88916799,0.24902726,0.07223826,0.01294004,0.12439696,-0.25404838,0.01830365,0.03980098,0.18015756,0.01526522,-0.08843083,-0.12609657,0.00546748,-0.03386235,0.08785343,-0.15803574,0.03127178,0.07039260,-0.09252119,-0.30093211,-0.10453963,0.18095683,0.02460766,-0.14778256,-0.00773048
0.01623717,-0.00296375,-0.00234309,-0.01537577,0.00671907,-0.07716326,-0.16612197,1.29704010,-1.49802125,0.09192878,1.37354124,-1.59766591,-0.04003770,0.64170802,-2.70994329,0.50500488,0.64213568,-2.46495318,0.56219025,-0.01542790,0.03905753,0.14552188,0.21114232,0.15270270,-0.13259238,0.20303199,-0.19645149,-0.12723134,-0.02229264,0.18394913,-0.13022369,-0.04020079,-0.14766706,-0.14010563,-0.00096121,-0.00039392,-0.09442922,-0.41666006,-0.16456173,0.88904272,0.24925272,0.07235349,0.01292950,0.12412392,-0.25370970,0.01829054,0.03994565,0.18032928,0.01529819,-0.08850800,-0.12592170,0.00541624,0.12439191,0.11311769,-0.03041982,0.11823042,-0.03170729,0.11284589,0.19626325,0.12540221,-0.13186455,0.15735982,0.17797349,-0.01348972
-0.00841688,-0.00080902,0.00602803,0.03967057,0.09845956,-0.04140874,-0.16638190,1.29362876,-1.49719715,0.09109783,1.37067575,-1.59742835,-0.03320017,0.63795879,-2.70951734,0.50320327,0.64175119,-2.46341171,0.56219025,-0.01542790,0.03905753,0.14546660,0.21169946,0.15255273,-0.13287405,0.20366345,-0.19660697,-0.12745481,-0.02211896,0.18397012,-0.13038468,-0.03987096,-0.14723279,-0.14014793,-0.00116282,-0.00033508,-0.09440149,-0.41567586,-0.16498734,0.88942741,0.24959019,0.07185861,0.01259255,0.12423691,-0.25412241,0.01801179,0.04007679,0.18031250,0.01508192,-0.08836523,-0.12548669,0.00531867,-0.01011604,-0.16406106,0.03372001,-0.04092809,-0.13829039,0.00387955,0.32948523,-0.18466257,0.02383804,-0.08902430,-0.01908016,0.07372283
0.00886974,0.00636274,-0.00349161,0.02173206,0.05494816,-0.05234627,-0.16547876,1.29473264,-1.50007443,0.09088984,1.37087650,-1.60010984,-0.03611346,0.63887162,-2.70767064,0.50340745,0.64192240,-2.46341362,0.56219025,-0.01542790,0.03905753,0.14554251,0.21173832,0.15250861,-0.13266188,0.20357968,-0.19631232,-0.12738530,-0.02231982,0.18399257,-0.13035477,-0.03988500,-0.14744063,-0.14007252,-0.00098858,-0.00028028,-0.09453176,-0.41505053,-0.16554017,0.88960286,0.24987212,0.07155913,0.01288062,0.12412877,-0.25391163,0.01815720,0.04028540,0.18040701,0.01518774,-0.08842400,-0.12551845,0.00546998,0.04238695,0.06781625,-0.14345454,-0.00726762,0.01578140,-0.12327289,-0.18121593,0.07826828,0.09384155,0.02498602,0.01339674,0.00122452
0.01227894,0.00421278,-0.00631147,0.00563956,0.00417703,0.02239269,-0.16530420,1.29654682,-1.50147212,0.09109903,1.37155128,-1.60037041,-0.04112524,0.64259070,-2.70659661,0.50498724,0.64249164,-2.46328259,0.56219025,-0.01542790,0.03905753,0.14566378,0.21152302,0.15258365,-0.13267692,0.20321094,-0.19616762,-0.12737216,-0.02251051,0.18413259,-0.13028669,-0.04005039,-0.14777533,-0.14013912,-0.00068741,-0.00027644,-0.09441446,-0.41501044,-0.16540109,0.88965989,0.24997692,0.07177322,0.01298685,0.12419942,-0.25361356,0.01829162,0.04040635,0.18061811,0.01537708,-0.08835832,-0.12579692,0.00552466,0.00698233,0.07256698,-0.05590725,0.00836778,0.02699089,-0.01042271,-0.20047097,0.14876317,0.04296112,0.06319141,0.02276945,0.00524139
0.00846147,-0.00738801,0.00503381,0.00716324,0.04831258,-0.01493953,-0.16522225,1.29547708,-1.49980919,0.09027631,1.37096181,-1.59973669,-0.03703804,0.64451407,-2.70795884,0.50441618,0.64479891,-2.46364079,0.56219025,-0.01542790,0.03905753,0.14583703,0.21161627,0.15233102,-0.13299227,0.20322847,-0.19625370,-0.12771529,-0.02263437,0.18412855,-0.13063069,-0.04015155,-0.14752696,-0.14046888,-0.00068505,-0.00040924,-0.09444418,-0.41463610,-0.16544154,0.88982374,0.24997722,0.07138641,0.01284476,0.12420460,-0.25382569,0.01812174,0.04027977,0.18052588,0.01520634,-0.08835952,-0.12566713,0.00536815,0.00491667,-0.06418418,0.09977531,-0.04936301,-0.03536796,0.03802299,0.24523203,0.11540221,-0.08173370,-0.03426361,0.13843631,-0.02149200
0.00304025,0.00320644,0.00889372,0.01036816,0.03585823,-0.01036842,-0.16604888,1.29262125,-1.49758494,0.08927240,1.37029862,-1.59990406,-0.03454461,0.64524412,-2.70832014,0.50184286,0.64492452,-2.46409512,0.56219025,-0.01542790,0.03905753,0.14600863,0.21180779,0.15205624,-0.13315504,0.20361832,-0.19660197,-0.12790582,-0.02253334,0.18391849,-0.13083540,-0.04016199,-0.14738000,-0.14063643,-0.00075005,-0.00035172,-0.09447766,-0.41425130,-0.16556462,0.88997651,0.25001158,0.07107829,0.01285359,0.12434591,-0.25424886,0.01810281,0.04026927,0.18034464,0.01517323,-0.08840574,-0.12545300,0.00537220,-0.05082696,-0.15530346,0.10851144,-0.04789397,-0.03094911,-0.01954794,0.08829764,0.01495242,-0.00124454,-0.14583348,-0.02707243,-0.02188682
-0.00543407,0.00442358,-0.00774345,-0.02064807,-0.08097763,0.09216118,-0.16711586,1.29569850,-1.49920318,0.08905137,1.37147963,-1.60019999,-0.04378980,0.64702858,-2.70681810,0.50402522,0.64318676,-2.46373668,0.56219025,-0.01542790,0.03905753,0.14581640,0.21170998,0.15205560,-0.13284580,0.20300832,-0.19667772,-0.12751679,-0.02248446,0.18404705,-0.13044348,-0.04030694,-0.14796392,-0.14035543,-0.00067122,-0.00028045,-0.09414508,-0.41508653,-0.16473927,0.88977573,0.24988038,0.07159389,0.01297060,0.12424194,-0.25383756,0.01829961,0.04014042,0.18058767,0.01537292,-0.08845434,-0.12602659,0.00546097,-0.05207115,0.15233801,-0.07651948,-0.00903279,0.05632066,-0.00656891,-0.44989845,0.09050702,0.06897068,0.10893845,-0.08081960,0.01707458
0.00523590,-0.01197262,-0.00030867,-0.02995880,-0.06119740,0.07408551,-0.16763569,1.29618754,-1.49700410,0.08924666,1.37121189,-1.59699655,-0.04326433,0.64938015,-2.70956450,0.50567424,0.64515743,-2.46366668,0.56219025,-0.01542790,0.03905753,0.14588405,0.21167871,0.15206889,-0.13312595,0.20274372,-0.19684651,-0.12761158,-0.02247314,0.18421534,-0.13062469,-0.04064949,-0.14790827,-0.14053094,-0.00068301,-0.00052794,-0.09397296,-0.41580494,-0.16397960,0.88959880,0.24972070,0.07179637,0.01275810,0.12435628,-0.25394211,0.01827247,0.03988735,0.18056425,0.01525936,-0.08855576,-0.12625629,0.00535311,-0.02690810,0.00619126,0.12616396,0.00383323,-0.01422644,0.15402888,0.06217530,0.11682843,-0.14914798,0.07801651,0.10527562,0.00485230
0.01831996,-0.00087086,0.00281989,-0.01382100,0.01468398,0.03848487,-0.16821170,1.29430563,-1.49311640,0.08840714,1.37146373,-1.59558957,-0.03979124,0.65389255,-2.71293721,0.50540166,0.64797719,-2.46410112,0.56219025,-0.01542790,0.03905753,0.14618847,0.21160038,0.15171230,-0.13355034,0.20272961,-0.19723077,-0.12802932,-0.02250507,0.18421538,-0.13106684,-0.04115731,-0.14770001,-0.14096104,-0.00055611,-0.00063192,-0.09398359,-0.41577308,-0.16356442,0.88968900,0.24956599,0.07168874,0.01263813,0.12465147,-0.25425040,0.01815915,0.03976259,0.18052047,0.01512164,-0.08868407,-0.12610176,0.00522743,-0.02752930,-0.08128309,0.17885112,-0.04046130,0.01946640,0.06467056,0.13132680,0.24872873,-0.15124225,-0.02397609,0.13599442,-0.02947140
-0.00476774,0.00308920,-0.00714398,-0.01447673,-0.05225597,0.10708827,-0.16976828,1.29544046,-1.49309142,0.08731018,1.37354550,-1.59776604,-0.04655054,0.65603265,-2.71171451,0.50447447,0.64564650,-2.46469898,0.56219025,-0.01542790,0.03905753,0.14611258,0.21141130,0.15143454,-0.13322240,0.20232248,-0.19755591,-0.12784389,-0.02236254,0.18402400,-0.13079942,-0.04131227,-0.14813780,-0.14080690,-0.00044021,-0.00059813,-0.09363066,-0.41622518,-0.16269294,0.88967461,0.24927363,0.07199771,0.01289018,0.12475623,-0.25415004,0.01826869,0.03960562,0.18040256,0.01531316,-0.08862161,-0.12659636,0.00530568,-0.08890575,0.07409620,-0.02184391,-0.05893707,0.11551380,-0.13897990,-0.39796108,0.06017303,0.08969593,-0.04255843,-0.16304540,-0.02377796
-0.01558497,-0.00138862,-0.00451205,-0.01561838,-0.04220875,0.06306233,-0.17012002,1.29577422,-1.49327970,0.08709328,1.37398767,-1.59838009,-0.04817706,0.65599906,-2.71127272,0.50435162,0.64487046,-2.46474767,0.56219025,-0.01542790,0.03905753,0.14581475,0.21149302,0.15138241,-0.13294655,0.20233356,-0.19762194,-0.12761009,-0.02221405,0.18398633,-0.13072108,-0.04120503,-0.14824213,-0.14076072,-0.00055219,-0.00058174,-0.09339125,-0.41674052,-0.16202016,0.88958129,0.24911620,0.07229917,0.01286820,0.12499966,-0.25401819,0.01820465,0.03935933,0.18039203,0.01509367,-0.08848446,-0.12684140,0.00505403,0.00000000,0.00000000,0.00000000,0.00000000,0.00000000,0.00000000,0.00000000,0.00000000,0.00000000,0.00000000,0.00000000,0.00000000
-0.00433713,-0.00420023,0.00318223,-0.00195569,0.05227905,-0.04229484,-0.17032672,1.29390597,-1.49257290,0.08712576,1.37305582,-1.59794748,-0.04004575,0.64855742,-2.71315837,0.50568372,0.64414173,-2.46360779,0.56219025,-0.01542790,0.03905753,0.14578505,0.21165547,0.15123995,-0.13321285,0.20256190,-0.19789448,-0.12764712,-0.02217850,0.18410785,-0.13064608,-0.04117957,-0.14771711,-0.14043273,-0.00069158,-0.00062740,-0.09369124,-0.41622867,-0.16236496,0.88972651,0.24911375,0.07195947,0.01257220,0.12487802,-0.25444982,0.01813792,0.03937042,0.18043231,0.01513897,-0.08847941,-0.12636284,0.00535232,-0.00992203,-0.08967590,0.03392601,0.00155890,-0.04472923,0.02076530,0.39030252,-0.35719869,-0.09051132,0.06394100,-0.03497886,0.05471420
0.00777357,0.01150725,-0.00387041,0.02056201,0.01796024,0.04588061,-0.17110026,1.29488354,-1.49349349,0.08640447,1.37396090,-1.59942997,-0.04407805,0.65089014,-2.71208930,0.50424708,0.64412318,-2.46488132,0.56219025,-0.01542790,0.03905753,0.14585765,0.21148845,0.15114729,-0.13313076,0.20227134,-0.19794796,-0.12765164,-0.02236961,0.18392488,-0.13061579,-0.04129883,-0.14796906,-0.14044248,-0.00047401,-0.00048223,-0.09336440,-0.41606121,-0.16203237,0.88989981,0.24909938,0.07222259,0.01272689,0.12495627,-0.25418351,0.01820601,0.03923828,0.18049207,0.01524186,-0.08838210,-0.12646875,0.00541517,-0.04641223,0.05865383,-0.05523491,-0.04327708,0.05430508,-0.08894920,-0.24193757,0.13996266,0.06414413,-0.08619832,-0.00111294,-0.07641219
0.00264172,0.00977371,-0.00520665,0.01489155,0.02011487,-0.00149665,-0.17226057,1.29634988,-1.49487436,0.08532254,1.37531853,-1.60165370,-0.05012649,0.65438920,-2.71048570,0.50209212,0.64409536,-2.46679163,0.56219025,-0.01542790,0.03905753,0.14582795,0.21130712,0.15095344,-0.13295984,0.20184339,-0.19808061,-0.12756419,-0.02258238,0.18363593,-0.13060338,-0.04145735,-0.14835973,-0.14044961,-0.00026481,-0.00032052,-0.09320189,-0.41589136,-0.16201235,0.88999988,0.24907980,0.07223913,0.01286810,0.12469515,-0.25401658,0.01826375,0.03916720,0.18044793,0.01522457,-0.08846294,-0.12661546,0.00537834,-0.04641223,0.05865383,-0.05523491,-0.04327708,0.05430508,-0.08894920,-0.24193757,0.13996266,0.06414413,-0.08619832,-0.00111294,-0.07641219
-0.00598163,-0.00753527,0.00902397,0.01019187,0.06459353,-0.06241827,-0.17136709,1.29380329,-1.49456031,0.08505924,1.37403831,-1.60265715,-0.04476226,0.65134355,-2.71017690,0.50273676,0.64352554,-2.46495295,0.56219025,-0.01542790,0.03905753,0.14584445,0.21166802,0.15081040,-0.13295487,0.20245790,-0.19804089,-0.12764027,-0.02242051,0.18380116,-0.13062556,-0.04118012,-0.14804538,-0.14045294,-0.00046932,-0.00036252,-0.09345991,-0.41529258,-0.16252083,0.89015970,0.24923485,0.07171351,0.01288958,0.12485054,-0.25433953,0.01820418,0.03933617,0.18047185,0.01521889,-0.08841759,-0.12637180,0.00539151,0.05360842,-0.15279578,0.01884270,-0.01579821,-0.07681274,-0.06020736,0.32185361,-0.18273925,0.01852798,0.03867817,-0.03418922,0.11032104
0.00648816,0.00644105,0.00219303,0.02412134,0.04874046,-0.00649549,-0.17114373,1.29316664,-1.49448180,0.08499341,1.37371826,-1.60290802,-0.04342120,0.65058213,-2.71009970,0.50289792,0.64338309,-2.46449327,0.56219025,-0.01542790,0.03905753,0.14595500,0.21162425,0.15082113,-0.13311432,0.20253218,-0.19798635,-0.12785407,-0.02251687,0.18385491,-0.13059017,-0.04120818,-0.14795585,-0.14043675,-0.00044583,-0.00028933,-0.09341892,-0.41477216,-0.16271134,0.89037182,0.24925031,0.07170841,0.01284067,0.12485750,-0.25429121,0.01810092,0.03936116,0.18061131,0.01536483,-0.08844277,-0.12616858,0.00551824,0.00000000,0.00000000,0.00000000,0.00000000,0.00000000,0.00000000,0.00000000,0.00000000,0.00000000,0.00000000,0.00000000,0.00000000
0.00451451,0.01479909,-0.00696319,-0.00645485,-0.01678036,-0.02030912,-0.17114373,1.29316664,-1.49448180,0.08499341,1.37371826,-1.60290802,-0.04342120,0.65058213,-2.71009970,0.50289792,0.64338309,-2.46449327,0.56219025,-0.01542790,0.03905753,0.14593025,0.21166927,0.15082168,-0.13304204,0.20257607,-0.19798581,-0.12778537,-0.02247270,0.18385506,-0.13059756,-0.04116006,-0.14795571,-0.14045099,-0.00016307,-0.00006828,-0.09352610,-0.41490568,-0.16288262,0.89026704,0.24960484,0.07181393,0.01288821,0.12507899,-0.25413495,0.01814487,0.03975885,0.18080168,0.01533268,-0.08816553,-0.12592776,0.00547925,0.00000000,0.00000000,0.00000000,0.00000000,0.00000000,0.00000000,0.00000000,0.00000000,0.00000000,0.00000000,0.00000000,0.00000000
-0.01464915,-0.00658869,0.00718948,-0.02079204,-0.03553132,-0.00949336,-0.17114373,1.29316664,-1.49448180,0.08499341,1.37371826,-1.60290802,-0.04342120,0.65058213,-2.71009970,0.50289792,0.64338309,-2.46449327,0.56219025,-0.01542790,0.03905753,0.14580155,0.21180924,0.15075244,-0.13289764,0.20263678,-0.19805215,-0.12758614,-0.02232752,0.18383657,-0.13064849,-0.04107824,-0.14797195,-0.14045785,-0.00047531,-0.00007523,-0.09371280,-0.41524332,-0.16293083,0.89008115,0.24940325,0.07168935,0.01290391,0.12479607,-0.25422755,0.01821541,0.03958159,0.18072812,0.01515306,-0.08840893,-0.12597518,0.00534370,0.00000000,0.00000000,0.00000000,0.00000000,0.00000000,0.00000000,0.00000000,0.00000000,0.00000000,0.00000000,0.00000000,0.00000000
0.00761916,-0.00135476,0.00105801,0.00102563,-0.01806695,0.05385373,-0.17111312,1.29390757,-1.49391518,0.08430648,1.37397754,-1.60232465,-0.04428882,0.65254848,-2.71010213,0.50129374,0.64412295,-2.46589675,0.56219025,-0.01542790,0.03905753,0.14588818,0.21176776,0.15063141,-0.13297171,0.20244835,-0.19797767,-0.12771361,-0.02239479,0.18364565,-0.13076648,-0.04106500,-0.14802380,-0.14061580,-0.00049592,-0.00013543,-0.09349179,-0.41548005,-0.16252940,0.89006731,0.24924672,0.07172568,0.01291647,0.12482270,-0.25405616,0.01817457,0.03929166,0.18054163,0.01512170,-0.08833497,-0.12615797,0.00527238,0.00183624,0.04445600,0.03399753,-0.04121590,0.01555681,0.03500175,-0.05205698,0.11798071,-0.00014591,-0.09625053,0.04439163,-0.08420849
0.00601947,0.01214989,-0.00085060,-0.00937147,-0.01277449,0.01352510,-0.17109272,1.29440153,-1.49353743,0.08384853,1.37415040,-1.60193574,-0.04486723,0.65385938,-2.71010375,0.50022429,0.64461619,-2.46683240,0.56219025,-0.01542790,0.03905753,0.14600202,0.21176049,0.15050176,-0.13304403,0.20229035,-0.19797482,-0.12777744,-0.02241417,0.18350541,-0.13086797,-0.04108131,-0.14806987,-0.14070165,-0.00028187,0.00002499,-0.09342599,-0.41561462,-0.16229244,0.89005463,0.24937141,0.07190353,0.01295799,0.12502826,-0.25377176,0.01822458,0.03934158,0.18059799,0.01513405,-0.08808224,-0.12608392,0.00530038,0.00061208,0.01481867,0.01133251,-0.01373863,0.00518560,0.01166725,-0.01735233,0.03932690,-0.00004864,-0.03208351,0.01479721,-0.02806950
-0.00824726,0.00245184,0.00039056,-0.05187789,-0.04952054,-0.06199225,-0.17264053,1.29203761,-1.49005556,0.08399338,1.37582767,-1.60258245,-0.04924190,0.65407544,-2.70803165,0.50007921,0.64225137,-2.46791744,0.56219025,-0.01542790,0.03905753,0.14590138,0.21159009,0.15030543,-0.13290808,0.20245504,-0.19867471,-0.12769029,-0.02226942,0.18325887,-0.13060683,-0.04093738,-0.14842459,-0.14048870,-0.00033525,0.00013528,-0.09397762,-0.41602904,-0.16260886,0.88974513,0.24911775,0.07179620,0.01299331,0.12480788,-0.25442097,0.01821110,0.03940731,0.18041359,0.01529455,-0.08816231,-0.12632474,0.00541268,-0.09286880,-0.14183521,0.20891188,0.00869125,0.10063647,-0.03880262,-0.26248053,0.01296401,0.12432574,-0.00870466,-0.14188886,-0.06510258
-0.01962901,-0.01085768,0.00061297,-0.01469326,-0.03302970,0.03421737,-0.17217083,1.29172456,-1.49019861,0.08458102,1.37472367,-1.60215533,-0.04397728,0.64838356,-2.70992732,0.50244099,0.63999844,-2.46476912,0.56219025,-0.01542790,0.03905753,0.14559531,0.21192878,0.15042924,-0.13270003,0.20269725,-0.19859810,-0.12750698,-0.02180072,0.18360774,-0.13036716,-0.04082894,-0.14804713,-0.14025112,-0.00068128,0.00001634,-0.09392265,-0.41639793,-0.16227518,0.88963929,0.24907782,0.07187143,0.01289528,0.12490899,-0.25445265,0.01808833,0.03948213,0.18049895,0.01522815,-0.08818511,-0.12618998,0.00534418,0.02254557,-0.01502609,-0.00686646,0.02820683,-0.05299187,0.02050209,0.25270216,-0.27321050,-0.09099197,0.11336517,-0.10814095,0.15111922
0.00421628,0.01120925,-0.00198277,0.00602792,0.00914658,-0.00756921,-0.17232785,1.29213002,-1.49075918,0.08469465,1.37499533,-1.60213983,-0.04410090,0.64743165,-2.70911880,0.50165282,0.64024663,-2.46597886,0.56219025,-0.01542790,0.03905753,0.14564645,0.21179495,0.15048712,-0.13275832,0.20260584,-0.19858576,-0.12749402,-0.02198606,0.18346583,-0.13035681,-0.04069071,-0.14805632,-0.14019203,-0.00051361,0.00015959,-0.09386417,-0.41629806,-0.16228628,0.88969017,0.24914347,0.07209583,0.01288814,0.12497639,-0.25427643,0.01815243,0.03944078,0.18056676,0.01528964,-0.08789901,-0.12609491,0.00545442,-0.00942099,0.02432728,-0.03363418,0.00681764,0.01629925,0.00092983,-0.00741738,-0.05711460,0.04851150,-0.04728985,0.01489162,-0.07258415
-0.00862215,0.01514768,-0.00115687,-0.00657159,0.00010964,-0.06286321,-0.17376603,1.29151132,-1.49145162,0.08475007,1.37591822,-1.60367928,-0.04634186,0.64611164,-2.70670438,0.50047662,0.63914803,-2.46782508,0.56219025,-0.01542790,0.03905753,0.14549299,0.21170607,0.15043994,-0.13255635,0.20265970,-0.19899733,-0.12712472,-0.02213240,0.18317309,-0.13019541,-0.04038508,-0.14823959,-0.14000843,-0.00047631,0.00050163,-0.09420672,-0.41624243,-0.16285256,0.88957652,0.24916560,0.07212949,0.01293664,0.12462884,-0.25448777,0.01836827,0.03945479,0.18063417,0.01529759,-0.08778252,-0.12592446,0.00548456,-0.08158045,-0.04928541,-0.02472925,-0.00008395,0.04722404,-0.09283160,-0.13074869,-0.05064297,0.12060928,-0.04692721,-0.07336163,-0.07448100
-0.01360300,-0.01452334,0.00089584,0.00435642,0.01095074,0.00012944,-0.17219895,1.29214804,-1.49326489,0.08517301,1.37503483,-1.60445242,-0.04369935,0.64292432,-2.70690389,0.50243659,0.63775164,-2.46532521,0.56219025,-0.01542790,0.03905753,0.14530655,0.21197103,0.15054537,-0.13234214,0.20281591,-0.19858381,-0.12704115,-0.02189164,0.18347363,-0.13002295,-0.04025140,-0.14805887,-0.13987072,-0.00071672,0.00036028,-0.09422741,-0.41615135,-0.16292375,0.88960390,0.24922057,0.07196316,0.01296440,0.12463589,-0.25430921,0.01826539,0.03956757,0.18069051,0.01528359,-0.08785528,-0.12592701,0.00543583,0.11807816,0.06274080,-0.11176442,0.02767691,-0.06331157,-0.01513481,0.19966090,-0.19339656,-0.03600311,0.11747717,-0.05436587,0.15062426
0.02367769,-0.00406844,-0.00046495,0.04438375,0.08377579,-0.00775197,-0.17170119,1.29155982,-1.49244297,0.08432421,1.37423468,-1.60398769,-0.04051559,0.64526719,-2.70759511,0.50112313,0.64189255,-2.46637511,0.56219025,-0.01542790,0.03905753,0.14557549,0.21196338,0.15043510,-0.13272150,0.20281518,-0.19840408,-0.12755641,-0.02228449,0.18346279,-0.13053861,-0.04032575,-0.14784508,-0.14023286,-0.00055663,0.00016035,-0.09402486,-0.41544309,-0.16305427,0.88993239,0.24936391,0.07156705,0.01285399,0.12475853,-0.25438687,0.01801908,0.03942190,0.18059568,0.01503688,-0.08774208,-0.12586755,0.00534263,-0.00566751,-0.05711317,0.07799863,-0.05842208,-0.02960443,0.02385378,0.13083257,0.18946050,-0.02646446,-0.10814666,0.25469184,-0.10080814
0.00273869,0.01683079,0.00071916,0.01096237,0.03092209,-0.06751545,-0.17159888,1.29187617,-1.49303391,0.08434205,1.37440321,-1.60433900,-0.04178393,0.64532194,-2.70680742,0.50097423,0.64129083,-2.46655531,0.56219025,-0.01542790,0.03905753,0.14562334,0.21185344,0.15043768,-0.13281921,0.20270351,-0.19836302,-0.12763291,-0.02238136,0.18341637,-0.13044056,-0.04036098,-0.14793642,-0.14016014,-0.00040554,0.00047008,-0.09425893,-0.41506087,-0.16368124,0.88997089,0.24950974,0.07157373,0.01280413,0.12446950,-0.25417247,0.01799044,0.03971314,0.18083910,0.01518279,-0.08782711,-0.12551270,0.00546320,0.00613850,0.01898146,-0.03545665,0.00107056,0.01011228,-0.02107859,-0.07610039,0.00328517,0.04726124,-0.00893426,-0.03610325,-0.01081180
-0.00405790,-0.00191975,-0.00179469,-0.00312628,-0.03495929,0.00431184,-0.17063229,1.29390869,-1.49592292,0.08491553,1.37458088,-1.60488088,-0.04553947,0.64516368,-2.70457239,0.50123861,0.63955367,-2.46661663,0.56219025,-0.01542790,0.03905753,0.14553095,0.21187065,0.15063601,-0.13252718,0.20263718,-0.19797530,-0.12729143,-0.02233105,0.18338394,-0.13016475,-0.04006780,-0.14818880,-0.14004656,-0.00042791,0.00047882,-0.09425466,-0.41537051,-0.16373053,0.88981780,0.24958835,0.07169856,0.01300377,0.12444777,-0.25380864,0.01823952,0.03977434,0.18079001,0.01536620,-0.08769026,-0.12581699,0.00548439,0.05185729,0.10296964,-0.13788413,0.03333825,0.00054789,-0.01143407,-0.14923207,-0.01278090,0.08684062,0.02479720,-0.06812667,0.00713253
0.00053496,-0.02027538,0.00480484,0.01492050,-0.01154395,0.06852991,-0.16979624,1.29505932,-1.49671078,0.08566870,1.37383616,-1.60358584,-0.04356274,0.64459777,-2.70594597,0.50252861,0.64055824,-2.46562743,0.56219025,-0.01542790,0.03905753,0.14559777,0.21186042,0.15096734,-0.13255735,0.20259186,-0.19759271,-0.12737262,-0.02236371,0.18362669,-0.13020252,-0.04010461,-0.14800785,-0.14012655,-0.00063287,0.00012529,-0.09381821,-0.41555830,-0.16317877,0.88987760,0.24941533,0.07190184,0.01304042,0.12457260,-0.25366582,0.01822515,0.03944559,0.18071492,0.01539525,-0.08774785,-0.12607171,0.00547122,0.03344178,0.04602527,-0.03151416,0.03012657,-0.02978897,0.05180168,0.07906910,-0.02263641,-0.05494308,0.05159998,0.04018306,0.03956794
0.00686919,0.00022032,0.00701375,-0.00484844,-0.01731099,-0.00174135,-0.17114684,1.29244969,-1.49307365,0.08437524,1.37330420,-1.60232356,-0.04373657,0.64717412,-2.70682659,0.50020295,0.64190946,-2.46600509,0.56219025,-0.01542790,0.03905753,0.14578422,0.21201415,0.15068530,-0.13277077,0.20288045,-0.19801356,-0.12761405,-0.02219643,0.18349903,-0.13055105,-0.04024868,-0.14801018,-0.14033632,-0.00068485,0.00008380,-0.09376398,-0.41568565,-0.16310890,0.88983664,0.24940825,0.07156460,0.01301346,0.12467429,-0.25418954,0.01817017,0.03949338,0.18050077,0.01523317,-0.08792567,-0.12607487,0.00544790,-0.08103561,-0.15657805,0.21822739,-0.07760774,-0.03191757,0.07573699,-0.01042986,0.15458106,-0.05283737,-0.13953923,0.08107280,-0.02265930
0.00278875,0.01661590,-0.00178366,-0.02581321,-0.05295941,0.00511052,-0.17148449,1.29179728,-1.49216437,0.08405187,1.37317121,-1.60200799,-0.04378003,0.64781821,-2.70704675,0.49962154,0.64224726,-2.46609950,0.56219025,-0.01542790,0.03905753,0.14582713,0.21221076,0.15055992,-0.13263359,0.20304614,-0.19817131,-0.12744390,-0.02199289,0.18345248,-0.13068609,-0.04016979,-0.14802371,-0.14040805,-0.00052723,0.00033988,-0.09388847,-0.41615238,-0.16304520,0.88961701,0.24969719,0.07168017,0.01319354,0.12497954,-0.25411573,0.01838323,0.03979631,0.18065214,0.01514104,-0.08767638,-0.12587287,0.00541908,0.00000000,0.00000000,0.00000000,0.00000000,0.00000000,0.00000000,0.00000000,0.00000000,0.00000000,0.00000000,0.00000000,0.00000000
-0.01042802,-0.01983786,0.00031293,-0.01812330,-0.04760145,0.07112056,-0.17172216,1.29281738,-1.49085243,0.08458069,1.37309444,-1.59945774,-0.04277663,0.64636093,-2.70891466,0.50113653,0.64189466,-2.46582637,0.56219025,-0.01542790,0.03905753,0.14568275,0.21209022,0.15068398,-0.13286225,0.20271262,-0.19821440,-0.12755836,-0.02195641,0.18355898,-0.13055502,-0.04034170,-0.14792527,-0.14029943,-0.00079892,0.00001668,-0.09366653,-0.41668208,-0.16235613,0.88951847,0.24924477,0.07189210,0.01282050,0.12476334,-0.25417905,0.01812439,0.03932175,0.18047808,0.01512774,-0.08788678,-0.12617778,0.00538332,-0.00947177,0.04859591,0.06306266,0.02800065,-0.00759458,0.12821244,0.05514541,-0.06878971,-0.09884262,0.07851290,-0.01483870,0.01752376
-0.02984764,-0.00815961,-0.00198282,-0.01846071,-0.05636019,-0.04175961,-0.17084099,1.29320982,-1.49259889,0.08597471,1.37204754,-1.59879646,-0.04176210,0.64241976,-2.71084137,0.50384859,0.63994023,-2.46429353,0.56219025,-0.01542790,0.03905753,0.14525705,0.21235096,0.15104273,-0.13256621,0.20302128,-0.19796440,-0.12714088,-0.02179761,0.18380425,-0.13019024,-0.04051549,-0.14780721,-0.13997358,-0.00118315,-0.00006798,-0.09387562,-0.41713823,-0.16263718,0.88923125,0.24927661,0.07188165,0.01269084,0.12457274,-0.25421951,0.01811617,0.03929690,0.18054349,0.01506681,-0.08848531,-0.12603150,0.00528347,0.04318678,0.02539015,-0.10523415,0.07055568,-0.04326582,0.01067304,0.02596056,-0.24226782,-0.06968879,0.13375639,-0.12769603,0.06990337
0.00899464,0.01901159,-0.00416999,0.01238788,0.00610243,0.01745764,-0.17159332,1.29407349,-1.49444396,0.08600674,1.37347884,-1.60059690,-0.04739695,0.64172932,-2.70761771,0.50179591,0.63721120,-2.46624460,0.56219025,-0.01542790,0.03905753,0.14515557,0.21210742,0.15110419,-0.13228768,0.20292962,-0.19803460,-0.12681112,-0.02188670,0.18342120,-0.12982355,-0.04023232,-0.14818348,-0.13971091,-0.00100010,0.00023790,-0.09383006,-0.41722485,-0.16270338,0.88918331,0.24927067,0.07225577,0.01286789,0.12457429,-0.25398485,0.01834446,0.03931958,0.18050628,0.01533203,-0.08819579,-0.12614997,0.00544466,-0.05220812,0.03635931,-0.05741787,-0.01372817,0.07818889,-0.06985759,-0.29870406,0.08840345,0.15939330,-0.14658807,-0.08424854,-0.11891555
0.01686628,-0.00126576,0.00633179,0.01406119,0.05576378,0.00678498,-0.17194664,1.29330192,-1.49271476,0.08503433,1.37395988,-1.60086851,-0.04365148,0.64359149,-2.70731063,0.50085161,0.63907311,-2.46558561,0.56219025,-0.01542790,0.03905753,0.14556972,0.21191903,0.15084732,-0.13261234,0.20277308,-0.19817699,-0.12726339,-0.02185807,0.18348114,-0.13018874,-0.04004963,-0.14797642,-0.14007915,-0.00078054,0.00022875,-0.09366425,-0.41669115,-0.16252348,0.88948390,0.24919105,0.07219257,0.01295738,0.12472664,-0.25401323,0.01830633,0.03949546,0.18056441,0.01538098,-0.08767166,-0.12606823,0.00549058,0.00091571,-0.04810667,0.08736705,-0.04333547,0.00792503,-0.01845646,0.29803842,-0.00429082,-0.01202202,0.00782275,0.08680200,0.08041190
-0.01237512,-0.01760122,-0.00258943,0.02645418,0.04157504,-0.02679165,-0.17190076,1.29191375,-1.49245846,0.08451500,1.37227607,-1.60122263,-0.03930076,0.64204431,-2.70895791,0.50134265,0.64101857,-2.46466970,0.56219025,-0.01542790,0.03905753,0.14543113,0.21231417,0.15078789,-0.13261004,0.20307160,-0.19816116,-0.12739623,-0.02194607,0.18367766,-0.13043076,-0.04016352,-0.14766323,-0.14013477,-0.00099353,-0.00003453,-0.09363272,-0.41624607,-0.16280404,0.88964429,0.24938039,0.07156987,0.01282109,0.12462552,-0.25444713,0.01803490,0.03938887,0.18048798,0.01500037,-0.08797478,-0.12593846,0.00529636,-0.00300497,-0.07081032,-0.00236750,-0.02407819,-0.09777545,-0.01609325,0.16820578,-0.06275296,-0.08821964,0.01138687,0.10125517,0.02463341
-0.00214735,0.00919107,-0.00356081,0.00593852,0.02715379,-0.06554081,-0.17153802,1.29283118,-1.49343598,0.08480122,1.37256417,-1.60149851,-0.04101245,0.64291604,-2.70819273,0.50151564,0.64100500,-2.46503048,0.56219025,-0.01542790,0.03905753,0.14532635,0.21217625,0.15082632,-0.13269357,0.20285564,-0.19806113,-0.12744170,-0.02208332,0.18364774,-0.13038784,-0.04022830,-0.14779196,-0.14010214,-0.00092829,0.00012090,-0.09390795,-0.41592954,-0.16340194,0.88965371,0.24941824,0.07149283,0.01263278,0.12420074,-0.25428301,0.01788465,0.03954158,0.18061011,0.01493851,-0.08817172,-0.12577336,0.00522421,0.02176487,0.05504608,-0.05865096,0.01717347,0.01728630,-0.01655245,-0.10270128,0.05230379,0.04591083,0.01037908,-0.00081396,-0.02164650
0.02133400,0.01620546,-0.00146592,0.00499014,0.02070498,-0.04131446,-0.16982028,1.29580469,-1.49678986,0.08625764,1.37316642,-1.60182834,-0.04518033,0.64515159,-2.70508327,0.50207742,0.64095339,-2.46627569,0.56219025,-0.01542790,0.03905753,0.14564480,0.21186625,0.15117273,-0.13268218,0.20246638,-0.19752010,-0.12737455,-0.02241409,0.18356738,-0.13022979,-0.03996708,-0.14811161,-0.14014628,-0.00047297,0.00032646,-0.09404215,-0.41570004,-0.16374399,0.88968391,0.24974934,0.07194558,0.01296262,0.12428420,-0.25352876,0.01827025,0.03979018,0.18082093,0.01541501,-0.08766908,-0.12589261,0.00549852,0.08129918,0.12336445,-0.14258192,0.07021182,0.01884842,-0.00323725,-0.14737177,0.08182955,0.14065646,0.02332806,-0.00228310,-0.05306625
-0.00665673,-0.01129989,0.00632618,0.02631519,0.03804034,0.02208630,-0.17021392,1.29321461,-1.49549904,0.08454742,1.37166767,-1.60184693,-0.04083774,0.64326046,-2.70540571,0.50058819,0.64074850,-2.46527534,0.56219025,-0.01542790,0.03905753,0.14565471,0.21229399,0.15082130,-0.13280508,0.20298131,-0.19765996,-0.12750130,-0.02221469,0.18357170,-0.13036308,-0.03978203,-0.14781684,-0.14023080,-0.00070545,0.00023408,-0.09389032,-0.41535773,-0.16374302,0.88985998,0.24980711,0.07136256,0.01284963,0.12447360,-0.25393335,0.01815341,0.03975888,0.18066329,0.01529163,-0.08763684,-0.12576339,0.00542390,-0.03162074,-0.13451813,0.06076383,-0.11195897,-0.07341957,-0.02432585,0.18018976,-0.07592725,-0.02080822,-0.08544946,-0.01237249,0.05408478
-0.00588284,-0.00900319,0.00084660,0.00199347,-0.01712026,0.01171123,-0.17074309,1.29218411,-1.49519467,0.08309575,1.37121868,-1.60263300,-0.04062154,0.64325106,-2.70566940,0.49972552,0.64060926,-2.46480632,0.56219025,-0.01542790,0.03905753,0.14557385,0.21257788,0.15055245,-0.13266724,0.20324965,-0.19774280,-0.12743354,-0.02208092,0.18357726,-0.13041586,-0.03977324,-0.14777850,-0.14026790,-0.00088577,0.00006219,-0.09369365,-0.41541831,-0.16357431,0.88988346,0.24978934,0.07089567,0.01290661,0.12457255,-0.25424638,0.01814031,0.03966810,0.18046052,0.01515799,-0.08776927,-0.12592057,0.00530595,-0.01587510,-0.03091478,0.00913095,-0.04355013,-0.01346970,-0.02358198,0.00648589,-0.00028181,-0.00791073,-0.02588010,-0.00417709,0.01407051
0.01480134,0.01680348,-0.00505480,-0.04605601,-0.07032264,-0.04975032,-0.16931818,1.29551601,-1.49523592,0.08617971,1.37287486,-1.60093379,-0.04570917,0.64643651,-2.70589304,0.50225562,0.64202362,-2.46622610,0.56219025,-0.01542790,0.03905753,0.14569101,0.21195598,0.15117800,-0.13267034,0.20255715,-0.19740412,-0.12754799,-0.02236345,0.18362575,-0.13036914,-0.04006404,-0.14813184,-0.14023314,-0.00059149,0.00022994,-0.09412138,-0.41601516,-0.16384750,0.88950916,0.24973957,0.07174558,0.01302067,0.12421048,-0.25358546,0.01814301,0.03979547,0.18074983,0.01532187,-0.08792529,-0.12594841,0.00545786,0.08549451,0.19991396,-0.00247478,0.18503754,0.09937047,0.10195255,-0.30525771,0.19112705,-0.01341820,0.15180586,0.08486151,-0.08518695
-0.01063968,-0.00430162,0.00693223,-0.00317701,-0.01518311,0.02391794,-0.17011196,1.29280941,-1.49374394,0.08522556,1.37181144,-1.60068488,-0.03953430,0.64116122,-2.70648179,0.50081695,0.64062029,-2.46528530,0.56219025,-0.01542790,0.03905753,0.14560767,0.21234665,0.15096463,-0.13261008,0.20315587,-0.19768973,-0.12740797,-0.02198204,0.18357446,-0.13037755,-0.03965898,-0.14771410,-0.14014169,-0.00084887,0.00025095,-0.09403475,-0.41618590,-0.16364686,0.88947539,0.24975004,0.07153632,0.01299759,0.12452472,-0.25398319,0.01819970,0.03980725,0.18061135,0.01523013,-0.08761013,-0.12570450,0.00546598,-0.04021346,-0.13464546,0.07804870,-0.04837623,-0.05337810,0.01502752,0.30057238,-0.24574111,-0.03442955,-0.07068443,-0.06510615,0.04710674
0.00439539,-0.01360792,0.00054709,0.00331825,-0.02221112,0.07575539,-0.17098475,1.29252594,-1.49229398,0.08452926,1.37165389,-1.59957995,-0.04078944,0.64455312,-2.70839229,0.50063699,0.64172119,-2.46505156,0.56219025,-0.01542790,0.03905753,0.14570502,0.21234466,0.15087432,-0.13275998,0.20307612,-0.19784777,-0.12754554,-0.02194988,0.18364260,-0.13053016,-0.04007202,-0.14775794,-0.14033448,-0.00093965,-0.00002553,-0.09366311,-0.41640012,-0.16303454,0.88952679,0.24954069,0.07147911,0.01294504,0.12461423,-0.25422993,0.01815948,0.03955081,0.18043755,0.01517486,-0.08795218,-0.12598979,0.00537054,-0.04180634,0.00663471,0.05482864,-0.02889356,0.00221729,0.05089616,-0.09620176,0.16614889,-0.08378219,-0.00265503,0.05478501,0.00428295
-0.00280744,0.00774698,-0.00486703,-0.02680268,-0.07600664,0.04042867,-0.17116831,1.29518361,-1.49357536,0.08538256,1.37326050,-1.59919944,-0.04773770,0.64649605,-2.70766702,0.50131474,0.64144592,-2.46650238,0.56219025,-0.01542790,0.03905753,0.14560602,0.21198385,0.15109442,-0.13258231,0.20261767,-0.19776760,-0.12726011,-0.02208029,0.18355072,-0.13034810,-0.04023474,-0.14819682,-0.14016340,-0.00081838,0.00004753,-0.09354086,-0.41714840,-0.16255330,0.88927709,0.24932617,0.07211959,0.01302372,0.12457321,-0.25380852,0.01834591,0.03934564,0.18050599,0.01525793,-0.08800950,-0.12635991,0.00544262,-0.00595218,0.12067794,-0.05604314,0.04631853,0.07778263,0.02048206,-0.33745450,0.08954930,0.03913593,0.02977824,-0.02700519,-0.07457828
-0.01533242,0.00425857,-0.00133010,-0.01485660,0.00437012,-0.06168027,-0.17142880,1.29396510,-1.49314587,0.08523109,1.37359724,-1.60071349,-0.04480256,0.64242426,-2.70768180,0.50140955,0.63965039,-2.46660967,0.56219025,-0.01542790,0.03905753,0.14536677,0.21213981,0.15093888,-0.13231105,0.20287002,-0.19798618,-0.12706559,-0.02196794,0.18345500,-0.13014877,-0.04002274,-0.14802352,-0.13994929,-0.00093324,0.00021749,-0.09390839,-0.41722021,-0.16294204,0.88913351,0.24935534,0.07192157,0.01305572,0.12445160,-0.25401353,0.01830118,0.03942704,0.18052106,0.01521800,-0.08795234,-0.12603804,0.00541748,-0.01701969,-0.08748150,0.03055715,-0.02127492,0.00668621,-0.09610462,0.23563277,-0.25613949,-0.01101208,0.00302052,-0.09173726,0.01010800
-0.00213451,-0.00500379,0.00740799,0.02019818,0.09162384,-0.08113622,-0.17079267,1.29033947,-1.49126494,0.08522580,1.37127113,-1.59962332,-0.03388675,0.63716221,-2.70889926,0.50067449,0.63910240,-2.46495080,0.56219025,-0.01542790,0.03905753,0.14537337,0.21252465,0.15085604,-0.13269119,0.20354840,-0.19807236,-0.12737736,-0.02174137,0.18351292,-0.13027512,-0.03970648,-0.14733796,-0.14002064,-0.00109988,0.00019927,-0.09423863,-0.41640188,-0.16364526,0.88935301,0.24961720,0.07136961,0.01268218,0.12456331,-0.25450325,0.01799601,0.03972884,0.18042883,0.01509826,-0.08775669,-0.12540199,0.00535274,0.04277050,-0.19207476,0.10401963,0.00804797,-0.13785839,0.09075164,0.58115888,-0.24873017,-0.06776333,-0.04419207,-0.01394391,0.09286880
-0.00060476,0.00452588,-0.00901769,0.01678814,-0.01587529,0.09093330,-0.17196169,1.29374828,-1.49457011,0.08506428,1.37336268,-1.60203404,-0.04238083,0.63816371,-2.70597410,0.50091945,0.63827988,-2.46554127,0.56219025,-0.01542790,0.03905753,0.14524633,0.21211607,0.15096807,-0.13233449,0.20287097,-0.19804038,-0.12705982,-0.02193243,0.18349163,-0.13002129,-0.03965940,-0.14786638,-0.13975191,-0.00094159,0.00022574,-0.09365896,-0.41658879,-0.16288329,0.88946659,0.24932849,0.07198558,0.01291184,0.12444679,-0.25404651,0.01818651,0.03944971,0.18055530,0.01522503,-0.08755549,-0.12600962,0.00549442,-0.05246990,0.17050408,-0.16661452,-0.00404567,0.10034180,-0.11451815,-0.42586717,0.05554390,0.14315699,0.01462269,-0.04061651,-0.03024101
0.00003379,0.00622126,0.00010577,-0.00273594,-0.00004901,-0.05752552,-0.17059120,1.29519339,-1.49682269,0.08605917,1.37333255,-1.60214520,-0.04549453,0.63952518,-2.70513439,0.50194834,0.63813809,-2.46594954,0.56219025,-0.01542790,0.03905753,0.14522488,0.21208296,0.15120863,-0.13220304,0.20285924,-0.19764344,-0.12687875,-0.02208258,0.18351418,-0.12988750,-0.03969885,-0.14807764,-0.13971654,-0.00089498,0.00035061,-0.09389025,-0.41663029,-0.16333047,0.88934076,0.24949655,0.07209541,0.01302184,0.12435791,-0.25367010,0.01834612,0.03954446,0.18071066,0.01533738,-0.08774407,-0.12598317,0.00550833,0.06401485,0.05230092,-0.09532356,0.04115778,-0.00154495,-0.01265144,-0.09606393,0.04432869,0.03663540,0.04741144,-0.00282955,-0.01500320
0.00327736,0.00370995,0.00492247,0.03188263,0.10220974,-0.07542067,-0.17079772,1.29177504,-1.49526551,0.08469800,1.37233419,-1.60362620,-0.03789784,0.63678446,-2.70471010,0.49976703,0.63833017,-2.46553254,0.56219025,-0.01542790,0.03905753,0.14534615,0.21236884,0.15082174,-0.13237878,0.20338115,-0.19788142,-0.12718043,-0.02201755,0.18340482,-0.13011661,-0.03933478,-0.14762085,-0.13986971,-0.00089268,0.00042746,-0.09414805,-0.41562551,-0.16408136,0.88964537,0.24974345,0.07134466,0.01296737,0.12439950,-0.25417580,0.01816572,0.03983582,0.18060317,0.01522954,-0.08743083,-0.12547048,0.00547644,-0.01707691,-0.17964362,0.08134603,-0.07444596,-0.05952358,-0.07356118,0.36769575,-0.13056849,0.02776050,-0.13310122,0.00442314,0.01828194
0.00566376,0.00559616,0.00011105,-0.00354736,0.01497482,-0.04183383,-0.16998233,1.29204235,-1.49529445,0.08556432,1.37182121,-1.60251083,-0.03657801,0.63675408,-2.70436954,0.50026206,0.63960218,-2.46545854,0.56219025,-0.01542790,0.03905753,0.14542865,0.21227605,0.15099547,-0.13263813,0.20329392,-0.19771837,-0.12738701,-0.02213831,0.18347533,-0.13025840,-0.03926910,-0.14755626,-0.13992435,-0.00080663,0.00051379,-0.09433270,-0.41529611,-0.16445609,0.88971045,0.24985167,0.07144454,0.01279052,0.12427402,-0.25399712,0.01804164,0.03996209,0.18076699,0.01517025,-0.08735223,-0.12528276,0.00550430,0.05773919,0.05894852,-0.02079534,0.07197868,-0.01118946,0.08124303,0.01536186,0.01911735,0.00964451,0.07555031,0.07958078,0.00283813
0.00284496,0.00214248,-0.01734256,0.00138929,-0.07076139,0.07554311,-0.16954145,1.29697013,-1.49914670,0.08674008,1.37305105,-1.60178506,-0.04818206,0.64262521,-2.70274353,0.50161636,0.63912141,-2.46641541,0.56219025,-0.01542790,0.03905753,0.14529499,0.21184910,0.15142464,-0.13250719,0.20253135,-0.19726355,-0.12706360,-0.02237470,0.18349754,-0.12995820,-0.03959894,-0.14829046,-0.13988452,-0.00053650,0.00046091,-0.09401350,-0.41589102,-0.16400588,0.88954943,0.24981581,0.07210716,0.01278780,0.12414877,-0.25328195,0.01823139,0.03989609,0.18084157,0.01533680,-0.08755462,-0.12597477,0.00541048,0.00981420,0.27020216,-0.22117136,0.04755109,0.07169008,0.01965523,-0.68412644,0.34225342,0.09784698,0.05090832,-0.04955649,-0.05772113
-0.01589251,-0.00796549,0.01606837,-0.02418467,-0.00639256,-0.07409308,-0.16945367,1.29246545,-1.49566877,0.08569675,1.37214825,-1.60301428,-0.03789745,0.63495414,-2.70422158,0.50127229,0.63767138,-2.46535687,0.56219025,-0.01542790,0.03905753,0.14524302,0.21242814,0.15100114,-0.13225768,0.20344328,-0.19759611,-0.12709904,-0.02198240,0.18347567,-0.12996026,-0.03914907,-0.14763571,-0.13972806,-0.00103199,0.00048786,-0.09456265,-0.41593102,-0.16461060,0.88936081,0.24979884,0.07127593,0.01298534,0.12413204,-0.25400645,0.01814398,0.03995334,0.18067318,0.01528276,-0.08753988,-0.12539041,0.00551496,0.00305468,-0.22171210,0.17347668,-0.05299955,-0.04589367,-0.05658960,0.50025262,-0.36149094,-0.07472133,-0.02172411,-0.06584215,0.05215072
0.01529811,-0.00230500,0.00376040,0.01371444,0.00400691,0.06616744,-0.17010478,1.29139910,-1.49349473,0.08455845,1.37155559,-1.60155344,-0.03778399,0.63907571,-2.70535798,0.49913396,0.63963237,-2.46572251,0.56219025,-0.01542790,0.03905753,0.14554002,0.21247187,0.15081403,-0.13258310,0.20347846,-0.19772701,-0.12743127,-0.02194502,0.18339730,-0.13033776,-0.03936703,-0.14761149,-0.14009131,-0.00094557,0.00038522,-0.09417795,-0.41588516,-0.16409691,0.88951799,0.24979232,0.07123491,0.01295692,0.12446395,-0.25411803,0.01810875,0.03986723,0.18052536,0.01520226,-0.08752387,-0.12548421,0.00544871,-0.03327280,-0.03654385,0.09776258,-0.05369997,-0.02276230,0.07558679,-0.02614868,0.21369194,-0.04930973,-0.10225546,0.09886121,-0.02864456
0.00135918,0.00710307,-0.01042370,-0.01323704,-0.07548509,0.08330705,-0.17095001,1.29473519,-1.49476244,0.08508427,1.37328887,-1.60047255,-0.04658457,0.64302285,-2.70413847,0.49888350,0.63937212,-2.46778889,0.56219025,-0.01542790,0.03905753,0.14547320,0.21197333,0.15103735,-0.13257600,0.20277288,-0.19770221,-0.12723280,-0.02215785,0.18321422,-0.13014923,-0.03955303,-0.14816603,-0.14003059,-0.00070579,0.00044957,-0.09381041,-0.41660361,-0.16337014,0.88935439,0.24954007,0.07201759,0.01289720,0.12439335,-0.25362366,0.01824040,0.03959993,0.18054362,0.01532396,-0.08747316,-0.12599820,0.00544261,-0.04276836,0.17728184,-0.07592440,0.03650191,0.09618187,0.04515552,-0.46552628,0.18038535,0.06951427,-0.00296652,-0.03684783,-0.09960078
-0.01092914,-0.01408941,0.00270020,-0.03371226,-0.01420621,-0.05483570,-0.17072801,1.29373140,-1.49425447,0.08574584,1.37344756,-1.60096540,-0.04325953,0.63976831,-2.70590096,0.50205574,0.63842033,-2.46554899,0.56219025,-0.01542790,0.03905753,0.14531645,0.21209639,0.15103687,-0.13235729,0.20303589,-0.19784388,-0.12701102,-0.02188815,0.18354163,-0.13000657,-0.03963576,-0.14795377,-0.13984219,-0.00091281,0.00029346,-0.09418270,-0.41687533,-0.16355012,0.88915462,0.24945903,0.07178442,0.01295916,0.12435086,-0.25401893,0.01830543,0.03978205,0.18060028,0.01530988,-0.08770516,-0.12591430,0.00547426,0.02227914,-0.10406541,0.05569410,0.02422490,-0.01732921,-0.03149128,0.31300524,-0.21777175,-0.12648295,0.18328248,-0.03066945,0.15133952
-0.06472443,-0.00833096,0.00865897,-0.05752188,-0.09122009,-0.19017903,-0.16770390,1.29234421,-1.49502945,0.08861775,1.37055409,-1.60002828,-0.03253683,0.62608874,-2.70898342,0.50578511,0.63517827,-2.46332932,0.56219025,-0.01542790,0.03905753,0.14456488,0.21292132,0.15156078,-0.13178291,0.20397268,-0.19735241,-0.12654641,-0.02148207,0.18381220,-0.12954250,-0.03932511,-0.14723089,-0.13915311,-0.00177328,0.00039551,-0.09526244,-0.41746556,-0.16493587,0.88850646,0.24975367,0.07139095,0.01278197,0.12381558,-0.25412416,0.01801847,0.03990673,0.18070409,0.01502238,-0.08838757,-0.12498935,0.00541177,0.17363726,-0.04625558,-0.06672621,0.17012580,-0.16256331,0.06458044,0.53673524,-0.76070660,-0.14814375,0.17970441,-0.19346593,0.09110927
0.04979313,0.01363608,-0.00967725,0.07422946,0.07495925,0.22344698,-0.17127797,1.29409122,-1.49432135,0.08532245,1.37286389,-1.60092270,-0.04063302,0.63711095,-2.70630693,0.49999490,0.63823599,-2.46623468,0.56219025,-0.01542790,0.03905753,0.14522488,0.21218918,0.15109589,-0.13232291,0.20294524,-0.19780959,-0.12710636,-0.02190598,0.18338484,-0.13002944,-0.03947550,-0.14773517,-0.13980293,-0.00091200,0.00037210,-0.09374013,-0.41686774,-0.16311857,0.88928421,0.24951827,0.07205822,0.01290196,0.12445078,-0.25379237,0.01811851,0.03959099,0.18056472,0.01519544,-0.08739442,-0.12574207,0.00542195,-0.17155551,0.08385658,0.03398895,-0.15817450,0.11087036,-0.04293251,-0.38861701,0.52906604,0.12847136,-0.27792976,0.14677047,-0.13945769
-0.00295742,0.00183109,-0.00037054,0.01043851,0.01007582,-0.01229444,-0.17163876,1.29377370,-1.49520025,0.08503904,1.37330425,-1.60204704,-0.04164391,0.63576508,-2.70518656,0.50015208,0.63730069,-2.46583509,0.56219025,-0.01542790,0.03905753,0.14519848,0.21213262,0.15108066,-0.13219824,0.20308801,-0.19784268,-0.12695498,-0.02190039,0.18341395,-0.12988594,-0.03933265,-0.14779417,-0.13967074,-0.00089281,0.00043493,-0.09368693,-0.41675746,-0.16322647,0.88932170,0.24950339,0.07204051,0.01300024,0.12450718,-0.25385095,0.01824349,0.03968636,0.18063935,0.01531254,-0.08730309,-0.12575318,0.00552773,-0.02164721,-0.01905155,-0.05273438,-0.01700449,0.02642155,-0.06746005,-0.06065359,-0.08075237,0.06722259,0.00943065,-0.05611753,0.02397537
-0.04198493,-0.00554096,0.00370609,-0.02890523,-0.02897442,-0.16299081,-0.17015978,1.29268801,-1.49749429,0.08665674,1.37197123,-1.60321534,-0.03806147,0.62768147,-2.70512719,0.50282848,0.63439175,-2.46417656,0.56219025,-0.01542790,0.03905753,0.14465397,0.21261829,0.15136483,-0.13167203,0.20380592,-0.19761842,-0.12637682,-0.02169255,0.18360012,-0.12945134,-0.03903996,-0.14756364,-0.13913848,-0.00144628,0.00049719,-0.09446582,-0.41685117,-0.16443390,0.88897289,0.24968281,0.07157483,0.01298194,0.12406293,-0.25413457,0.01827715,0.03984598,0.18070407,0.01520263,-0.08782167,-0.12535367,0.00551549,0.09956234,-0.05561542,-0.11127519,0.10556441,-0.09319209,-0.03636789,0.24527338,-0.44464012,-0.03004932,0.15586852,-0.14647793,0.08752441
0.00300909,0.00554235,-0.00806866,0.01125041,0.02453531,-0.03179465,-0.16790270,1.29532406,-1.50010598,0.08819925,1.37131653,-1.60312059,-0.03717830,0.62685468,-2.70555110,0.50420594,0.63494500,-2.46468983,0.56219025,-0.01542790,0.03905753,0.14446918,0.21265082,0.15172811,-0.13158056,0.20352289,-0.19698011,-0.12641349,-0.02195561,0.18365507,-0.12937288,-0.03909941,-0.14750275,-0.13908604,-0.00141434,0.00057206,-0.09474867,-0.41669170,-0.16501420,0.88891003,0.24995694,0.07166545,0.01288862,0.12372408,-0.25352065,0.01805569,0.03987497,0.18086745,0.01509630,-0.08798304,-0.12509291,0.00538314,0.09502154,0.17035102,-0.13718747,0.05169421,0.00058937,-0.00467920,-0.04898585,0.07168865,0.00698948,0.03383517,0.06331515,-0.05197906
0.00626053,0.01139359,-0.01056442,0.01703875,0.00976632,-0.00461242,-0.16767512,1.29608464,-1.50059628,0.08824441,1.37148511,-1.60318327,-0.03780731,0.62765878,-2.70538688,0.50414354,0.63533431,-2.46499467,0.56219025,-0.01542790,0.03905753,0.14445350,0.21250508,0.15183321,-0.13163342,0.20338197,-0.19680324,-0.12655735,-0.02211943,0.18366226,-0.12935407,-0.03912620,-0.14752514,-0.13914528,-0.00108437,0.00067015,-0.09461175,-0.41652097,-0.16508220,0.88899199,0.25020714,0.07183408,0.01282007,0.12390268,-0.25324711,0.01789615,0.04010881,0.18101487,0.01509942,-0.08772463,-0.12498012,0.00530821,0.00000000,0.00000000,0.00000000,0.00000000,0.00000000,0.00000000,0.00000000,0.00000000,0.00000000,0.00000000,0.00000000,0.00000000
0.03778765,-0.00554497,0.01620640,0.04306818,0.10593809,0.07192318,-0.17121528,1.29272723,-1.49721420,0.08427759,1.37244189,-1.60439432,-0.04228080,0.63669735,-2.70161653,0.49785528,0.63683420,-2.46668386,0.56219025,-0.01542790,0.03905753,0.14528674,0.21233411,0.15089008,-0.13225043,0.20332838,-0.19776344,-0.12700903,-0.02211885,0.18317474,-0.12990596,-0.03898427,-0.14789918,-0.13976225,-0.00087463,0.00050448,-0.09408036,-0.41552327,-0.16449748,0.88962345,0.24984018,0.07118458,0.01303632,0.12408941,-0.25412623,0.01827772,0.03990613,0.18044657,0.01538078,-0.08733350,-0.12566527,0.00552449,-0.16992759,-0.16115569,0.16234015,-0.19040750,0.04592514,-0.05813026,-0.21472745,0.43385124,0.18097686,-0.30183647,0.07199478,-0.08108138
0.00142429,-0.01119349,0.00364719,-0.00580792,-0.02444888,0.02017013,-0.17022574,1.29351344,-1.49698060,0.08495510,1.37155902,-1.60244815,-0.04041055,0.63773133,-2.70357795,0.49903005,0.63891624,-2.46615334,0.56219025,-0.01542790,0.03905753,0.14531645,0.21240628,0.15108405,-0.13237596,0.20326972,-0.19748284,-0.12713126,-0.02213132,0.18337383,-0.13012917,-0.03916174,-0.14775359,-0.13992596,-0.00104845,0.00031374,-0.09403064,-0.41578068,-0.16435084,0.88953554,0.24978087,0.07121839,0.01294049,0.12402180,-0.25400001,0.01818519,0.03974001,0.18045828,0.01518727,-0.08759225,-0.12568204,0.00539049,0.05937266,0.04717254,0.01401615,0.04065102,-0.05297184,0.11676978,0.11221477,0.06203842,-0.11768531,0.07048630,0.12492226,0.03183174
0.00598771,0.00341734,-0.00491289,0.00075652,-0.02546305,0.04888182,-0.16988737,1.29489961,-1.49686079,0.08497954,1.37144780,-1.60118687,-0.04193105,0.63916906,-2.70458732,0.49951816,0.63981253,-2.46627994,0.56219025,-0.01542790,0.03905753,0.14542040,0.21234108,0.15116067,-0.13248845,0.20298847,-0.19728921,-0.12727979,-0.02220586,0.18344237,-0.13017584,-0.03939744,-0.14782102,-0.13996160,-0.00084464,0.00028701,-0.09377471,-0.41603031,-0.16393012,0.88952347,0.24989260,0.07148479,0.01293195,0.12422740,-0.25365065,0.01814061,0.03975359,0.18055345,0.01524456,-0.08753306,-0.12576190,0.00545880,-0.00938416,0.05958366,0.00018025,-0.01885941,0.01981258,0.01729202,-0.14733748,0.05524492,-0.00171947,-0.00595666,-0.00868392,-0.02351189
-0.00515339,0.00256116,0.00170416,-0.02501581,-0.02881520,-0.03227265,-0.17065133,1.29503751,-1.49701452,0.08431831,1.37225652,-1.60229218,-0.04481497,0.63909358,-2.70329881,0.49866879,0.63832802,-2.46689487,0.56219025,-0.01542790,0.03905753,0.14532470,0.21239939,0.15091574,-0.13227455,0.20291795,-0.19753839,-0.12701086,-0.02206101,0.18326185,-0.13005286,-0.03929073,-0.14803592,-0.13982026,-0.00089734,0.00037818,-0.09399360,-0.41631227,-0.16404562,0.88934714,0.24982387,0.07128611,0.01305014,0.12398461,-0.25379029,0.01831383,0.03980520,0.18041955,0.01527184,-0.08757723,-0.12589531,0.00550444,-0.02291894,0.00413704,-0.00461197,-0.01983681,0.02426147,-0.03315925,-0.08651742,-0.00226450,0.03865528,-0.02548099,-0.04453540,-0.01844787
0.00181880,-0.01792612,0.00276794,-0.00613952,-0.00899794,0.05012396,-0.16953011,1.29458082,-1.49609458,0.08608800,1.37094438,-1.59930265,-0.03852230,0.63865161,-2.70777965,0.50215358,0.64040244,-2.46431494,0.56219025,-0.01542790,0.03905753,0.14538576,0.21240400,0.15131971,-0.13256262,0.20309966,-0.19733662,-0.12716070,-0.02194931,0.18377570,-0.13025469,-0.03971247,-0.14758611,-0.13999869,-0.00103705,0.00011875,-0.09392718,-0.41646737,-0.16371845,0.88934183,0.24976675,0.07160695,0.01282313,0.12428758,-0.25382012,0.01822506,0.03979827,0.18063954,0.01513107,-0.08786243,-0.12565921,0.00538707,0.06727338,-0.02740145,0.05519628,0.10618149,-0.07872819,0.17937182,0.37756023,-0.02651810,-0.26885033,0.20908712,0.12446522,0.15479563
-0.02081613,0.00006582,-0.00164731,-0.02808626,-0.06266842,-0.05278088,-0.16813157,1.29580429,-1.49768312,0.08744493,1.37092462,-1.59978223,-0.03889635,0.63447883,-2.70859866,0.50456554,0.63887125,-2.46402016,0.56219025,-0.01542790,0.03905753,0.14500295,0.21257051,0.15159987,-0.13207661,0.20322524,-0.19699425,-0.12679043,-0.02189534,0.18388843,-0.12991653,-0.03973542,-0.14758624,-0.13960198,-0.00129965,0.00020738,-0.09435553,-0.41707598,-0.16420417,0.88892162,0.24983214,0.07163262,0.01292634,0.12398387,-0.25358639,0.01821252,0.03981933,0.18077202,0.01508642,-0.08828249,-0.12546915,0.00540097,0.05853010,0.05689001,-0.07296323,0.05790129,0.00409269,-0.02748728,-0.02976286,-0.18680046,-0.03256416,0.10245180,-0.07198476,0.00750160
0.02750254,0.00402044,-0.00608532,0.04362397,0.06702253,0.11323904,-0.17099813,1.29519212,-1.49658763,0.08503451,1.37260509,-1.60127139,-0.04283238,0.63897645,-2.70634913,0.50012475,0.63937527,-2.46623611,0.56219025,-0.01542790,0.03905753,0.14539400,0.21213980,0.15114810,-0.13239943,0.20284320,-0.19756581,-0.12707210,-0.02213115,0.18346461,-0.13009465,-0.03972431,-0.14784909,-0.13984067,-0.00081565,0.00012020,-0.09354779,-0.41647780,-0.16323588,0.88946563,0.24961716,0.07176130,0.01299457,0.12441997,-0.25383581,0.01832190,0.03958137,0.18044527,0.01529935,-0.08762638,-0.12598005,0.00555333,-0.12899493,-0.02754736,0.04929685,-0.10846879,0.07562113,-0.06701231,-0.17712126,0.20239304,0.10122871,-0.19983528,0.02268076,-0.09971808
0.00165692,-0.00268092,0.00299965,0.01108408,0.02663078,0.00747302,-0.17099813,1.29519212,-1.49658763,0.08503451,1.37260509,-1.60127139,-0.04283238,0.63897645,-2.70634913,0.50012475,0.63937527,-2.46623611,0.56219025,-0.01542790,0.03905753,0.14543608,0.21205245,0.15117099,-0.13251318,0.20278377,-0.19754391,-0.12720097,-0.02221943,0.18347068,-0.13007108,-0.03979464,-0.14784371,-0.13982642,-0.00083370,0.00008710,-0.09343693,-0.41623353,-0.16317066,0.88960358,0.24951463,0.07181311,0.01292290,0.12438787,-0.25381133,0.01823510,0.03945753,0.18045287,0.01536500,-0.08769172,-0.12599645,0.00560965,0.00000000,0.00000000,0.00000000,0.00000000,0.00000000,0.00000000,0.00000000,0.00000000,0.00000000,0.00000000,0.00000000,0.00000000
0.00369017,-0.00192836,0.00041665,0.01058414,0.01905283,-0.01050321,-0.17099813,1.29519212,-1.49658763,0.08503451,1.37260509,-1.60127139,-0.04283238,0.63897645,-2.70634913,0.50012475,0.63937527,-2.46623611,0.56219025,-0.01542790,0.03905753,0.14551528,0.21198384,0.15118935,-0.13260206,0.20273741,-0.19752635,-0.12730209,-0.02228880,0.18347555,-0.13005239,-0.03984952,-0.14783940,-0.13981533,-0.00083687,0.00003602,-0.09342280,-0.41602587,-0.16327624,0.88968282,0.24947057,0.07174065,0.01291322,0.12428439,-0.25386118,0.01821319,0.03943498,0.18041963,0.01546289,-0.08777620,-0.12600376,0.00569995,0.00000000,0.00000000,0.00000000,0.00000000,0.00000000,0.00000000,0.00000000,0.00000000,0.00000000,0.00000000,0.00000000,0.00000000
-0.05073754,0.00830380,-0.00028086,-0.04444354,-0.11188564,-0.15517423,-0.16890177,1.29699266,-1.50039697,0.08741529,1.37064540,-1.60116053,-0.04276404,0.63384837,-2.70647359,0.50438178,0.63739693,-2.46371531,0.56219025,-0.01542790,0.03905753,0.14486188,0.21260019,0.15176536,-0.13188315,0.20307220,-0.19694622,-0.12657315,-0.02199009,0.18389888,-0.12965737,-0.03962088,-0.14781010,-0.13941316,-0.00127753,0.00033622,-0.09413331,-0.41676451,-0.16438303,0.88905820,0.24998690,0.07173476,0.01297873,0.12370361,-0.25344685,0.01828872,0.03987980,0.18091428,0.01520450,-0.08831414,-0.12552986,0.00544871,0.12578130,0.10803222,-0.22855996,0.14284641,-0.11758088,0.00665188,0.00410065,-0.30768511,-0.00746727,0.25542140,-0.11870026,0.15124796
0.03607752,0.00393623,0.00043335,0.05326468,0.07752498,0.13689794,-0.17293302,1.29547246,-1.49813466,0.08342864,1.37223842,-1.60255804,-0.04697548,0.64071072,-2.70345879,0.49866466,0.63837240,-2.46584077,0.56219025,-0.01542790,0.03905753,0.14542370,0.21226935,0.15096831,-0.13234377,0.20270426,-0.19779917,-0.12692470,-0.02213207,0.18342966,-0.12999431,-0.03947616,-0.14810956,-0.13989524,-0.00080559,0.00026178,-0.09319464,-0.41610664,-0.16329269,0.88966596,0.24972353,0.07157004,0.01307993,0.12409928,-0.25392773,0.01849900,0.03966535,0.18053482,0.01542938,-0.08752998,-0.12612528,0.00552846,-0.19604479,-0.07658672,0.11731624,-0.19361444,0.07357835,-0.06275796,-0.18746073,0.33319542,0.13926028,-0.27967713,0.05396533,-0.10238457
0.01321672,-0.00528915,0.00871220,0.00314215,0.02586801,0.02838015,-0.17378134,1.29426682,-1.49522614,0.08267681,1.37127626,-1.60111713,-0.04207934,0.64197820,-2.70527554,0.49691281,0.64075339,-2.46596169,0.56219025,-0.01542790,0.03905753,0.14577185,0.21239902,0.15076050,-0.13272295,0.20256758,-0.19810176,-0.12736904,-0.02207713,0.18338088,-0.13046177,-0.03956839,-0.14779411,-0.14021772,-0.00079628,0.00014985,-0.09304252,-0.41586183,-0.16298312,0.88985310,0.24972940,0.07141665,0.01304890,0.12407937,-0.25418065,0.01840282,0.03956788,0.18039047,0.01531008,-0.08740262,-0.12597746,0.00555413,-0.03817427,-0.05425357,0.13088321,-0.03383258,-0.04329729,0.06484079,0.22032602,0.05703663,-0.08175373,-0.07883334,0.10714459,-0.00544167
-0.01092292,0.00517728,-0.00075641,-0.02338979,-0.03536024,0.01447193,-0.17378134,1.29426682,-1.49522614,0.08267681,1.37127626,-1.60111713,-0.04207934,0.64197820,-2.70527554,0.49691281,0.64075339,-2.46596169,0.56219025,-0.01542790,0.03905753,0.14562830,0.21254224,0.15066664,-0.13260017,0.20260512,-0.19819143,-0.12716960,-0.02192600,0.18335586,-0.13052242,-0.03950646,-0.14781635,-0.14021171,-0.00088505,0.00026266,-0.09317298,-0.41618585,-0.16284745,0.88971279,0.24971309,0.07150318,0.01302813,0.12410772,-0.25411007,0.01845870,0.03953416,0.18044702,0.01510588,-0.08738505,-0.12594426,0.00541659,0.00000000,0.00000000,0.00000000,0.00000000,0.00000000,0.00000000,0.00000000,0.00000000,0.00000000,0.00000000,0.00000000,0.00000000
-0.02229105,0.00862183,-0.01139145,-0.02592845,-0.07621315,0.06134123,-0.17341242,1.29768841,-1.49675269,0.08193220,1.37243135,-1.60275564,-0.04707893,0.63944482,-2.70483246,0.49932813,0.63747761,-2.46592240,0.56219025,-0.01542790,0.03905753,0.14516135,0.21263220,0.15047609,-0.13211581,0.20199837,-0.19796542,-0.12696896,-0.02191240,0.18340078,-0.12990366,-0.03959592,-0.14811300,-0.13973471,-0.00092962,0.00045747,-0.09303715,-0.41692267,-0.16229133,0.88948362,0.24960730,0.07177895,0.01304554,0.12386080,-0.25335546,0.01819239,0.03930837,0.18072644,0.01525769,-0.08746610,-0.12609977,0.00542664,0.02213502,0.20529556,-0.09159278,-0.04467630,0.06930541,-0.09831046,-0.29997537,-0.15200328,0.02658463,0.14491938,-0.19654654,0.00235748
0.02057715,-0.00740515,0.01010379,0.00659911,0.02747133,0.09951606,-0.17543529,1.29578638,-1.49376798,0.08009234,1.37200797,-1.60161710,-0.04375935,0.64153498,-2.70662951,0.49845460,0.63871831,-2.46562266,0.56219025,-0.01542790,0.03905753,0.14544763,0.21277550,0.15001119,-0.13246075,0.20198236,-0.19855990,-0.12716179,-0.02180468,0.18341103,-0.13017441,-0.03973840,-0.14789661,-0.14005493,-0.00089505,0.00034979,-0.09265138,-0.41692670,-0.16145148,0.88967481,0.24948554,0.07166829,0.01298688,0.12417330,-0.25377777,0.01828583,0.03910017,0.18067014,0.01527321,-0.08725025,-0.12612285,0.00539270,-0.12690604,-0.16544579,0.20198105,-0.09922250,-0.04272937,0.09289026,0.27416870,0.16341089,-0.11446952,-0.08864164,0.12357830,0.01739502
0.00982685,0.00163003,0.00676460,-0.00468069,0.02440487,0.04816849,-0.17590710,1.29552255,-1.49335155,0.07975196,1.37199483,-1.60182579,-0.04437057,0.64150144,-2.70638442,0.49796279,0.63839738,-2.46572056,0.56219025,-0.01542790,0.03905753,0.14570668,0.21281196,0.14982133,-0.13258445,0.20183580,-0.19878682,-0.12720915,-0.02176589,0.18333174,-0.13020546,-0.03985087,-0.14796252,-0.13996326,-0.00085174,0.00036972,-0.09254529,-0.41673686,-0.16099341,0.88985779,0.24941103,0.07181137,0.01312223,0.12432263,-0.25376660,0.01849753,0.03892750,0.18065254,0.01550122,-0.08717591,-0.12623650,0.00574341,-0.02830875,-0.01583004,0.02498531,-0.02042287,-0.00078821,-0.01252127,-0.03667326,-0.00201273,0.01470566,-0.02950859,-0.01925540,-0.00587368
-0.01613712,0.00753790,-0.00099004,-0.01160313,-0.03992009,0.08221232,-0.17779435,1.29446721,-1.49168587,0.07839043,1.37194228,-1.60266054,-0.04681546,0.64136726,-2.70540404,0.49599555,0.63711369,-2.46611214,0.56219025,-0.01542790,0.03905753,0.14543442,0.21310739,0.14951577,-0.13232464,0.20187586,-0.19926203,-0.12707860,-0.02151460,0.18313514,-0.13017584,-0.03971051,-0.14811959,-0.13987709,-0.00098915,0.00058159,-0.09221778,-0.41718325,-0.16024443,0.88981781,0.24933946,0.07203302,0.01310978,0.12446870,-0.25381877,0.01835582,0.03867826,0.18065895,0.01525858,-0.08703205,-0.12635523,0.00555733,-0.08492625,-0.04749012,0.07495594,-0.06126862,-0.00236464,-0.03756380,-0.11001978,-0.00603819,0.04411697,-0.08852576,-0.05776619,-0.01762104
-0.00184567,0.00010294,-0.00445676,-0.01251112,-0.00137502,0.06507192,-0.17676983,1.29968958,-1.49395759,0.07673169,1.37314141,-1.60381467,-0.04722852,0.64253409,-2.70613432,0.49659218,0.63713686,-2.46621199,0.56219025,-0.01542790,0.03905753,0.14532800,0.21308609,0.14900723,-0.13230254,0.20067447,-0.19889467,-0.12719802,-0.02151018,0.18314042,-0.13016838,-0.03990018,-0.14815995,-0.13990268,-0.00095642,0.00058596,-0.09206756,-0.41734010,-0.15960433,0.88987486,0.24907164,0.07196389,0.01302546,0.12389224,-0.25287439,0.01812998,0.03842881,0.18073009,0.01515962,-0.08698865,-0.12646463,0.00542532,0.06147140,0.31334209,-0.13630342,-0.09952470,0.07194757,-0.06924819,-0.02478374,0.07000994,-0.04381656,0.03579783,0.00139046,-0.00599098
-0.00243066,0.00365752,0.00749368,0.00083673,0.04501621,0.00917819,-0.17608681,1.30317116,-1.49547207,0.07562586,1.37394083,-1.60458410,-0.04750390,0.64331198,-2.70662117,0.49698994,0.63715231,-2.46627855,0.56219025,-0.01542790,0.03905753,0.14537421,0.21296296,0.14862762,-0.13250805,0.19972656,-0.19868710,-0.12744975,-0.02160920,0.18313325,-0.13016179,-0.04017986,-0.14819615,-0.13986585,-0.00103455,0.00067124,-0.09205378,-0.41698440,-0.15940659,0.89007845,0.24870487,0.07190057,0.01286616,0.12315796,-0.25219924,0.01792446,0.03813201,0.18086759,0.01521242,-0.08725645,-0.12638112,0.00550835,0.02049047,0.10444736,-0.04543447,-0.03317490,0.02398252,-0.02308273,-0.00826125,0.02333665,-0.01460552,0.01193261,0.00046349,-0.00199699
-0.00539517,0.01243268,-0.00062899,-0.01340692,-0.01144470,0.02740584,-0.17608681,1.30317116,-1.49547207,0.07562586,1.37394083,-1.60458410,-0.04750390,0.64331198,-2.70662117,0.49698994,0.63715231,-2.46627855,0.56219025,-0.01542790,0.03905753,0.14530325,0.21301127,0.14854971,-0.13251765,0.19969051,-0.19876078,-0.12739139,-0.02155269,0.18311252,-0.13020028,-0.04020253,-0.14821430,-0.13984007,-0.00103272,0.00090973,-0.09205707,-0.41703298,-0.15916511,0.89009856,0.24867828,0.07222055,0.01278560,0.12327476,-0.25193369,0.01791186,0.03805725,0.18109487,0.01510297,-0.08719500,-0.12621140,0.00546318,0.00000000,0.00000000,0.00000000,0.00000000,0.00000000,0.00000000,0.00000000,0.00000000,0.00000000,0.00000000,0.00000000,0.00000000
-0.00208816,0.00755836,-0.00200150,-0.00309289,0.00134079,0.03227195,-0.17747442,1.30219517,-1.49593935,0.07416343,1.37466426,-1.60755377,-0.05254613,0.64318721,-2.70268188,0.49411553,0.63303676,-2.46686559,0.56219025,-0.01542790,0.03905753,0.14523395,0.21321361,0.14816099,-0.13211598,0.19984862,-0.19914230,-0.12705570,-0.02126314,0.18272967,-0.12985804,-0.03978816,-0.14859583,-0.13965709,-0.00096685,0.00105432,-0.09193855,-0.41706631,-0.15884537,0.89015231,0.24875542,0.07212125,0.01311797,0.12355835,-0.25210690,0.01817825,0.03813626,0.18081304,0.01537591,-0.08676430,-0.12662738,0.00557687,-0.06435137,-0.05103921,-0.01898718,-0.07123508,0.03301048,-0.14054202,-0.22902612,-0.00651884,0.18527699,-0.13861798,-0.19386363,-0.02748871
-0.00095733,-0.00050053,0.00713379,-0.00290097,0.02976610,-0.00866743,-0.17672320,1.30079794,-1.49479198,0.07381728,1.37409282,-1.60688639,-0.04821250,0.64301050,-2.70395160,0.49390009,0.63426447,-2.46663594,0.56219025,-0.01542790,0.03905753,0.14531480,0.21331701,0.14797549,-0.13236527,0.20009820,-0.19912374,-0.12725101,-0.02123190,0.18275075,-0.13009758,-0.03983214,-0.14833311,-0.13980898,-0.00108701,0.00108059,-0.09206629,-0.41680367,-0.15889984,0.89025240,0.24866585,0.07196363,0.01294953,0.12370576,-0.25213141,0.01806379,0.03803442,0.18085307,0.01521722,-0.08682812,-0.12634692,0.00550582,0.03380495,-0.06287527,0.05163145,-0.01557693,-0.02571487,0.03003216,0.19501321,-0.00795221,-0.05713748,-0.00969458,0.05524706,0.01033401
0.00523141,0.01524595,-0.00122985,-0.00573105,-0.00033310,-0.00600913,-0.17672320,1.30079794,-1.49479198,0.07381728,1.37409282,-1.60688639,-0.04821250,0.64301050,-2.70395160,0.49390009,0.63426447,-2.46663594,0.56219025,-0.01542790,0.03905753,0.14536677,0.21332472,0.14793428,-0.13239889,0.20006203,-0.19916270,-0.12724690,-0.02121958,0.18273976,-0.13011506,-0.03986294,-0.14834275,-0.13978998,-0.00094298,0.00131558,-0.09211984,-0.41675588,-0.15890579,0.89026818,0.24879896,0.07217429,0.01296788,0.12382036,-0.25191299,0.01811987,0.03817420,0.18107636,0.01525171,-0.08670760,-0.12611697,0.00557680,0.00000000,0.00000000,0.00000000,0.00000000,0.00000000,0.00000000,0.00000000,0.00000000,0.00000000,0.00000000,0.00000000,0.00000000
-0.00699752,0.01193764,-0.00477410,-0.01839337,-0.02795893,-0.00886936,-0.17855244,1.30043964,-1.49365530,0.07358551,1.37546697,-1.60814276,-0.05290641,0.64297473,-2.70043674,0.49239455,0.63198500,-2.46842351,0.56219025,-0.01542790,0.03905753,0.14523148,0.21318603,0.14780899,-0.13218602,0.19987719,-0.19967902,-0.12708607,-0.02122198,0.18239160,-0.12984437,-0.03944188,-0.14870814,-0.13963114,-0.00082230,0.00155775,-0.09227729,-0.41701818,-0.15895017,0.89012111,0.24874910,0.07233837,0.01304546,0.12359437,-0.25210166,0.01814540,0.03818304,0.18098922,0.01538711,-0.08630921,-0.12635534,0.00560033,-0.10975456,-0.02149772,0.06820106,-0.01390564,0.08244895,-0.07538223,-0.28163443,-0.00214577,0.21089172,-0.09033250,-0.13676833,-0.10725403
-0.00623174,-0.00808023,0.00287760,-0.00197706,0.02126032,-0.03444793,-0.17823349,1.29772019,-1.49204719,0.07284998,1.37577784,-1.60912597,-0.04673896,0.63943589,-2.70135975,0.49154463,0.63256490,-2.46832895,0.56219025,-0.01542790,0.03905753,0.14514650,0.21325183,0.14755669,-0.13214485,0.20047704,-0.19978447,-0.12714287,-0.02111478,0.18234673,-0.13003084,-0.03921500,-0.14831024,-0.13962951,-0.00096861,0.00150031,-0.09246556,-0.41688351,-0.15918303,0.89012304,0.24861024,0.07192558,0.01300165,0.12388438,-0.25250089,0.01800364,0.03819214,0.18083966,0.01511566,-0.08616072,-0.12607729,0.00551699,0.04657566,-0.15779255,0.07943629,-0.04065558,-0.00195980,-0.04014730,0.44045559,-0.21179436,-0.10810374,-0.02841174,0.06898642,0.03248692
0.00061286,0.00315051,0.00509989,0.00282656,0.01621022,-0.02633013,-0.17717855,1.29594982,-1.49112260,0.07306282,1.37456346,-1.60819900,-0.04440276,0.63930815,-2.70207191,0.49067140,0.63315225,-2.46838045,0.56219025,-0.01542790,0.03905753,0.14522075,0.21345195,0.14759298,-0.13228404,0.20096641,-0.19962787,-0.12729559,-0.02107798,0.18230037,-0.13018439,-0.03924042,-0.14815945,-0.13971713,-0.00102150,0.00158072,-0.09257875,-0.41669299,-0.15942227,0.89015766,0.24879201,0.07185616,0.01293671,0.12422390,-0.25249087,0.01792516,0.03824462,0.18084555,0.01503636,-0.08624960,-0.12580532,0.00550362,0.05063725,-0.08497810,0.04438019,0.01021635,-0.05829048,0.04449463,0.11213726,-0.00613117,-0.03418350,-0.04191541,0.02819252,-0.00247192
0.00282459,0.01186714,-0.00540605,-0.00904055,-0.02262266,-0.01204307,-0.17789535,1.29640901,-1.49126289,0.07329004,1.37569156,-1.60900128,-0.04770865,0.64004050,-2.70070567,0.49072043,0.63216331,-2.46903105,0.56219025,-0.01542790,0.03905753,0.14519765,0.21326042,0.14763827,-0.13211386,0.20082111,-0.19978550,-0.12714465,-0.02111400,0.18221143,-0.13001081,-0.03914843,-0.14839191,-0.13964513,-0.00082319,0.00176749,-0.09266475,-0.41690393,-0.15950392,0.89003531,0.24883792,0.07209813,0.01308379,0.12418287,-0.25243096,0.01805300,0.03841573,0.18095207,0.01518684,-0.08606524,-0.12585129,0.00555252,-0.04300832,0.02755165,-0.00841713,0.01363277,0.06768607,-0.04813671,-0.19835302,0.04394102,0.08197402,0.00294185,-0.05933618,-0.03903579
-0.00327397,-0.00683842,-0.00151116,-0.00091157,0.01246228,-0.01787777,-0.17827276,1.29619923,-1.49142683,0.07333379,1.37676644,-1.60994785,-0.04879649,0.63982099,-2.69981904,0.49105588,0.63122876,-2.46914492,0.56219025,-0.01542790,0.03905753,0.14512340,0.21304490,0.14760472,-0.13206866,0.20081429,-0.19991904,-0.12706045,-0.02114661,0.18218070,-0.12986252,-0.03908525,-0.14848218,-0.13957116,-0.00084882,0.00168041,-0.09277890,-0.41682356,-0.15965189,0.89003453,0.24861526,0.07198657,0.01305474,0.12404337,-0.25267355,0.01806295,0.03839436,0.18083665,0.01526088,-0.08609260,-0.12602280,0.00555224,-0.00114011,-0.02636289,-0.00562763,-0.00419131,0.03065014,-0.03272581,0.03390615,-0.03514123,0.01221084,0.01865637,-0.02640509,0.01268577
0.00222781,-0.00656506,0.00521900,0.00516418,0.02461221,-0.02208723,-0.17780755,1.29560018,-1.49139583,0.07313574,1.37635493,-1.60977662,-0.04621583,0.63894230,-2.70059419,0.49123049,0.63159466,-2.46857023,0.56219025,-0.01542790,0.03905753,0.14520590,0.21310274,0.14753158,-0.13219858,0.20095881,-0.19985561,-0.12714101,-0.02112174,0.18224769,-0.12994102,-0.03912981,-0.14831120,-0.13959402,-0.00096700,0.00155237,-0.09285938,-0.41656557,-0.15983575,0.89011392,0.24855156,0.07168677,0.01300732,0.12399708,-0.25283059,0.01806489,0.03838167,0.18075067,0.01526487,-0.08624013,-0.12594604,0.00561188,0.01395607,-0.01797151,0.00092983,-0.00594136,-0.01234531,0.00513697,0.07741972,-0.02636075,-0.02325439,0.00523818,0.01097703,0.01724052
0.00809847,0.00804548,-0.00903842,0.01600348,-0.02524954,0.05075150,-0.17746742,1.29620397,-1.49157917,0.07494485,1.37611842,-1.60747623,-0.05126823,0.64237237,-2.70037007,0.48937321,0.63314009,-2.47107029,0.56219025,-0.01542790,0.03905753,0.14523312,0.21277435,0.14812864,-0.13239418,0.20096262,-0.19960975,-0.12723174,-0.02145649,0.18200199,-0.13005841,-0.03937423,-0.14860877,-0.13965991,-0.00074008,0.00159473,-0.09254633,-0.41673199,-0.15956973,0.89011635,0.24864064,0.07247683,0.01283894,0.12438534,-0.25251874,0.01800139,0.03815733,0.18068157,0.01517472,-0.08630212,-0.12613167,0.00557321,0.02040803,0.03622770,-0.01100063,0.10854631,-0.01419067,0.13802290,-0.30314392,0.20580409,0.01344681,-0.11143684,0.09272575,-0.15000342
-0.00398120,-0.00053851,0.00223679,-0.00896791,-0.00714518,-0.05103422,-0.17746591,1.29569900,-1.49142652,0.07474200,1.37599406,-1.60797126,-0.04926977,0.64087285,-2.70048237,0.48978565,0.63281984,-2.47037835,0.56219025,-0.01542790,0.03905753,0.14519930,0.21292566,0.14803279,-0.13226607,0.20109821,-0.19967299,-0.12713434,-0.02131178,0.18206588,-0.13005812,-0.03922978,-0.14848684,-0.13963779,-0.00081108,0.00162381,-0.09283008,-0.41678702,-0.15999621,0.88998447,0.24874409,0.07214515,0.01293323,0.12419687,-0.25270433,0.01806496,0.03840250,0.18068936,0.01514118,-0.08630987,-0.12595862,0.00556151,0.00009066,-0.03029823,0.00915956,-0.01217070,-0.00746155,-0.02970171,0.11990770,-0.08997130,-0.00673771,0.02474677,-0.01921463,0.04151630
-0.00044079,-0.01126335,0.00673893,0.00723229,0.03664536,-0.03054346,-0.17698525,1.29390466,-1.49053602,0.07451750,1.37497110,-1.60874045,-0.04111852,0.63669442,-2.70169888,0.49157279,0.63284976,-2.46774592,0.56219025,-0.01542790,0.03905753,0.14527026,0.21322068,0.14793010,-0.13223137,0.20145619,-0.19968086,-0.12729548,-0.02110417,0.18239851,-0.13011228,-0.03898537,-0.14795499,-0.13967650,-0.00102801,0.00145041,-0.09296776,-0.41638951,-0.16027750,0.89010555,0.24880724,0.07165522,0.01303889,0.12419023,-0.25306370,0.01797477,0.03857875,0.18074320,0.01515797,-0.08618507,-0.12566692,0.00559376,0.02874917,-0.07736205,0.04427003,-0.00129935,-0.05391597,-0.01644945,0.36916716,-0.16073440,-0.06625271,0.08248150,0.02100992,0.11642932
0.01084675,0.00181759,-0.00372450,0.01026694,-0.02345904,0.01191262,-0.17655727,1.29535141,-1.49057136,0.07655994,1.37459674,-1.60595953,-0.04623711,0.64212632,-2.70195808,0.49164566,0.63517932,-2.46897860,0.56219025,-0.01542790,0.03905753,0.14540638,0.21288507,0.14856019,-0.13248991,0.20119858,-0.19940886,-0.12748740,-0.02140752,0.18240671,-0.13027695,-0.03933582,-0.14826552,-0.13989600,-0.00084355,0.00140314,-0.09281487,-0.41654503,-0.16026751,0.89005054,0.24889604,0.07225734,0.01291647,0.12416328,-0.25279768,0.01791898,0.03851922,0.18079395,0.01512943,-0.08646164,-0.12587416,0.00551037,0.01143980,0.08003854,-0.01051569,0.10493972,-0.00669622,0.13052701,-0.31183748,0.27132440,0.00746727,0.00025141,0.10044622,-0.06990051
-0.00715867,0.00379251,-0.00654545,0.01038055,-0.02398347,0.00570519,-0.17798448,1.29610457,-1.49208956,0.07619102,1.37578487,-1.60767305,-0.05297785,0.64243515,-2.69949532,0.49140654,0.63305806,-2.46967192,0.56219025,-0.01542790,0.03905753,0.14525127,0.21273261,0.14860848,-0.13214301,0.20111150,-0.19956825,-0.12712839,-0.02149226,0.18229737,-0.12989997,-0.03922328,-0.14868941,-0.13966390,-0.00077373,0.00145786,-0.09263906,-0.41677922,-0.16025183,0.88996204,0.24885632,0.07234141,0.01310827,0.12403136,-0.25289821,0.01812289,0.03852070,0.18076262,0.01535130,-0.08645779,-0.12623416,0.00558737,-0.07995343,0.02302122,-0.08198976,-0.04537716,0.06300974,-0.12210130,-0.29735061,-0.03551888,0.12993049,-0.01168406,-0.13453959,-0.02100563
-0.01613326,-0.02591815,0.01477494,-0.00798543,0.04072214,-0.07195467,-0.17635487,1.29329133,-1.49182785,0.07556723,1.37358665,-1.60786033,-0.03941802,0.63358867,-2.70120907,0.49264362,0.63210851,-2.46566200,0.56219025,-0.01542790,0.03905753,0.14517125,0.21339861,0.14834889,-0.13210993,0.20195939,-0.19939443,-0.12709330,-0.02089396,0.18266665,-0.13000852,-0.03866115,-0.14780557,-0.13958362,-0.00127070,0.00119740,-0.09298214,-0.41645797,-0.16073627,0.88998929,0.24896307,0.07140722,0.01306133,0.12417822,-0.25337735,0.01807795,0.03886096,0.18062179,0.01516274,-0.08624146,-0.12577166,0.00558764,0.11634528,-0.16900776,0.03392458,-0.02027258,-0.14557599,0.02411127,0.86115402,-0.50839663,-0.13084888,0.07648050,-0.02152204,0.24069785
0.01303971,-0.00169696,0.00037107,0.01574692,-0.01171872,0.03382918,-0.17568903,1.29429407,-1.49102225,0.07670002,1.37300959,-1.60543492,-0.04180016,0.63924685,-2.70357270,0.49392316,0.63529218,-2.46573658,0.56219025,-0.01542790,0.03905753,0.14539317,0.21318784,0.14877617,-0.13237807,0.20175996,-0.19907046,-0.12747198,-0.02117311,0.18288948,-0.13025910,-0.03925344,-0.14790881,-0.13991426,-0.00114228,0.00110073,-0.09268348,-0.41654716,-0.16051140,0.89001929,0.24901594,0.07184160,0.01301510,0.12428364,-0.25307335,0.01792119,0.03875682,0.18083645,0.01513407,-0.08667688,-0.12579166,0.00547892,0.02818823,0.05203771,0.03753662,0.05639076,-0.02367925,0.11550950,-0.14398482,0.28278422,-0.10887622,0.05953216,0.15281509,-0.01300907
0.00290955,0.00864965,-0.01207849,-0.00032072,-0.04590816,0.01552658,-0.17708135,1.29557681,-1.49162316,0.07729941,1.37463393,-1.60600750,-0.05195844,0.64249008,-2.70154214,0.49462629,0.63463675,-2.46784000,0.56219025,-0.01542790,0.03905753,0.14527273,0.21279722,0.14905042,-0.13212746,0.20148301,-0.19922246,-0.12724014,-0.02156552,0.18276153,-0.12990624,-0.03943042,-0.14855058,-0.13972853,-0.00085091,0.00120246,-0.09251562,-0.41700315,-0.16039364,0.88984443,0.24903092,0.07232033,0.01314527,0.12425331,-0.25302957,0.01803259,0.03864275,0.18094422,0.01536649,-0.08676808,-0.12623487,0.00554421,-0.06467843,0.05743360,-0.03039551,0.02587920,0.07736062,-0.02980470,-0.46128709,0.13863445,0.09894275,0.05161500,-0.03931975,-0.07905864
0.00140934,-0.02364649,0.00569970,-0.01260479,0.01272147,-0.01321780,-0.17631584,1.29487064,-1.49117162,0.07720328,1.37400336,-1.60526950,-0.04456235,0.64017851,-2.70379162,0.49712387,0.63441763,-2.46419520,0.56219025,-0.01542790,0.03905753,0.14535441,0.21295645,0.14891571,-0.13227722,0.20165353,-0.19917898,-0.12728124,-0.02111970,0.18320728,-0.12998827,-0.03938584,-0.14807525,-0.13985430,-0.00103486,0.00083452,-0.09269798,-0.41693722,-0.16045285,0.88984567,0.24894708,0.07179488,0.01307718,0.12426702,-0.25340130,0.01807317,0.03901026,0.18085490,0.01536613,-0.08674304,-0.12617584,0.00550010,0.04997903,-0.04179096,0.03380155,-0.00358111,-0.04636430,0.05235672,0.45209463,-0.12407182,-0.15010355,0.10990690,0.00650310,0.18749712
-0.00613701,-0.01378980,0.01083611,0.01655510,-0.00638444,0.06198309,-0.17567055,1.29441917,-1.49064696,0.07721208,1.37329865,-1.60450828,-0.03935399,0.63912487,-2.70579576,0.49745733,0.63492656,-2.46280503,0.56219025,-0.01542790,0.03905753,0.14543360,0.21303264,0.14900946,-0.13234054,0.20185312,-0.19896298,-0.12745378,-0.02097630,0.18339359,-0.13009126,-0.03936631,-0.14769624,-0.14004136,-0.00138213,0.00059720,-0.09238619,-0.41696637,-0.16006042,0.88993511,0.24865120,0.07180156,0.01309306,0.12436233,-0.25340927,0.01797982,0.03872954,0.18077563,0.01534233,-0.08685636,-0.12612313,0.00539224,0.01935857,-0.01354408,0.01573992,0.00026393,-0.02114153,0.02283668,0.15625074,-0.03160929,-0.06012439,0.01000357,0.01526785,0.04170513
0.01079671,0.01701749,-0.01154112,0.02752054,-0.04078418,0.09273532,-0.17789923,1.29392505,-1.48969650,0.07691598,1.37309361,-1.60351944,-0.05209398,0.64384305,-2.70352292,0.49176884,0.63487029,-2.46760535,0.56219025,-0.01542790,0.03905753,0.14544350,0.21295380,0.14923100,-0.13230886,0.20188505,-0.19924427,-0.12740797,-0.02132920,0.18267810,-0.13008761,-0.03967731,-0.14846762,-0.13987733,-0.00108443,0.00075717,-0.09171005,-0.41733250,-0.15939903,0.88995213,0.24888189,0.07242341,0.01313464,0.12482885,-0.25341147,0.01803553,0.03829695,0.18041052,0.01535589,-0.08698915,-0.12666851,0.00556616,-0.13372064,-0.02964735,0.05702734,-0.01776606,-0.01230240,0.05933046,-0.76439959,0.28309107,0.13637066,-0.34130928,-0.00337601,-0.28801915
-0.00249081,-0.00763820,-0.00154747,-0.01452968,-0.00224615,-0.06789999,-0.17756207,1.29382215,-1.48989995,0.07712981,1.37297542,-1.60360532,-0.05032594,0.64304796,-2.70413718,0.49285518,0.63495381,-2.46686072,0.56219025,-0.01542790,0.03905753,0.14539400,0.21304452,0.14918581,-0.13227181,0.20193476,-0.19925919,-0.12731009,-0.02123634,0.18279051,-0.13011031,-0.03969100,-0.14836812,-0.13986225,-0.00113189,0.00062326,-0.09211406,-0.41732326,-0.15994072,0.88981754,0.24897984,0.07195694,0.01312218,0.12455889,-0.25370665,0.01808391,0.03856096,0.18031141,0.01528369,-0.08714958,-0.12661443,0.00553175,0.02022940,-0.00617409,-0.01220655,0.01283008,-0.00709105,-0.00515270,0.10608244,-0.04770541,-0.03685569,0.06518053,0.00501108,0.04467773
-0.02628816,-0.01045133,0.00232238,-0.01623558,-0.02714384,-0.06900642,-0.17566732,1.29390106,-1.49155180,0.07882249,1.37193472,-1.60358186,-0.04296244,0.63719925,-2.70711598,0.49760357,0.63459918,-2.46419072,0.56219025,-0.01542790,0.03905753,0.14506069,0.21329552,0.14953519,-0.13200037,0.20231589,-0.19885720,-0.12706295,-0.02115383,0.18330002,-0.12989586,-0.03971490,-0.14785411,-0.13967065,-0.00155849,0.00051111,-0.09252641,-0.41744987,-0.16052356,0.88961039,0.24899029,0.07179264,0.01306032,0.12431927,-0.25371456,0.01799774,0.03859481,0.18060579,0.01516484,-0.08758258,-0.12612998,0.00539004,0.09345549,0.01090908,-0.08690500,0.08873069,-0.05535078,0.00656033,0.33572763,-0.30321763,-0.14187239,0.21972297,-0.02628851,0.11552238
-0.01933810,0.00803414,-0.00711540,0.00618543,-0.05332434,0.00229599,-0.17533439,1.29480071,-1.49382238,0.08066843,1.37149820,-1.60353665,-0.04678946,0.63281949,-2.70599704,0.49756872,0.63232975,-2.46546617,0.56219025,-0.01542790,0.03905753,0.14461520,0.21333489,0.15017011,-0.13153542,0.20257683,-0.19855398,-0.12662298,-0.02128772,0.18315243,-0.12943572,-0.03955075,-0.14803761,-0.13917821,-0.00168570,0.00071705,-0.09243018,-0.41798796,-0.16064790,0.88934525,0.24915743,0.07241475,0.01307977,0.12436513,-0.25339364,0.01799221,0.03841520,0.18068898,0.01517947,-0.08770125,-0.12609274,0.00543699,0.00359237,0.03926325,-0.11109209,0.08563623,-0.00915241,-0.00829697,-0.23836137,-0.18273495,0.08278942,-0.01418173,-0.11550521,-0.06727123
-0.01980332,0.00510930,-0.00386618,-0.01485879,-0.02347406,-0.12726260,-0.17625864,1.29415894,-1.49521680,0.08047999,1.37243986,-1.60575385,-0.04981887,0.62805707,-2.70238099,0.49800106,0.62890825,-2.46568751,0.56219025,-0.01542790,0.03905753,0.14428520,0.21335994,0.15010760,-0.13110789,0.20285245,-0.19879227,-0.12610083,-0.02124320,0.18303856,-0.12893130,-0.03898366,-0.14825747,-0.13869867,-0.00178107,0.00086528,-0.09289125,-0.41811309,-0.16152008,0.88908038,0.24920616,0.07200012,0.01317731,0.12394897,-0.25380989,0.01818436,0.03867958,0.18063548,0.01535389,-0.08758439,-0.12616934,0.00558653,-0.04573023,-0.04178381,-0.06339597,-0.02310517,0.04819107,-0.12292671,-0.09648415,-0.27820012,0.17893122,0.03872788,-0.18056201,0.00297260
0.00925092,-0.00437779,0.00608297,0.02607163,0.09819660,-0.10505002,-0.17397994,1.29253662,-1.49552631,0.08069684,1.37119269,-1.60559046,-0.04163063,0.62486279,-2.70302534,0.49677327,0.63030583,-2.46609426,0.56219025,-0.01542790,0.03905753,0.14440399,0.21350340,0.15009703,-0.13137637,0.20338088,-0.19836979,-0.12637682,-0.02137553,0.18295487,-0.12919642,-0.03873839,-0.14775133,-0.13881829,-0.00182402,0.00082294,-0.09334226,-0.41728493,-0.16254948,0.88923460,0.24944319,0.07137510,0.01302762,0.12401204,-0.25389189,0.01802717,0.03885983,0.18047321,0.01520757,-0.08749316,-0.12563622,0.00558570,0.14572351,-0.08607387,-0.00778913,0.02173662,-0.08480071,0.03800869,0.49409574,-0.12399315,-0.07388591,-0.08654594,0.12281298,-0.02921104
0.00998407,0.00862812,-0.00137662,0.01490317,-0.02219500,0.05419863,-0.17508311,1.29317086,-1.49379349,0.08103339,1.37078385,-1.60373652,-0.04692646,0.63124751,-2.70376339,0.49490840,0.63293406,-2.46901631,0.56219025,-0.01542790,0.03905753,0.14454095,0.21337996,0.15035496,-0.13153951,0.20303686,-0.19846523,-0.12668533,-0.02180471,0.18271222,-0.12942338,-0.03916636,-0.14805455,-0.13911509,-0.00162832,0.00092956,-0.09293620,-0.41750778,-0.16213421,0.88924834,0.24956606,0.07191551,0.01300145,0.12400309,-0.25368616,0.01785563,0.03846323,0.18051761,0.01511758,-0.08772656,-0.12572447,0.00542586,-0.05658942,0.03431654,0.08063506,0.01769587,-0.01628923,0.08706235,-0.26857485,0.31192300,-0.03171444,-0.08884978,0.12485789,-0.14371489
-0.00131884,0.00621776,-0.00567287,-0.01371405,-0.01114749,-0.05635179,-0.17550510,1.29419386,-1.49550347,0.08204867,1.37204680,-1.60479968,-0.04901627,0.63000580,-2.70207777,0.49719167,0.63068177,-2.46771274,0.56219025,-0.01542790,0.03905753,0.14446175,0.21310514,0.15055454,-0.13132995,0.20287664,-0.19855329,-0.12634364,-0.02170557,0.18288353,-0.12904390,-0.03895586,-0.14821279,-0.13892761,-0.00147587,0.00103448,-0.09319839,-0.41760539,-0.16251060,0.88910635,0.24958155,0.07210234,0.01313180,0.12377468,-0.25370978,0.01811811,0.03890753,0.18071948,0.01541785,-0.08752793,-0.12577100,0.00553414,-0.00713271,0.04201555,-0.08989620,0.05320993,0.05910158,-0.05415487,-0.05351516,-0.10178517,0.08257770,0.13367556,-0.12865162,0.09549522
-0.00912462,-0.00786741,0.00504248,-0.02408982,0.02006636,-0.10988352,-0.17307922,1.29293051,-1.49636278,0.08270119,1.37162452,-1.60542617,-0.03969593,0.62331537,-2.70281506,0.50081793,0.62947123,-2.46378827,0.56219025,-0.01542790,0.03905753,0.14436028,0.21332405,0.15046587,-0.13126260,0.20343893,-0.19824877,-0.12619153,-0.02124669,0.18335587,-0.12897102,-0.03854047,-0.14765844,-0.13877960,-0.00171926,0.00095805,-0.09395871,-0.41737113,-0.16341684,0.88897021,0.24962504,0.07147875,0.01309767,0.12376681,-0.25388154,0.01816875,0.03953379,0.18087187,0.01538925,-0.08739160,-0.12532985,0.00558068,0.12183916,-0.06776189,-0.02566481,0.02410689,-0.02987480,-0.02496386,0.47816812,-0.30960915,-0.05768681,0.15571903,-0.01803518,0.16179942
0.00722448,-0.01098299,0.00073872,0.01365970,-0.01443285,0.09137760,-0.17261640,1.29306388,-1.49488587,0.08345085,1.37028689,-1.60305958,-0.03775998,0.62466713,-2.70504789,0.50000380,0.63251681,-2.46416926,0.56219025,-0.01542790,0.03905753,0.14447412,0.21338802,0.15075240,-0.13148989,0.20337308,-0.19806060,-0.12655562,-0.02132486,0.18340043,-0.12938671,-0.03879697,-0.14749085,-0.13898233,-0.00176019,0.00075309,-0.09360124,-0.41748509,-0.16290885,0.88904764,0.24967163,0.07176558,0.01298423,0.12397283,-0.25376571,0.01791851,0.03926007,0.18077477,0.01508741,-0.08749637,-0.12537407,0.00549179,0.00296509,0.02522993,0.07990693,0.04697343,-0.06727409,0.14189957,0.01080269,0.12309765,-0.10577487,-0.05951642,0.15234874,-0.02768039
0.00217501,0.01124017,-0.00133890,0.00180081,-0.02976520,0.05282335,-0.17481525,1.29255199,-1.49352980,0.08220508,1.37180603,-1.60424626,-0.04585491,0.62833792,-2.70266724,0.49679467,0.63115388,-2.46688533,0.56219025,-0.01542790,0.03905753,0.14450713,0.21318695,0.15054600,-0.13133291,0.20326148,-0.19851263,-0.12649627,-0.02144178,0.18293585,-0.12923650,-0.03879924,-0.14801355,-0.13895249,-0.00164572,0.00086823,-0.09323376,-0.41779538,-0.16236474,0.88904003,0.24945776,0.07200060,0.01317421,0.12408255,-0.25391579,0.01801085,0.03893244,0.18053094,0.01527062,-0.08743344,-0.12583560,0.00555463,-0.12647152,-0.04132747,0.06356478,-0.08698805,0.10472059,-0.10665178,-0.46205810,0.17897485,0.16223429,-0.17500161,-0.11226653,-0.15483855
0.05095418,0.00291216,0.00254436,0.01835894,0.12614592,-0.02286186,-0.17515516,1.29145086,-1.49157293,0.08055398,1.37365434,-1.60482199,-0.04190062,0.63564416,-2.70275335,0.49634957,0.63513079,-2.46646314,0.56219025,-0.01542790,0.03905753,0.14537090,0.21259755,0.14993280,-0.13213602,0.20289075,-0.19883988,-0.12714859,-0.02162269,0.18303085,-0.12988091,-0.03894562,-0.14785970,-0.13970360,-0.00100614,0.00071745,-0.09336409,-0.41656302,-0.16252339,0.88957549,0.24932599,0.07150857,0.01323489,0.12430566,-0.25423138,0.01822231,0.03940337,0.18053653,0.01549000,-0.08685997,-0.12580675,0.00566730,-0.01108396,-0.05314493,0.09286451,-0.07587352,0.08452606,-0.02464914,0.20632793,0.33855413,-0.01014232,-0.01382947,0.19027661,0.02671909
-0.00870298,-0.00617194,0.00100304,-0.00370529,-0.02229703,0.03306618,-0.17392912,1.29180458,-1.49142416,0.08183698,1.37207787,-1.60274389,-0.03785892,0.63387488,-2.70521059,0.49852257,0.63638833,-2.46485610,0.56219025,-0.01542790,0.03905753,0.14522075,0.21280189,0.15027074,-0.13219885,0.20298433,-0.19852431,-0.12724018,-0.02153375,0.18335890,-0.12998951,-0.03907393,-0.14756019,-0.13972470,-0.00121447,0.00065261,-0.09329588,-0.41680046,-0.16232500,0.88950764,0.24939436,0.07179440,0.01302190,0.12439184,-0.25397966,0.01798058,0.03931620,0.18076773,0.01523124,-0.08703956,-0.12558065,0.00549605,0.04740393,0.02267504,0.01425218,0.06008371,-0.07362270,0.10975598,0.15989138,-0.04542946,-0.11739062,0.09270357,0.07852649,0.06415271
0.00676434,-0.00006106,-0.00510602,0.01317825,-0.00898940,0.05766480,-0.17470592,1.29248035,-1.49066842,0.08207186,1.37180972,-1.60111976,-0.04005743,0.63729370,-2.70589209,0.49801445,0.63858205,-2.46567249,0.56219025,-0.01542790,0.03905753,0.14528263,0.21265401,0.15046754,-0.13239914,0.20271321,-0.19856435,-0.12742915,-0.02173308,0.18336506,-0.13020799,-0.03930552,-0.14766908,-0.13992519,-0.00104735,0.00057964,-0.09285298,-0.41692884,-0.16176678,0.88959551,0.24941607,0.07220564,0.01288349,0.12454341,-0.25387548,0.01785348,0.03911785,0.18080680,0.01507464,-0.08700125,-0.12576517,0.00535744,-0.03107214,0.02703094,0.03022957,0.00939506,-0.01072597,0.06496524,-0.08794015,0.13675259,-0.02725983,-0.02032471,0.08774900,-0.03265571
-0.00682555,0.00403692,0.00520936,-0.00330547,0.03303637,-0.07381627,-0.17539819,1.29131963,-1.49168522,0.08043111,1.37303338,-1.60451446,-0.04229997,0.63454344,-2.70247850,0.49590325,0.63451520,-2.46621952,0.56219025,-0.01542790,0.03905753,0.14523973,0.21273332,0.14997087,-0.13210528,0.20296148,-0.19884011,-0.12710723,-0.02154761,0.18301993,-0.12982614,-0.03888117,-0.14786720,-0.13961404,-0.00113628,0.00069080,-0.09316356,-0.41663906,-0.16227428,0.88960638,0.24930584,0.07158140,0.01313444,0.12435277,-0.25422732,0.01813250,0.03926242,0.18049219,0.01541359,-0.08687689,-0.12589910,0.00562569,-0.04153633,-0.06964301,-0.06100845,-0.09844458,0.07341956,-0.20368195,-0.13455265,-0.16501521,0.20481491,-0.12667178,-0.24401090,-0.03282165
0.01129972,-0.00262233,0.00446407,0.00641198,0.03808487,-0.01143262,-0.17420377,1.29050457,-1.49118626,0.08071368,1.37230837,-1.60378337,-0.03749586,0.63489026,-2.70381093,0.49527049,0.63635594,-2.46612406,0.56219025,-0.01542790,0.03905753,0.14542700,0.21277759,0.14997679,-0.13234945,0.20315064,-0.19865304,-0.12735045,-0.02155875,0.18303307,-0.13015357,-0.03892079,-0.14756919,-0.13984674,-0.00112250,0.00066132,-0.09329235,-0.41626265,-0.16247981,0.88973156,0.24938388,0.07147019,0.01307756,0.12453319,-0.25417954,0.01807655,0.03932218,0.18046708,0.01527344,-0.08683822,-0.12560946,0.00558026,0.08204966,-0.03149271,0.04518985,0.04156530,-0.06185531,0.09478568,0.32188517,0.06206274,-0.13114929,-0.00629783,0.17144679,0.01393318
-0.00327168,-0.00160214,-0.00085583,0.00987912,-0.04028825,0.11385959,-0.17520876,1.29094660,-1.48953426,0.08035901,1.37143445,-1.60196912,-0.04037501,0.63698798,-2.70470738,0.49485481,0.63769615,-2.46615887,0.56219025,-0.01542790,0.03905753,0.14536843,0.21288792,0.15008143,-0.13242017,0.20293932,-0.19871714,-0.12756090,-0.02156067,0.18309851,-0.13029730,-0.03914524,-0.14769799,-0.13991575,-0.00116858,0.00063833,-0.09263607,-0.41671916,-0.16150545,0.88976384,0.24934842,0.07196106,0.01294826,0.12472574,-0.25396624,0.01780753,0.03897165,0.18057912,0.01507113,-0.08691090,-0.12583420,0.00545268,-0.04823970,0.02121734,0.07929611,-0.01702416,-0.04194832,0.08708381,-0.13819938,0.10069084,-0.04302978,-0.01995277,0.06433010,-0.00167084
0.00134994,0.00551973,-0.00425839,-0.01456395,-0.00796700,-0.04424325,-0.17555640,1.29120276,-1.49013426,0.08019759,1.37233119,-1.60313876,-0.04277950,0.63800675,-2.70385480,0.49568655,0.63669465,-2.46617632,0.56219025,-0.01542790,0.03905753,0.14532057,0.21283234,0.14996151,-0.13225290,0.20287685,-0.19885611,-0.12734320,-0.02155112,0.18309602,-0.13012900,-0.03914570,-0.14788218,-0.13987322,-0.00104825,0.00070154,-0.09289850,-0.41680532,-0.16179238,0.88964398,0.24941387,0.07179851,0.01306768,0.12460801,-0.25407929,0.01797737,0.03919424,0.18061581,0.01519157,-0.08691806,-0.12589981,0.00544735,-0.02085829,0.01536941,-0.03600025,-0.00968510,0.05380440,-0.07017803,-0.14426949,0.06112575,0.05115509,0.04990482,-0.06009006,-0.00104713
-0.00220724,0.00017362,0.00144178,-0.01099677,0.01896879,-0.05230497,-0.17523361,1.29163907,-1.49124506,0.08048073,1.37301354,-1.60445182,-0.04084981,0.63591148,-2.70335841,0.49748675,0.63536037,-2.46550026,0.56219025,-0.01542790,0.03905753,0.14531810,0.21277074,0.14988283,-0.13215951,0.20277595,-0.19888927,-0.12719650,-0.02155032,0.18318757,-0.12990375,-0.03900075,-0.14779516,-0.13975925,-0.00107163,0.00074352,-0.09329560,-0.41659819,-0.16226354,0.88961363,0.24936129,0.07159270,0.01315859,0.12428111,-0.25413237,0.01812160,0.03934130,0.18071268,0.01541435,-0.08687385,-0.12575726,0.00555885,0.02979630,0.01849365,-0.04864740,0.02183059,0.01403904,-0.04369497,0.18791645,-0.15627908,0.00420571,0.08305907,-0.05001139,0.04108715
0.01105817,-0.00652063,0.00293256,0.02302166,-0.00310688,0.08504684,-0.17501636,1.29194424,-1.48994572,0.08064529,1.37168260,-1.60217917,-0.03910764,0.63825308,-2.70545592,0.49633499,0.63865358,-2.46597185,0.56219025,-0.01542790,0.03905753,0.14548309,0.21283864,0.15006835,-0.13243813,0.20264710,-0.19870963,-0.12758781,-0.02166969,0.18322071,-0.13034852,-0.03925250,-0.14763449,-0.14004807,-0.00105792,0.00060798,-0.09284963,-0.41662767,-0.16173595,0.88974255,0.24943374,0.07184508,0.01304497,0.12447205,-0.25393786,0.01789528,0.03908418,0.18068579,0.01513458,-0.08692569,-0.12573848,0.00543503,-0.00384969,0.01726913,0.08217573,-0.00063130,-0.06660175,0.12753152,-0.00619885,0.21296452,-0.11020087,-0.08015656,0.19423269,-0.04234028
-0.00496396,-0.00001447,-0.00215392,0.03069826,0.00744953,0.06090256,-0.17510276,1.29201186,-1.48958576,0.08059889,1.37146032,-1.60168457,-0.03959484,0.63944238,-2.70584989,0.49595496,0.63944888,-2.46620679,0.56219025,-0.01542790,0.03905753,0.14544350,0.21272038,0.15027171,-0.13249598,0.20267457,-0.19852773,-0.12782162,-0.02184607,0.18325955,-0.13036533,-0.03931356,-0.14761361,-0.14017940,-0.00106749,0.00058569,-0.09229701,-0.41659944,-0.16124290,0.88990275,0.24932803,0.07223504,0.01294752,0.12473263,-0.25370660,0.01762187,0.03879061,0.18078737,0.01507817,-0.08689454,-0.12578303,0.00526410,0.00000000,0.00000000,0.00000000,0.00000000,0.00000000,0.00000000,0.00000000,0.00000000,0.00000000,0.00000000,0.00000000,0.00000000
0.00001961,-0.00045134,-0.00626946,0.00131158,0.02360142,-0.00026611,-0.17718876,1.29255145,-1.49242458,0.07885105,1.37274764,-1.60519893,-0.04620803,0.63896352,-2.70271354,0.49524119,0.63531169,-2.46611304,0.56219025,-0.01542790,0.03905753,0.14535523,0.21278980,0.14977872,-0.13217631,0.20246801,-0.19902996,-0.12721447,-0.02170672,0.18306688,-0.12988742,-0.03926743,-0.14807976,-0.13979912,-0.00097704,0.00054316,-0.09233191,-0.41637767,-0.16124936,0.89000174,0.24931368,0.07173109,0.01317891,0.12448967,-0.25414159,0.01814076,0.03892970,0.18052126,0.01546781,-0.08690078,-0.12629003,0.00555611,-0.09810984,0.02665901,-0.13392447,-0.08423271,0.05885124,-0.16462754,-0.30517953,-0.02050566,0.14227866,-0.03025103,-0.19400811,0.00760174
0.00857293,-0.00367811,0.00079934,0.00228135,0.02125795,0.08650644,-0.17667360,1.29289401,-1.49142518,0.07852233,1.37169931,-1.60376356,-0.04246249,0.64197587,-2.70632062,0.49592571,0.63787473,-2.46560817,0.56219025,-0.01542790,0.03905753,0.14549877,0.21294864,0.14966266,-0.13246951,0.20225545,-0.19894419,-0.12753798,-0.02176076,0.18323211,-0.13022575,-0.03978973,-0.14781624,-0.14013934,-0.00092558,0.00043885,-0.09201868,-0.41628533,-0.16051516,0.89021007,0.24935214,0.07190284,0.01302927,0.12481394,-0.25387518,0.01796080,0.03866938,0.18066032,0.01527302,-0.08703411,-0.12612411,0.00535944,0.02081716,0.01675987,0.04826832,-0.01804063,-0.04819965,0.06581354,0.16346467,0.16834186,-0.17509460,0.02102136,0.13089680,0.01478290
0.00422835,0.00217303,-0.00532051,0.00240025,0.03109039,0.12836567,-0.17879705,1.29291883,-1.49092379,0.07674656,1.37258372,-1.60529978,-0.04650097,0.64666283,-2.70684977,0.49463516,0.63816541,-2.46657090,0.56219025,-0.01542790,0.03905753,0.14552104,0.21292081,0.14916837,-0.13253291,0.20183171,-0.19950394,-0.12753545,-0.02185918,0.18306033,-0.13031333,-0.04032497,-0.14808993,-0.14024077,-0.00077551,0.00042218,-0.09148999,-0.41609900,-0.15934845,0.89056121,0.24911726,0.07211650,0.01298813,0.12508060,-0.25393603,0.01798559,0.03817424,0.18062158,0.01520771,-0.08713055,-0.12646178,0.00528028,-0.12267672,-0.00120020,0.02349329,-0.10004970,0.05511474,-0.09461688,-0.23213954,0.21564530,-0.00619698,-0.05786883,-0.01367856,-0.04189110
-0.00199573,0.00393732,-0.00252430,-0.03825490,-0.00110675,0.06034608,-0.18005501,1.29284573,-1.49080920,0.07577927,1.37324166,-1.60640538,-0.04885431,0.64760172,-2.70635080,0.49442694,0.63732189,-2.46668363,0.56219025,-0.01542790,0.03905753,0.14544845,0.21305321,0.14867500,-0.13250541,0.20155848,-0.20004672,-0.12726510,-0.02167751,0.18294136,-0.13032978,-0.04049664,-0.14830517,-0.14010672,-0.00072346,0.00048190,-0.09149422,-0.41619214,-0.15857849,0.89065469,0.24897725,0.07221391,0.01294304,0.12525550,-0.25402510,0.01818335,0.03796477,0.18059485,0.01511867,-0.08703236,-0.12673906,0.00534173,-0.03773868,-0.00219297,0.00343752,-0.02901891,0.01973820,-0.03316784,-0.07060030,0.02816677,0.01496887,-0.00624669,-0.02530575,-0.00338173
0.01784879,0.00301082,0.00537850,-0.02226247,0.03465315,0.07435650,-0.18191108,1.29138708,-1.48721361,0.07341473,1.37485468,-1.60878658,-0.05157312,0.65377706,-2.70642328,0.49557689,0.63732642,-2.46604896,0.56219025,-0.01542790,0.03905753,0.14572400,0.21308245,0.14781960,-0.13252501,0.20119008,-0.20082849,-0.12753779,-0.02158278,0.18300128,-0.13039482,-0.04089150,-0.14856592,-0.14037877,-0.00058601,0.00050702,-0.09148285,-0.41605010,-0.15782550,0.89085595,0.24870862,0.07196996,0.01319899,0.12535353,-0.25434345,0.01818621,0.03781402,0.18073112,0.01532918,-0.08707197,-0.12702386,0.00534523,-0.11136442,-0.08751868,0.21573542,-0.14187232,0.09678125,-0.14287232,-0.16312814,0.37052032,-0.00434875,0.06899714,0.00027180,0.03808021
0.01682994,0.00816834,0.00082410,-0.02862712,0.03484130,0.05383133,-0.18255447,1.29051974,-1.48394222,0.07277740,1.37505159,-1.60781579,-0.04983007,0.66024684,-2.70877938,0.49576187,0.64034177,-2.46711307,0.56219025,-0.01542790,0.03905753,0.14600698,0.21305604,0.14736242,-0.13298944,0.20078170,-0.20133125,-0.12793904,-0.02174571,0.18294076,-0.13083557,-0.04145055,-0.14852440,-0.14084505,-0.00033265,0.00059246,-0.09157154,-0.41582258,-0.15719827,0.89106394,0.24864753,0.07212869,0.01301753,0.12556829,-0.25435169,0.01806793,0.03753341,0.18088766,0.01517141,-0.08708003,-0.12689298,0.00516193,-0.03519845,-0.04362487,0.15701007,-0.03494865,0.01621055,0.03528499,0.07357647,0.31112621,-0.10890197,0.01106787,0.13917803,-0.05116081
-0.00604179,0.01286184,-0.00857922,-0.03745848,-0.01410384,0.05479981,-0.18517635,1.28993342,-1.48333983,0.07096310,1.37811170,-1.61228104,-0.05567052,0.66060380,-2.70641055,0.49663131,0.63737661,-2.46746697,0.56219025,-0.01542790,0.03905753,0.14580072,0.21292526,0.14665772,-0.13252492,0.20048223,-0.20221497,-0.12751615,-0.02164720,0.18279938,-0.13045504,-0.04147031,-0.14898165,-0.14052815,-0.00018715,0.00079913,-0.09164560,-0.41602798,-0.15655360,0.89107394,0.24831007,0.07217693,0.01327581,0.12562824,-0.25465049,0.01828457,0.03738821,0.18099987,0.01534568,-0.08685867,-0.12727650,0.00527258,-0.13573336,-0.02521705,0.03622627,-0.08707326,0.14981173,-0.21134948,-0.29997825,0.01853227,0.12117576,0.04122305,-0.15011572,-0.02081680
-0.02796792,0.01243279,-0.00558722,-0.06913758,-0.08026030,-0.05020845,-0.18544552,1.29024327,-1.48316696,0.07141600,1.37928693,-1.61346142,-0.06066032,0.65980082,-2.70613904,0.49927769,0.63452213,-2.46761503,0.56219025,-0.01542790,0.03905753,0.14533294,0.21304783,0.14646479,-0.13210031,0.20038475,-0.20255304,-0.12703395,-0.02149042,0.18277763,-0.13000706,-0.04169238,-0.14934890,-0.14010171,-0.00031220,0.00110679,-0.09225795,-0.41675788,-0.15666246,0.89065044,0.24822374,0.07231916,0.01323263,0.12536141,-0.25460383,0.01829900,0.03736399,0.18124564,0.01532589,-0.08728184,-0.12726622,0.00523123,0.01934713,0.01625633,-0.00786495,0.03803327,0.04629993,-0.04999637,-0.22507193,-0.05311703,-0.01286602,0.15458607,-0.13790201,0.00089836
-0.01130242,0.00444901,0.00446226,-0.03385917,0.01267985,-0.01818316,-0.18429452,1.28991024,-1.48297584,0.07178404,1.37897880,-1.61403944,-0.05611041,0.65837457,-2.70812793,0.50069730,0.63409019,-2.46740522,0.56219025,-0.01542790,0.03905753,0.14511845,0.21334769,0.14625922,-0.13196483,0.20046588,-0.20257485,-0.12691516,-0.02137380,0.18279310,-0.12998867,-0.04182542,-0.14909561,-0.14008361,-0.00051022,0.00129125,-0.09276420,-0.41685451,-0.15679129,0.89052996,0.24822707,0.07227543,0.01315363,0.12529711,-0.25443448,0.01820330,0.03723657,0.18141714,0.01512978,-0.08749364,-0.12682102,0.00503484,0.03894621,-0.02384377,0.02624702,0.00216517,-0.01777840,-0.03190040,0.29847460,-0.06457686,-0.09560680,0.03644585,-0.00219369,0.00576782
0.00389357,0.01691238,-0.01041013,-0.00136455,0.04416661,0.03318822,-0.18655649,1.28912282,-1.48252404,0.06962591,1.38159466,-1.61846066,-0.05779681,0.65643239,-2.70533180,0.49840340,0.63105357,-2.46909666,0.56219025,-0.01542790,0.03905753,0.14505163,0.21315202,0.14557549,-0.13171344,0.20018594,-0.20328298,-0.12677716,-0.02140219,0.18235537,-0.12969945,-0.04155788,-0.14927470,-0.13983020,-0.00026759,0.00150863,-0.09275565,-0.41649811,-0.15647757,0.89075276,0.24799569,0.07215811,0.01333819,0.12530915,-0.25467268,0.01827446,0.03713125,0.18126641,0.01535217,-0.08692403,-0.12694624,0.00522143,-0.13792634,-0.04031896,0.01685143,-0.12504950,0.16121863,-0.25799274,-0.18217249,-0.10563611,0.18573759,-0.13456285,-0.18757938,-0.10122298
-0.00619593,0.00800273,-0.00862434,-0.02853586,-0.00175230,-0.00321573,-0.18725383,1.28896298,-1.48271439,0.06970910,1.38302155,-1.62028270,-0.06326977,0.65691339,-2.70336657,0.50015438,0.62900391,-2.46881886,0.56219025,-0.01542790,0.03905753,0.14482971,0.21304394,0.14538387,-0.13150860,0.20006939,-0.20364941,-0.12649491,-0.02134814,0.18236546,-0.12939431,-0.04164584,-0.14969385,-0.13953348,-0.00016275,0.00164457,-0.09303015,-0.41657422,-0.15639989,0.89070219,0.24789837,0.07228360,0.01332110,0.12532924,-0.25477813,0.01833480,0.03719119,0.18141550,0.01543540,-0.08696404,-0.12722808,0.00529623,-0.02856320,-0.00686502,-0.01161861,0.00449914,0.06871890,-0.08888482,-0.25603368,0.02915239,0.08833694,0.08910298,-0.09293388,0.01550388
0.00958446,-0.00154713,-0.00134773,-0.00323577,0.05190905,0.01044179,-0.18534794,1.28895745,-1.48307474,0.06990563,1.38288970,-1.61990652,-0.06015332,0.66072196,-2.70626183,0.50120020,0.63174577,-2.46858797,0.56219025,-0.01542790,0.03905753,0.14494850,0.21297653,0.14527545,-0.13181737,0.20011912,-0.20334231,-0.12672564,-0.02150013,0.18250444,-0.12974466,-0.04220348,-0.14950691,-0.13985889,-0.00004059,0.00155181,-0.09309058,-0.41613547,-0.15621251,0.89093382,0.24786842,0.07229838,0.01313113,0.12579093,-0.25449933,0.01822287,0.03707578,0.18153098,0.01520384,-0.08721386,-0.12703385,0.00508961,0.08980768,-0.00436735,-0.00921249,0.00926006,-0.00905228,0.02970457,0.15364332,0.19819163,-0.14374351,0.03746867,0.13726258,0.00300694
0.00500086,0.00609355,-0.00002819,0.00166387,0.03257089,0.00896485,-0.18577596,1.28794680,-1.48183606,0.06901162,1.38391480,-1.62109334,-0.06071022,0.66309106,-2.70678911,0.49923300,0.63183035,-2.47009716,0.56219025,-0.01542790,0.03905753,0.14504997,0.21280810,0.14498042,-0.13191496,0.20010108,-0.20356489,-0.12691051,-0.02161608,0.18223000,-0.12983246,-0.04249026,-0.14956112,-0.13995817,0.00006998,0.00164328,-0.09310953,-0.41581036,-0.15614941,0.89109468,0.24770411,0.07224038,0.01313501,0.12589436,-0.25457407,0.01813946,0.03693360,0.18141007,0.01521751,-0.08735233,-0.12693078,0.00509180,-0.03376704,-0.05240249,0.06031465,-0.05447271,0.06774473,-0.09676265,-0.06022005,0.08853436,-0.00472355,-0.09884547,-0.02268291,-0.07578563
0.00629621,0.00099815,-0.00950600,0.00344207,-0.02426992,0.11331465,-0.18842220,1.28756247,-1.48059099,0.06733015,1.38619442,-1.62338893,-0.06653247,0.66368320,-2.70479736,0.49744169,0.62939111,-2.47118139,0.56219025,-0.01542790,0.03905753,0.14502192,0.21252546,0.14462489,-0.13169225,0.19984465,-0.20416155,-0.12680643,-0.02157367,0.18195455,-0.12955489,-0.04246899,-0.14994040,-0.13975723,0.00026555,0.00160822,-0.09264614,-0.41605334,-0.15529445,0.89117896,0.24739344,0.07239831,0.01332967,0.12611689,-0.25487036,0.01821549,0.03676209,0.18116570,0.01546703,-0.08702560,-0.12748861,0.00526469,-0.14212792,-0.01108360,0.06393671,-0.08217599,0.11003637,-0.08844566,-0.31139094,0.04175806,0.10313701,-0.08732127,-0.12028813,-0.04963588
0.06084870,-0.00827620,0.01966957,0.02768221,0.12366144,0.11811624,-0.19065425,1.28298223,-1.47175145,0.06487820,1.38637102,-1.62101686,-0.06310742,0.67517102,-2.70585561,0.49481347,0.63611555,-2.47133088,0.56219025,-0.01542790,0.03905753,0.14601275,0.21220057,0.14396472,-0.13276104,0.19971431,-0.20501888,-0.12810905,-0.02167574,0.18198521,-0.13066189,-0.04273638,-0.14980702,-0.14088123,0.00064199,0.00135635,-0.09208168,-0.41526054,-0.15422592,0.89179258,0.24707080,0.07226308,0.01325171,0.12677041,-0.25556809,0.01790371,0.03658342,0.18106909,0.01535086,-0.08652547,-0.12775746,0.00513153,-0.10255247,-0.27503729,0.51707983,-0.13125077,-0.01022816,0.15211342,0.27386472,0.67727202,-0.08518695,-0.14090180,0.42702195,-0.00041485
0.00293346,-0.00204578,0.00511409,-0.01634146,-0.00829517,-0.00521756,-0.18863620,1.28493888,-1.47356663,0.06556806,1.38577709,-1.61880434,-0.06058263,0.67861288,-2.70933619,0.49489799,0.63852803,-2.47132902,0.56219025,-0.01542790,0.03905753,0.14613073,0.21218599,0.14402993,-0.13307617,0.19953588,-0.20454284,-0.12807791,-0.02163875,0.18204316,-0.13103472,-0.04327457,-0.14962547,-0.14116378,0.00058026,0.00132573,-0.09225358,-0.41534426,-0.15423609,0.89173407,0.24700380,0.07233952,0.01305457,0.12672919,-0.25507004,0.01805282,0.03654528,0.18108798,0.01509601,-0.08702114,-0.12746272,0.00496696,0.09103792,0.08973313,-0.07982396,0.03108144,-0.02421141,0.10258054,0.11206604,0.16490291,-0.16369056,-0.00270438,0.11117219,-0.00624847
-0.00790031,0.01280589,-0.00549359,-0.01751045,-0.04656565,0.04996922,-0.19139029,1.28329570,-1.47100725,0.06477735,1.38785901,-1.62089174,-0.06478390,0.67624583,-2.70700617,0.49307096,0.63526255,-2.47327623,0.56219025,-0.01542790,0.03905753,0.14595748,0.21198713,0.14382222,-0.13271403,0.19953143,-0.20529864,-0.12790933,-0.02160772,0.18164424,-0.13062983,-0.04299735,-0.14991457,-0.14081835,0.00067239,0.00156396,-0.09210731,-0.41580928,-0.15374210,0.89161777,0.24676543,0.07270885,0.01324345,0.12686098,-0.25541223,0.01804815,0.03634858,0.18097615,0.01532765,-0.08661525,-0.12768006,0.00513912,-0.13610260,-0.07765960,0.11704015,-0.03728413,0.10343026,-0.10714101,-0.20645636,-0.14049123,0.12291526,-0.07581638,-0.17279577,-0.08514403
-0.03187713,0.00001296,0.00017552,-0.04302123,-0.04734892,-0.07031881,-0.19126109,1.28211110,-1.47143891,0.06534121,1.38834960,-1.62276621,-0.06336616,0.66931722,-2.70563216,0.49542506,0.63099308,-2.47156606,0.56219025,-0.01542790,0.03905753,0.14547485,0.21222874,0.14377471,-0.13217151,0.19998014,-0.20548660,-0.12737378,-0.02120460,0.18175055,-0.13009287,-0.04250480,-0.14985603,-0.14032401,0.00033075,0.00171062,-0.09262474,-0.41627769,-0.15409960,0.89128383,0.24667512,0.07260952,0.01330335,0.12675619,-0.25564791,0.01810107,0.03651493,0.18108063,0.01538198,-0.08653657,-0.12758578,0.00515085,0.03208906,-0.06364345,-0.02963590,0.03723594,0.00994778,-0.08605242,0.11986317,-0.34776804,0.04631137,0.12844669,-0.20446943,0.09764956
-0.05009560,0.00445449,0.00813463,-0.06072582,-0.07912958,-0.18788752,-0.18755738,1.28150113,-1.47339151,0.06774999,1.38590124,-1.62119279,-0.05477332,0.65813656,-2.70744805,0.49808330,0.62791564,-2.47018924,0.56219025,-0.01542790,0.03905753,0.14482805,0.21293036,0.14410701,-0.13183840,0.20086559,-0.20485872,-0.12683616,-0.02080887,0.18186538,-0.12970981,-0.04207470,-0.14929018,-0.13975355,-0.00034016,0.00199447,-0.09378397,-0.41683708,-0.15551629,0.89065487,0.24696964,0.07230826,0.01298964,0.12641056,-0.25539305,0.01799188,0.03675162,0.18124911,0.01511824,-0.08697920,-0.12665822,0.00507449,0.19530146,-0.02033901,-0.10478639,0.12984564,-0.13722609,0.10547875,0.45241666,-0.60021610,-0.10030460,0.12521159,-0.15095542,0.05336666
-0.02211543,0.02125750,-0.00145869,-0.02696986,-0.06728466,-0.04155191,-0.18770079,1.28153229,-1.47360218,0.06879410,1.38645148,-1.62243176,-0.05637128,0.65276772,-2.70503044,0.49762565,0.62413990,-2.47172093,0.56219025,-0.01542790,0.03905753,0.14439575,0.21305013,0.14429090,-0.13127940,0.20101276,-0.20495701,-0.12643536,-0.02073052,0.18155543,-0.12919295,-0.04151733,-0.14941601,-0.13929871,-0.00053830,0.00245819,-0.09425184,-0.41745857,-0.15605227,0.89022055,0.24702306,0.07262653,0.01311635,0.12602730,-0.25521341,0.01796039,0.03673534,0.18135147,0.01520281,-0.08683445,-0.12638980,0.00509705,-0.05070001,0.00288963,0.01046419,0.03385529,0.06490231,-0.10347604,-0.19319347,-0.18973230,0.16797064,-0.05019128,-0.19722818,-0.09793281
-0.02118801,0.00898645,-0.00783742,-0.01188373,-0.04225342,-0.01366021,-0.18919216,1.28114495,-1.47494392,0.06759953,1.38874764,-1.62634459,-0.06132361,0.64797815,-2.70017152,0.49794705,0.61843829,-2.47061372,0.56219025,-0.01542790,0.03905753,0.14394777,0.21297077,0.14402133,-0.13059913,0.20121554,-0.20528740,-0.12582099,-0.02036870,0.18148382,-0.12848203,-0.04076650,-0.14977678,-0.13878797,-0.00060798,0.00266781,-0.09430278,-0.41787306,-0.15609668,0.89001288,0.24680722,0.07255636,0.01334864,0.12599570,-0.25540606,0.01812678,0.03702193,0.18137217,0.01546574,-0.08632987,-0.12674142,0.00515980,-0.06435478,-0.02200699,-0.06600093,-0.05366662,0.10725688,-0.18787478,-0.21902739,-0.24021219,0.23237512,0.02253520,-0.27318118,0.05742931
-0.00393572,0.00248155,0.01136162,-0.02026036,0.03373257,-0.16193853,-0.18579309,1.27998013,-1.47530942,0.06917404,1.38710952,-1.62533717,-0.05256978,0.64488214,-2.70128932,0.49995846,0.62044525,-2.46976600,0.56219025,-0.01542790,0.03905753,0.14400057,0.21326177,0.14416427,-0.13074481,0.20179195,-0.20475329,-0.12593870,-0.02038245,0.18168832,-0.12874561,-0.04048781,-0.14926654,-0.13891152,-0.00081816,0.00279375,-0.09526155,-0.41745016,-0.15748595,0.88986447,0.24710152,0.07207397,0.01325575,0.12582118,-0.25528837,0.01806187,0.03733394,0.18159673,0.01525496,-0.08645477,-0.12599342,0.00508905,0.16779004,-0.05281448,-0.01394462,0.07610580,-0.08349323,0.06073951,0.43180898,-0.13419557,-0.06280231,0.08514439,0.11793637,0.02944851
0.00238574,0.00869215,0.00425442,0.00031230,-0.00241743,-0.02987978,-0.18430991,1.27994037,-1.47505915,0.06969931,1.38613176,-1.62379658,-0.04878111,0.64539462,-2.70253944,0.49942157,0.62320757,-2.47063589,0.56219025,-0.01542790,0.03905753,0.14412679,0.21334847,0.14428164,-0.13094207,0.20194119,-0.20441624,-0.12613847,-0.02053018,0.18167006,-0.12910677,-0.04046288,-0.14902079,-0.13914548,-0.00079647,0.00297069,-0.09543794,-0.41737555,-0.15783391,0.88981892,0.24729475,0.07214808,0.01318472,0.12589698,-0.25493436,0.01798833,0.03734433,0.18177443,0.01502003,-0.08642842,-0.12552682,0.00498132,0.05932688,-0.00159073,0.01001072,0.02101081,-0.03911018,0.06162357,0.15154659,0.02049923,-0.05000496,-0.02147555,0.11049271,-0.03479576
0.02197663,0.00937270,-0.00350197,0.02186092,0.02916821,0.04358924,-0.18697692,1.27971320,-1.47357943,0.06842245,1.38816423,-1.62507756,-0.05625613,0.64918844,-2.69746838,0.49701368,0.62257357,-2.47183599,0.56219025,-0.01542790,0.03905753,0.14435285,0.21289128,0.14405608,-0.13102682,0.20152720,-0.20499035,-0.12626840,-0.02059945,0.18141598,-0.12908828,-0.04002697,-0.14958305,-0.13924358,-0.00046692,0.00305555,-0.09514330,-0.41720856,-0.15755620,0.88997799,0.24708630,0.07228166,0.01332603,0.12577460,-0.25520272,0.01808445,0.03744272,0.18165833,0.01526457,-0.08580237,-0.12615399,0.00510927,-0.16002058,-0.01362991,0.08878326,-0.07661175,0.12194823,-0.07685851,-0.44850111,0.22762871,0.30426404,-0.14447306,-0.03804016,-0.07200622
0.00576098,-0.00605515,0.01369247,0.00462061,0.04293415,-0.04891652,-0.18660796,1.27716410,-1.47096980,0.06680350,1.38716996,-1.62426615,-0.05003265,0.64817005,-2.69717169,0.49556255,0.62325323,-2.47033763,0.56219025,-0.01542790,0.03905753,0.14463912,0.21312163,0.14361557,-0.13139647,0.20191625,-0.20507286,-0.12666816,-0.02027561,0.18146452,-0.12941699,-0.03961253,-0.14921459,-0.13951503,-0.00053107,0.00301687,-0.09527138,-0.41678171,-0.15783530,0.89011482,0.24713553,0.07162819,0.01324265,0.12592392,-0.25550622,0.01797096,0.03779052,0.18154398,0.01522213,-0.08542131,-0.12593193,0.00512409,0.06214320,-0.14953850,0.13438225,-0.07798388,-0.09014367,0.06789923,0.48553434,-0.11801004,-0.05826473,-0.05094945,0.05028963,0.10790347
-0.04204455,-0.00839314,0.00703361,-0.03829370,-0.13131066,-0.06974161,-0.18380435,1.27805405,-1.47203019,0.07105576,1.38406725,-1.62064769,-0.04389108,0.63972639,-2.70070329,0.49847572,0.62216862,-2.46885300,0.56219025,-0.01542790,0.03905753,0.14407482,0.21368269,0.14469591,-0.13094490,0.20247714,-0.20432680,-0.12630219,-0.01995256,0.18175018,-0.12917032,-0.03947019,-0.14870966,-0.13909913,-0.00121417,0.00306652,-0.09574221,-0.41795637,-0.15847815,0.88939900,0.24744038,0.07211806,0.01312993,0.12558739,-0.25513455,0.01777263,0.03779648,0.18169855,0.01490451,-0.08601927,-0.12531008,0.00497569,0.12853645,0.04054642,-0.04868602,0.20329937,-0.14843844,0.17189454,0.27846965,-0.40993235,-0.16317843,0.13281297,-0.06065940,0.06954574
0.00183106,0.00413202,0.00042742,0.02059414,-0.04153706,0.11153208,-0.18786000,1.27619929,-1.46936185,0.06956964,1.38520794,-1.62158873,-0.05134897,0.64041349,-2.69771752,0.49559107,0.61952053,-2.46915522,0.56219025,-0.01542790,0.03905753,0.14404347,0.21354745,0.14459925,-0.13068689,0.20252831,-0.20513991,-0.12616890,-0.01971184,0.18152182,-0.12892757,-0.03920205,-0.14916157,-0.13893704,-0.00121846,0.00316140,-0.09502764,-0.41846735,-0.15763047,0.88938600,0.24718337,0.07250102,0.01335658,0.12572325,-0.25565494,0.01787457,0.03770592,0.18155316,0.01511590,-0.08573872,-0.12584364,0.00510643,-0.21315477,-0.10043048,0.14903639,-0.08512249,0.06598377,-0.04750585,-0.36584529,0.06440806,0.14745425,-0.13798426,-0.11589288,-0.00955009
0.01822273,-0.00658518,0.00698143,0.01064148,0.03083259,0.04707588,-0.19109533,1.27218285,-1.46403685,0.06691891,1.38588758,-1.62170081,-0.04991285,0.64312452,-2.69734602,0.49552278,0.61962854,-2.46739397,0.56219025,-0.01542790,0.03905753,0.14445432,0.21347118,0.14397246,-0.13102252,0.20270151,-0.20610503,-0.12654298,-0.01948741,0.18168063,-0.12905091,-0.03908599,-0.14909405,-0.13928247,-0.00107604,0.00301120,-0.09470417,-0.41823396,-0.15712342,0.88961998,0.24697702,0.07205966,0.01343180,0.12601565,-0.25663257,0.01791135,0.03791084,0.18152629,0.01540341,-0.08531971,-0.12606147,0.00517186,-0.13281887,-0.20705365,0.26157759,-0.12254896,0.01147270,0.00359344,0.14664786,0.09568475,-0.00389957,0.01225269,-0.00006223,0.09757519
-0.01254784,-0.01222337,0.01018717,-0.00012101,-0.02062048,0.03542887,-0.19131271,1.26974549,-1.45992146,0.06800057,1.38285594,-1.61784911,-0.04428876,0.64210917,-2.69960594,0.50000921,0.62079519,-2.46618595,0.56219025,-0.01542790,0.03905753,0.14444608,0.21389703,0.14427225,-0.13136420,0.20301817,-0.20627012,-0.12698950,-0.01974605,0.18211937,-0.12890349,-0.03906742,-0.14869481,-0.13947749,-0.00143099,0.00288565,-0.09456748,-0.41836509,-0.15687849,0.88961609,0.24708711,0.07220504,0.01308188,0.12603566,-0.25695276,0.01745658,0.03736200,0.18191771,0.01554259,-0.08546795,-0.12585517,0.00496859,-0.00963718,-0.09984541,0.19834612,0.08141943,-0.16618537,0.22302532,0.24824178,-0.04816460,-0.11683559,0.25420151,0.07438158,0.04535580
-0.03705376,-0.00813642,0.00264890,0.01278684,-0.04703127,0.10553654,-0.18557630,1.28091037,-1.47408652,0.06890540,1.38182259,-1.61814690,-0.04536000,0.62703234,-2.70091653,0.49914008,0.61690485,-2.46535277,0.56219025,-0.01542790,0.03905753,0.14397913,0.21416223,0.14468682,-0.13091981,0.20210355,-0.20412909,-0.12608613,-0.01944894,0.18205286,-0.12843665,-0.03926700,-0.14859509,-0.13805696,-0.00195296,0.00287781,-0.09400252,-0.41883765,-0.15611546,0.88958783,0.24685578,0.07283457,0.01305933,0.12566130,-0.25447240,0.01789300,0.03686526,0.18180420,0.01554248,-0.08597834,-0.12581614,0.00592217,0.34574208,0.68325514,-0.88734621,0.02980470,-0.02438307,-0.07160424,-0.10403349,-0.89575762,-0.05411625,-0.11195182,-0.25311112,0.04543304
-0.01282145,0.00755049,-0.00359005,0.00019631,-0.01810810,-0.03732548,-0.18751582,1.27861197,-1.47415025,0.06637905,1.38318903,-1.62305281,-0.04919423,0.62328707,-2.69722815,0.49912231,0.61275508,-2.46469173,0.56219025,-0.01542790,0.03905753,0.14371926,0.21444713,0.14411012,-0.13016071,0.20262396,-0.20463557,-0.12558130,-0.01924457,0.18197744,-0.12790488,-0.03874115,-0.14886038,-0.13763222,-0.00199834,0.00305530,-0.09412657,-0.41897344,-0.15646611,0.88944916,0.24696163,0.07215111,0.01355854,0.12571845,-0.25505439,0.01813796,0.03715093,0.18181065,0.01581438,-0.08572413,-0.12598067,0.00608703,-0.09174710,-0.11321210,-0.00145340,-0.13306121,0.06205129,-0.25436781,-0.17115880,-0.18681334,0.17333506,-0.00047064,-0.20056270,0.03447819
0.00032844,-0.00394913,0.00532788,0.00709115,0.01402696,-0.00534464,-0.18652078,1.27807724,-1.47347224,0.06445951,1.38164403,-1.62558525,-0.04277074,0.62095834,-2.69926052,0.49928771,0.61367528,-2.46364317,0.56219025,-0.01542790,0.03905753,0.14378195,0.21521058,0.14364970,-0.12970860,0.20280418,-0.20441571,-0.12581275,-0.01912975,0.18211466,-0.12808070,-0.03870061,-0.14842010,-0.13774663,-0.00210274,0.00302042,-0.09414141,-0.41883614,-0.15657440,0.88949319,0.24745347,0.07137635,0.01407335,0.12579022,-0.25496933,0.01796921,0.03724330,0.18185997,0.01570125,-0.08568317,-0.12558975,0.00603533,0.05295413,-0.01763963,0.03265285,-0.05619053,-0.07500886,-0.05752657,0.32098690,-0.10452174,-0.10340595,0.00801158,0.06208062,0.04917240
0.00290173,0.00256510,0.00160495,0.00840518,0.00959836,0.01221812,-0.18493783,1.27877483,-1.47457330,0.06798037,1.38147888,-1.62017770,-0.04169356,0.62189686,-2.69946823,0.49870031,0.61556424,-2.46445327,0.56219025,-0.01542790,0.03905753,0.14386610,0.21444066,0.14456541,-0.13056113,0.20289887,-0.20395365,-0.12592272,-0.01930643,0.18208529,-0.12830317,-0.03867234,-0.14834678,-0.13790289,-0.00208855,0.00303896,-0.09399568,-0.41873457,-0.15644987,0.88957833,0.24701201,0.07255776,0.01330497,0.12609278,-0.25451606,0.01794338,0.03704401,0.18191443,0.01556293,-0.08559274,-0.12552763,0.00596321,0.07862233,0.02900934,-0.07034826,0.15087452,0.00105858,0.21158695,0.00077100,0.05576920,0.01143551,-0.03638113,0.07199406,-0.05257988
-0.00641729,0.01335702,-0.00797379,-0.00834323,0.02269071,-0.12274017,-0.18550071,1.27804809,-1.47660429,0.06761351,1.38319845,-1.62342620,-0.04800781,0.62259226,-2.69556570,0.49901837,0.61283084,-2.46514525,0.56219025,-0.01542790,0.03905753,0.14368790,0.21428858,0.14437295,-0.13022073,0.20314476,-0.20418953,-0.12542113,-0.01940821,0.18192298,-0.12789331,-0.03844466,-0.14882729,-0.13765718,-0.00196214,0.00325407,-0.09452007,-0.41847574,-0.15732699,0.88948987,0.24705588,0.07219729,0.01346717,0.12592118,-0.25482927,0.01826677,0.03733916,0.18193831,0.01579459,-0.08563041,-0.12569233,0.00603073,-0.04907691,-0.04471063,-0.09555387,-0.03205150,0.09550952,-0.19019507,-0.33653858,0.02349543,0.21440791,0.03196871,-0.16043972,-0.02134323
-0.08230629,-0.01680680,0.00156122,-0.03518634,-0.00513056,-0.06347065,-0.18347448,1.27682388,-1.48206425,0.06547508,1.38003266,-1.63390994,-0.02889507,0.59227258,-2.69083023,0.50232738,0.60265797,-2.45920706,0.56219025,-0.01542790,0.03905753,0.14260963,0.21640603,0.14361429,-0.12808544,0.20417174,-0.20391747,-0.12430331,-0.01837356,0.18222972,-0.12675126,-0.03617605,-0.14762367,-0.13611448,-0.00288093,0.00331772,-0.09512418,-0.41844746,-0.15789085,0.88933885,0.24796097,0.07065994,0.01452418,0.12584661,-0.25494117,0.01830631,0.03764834,0.18193081,0.01585837,-0.08412345,-0.12513892,0.00649515,0.13766885,-0.06199836,-0.31028506,-0.11778294,-0.21190880,-0.58265442,1.22031951,-1.82049739,0.23546217,0.18732725,-0.57115316,0.35658357
0.00852735,0.00989377,-0.00627098,0.00883635,-0.00336927,0.00516578,-0.18300368,1.27725809,-1.48192186,0.06950481,1.38048720,-1.62559485,-0.03882214,0.60281024,-2.68850074,0.50179418,0.60696068,-2.46138420,0.56219025,-0.01542790,0.03905753,0.14264428,0.21519645,0.14468540,-0.12944976,0.20414037,-0.20371620,-0.12445956,-0.01881518,0.18217942,-0.12719769,-0.03637073,-0.14831373,-0.13658864,-0.00262794,0.00342556,-0.09500616,-0.41847953,-0.15786356,0.88934122,0.24741366,0.07214656,0.01319452,0.12611179,-0.25464355,0.01818472,0.03748193,0.18212797,0.01544659,-0.08428551,-0.12561641,0.00605564,0.02198750,0.02147627,0.00421142,0.19371511,0.02702093,0.39583254,-0.50094327,0.52892946,0.11697864,-0.03073668,0.20837258,-0.11190890
0.00944304,0.01385692,0.00051962,-0.01464264,-0.00900602,-0.07946533,-0.18340661,1.27607849,-1.48249335,0.06974795,1.38262072,-1.62708068,-0.04568526,0.60805557,-2.68615260,0.50059737,0.60638952,-2.46347580,0.56219025,-0.01542790,0.03905753,0.14281422,0.21477001,0.14467006,-0.12933776,0.20446503,-0.20391946,-0.12411411,-0.01900089,0.18188138,-0.12711011,-0.03640883,-0.14882609,-0.13670937,-0.00237154,0.00364827,-0.09541212,-0.41846109,-0.15849382,0.88919433,0.24734958,0.07216798,0.01347646,0.12627762,-0.25488313,0.01870011,0.03769789,0.18207560,0.01570411,-0.08439537,-0.12576153,0.00610486,-0.02112061,-0.07394742,-0.02117443,0.01314685,0.10199690,-0.07269143,-0.28956716,0.19911072,0.11507320,-0.04609323,-0.04348325,-0.08846568
-0.00891463,0.00253003,0.00898775,-0.03938200,-0.04373115,-0.07276122,-0.18323111,1.27295661,-1.48183739,0.07048952,1.38239205,-1.62631907,-0.04253465,0.60484049,-2.68602042,0.50253689,0.60464551,-2.46179895,0.56219025,-0.01542790,0.03905753,0.14277463,0.21493921,0.14466216,-0.12924705,0.20534871,-0.20418589,-0.12357853,-0.01862478,0.18203798,-0.12693307,-0.03608172,-0.14865969,-0.13657878,-0.00259328,0.00380099,-0.09603824,-0.41885261,-0.15907531,0.88883868,0.24735403,0.07200911,0.01352757,0.12654894,-0.25539442,0.01919610,0.03806112,0.18221604,0.01584156,-0.08438339,-0.12547379,0.00619585,0.01650756,-0.14558171,0.03027248,0.04008320,-0.02569771,0.05735493,0.15049038,-0.11904644,-0.01088333,0.10084461,-0.06907796,0.08929824
0.00308382,0.00580498,0.01013965,-0.01571182,-0.01666091,-0.03330027,-0.18286184,1.27151022,-1.48012936,0.07136371,1.38088696,-1.62294354,-0.04248555,0.60915647,-2.68635192,0.50126920,0.60686948,-2.46216040,0.56219025,-0.01542790,0.03905753,0.14292147,0.21508928,0.14479370,-0.12963006,0.20565284,-0.20425475,-0.12362662,-0.01847559,0.18198192,-0.12737015,-0.03609904,-0.14869945,-0.13696826,-0.00268074,0.00394517,-0.09631896,-0.41902720,-0.15932938,0.88868049,0.24748014,0.07212248,0.01329142,0.12661621,-0.25546839,0.01929486,0.03817356,0.18224181,0.01555132,-0.08455548,-0.12532662,0.00595322,0.01266843,-0.06607675,0.09844779,0.04203066,-0.07375430,0.17564105,-0.02152021,0.24940178,-0.00371933,-0.09932541,0.13275574,-0.04391098
0.01444486,0.00275640,0.00398868,-0.00359795,-0.00733465,-0.06414991,-0.18321320,1.27147233,-1.47996163,0.07279638,1.38065970,-1.61986041,-0.04695039,0.61486542,-2.68495917,0.49924719,0.60874218,-2.46425772,0.56219025,-0.01542790,0.03905753,0.14318299,0.21479302,0.14513215,-0.13008007,0.20561671,-0.20435787,-0.12357294,-0.01863777,0.18173294,-0.12766206,-0.03612062,-0.14904245,-0.13728000,-0.00257304,0.00398885,-0.09659489,-0.41904986,-0.15983680,0.88854873,0.24749245,0.07230163,0.01310293,0.12636583,-0.25565541,0.01961005,0.03824733,0.18205604,0.01552093,-0.08472333,-0.12550895,0.00590299,-0.02187699,0.00906944,-0.01353979,0.07805809,0.00066519,0.14780043,-0.25639346,0.28257608,0.08045196,-0.09067296,0.07934331,-0.10930537
0.03504371,0.01616542,-0.00355677,0.00034612,-0.04327952,-0.10779361,-0.18239054,1.27388146,-1.48087802,0.07326128,1.38279886,-1.61840098,-0.06170246,0.62935501,-2.68507657,0.49653434,0.61118932,-2.46900663,0.56219025,-0.01542790,0.03905753,0.14369202,0.21407876,0.14536155,-0.13030743,0.20528270,-0.20394502,-0.12364594,-0.01921311,0.18126656,-0.12785352,-0.03710926,-0.15001862,-0.13778286,-0.00194840,0.00412703,-0.09697199,-0.41933029,-0.16085032,0.88819239,0.24768895,0.07225108,0.01338459,0.12614644,-0.25534603,0.02004608,0.03863000,0.18183494,0.01583850,-0.08568000,-0.12576410,0.00590916,0.04097843,0.11064576,-0.04549312,0.02670711,0.09907864,0.07583284,-0.70472553,0.69271297,-0.00709820,-0.13275932,0.12081957,-0.22727106
-0.01803743,-0.01048693,0.01014528,-0.00090211,-0.01209083,-0.08812139,-0.18142656,1.27057064,-1.48159008,0.07590477,1.38013511,-1.61584423,-0.05452869,0.62454156,-2.68574395,0.49461649,0.61252999,-2.46793995,0.56219025,-0.01542790,0.03905753,0.14356498,0.21442041,0.14603441,-0.13031425,0.20648329,-0.20381766,-0.12317423,-0.01880467,0.18128729,-0.12827285,-0.03663696,-0.14952714,-0.13777803,-0.00236293,0.00408997,-0.09734282,-0.41939338,-0.16162524,0.88798134,0.24793818,0.07229198,0.01325072,0.12644391,-0.25588269,0.02039075,0.03892635,0.18161150,0.01529213,-0.08572019,-0.12534031,0.00578695,0.05038619,-0.17368840,-0.03519058,0.13664996,-0.14181947,0.12450455,0.41355691,-0.27487061,-0.03272724,-0.10235881,0.06365633,0.06061649
-0.00774301,-0.00824412,0.00866436,0.02909660,0.01901233,-0.10608140,-0.18051238,1.26701968,-1.48269973,0.07864098,1.37709920,-1.61363137,-0.04837587,0.62309914,-2.68431172,0.49108082,0.61253550,-2.46717305,0.56219025,-0.01542790,0.03905753,0.14351053,0.21470952,0.14687586,-0.13034903,0.20776626,-0.20356798,-0.12284777,-0.01845624,0.18117052,-0.12854529,-0.03585433,-0.14913127,-0.13813738,-0.00270029,0.00399259,-0.09756460,-0.41907086,-0.16265109,0.88792195,0.24832535,0.07224814,0.01316150,0.12672885,-0.25649702,0.02066276,0.03933790,0.18118226,0.01496524,-0.08552218,-0.12510506,0.00537315,0.04083645,-0.16365479,-0.06028318,0.12878599,-0.13825320,0.11387014,0.18769440,0.02998496,0.09132384,-0.18002914,-0.00632143,0.02078247
-0.12246646,0.03650642,0.01627455,0.09760015,0.02478568,-0.18475881,-0.18178701,1.26231525,-1.49218655,0.07892878,1.37304008,-1.61939037,-0.01640027,0.57451901,-2.67350049,0.48118628,0.59504673,-2.46442151,0.56219025,-0.01542790,0.03905753,0.14210968,0.21594189,0.14753823,-0.12884431,0.21012331,-0.20338170,-0.12089025,-0.01715280,0.18031907,-0.12690352,-0.03123883,-0.14686050,-0.13600872,-0.00388700,0.00507929,-0.09755408,-0.41855230,-0.16452565,0.88782233,0.24887821,0.07222228,0.01326536,0.12644933,-0.25669994,0.02121942,0.04003139,0.18080738,0.01520616,-0.08228097,-0.12297638,0.00610096,-0.08074700,-0.26064918,-0.55331178,-0.00206932,-0.22673035,-0.37089584,1.97695437,-3.00248891,0.61463923,-0.55506987,-1.04278412,0.17498587
-0.21141906,0.11438299,0.04729842,0.14398956,0.03409796,-0.44654793,-0.18251996,1.25119185,-1.50406301,0.07643015,1.36494803,-1.62983215,0.04975193,0.45418566,-2.63410401,0.45665002,0.56215119,-2.46152115,0.56219025,-0.01542790,0.03905753,0.13944988,0.21867610,0.14788235,-0.12620033,0.21473250,-0.20290401,-0.11804922,-0.01447463,0.17808690,-0.12419471,-0.01921590,-0.14212314,-0.12914351,-0.00610609,0.00812231,-0.09807287,-0.41763179,-0.16867738,0.88741949,0.25007154,0.07185179,0.01324955,0.12582234,-0.25621644,0.02140066,0.04149935,0.18033782,0.01525517,-0.07299156,-0.11874208,0.01030637,-0.02272278,-0.60764545,-0.57823414,-0.14456613,-0.43304440,-0.52744389,3.46028876,-6.44745779,2.21863747,-1.34305882,-1.71467173,0.12780190
-0.04608593,0.08887637,0.04378951,0.17614547,0.10690175,-0.39847399,-0.18173297,1.24387679,-1.50587027,0.07543444,1.35823600,-1.62924623,0.06832954,0.37743881,-2.59677157,0.43369190,0.55336080,-2.46677070,0.56219025,-0.01542790,0.03905753,0.13918423,0.21969934,0.14865209,-0.12605278,0.21731712,-0.20197914,-0.11809257,-0.01402003,0.17615099,-0.12406674,-0.01162586,-0.14055674,-0.12268763,-0.00660966,0.01029049,-0.09839564,-0.41600874,-0.17287416,0.88733847,0.25149094,0.07152222,0.01313144,0.12511304,-0.25555050,0.02109166,0.04264936,0.17999400,0.01511749,-0.06725009,-0.11704409,0.01649659,0.03393603,-0.35746906,-0.09549236,-0.04407942,-0.33243368,0.03599167,0.87822505,-3.77725015,1.86246574,-1.13261343,-0.41890955,-0.26670454
0.06802087,0.05282384,0.04058646,0.22374817,0.14008032,-0.31348967,-0.18308185,1.24103312,-1.50732419,0.07750510,1.35384181,-1.62289867,0.05520167,0.32944884,-2.55941482,0.41664490,0.55782828,-2.47510495,0.56219025,-0.01542790,0.03905753,0.14064778,0.21906950,0.15045733,-0.12718551,0.21836812,-0.20115693,-0.11891723,-0.01515120,0.17489624,-0.12492085,-0.00599136,-0.14112574,-0.11707281,-0.00602071,0.01122592,-0.09791173,-0.41404275,-0.17641395,0.88761479,0.25275208,0.07176926,0.01346227,0.12429945,-0.25554252,0.02173055,0.04343284,0.17966760,0.01572693,-0.06289648,-0.11807033,0.02357497,-0.06173658,-0.13888978,-0.04351616,0.10566615,-0.21237087,0.34151458,-0.72017189,-2.41239190,1.88886158,-0.86970052,0.25290155,-0.42642401
0.06162085,0.00861409,0.05563835,0.17543963,0.14818732,-0.36044519,-0.17913409,1.23859646,-1.50607479,0.08169210,1.34654706,-1.61148627,0.03982272,0.33143144,-2.53725619,0.40343125,0.56636361,-2.47782822,0.56219025,-0.01542790,0.03905753,0.14239018,0.21883014,0.15245172,-0.12893435,0.21949005,-0.19940635,-0.12057837,-0.01539828,0.17432624,-0.12653154,-0.00242868,-0.14197167,-0.11695602,-0.00578546,0.01153184,-0.09806561,-0.41210443,-0.18021049,0.88773715,0.25409735,0.07144077,0.01345582,0.12357104,-0.25531207,0.02181180,0.04489767,0.17903696,0.01585864,-0.06095246,-0.11930567,0.02543415,0.23894010,-0.12435007,0.03114366,0.22624726,-0.40842100,0.57299563,-0.66390130,0.62464204,0.91390228,-0.58764802,0.40839027,-0.06063081
0.07401119,-0.02943052,0.05730636,0.18751635,0.23657104,-0.41326845,-0.17091720,1.23674028,-1.50737002,0.08968415,1.33465889,-1.59726179,0.03249974,0.38661377,-2.53795257,0.39954511,0.58024284,-2.47458839,0.56219025,-0.01542790,0.03905753,0.14417713,0.21918806,0.15522750,-0.13093374,0.22081088,-0.19675872,-0.12246723,-0.01559333,0.17490078,-0.12857022,-0.00202591,-0.14235204,-0.12354230,-0.00604271,0.01107221,-0.09851326,-0.40937050,-0.18433320,0.88810596,0.25582311,0.07078216,0.01324339,0.12284469,-0.25512223,0.02170990,0.04636861,0.17866244,0.01560691,-0.06230125,-0.11970693,0.02063483,0.41198334,-0.08448743,-0.05888128,0.42075551,-0.59665912,0.73696941,-0.39063520,2.76560197,-0.06933975,-0.17406641,0.76577634,0.14608954
0.66208587,-0.07050593,-0.15444141,-0.43125796,0.28776666,-0.42250813,-0.15880583,1.25228083,-1.47675502,0.10518452,1.35183513,-1.57090390,0.05708233,0.49196920,-2.57123280,0.42483476,0.63774693,-2.47472000,0.56219025,-0.01542790,0.03905753,0.15129276,0.21164732,0.15583397,-0.13832255,0.21256218,-0.19672218,-0.13023745,-0.01761544,0.17745823,-0.13562515,-0.00718539,-0.14133836,-0.13562389,0.00184365,0.00631013,-0.10366821,-0.40704751,-0.18647310,0.88814020,0.25689687,0.06976615,0.01297021,0.12343605,-0.25655407,0.02105530,0.05315943,0.17709777,0.01566760,-0.05864296,-0.12163335,0.01566887,0.64394379,0.94683403,1.84691179,0.83952510,1.15058172,1.42635572,1.56042826,5.76625919,-1.97258937,1.54611993,3.27554560,-0.03234386
0.13715700,-0.06083916,0.02923322,0.23818571,0.20487363,-0.37623173,-0.14879921,1.25485086,-1.48035297,0.11580182,1.34229481,-1.55438588,0.03931917,0.55055264,-2.58131628,0.41236213,0.65258087,-2.47985115,0.56219025,-0.01542790,0.03905753,0.15369681,0.21056591,0.15968642,-0.14052334,0.21319936,-0.19306319,-0.13250501,-0.01893239,0.17689713,-0.13766184,-0.01051093,-0.14250105,-0.14129580,0.00250378,0.00472876,-0.10351485,-0.40444694,-0.19057269,0.88847589,0.25873725,0.06939843,0.01317346,0.12327033,-0.25631300,0.02119179,0.05422740,0.17495126,0.01603496,-0.06287489,-0.12232500,0.01240101,0.49428033,0.13281440,-0.16356612,0.52241398,-0.47793672,0.84696143,-0.89299855,2.99085608,-0.52046009,-0.64300239,0.78155205,-0.26369188
0.25708037,-0.06871716,0.04318686,0.36740240,0.36688369,-0.29888312,-0.13909450,1.25894036,-1.47617640,0.12252295,1.32916276,-1.52736123,0.03295007,0.61981786,-2.59466209,0.39273584,0.68632179,-2.48489170,0.56219025,-0.01542790,0.03905753,0.15820955,0.20892771,0.16310856,-0.14526880,0.21218290,-0.18907371,-0.13741353,-0.02083041,0.17639688,-0.14252720,-0.01446727,-0.14256312,-0.14862635,0.00454217,0.00244781,-0.10216335,-0.40020047,-0.19435631,0.88973471,0.26130902,0.06821996,0.01294075,0.12323245,-0.25578284,0.02079602,0.05610768,0.17242064,0.01568235,-0.06581464,-0.12238594,0.00958320,0.51247068,0.19810580,0.20491646,0.33935055,-0.68791578,1.35099638,-0.18031220,3.26165910,-0.61848446,-0.95599613,1.67684042,-0.21544932
0.21224528,-0.09808679,0.05758855,0.40206754,0.35595656,-0.11074348,-0.12849034,1.26205924,-1.47392507,0.12876885,1.31022272,-1.50395212,0.04339824,0.64693571,-2.59411893,0.37926114,0.71460769,-2.48024940,0.56219025,-0.01542790,0.03905753,0.16220420,0.20922358,0.16669706,-0.14878134,0.21166912,-0.18469662,-0.14203009,-0.02178452,0.17688280,-0.14692417,-0.01459695,-0.14104167,-0.15291909,0.00552504,-0.00009384,-0.09989888,-0.39604816,-0.19679371,0.89131269,0.26451803,0.06687665,0.01342286,0.12355898,-0.25501471,0.02017411,0.05771074,0.17031374,0.01528003,-0.06527923,-0.12294571,0.00928511,0.48473181,0.15897559,0.10113858,0.30095421,-0.94245523,1.13477174,0.41429632,1.33762252,0.06843567,-0.66285533,1.38015592,0.25578687
0.23264674,-0.11139191,0.05573057,0.47811710,0.37201665,0.06093355,-0.12213368,1.26654074,-1.47359610,0.13249649,1.29452305,-1.48094239,0.04117347,0.67452704,-2.59039731,0.36631995,0.73851564,-2.47091351,0.56219025,-0.01542790,0.03905753,0.16637375,0.20843073,0.17012497,-0.15255584,0.21054778,-0.18086953,-0.14633976,-0.02238628,0.17772212,-0.15099793,-0.01508907,-0.14044754,-0.15686482,0.00665230,-0.00296653,-0.09623471,-0.39191849,-0.19783051,0.89330950,0.26667669,0.06612176,0.01381792,0.12393015,-0.25454169,0.02003400,0.05951093,0.16818330,0.01537582,-0.06498600,-0.12470866,0.00950893,0.32083383,0.23466968,0.00865316,0.17254024,-0.75712675,1.18217601,-0.12985565,1.40257061,0.17658804,-0.65260428,1.18575656,0.49005889
0.24498751,-0.13553703,0.05686072,0.54209884,0.31639793,0.12690004,-0.11575537,1.26967239,-1.47144020,0.13145062,1.27589440,-1.45846367,0.03885120,0.70751989,-2.59092832,0.35043961,0.76534450,-2.46082878,0.56219025,-0.01542790,0.03905753,0.17074625,0.20873007,0.17295616,-0.15605321,0.20980198,-0.17654685,-0.15103175,-0.02316181,0.17854311,-0.15565039,-0.01647027,-0.13963961,-0.16127153,0.00780004,-0.00637647,-0.09164918,-0.38804268,-0.19854363,0.89532326,0.26963319,0.06380530,0.01469304,0.12489049,-0.25431898,0.01971450,0.06118666,0.16556533,0.01509586,-0.06538987,-0.12643366,0.00947472,0.31763163,0.13778687,0.12996197,-0.09310751,-0.97465032,1.10278130,-0.10778009,1.69215548,-0.06433010,-0.82063609,1.37547243,0.50009251
0.29659308,-0.13403360,0.05611048,0.57084928,0.41292797,0.21106109,-0.10795206,1.27227426,-1.46604166,0.12659642,1.25037429,-1.44125798,0.04003139,0.73846940,-2.58685570,0.33325793,0.79825540,-2.44842496,0.56219025,-0.01542790,0.03905753,0.17580845,0.21180619,0.17489573,-0.15869410,0.20851056,-0.17191103,-0.15667875,-0.02431992,0.17941532,-0.16162212,-0.01728223,-0.13842824,-0.16602122,0.00963296,-0.01017354,-0.08654911,-0.38340686,-0.19850628,0.89783277,0.27529210,0.05965195,0.01711436,0.12671552,-0.25373406,0.01912971,0.06287611,0.16287698,0.01418633,-0.06416332,-0.12855920,0.00978724,0.38405797,0.13031960,0.27098321,-0.25095300,-1.28727710,0.85266346,0.05137887,1.56240380,0.20198821,-0.84865624,1.63908350,0.62575716
0.32619235,-0.13736377,0.04788961,0.60318747,0.46408192,0.19386947,-0.10306912,1.27633548,-1.46203275,0.11379359,1.21847751,-1.43222439,0.03612152,0.77672924,-2.58178377,0.32132962,0.82715156,-2.43289428,0.56219025,-0.01542790,0.03905753,0.18112145,0.21832500,0.17480165,-0.16021705,0.20632082,-0.16797290,-0.16211310,-0.02587897,0.18083606,-0.16706789,-0.01892627,-0.13765743,-0.17139074,0.01199670,-0.01429011,-0.08128064,-0.37824039,-0.19854839,0.90050330,0.28373921,0.05187202,0.02090440,0.12800387,-0.25371757,0.01900835,0.06496304,0.16054115,0.01405356,-0.06333023,-0.13105323,0.00973071,0.24548130,0.21652220,0.18126724,-0.67841393,-1.60224712,0.40806338,-0.20824116,1.91145289,0.27180288,-0.59601933,1.43696654,0.77997202
0.34793556,-0.13993114,0.03995449,0.63872180,0.55240650,0.02818533,-0.09596077,1.28120229,-1.46007180,0.08549320,1.18525417,-1.44146886,0.03491515,0.81663589,-2.57493162,0.31273586,0.85494958,-2.41378050,0.56219025,-0.01542790,0.03905753,0.18653427,0.22835102,0.17025590,-0.16004317,0.20382818,-0.16347127,-0.16769807,-0.02788807,0.18275663,-0.17266280,-0.02083937,-0.13654002,-0.17726862,0.01472600,-0.01871221,-0.07646233,-0.37211841,-0.20018573,0.90310967,0.29398954,0.03735148,0.02649111,0.12891214,-0.25372350,0.01883621,0.06778922,0.15838105,0.01387148,-0.06257835,-0.13317397,0.00926566,0.37500249,0.22447441,0.11592435,-1.49345005,-1.65961635,-0.55777212,-0.00778829,2.01487894,0.32399652,-0.39713464,1.39460266,0.98464391
0.40939140,-0.12712563,0.01300145,0.72701490,0.42652455,0.38106475,-0.09242250,1.28475897,-1.45254040,0.03590985,1.15493820,-1.46562157,0.02034587,0.86324189,-2.56389961,0.29454451,0.88225609,-2.39419889,0.56219025,-0.01542790,0.03905753,0.19228782,0.24040169,0.16014076,-0.15854229,0.20102245,-0.15923622,-0.17388338,-0.02953141,0.18389168,-0.17901875,-0.02322040,-0.13654833,-0.18389738,0.01866220,-0.02344645,-0.06976869,-0.36679953,-0.19961016,0.90595045,0.30458101,0.01764448,0.03374553,0.13158605,-0.25369501,0.01840444,0.07114634,0.15525349,0.01326907,-0.06106361,-0.13670911,0.00839044,0.12162798,0.18359898,0.41439769,-2.61356618,-1.48827541,-1.26116885,-0.91462314,2.37774663,0.61200995,-1.03809669,1.35570848,0.95480342
0.41275113,-0.09380795,0.04030991,0.63018345,0.92204830,-0.13477002,-0.08527084,1.28392541,-1.44514966,-0.01842033,1.13495278,-1.50936735,0.02192407,0.90414506,-2.55168152,0.28465751,0.91291267,-2.37360454,0.56219025,-0.01542790,0.03905753,0.19838375,0.25064525,0.14644257,-0.15670948,0.19789695,-0.15571841,-0.18049766,-0.03300408,0.18529691,-0.18593366,-0.02645419,-0.13537820,-0.19037221,0.02288385,-0.02770301,-0.06565456,-0.35792065,-0.20170428,0.90933914,0.31227000,-0.00480932,0.04167426,0.13338806,-0.25397772,0.01788609,0.07373066,0.15351182,0.01245008,-0.05980179,-0.13811210,0.00801153,0.42135936,-0.08846282,0.34921643,-2.69677782,-0.90972656,-2.35645270,0.33346426,1.96440685,0.59256071,-0.34704205,1.57113779,1.05198383
0.45671086,-0.08724251,0.04293452,0.61862322,1.15726313,-0.53583828,-0.07409949,1.28338888,-1.44468069,-0.06829873,1.09261026,-1.54995637,0.03916629,0.93904928,-2.53367376,0.29599829,0.94107243,-2.34119549,0.56219025,-0.01542790,0.03905753,0.20498458,0.26509674,0.13228016,-0.15404897,0.19408512,-0.15244412,-0.18671405,-0.03821588,0.18932183,-0.19289418,-0.02986093,-0.13274607,-0.19746464,0.02773782,-0.03211712,-0.06433431,-0.34572198,-0.20807491,0.91271148,0.32400486,-0.03170962,0.05093561,0.13364511,-0.25503390,0.01827053,0.07781630,0.15441801,0.01209040,-0.05810598,-0.13768243,0.00751993,0.55516744,-0.02629423,0.03401041,-2.49890804,-2.14856372,-1.98951387,0.83294550,1.74613655,0.91377060,0.53989966,1.40193546,1.61310184
0.50680190,-0.06219836,0.02086500,0.66466205,1.18116417,-0.38740122,-0.06367332,1.28315246,-1.44052978,-0.11728226,1.02592397,-1.56405268,0.04122670,0.97021812,-2.50633821,0.29181339,0.96571480,-2.31356497,0.56219025,-0.01542790,0.03905753,0.21174297,0.28283027,0.11805407,-0.15296906,0.18938802,-0.14916111,-0.19352858,-0.04323187,0.19116928,-0.20015739,-0.03341234,-0.13169553,-0.20483045,0.03389111,-0.03666317,-0.06200178,-0.33347240,-0.21304655,0.91627676,0.33951367,-0.05956670,0.05877391,0.13514259,-0.25544388,0.01821439,0.08196645,0.15334591,0.01158558,-0.05556375,-0.13892717,0.00691252,0.53085804,-0.01148272,0.19155548,-2.41528797,-3.42056308,-0.63957453,0.09703043,1.51645939,1.39314067,-0.22880564,1.22720706,1.37049282
0.51459428,-0.03440602,0.02882111,0.55922127,1.39197053,-0.62043512,-0.05088842,1.28045180,-1.43497832,-0.15505948,0.93981365,-1.55496149,0.04650114,0.99057076,-2.47221794,0.28896922,0.98840858,-2.28743653,0.56219025,-0.01542790,0.03905753,0.21848240,0.30259235,0.10500732,-0.15385798,0.18407159,-0.14654319,-0.20057480,-0.04921306,0.19235930,-0.20731260,-0.03709367,-0.13074364,-0.21198059,0.04044163,-0.04095177,-0.06160108,-0.31910825,-0.21957505,0.91987066,0.35731587,-0.08763566,0.06462442,0.13597783,-0.25596361,0.01790760,0.08567477,0.15238212,0.01116979,-0.05286427,-0.13976395,0.00650181,0.64373276,-0.16035175,0.32355881,-1.84457412,-4.32725916,0.55595251,0.30784185,0.99343511,1.72113407,-0.08967947,1.12502570,1.31346691
0.54794631,-0.01048781,0.02387098,0.50530090,1.51888713,-0.69058504,-0.04002352,1.27627127,-1.42734206,-0.18510417,0.84977361,-1.53340449,0.05426069,1.00400090,-2.43210697,0.29046764,1.01300274,-2.26057134,0.56219025,-0.01542790,0.03905753,0.22531835,0.32163934,0.09277986,-0.15605169,0.17799835,-0.14537896,-0.20739432,-0.05652795,0.19359352,-0.21471272,-0.04086351,-0.12984490,-0.21944016,0.04777216,-0.04514172,-0.06250930,-0.30372934,-0.22661002,0.92330330,0.37520750,-0.11475540,0.06926666,0.13633911,-0.25721329,0.01792404,0.08906887,0.15226253,0.01060564,-0.04942188,-0.14044568,0.00587820,0.51955750,-0.19850634,0.35667512,-1.46919560,-4.51955576,1.10111474,0.36870903,0.62647890,2.05033491,0.06581783,1.25837507,1.34358203
0.57228815,-0.00279226,0.00656652,0.50377273,1.60516421,-0.75388561,-0.02824944,1.27338839,-1.42267191,-0.20104147,0.75674468,-1.49186885,0.06989907,1.01697636,-2.39284039,0.29515699,1.03351223,-2.23159933,0.56219025,-0.01542790,0.03905753,0.23191175,0.33933635,0.08404334,-0.16109025,0.17132429,-0.14428626,-0.21382767,-0.06460237,0.19509443,-0.22156518,-0.04575437,-0.12787110,-0.22719979,0.05589049,-0.04965889,-0.06370199,-0.28734151,-0.23396038,0.92662800,0.39391299,-0.13883980,0.07082149,0.13691317,-0.25847906,0.01808408,0.09287895,0.15249737,0.01034657,-0.04563399,-0.13986567,0.00471196,0.60963935,-0.13642788,0.21641491,-0.67231083,-4.67255783,2.26493597,0.87034124,0.66673988,1.93249214,0.27092814,0.97029442,1.46950710
0.58428284,0.00704046,0.00412598,0.53436425,1.64345806,-0.69571240,-0.01660920,1.26922688,-1.41511478,-0.21309478,0.67635261,-1.44611998,0.07940566,1.02221470,-2.35395632,0.30662986,1.04981556,-2.19568639,0.56219025,-0.01542790,0.03905753,0.23822135,0.35293199,0.07632529,-0.16873467,0.16409715,-0.14325393,-0.22055089,-0.07368445,0.19790959,-0.22814215,-0.05142522,-0.12685474,-0.23364729,0.06457054,-0.05437005,-0.06457317,-0.27040018,-0.24083324,0.92989967,0.40981704,-0.16015940,0.06948668,0.13778767,-0.25952563,0.01767046,0.09694336,0.15431537,0.01007919,-0.04226502,-0.13994364,0.00457406,0.57726253,-0.21838616,0.37612292,-0.59127379,-3.99244356,2.28458242,0.46446327,0.24424265,1.95903668,0.55886752,0.82416196,1.79342639
0.55488503,0.00041823,0.05336775,0.52581110,1.79071521,-0.79239851,-0.00505505,1.26076069,-1.40955424,-0.21571343,0.61273950,-1.40316701,0.08886232,1.02082295,-2.30863895,0.31731619,1.06393089,-2.15629134,0.56219025,-0.01542790,0.03905753,0.24470090,0.36152683,0.07116402,-0.17932644,0.15768384,-0.14275343,-0.22692231,-0.08367831,0.20048503,-0.23509151,-0.05741573,-0.12603043,-0.24034871,0.07243999,-0.05878497,-0.06603073,-0.25202270,-0.24837368,0.93297107,0.42142352,-0.17700705,0.06537445,0.13815031,-0.26108397,0.01777859,0.09965187,0.15675116,0.00960938,-0.04008814,-0.13951696,0.00435218,0.60059344,-0.41480109,0.26672885,-0.09354346,-3.14866495,2.13399553,0.52666583,-0.04751587,2.25603375,0.60033161,0.63890791,2.01567633
0.57733911,-0.01772325,0.06263191,0.53832933,1.81420706,-0.72441875,0.00875796,1.25396733,-1.40528831,-0.21232087,0.56125833,-1.36228127,0.10121370,1.02150452,-2.26306543,0.33019365,1.06735990,-2.11416421,0.56219025,-0.01542790,0.03905753,0.25127698,0.36645824,0.06777821,-0.19193747,0.15058515,-0.14185726,-0.23311710,-0.09314433,0.20332166,-0.24091395,-0.06475742,-0.12487178,-0.24733547,0.08048037,-0.06396020,-0.06751183,-0.23310351,-0.25540639,0.93588059,0.43082996,-0.19100622,0.05933951,0.13854049,-0.26252604,0.01815987,0.10307128,0.15853747,0.01036303,-0.03857711,-0.13887215,0.00394150,0.66746722,-0.33995673,0.22294664,0.15496211,-2.51671934,2.05092001,0.53884977,0.01066875,2.30090604,0.53375382,0.19830463,2.04182894
0.61841685,-0.00780730,0.05550320,0.61588521,1.82610606,-0.60257080,0.02005765,1.24463634,-1.39787860,-0.19950501,0.51935638,-1.31422558,0.10913209,1.01977808,-2.21604671,0.33415445,1.07057774,-2.07411609,0.56219025,-0.01542790,0.03905753,0.25768889,0.36759423,0.06789534,-0.20771912,0.14340069,-0.14121775,-0.23960046,-0.10311645,0.20473216,-0.24680996,-0.07289315,-0.12420916,-0.25404521,0.08941987,-0.06945080,-0.06786082,-0.21411486,-0.26123100,0.93878011,0.43977032,-0.19979596,0.04996977,0.14004094,-0.26424228,0.01808842,0.10596606,0.15918534,0.01087893,-0.03687993,-0.13865835,0.00364368,0.56303488,-0.49163675,0.39227340,0.74969185,-2.05664406,2.46785097,0.43030882,-0.08699226,2.34315753,0.21899271,0.13192605,2.04614351
0.64606820,-0.00212504,0.08865090,0.63781268,1.76711079,-0.67651074,0.02673312,1.24086118,-1.39198112,-0.18370421,0.50117171,-1.28170085,0.11507656,1.01455081,-2.16791224,0.33573404,1.07087386,-2.03140330,0.56219025,-0.01542790,0.03905753,0.26445800,0.36249818,0.06964648,-0.22452880,0.13439007,-0.14166263,-0.24510391,-0.11332892,0.20584601,-0.25282158,-0.08134175,-0.12383299,-0.26040018,0.09885634,-0.07522456,-0.06794187,-0.19525248,-0.26755393,0.94110322,0.44448210,-0.20483318,0.03992920,0.13965233,-0.26618183,0.01935409,0.10950141,0.15951510,0.01163642,-0.03512601,-0.13846868,0.00405782,0.28850564,-0.12065648,0.26885748,0.76543981,-0.69128746,1.43839347,0.26029006,-0.29603717,2.42176986,0.04469096,0.00007153,2.14041710
0.69849737,-0.00979189,0.10544366,0.71088393,1.70358503,-0.58458078,0.03342793,1.23155015,-1.37570314,-0.17261350,0.51832327,-1.27970519,0.11926782,1.00906022,-2.11824131,0.33697273,1.06780763,-1.98423040,0.56219025,-0.01542790,0.03905753,0.27160416,0.34883351,0.07110182,-0.24089724,0.12528516,-0.14154479,-0.25180971,-0.12408248,0.20734198,-0.25868784,-0.09062476,-0.12343332,-0.26686660,0.10912800,-0.08177997,-0.06696666,-0.17690956,-0.27324507,0.94316256,0.44271474,-0.20611891,0.03070691,0.14048974,-0.26818742,0.01979445,0.11361749,0.15981267,0.01291632,-0.03309898,-0.13852605,0.00473755,0.33136986,-0.45746613,0.80519050,0.54413593,0.89586918,0.03472710,0.20891233,-0.28076790,2.48702979,0.05885481,-0.15704584,2.36269832
0.70434422,-0.01556451,0.11338072,0.81776839,1.67513371,-0.51053529,0.03863304,1.22453735,-1.36242337,-0.16795875,0.55478700,-1.31554089,0.12105052,1.00011573,-2.06691008,0.33134109,1.06225615,-1.93533804,0.56219025,-0.01542790,0.03905753,0.27848300,0.33206119,0.07191930,-0.25257842,0.11553426,-0.14135182,-0.25792520,-0.13529099,0.20772871,-0.26479043,-0.10042829,-0.12321932,-0.27297367,0.11955516,-0.08866250,-0.06482777,-0.15839970,-0.27833657,0.94511145,0.43834040,-0.20619116,0.02590457,0.14117919,-0.26993826,0.02055780,0.11688437,0.15922405,0.01369257,-0.03131456,-0.13873415,0.00550933,0.26221251,-0.36808491,0.67754883,0.22037653,1.82485187,-1.84481890,0.06830218,-0.45057103,2.56574798,-0.33488772,-0.28375480,2.44154525
0.70937032,-0.02548625,0.12879406,0.93581687,1.46347286,-0.46847907,0.04224364,1.21623065,-1.34993229,-0.16382452,0.57633169,-1.34693024,0.11689593,0.99093245,-2.01632998,0.31734568,1.05306826,-1.88825834,0.56219025,-0.01542790,0.03905753,0.28525212,0.31959339,0.07397336,-0.26107074,0.10682277,-0.14043928,-0.26385601,-0.14560292,0.20696044,-0.27057704,-0.11041189,-0.12350977,-0.27876491,0.13001439,-0.09591599,-0.06091806,-0.14149836,-0.28322661,0.94659912,0.43836147,-0.20787164,0.02418139,0.14315365,-0.27187523,0.02139612,0.12056439,0.15695460,0.01467508,-0.02984346,-0.13940068,0.00648721,0.16067039,-0.39338349,0.58954664,0.22622750,0.92471331,-1.41893564,-0.22543723,-0.45485827,2.52312016,-0.67679638,-0.48339696,2.34200311
0.72400987,-0.05561347,0.14084874,0.92237800,1.43056426,-0.38676641,0.04209883,1.21178753,-1.35003123,-0.15816594,0.58312287,-1.36403658,0.11329220,0.97889289,-1.96586006,0.31011513,1.04153285,-1.83907769,0.56219025,-0.01542790,0.03905753,0.29192143,0.31021593,0.07634944,-0.26935358,0.09923314,-0.14049754,-0.26771416,-0.15642939,0.20756908,-0.27513291,-0.12029913,-0.12367466,-0.28407891,0.14045509,-0.10390027,-0.05670653,-0.12511057,-0.28741761,0.94790444,0.44138309,-0.21116396,0.02256785,0.14582369,-0.27582453,0.02420727,0.12432651,0.15551243,0.01678852,-0.02808588,-0.14079532,0.00784253,-0.02493462,-0.20547150,-0.09583997,0.27865648,0.34454510,-0.86301893,-0.15696992,-0.63484663,2.52827859,-0.31685255,-0.57624286,2.49202371
0.73699179,-0.06244091,0.14451152,0.96348906,1.35243353,-0.23451818,0.03223912,1.20388663,-1.36050367,-0.15581912,0.59923893,-1.38771844,0.10898282,0.96395433,-1.91393995,0.30222571,1.03050828,-1.78747010,0.56219025,-0.01542790,0.03905753,0.29832011,0.29867302,0.07800239,-0.27693020,0.09464287,-0.14309693,-0.26998976,-0.16818204,0.20812670,-0.27962200,-0.13014747,-0.12386691,-0.28917757,0.15110190,-0.11237806,-0.05190359,-0.10924715,-0.29022708,0.94928358,0.44277443,-0.21345763,0.02138992,0.15029280,-0.28393957,0.02833036,0.12689479,0.15411010,0.01869811,-0.02592878,-0.14306214,0.00914255,-0.58128738,-0.43796536,-0.58191055,0.08635997,0.89655870,-1.24599683,-0.23413403,-0.75948352,2.60811543,-0.42339739,-0.54638386,2.58815265
0.71737545,-0.04504337,0.13314817,0.96106299,1.26380091,-0.23587732,0.01277233,1.17989717,-1.38928678,-0.15081005,0.62085454,-1.41602581,0.10315477,0.94932785,-1.86361649,0.29397159,1.01634569,-1.73742774,0.56219025,-0.01542790,0.03905753,0.30393755,0.28621409,0.08101851,-0.28298915,0.09888402,-0.14818029,-0.27116809,-0.17925030,0.20864560,-0.28317595,-0.14022576,-0.12426289,-0.29367387,0.16182645,-0.12058558,-0.04669709,-0.09431013,-0.29284674,0.95035034,0.44433589,-0.21370333,0.02094840,0.16079470,-0.29872705,0.03276947,0.13012280,0.15265156,0.02076160,-0.02393342,-0.14503562,0.01026369,-0.96240110,-1.22077129,-1.49372134,0.24835789,1.07376693,-1.40476215,-0.28989268,-0.73422998,2.51316953,-0.40749476,-0.71193260,2.49950814
0.71077790,-0.05972355,0.11834983,0.93101550,1.17475313,-0.14889160,0.00079378,1.14110866,-1.44717190,-0.14836113,0.63997381,-1.43984210,0.09761934,0.93474073,-1.81706502,0.28751383,1.00082786,-1.69231627,0.56219025,-0.01542790,0.03905753,0.30886445,0.27443983,0.08311592,-0.28863711,0.11373373,-0.15107673,-0.27123761,-0.18938014,0.20935365,-0.28534389,-0.15001795,-0.12463849,-0.29727685,0.17240465,-0.12913145,-0.04146442,-0.08023682,-0.29459832,0.95134357,0.44603548,-0.21487317,0.02022734,0.18139707,-0.31801945,0.03762684,0.13367839,0.15050057,0.02352056,-0.02174501,-0.14773374,0.01158760,-0.57873670,-1.98092492,-2.91244531,0.10732233,0.96606799,-1.19893444,-0.28139241,-0.71443170,2.30486999,-0.33098100,-0.77042764,2.21931391
0.70485532,-0.06159975,0.10034121,0.93596386,0.99664219,-0.05637504,-0.00498072,1.09290714,-1.51361423,-0.15009656,0.66295480,-1.46583836,0.08992487,0.92468145,-1.77681837,0.27805012,0.98869061,-1.65826566,0.56219025,-0.01542790,0.03905753,0.31305957,0.26252655,0.08451240,-0.29290647,0.13336173,-0.15157592,-0.27065901,-0.19842423,0.20930072,-0.28598003,-0.15991985,-0.12519775,-0.29995725,0.18300156,-0.13779510,-0.03559909,-0.06783390,-0.29550412,0.95226497,0.44741907,-0.21619098,0.02015310,0.20754923,-0.33818977,0.04240056,0.13732170,0.14697202,0.02707954,-0.01967367,-0.15089417,0.01310231,-0.26706586,-2.42120624,-3.37130904,-0.09836768,1.16745679,-1.30537307,-0.39707205,-0.48753400,1.99469082,-0.48705875,-0.58398409,1.66444004
0.68821794,-0.05272487,0.08007345,0.83406303,0.81547895,-0.00950936,0.00371411,1.04753551,-1.60399880,-0.15090246,0.68368155,-1.48318341,0.08230357,0.92121503,-1.74168835,0.26892399,0.98417833,-1.63511732,0.56219025,-0.01542790,0.03905753,0.31650972,0.25134148,0.08616334,-0.29695391,0.15642122,-0.14762820,-0.26641099,-0.20717683,0.20897071,-0.28521626,-0.17022493,-0.12568339,-0.30217977,0.19352683,-0.14626968,-0.02996766,-0.05734340,-0.29588151,0.95303085,0.44957924,-0.21721911,0.01955582,0.23915065,-0.35646043,0.05009873,0.14069410,0.14321210,0.03129346,-0.01793633,-0.15376467,0.01432995,0.55777569,-2.22915168,-4.70945792,-0.01940346,0.99538772,-0.77517979,-0.36798510,-0.12282228,1.72297657,-0.43905721,-0.17224287,1.08648484
0.65230153,-0.04179282,0.06383736,0.70771870,0.61784319,-0.01139546,0.01483764,0.98721719,-1.69316387,-0.15316981,0.71404058,-1.50165677,0.07597386,0.92114437,-1.71333122,0.26091066,0.98590899,-1.62742281,0.56219025,-0.01542790,0.03905753,0.31929576,0.23873227,0.08735490,-0.29976787,0.18306973,-0.14306947,-0.25991720,-0.21417357,0.20834227,-0.28266466,-0.17952439,-0.12589598,-0.30380918,0.20371135,-0.15427285,-0.02497873,-0.04904215,-0.29618841,0.95354253,0.44998659,-0.21730047,0.01952790,0.27372874,-0.37581509,0.05937856,0.14497326,0.13868902,0.03663111,-0.01554592,-0.15652169,0.01548658,0.51894617,-3.18509793,-4.35094357,-0.13842791,1.63474905,-0.98098749,-0.31010938,0.00517487,1.36688936,-0.39816317,0.12227654,0.26565313
0.61841199,-0.03403683,0.03478350,0.52760575,0.36514467,-0.07400794,0.02509549,0.86058995,-1.74455667,-0.15392889,0.74226027,-1.51105061,0.06630620,0.93349211,-1.69468484,0.24873245,0.99617107,-1.65607798,0.56219025,-0.01542790,0.03905753,0.32121139,0.22763367,0.08878120,-0.30179060,0.22204546,-0.13899751,-0.25380650,-0.21597229,0.20540978,-0.27679229,-0.18922781,-0.12722072,-0.30451039,0.21342432,-0.16177650,-0.02106921,-0.04392271,-0.29709129,0.95360561,0.45124187,-0.21783007,0.01942079,0.31739832,-0.40222170,0.06740489,0.15213362,0.12990939,0.04441910,-0.01457890,-0.15916716,0.01670100,0.49783638,-6.37104492,-2.47865991,-0.04317319,1.41283882,-0.46765849,-0.48426999,0.62805604,0.92271560,-0.63092024,0.51182269,-1.48282800
0.58656577,-0.04211618,0.00336606,0.45298652,0.20388231,0.03286368,0.02485331,0.71433264,-1.73834414,-0.15718492,0.77023077,-1.51908293,0.05713237,0.95300658,-1.68301721,0.21991915,1.00505974,-1.71689498,0.56219025,-0.01542790,0.03905753,0.32235486,0.21749291,0.08959913,-0.30293411,0.25881517,-0.13767010,-0.25065397,-0.21133521,0.19759397,-0.26923611,-0.19905839,-0.12830516,-0.30454499,0.22260925,-0.16910676,-0.01730401,-0.04055883,-0.29694952,0.95387448,0.45254759,-0.21870039,0.01942075,0.35765096,-0.42930300,0.07170089,0.16066221,0.11350342,0.05311875,-0.01410521,-0.16184601,0.01780987,-0.04182880,-7.31074944,0.43178126,-0.16167496,1.38676059,-0.39816710,-0.44931821,0.99404660,0.56161160,-1.49696612,0.43710706,-3.11212039
0.55857767,-0.04896531,-0.01302081,0.40213904,0.08833344,0.12752905,0.00964002,0.56984676,-1.68663123,-0.16098631,0.79808691,-1.52358217,0.05021539,0.97736111,-1.67602866,0.17519929,1.00321653,-1.78964415,0.56219025,-0.01542790,0.03905753,0.32302310,0.20766489,0.09028767,-0.30374083,0.29137119,-0.14029843,-0.24994613,-0.20161274,0.18592389,-0.26208701,-0.20888076,-0.12870484,-0.30421331,0.23126978,-0.17624243,-0.01372049,-0.03844989,-0.29599699,0.95431606,0.45358428,-0.21928695,0.01928227,0.39214474,-0.45677775,0.07307697,0.17021973,0.09113050,0.06093610,-0.01378283,-0.16418719,0.01880980,-0.85093603,-7.21081018,2.79833918,-0.19777589,1.41519201,-0.19652937,-0.34202677,1.22948015,0.34617659,-2.28245640,-0.18482639,-3.61423850
0.54737441,-0.05536597,-0.01870323,0.39344277,0.03928148,0.24152186,-0.01430169,0.45062941,-1.60904109,-0.16533969,0.82657263,-1.52474804,0.04456400,1.00359712,-1.66967704,0.12804325,0.96686370,-1.83586016,0.56219025,-0.01542790,0.03905753,0.32350655,0.19747453,0.09093548,-0.30452121,0.31604575,-0.14521876,-0.25257545,-0.18687937,0.17487571,-0.25864594,-0.21886369,-0.12859602,-0.30381236,0.23972217,-0.18330953,-0.00998256,-0.03691802,-0.29393420,0.95506026,0.45415105,-0.21916633,0.01898534,0.41939436,-0.48112039,0.07093109,0.18353482,0.06638707,0.06486060,-0.01357192,-0.16656575,0.01969419,-1.19409795,-5.72166510,3.92558503,-0.21548276,1.40819681,-0.05339241,-0.27373596,1.31886137,0.31446216,-2.33569994,-2.07007151,-2.06868825
0.58914782,-0.06529224,-0.03787262,0.34929449,0.00878654,0.30542184,-0.02753088,0.38932627,-1.53755701,-0.17011920,0.85858738,-1.52564621,0.04026272,1.03624868,-1.66649473,0.08076969,0.90173060,-1.85450792,0.56219025,-0.01542790,0.03905753,0.32364762,0.18644729,0.09139779,-0.30486177,0.32643954,-0.14741895,-0.26003925,-0.16865909,0.16437665,-0.25846794,-0.22990676,-0.12823364,-0.30268276,0.24868344,-0.19087555,-0.00651050,-0.03577171,-0.29122102,0.95596460,0.45441236,-0.21901378,0.01878585,0.43739606,-0.49531382,0.06360837,0.20038520,0.03963009,0.06517968,-0.01366268,-0.16906960,0.02096486,-0.55582809,-2.60561562,3.49010444,-0.24432956,1.64407241,-0.04468202,-0.20597956,1.69320333,0.12898207,-2.37590408,-3.41824269,-0.77776188
0.61364030,-0.05276025,-0.06198065,0.36945761,-0.05632292,0.39303348,-0.02984818,0.31442859,-1.46873319,-0.17753875,0.89428101,-1.52504015,0.03603772,1.07516484,-1.66408777,0.03272835,0.80667722,-1.83680279,0.56219025,-0.01542790,0.03905753,0.32323347,0.17436458,0.09135012,-0.30476085,0.34140850,-0.14622076,-0.26505431,-0.14678720,0.15416409,-0.26203755,-0.24226292,-0.12764607,-0.30103746,0.25837917,-0.19852672,-0.00270600,-0.03522079,-0.28759592,0.95710018,0.45420598,-0.21851954,0.01847261,0.46248095,-0.50882132,0.05817916,0.22098950,0.01103249,0.06119592,-0.01410275,-0.17135232,0.02219601,-0.09710696,-3.66673062,3.40761113,-0.37136790,1.78117335,0.04691791,-0.21250783,1.94694459,0.12524127,-2.41527319,-4.78125744,0.92064421
0.65349613,-0.05974716,-0.05482206,0.36343040,-0.21746880,0.37171667,-0.03093139,0.29207137,-1.40345457,-0.18499611,0.92918313,-1.51491036,0.03136499,1.11726136,-1.66015382,-0.01929033,0.69820240,-1.79581225,0.56219025,-0.01542790,0.03905753,0.32300908,0.16173490,0.09174340,-0.30485958,0.34252433,-0.14419662,-0.27596374,-0.12262248,0.14310062,-0.26750830,-0.25490886,-0.12670397,-0.29972056,0.26869271,-0.20664650,0.00157998,-0.03616633,-0.28411628,0.95810617,0.45428616,-0.21805260,0.01814950,0.47698932,-0.51442580,0.04704534,0.24405418,-0.01981234,0.05550078,-0.01405362,-0.17367775,0.02328852,-0.13561020,-0.98322409,3.39637580,-0.37129495,1.75472891,0.51865192,-0.23182456,2.13094552,0.18749999,-2.57467566,-5.41500988,2.10544236
0.67986499,-0.05809845,-0.04376096,0.26408833,-0.29485327,0.40832114,-0.05479247,0.31621500,-1.31871994,-0.19183294,0.96493404,-1.49912996,0.02796348,1.16357145,-1.65448005,-0.06141322,0.59147787,-1.73614597,0.56219025,-0.01542790,0.03905753,0.32300661,0.14858023,0.09206417,-0.30475278,0.32798282,-0.14947437,-0.29366183,-0.09908880,0.13398092,-0.27360033,-0.26821088,-0.12569526,-0.29842092,0.27952706,-0.21495472,0.00513346,-0.03821041,-0.28042453,0.95910150,0.45429764,-0.21762674,0.01825384,0.47499100,-0.51778994,0.02934478,0.26840667,-0.04868442,0.04940628,-0.01410863,-0.17603867,0.02458569,-1.25793314,1.40291619,4.16640153,-0.33878228,1.77678740,0.82120079,-0.16098736,2.30540075,0.31948183,-2.05970297,-5.33618498,3.05824018
0.69449391,-0.03878832,-0.03432382,0.03066531,-0.32759538,0.32010525,-0.04965948,0.37514178,-1.33669040,-0.19336597,0.99807215,-1.47429662,0.02702630,1.21092806,-1.64458206,-0.08655760,0.48902383,-1.66299167,0.56219025,-0.01542790,0.03905753,0.32332506,0.13531457,0.09301563,-0.30492239,0.31329241,-0.14636645,-0.29765786,-0.07616430,0.12817839,-0.27955960,-0.28170057,-0.12490849,-0.29740922,0.29081674,-0.22305739,0.00680337,-0.04109718,-0.27712659,0.95992999,0.45489431,-0.21669402,0.01840267,0.47750203,-0.51413105,0.02566719,0.29488818,-0.07401336,0.04376546,-0.01405187,-0.17819673,0.02591583,0.61146951,3.09843554,-1.85524449,-0.02667260,1.64153540,1.30001582,-0.03130350,2.38839893,0.50134849,-1.13387523,-5.08003778,3.71766877
0.69697292,0.00181668,-0.03447931,-0.21802090,-0.34598826,0.18629762,-0.03664968,0.43353200,-1.36321568,-0.19106747,1.03004682,-1.44612432,0.02808142,1.25960100,-1.63251746,-0.09546807,0.40018591,-1.59191287,0.56219025,-0.01542790,0.03905753,0.32377550,0.12256681,0.09394707,-0.30474079,0.30040909,-0.14202594,-0.29848764,-0.05514781,0.12558895,-0.28399926,-0.29501100,-0.12476689,-0.29636624,0.30260400,-0.23051596,0.00605846,-0.04490040,-0.27507794,0.96035378,0.45634468,-0.21593921,0.01903471,0.48184039,-0.51032180,0.02528786,0.32251547,-0.09480524,0.03977624,-0.01364831,-0.17969525,0.02740926,0.55184817,2.83809710,-0.93345159,0.12825072,1.59478414,1.41283023,0.06490085,2.43652558,0.62167162,-0.34485650,-4.32706642,3.50320792
0.69980531,0.01552241,-0.04051396,-0.41449048,-0.41403975,0.17612514,-0.05517258,0.48179991,-1.34074380,-0.18801526,1.05777931,-1.41720736,0.03248799,1.31094968,-1.62098973,-0.09504883,0.33893592,-1.53317542,0.56219025,-0.01542790,0.03905753,0.32429771,0.11193852,0.09416938,-0.30420111,0.28570586,-0.14894995,-0.30172006,-0.03914601,0.12472786,-0.28789871,-0.30777495,-0.12470439,-0.29522829,0.31468750,-0.23761970,0.00330481,-0.05004409,-0.27320825,0.96064662,0.45946218,-0.21668175,0.02009661,0.47880754,-0.51488949,0.02257765,0.34723924,-0.11101072,0.03639900,-0.01255937,-0.18117422,0.02906943,-0.88564080,2.40909767,1.08617296,0.14515345,1.39041126,1.40928116,0.22847099,2.56030774,0.57859467,0.03544861,-3.02345743,2.92710519
0.69142888,0.01304909,-0.05296056,-0.38904499,-0.29450799,0.24941366,-0.05311517,0.52852252,-1.33886325,-0.19039996,1.08657699,-1.41205418,0.04133355,1.35774138,-1.60750186,-0.08580759,0.30631886,-1.48338432,0.56219025,-0.01542790,0.03905753,0.32471682,0.10479100,0.09278224,-0.30170607,0.27315957,-0.14950574,-0.30320650,-0.03077342,0.12604381,-0.29299575,-0.32024514,-0.12375870,-0.29369980,0.32665628,-0.24463967,0.00048452,-0.05397658,-0.27056242,0.96118795,0.46449772,-0.22036140,0.02301075,0.48129276,-0.51492780,0.02151031,0.36634564,-0.12111316,0.03172107,-0.01102610,-0.18264149,0.03101702,0.10615155,2.34216547,0.07521915,-0.13631790,1.43160141,0.20285369,0.44595549,2.32964644,0.68295330,0.47784926,-1.53973386,2.44892535
0.67568844,0.02568265,-0.08529211,-0.39163736,-0.19736729,0.05254101,-0.05310355,0.57699382,-1.33863244,-0.19060448,1.09813960,-1.44047472,0.04947438,1.40202286,-1.59312265,-0.06870494,0.30182753,-1.44150481,0.56219025,-0.01542790,0.03905753,0.32458069,0.10896137,0.09188021,-0.29772095,0.25956415,-0.15102046,-0.30414689,-0.03009208,0.12938642,-0.30018479,-0.33261801,-0.12329654,-0.29127411,0.33857909,-0.25129564,-0.00263953,-0.05700855,-0.26958617,0.96128370,0.47945894,-0.22967571,0.02685974,0.48138235,-0.51546975,0.02043379,0.38033649,-0.12518974,0.02439590,-0.00954925,-0.18315289,0.03330658,-0.02643889,2.42898107,0.03266001,0.04574187,0.42234417,-1.64715370,0.39263949,2.20884848,0.71075386,0.90217228,-0.12554774,2.09611845
0.65232053,0.04701194,-0.09099662,-0.18504289,-0.00247027,0.14094238,-0.05639422,0.62218111,-1.34195042,-0.18805599,1.07967131,-1.50973475,0.05567260,1.43541133,-1.57482407,-0.05004538,0.31082205,-1.40858374,0.56219025,-0.01542790,0.03905753,0.32426884,0.12839469,0.09219239,-0.29191097,0.24596482,-0.15329601,-0.30479769,-0.03420861,0.13364269,-0.30720797,-0.34425357,-0.12303647,-0.28845738,0.35036019,-0.25737306,-0.00463769,-0.05788827,-0.26841522,0.96155120,0.50795688,-0.24521096,0.03235786,0.48103619,-0.51606621,0.01947114,0.39048406,-0.12538567,0.01706087,-0.00775262,-0.18386312,0.03581146,-0.17053663,2.22110791,-0.22250602,0.09898656,-1.06793680,-3.64526916,0.30488691,1.56571903,0.96232938,0.90150728,0.48556602,1.55432644
0.66024693,0.02067981,-0.15323070,-0.34826668,0.21594407,-0.17355932,-0.05033236,0.67172527,-1.36057401,-0.18764313,1.04273057,-1.59431517,0.06135653,1.46506131,-1.55789292,-0.05075642,0.35763079,-1.43777418,0.56219025,-0.01542790,0.03905753,0.32294226,0.15442557,0.09097378,-0.28441527,0.23234018,-0.15363388,-0.30379288,-0.04513296,0.13121245,-0.30956734,-0.35541717,-0.12382400,-0.28418185,0.36209978,-0.26386338,-0.00819874,-0.05692929,-0.26931086,0.96133423,0.54131050,-0.26650956,0.03852698,0.48059471,-0.51594329,0.01914938,0.39181824,-0.12832555,0.01337492,-0.00585127,-0.18470676,0.03876041,0.39962029,2.53990507,-1.05593204,0.01350582,-1.95950019,-4.29109097,0.28156555,1.49696577,0.80918306,-0.21352282,2.70065880,-2.03477383
0.68151692,0.02568080,-0.20567233,-0.27967330,0.48313769,-0.23091039,-0.03827347,0.72378163,-1.39436150,-0.20369886,0.97860471,-1.69780345,0.06634778,1.48533294,-1.54608192,-0.04955103,0.39435104,-1.47871146,0.56219025,-0.01542790,0.03905753,0.32034102,0.18753313,0.08516544,-0.27304127,0.21876858,-0.15275586,-0.30135857,-0.05384157,0.12876276,-0.30758371,-0.36458467,-0.12526171,-0.27850382,0.37429427,-0.27073978,-0.01231781,-0.05304744,-0.27128867,0.96095614,0.57867095,-0.29627410,0.04729975,0.48081416,-0.51537738,0.01898245,0.39577581,-0.13283653,0.01275731,-0.00194705,-0.18674605,0.04183720,0.60304378,2.59932280,-1.68982303,-0.81249185,-3.31733656,-5.15623951,0.24276897,1.01259898,0.57103295,0.05401718,1.82813454,-2.04252574
0.68909257,0.05003845,-0.18995714,-0.19256755,0.60855474,-0.22833390,-0.02848913,0.77345109,-1.42745719,-0.22117956,0.83752011,-1.77267385,0.06768999,1.50410178,-1.54964175,-0.04908735,0.43033596,-1.51764760,0.56219025,-0.01542790,0.03905753,0.31789077,0.23373011,0.07954971,-0.26080465,0.20530850,-0.15260369,-0.29869072,-0.06324600,0.12614075,-0.30539084,-0.37082822,-0.12750996,-0.27100163,0.38679895,-0.27733307,-0.01603579,-0.04780963,-0.27343535,0.96056765,0.62739700,-0.33274512,0.05708612,0.48101677,-0.51516173,0.01920005,0.39943272,-0.13679151,0.01249993,0.00439036,-0.19052272,0.04688914,0.46597348,2.47707844,-1.64562309,-0.83975780,-7.26859808,-3.54821029,0.06458768,0.92832750,-0.23411606,0.04702843,1.83128099,-1.94848669
0.71477025,0.05172575,-0.17213331,-0.16527555,0.60585704,-0.14972276,-0.02268441,0.82087898,-1.45482516,-0.22555563,0.64358746,-1.78467126,0.07118126,1.52548285,-1.57584107,-0.04169498,0.47436721,-1.55706735,0.56219025,-0.01542790,0.03905753,0.31579444,0.28315839,0.07801344,-0.24932096,0.19170330,-0.15349823,-0.29605489,-0.07506150,0.12578681,-0.30298740,-0.37295825,-0.12909406,-0.26216356,0.39960907,-0.28412266,-0.01926830,-0.04225618,-0.27460201,0.96043578,0.68126356,-0.36740242,0.06647349,0.48134471,-0.51570665,0.01973956,0.40229174,-0.13766668,0.01280704,0.01472234,-0.19679947,0.05363089,0.29692687,2.36176705,-1.32944429,-0.15631164,-9.79637623,-0.36175917,0.20110003,1.11540403,-1.42411127,0.39121644,2.21795583,-1.97246349
0.77428246,0.06255979,-0.16484727,-0.13652442,0.49263116,-0.13366616,-0.01678762,0.86726351,-1.46953650,-0.20908075,0.45683092,-1.74414544,0.07357009,1.54393101,-1.61835330,-0.03255164,0.52245056,-1.59425416,0.56219025,-0.01542790,0.03905753,0.31375176,0.32547105,0.08216041,-0.23984804,0.17726448,-0.15398294,-0.29437820,-0.08744896,0.12630330,-0.30075325,-0.37026125,-0.13055802,-0.25409156,0.41342569,-0.29140679,-0.02214046,-0.03781023,-0.27581368,0.96021196,0.73297972,-0.39420251,0.07390372,0.48215715,-0.51592723,0.01937356,0.40619451,-0.13795466,0.01299850,0.03024068,-0.20591972,0.05966020,0.28906921,2.31841969,-0.64795444,0.96976156,-9.16632175,2.31341151,0.08188032,0.84672825,-2.17459486,0.45307909,2.42829528,-1.83553493
0.82743008,0.06868514,-0.11573513,-0.10535523,0.40744761,-0.28114284,-0.01117384,0.91310203,-1.47519505,-0.17266105,0.30888447,-1.66960573,0.07139114,1.53852534,-1.65490270,-0.02171178,0.57390195,-1.62422240,0.56219025,-0.01542790,0.03905753,0.31256375,0.35664077,0.09075665,-0.23531331,0.16199221,-0.15407835,-0.29328233,-0.10094149,0.12770033,-0.29939508,-0.36292858,-0.13242559,-0.25047266,0.42812164,-0.29913700,-0.02442295,-0.03402467,-0.27811714,0.95963363,0.77814914,-0.41275987,0.07725044,0.48286141,-0.51589763,0.01928142,0.41092755,-0.13727000,0.01316866,0.05053487,-0.21739396,0.06209108,0.28074402,2.28686905,-0.23620604,1.94742405,-7.09497356,3.92356372,-0.13584495,-0.47098157,-1.74334991,0.56100219,2.59418583,-1.43812883
0.85738375,0.01981349,-0.04524777,-0.07752871,0.32245129,-0.15555176,-0.00685332,0.95381172,-1.46774044,-0.12480564,0.21068468,-1.56474838,0.07121007,1.51767213,-1.68914244,-0.01429229,0.63147415,-1.64887486,0.56219025,-0.01542790,0.03905753,0.31290364,0.37576102,0.10092839,-0.24014241,0.14656469,-0.15415118,-0.29303789,-0.11602366,0.12849417,-0.29898565,-0.35215181,-0.13341769,-0.24997886,0.44282115,-0.30801280,-0.02613621,-0.03111744,-0.27958246,0.95926131,0.81410972,-0.42432134,0.07276123,0.48386897,-0.51672041,0.01986575,0.41379358,-0.13733872,0.01391799,0.07403816,-0.23178756,0.06292478,0.21373281,2.02783654,0.38269898,2.36101112,-4.85644817,5.21200953,0.00656497,-1.06286566,-1.71194732,0.36617410,2.87753296,-1.22636452
0.86278873,0.00073632,-0.03346470,-0.01964058,0.31736931,0.04697421,-0.00365509,0.99056480,-1.45513754,-0.10300813,0.15212516,-1.47878637,0.07882493,1.48303626,-1.72686012,-0.00909169,0.68935684,-1.66897669,0.56219025,-0.01542790,0.03905753,0.31347950,0.38586405,0.10456176,-0.24835586,0.13127057,-0.15427417,-0.29295045,-0.13167463,0.12892111,-0.29859450,-0.33759010,-0.13238278,-0.25132261,0.45736785,-0.31728683,-0.02723410,-0.02812184,-0.27904024,0.95948112,0.83927599,-0.43548325,0.06512364,0.48568372,-0.51786273,0.02052905,0.41514126,-0.13791075,0.01488500,0.10134709,-0.24842828,0.06215689,0.16015521,1.83632672,0.63178533,0.98809279,-2.79927745,4.26343479,0.38061115,-1.76859419,-1.92086213,0.26184167,2.90262270,-0.99087665
0.86287944,0.03037690,-0.05028242,0.01430056,0.27694599,0.06944681,-0.00177707,1.02439375,-1.43994529,-0.07281699,0.13653034,-1.38712957,0.08819144,1.43289626,-1.77442555,-0.00368609,0.74873322,-1.68519289,0.56219025,-0.01542790,0.03905753,0.31356118,0.38418438,0.11040307,-0.26456145,0.11645585,-0.15447350,-0.29258174,-0.14795327,0.12970474,-0.29800777,-0.31742070,-0.13063724,-0.25327358,0.47227328,-0.32607932,-0.02786954,-0.02542174,-0.27833459,0.95974313,0.85605736,-0.43786598,0.04899973,0.48825796,-0.51887070,0.02097944,0.41643176,-0.13741238,0.01555340,0.13413507,-0.26704932,0.06028760,0.08021129,1.66486061,0.78222507,1.79705904,-0.60749115,4.70911894,0.48610538,-2.58844028,-2.40679250,0.26870691,2.96677899,-0.80038399
0.87075485,0.02887386,-0.01747258,0.02915283,0.33201140,0.22459613,-0.00270366,1.05418129,-1.41850398,-0.01462324,0.17577794,-1.31574862,0.10056517,1.36451404,-1.82113633,0.00108912,0.80584968,-1.69928119,0.56219025,-0.01542790,0.03905753,0.31411557,0.36683135,0.12488370,-0.28443586,0.10138401,-0.15558344,-0.29215920,-0.16397026,0.13026506,-0.29674069,-0.29351509,-0.12813406,-0.25547966,0.48731580,-0.33480687,-0.02845022,-0.02232019,-0.27631944,0.96038532,0.86453579,-0.42349882,0.02967971,0.49074512,-0.52047638,0.02195637,0.41740010,-0.13740619,0.01737489,0.17052611,-0.28775646,0.05863591,-0.06068603,1.47554958,1.11194361,2.90221138,2.33855442,3.24000950,0.63097880,-3.52009225,-2.29847140,0.23402939,2.83526349,-0.69356197
0.88383523,0.03404604,0.02295503,0.07801435,0.30719199,0.18000266,-0.00432805,1.08048427,-1.38859248,-0.01653128,0.26334694,-1.38010037,0.11473730,1.27301478,-1.85180140,0.00724312,0.85810441,-1.70131314,0.56219025,-0.01542790,0.03905753,0.31537700,0.34501374,0.12352612,-0.28869390,0.08554928,-0.15665044,-0.29208548,-0.18017953,0.13141570,-0.29624298,-0.26726435,-0.12482569,-0.25923607,0.50262161,-0.34351954,-0.02859927,-0.01916505,-0.27438704,0.96100288,0.86093463,-0.42036328,0.02668309,0.49277116,-0.52173573,0.02329151,0.41875054,-0.13687880,0.01913401,0.20969997,-0.30875456,0.05614093,-0.08101889,1.28721702,1.56033742,-0.69268221,4.67357635,-4.41039562,0.72044444,-4.75564194,-1.39132965,0.32385358,2.57439828,0.01353979
0.89918520,0.03674717,0.02443083,0.31080902,0.15246859,0.16990008,-0.01475770,1.10467021,-1.35776162,-0.03959978,0.33294973,-1.43225791,0.11904894,1.17187541,-1.86344652,0.00915088,0.91555998,-1.69605079,0.56219025,-0.01542790,0.03905753,0.31669123,0.32753675,0.11771615,-0.29161450,0.07016109,-0.15858276,-0.29127287,-0.19882022,0.13301272,-0.29550074,-0.24175442,-0.12238229,-0.26304425,0.51829884,-0.35227396,-0.02599648,-0.01694710,-0.27274826,0.96158482,0.85893153,-0.42373573,0.02507672,0.49491179,-0.52409979,0.02541836,0.41871840,-0.13477546,0.02119049,0.24827004,-0.32975575,0.05364698,-0.51737839,1.20719421,1.52775180,-1.08499587,3.42437606,-2.52638178,0.21312974,-5.09021854,-0.55358644,0.08989203,2.83013513,0.28008411
0.90070357,0.01806992,0.02365125,0.28961123,0.29135702,0.08316043,-0.02378156,1.12479308,-1.33575301,-0.03515156,0.37879308,-1.44959624,0.12475308,1.04836814,-1.85330024,0.00988434,0.95395088,-1.68138585,0.56219025,-0.01542790,0.03905753,0.31780992,0.31327220,0.11956418,-0.29605722,0.05711133,-0.16052283,-0.28977863,-0.21424853,0.13378753,-0.29517135,-0.21413932,-0.11980066,-0.26761649,0.53384164,-0.36133718,-0.02388848,-0.01338814,-0.27187328,0.96194335,0.86339990,-0.42319521,0.02175271,0.49860392,-0.52803327,0.02803129,0.42115013,-0.13527931,0.02263857,0.28866571,-0.35150803,0.05019343,-0.45765702,0.97602644,1.08116331,0.15543464,2.33338876,-0.92620034,0.31139247,-6.23279095,0.58187909,0.05241026,1.94211524,0.74243969
0.91621796,0.00634206,0.06224657,0.09121573,0.20387871,-0.01271159,-0.02715708,1.13733237,-1.32167714,-0.04168677,0.44423726,-1.48343849,0.13731299,0.91167423,-1.81871448,0.01383253,1.00066595,-1.66401908,0.56219025,-0.01542790,0.03905753,0.31960677,0.29575191,0.11740557,-0.29891754,0.04891753,-0.16156415,-0.28854676,-0.23173935,0.13477090,-0.29484394,-0.18471126,-0.11588365,-0.27404603,0.54946297,-0.37070948,-0.02343728,-0.01093185,-0.27188228,0.96198296,0.86295290,-0.42527432,0.02068923,0.50668227,-0.53400587,0.03106001,0.42239539,-0.13465832,0.02476282,0.33142068,-0.37290807,0.04556074,-0.09936420,0.61136196,0.66300054,-0.30264226,3.38577485,-1.73858345,0.64418216,-6.85170546,1.82455297,0.19808183,2.37385426,0.87697071
0.90797411,0.01564724,0.02960990,0.01664198,0.13319314,-0.12412197,-0.01864631,1.13919332,-1.35853288,-0.04291093,0.51151611,-1.51253586,0.14773477,0.77344497,-1.76925259,0.01928415,1.04842398,-1.64505980,0.56219025,-0.01542790,0.03905753,0.32091357,0.27806504,0.11666028,-0.30077877,0.05531000,-0.15929010,-0.28735122,-0.24921875,0.13601758,-0.29419042,-0.15466422,-0.11266938,-0.27985125,0.56511467,-0.37998850,-0.02364827,-0.00959588,-0.27291870,0.96169853,0.86303759,-0.42659020,0.02013480,0.52861301,-0.54460977,0.03356235,0.42433659,-0.13342755,0.02672315,0.37433276,-0.39474227,0.04106231,0.47498980,0.00186682,-2.31131011,-0.03221570,3.26872325,-1.36094844,0.48352125,-6.90980577,2.52659063,0.28694293,2.36022997,0.95525688
0.88967839,-0.00095067,-0.00754174,-0.06897412,-0.01650014,-0.26975169,-0.00244532,1.11614680,-1.45454097,-0.03917228,0.57485497,-1.53029013,0.15240750,0.64076978,-1.71094835,0.02636587,1.09980798,-1.62601912,0.56219025,-0.01542790,0.03905753,0.32141188,0.26125586,0.11739751,-0.30218760,0.08186897,-0.15474605,-0.28562285,-0.26705450,0.13775588,-0.29278918,-0.12490453,-0.11110351,-0.28408158,0.58027656,-0.38937289,-0.02422126,-0.00960086,-0.27530347,0.96100424,0.86409010,-0.42793036,0.01922428,0.56790449,-0.56400335,0.03578903,0.42650224,-0.13120967,0.02862270,0.41550817,-0.41759533,0.03733030,0.86222553,-1.35581005,-5.15766573,0.22206454,3.17515230,-0.82124227,0.19492953,-6.57904720,2.97688699,0.36320618,2.61929488,0.94920152
0.84830664,-0.02489682,0.00571428,-0.24613874,-0.19086757,-0.28526201,0.02332406,1.09123559,-1.56524892,-0.03012823,0.63691680,-1.53312328,0.15553983,0.52253312,-1.64518819,0.03082752,1.15113971,-1.60582998,0.56219025,-0.01542790,0.03905753,0.32219232,0.24461431,0.11933661,-0.30348072,0.11208226,-0.14777640,-0.27945966,-0.28360934,0.13843747,-0.29214399,-0.09697489,-0.11042819,-0.28748717,0.59438050,-0.39882466,-0.02609315,-0.01197908,-0.27806443,0.96013323,0.86493409,-0.42845812,0.01871160,0.61029545,-0.58361377,0.04273265,0.42842621,-0.13038777,0.03004833,0.45343544,-0.44045401,0.03470514,1.28528459,-1.27451131,-5.55623627,0.45201528,3.09810853,-0.12205982,0.14308976,-5.88180447,3.28014398,0.22054695,2.57090497,1.00827740
0.80795491,-0.05777937,-0.02282584,-0.20445168,-0.43980884,-0.28224398,0.04831696,1.03646839,-1.68060751,-0.02260598,0.69578109,-1.52435529,0.14964340,0.42653424,-1.58610096,0.03142613,1.20405161,-1.58589098,0.56219025,-0.01542790,0.03905753,0.32258173,0.22837694,0.12175322,-0.30454618,0.15055943,-0.14044135,-0.26991219,-0.29950644,0.13891331,-0.29137830,-0.07273773,-0.11162331,-0.28927422,0.60741229,-0.40852066,-0.02701629,-0.01657000,-0.28086194,0.95922475,0.86541219,-0.42891489,0.01803555,0.65864550,-0.60793749,0.05266954,0.42985140,-0.13018068,0.03120343,0.48601128,-0.46340539,0.03330751,1.25780399,-2.89216645,-5.71023941,0.36183056,2.93615317,0.45642181,-0.31747448,-4.72770786,2.92695069,0.00397673,2.63980412,1.00034662
0.76347940,-0.07778778,-0.04626037,-0.01286636,-0.58200950,-0.21656870,0.07144809,0.91772417,-1.75612049,-0.01869172,0.74896933,-1.51166365,0.13813419,0.35535131,-1.53147151,0.02545395,1.25361176,-1.56442866,0.56219025,-0.01542790,0.03905753,0.32258915,0.21324308,0.12466204,-0.30479150,0.19766426,-0.13255398,-0.26162897,-0.31457712,0.13893622,-0.29034142,-0.05431160,-0.11299404,-0.29159465,0.61949336,-0.41815742,-0.02568245,-0.02216743,-0.28319157,0.95846312,0.86625727,-0.42914872,0.01779765,0.71360525,-0.63675447,0.06096017,0.43063886,-0.13076219,0.03224772,0.51256136,-0.48360168,0.03099450,1.12162019,-6.26936779,-3.49257197,0.18819642,2.61677289,0.63777345,-0.58628222,-3.45545888,2.74171519,-0.31240911,2.45607066,1.08155537
0.73635440,-0.10899811,-0.03607237,0.06960611,-0.63889332,-0.15858427,0.07965647,0.74092072,-1.76357970,-0.02026257,0.79467808,-1.49456971,0.12316583,0.31513815,-1.47348459,0.01775437,1.29766722,-1.54108033,0.56219025,-0.01542790,0.03905753,0.32286141,0.19942686,0.12657419,-0.30509367,0.24899500,-0.12826848,-0.25468718,-0.32856867,0.13907131,-0.28912565,-0.04446191,-0.11443101,-0.29789347,0.63071806,-0.42799913,-0.02330387,-0.02796880,-0.28490786,0.95786334,0.86690536,-0.43076617,0.01776774,0.76936821,-0.67136602,0.06817423,0.43128326,-0.13215463,0.03373576,0.53101286,-0.49962448,0.02496794,0.29612775,-9.08860645,0.02450037,-0.12587700,2.25328155,0.89552873,-0.77218791,-1.80464730,2.92267776,-0.38845260,2.16966243,1.17783728
0.71400995,-0.12393559,-0.01976660,0.16038508,-0.71828072,-0.15540918,0.06880409,0.55212927,-1.70951188,-0.01984688,0.82986498,-1.46243632,0.10505631,0.30337015,-1.41694736,0.00822703,1.33844876,-1.51767516,0.56219025,-0.01542790,0.03905753,0.32355687,0.18633997,0.12980597,-0.30640268,0.29676361,-0.12846516,-0.24838338,-0.34155086,0.13931529,-0.28764994,-0.04231573,-0.11595051,-0.30775610,0.64135660,-0.43791473,-0.01993052,-0.03429160,-0.28659352,0.95723091,0.86836673,-0.43170390,0.01715419,0.81889082,-0.70819890,0.07517349,0.43234242,-0.13397589,0.03590693,0.54233678,-0.51160473,0.01580077,-0.67608070,-9.43523502,3.11993098,0.06431725,1.67020428,1.73664796,-0.92500263,-0.40695366,2.80069804,-0.49290773,2.02289343,1.16561639
0.71249714,-0.12854971,-0.04132543,0.33947412,-0.68947766,0.09199445,0.03532139,0.39753661,-1.60507615,-0.02466584,0.86389759,-1.43294575,0.09684528,0.34159913,-1.42545195,0.00237498,1.37140250,-1.49697680,0.56219025,-0.01542790,0.03905753,0.32399247,0.17289730,0.13240019,-0.30714701,0.33227441,-0.13382744,-0.24707313,-0.35257380,0.14122770,-0.28499401,-0.05010911,-0.11418646,-0.31289445,0.65186124,-0.44788725,-0.01473869,-0.03993481,-0.28601433,0.95727937,0.86904890,-0.43198727,0.01684546,0.85632578,-0.74201362,0.07691934,0.43448019,-0.13644059,0.03899846,0.54733987,-0.51589279,0.01109802,-1.68088014,-7.65042143,5.23185492,-0.25391710,1.70594633,1.46227586,-0.39239153,1.99648781,-0.53866048,-0.30282131,1.65290439,1.00446930
0.74235608,-0.12868145,-0.09050097,0.51999431,-0.62677704,0.28731090,-0.00145548,0.29001859,-1.50027950,-0.03546624,0.90012548,-1.41122873,0.09604056,0.41535082,-1.48332753,-0.00759856,1.40784135,-1.49991484,0.56219025,-0.01542790,0.03905753,0.32350572,0.15897278,0.13395775,-0.30686177,0.35573101,-0.13951352,-0.24939889,-0.36028429,0.14265765,-0.27945904,-0.06474143,-0.10988751,-0.31351271,0.66295703,-0.45814605,-0.00784803,-0.04464938,-0.28365066,0.95785549,0.86924953,-0.43244724,0.01664396,0.88521596,-0.76896679,0.07410684,0.43859341,-0.14220785,0.04404669,0.54879339,-0.51500888,0.00999302,-1.83805931,-5.30121241,5.19309664,-0.53498868,1.81176698,1.06937733,-0.05697271,3.61761694,-2.82033191,-0.48879869,1.83070552,-0.23102329
0.77862689,-0.11301965,-0.12045775,0.56641801,-0.34078831,0.32264761,-0.03455085,0.20968342,-1.39847908,-0.04367534,0.93634868,-1.39531629,0.09154266,0.47572309,-1.52989612,-0.00944026,1.44623642,-1.53465939,0.56219025,-0.01542790,0.03905753,0.32253800,0.14434002,0.13566710,-0.30612707,0.37118197,-0.14507777,-0.25535224,-0.36310480,0.14538825,-0.26987374,-0.07788247,-0.10745822,-0.31291675,0.67492719,-0.46853553,-0.00124821,-0.04655835,-0.28077035,0.95864424,0.86969027,-0.43238383,0.01641093,0.90884544,-0.79118993,0.06718576,0.44797296,-0.14998472,0.05266426,0.55132622,-0.51686511,0.00962126,-1.61952164,-3.89430652,5.15352869,-0.39460513,1.81036794,0.77052349,-0.22835325,3.02475333,-2.36225352,-0.03052249,1.92178905,-1.88704903
0.83219832,-0.08173861,-0.09842351,0.62019270,0.05645866,0.19680295,-0.08856571,0.16092445,-1.26445112,-0.04757923,0.96835079,-1.37886956,0.08289801,0.53300139,-1.56910295,-0.00001259,1.45518303,-1.56316485,0.56219025,-0.01542790,0.03905753,0.32178231,0.12883568,0.13771524,-0.30595239,0.37324699,-0.15860080,-0.27184635,-0.36142248,0.14998073,-0.26235635,-0.09271718,-0.10722910,-0.31149443,0.68805683,-0.47884403,0.00470567,-0.04478972,-0.27901896,0.95922894,0.87072546,-0.43197941,0.01582992,0.91752440,-0.81322730,0.04993596,0.46392592,-0.15808593,0.05942596,0.55223249,-0.51941872,0.01028788,-2.94518464,-2.24463820,6.96016455,-0.16799211,1.55868661,0.85277790,-0.47024182,2.82683492,-1.85289989,0.52251448,0.15081024,-1.21306076
0.91784980,-0.07420914,-0.07963460,0.51768070,0.39923309,-0.00250305,-0.14053369,0.17508061,-1.15511525,-0.04850080,1.00031269,-1.36392522,0.07743683,0.58407438,-1.59587348,0.01027847,1.42051601,-1.58273137,0.56219025,-0.01542790,0.03905753,0.32143250,0.11206859,0.13910359,-0.30588804,0.35517086,-0.17462791,-0.29422718,-0.35181292,0.15386953,-0.26107287,-0.10834933,-0.10742928,-0.31018613,0.70262392,-0.48982209,0.00887872,-0.03988748,-0.27901700,0.95941632,0.87189372,-0.43275273,0.01554446,0.90827455,-0.82797748,0.02720532,0.48864789,-0.17097664,0.06035963,0.55351461,-0.52218014,0.01124637,-2.45570874,1.24030435,5.09048891,-0.02985634,1.61840189,0.71697229,-0.22221966,2.51013613,-1.26788366,0.49762100,-2.02122688,-0.99504226
0.95954277,-0.03989400,-0.06999432,0.33186337,0.55649280,0.03732765,-0.12843067,0.22324651,-1.21299150,-0.05014178,1.03561404,-1.35616026,0.07670623,0.63355840,-1.61713393,0.02233742,1.35528336,-1.61034679,0.56219025,-0.01542790,0.03905753,0.32114294,0.09536864,0.13854708,-0.30486608,0.34232039,-0.17053849,-0.29696802,-0.33284192,0.15724509,-0.26336133,-0.12428082,-0.10783730,-0.30837029,0.71842289,-0.50079563,0.01058493,-0.03366149,-0.27883047,0.95969184,0.87326004,-0.43509990,0.01627686,0.91568860,-0.82844310,0.02417491,0.52201796,-0.18945198,0.05778160,0.55567831,-0.52506096,0.01277264,0.64158838,2.44865923,-2.96351166,-0.07277164,1.76386917,0.38725659,-0.03289720,2.47365737,-1.05624961,0.58884895,-3.26606774,-1.42234740
1.00482725,0.01254245,-0.08153848,0.14117268,0.73017558,-0.01854532,-0.11641491,0.29228029,-1.28626530,-0.04549509,1.07068293,-1.35121679,0.07903047,0.68389868,-1.63460653,0.03001583,1.28865061,-1.66002378,0.56219025,-0.01542790,0.03905753,0.32044828,0.07914633,0.13844229,-0.30300330,0.32426983,-0.16799320,-0.29835091,-0.30919939,0.15825406,-0.26349979,-0.14104218,-0.10878221,-0.30592979,0.73551200,-0.51134915,0.01005068,-0.02627483,-0.27908382,0.95985459,0.87660677,-0.43703445,0.01744498,0.91891245,-0.82716067,0.02209737,0.55959812,-0.21184470,0.05694849,0.55811855,-0.52741249,0.01451848,0.41772623,3.45854692,-3.46916881,0.24882466,1.75711143,0.22391508,0.12859770,2.52829432,-0.86961645,0.41060948,-3.32346272,-2.49658418
1.03704409,0.03108834,-0.07236834,-0.07993927,0.81220004,-0.12209690,-0.12118495,0.35966262,-1.33137233,-0.03680457,1.10321140,-1.35665832,0.08482950,0.73555166,-1.64803123,0.04477338,1.22002497,-1.70696223,0.56219025,-0.01542790,0.03905753,0.31965132,0.06630905,0.13818768,-0.30025654,0.30410147,-0.17245042,-0.30020760,-0.28556054,0.15976596,-0.26216340,-0.15822865,-0.11003692,-0.30317249,0.75336893,-0.52197689,0.00715853,-0.01871651,-0.28023128,0.95972333,0.88365010,-0.44123322,0.01939479,0.91677326,-0.83103331,0.01944372,0.59875876,-0.23359228,0.05748792,0.56078717,-0.52950640,0.01647883,-0.04023600,3.33888550,-2.36272554,0.44198367,1.59368551,-0.32940960,0.29992781,2.57321382,-0.63878343,0.75529062,-3.46755958,-2.29406681
1.03384090,0.02339846,-0.03613975,-0.16624425,0.76333293,-0.08747921,-0.10592692,0.42769771,-1.38331196,-0.03344744,1.11748681,-1.37924752,0.09095644,0.78388344,-1.65394955,0.05614672,1.13583908,-1.74412878,0.56219025,-0.01542790,0.03905753,0.31929988,0.06321335,0.13590706,-0.29904754,0.28529502,-0.17092586,-0.30124243,-0.25951551,0.16006646,-0.26193607,-0.17480690,-0.11153343,-0.30077172,0.77107444,-0.53272456,0.00340635,-0.01174270,-0.28120168,0.95957080,0.89765543,-0.45245060,0.02025234,0.91894664,-0.83062171,0.01805746,0.63903970,-0.25788570,0.05736381,0.56371745,-0.53223696,0.01852816,0.76491642,3.43851280,-2.55793309,0.10706519,0.56397767,-1.24360361,0.29964957,2.39281201,-0.25330352,0.51741167,-4.32861896,-1.81346359
0.96369954,0.04099054,0.04073162,-0.15020392,0.68954748,0.04934920,-0.09811612,0.49043027,-1.41960490,-0.04416563,1.11488163,-1.45620680,0.09408365,0.82556725,-1.64817381,0.05846095,1.02461970,-1.75293016,0.56219025,-0.01542790,0.03905753,0.32011664,0.07658436,0.12980216,-0.29724410,0.26690817,-0.17151711,-0.30222939,-0.23085818,0.15838140,-0.26552525,-0.19069087,-0.11350014,-0.29940706,0.78789808,-0.54260659,-0.00003270,-0.00546815,-0.28091758,0.95971632,0.92238761,-0.47458947,0.02287254,0.92018928,-0.83097637,0.01788725,0.67888345,-0.28473845,0.05459139,0.56610347,-0.53536499,0.02070957,0.31505984,3.06522298,-1.67770374,-0.64626747,-0.22416829,-4.33459282,0.12971207,2.02959895,0.38442132,0.05074784,-5.77164125,-0.17884968
0.91928267,0.04327568,0.02761460,-0.28813519,0.46233004,0.10160541,-0.09121698,0.54954877,-1.44014022,-0.05160539,1.09337101,-1.54855158,0.09860607,0.87073804,-1.64111879,0.05160362,0.91167718,-1.74598465,0.56219025,-0.01542790,0.03905753,0.32075599,0.09941603,0.12499406,-0.29379553,0.24946194,-0.17243634,-0.30296254,-0.20242076,0.15413095,-0.27025952,-0.20628479,-0.11502099,-0.29842091,0.80390971,-0.55177715,-0.00407451,-0.00176025,-0.27992398,0.96001191,0.95492517,-0.49980224,0.02696046,0.92160231,-0.83126597,0.01779346,0.71604826,-0.31300764,0.05049647,0.56813270,-0.53790469,0.02233509,0.34277886,2.95102272,-1.00049390,-0.39992279,-1.08048246,-4.67422762,0.22218265,2.27183027,0.35034654,-0.35366637,-5.65169363,0.36934946
0.83209593,0.03699893,0.04863681,-0.33066309,0.20734251,0.15723675,-0.08729530,0.60365021,-1.44445374,-0.07289298,1.04915566,-1.66283295,0.10067133,0.92190088,-1.63470347,0.03526260,0.79252166,-1.72329893,0.56219025,-0.01542790,0.03905753,0.32178724,0.13274789,0.11715454,-0.28694831,0.23290259,-0.17389584,-0.30394405,-0.17262065,0.14759805,-0.27608217,-0.22216247,-0.11684255,-0.29745204,0.81844938,-0.56009090,-0.00795008,-0.00059743,-0.27850014,0.96040310,0.99327752,-0.53212110,0.03483892,0.92220146,-0.83160312,0.01784319,0.75156094,-0.34304481,0.04570507,0.56824285,-0.53996534,0.02433520,0.17720075,2.67941284,-0.18481921,-1.06318316,-2.41305821,-5.64849138,0.09838244,2.55160952,0.32639119,-0.85788766,-5.99706507,1.18131915
0.77662598,0.02559507,0.05355313,-0.35693916,-0.09541619,0.29194097,-0.08555958,0.65329322,-1.43772762,-0.08921804,0.93340422,-1.74578545,0.10569615,0.97572320,-1.63054655,0.01001280,0.66785880,-1.68806272,0.56219025,-0.01542790,0.03905753,0.32301485,0.17947719,0.11179453,-0.28028188,0.21754095,-0.17517211,-0.30483966,-0.14081962,0.13922513,-0.28167552,-0.23700854,-0.11698520,-0.29692717,0.83194161,-0.56786977,-0.01103147,-0.00219739,-0.27576497,0.96115928,1.04338891,-0.56821308,0.04273297,0.92354728,-0.83172150,0.01817519,0.78633617,-0.37516807,0.04133933,0.56895950,-0.54143119,0.02608768,0.10269248,2.48888373,0.38498922,-0.76902022,-6.09835110,-3.96548905,0.29059784,2.73077464,0.17401169,-1.26990447,-6.20963764,1.79324901
0.73581147,0.02859889,0.04382824,-0.43900429,-0.33844041,0.44898726,-0.08554934,0.69972123,-1.41871264,-0.09370518,0.76190327,-1.77608550,0.11559788,1.03568742,-1.63070242,-0.01996716,0.54896415,-1.64369531,0.56219025,-0.01542790,0.03905753,0.32418141,0.23267769,0.11011304,-0.27187184,0.20274594,-0.17678914,-0.30562292,-0.10938084,0.12962455,-0.28643358,-0.25125299,-0.11556474,-0.29654912,0.84484763,-0.57514404,-0.01434496,-0.00650404,-0.27167764,0.96225941,1.10076305,-0.60291247,0.05230957,0.92526318,-0.83184164,0.01855849,0.81936716,-0.40746149,0.03774782,0.57024727,-0.54231243,0.02763229,-0.03264945,2.28251691,1.02495431,-0.15321045,-8.82176247,-1.17061319,0.50449865,3.01997113,-0.01708746,-1.53888478,-5.91055470,2.27824380
0.70206933,0.03903622,0.05070836,-0.40640940,-0.46378244,0.58356406,-0.09004362,0.74200058,-1.39176571,-0.08990982,0.57555169,-1.75921285,0.12626804,1.09671175,-1.62854004,-0.05198134,0.44503537,-1.59076369,0.56219025,-0.01542790,0.03905753,0.32557812,0.28325452,0.11124544,-0.26067086,0.18829698,-0.17931118,-0.30613828,-0.08171642,0.11973215,-0.29073317,-0.26547356,-0.11353665,-0.29641941,0.85733111,-0.58172458,-0.01705794,-0.01201808,-0.26625512,0.96367671,1.15754105,-0.63155091,0.06490726,0.92696930,-0.83224159,0.01943985,0.84861340,-0.43702710,0.03484495,0.57120843,-0.54298705,0.02915871,-0.25317818,2.09192276,1.38956296,0.23701964,-9.34272671,1.14316452,0.53648651,3.05093741,0.13594866,-1.60110819,-5.06386900,2.70228601
0.68679570,0.05028645,0.02722348,-0.48271641,-0.55233118,0.55885499,-0.09479892,0.77954531,-1.35702138,-0.07619060,0.41807637,-1.69841363,0.14039514,1.16246147,-1.62942576,-0.08110820,0.37132613,-1.54166796,0.56219025,-0.01542790,0.03905753,0.32672982,0.32308540,0.11461560,-0.25057690,0.17444359,-0.18207359,-0.30639379,-0.06079706,0.11041579,-0.29478092,-0.27947573,-0.11094133,-0.29565523,0.86968745,-0.58773953,-0.02018858,-0.01875951,-0.26092785,0.96496485,1.20655059,-0.65133309,0.07615292,0.92877010,-0.83287337,0.02033603,0.87273376,-0.46172901,0.03194890,0.57235580,-0.54292270,0.03107460,-0.23888119,1.86851108,1.73779094,0.68007584,-7.81902361,3.05606151,0.71326011,3.27905250,-0.03133392,-1.45335851,-3.64314628,2.44764786
0.67539996,0.03940114,0.02142959,-0.47711424,-0.46870645,0.57351643,-0.09839662,0.81073816,-1.32014146,-0.06560364,0.29701040,-1.62793849,0.15923499,1.22355332,-1.62332664,-0.10584547,0.32881791,-1.50082104,0.56219025,-0.01542790,0.03905753,0.32794586,0.35308551,0.11664026,-0.24311545,0.16140410,-0.18463258,-0.30675211,-0.04812643,0.10181757,-0.29963145,-0.29373204,-0.10733426,-0.29501991,0.88180470,-0.59367968,-0.02334801,-0.02462538,-0.25528175,0.96627102,1.24649753,-0.66629834,0.08483042,0.93118872,-0.83389144,0.02119375,0.89013796,-0.48136972,0.02831442,0.57333737,-0.54223009,0.03292595,-0.16272739,1.53974950,1.86248009,0.52745166,-5.96291552,3.54001212,0.95459348,3.05017924,0.31004332,-1.20788796,-2.02497754,1.99554915
0.69687267,0.04504255,-0.01748926,-0.67346474,-0.45270318,0.30269191,-0.09588033,0.83964393,-1.28134470,-0.05017441,0.21392853,-1.54646564,0.17885918,1.28582814,-1.61916964,-0.11849529,0.31778069,-1.47332375,0.56219025,-0.01542790,0.03905753,0.32866858,0.37396334,0.11841925,-0.24073759,0.14891980,-0.18633742,-0.30675495,-0.04261356,0.09534544,-0.30552279,-0.30726377,-0.10485605,-0.29345486,0.89430214,-0.59967399,-0.02848576,-0.03074613,-0.25200135,0.96681878,1.27860564,-0.67830298,0.08793099,0.93366157,-0.83493890,0.02191363,0.90349940,-0.49564476,0.02314579,0.57486286,-0.54167084,0.03521371,0.15263897,1.46220362,1.92203801,0.82367697,-3.95501814,4.15110960,0.96385032,3.13439631,0.17825459,-0.56956731,-0.43801761,1.33496177
0.70142787,0.08162648,-0.03260369,-0.67383457,-0.20068453,0.21153278,-0.09017079,0.86390862,-1.24277077,-0.02179695,0.15144226,-1.43024640,0.19659727,1.33730643,-1.60690391,-0.12021261,0.33411027,-1.46488564,0.56219025,-0.01542790,0.03905753,0.32910584,0.38762186,0.12242720,-0.24827494,0.13667634,-0.18777263,-0.30689362,-0.04436757,0.09130409,-0.31103874,-0.32034181,-0.10357631,-0.29167886,0.90735871,-0.60516264,-0.03441888,-0.03487578,-0.24984232,0.96704593,1.30594176,-0.68497913,0.08083090,0.93645970,-0.83557991,0.02221222,0.91255726,-0.50378270,0.01806709,0.57680064,-0.54130119,0.03742698,0.29058496,1.14990876,1.94426811,1.49613957,-3.11743231,6.08095798,0.88540286,2.44529338,0.72396893,-0.03946504,0.97630324,0.27121637
0.70732672,0.11859888,-0.05736090,-0.65900129,0.03862340,0.19863020,-0.08593518,0.88387078,-1.20627689,0.04158314,0.11874451,-1.31200111,0.20733874,1.38167214,-1.59589481,-0.11807549,0.40026337,-1.50902081,0.56219025,-0.01542790,0.03905753,0.32918751,0.39140706,0.13625566,-0.26019473,0.12454995,-0.19024818,-0.30660518,-0.05756669,0.08852392,-0.31282543,-0.33254619,-0.10471238,-0.28799289,0.92085232,-0.61000812,-0.04074174,-0.03650101,-0.24764936,0.96730429,1.32977070,-0.67746812,0.06899279,0.93928625,-0.83665156,0.02258234,0.91261508,-0.50473440,0.01636208,0.57871260,-0.54298526,0.04119462,0.19448696,0.98674530,1.79610717,3.48039722,-1.34044278,5.79752636,0.46785769,2.21147060,0.48254725,0.12220009,3.72597790,-2.65714622
0.76161269,0.13823108,-0.10244735,-0.48679224,0.35383022,0.29988564,-0.08456207,0.90649436,-1.18059881,0.06774973,0.12981288,-1.24387479,0.21807869,1.41650527,-1.59207346,-0.10630589,0.46136834,-1.55035758,0.56219025,-0.01542790,0.03905753,0.32832208,0.38313331,0.14021304,-0.27586614,0.11105931,-0.19351089,-0.30506221,-0.07178700,0.08868599,-0.31284330,-0.34280816,-0.10585030,-0.28207010,0.93560287,-0.61495167,-0.04628357,-0.03447293,-0.24448072,0.96793524,1.33955447,-0.67217001,0.05245594,0.94218041,-0.83797044,0.02325988,0.91417286,-0.50288324,0.01547878,0.58342083,-0.54647151,0.04625198,0.06271889,1.13442919,1.27465286,1.25638542,0.60626717,3.32076051,0.53160846,1.74427402,0.14595078,0.58719472,3.04836187,-2.05891225
0.81544461,0.13755470,-0.11070444,-0.14567017,0.54787882,0.57766072,-0.08772703,0.92945027,-1.16131914,0.06434932,0.17109905,-1.22191834,0.22278389,1.44656460,-1.61552255,-0.09629008,0.51866601,-1.58600321,0.56219025,-0.01542790,0.03905753,0.32722812,0.36694434,0.13646800,-0.29195352,0.09674419,-0.19675216,-0.30322669,-0.08723872,0.08954045,-0.31192358,-0.34779707,-0.10750386,-0.27299303,0.95134470,-0.62026156,-0.04903632,-0.03000518,-0.23875023,0.96937787,1.33985716,-0.66852881,0.03527460,0.94637562,-0.83945590,0.02400143,0.91527115,-0.50056701,0.01530454,0.59318500,-0.55513464,0.05423510,-0.17394508,1.13486688,0.94625614,-0.20597022,2.10224307,1.06389990,0.20185910,1.44213858,-1.21957532,0.48967962,2.86124306,-1.76500213
0.85758660,0.12422604,-0.10352913,0.22416302,0.78313827,0.79718892,-0.09537409,0.95203776,-1.15037487,0.04128766,0.23461889,-1.27111750,0.21314072,1.44772403,-1.64376779,-0.09140311,0.56975578,-1.61222463,0.56219025,-0.01542790,0.03905753,0.32610696,0.34791353,0.12812419,-0.30081826,0.08199743,-0.19977362,-0.30117483,-0.10400420,0.09015299,-0.31042094,-0.34649274,-0.11087344,-0.26495865,0.96775588,-0.62588000,-0.04868247,-0.02250354,-0.23075317,0.97153311,1.33624062,-0.66685114,0.02528870,0.95176844,-0.84123431,0.02493213,0.91504149,-0.49873588,0.01568602,0.60825579,-0.57011417,0.06114831,-0.39577931,1.15154808,0.49931427,-1.27779639,3.32245927,-3.10366890,-0.55884053,-0.10937117,-1.36598098,0.21528186,2.49969001,-1.25138707
0.91573382,0.11249982,-0.10235622,0.47399700,0.87511032,0.95668064,-0.10724856,0.98046329,-1.15013530,0.00690654,0.30029882,-1.36614933,0.19726233,1.41519563,-1.67310262,-0.09291890,0.61520578,-1.63277121,0.56219025,-0.01542790,0.03905753,0.32476714,0.33126705,0.11792211,-0.30164927,0.06639602,-0.20257461,-0.29763399,-0.12084789,0.08998340,-0.30803553,-0.33770725,-0.11421586,-0.26032202,0.98512329,-0.63189383,-0.04611966,-0.01346479,-0.22131654,0.97401780,1.33489293,-0.66801424,0.02311787,0.95787639,-0.84332350,0.02713315,0.91476416,-0.49866164,0.01673161,0.63113537,-0.58965634,0.06444512,-0.62257133,1.45748293,-0.04716969,-1.70753708,3.15912986,-4.56620684,-0.77958953,-1.79595565,-1.52391803,-0.11075046,2.27090049,-1.03026438
0.94608566,0.10964260,-0.11462405,0.67450647,0.79285504,0.92931126,-0.12247355,1.01186967,-1.16720426,-0.02507811,0.36950395,-1.45634329,0.18421453,1.36343563,-1.71232796,-0.09469290,0.65565825,-1.64435959,0.56219025,-0.01542790,0.03905753,0.32290101,0.31313247,0.11036196,-0.30151543,0.05356002,-0.20467959,-0.29271358,-0.13727285,0.09095840,-0.30557454,-0.32229164,-0.11573609,-0.25766361,1.00316478,-0.63792992,-0.04147095,-0.00460261,-0.21185832,0.97640925,1.33390833,-0.66691971,0.02138558,0.96729983,-0.84643918,0.03018743,0.91578628,-0.49835104,0.01732647,0.66185959,-0.61004615,0.06523740,-0.78033102,1.58202398,-0.99695915,-1.58102715,3.55794120,-4.55401182,-0.63124889,-2.69554830,-2.03158379,-0.07380187,1.97344768,-0.48836944
0.95255090,0.04484356,-0.09343176,0.64412880,0.63299308,0.62929498,-0.13555204,1.03225100,-1.21557102,-0.05063596,0.44047873,-1.53404429,0.17191234,1.30810170,-1.76264694,-0.09471917,0.69772161,-1.65437999,0.56219025,-0.01542790,0.03905753,0.32114210,0.29473475,0.10545976,-0.30048620,0.05215865,-0.20562352,-0.28817429,-0.15324405,0.09293085,-0.30269018,-0.30313216,-0.11692755,-0.25442551,1.02094220,-0.64487580,-0.03647520,0.00271571,-0.20538595,0.97799734,1.33320903,-0.66677923,0.02065589,0.98605134,-0.85412251,0.03296781,0.91797618,-0.49818606,0.01845192,0.69637670,-0.63009764,0.06671659,-0.63881309,0.97511950,-2.46613021,-1.24970527,3.54932127,-3.85694785,-0.63848426,-2.78319716,-2.49472024,0.00027743,2.10582447,-0.49633741
0.93947587,0.00094454,-0.05187783,0.59209367,0.45928226,0.31755780,-0.13244294,1.02780488,-1.29883041,-0.06079382,0.51126566,-1.59042127,0.14746829,1.23356838,-1.79218633,-0.09361015,0.73950342,-1.65888186,0.56219025,-0.01542790,0.03905753,0.31998710,0.27586701,0.10510628,-0.30001775,0.06692042,-0.20196577,-0.28736562,-0.16869212,0.09532630,-0.30036684,-0.28241619,-0.12102416,-0.25380446,1.03821649,-0.65236579,-0.03164676,0.00843716,-0.20189360,0.97885968,1.33315653,-0.66502707,0.01996935,1.01973673,-0.86432573,0.03262148,0.92102841,-0.49805737,0.01962026,0.73096196,-0.65173048,0.06618264,0.24177501,-0.25084590,-4.27293458,-0.49482828,3.53455687,-2.74611840,-1.22674775,-3.83615365,-1.37531654,0.05884918,2.07299418,-0.19332074
0.91970832,-0.01630241,-0.01558274,0.55726120,0.20369298,0.00906810,-0.10813988,1.02076383,-1.40947990,-0.06760500,0.57815613,-1.62589960,0.12025553,1.12805607,-1.79359410,-0.09202035,0.78275018,-1.65768037,0.56219025,-0.01542790,0.03905753,0.31944259,0.25787070,0.10584575,-0.30018097,0.08893497,-0.19129390,-0.28679371,-0.18382833,0.09822677,-0.29887166,-0.25745775,-0.12538645,-0.25829736,1.05498959,-0.65991532,-0.02660182,0.01175261,-0.20145200,0.97906655,1.33369898,-0.66457367,0.01926162,1.06110269,-0.87078356,0.03264888,0.92493171,-0.49704635,0.02057093,0.76893853,-0.67337075,0.06114523,1.25445261,-0.32092237,-5.58644438,-0.33322170,3.31513715,-1.71039097,-1.37923427,-5.36642885,0.00762176,0.07750180,2.20917945,0.05356264
0.87781438,-0.03348017,0.00391723,0.42178174,-0.02427712,-0.21767083,-0.06625804,1.01139650,-1.54451742,-0.07248923,0.63917111,-1.64542856,0.09196551,1.01289618,-1.77920086,-0.08943857,0.83242061,-1.65632505,0.56219025,-0.01542790,0.03905753,0.31923470,0.24157961,0.10680286,-0.30043826,0.11653801,-0.17538131,-0.28286166,-0.19935018,0.10136935,-0.29758767,-0.23053448,-0.13038769,-0.26406902,1.07096836,-0.66753973,-0.02225035,0.01268692,-0.20330574,0.97878023,1.33509864,-0.66588109,0.01879645,1.10794183,-0.87483824,0.03637304,0.92854470,-0.49511077,0.02164704,0.80756699,-0.69523119,0.05516568,2.23058000,-0.52275891,-6.94178534,-0.23227946,3.02138019,-0.88047974,-1.40667706,-5.76365614,0.79966158,0.14099665,2.50091648,0.07581567
0.82269428,-0.02069589,0.04174295,0.26525090,-0.18661630,-0.17563268,-0.00779385,0.96340835,-1.67944348,-0.07654211,0.69567531,-1.65537000,0.06853361,0.89038002,-1.74786234,-0.08442009,0.88668537,-1.64906716,0.56219025,-0.01542790,0.03905753,0.31972063,0.22684344,0.10744989,-0.30042265,0.15415149,-0.15593450,-0.27752416,-0.21585864,0.10475327,-0.29714561,-0.20199502,-0.13471747,-0.27083130,1.08600868,-0.67460728,-0.01908599,0.01169013,-0.20514642,0.97847535,1.33691002,-0.66740012,0.01929797,1.16448070,-0.87935197,0.04219647,0.93046142,-0.49192381,0.02257502,0.84689976,-0.71677017,0.04888932,3.02078891,-2.75841928,-6.65023279,-0.20029618,2.79478645,-0.44918057,-1.12692559,-6.19653893,1.69637907,0.26933715,2.75048351,0.41789529
0.75411106,-0.03678930,0.05060707,0.21607117,-0.40485182,-0.14490966,0.06523764,0.86073433,-1.77970326,-0.07752789,0.74857141,-1.64566674,0.04639485,0.76486688,-1.70261631,-0.08284218,0.93349745,-1.63886914,0.56219025,-0.01542790,0.03905753,0.32059348,0.21203205,0.10893665,-0.30146315,0.19847800,-0.13389853,-0.27050697,-0.22933976,0.10735925,-0.29755024,-0.17172218,-0.13878130,-0.27730934,1.09955868,-0.68135490,-0.01612457,0.00826024,-0.20665346,0.97824645,1.33753645,-0.66752136,0.01913033,1.22689008,-0.88410857,0.05008651,0.93326658,-0.49038455,0.02304324,0.88636886,-0.73879060,0.04328414,3.65478907,-5.23643131,-4.89884052,-0.05462721,2.62748818,0.49002167,-1.10669401,-6.27732277,2.28112931,0.07727381,2.35391445,0.51562783
0.70385352,-0.05094223,0.08617815,0.18809547,-0.59330929,0.05333185,0.13058332,0.70264012,-1.80580671,-0.08196837,0.79086610,-1.62702198,0.02458400,0.64033167,-1.64482050,-0.08286687,0.98709986,-1.62454252,0.56219025,-0.01542790,0.03905753,0.32228142,0.19988401,0.10966800,-0.30246480,0.24569001,-0.11476264,-0.26519667,-0.24448057,0.10983696,-0.29836630,-0.14089284,-0.14259537,-0.28328453,1.11208781,-0.68795216,-0.01306152,0.00293081,-0.20635265,0.97838612,1.33923642,-0.66835117,0.01981662,1.29050173,-0.89216411,0.05708475,0.93279103,-0.48873477,0.02391512,0.92560741,-0.76150004,0.03899689,3.17435064,-7.94525928,-1.13434983,-0.22987951,2.09530230,0.99735824,-1.08848407,-6.20865116,2.92114854,-0.00915161,2.68147135,0.72898287
0.66716969,-0.04779381,0.10898906,0.14926093,-0.69923913,0.26822352,0.16146648,0.54695433,-1.77591367,-0.08827626,0.82856770,-1.59528666,0.00439824,0.52588210,-1.57960720,-0.08302691,1.03927355,-1.60782242,0.56219025,-0.01542790,0.03905753,0.32461289,0.18756836,0.10978848,-0.30458788,0.28624674,-0.10491351,-0.25988507,-0.25902399,0.11239648,-0.29933653,-0.11187484,-0.14600209,-0.28831019,1.12397486,-0.69414485,-0.01012582,-0.00357394,-0.20393161,0.97892625,1.33977765,-0.66836584,0.02002501,1.34453801,-0.90461085,0.06472782,0.93135838,-0.48768592,0.02527636,0.96311485,-0.78334488,0.03630269,1.38539988,-7.67910690,1.71297153,-0.31835806,1.87801325,1.58743131,-0.99715371,-5.65783930,3.27212310,0.00647870,2.59169459,0.83463615
0.64380728,-0.02107321,0.09849465,0.14962533,-0.81226415,0.48850765,0.15658877,0.42375697,-1.69132972,-0.09597863,0.86092985,-1.55647388,-0.01431449,0.43492455,-1.51808348,-0.08435144,1.08945045,-1.58706346,0.56219025,-0.01542790,0.03905753,0.32692123,0.17591768,0.10966290,-0.30687616,0.31567837,-0.10315404,-0.26068632,-0.27321753,0.11481947,-0.30067114,-0.08776990,-0.14888701,-0.29232673,1.13562600,-0.69963322,-0.00704663,-0.01111695,-0.19950091,0.97980924,1.34041394,-0.66746368,0.02004507,1.38586220,-0.91798027,0.06623491,0.92903213,-0.48714721,0.02625009,0.99663893,-0.80236341,0.03459450,-0.44273611,-5.94016571,4.55778651,-0.39609921,1.57177937,2.01074836,-0.93304067,-4.37759600,3.02783179,-0.09235212,2.50586677,1.07970570
0.63774639,-0.00987284,0.08387471,0.23426329,-0.82766897,0.68970126,0.13923888,0.33775362,-1.57178128,-0.10563975,0.89042562,-1.51288760,-0.03011817,0.37451252,-1.46555185,-0.08628129,1.13876796,-1.56505954,0.56219025,-0.01542790,0.03905753,0.32910088,0.16394303,0.10943676,-0.30924858,0.33439033,-0.10310672,-0.26951715,-0.28745512,0.11756428,-0.30136904,-0.07108928,-0.15056558,-0.29663496,1.14728238,-0.70466298,-0.00315155,-0.01884403,-0.19307496,0.98099798,1.34046997,-0.66551870,0.01985230,1.41765584,-0.92680275,0.05958372,0.92582215,-0.48693109,0.02773184,1.02443589,-0.81705701,0.03246591,-0.89279109,-4.03807783,6.16277170,-0.49715322,1.46928895,2.19199419,-0.76239091,-2.80028677,2.56083703,-0.08948296,2.45877004,1.09176636
0.64396198,-0.02783626,0.07269485,0.24455767,-0.65797289,0.78405959,0.14048237,0.27202102,-1.50962343,-0.11379485,0.91367688,-1.47168913,-0.03624366,0.35144809,-1.42810636,-0.09133487,1.18106682,-1.54358454,0.56219025,-0.01542790,0.03905753,0.33116255,0.15286064,0.10943332,-0.31139503,0.35099817,-0.09953365,-0.26974412,-0.30058097,0.11905848,-0.30134513,-0.06456814,-0.14969950,-0.30243196,1.15898878,-0.70986574,0.00065785,-0.02489662,-0.18546688,0.98233485,1.34123873,-0.66374654,0.01976753,1.44947738,-0.93059869,0.06141843,0.92256557,-0.48934838,0.02981742,1.04425415,-0.82568867,0.02873060,0.07285898,-3.26288972,3.13192010,-0.40960771,1.16022339,2.05712125,-0.30670580,-1.10985794,1.87104881,-0.25107416,2.09578369,1.08358953
0.64156788,-0.03611954,0.08107324,0.34262866,-0.51522867,0.82987476,0.11940064,0.23176558,-1.41584988,-0.12246436,0.93370807,-1.43159008,-0.04438126,0.35591202,-1.39223428,-0.09523419,1.21143734,-1.51672468,0.56219025,-0.01542790,0.03905753,0.33348904,0.14166798,0.10953892,-0.31349096,0.35777772,-0.10120039,-0.27933021,-0.31238167,0.12094631,-0.30138770,-0.06703243,-0.14932063,-0.31096742,1.17063662,-0.71502068,0.00512887,-0.02939809,-0.17736928,0.98369181,1.34167160,-0.66195818,0.01999808,1.47041062,-0.93497968,0.05415884,0.92029788,-0.49244298,0.03210135,1.05560612,-0.83145943,0.02252162,-1.33076077,-1.87670243,4.88469424,-0.42935592,0.98105619,2.00796883,-0.42484511,0.28166268,1.78399932,-0.19144668,1.49504030,1.34764469
0.67524166,-0.03286050,0.02300521,0.36470859,-0.40173568,0.87842630,0.05765136,0.24170095,-1.30623794,-0.12953089,0.95387081,-1.39421289,-0.05061282,0.39276332,-1.38518829,-0.09653158,1.23974438,-1.49661691,0.56219025,-0.01542790,0.03905753,0.33492454,0.12994876,0.11020362,-0.31498569,0.34739258,-0.11452736,-0.29785452,-0.32297522,0.12353907,-0.29983351,-0.07726357,-0.14832790,-0.31790081,1.18296663,-0.72015640,0.00978145,-0.03272810,-0.16892064,0.98503757,1.34226419,-0.65969315,0.01993885,1.47214498,-0.94415194,0.03707002,0.91981336,-0.49582349,0.03509103,1.06059224,-0.83415347,0.01702373,-2.94079037,0.72653799,5.24694710,-0.34553608,1.05045881,1.83560793,-0.25658720,2.04950550,0.08324717,-0.04588884,1.44168794,0.92856351
0.74965693,-0.02692782,-0.09380416,0.23579827,-0.35740618,0.97434788,0.02917204,0.27705739,-1.25628457,-0.13523135,0.98615216,-1.36894295,-0.04850981,0.45915871,-1.42778358,-0.09091311,1.28182206,-1.50293086,0.56219025,-0.01542790,0.03905753,0.33427446,0.11641095,0.11073243,-0.31414939,0.33316397,-0.12023597,-0.30960163,-0.33207118,0.12746142,-0.29412839,-0.09130422,-0.14542236,-0.31896759,1.19692952,-0.72534951,0.01318747,-0.03572945,-0.15944289,0.98647223,1.34238202,-0.65710912,0.02012507,1.47497882,-0.94476579,0.02467283,0.92220170,-0.49942406,0.04014607,1.06432621,-0.83443886,0.01530687,-1.23794012,1.79226286,2.13473215,-0.27915269,1.69293153,1.17567585,0.13350547,3.40826955,-2.35712508,0.33110133,2.21525409,-0.50308939
0.77469476,-0.00404890,-0.18177121,0.05678283,-0.04870978,0.99259768,0.02428011,0.34997427,-1.30925775,-0.13924021,1.02713871,-1.36041510,-0.04687206,0.52081227,-1.47086143,-0.07621748,1.32981348,-1.53927970,0.56219025,-0.01542790,0.03905753,0.33191413,0.10209540,0.11053853,-0.31136639,0.31640116,-0.12115726,-0.30896171,-0.33750015,0.13243676,-0.28413714,-0.10486827,-0.14417516,-0.31762654,1.21185066,-0.73006642,0.01451807,-0.03644739,-0.14966905,0.98795748,1.34220649,-0.65490264,0.02054773,1.47788729,-0.93985987,0.02295242,0.92902555,-0.50322771,0.04777698,1.06884147,-0.83651924,0.01428758,-0.10173529,4.00922823,-3.49645591,-0.18646179,2.09694743,0.30288216,0.06305739,2.99100971,-2.04503775,0.80046409,2.40302300,-2.02409506
0.77527892,0.01950325,-0.14909338,-0.06994247,0.36621213,0.86120344,0.00519186,0.39544489,-1.32868998,-0.14115920,1.06304955,-1.36717906,-0.04415664,0.58066038,-1.50993316,-0.04091347,1.34282038,-1.57823989,0.56219025,-0.01542790,0.03905753,0.32987719,0.09012916,0.10934032,-0.30844607,0.30211316,-0.12847967,-0.31076079,-0.33500671,0.14082064,-0.27499428,-0.12055764,-0.14437135,-0.31441653,1.22699889,-0.73399351,0.01364182,-0.03289254,-0.14113545,0.98934967,1.34419536,-0.65434704,0.02143112,1.48090395,-0.94210792,0.01911640,0.94498662,-0.50480139,0.05488291,1.07076439,-0.83872179,0.01546067,-0.90938176,2.29112492,-1.02616730,-0.09502207,1.78828943,-0.36082790,0.14535520,2.96941686,-1.91953182,1.77522802,0.58363719,-1.93709133
0.79995890,0.03803115,-0.11380688,-0.17460650,0.63316669,0.69008179,0.00857316,0.44896050,-1.37515771,-0.14313443,1.09549122,-1.39399443,-0.03449567,0.62721635,-1.53071845,-0.00435413,1.31072733,-1.61042149,0.56219025,-0.01542790,0.03905753,0.32844006,0.08205036,0.10730404,-0.30479684,0.28715215,-0.12968509,-0.31062505,-0.32319419,0.14855512,-0.27080303,-0.13561502,-0.14345181,-0.31232566,1.24271549,-0.73751936,0.01135138,-0.02682068,-0.13423639,0.99052127,1.35042647,-0.65600395,0.02364322,1.48484391,-0.93913386,0.01781501,0.97088808,-0.50810061,0.05763703,1.07373571,-0.83957664,0.01611441,0.16860713,2.66825848,-2.32096314,-0.10396277,1.62365472,-1.42813250,0.50458153,2.30981812,-1.02667234,1.79038248,-1.72211256,-1.59588563
0.79110981,0.06766880,-0.10423184,-0.26914808,0.65883478,0.60197852,0.00807174,0.50089595,-1.41794224,-0.14190401,1.11382444,-1.44923341,-0.02181212,0.66967586,-1.54835944,0.01674800,1.25349672,-1.65152960,0.56219025,-0.01542790,0.03905753,0.32697980,0.08402431,0.10576404,-0.30041885,0.27239734,-0.13273650,-0.30964098,-0.30303386,0.15191410,-0.26975205,-0.14975155,-0.14222275,-0.30980829,1.25845698,-0.74030753,0.00798410,-0.02052702,-0.12827857,0.99149357,1.36666442,-0.65945417,0.02656095,1.48802322,-0.93809184,0.01733881,1.00415441,-0.51617005,0.05722775,1.07740025,-0.83966193,0.01717151,-0.06298271,2.59601479,-2.10724051,0.10398031,0.77243322,-2.87145696,0.62133735,2.11797166,-0.87579054,0.97570351,-2.87798572,-2.17105846
0.76250530,0.08699216,-0.07816116,-0.27164766,0.54126684,0.53291544,0.00461434,0.55206013,-1.45246878,-0.13095904,1.09567649,-1.52716358,-0.01206036,0.71314579,-1.56348319,0.02702409,1.19484136,-1.70854111,0.56219025,-0.01542790,0.03905753,0.32583964,0.10173387,0.10714671,-0.29655512,0.25774022,-0.13645794,-0.30849093,-0.27920068,0.15250384,-0.26721168,-0.16375988,-0.14171591,-0.30719630,1.27377676,-0.74238549,0.00466903,-0.01530810,-0.12286357,0.99229451,1.39858615,-0.66331075,0.02928453,1.49041480,-0.93762573,0.01734872,1.04024383,-0.52634659,0.05862796,1.08037967,-0.83984451,0.01864335,-0.16451820,2.55125332,-1.67573249,0.60193486,-1.12798109,-4.01391215,0.47111012,2.18860459,-0.73727411,0.48494684,-2.93055987,-2.89395595
0.75806962,0.07734853,-0.07572174,-0.40036912,0.30971928,0.53721817,-0.00115750,0.60215569,-1.47030532,-0.10604247,1.06029212,-1.59234452,-0.00232873,0.76211143,-1.57864571,0.03260945,1.13568795,-1.76105082,0.56219025,-0.01542790,0.03905753,0.32472011,0.12277991,0.11221243,-0.29277107,0.24286886,-0.14109907,-0.30782305,-0.25548931,0.15155062,-0.26490992,-0.17786836,-0.14148868,-0.30470368,1.28891696,-0.74440753,0.00057008,-0.01233032,-0.11752583,0.99299311,1.43450345,-0.66396433,0.03194904,1.49212791,-0.93831354,0.01689707,1.07587470,-0.53739214,0.05981019,1.08292903,-0.84045529,0.02001643,-0.31591210,2.49756908,-0.75022453,1.35820127,-1.83129060,-3.07285285,0.49461904,2.49568439,-0.76797003,0.24678937,-2.96375489,-2.55877709
0.72177684,0.09645322,-0.04511144,-0.40554840,0.19536511,0.67882228,-0.00690218,0.64668494,-1.47755344,-0.09035972,0.98693002,-1.67328043,0.00634011,0.80976373,-1.58928754,0.03320757,1.04561449,-1.78657236,0.56219025,-0.01542790,0.03905753,0.32412201,0.15702639,0.11488254,-0.28638724,0.22927448,-0.14566619,-0.30717548,-0.22800102,0.14951613,-0.26630184,-0.19120041,-0.14154363,-0.30263550,1.30345232,-0.74573593,-0.00358849,-0.01082537,-0.11080738,0.99377646,1.48192259,-0.66825274,0.03773476,1.49502100,-0.93831544,0.01694652,1.11397363,-0.54968143,0.05782016,1.08577582,-0.84170018,0.02148651,-0.28719366,2.22984405,-0.35375831,0.83346176,-3.78515530,-3.95572469,0.44383750,2.38592982,-0.53345490,0.01345168,-4.54986258,-1.22496548
0.69311880,0.11583064,-0.01354954,-0.44066911,0.09231040,0.92502579,-0.01245095,0.69145952,-1.47724912,-0.05326626,0.84050349,-1.70512958,0.01917904,0.85706538,-1.59738333,0.02390036,0.92880455,-1.77998343,0.56219025,-0.01542790,0.03905753,0.32406591,0.20294389,0.12319707,-0.28142388,0.21514988,-0.15027286,-0.30658450,-0.19768477,0.14477023,-0.27177881,-0.20405349,-0.14044461,-0.30114374,1.31752216,-0.74630849,-0.00801183,-0.01041603,-0.10167633,0.99473074,1.54118167,-0.66668335,0.04264202,1.49784965,-0.93697417,0.01748141,1.15318672,-0.56456265,0.05228710,1.08928911,-0.84260072,0.02292216,-0.27568166,2.22427640,0.04750299,1.82215805,-7.46671829,-1.55694282,0.63167009,2.34500155,-0.37251377,-0.48214256,-5.87691202,0.39499423
0.69819591,0.12909173,0.01108749,-0.39889512,-0.00413799,1.28039461,-0.02214021,0.73260901,-1.46481426,-0.02573341,0.66558040,-1.71261573,0.03107137,0.90379497,-1.60097156,0.00973487,0.80508494,-1.74949522,0.56219025,-0.01542790,0.03905753,0.32457576,0.25273156,0.12910720,-0.27269098,0.20065959,-0.15585419,-0.30650979,-0.16768628,0.13882256,-0.27839756,-0.21691621,-0.13928729,-0.30011401,1.33165683,-0.74629222,-0.01187964,-0.01085125,-0.08930425,0.99587443,1.60330543,-0.66414022,0.05188478,1.50143451,-0.93531692,0.01806597,1.19130198,-0.57988636,0.04617820,1.09344517,-0.84482545,0.02446175,-0.52938174,2.05012822,0.67847438,1.34606595,-8.74033642,-0.20170638,0.60570366,2.37092028,-0.19888687,-0.72329282,-6.18224611,1.63230798
0.72126197,0.12873678,0.02044852,-0.33249853,-0.12315901,1.62586467,-0.03961223,0.76948519,-1.43726804,-0.00277181,0.50605568,-1.69818192,0.04670314,0.95544852,-1.60550876,-0.01836354,0.68380406,-1.70658684,0.56219025,-0.01542790,0.03905753,0.32525555,0.29512984,0.13387418,-0.26094899,0.18546341,-0.16349562,-0.30676641,-0.13838237,0.12912910,-0.28517924,-0.23039293,-0.13658382,-0.29922932,1.34625658,-0.74587075,-0.01502191,-0.01246633,-0.07337795,0.99711314,1.65777062,-0.65652356,0.06430656,1.50586018,-0.93469391,0.01848914,1.22821156,-0.59792016,0.04007630,1.09839002,-0.84735085,0.02602623,-0.90650948,1.80842175,1.47169293,1.13294430,-7.82807026,0.76828904,0.80789540,2.59747601,-0.21687411,-1.52923089,-6.04339056,2.16172314
0.72077578,0.11117954,0.04513160,-0.33191556,-0.23926200,1.71660084,-0.05481019,0.80504841,-1.40123069,0.01183461,0.37591368,-1.66617465,0.06770187,1.01110828,-1.61119878,-0.05429931,0.56635332,-1.65523005,0.56219025,-0.01542790,0.03905753,0.32646501,0.32813984,0.13622310,-0.25026995,0.16947478,-0.17035667,-0.30721472,-0.10959147,0.11701364,-0.29109017,-0.24409596,-0.13221669,-0.29837929,1.36082329,-0.74526304,-0.01793066,-0.01518519,-0.05632016,0.99813623,1.70215000,-0.64662957,0.07619506,1.51016237,-0.93352067,0.01925029,1.26501967,-0.61671674,0.03537484,1.10346068,-0.84932351,0.02808572,-0.72070307,1.78272474,1.83958757,0.65433669,-6.28735495,1.75279844,1.09045267,2.81565046,-0.30102250,-1.81300676,-5.84456158,2.64417148
0.75460941,0.12164517,0.04360107,-0.26806019,-0.25057001,1.64989915,-0.07020425,0.83542770,-1.35588295,0.01981147,0.28032203,-1.61181018,0.09074711,1.06715796,-1.61373887,-0.08925791,0.47170389,-1.59822862,0.56219025,-0.01542790,0.03905753,0.32782707,0.35093709,0.13711923,-0.24558033,0.15311219,-0.17713809,-0.30789160,-0.08663123,0.10526896,-0.29637325,-0.25816455,-0.12714417,-0.29745595,1.37601270,-0.74398657,-0.02019900,-0.01814470,-0.03979207,0.99883901,1.73666519,-0.63495307,0.08224674,1.51468741,-0.93264120,0.01993548,1.29794776,-0.63221722,0.03145382,1.10863034,-0.85038793,0.03037113,-0.76315055,1.51339519,2.27051349,0.39856695,-4.74310517,2.71864963,1.15956776,2.79494023,-0.12074374,-1.75572596,-4.70877666,2.84797931
0.75714528,0.09940780,0.01853678,-0.32642776,-0.15776258,1.42539751,-0.08022575,0.86254631,-1.31156743,0.02072089,0.21241609,-1.55894387,0.11882344,1.11983879,-1.61270285,-0.12782971,0.39553027,-1.54928749,0.56219025,-0.01542790,0.03905753,0.32875108,0.36666241,0.13571758,-0.24485836,0.13700172,-0.18256583,-0.30831269,-0.06823776,0.09192323,-0.30011642,-0.27224959,-0.12111977,-0.29614245,1.39125227,-0.74275717,-0.02306467,-0.02021184,-0.02537489,0.99920749,1.76422085,-0.62547534,0.08389271,1.51898839,-0.93192174,0.02043839,1.32767889,-0.64754846,0.02863465,1.11330654,-0.85016298,0.03260863,-0.48011082,1.35117090,2.18982105,-0.02382222,-3.30082564,2.62620139,1.41759818,2.63807034,0.05625915,-1.92574239,-3.74239492,2.37691193
0.73610130,0.10186018,0.01638137,-0.49186447,-0.09369688,1.20744508,-0.08165523,0.88519052,-1.26980786,0.02219181,0.16743195,-1.48495374,0.15191789,1.16854084,-1.60733228,-0.15839661,0.34447224,-1.51673605,0.56219025,-0.01542790,0.03905753,0.32959753,0.37543594,0.13339953,-0.25267185,0.12203008,-0.18619712,-0.30862145,-0.05582600,0.07997106,-0.30213455,-0.28632378,-0.11468278,-0.29437619,1.40601250,-0.74111944,-0.02751891,-0.02150600,-0.01309069,0.99930418,1.78466651,-0.61714879,0.07692568,1.52334887,-0.93030952,0.02097608,1.35220350,-0.65977755,0.02746297,1.11691078,-0.84860730,0.03522134,-0.02748218,1.09698550,2.11432881,0.21774703,-2.20893111,3.94497261,1.67734008,2.38725605,0.30295799,-1.45399089,-2.43431807,1.60396373
0.71909125,0.11855378,0.02542132,-0.58024544,-0.06610643,1.01051415,-0.07864226,0.90138303,-1.22509794,0.06795198,0.14567477,-1.38038249,0.18631702,1.20816195,-1.59280691,-0.17304645,0.32699242,-1.49150879,0.56219025,-0.01542790,0.03905753,0.33058422,0.37590515,0.14251289,-0.26705838,0.10822495,-0.18910226,-0.30915051,-0.05232905,0.07145991,-0.30611733,-0.29965700,-0.10849858,-0.29323709,1.42042681,-0.73885406,-0.03306329,-0.02257937,-0.00265219,0.99919465,1.79687234,-0.59777476,0.06352585,1.52793032,-0.92836739,0.02143371,1.36837048,-0.66719525,0.02446689,1.12035851,-0.84620988,0.03734713,0.15108122,0.78033322,2.23864889,2.58669966,-0.89586506,5.28890657,1.71038580,1.93809261,0.78338665,-0.64767585,-0.65679176,1.21172903
0.70865344,0.12394101,0.00436708,-0.59957923,-0.09271057,1.08153736,-0.07976521,0.91615158,-1.17312706,0.09053972,0.15833378,-1.30753934,0.21663705,1.24785292,-1.57960153,-0.17878871,0.34087825,-1.47515833,0.56219025,-0.01542790,0.03905753,0.33122113,0.36785448,0.14557228,-0.28294708,0.09317298,-0.19342412,-0.30886047,-0.05698975,0.06486207,-0.31216211,-0.31270009,-0.10377916,-0.29097490,1.43456961,-0.73616606,-0.03878194,-0.02381255,0.00808359,0.99893122,1.79974164,-0.58398986,0.04827406,1.53121234,-0.92788011,0.02236067,1.37642051,-0.67234129,0.01905902,1.12379004,-0.84556222,0.04024623,-0.09772315,0.73883408,2.66957736,0.74831748,0.88111544,3.29470372,1.47999549,2.00672865,0.61851019,-0.24044482,0.89934820,0.75357193
0.70848668,0.11036626,-0.08822040,-0.45732258,-0.05543602,1.29411610,-0.08442341,0.93438100,-1.13680611,0.08011979,0.20810709,-1.29148548,0.24245832,1.29503264,-1.58390331,-0.18390452,0.41378785,-1.52927623,0.56219025,-0.01542790,0.03905753,0.32997373,0.35216970,0.13950838,-0.29629597,0.07969914,-0.19773940,-0.30642984,-0.07288277,0.06094692,-0.31158075,-0.32434449,-0.10021625,-0.28555956,1.44870059,-0.73351425,-0.04310177,-0.02489510,0.02102804,0.99853908,1.79436118,-0.57857928,0.03367776,1.53706025,-0.92753845,0.02354389,1.37319569,-0.67584766,0.01839297,1.12910165,-0.84796584,0.04441416,-0.23960663,0.91973515,1.79370105,-0.53646823,2.51500964,0.75166369,1.28803098,2.35846543,-0.23184155,-0.23920939,3.62283096,-2.68273954
0.71939499,0.11168912,-0.12066662,-0.28242446,0.19081968,1.45847070,-0.09288909,0.95763463,-1.11718040,0.04471067,0.27492604,-1.33498991,0.26520478,1.34020233,-1.60396285,-0.17811428,0.47077675,-1.56562691,0.56219025,-0.01542790,0.03905753,0.32803168,0.33518997,0.12687289,-0.30289908,0.06648547,-0.20163390,-0.30252915,-0.08703939,0.06135081,-0.31089044,-0.33324963,-0.09678629,-0.27759076,1.46302287,-0.73043464,-0.04551795,-0.02375017,0.03574071,0.99804141,1.78796965,-0.57924392,0.02513260,1.54416341,-0.92663037,0.02550253,1.37170548,-0.67565407,0.01714123,1.13779754,-0.85147755,0.05044091,-0.42787534,1.17160101,0.92606441,-1.94298888,3.37968297,-2.51565579,1.12173762,2.24098620,-1.07679311,0.31566667,2.80348253,-1.75563664
0.72384266,0.07580381,-0.14073051,-0.04403485,0.49986908,1.59881037,-0.10661224,0.98474257,-1.11932945,-0.01157125,0.33782644,-1.42534487,0.27043244,1.37148740,-1.64307282,-0.17151072,0.52396294,-1.59746702,0.56219025,-0.01542790,0.03905753,0.32562350,0.32208606,0.10979128,-0.30157297,0.05488094,-0.20527455,-0.29724809,-0.10210765,0.06347242,-0.30903656,-0.33591495,-0.09674037,-0.26775195,1.47734272,-0.72764407,-0.04574614,-0.01971035,0.05169527,0.99741987,1.78612172,-0.58464378,0.02405053,1.55347210,-0.92602218,0.02837541,1.36913542,-0.67524272,0.01658694,1.15344104,-0.85911748,0.05787155,-0.72954954,1.37610114,-0.21475837,-2.67775855,3.02836294,-4.30538430,0.11736524,1.46040344,-1.99837012,0.28600144,2.71320696,-1.67069423
0.74303982,0.02115923,-0.11312563,0.27477931,0.71818800,1.77614054,-0.12337155,1.01211910,-1.15642390,-0.04863165,0.39134150,-1.48919737,0.24905267,1.36773098,-1.67674973,-0.17230468,0.57244077,-1.62169855,0.56219025,-0.01542790,0.03905753,0.32355109,0.30832773,0.10120239,-0.30156275,0.04969124,-0.20725915,-0.29159146,-0.11754700,0.06549666,-0.30669396,-0.33168274,-0.10084246,-0.26117822,1.49203540,-0.72527405,-0.04257163,-0.01370983,0.06953849,0.99657619,1.78318717,-0.58196124,0.02198835,1.57021352,-0.92355102,0.03195963,1.36648630,-0.67685367,0.01685714,1.17770766,-0.87149551,0.06237287,-0.82493496,1.35080826,-2.09687070,-1.79714179,2.69855642,-3.13996387,-1.19104483,-0.43438621,-1.58664312,-0.06949639,2.32290993,-1.05680172
0.77786872,-0.02330372,-0.12028697,0.35257134,0.72936847,1.67150405,-0.13549325,1.01953197,-1.23263347,-0.09372213,0.45154890,-1.55721474,0.22225930,1.32698905,-1.70787323,-0.17445728,0.61772150,-1.64198291,0.56219025,-0.01542790,0.03905753,0.32138300,0.29324733,0.09145843,-0.30054195,0.05931502,-0.20736058,-0.28821494,-0.13235931,0.06788711,-0.30385851,-0.31885034,-0.10498114,-0.25926496,1.50737704,-0.72319329,-0.03836372,-0.00736884,0.08665539,0.99547213,1.78036655,-0.58235520,0.02084105,1.60169019,-0.91715646,0.03316806,1.36526467,-0.67924196,0.01752449,1.21151175,-0.88178176,0.06211804,-0.56622416,0.18001555,-4.08055544,-2.36276364,3.06589174,-3.46884704,-1.33277619,-2.28366852,-1.57924163,-0.10631739,2.28255630,-1.05213404
0.83149298,-0.06950631,-0.13024397,0.29258296,0.56168346,1.35103535,-0.12129272,1.00597675,-1.32760940,-0.12320008,0.52119155,-1.61975501,0.19949805,1.28092065,-1.75560746,-0.17046891,0.66596138,-1.66403465,0.56219025,-0.01542790,0.03905753,0.31884035,0.27650651,0.08602271,-0.29840228,0.08020024,-0.20015081,-0.28892128,-0.14654230,0.07173545,-0.30045445,-0.30063238,-0.10871915,-0.25668677,1.52397496,-0.72140111,-0.03489991,-0.00258231,0.10038452,0.99433308,1.77771715,-0.58186382,0.02043807,1.64255041,-0.90149077,0.02991907,1.36605419,-0.68039315,0.01838590,1.25112843,-0.88799778,0.06215357,0.71158534,-0.67535728,-4.77680779,-1.46316948,3.47780285,-3.10652137,-1.14872520,-2.31150336,-2.37049892,0.20044236,2.40635686,-1.08496417
0.84390948,-0.10432728,-0.09976730,0.41675951,0.50359280,1.03193827,-0.10598335,0.98984709,-1.43593354,-0.14470598,0.58921156,-1.66619403,0.16716161,1.22436399,-1.79164939,-0.16506808,0.71265700,-1.67668228,0.56219025,-0.01542790,0.03905753,0.31675805,0.25956777,0.08345541,-0.29701302,0.10413696,-0.19147503,-0.28711142,-0.16077209,0.07648894,-0.29786383,-0.28191426,-0.11430089,-0.25490759,1.54087130,-0.71982776,-0.03023623,0.00181734,0.11096245,0.99336287,1.77566918,-0.58122693,0.01974503,1.68464083,-0.88364936,0.02964663,1.36719636,-0.68064566,0.01889422,1.29107312,-0.89344002,0.06185046,0.76876146,-0.84424487,-5.40962887,-1.04921520,3.40642023,-2.26339798,-1.65925934,-2.89229941,-1.76623666,0.27904824,2.34752431,-0.62645382
0.84773896,-0.12914971,-0.04390915,0.42399623,0.26531951,0.75236781,-0.08376777,0.95547562,-1.54791362,-0.15659183,0.65679650,-1.69291763,0.13045183,1.14516809,-1.81506922,-0.15633110,0.76118492,-1.68518918,0.56219025,-0.01542790,0.03905753,0.31566162,0.24256702,0.08297900,-0.29653512,0.13426154,-0.18101627,-0.28332299,-0.17444394,0.08195687,-0.29604943,-0.25866716,-0.12115711,-0.25566604,1.55797829,-0.71837461,-0.02571500,0.00386284,0.11877157,0.99258104,1.77416658,-0.58058167,0.01912649,1.73110849,-0.86266247,0.03233863,1.36913570,-0.67982469,0.01961219,1.33513803,-0.89706419,0.05999558,1.17325492,-1.82546778,-5.64871883,-0.55025085,3.36405635,-1.25613204,-1.79434748,-4.05725374,-1.11648980,0.45219665,2.41923141,-0.39579246
0.80982429,-0.14106113,0.01927483,0.45382944,0.13866936,0.46636378,-0.05059091,0.88575528,-1.65681841,-0.16192207,0.71893940,-1.70447016,0.09802411,1.04125059,-1.81543176,-0.14501695,0.80910884,-1.68702533,0.56219025,-0.01542790,0.03905753,0.31579528,0.22637714,0.08405610,-0.29665222,0.17263924,-0.16776465,-0.27787119,-0.18797590,0.08803350,-0.29497175,-0.23206368,-0.12692146,-0.25951780,1.57447251,-0.71709306,-0.02111291,0.00470070,0.12376598,0.99207567,1.77330040,-0.58005471,0.01914306,1.78300196,-0.83736256,0.03792410,1.37064122,-0.67788031,0.02082354,1.38065104,-0.89708152,0.05627748,1.70597990,-3.73261123,-5.36477089,-0.24499760,3.06791472,-0.50596329,-1.61970682,-5.34563217,0.15794419,0.57613112,2.39732027,-0.05465269
0.81661667,-0.15531117,0.03014277,0.52301822,-0.05237567,0.10241287,0.00140237,0.76631504,-1.72886586,-0.16244596,0.77529842,-1.70176649,0.06617235,0.92981565,-1.79548466,-0.14045233,0.85866958,-1.68835199,0.56219025,-0.01542790,0.03905753,0.31629688,0.21119088,0.08637934,-0.29709743,0.21734305,-0.15005737,-0.27332804,-0.20091499,0.09232075,-0.29425898,-0.20498937,-0.13256350,-0.26483479,1.59100796,-0.71599609,-0.01606062,0.00379447,0.12532497,0.99197848,1.77410413,-0.57983893,0.01919945,1.83882584,-0.80732799,0.04296883,1.37345220,-0.67650628,0.02203789,1.42539705,-0.89534700,0.05146208,2.76425934,-6.34591293,-3.27403283,0.01111150,2.77972674,0.24191378,-1.58766830,-5.57204199,1.11241579,0.15552430,2.49384260,-0.07981538
0.75231742,-0.13906377,0.07736536,0.53900114,-0.15040282,0.03950499,0.05271879,0.61417110,-1.76167958,-0.16298575,0.81793438,-1.68255510,0.03548998,0.81092201,-1.75124962,-0.13753126,0.90544643,-1.68135061,0.56219025,-0.01542790,0.03905753,0.31779755,0.19820892,0.08844553,-0.29867733,0.26314875,-0.13373564,-0.26466211,-0.21357338,0.09602615,-0.29471334,-0.17732273,-0.13805081,-0.27142900,1.60627488,-0.71491671,-0.01081900,0.00166908,0.12575656,0.99200073,1.77615248,-0.57982049,0.01912022,1.89446653,-0.77877636,0.05313544,1.37549852,-0.67520672,0.02308421,1.46899811,-0.89283935,0.04636855,2.55654845,-7.60969906,-1.57748499,-0.02809202,2.14262791,0.96380277,-1.47953431,-5.94047613,2.22069449,0.15491455,2.34499359,0.34684751
0.74642282,-0.10952552,0.10214180,0.31630378,-0.31599446,0.02999483,0.09314688,0.46553396,-1.75033638,-0.16204170,0.86221172,-1.65833788,0.03180254,0.69511455,-1.69808977,-0.12997532,0.95563958,-1.67415085,0.56219025,-0.01542790,0.03905753,0.31985840,0.18434714,0.08944936,-0.30039132,0.30250845,-0.12255092,-0.25533407,-0.22666987,0.09966953,-0.29523278,-0.14967654,-0.13768011,-0.27881704,1.62130522,-0.71330621,-0.00801672,-0.00183930,0.12588827,0.99201033,1.77746436,-0.58064356,0.01946708,1.94483637,-0.75640709,0.06452434,1.37692412,-0.67341727,0.02462563,1.51076538,-0.88401011,0.04104136,1.95888357,-7.38427696,0.69272514,0.06755412,2.17613177,1.24475236,-0.18734165,-5.78053770,2.70252776,0.37983993,2.51306438,0.37807846
0.74510353,-0.07899375,0.11207465,0.31661416,-0.35080552,0.22758083,0.10741426,0.34550010,-1.69223337,-0.15892969,0.89784114,-1.62529078,0.02765279,0.58762510,-1.63504333,-0.12455407,1.00714114,-1.66264882,0.56219025,-0.01542790,0.03905753,0.32227895,0.17145795,0.09091923,-0.30266331,0.33151493,-0.11799288,-0.25164479,-0.24068728,0.10258147,-0.29594531,-0.12407216,-0.13756711,-0.28566390,1.63606524,-0.71109171,-0.00538916,-0.00571125,0.12799037,0.99174432,1.77881455,-0.57961255,0.01961564,1.98667625,-0.74103131,0.07063416,1.37721809,-0.67299341,0.02633364,1.55099422,-0.87565639,0.03661505,0.57680364,-5.81081905,3.12161760,0.13657701,1.77046168,1.67287147,-0.20617149,-5.31096230,3.16211677,0.24562917,2.58134699,0.58194348
0.74063883,-0.06394310,0.10861892,0.34567325,-0.23906559,0.40983280,0.10224511,0.25993423,-1.59026256,-0.16036478,0.93021479,-1.59077129,0.02319567,0.49422951,-1.56693344,-0.12172983,1.05324903,-1.64379325,0.56219025,-0.01542790,0.03905753,0.32469621,0.15841725,0.09150052,-0.30493876,0.34990684,-0.11710361,-0.25829171,-0.25498428,0.10502287,-0.29679832,-0.10239823,-0.13721921,-0.29214123,1.65070552,-0.70846980,-0.00225882,-0.00873778,0.13179433,0.99123600,1.77970256,-0.57874650,0.01975744,2.01905617,-0.73005345,0.06640450,1.37713555,-0.67373854,0.02789789,1.58772923,-0.86768191,0.03255497,-0.31625710,-4.12448654,5.32075124,-0.09820211,1.59713376,1.72018135,-0.22724592,-4.59235058,3.44633365,0.14067542,2.24518843,1.00947188
0.74123528,-0.06516316,0.10115483,0.36864582,-0.15134062,0.69638995,0.10575633,0.20340344,-1.54041135,-0.16115674,0.96116662,-1.55158138,0.01339014,0.42309821,-1.50428963,-0.11667518,1.09579492,-1.62082088,0.56219025,-0.01542790,0.03905753,0.32705900,0.14407626,0.09261159,-0.30733986,0.36329869,-0.11440012,-0.25867194,-0.26965266,0.10837691,-0.29693635,-0.08641946,-0.13823051,-0.29750761,1.66526581,-0.70569611,0.00120269,-0.01082850,0.13823938,0.99033892,1.77847315,-0.57716995,0.01971914,2.04600491,-0.71623498,0.06838706,1.37624241,-0.67530555,0.03012265,1.62000383,-0.86230820,0.02955139,0.29126418,-2.61309195,1.86025846,-0.01994312,1.54414761,2.00909615,-0.54156572,-3.37263632,3.05711007,0.27530462,2.12177753,1.15643966
0.73588009,-0.07056850,0.08204758,0.39037372,-0.11202489,0.83431395,0.10750149,0.17122782,-1.48714194,-0.16613996,0.98718420,-1.51303699,-0.00177523,0.38199240,-1.44127927,-0.10777101,1.13255835,-1.58970895,0.56219025,-0.01542790,0.03905753,0.32909179,0.13066425,0.09270930,-0.30932611,0.37016145,-0.11157745,-0.26339447,-0.28461830,0.11291635,-0.29694303,-0.07913058,-0.14068248,-0.30476716,1.67974569,-0.70279884,0.00495330,-0.01245458,0.14636796,0.98913941,1.77797109,-0.57622898,0.01976568,2.06635775,-0.70242374,0.06569733,1.37462517,-0.67712493,0.03214876,1.64473645,-0.86036649,0.02432464,-0.01955414,-1.53289309,2.71966391,-0.25075756,1.28639091,1.94760976,-0.77576468,-2.00232533,3.12203956,0.44366533,1.83119047,1.56194246
0.70990148,-0.08800937,0.03306406,0.52840190,-0.13425516,1.07267545,0.05957408,0.18596033,-1.41263881,-0.17188990,1.00866107,-1.46788661,-0.02158905,0.38179810,-1.40543604,-0.09856405,1.16773853,-1.55867462,0.56219025,-0.01542790,0.03905753,0.33026330,0.11751844,0.09333308,-0.31126953,0.36340211,-0.12079308,-0.27677428,-0.29891090,0.11830365,-0.29630646,-0.08100566,-0.14392745,-0.31131283,1.69373313,-0.70010526,0.01009806,-0.01448977,0.15686178,0.98746264,1.77657448,-0.57496951,0.01899377,2.07667784,-0.70243232,0.05348901,1.37288071,-0.68017530,0.03395684,1.66127669,-0.86204231,0.01895047,-2.35903478,0.82626765,3.65652599,-0.28718017,1.10087649,2.22162704,-0.94969363,0.13457607,1.66288074,0.47109288,1.77808130,1.51921022
0.70215624,-0.08462334,-0.03025088,0.45647390,-0.14206193,1.09364602,0.02341189,0.22024278,-1.34861984,-0.17731620,1.03498495,-1.43327453,-0.02474835,0.43433821,-1.42485673,-0.08828484,1.20627658,-1.54154518,0.56219025,-0.01542790,0.03905753,0.33021627,0.10458484,0.09405816,-0.31126737,0.35038034,-0.12800514,-0.29124921,-0.31154084,0.12377584,-0.29343348,-0.09314968,-0.14245088,-0.31458673,1.70764171,-0.69708935,0.01468935,-0.01651239,0.16763262,0.98560178,1.77530448,-0.57377399,0.01894890,2.08063678,-0.70222522,0.03896707,1.37270433,-0.68312137,0.03678279,1.66675133,-0.86230767,0.01562954,-1.76512854,1.73033676,3.23336768,-0.26871264,1.31059730,1.69700420,-0.07341466,2.86576748,-1.26511275,0.50319329,1.92233694,0.78243535
0.71712263,-0.06529489,-0.09011869,0.27560320,-0.07285494,1.04043645,-0.01489204,0.26597535,-1.28649836,-0.18032966,1.06281760,-1.41020973,-0.02572308,0.50219327,-1.46619880,-0.07369312,1.24728320,-1.54318092,0.56219025,-0.01542790,0.03905753,0.32910911,0.09260951,0.09487797,-0.30994293,0.33172032,-0.13779047,-0.30599891,-0.32169562,0.12956288,-0.28760119,-0.10811528,-0.14117247,-0.31440365,1.72150089,-0.69333292,0.01764021,-0.01767737,0.17790416,0.98373088,1.77508556,-0.57206036,0.01916619,2.08046216,-0.70642446,0.02311021,1.37480852,-0.68444397,0.04150792,1.66957816,-0.86339941,0.01470546,-1.97959459,2.38491549,3.05467963,-0.12914657,1.41231668,1.07136719,-0.11144117,3.30714025,-1.99223886,0.78347821,2.07958171,-0.19540213
0.72177680,-0.05398039,-0.12046855,0.06747131,0.05493618,0.69540989,-0.00471253,0.33581695,-1.34971106,-0.17665081,1.09062183,-1.40209806,-0.02494419,0.56808990,-1.50959325,-0.05568710,1.28808415,-1.56886768,0.56219025,-0.01542790,0.03905753,0.32732713,0.08245267,0.09711251,-0.30729289,0.31680288,-0.13385021,-0.30471241,-0.32775311,0.13530430,-0.27867132,-0.12308487,-0.14027495,-0.31217552,1.73542143,-0.68904197,0.01879485,-0.01735653,0.18526563,0.98235541,1.77691437,-0.56859440,0.02003424,2.07920922,-0.69852370,0.02261472,1.38090433,-0.68218774,0.04865581,1.67177404,-0.86447275,0.01515161,1.02600884,3.68402648,-4.38827991,0.24010240,1.37958515,0.29698846,0.08783317,3.31805325,-2.22767830,0.90749764,2.02336550,-1.46804082
0.77197908,-0.03215123,-0.10280072,-0.34510084,0.28829227,0.59019445,-0.01250662,0.37613087,-1.36285076,-0.16927745,1.11048353,-1.41221642,-0.01802942,0.62100178,-1.53534954,-0.02757497,1.29101493,-1.59922733,0.56219025,-0.01542790,0.03905753,0.32576706,0.07606987,0.09857686,-0.30496438,0.30328626,-0.13761238,-0.30810930,-0.32465180,0.14168321,-0.27159007,-0.13835531,-0.13945984,-0.30997651,1.74999713,-0.68381604,0.01612525,-0.01381668,0.19110831,0.98133923,1.78356935,-0.56391221,0.02080268,2.08275336,-0.69770898,0.01765775,1.39590725,-0.67415788,0.05417698,1.67400571,-0.86496941,0.01579055,-0.35326157,2.05378699,-0.74575561,0.35659072,0.99778600,-0.56621503,0.35204486,2.63119321,-1.27267445,1.41169324,0.09836481,-1.52707660
0.82076139,0.00885210,-0.09904803,-0.57035909,0.31925868,0.42705075,-0.00398345,0.43582956,-1.41669888,-0.16436350,1.12470467,-1.45904369,-0.00671398,0.66676008,-1.55417168,-0.00230298,1.26569946,-1.63972993,0.56219025,-0.01542790,0.03905753,0.32418471,0.07804010,0.09835956,-0.30126723,0.28761690,-0.13751445,-0.30718916,-0.31273320,0.14621689,-0.26696369,-0.15294508,-0.13847928,-0.30735041,1.76508707,-0.67736667,0.01124897,-0.00943855,0.19538586,0.98061651,1.79949361,-0.55661465,0.02291748,2.08344230,-0.69420873,0.01699555,1.42019781,-0.66210775,0.05722102,1.67685911,-0.86387280,0.01683430,0.40711626,2.98832583,-2.65563703,0.28148851,0.63114596,-2.40696850,0.57824618,2.28838124,-0.94746491,1.20476477,-1.30736442,-2.08108790
0.82881995,0.02573401,-0.09072763,-0.56176279,0.21001431,0.34409126,-0.00034107,0.49557859,-1.46074483,-0.15453751,1.11169353,-1.53167913,0.00539986,0.71307489,-1.57188978,0.00606151,1.23306971,-1.70100439,0.56219025,-0.01542790,0.03905753,0.32258338,0.09357472,0.09931343,-0.29770242,0.27173420,-0.13916520,-0.30594551,-0.29456104,0.14608073,-0.26287698,-0.16705504,-0.13751166,-0.30450754,1.78021866,-0.67040670,0.00612744,-0.00618087,0.19881074,0.97999926,1.82770223,-0.54248213,0.02488096,2.08470115,-0.69269668,0.01663786,1.45201882,-0.65064185,0.05970640,1.67994529,-0.86214113,0.01807584,0.17139583,2.98117185,-2.17781343,0.46883811,-0.76305763,-3.75864305,0.58872775,2.32037234,-0.86214920,0.36681850,-1.62144887,-3.15952468
0.83831249,0.02278528,-0.08672326,-0.50375136,0.10555952,0.42772229,0.00083148,0.55559447,-1.49736383,-0.14198151,1.07979856,-1.61048849,0.01420030,0.76339909,-1.58785515,0.00928425,1.19697576,-1.76690891,0.56219025,-0.01542790,0.03905753,0.32101587,0.11576412,0.10120282,-0.29359874,0.25585221,-0.14141309,-0.30434491,-0.27465766,0.14469315,-0.25825670,-0.18176140,-0.13742712,-0.30147468,1.79537999,-0.66334262,0.00139853,-0.00397372,0.20286637,0.97919737,1.86140827,-0.52447718,0.02741714,2.08635596,-0.69146727,0.01667096,1.48584327,-0.63967919,0.06275917,1.68317834,-0.86167116,0.01954120,0.04465226,3.00974193,-1.78116407,0.67756117,-1.67108619,-3.87533550,0.42385243,2.55167174,-0.80449671,0.16112518,-1.84937799,-3.24572444
0.80025136,0.04221214,-0.02106636,-0.45008555,-0.12596664,0.55781232,0.00193917,0.61178505,-1.51631522,-0.13575202,1.02409649,-1.69248617,0.02363470,0.81277436,-1.59411395,0.01732117,1.13457119,-1.80446804,0.56219025,-0.01542790,0.03905753,0.32047138,0.14527464,0.10120511,-0.28817081,0.24044122,-0.14384838,-0.30354109,-0.25257160,0.14439204,-0.25803852,-0.19618303,-0.13733035,-0.29999273,1.80982806,-0.65608346,-0.00324844,-0.00392855,0.20816731,0.97807995,1.90129532,-0.50448883,0.03230056,2.08800901,-0.68954527,0.01693028,1.52034678,-0.62706512,0.06243286,1.68657686,-0.86140406,0.02047865,0.06172368,2.76680207,-0.79578632,0.22332875,-2.98500514,-4.16433334,0.48614404,2.44154310,-0.21275996,0.44999397,-3.36099362,-1.61925304
0.73066506,0.07231084,0.03819331,-0.42003214,-0.21271459,0.79464146,0.00124479,0.65994548,-1.51521578,-0.12804387,0.90087092,-1.74512587,0.03716817,0.85837650,-1.59922645,0.01268552,1.02644283,-1.81068873,0.56219025,-0.01542790,0.03905753,0.32131782,0.18743103,0.10141924,-0.28386274,0.22557412,-0.14702897,-0.30407384,-0.22340070,0.14077279,-0.26362916,-0.20886617,-0.13618393,-0.29875200,1.82246973,-0.64859475,-0.00785279,-0.00510778,0.21589961,0.97637063,1.94965433,-0.47759671,0.03745507,2.08900727,-0.68679080,0.01724397,1.56054105,-0.61515495,0.05768865,1.69050874,-0.86015428,0.02256581,-0.04918594,2.40507793,0.07313919,0.37974266,-6.21913195,-2.58140495,0.67423439,2.29542227,-0.26735686,-0.25195806,-5.42501192,-0.29260109
0.70091958,0.06099952,0.03385626,-0.16254380,-0.33677714,0.97912581,-0.00730576,0.70513231,-1.50405655,-0.12591684,0.74071169,-1.76202307,0.05033133,0.91042764,-1.60764711,-0.00231828,0.90536696,-1.79799666,0.56219025,-0.01542790,0.03905753,0.32208012,0.23432613,0.10125323,-0.27743153,0.21138416,-0.15155695,-0.30419237,-0.19194550,0.13521066,-0.27043974,-0.22153676,-0.13410988,-0.29775854,1.83456689,-0.64131724,-0.01017962,-0.00808792,0.22527404,0.97420869,2.00062985,-0.44745118,0.04464860,2.09103211,-0.68465731,0.01788776,1.60274390,-0.60412723,0.05164038,1.69442228,-0.85908657,0.02432158,-0.43375483,2.24432001,0.56772420,0.07886535,-8.08802938,-0.74033397,0.66665180,2.59047079,-0.39545631,-0.75299420,-6.09029856,0.73156208
0.67251875,0.04589287,0.06224063,-0.04335407,-0.40592624,1.23063595,-0.01834376,0.74344662,-1.48581324,-0.13083916,0.56601259,-1.74626920,0.06723733,0.96198084,-1.61103613,-0.02250136,0.77785449,-1.76026113,0.56219025,-0.01542790,0.03905753,0.32349334,0.28088719,0.09980558,-0.26838942,0.19866959,-0.15647363,-0.30414043,-0.16060358,0.12833614,-0.27832802,-0.23410426,-0.13054159,-0.29788450,1.84605977,-0.63426936,-0.01149549,-0.01198430,0.23702640,0.97136127,2.04935164,-0.41625289,0.05510392,2.09448422,-0.68158629,0.01935291,1.64438502,-0.59438241,0.04516532,1.69845125,-0.85800500,0.02560884,-0.56432029,1.87703340,0.96348085,-0.26163731,-8.72021732,0.90515177,0.86574023,2.59685230,-0.17028807,-1.05533810,-6.36697807,1.94329400
0.71575459,0.03738326,0.04316295,0.12070503,-0.55272721,1.26968737,-0.02896721,0.78340441,-1.46005859,-0.13564443,0.41306883,-1.71227410,0.09101328,1.02470627,-1.62453816,-0.05406458,0.65706165,-1.71560433,0.56219025,-0.01542790,0.03905753,0.32480181,0.32040646,0.09887510,-0.25682389,0.18508913,-0.16094310,-0.30405876,-0.12976298,0.11841521,-0.28521097,-0.24689114,-0.12477397,-0.29719929,1.85807177,-0.62678821,-0.01164908,-0.01755135,0.24931437,0.96819347,2.09076752,-0.38535650,0.06797792,2.09789685,-0.67821388,0.02074305,1.68723680,-0.58584914,0.03959084,1.70225126,-0.85535712,0.02760252,-0.51460657,2.05300639,1.31152999,-0.22357176,-7.44437122,1.76470888,1.23705649,3.22880077,-0.77539439,-1.64577832,-5.98109035,2.24553537
0.76286012,0.02783847,0.03608402,0.30795917,-0.56812730,1.23556686,-0.04350518,0.82257980,-1.42128801,-0.13584858,0.30440956,-1.66815341,0.10932143,1.09108031,-1.63599980,-0.08987466,0.55008525,-1.66013598,0.56219025,-0.01542790,0.03905753,0.32609788,0.34839429,0.09935325,-0.24693623,0.16992608,-0.16592888,-0.30455352,-0.10211729,0.10766013,-0.29175589,-0.26005057,-0.12004625,-0.29637833,1.87082435,-0.61867934,-0.01012406,-0.02392337,0.26117593,0.96494161,2.12137331,-0.35700232,0.07916164,2.10128130,-0.67609763,0.02154435,1.72831918,-0.57731605,0.03434198,1.70697822,-0.85360879,0.02971955,-0.77432632,1.92338693,2.05678940,0.02745777,-5.09152603,2.27481365,0.83660018,3.30892301,-0.50253153,-1.79916334,-5.23993111,2.87518477
0.77611179,0.01288457,0.01978675,0.08253418,-0.57906353,0.96131143,-0.04738739,0.85783066,-1.37958076,-0.11961831,0.24095846,-1.60839581,0.13523185,1.15680182,-1.63770926,-0.11739732,0.45513038,-1.59852352,0.56219025,-0.01542790,0.03905753,0.32729743,0.36432455,0.10196248,-0.24483764,0.15442281,-0.16882384,-0.30550748,-0.07789833,0.09799443,-0.29696443,-0.27496017,-0.11451000,-0.29545385,1.88388275,-0.61037565,-0.01058655,-0.02983904,0.27042018,0.96222164,2.14149250,-0.33330898,0.08245979,2.10370354,-0.67383206,0.02178996,1.76629983,-0.56741853,0.03033300,1.70905680,-0.85152192,0.03184358,-0.18806321,1.76333058,2.07525156,0.79040672,-3.13656797,2.94792774,1.29921942,3.27729726,-0.07770109,-1.37413065,-4.71581998,3.05988526
0.77599633,0.01019442,0.00256723,-0.06210318,-0.53699064,0.72568238,-0.04776197,0.89048578,-1.34241874,-0.11914524,0.19767393,-1.56211500,0.16437238,1.21622574,-1.63389528,-0.13968827,0.38312027,-1.54941773,0.56219025,-0.01542790,0.03905753,0.32826431,0.37547557,0.09992074,-0.24437229,0.13949840,-0.17112772,-0.30567529,-0.05919177,0.08924791,-0.30009070,-0.28953563,-0.10881676,-0.29413053,1.89690489,-0.60192267,-0.01229375,-0.03495352,0.27748404,0.96001548,2.16080031,-0.31674681,0.08389203,2.10628141,-0.67196531,0.02258902,1.79916917,-0.55814385,0.02817361,1.71039313,-0.84867220,0.03413378,-0.01388924,1.60285866,1.86320388,-0.02838384,-2.14249668,2.37903054,1.47083426,2.95211053,0.20707367,-1.07224264,-3.53067346,2.43391070
0.75984627,0.02223052,-0.00707022,-0.23180085,-0.53056333,0.45982204,-0.04354354,0.91630222,-1.30261927,-0.08849119,0.16722042,-1.48615828,0.19547414,1.26803658,-1.62232552,-0.14600726,0.33732427,-1.50414541,0.56219025,-0.01542790,0.03905753,0.32915284,0.38176433,0.10413802,-0.25134744,0.12536384,-0.17288748,-0.30609871,-0.04782116,0.08389189,-0.30425234,-0.30395457,-0.10351641,-0.29262332,1.90942329,-0.59333588,-0.01573999,-0.03946363,0.28213804,0.95843258,2.17335977,-0.29850326,0.07780540,2.10859856,-0.67037734,0.02305413,1.82369844,-0.54888408,0.02490050,1.71047467,-0.84537451,0.03652952,0.24717135,1.28222954,2.00614209,1.93858714,-1.43782458,3.96461496,1.54708467,2.55258155,0.62329669,-0.24084000,-2.16732271,2.26803861
0.73340317,0.03616766,0.00039066,-0.25449376,-0.42771275,0.32100346,-0.03903372,0.93546222,-1.25770631,-0.03816045,0.16460532,-1.41171994,0.21972131,1.31045544,-1.60272503,-0.13934260,0.32377566,-1.46315076,0.56219025,-0.01542790,0.03905753,0.33011150,0.38008357,0.11375987,-0.26237796,0.11162067,-0.17448323,-0.30706504,-0.04558889,0.08185788,-0.31112841,-0.31787039,-0.10003775,-0.29112731,1.92135529,-0.58468376,-0.01932423,-0.04306175,0.28530937,0.95727260,2.17647275,-0.28084185,0.06773354,2.11047243,-0.66917208,0.02304646,1.83829528,-0.54132369,0.01898309,1.71068691,-0.84288518,0.03898419,0.19215497,0.90002840,2.28061419,2.30741882,0.06277797,3.53995342,1.15181613,2.06498322,1.01552294,0.38796023,-0.47743388,2.00253282
0.69964098,0.03255704,-0.08919200,-0.17868276,-0.42084691,0.30905376,-0.03534684,0.95890325,-1.22421491,-0.02088065,0.18830617,-1.36645496,0.23614968,1.35840702,-1.59512174,-0.14250910,0.36841694,-1.48416650,0.56219025,-0.01542790,0.03905753,0.32966599,0.37228284,0.11523284,-0.27381484,0.09853730,-0.17570438,-0.30623744,-0.05498263,0.07821321,-0.31421562,-0.33072999,-0.09879061,-0.28713088,1.93282737,-0.57636517,-0.02220862,-0.04657338,0.28826702,0.95615889,2.17857756,-0.27390862,0.05585115,2.11230530,-0.66784906,0.02342854,1.84368409,-0.54181272,0.01545037,1.71252002,-0.84208417,0.04253511,0.19278264,1.24384749,1.54287088,0.63803959,1.35143542,2.06249714,0.77350163,2.48088574,0.24244307,-0.28400034,2.71396446,-1.64729106
0.67403964,0.04281042,-0.12884355,-0.22767650,-0.14518905,0.43589115,-0.03213227,0.98530760,-1.21276097,-0.01202878,0.22414948,-1.32040386,0.24219000,1.40049276,-1.59444983,-0.13682979,0.43889823,-1.53697994,0.56219025,-0.01542790,0.03905753,0.32808694,0.35854153,0.11494454,-0.28902947,0.08736892,-0.17614175,-0.30382922,-0.07055929,0.07876007,-0.31315223,-0.34178374,-0.09978888,-0.28098747,1.94371656,-0.56814814,-0.02462628,-0.04752707,0.29243827,0.95478510,2.17553228,-0.27145680,0.03905748,2.11502265,-0.66465446,0.02425773,1.84107844,-0.54270844,0.01493471,1.71723336,-0.84288311,0.04709948,0.14963663,1.32656181,0.56013246,0.43168568,1.80936999,2.30330777,0.29484913,2.09598539,0.00577784,0.28141573,3.48175750,-2.59265878
0.70456956,0.02301153,-0.15526469,-0.29408355,0.35900219,0.63310767,-0.03762512,1.01338749,-1.21203923,-0.02331058,0.27795513,-1.32163587,0.24112722,1.43274279,-1.61416671,-0.13151246,0.48865924,-1.56822517,0.56219025,-0.01542790,0.03905753,0.32594195,0.34026670,0.11045846,-0.30090913,0.07524828,-0.17773582,-0.30059880,-0.08460976,0.08031496,-0.31194181,-0.34827365,-0.10132807,-0.27195274,1.95525631,-0.55980694,-0.02608662,-0.04373139,0.29863246,0.95300877,2.17090162,-0.27436063,0.02503282,2.11874370,-0.66239446,0.02534315,1.83989774,-0.54243724,0.01400014,1.72781786,-0.84235547,0.05398921,-0.30625608,1.38902652,-0.00841283,-0.71088736,2.78388267,-0.53819699,-0.08833694,1.55565255,-1.05064336,0.27499596,2.49238276,-1.58664310
0.77635212,0.00916239,-0.14357980,-0.35127764,0.81026940,0.79932764,-0.04827397,1.04161134,-1.22751508,-0.06239206,0.34206314,-1.40777104,0.22212044,1.43716607,-1.64289553,-0.12886818,0.53340514,-1.59610784,0.56219025,-0.01542790,0.03905753,0.32380850,0.32414378,0.10009097,-0.30097160,0.06413122,-0.17944792,-0.29671915,-0.09998387,0.08242700,-0.30915491,-0.34800442,-0.10555152,-0.26313099,1.96781963,-0.55077194,-0.02676716,-0.03540069,0.30640605,0.95086573,2.17203874,-0.27988091,0.02283690,2.12485670,-0.65872438,0.02708935,1.83850593,-0.54246832,0.01465359,1.74745127,-0.84005724,0.06067751,-0.52077525,1.44256771,-0.84676837,-1.93847625,3.12122345,-4.20259633,-1.05938293,0.05659393,-1.39696157,0.08722471,2.17847855,-1.31174461
0.84418510,0.01092116,-0.10651904,-0.37955601,1.00716192,0.92313355,-0.05688750,1.07267299,-1.26950202,-0.08299688,0.39342017,-1.47338440,0.19135208,1.40516219,-1.66685264,-0.13240751,0.57359550,-1.61448371,0.56219025,-0.01542790,0.03905753,0.32214200,0.30897488,0.09640372,-0.30182136,0.05689893,-0.17955111,-0.29174475,-0.11587778,0.08320900,-0.30655535,-0.34062373,-0.11127899,-0.25823665,1.98129038,-0.54065760,-0.02694905,-0.02506981,0.31547456,0.94821994,2.17065772,-0.27817110,0.02032064,2.13452782,-0.65017645,0.03039726,1.83866242,-0.54360095,0.01558666,1.77552563,-0.83403178,0.06390536,-0.42199048,1.55008495,-2.29148178,-0.86107185,2.52451859,-3.17961192,-1.54698951,-1.79989527,-1.18961751,-0.19381355,2.02277896,-0.90611452
0.88097405,-0.01436670,-0.11092202,-0.30766561,0.94007260,0.91568555,-0.07033648,1.08206260,-1.33107209,-0.11531705,0.45599627,-1.54834449,0.16526279,1.35082245,-1.69965172,-0.13397805,0.61417574,-1.63035870,0.56219025,-0.01542790,0.03905753,0.32021976,0.29215667,0.08983652,-0.30102893,0.06113320,-0.18108079,-0.28786163,-0.13160382,0.08479321,-0.30364405,-0.32554822,-0.11560204,-0.25621985,1.99536742,-0.53016967,-0.02674954,-0.01524528,0.32449610,0.94538581,2.17068066,-0.27978718,0.01919083,2.15485777,-0.63548040,0.03235812,1.83943583,-0.54412645,0.01657571,1.80953898,-0.82139683,0.06399991,-0.72514677,0.25425911,-3.17826724,-1.81774676,3.26266217,-3.89199948,-1.25338817,-2.84049487,-1.73249233,-0.05041569,2.02628016,-0.77507967
0.91701992,-0.05818116,-0.10276353,-0.18743979,0.83059147,0.66686118,-0.06663503,1.05608494,-1.42367957,-0.13196703,0.52306317,-1.61002522,0.14303912,1.29415603,-1.74740112,-0.12350815,0.65892831,-1.64127672,0.56219025,-0.01542790,0.03905753,0.31813167,0.27437753,0.08810216,-0.29984221,0.08333260,-0.17748302,-0.28778281,-0.14784829,0.09006920,-0.30079668,-0.30606190,-0.11911779,-0.25343619,2.01046971,-0.51968752,-0.02572576,-0.00690334,0.33108861,0.94322365,2.16960978,-0.27943877,0.01828946,2.18644160,-0.60616548,0.03034887,1.83876077,-0.54176958,0.01733500,1.84597751,-0.80395017,0.06469548,0.20514235,-1.30815685,-4.61729441,-0.82012258,3.34910893,-3.06848693,-1.12183659,-2.83641505,-2.38907266,0.51246301,2.22689130,-0.53471656
0.89922848,-0.08108697,-0.04285792,-0.09072441,0.60878383,0.50018440,-0.05548557,1.02638338,-1.51323950,-0.14079873,0.58850850,-1.65670834,0.11871259,1.22913313,-1.78877499,-0.11812725,0.69927901,-1.64592130,0.56219025,-0.01542790,0.03905753,0.31700968,0.25741921,0.08807774,-0.29862449,0.10646845,-0.17189150,-0.28647635,-0.16214102,0.09343149,-0.29900155,-0.28479008,-0.12359763,-0.25151195,2.02547187,-0.50960859,-0.02455464,-0.00084405,0.33602110,0.94153395,2.16904129,-0.27850221,0.01838518,2.21669025,-0.57531817,0.03053333,1.84080259,-0.53988087,0.01800813,1.88318936,-0.78553874,0.06549772,0.53160508,-1.47594726,-4.51291590,-0.42528355,3.27722859,-2.26192455,-1.18408973,-3.31923842,-1.99692373,0.27331547,2.02720206,-0.22541713
0.87295081,-0.07254948,0.02297087,0.04717049,0.39856015,0.31100112,-0.04310891,0.98810364,-1.61267099,-0.14540098,0.65267409,-1.68173821,0.09786270,1.13693409,-1.80694578,-0.11155019,0.74283826,-1.64832098,0.56219025,-0.01542790,0.03905753,0.31707403,0.24037719,0.08858088,-0.29881727,0.13405865,-0.16597829,-0.28154342,-0.17614795,0.09701506,-0.29777870,-0.25970737,-0.12724972,-0.25398068,2.03987769,-0.49954451,-0.02283889,0.00284606,0.33926527,0.94040915,2.16843204,-0.27795583,0.01825676,2.24900765,-0.54179589,0.03553061,1.84234690,-0.53724873,0.01929533,1.92111486,-0.76324093,0.06309335,0.68284061,-2.01803021,-5.00045109,-0.22042071,3.18555713,-1.17942373,-1.07220085,-4.74552546,-0.82004779,0.33227390,2.19071388,-0.11115931
0.83317071,-0.08600673,0.06128732,0.19596910,0.25376928,0.01724497,-0.01830064,0.90071443,-1.69890866,-0.14730208,0.70937465,-1.68922880,0.08156354,1.02125936,-1.79868987,-0.10607704,0.78727853,-1.64523661,0.56219025,-0.01542790,0.03905753,0.31791552,0.22479792,0.08962599,-0.29970154,0.17256650,-0.15677308,-0.27746114,-0.18996015,0.10034818,-0.29752429,-0.23152967,-0.12960026,-0.26024981,2.05383138,-0.49007250,-0.02024076,0.00474074,0.33981097,0.94026397,2.16947745,-0.27748626,0.01821398,2.28674864,-0.50039452,0.04045437,1.84359006,-0.53426754,0.02039123,1.95855059,-0.73770890,0.05766571,1.30072198,-4.75651102,-4.15106792,-0.07773542,2.78309989,-0.27120636,-0.73974445,-5.88291931,0.58857103,0.25919749,2.21807241,0.20023441
0.78580797,-0.10336449,0.08102216,0.40443895,0.07483317,-0.18465198,0.01851716,0.76449132,-1.75636578,-0.14678408,0.76403493,-1.68284130,0.06877303,0.90393233,-1.77445209,-0.10081077,0.83383667,-1.64188790,0.56219025,-0.01542790,0.03905753,0.31922564,0.20953401,0.09136438,-0.30075203,0.21900096,-0.14448899,-0.27238774,-0.20297193,0.10395685,-0.29755884,-0.20313837,-0.13088522,-0.26749927,2.06732906,-0.48147964,-0.01637477,0.00445272,0.33834827,0.94086794,2.17074288,-0.27762300,0.01847361,2.32820095,-0.45347348,0.04683790,1.84462298,-0.53053707,0.02166680,1.99400844,-0.71174085,0.05172637,1.93083072,-7.10596895,-2.66545749,0.04143118,2.73857450,0.40649411,-0.64204568,-5.83328199,1.28381956,0.26847482,2.35105610,0.14707087
0.75650758,-0.10264850,0.08863925,0.42393983,-0.11434541,-0.34474240,0.06151244,0.60414261,-1.77438457,-0.13906361,0.81208150,-1.66499238,0.05910801,0.78429121,-1.73369524,-0.10053146,0.88640726,-1.63917289,0.56219025,-0.01542790,0.03905753,0.32084923,0.19548591,0.09460907,-0.30176006,0.26518760,-0.13197869,-0.26373317,-0.21653369,0.10563074,-0.29798916,-0.17400600,-0.13194158,-0.27470344,2.08036121,-0.47346272,-0.01276461,0.00206125,0.33510940,0.94209050,2.17221526,-0.27666727,0.01908917,2.36933397,-0.40836600,0.05711606,1.84575354,-0.52827088,0.02286007,2.02873572,-0.68564538,0.04614579,2.13954215,-8.00355501,-0.85601664,0.39042482,2.38096883,0.92745202,-0.47291295,-5.98128576,2.07143769,0.01310885,2.63810539,0.13313769
0.73474601,-0.09686781,0.08898901,0.54564562,-0.27862820,-0.26509972,0.08963320,0.45939962,-1.75402491,-0.13098048,0.85108740,-1.62998500,0.05486880,0.66836308,-1.67456634,-0.09959408,0.94239922,-1.63668246,0.56219025,-0.01542790,0.03905753,0.32264277,0.18238015,0.09769938,-0.30394253,0.30353965,-0.12390138,-0.25446746,-0.22984945,0.10752870,-0.29854827,-0.14574552,-0.13150448,-0.28321681,2.09301876,-0.46572771,-0.00860235,-0.00227544,0.33242066,0.94308924,2.17382802,-0.27526104,0.01870024,2.40716280,-0.37191197,0.06817531,1.84654457,-0.52609047,0.02409450,2.06194457,-0.65955645,0.03942596,1.30840186,-7.15049505,1.17715205,0.38577745,1.96668713,1.74692333,-0.20939253,-5.76312685,2.97218776,0.05773293,2.78592873,0.13534068
0.72054162,-0.08637134,0.07940738,0.58096424,-0.27085079,-0.00981283,0.09084011,0.34739642,-1.68483322,-0.12821118,0.89011598,-1.59544730,0.04964897,0.56308745,-1.60859187,-0.10058079,0.99805105,-1.63093488,0.56219025,-0.01542790,0.03905753,0.32440498,0.16907311,0.09964985,-0.30544733,0.33078628,-0.12207717,-0.25212357,-0.24335237,0.10911470,-0.29911732,-0.11973326,-0.13115314,-0.29079635,2.10534548,-0.45803767,-0.00398466,-0.00686358,0.33211879,0.94320418,2.17467059,-0.27443528,0.01895765,2.43963441,-0.34590691,0.07228141,1.84731969,-0.52548457,0.02528765,2.09421290,-0.63527555,0.03360863,-0.01352092,-5.44607038,3.62956657,0.12208413,1.91887085,1.72907913,-0.27593344,-5.22381401,3.33569360,-0.09030435,2.80652809,0.29831169
0.72375560,-0.06442648,0.07457255,0.50978988,-0.15974355,0.23930624,0.08617584,0.26587997,-1.58785861,-0.12832765,0.92228951,-1.55976119,0.04173200,0.47213949,-1.54109504,-0.09945696,1.04677339,-1.61711485,0.56219025,-0.01542790,0.03905753,0.32617873,0.15640338,0.10092965,-0.30718182,0.34897304,-0.12107296,-0.25766079,-0.25703407,0.11132085,-0.29965376,-0.09772669,-0.13154515,-0.29694367,2.11738791,-0.45000588,0.00034190,-0.01021066,0.33404501,0.94250176,2.17531251,-0.27310604,0.01899691,2.46470889,-0.32427212,0.06851794,1.84762382,-0.52541264,0.02652497,2.12432269,-0.61373291,0.02923506,-0.21805884,-3.92504396,4.95657740,-0.01830017,1.57268417,1.79359519,-0.40787819,-4.44408836,3.35309434,0.11826583,2.34288521,0.76079316
0.72073454,-0.05708739,0.05650985,0.47622617,0.01211693,0.43649634,0.08332030,0.20461424,-1.53958619,-0.13274933,0.95392966,-1.52883148,0.03401383,0.40849960,-1.48803473,-0.10035843,1.09303808,-1.60015965,0.56219025,-0.01542790,0.03905753,0.32772726,0.14346334,0.10153037,-0.30825618,0.36394506,-0.11988060,-0.25621660,-0.27148640,0.11337109,-0.29923521,-0.08246467,-0.13155419,-0.30139825,2.12924112,-0.44175068,0.00486463,-0.01193775,0.33786306,0.94110699,2.17537130,-0.27215660,0.01947108,2.48633303,-0.30278039,0.07151066,1.84763683,-0.52693808,0.02849205,2.14927758,-0.59571648,0.02632900,-0.13226733,-2.93616843,1.87267530,-0.25789797,1.59466970,1.49427640,-0.37790558,-2.96056843,2.51952386,-0.09636372,2.33527398,0.84421629
0.71191861,-0.08011448,0.04100184,0.50234917,0.19140051,0.62847534,0.06922412,0.17228173,-1.46418567,-0.14087921,0.97949963,-1.49351704,0.02487387,0.37913384,-1.44852076,-0.10520460,1.13090827,-1.57463565,0.56219025,-0.01542790,0.03905753,0.32894660,0.13042934,0.10186891,-0.30974208,0.36953187,-0.12018575,-0.26502541,-0.28603925,0.11501298,-0.29875037,-0.07649572,-0.13108007,-0.30640961,2.14114160,-0.43380987,0.01034620,-0.01185082,0.34367821,0.93895570,2.17501673,-0.27181739,0.01920452,2.50096864,-0.28710295,0.06392119,1.84842648,-0.53057917,0.03019622,2.16731576,-0.58330400,0.02253698,-0.79329367,-1.56253315,3.80105333,-0.40512744,1.26870193,1.76881731,-0.45685780,-1.41963019,1.96940229,-0.23361618,1.86691186,1.29355276
0.70441750,-0.07659451,0.03967535,0.36809498,0.25577527,0.68528313,0.02037617,0.17444420,-1.38209252,-0.14779517,1.00071187,-1.45743048,0.01838531,0.38965781,-1.42511139,-0.10404143,1.15647624,-1.54290428,0.56219025,-0.01542790,0.03905753,0.33014119,0.11747427,0.10228080,-0.31136907,0.36405280,-0.13036632,-0.27908297,-0.29922636,0.11796403,-0.29822274,-0.08170323,-0.13010483,-0.31268085,2.15278586,-0.42578352,0.01482194,-0.01061029,0.35000442,0.93657068,2.17443775,-0.27153450,0.01877212,2.51315459,-0.28555442,0.05105822,1.84949936,-0.53287798,0.03191845,2.17638644,-0.57759161,0.01746034,-2.34749007,0.18261210,4.01644554,-0.34049121,1.06601572,1.79657209,-0.29861575,0.68180747,1.04090302,0.07478848,1.28836429,1.56187665
0.71078297,-0.06035760,-0.00014694,0.28897720,0.21176507,0.67550870,-0.00498125,0.20002175,-1.32124579,-0.15286314,1.02490833,-1.42757907,0.02023380,0.44577778,-1.44815679,-0.09876438,1.18498569,-1.52335734,0.56219025,-0.01542790,0.03905753,0.33066590,0.10451629,0.10290598,-0.31166128,0.35205684,-0.13521691,-0.29383381,-0.31103244,0.12171998,-0.29560954,-0.09598965,-0.12724676,-0.31537308,2.16421022,-0.41727729,0.01839844,-0.00955416,0.35631322,0.93413655,2.17370605,-0.27091088,0.01900463,2.51694330,-0.28383441,0.03683210,1.85107621,-0.53348413,0.03505637,2.17728008,-0.57613235,0.01529282,-1.22278039,1.36405110,3.00629544,-0.24553190,1.22885792,1.44573057,0.12417104,2.95074058,-1.35768700,0.27173153,1.43495452,0.90488569
0.75294717,-0.05911158,-0.11592196,0.23489233,0.11297810,0.65178134,-0.02381230,0.25865842,-1.30382240,-0.15492018,1.05560157,-1.40419645,0.01769305,0.50460736,-1.48115458,-0.09071033,1.22655301,-1.53315763,0.56219025,-0.01542790,0.03905753,0.32909511,0.09085126,0.10409892,-0.31015636,0.33313026,-0.13917899,-0.30449930,-0.32044364,0.12589666,-0.28895043,-0.10976670,-0.12641872,-0.31534698,2.17602061,-0.40798385,0.02115952,-0.00907907,0.36234729,0.93175871,2.17274665,-0.26985414,0.01893874,2.51572146,-0.28571408,0.02459581,1.85464610,-0.53148494,0.04014467,2.18041252,-0.57534912,0.01374812,-0.92137930,3.17725077,0.47297712,-0.08060932,1.58059490,1.15128276,-0.20267671,2.82383275,-1.54399672,0.42259344,2.19946268,-0.71102573
0.74109054,-0.03026543,-0.14114415,-0.10525265,0.11148161,0.52459593,-0.00569197,0.33185208,-1.37581718,-0.15349208,1.08770919,-1.39286637,0.01559670,0.56726259,-1.52160466,-0.07577202,1.26813626,-1.56507790,0.56219025,-0.01542790,0.03905753,0.32671249,0.07802956,0.10515840,-0.30758971,0.31736059,-0.13332575,-0.30320053,-0.32616515,0.13062797,-0.27929878,-0.12473796,-0.12696523,-0.31255919,2.18738593,-0.39821824,0.02113547,-0.00777721,0.36740848,0.92978697,2.17252101,-0.26811853,0.01912278,2.51022042,-0.27875531,0.02351196,1.85996522,-0.52566648,0.04741371,2.18304147,-0.57615322,0.01415330,1.26544380,3.68254399,-4.29482460,0.09513526,1.59655797,0.45490262,-0.06255392,3.22984076,-2.14997292,0.80581290,2.01877356,-1.70670736
0.78723213,0.01883966,-0.11129876,-0.55517616,0.04322323,0.44288699,-0.01302695,0.37262496,-1.39420364,-0.14430247,1.11405973,-1.39701562,0.02178472,0.62026979,-1.54720066,-0.04112014,1.27818558,-1.60717518,0.56219025,-0.01542790,0.03905753,0.32483646,0.06836725,0.10616520,-0.30499093,0.30426289,-0.13789405,-0.30543186,-0.32273701,0.13807096,-0.27023209,-0.14013487,-0.12742171,-0.30972662,2.19852399,-0.38704231,0.01623337,-0.00522659,0.37154180,0.92825958,2.17479457,-0.26301794,0.01984553,2.51393446,-0.27701092,0.01940461,1.86961567,-0.50968847,0.05460437,2.18495354,-0.57596006,0.01510985,-0.32699169,2.07395935,-0.98866787,0.45932755,1.32055080,-0.24486923,0.32159289,2.64309072,-1.27364292,1.73807118,0.45527884,-2.11402698
0.80782909,0.04656889,-0.09795684,-0.66984290,-0.07382887,0.44307308,-0.00382850,0.43050316,-1.44224737,-0.13885650,1.14516339,-1.43061414,0.03376162,0.66990830,-1.56857913,-0.00997995,1.25758574,-1.65851748,0.56219025,-0.01542790,0.03905753,0.32310066,0.06344707,0.10534001,-0.30028603,0.28920983,-0.13840369,-0.30444074,-0.30943199,0.14348603,-0.26451070,-0.15486804,-0.12712109,-0.30670336,2.20947370,-0.37509032,0.00973917,-0.00328703,0.37570177,0.92668362,2.18166265,-0.25530471,0.02281462,2.51342310,-0.27304783,0.01865992,1.88747117,-0.48756595,0.05858996,2.18683476,-0.57416658,0.01639730,0.42647002,2.88838673,-2.35203390,0.23562561,1.58759582,-1.78738394,0.59577562,2.48458290,-1.05753276,1.49450653,-1.10054818,-2.61375022
0.81028824,0.05051581,-0.08535923,-0.58125706,-0.16413678,0.35117601,-0.00214870,0.48873125,-1.47864337,-0.13737232,1.16670103,-1.48817284,0.04450067,0.72106106,-1.58720803,0.00473163,1.22472203,-1.72738216,0.56219025,-0.01542790,0.03905753,0.32150674,0.06703136,0.10344656,-0.29518194,0.27373576,-0.14115299,-0.30335418,-0.28931902,0.14452555,-0.25971411,-0.16948407,-0.12716501,-0.30375085,2.22032441,-0.36300219,0.00370120,-0.00248749,0.37909917,0.92534530,2.19551157,-0.24225984,0.02632480,2.51441402,-0.27153231,0.01815257,1.91276440,-0.46300203,0.06179263,2.18877281,-0.57252614,0.01775589,0.07570850,2.92594938,-1.80362737,0.10793691,0.91639562,-2.90262055,0.53071241,2.56746531,-0.92673105,0.69629840,-1.62471187,-3.52518630
0.83135694,0.07044958,-0.05968499,-0.46328966,-0.34984993,0.28464156,0.00028520,0.54846491,-1.50680723,-0.13423026,1.15955596,-1.55813501,0.05523567,0.77647614,-1.60418811,0.01754168,1.18068116,-1.78986194,0.56219025,-0.01542790,0.03905753,0.32032204,0.08233809,0.10163814,-0.29183708,0.25824138,-0.14386081,-0.30191512,-0.26721407,0.14485780,-0.25619930,-0.18421315,-0.12743851,-0.30100822,2.23112172,-0.35036457,-0.00194111,-0.00366216,0.38176682,0.92424938,2.21772951,-0.22024723,0.02848496,2.51560887,-0.27004269,0.01840692,1.93957390,-0.43631228,0.06412275,2.19054417,-0.57065647,0.01931382,0.13751729,2.98719311,-1.34204423,0.13995426,-0.48359437,-3.59745717,0.54294949,2.80354977,-0.83722967,0.66076742,-2.33228853,-2.97818732
0.80861317,0.07149134,-0.01240095,-0.26481911,-0.50669753,0.34330248,0.00058673,0.60607022,-1.51738656,-0.11972304,1.12685072,-1.61998880,0.06400324,0.83582479,-1.61602950,0.03087301,1.08967936,-1.81086671,0.56219025,-0.01542790,0.03905753,0.32003412,0.10419913,0.10293245,-0.28952967,0.24281945,-0.14712964,-0.30117300,-0.23950934,0.14545688,-0.25996679,-0.19919821,-0.12819475,-0.29914260,2.24156155,-0.33780754,-0.00650950,-0.00704763,0.38483472,0.92293564,2.24175896,-0.19134079,0.03050445,2.51697148,-0.26883084,0.01886111,1.96966948,-0.40560967,0.06006733,2.19245876,-0.56954604,0.02089152,-0.01415828,2.85872674,-0.38619515,0.84758693,-1.82769287,-2.96193099,0.41560423,2.99036956,-0.54656982,0.66164684,-4.95457602,-0.70838922
0.77973391,0.07016963,0.02501835,0.00009352,-0.58904326,0.53123423,-0.00119685,0.65871435,-1.50927744,-0.12128273,1.06872637,-1.68686757,0.07182049,0.89442314,-1.62074142,0.02994662,0.96165147,-1.79630675,0.56219025,-0.01542790,0.03905753,0.32071391,0.13471575,0.10052986,-0.28586480,0.22802428,-0.15036328,-0.30130449,-0.20582293,0.14306490,-0.26885160,-0.21321695,-0.12849593,-0.29889987,2.25142411,-0.32560941,-0.00879738,-0.01253460,0.38967006,0.92082720,2.27302298,-0.15891185,0.03484911,2.51810369,-0.26656544,0.01940943,2.00543860,-0.37379421,0.05186232,2.19525951,-0.56813407,0.02181405,-0.09187067,2.61921763,0.42986727,-0.08338773,-2.98613806,-3.31795955,0.37982786,2.92868304,-0.23677253,-0.05861614,-6.40849304,0.75629990
0.72944302,0.07106697,0.06400806,0.15462690,-0.52209369,0.61366166,-0.00522899,0.70396527,-1.48865395,-0.12541705,0.95841448,-1.73355827,0.07765184,0.95260724,-1.62496347,0.02089540,0.82585154,-1.76065288,0.56219025,-0.01542790,0.03905753,0.32232102,0.17536457,0.09810147,-0.28259372,0.21382852,-0.15341771,-0.30248902,-0.17141695,0.13918046,-0.27743154,-0.22674131,-0.12850799,-0.29857317,2.26039132,-0.31402690,-0.00936735,-0.01796101,0.39517359,0.91838308,2.30964912,-0.11921853,0.03972730,2.51879119,-0.26413565,0.01983201,2.04148120,-0.34289435,0.04488948,2.19791235,-0.56705320,0.02374785,-0.21063428,2.25355754,1.03426123,-0.20544647,-5.63786554,-2.26254826,0.32688214,2.91123366,-0.20032024,-0.47232516,-6.83222332,1.85212309
0.70094460,0.06193895,0.05297991,0.23177702,-0.51725940,0.75677430,-0.01105649,0.74565116,-1.46700923,-0.12987240,0.80879804,-1.75187926,0.09077568,1.01180463,-1.62987034,0.00219343,0.68533404,-1.70805812,0.56219025,-0.01542790,0.03905753,0.32385551,0.22176931,0.09596981,-0.27733672,0.20057261,-0.15677173,-0.30283564,-0.13607538,0.13267426,-0.28532181,-0.23994072,-0.12617378,-0.29846919,2.26893205,-0.30281178,-0.00921131,-0.02371961,0.40189635,0.91533156,2.34821214,-0.07454331,0.04651880,2.52005991,-0.26107997,0.02101988,2.07917332,-0.31332804,0.03853370,2.19961294,-0.56489238,0.02538632,-0.29127353,2.06662052,1.08627462,-0.22851723,-7.62932434,-0.77632565,0.65848763,2.96594429,-0.27375696,-0.99207797,-6.98859596,2.66028762
0.70195222,0.03537784,0.01422508,0.31879954,-0.47690790,0.94283375,-0.02013591,0.78615946,-1.44565680,-0.13763638,0.64314917,-1.74642429,0.10865134,1.07351396,-1.63992264,-0.02659734,0.55775273,-1.65063252,0.56219025,-0.01542790,0.03905753,0.32486203,0.26864945,0.09383940,-0.26810490,0.18759654,-0.16066194,-0.30229778,-0.10334075,0.12355806,-0.29111182,-0.25256962,-0.12218837,-0.29767056,2.27761697,-0.29184896,-0.00810142,-0.02944613,0.41017806,0.91149397,2.38530816,-0.02844629,0.05675714,2.52224573,-0.25776835,0.02256426,2.11660112,-0.28739887,0.03375021,2.20181374,-0.56198834,0.02719147,-0.48659139,2.03131268,1.06065989,-0.41553513,-8.29426479,0.37078429,0.93900576,3.10451078,-0.52565574,-1.48344665,-6.28698177,2.88903785
0.71519575,0.01534336,0.01860108,0.53522670,-0.40138260,0.89477363,-0.02882427,0.82551479,-1.41627312,-0.14303997,0.48354018,-1.71641219,0.13009222,1.13936448,-1.65247607,-0.06441396,0.44708338,-1.58737087,0.56219025,-0.01542790,0.03905753,0.32600713,0.31123740,0.09356217,-0.25576344,0.17397403,-0.16341067,-0.30249183,-0.07428795,0.11255701,-0.29607839,-0.26498419,-0.11648388,-0.29685690,2.28659405,-0.28080434,-0.00495370,-0.03534443,0.41824913,0.90763092,2.41733040,0.01673660,0.07024369,2.52381743,-0.25444007,0.02351530,2.15274490,-0.26430631,0.02992874,2.20330943,-0.55802047,0.02915023,-0.41419765,1.95328820,1.55297744,-0.23290782,-7.91413975,1.69715869,1.08508444,3.32441545,-0.64116234,-1.95913565,-5.41038895,3.21256375
0.73533013,0.01909699,0.00916052,0.45243703,-0.40945040,0.96299735,-0.03784427,0.86111817,-1.38055818,-0.14130635,0.36114918,-1.66726594,0.15783603,1.20433643,-1.66333272,-0.10436280,0.36584095,-1.53628359,0.56219025,-0.01542790,0.03905753,0.32724710,0.34233992,0.09472572,-0.24560696,0.15979626,-0.16658566,-0.30279444,-0.05197861,0.10071123,-0.29893898,-0.27726892,-0.10968193,-0.29561522,2.29558510,-0.26922327,-0.00221561,-0.04097168,0.42682329,0.90340373,2.43934802,0.05558714,0.08164014,2.52572068,-0.25124440,0.02445267,2.18474545,-0.24557802,0.02830812,2.20464005,-0.55319014,0.03163188,-0.44370620,1.78078997,1.79235065,0.10630684,-6.06288786,2.48909545,1.38471766,3.25077701,-0.53119893,-1.98271210,-4.02264123,2.53122261
0.72431790,0.00569651,-0.01368168,0.39712114,-0.44855257,0.79154894,-0.04218968,0.89506385,-1.34230192,-0.12872244,0.27445546,-1.59925523,0.18275490,1.26886036,-1.66435659,-0.13474628,0.31396564,-1.50152831,0.56219025,-0.01542790,0.03905753,0.32819089,0.36386905,0.09725173,-0.24137893,0.14531513,-0.16869158,-0.30309810,-0.03644930,0.09115394,-0.30057176,-0.29095657,-0.10436082,-0.29431584,2.30449938,-0.25779817,-0.00013451,-0.04681037,0.43387512,0.89975616,2.45437821,0.08773753,0.08681197,2.52696609,-0.24874822,0.02509279,2.21042856,-0.22972197,0.02761913,2.20549320,-0.55062010,0.03387505,-0.20699385,1.67760146,1.90520656,0.63956964,-4.26102123,3.43026328,1.23005724,3.21081710,-0.01103355,-1.49716775,-2.49749446,1.69015062
0.71521772,0.01215035,-0.03780128,0.17840282,-0.54571025,0.60276784,-0.04116747,0.92456819,-1.30296521,-0.12137286,0.21105539,-1.52701733,0.20384411,1.32747729,-1.65518737,-0.15271344,0.29590037,-1.48249199,0.56219025,-0.01542790,0.03905753,0.32882450,0.37923152,0.09676890,-0.24191923,0.13099649,-0.17026917,-0.30336320,-0.02977048,0.08383539,-0.30316824,-0.30550737,-0.10127396,-0.29244752,2.31311935,-0.24640161,-0.00033261,-0.05236815,0.43933481,0.89679562,2.46830181,0.11290212,0.08690527,2.52794842,-0.24678141,0.02546131,2.22856888,-0.21872724,0.02565626,2.20656065,-0.55010608,0.03637698,0.08423383,1.47016799,1.99285264,0.29438735,-3.08439536,3.59471059,1.04793632,2.90253472,0.48007249,-0.81820762,-0.75770539,0.88985244
0.73368465,0.05535450,-0.04729809,-0.07138657,-0.66369295,0.46886304,-0.03789901,0.94717952,-1.25762434,-0.10077259,0.17323096,-1.44887865,0.22486716,1.37732379,-1.63719940,-0.15588734,0.31026969,-1.47150214,0.56219025,-0.01542790,0.03905753,0.32927989,0.38747218,0.09781861,-0.24828768,0.11677549,-0.17278721,-0.30360654,-0.03205431,0.07871295,-0.30885068,-0.32003412,-0.09960636,-0.29027138,2.32121023,-0.23414955,-0.00336636,-0.05807789,0.44365620,0.89430688,2.47666859,0.13400241,0.08099222,2.52946991,-0.24509682,0.02567335,2.23907980,-0.21229091,0.02042921,2.20782122,-0.54956387,0.03900851,0.15276213,1.06668513,2.30106764,1.23561186,-1.72107291,3.98312612,1.05701506,2.43293214,0.96597433,-0.09091240,0.89725390,0.53099154
0.72625393,0.10143787,-0.07949995,-0.20447058,-0.66445882,0.38818261,-0.03201824,0.96499729,-1.21355760,-0.06669331,0.16635482,-1.36780906,0.24610783,1.41764021,-1.61748779,-0.15288372,0.35310546,-1.48888111,0.56219025,-0.01542790,0.03905753,0.32921225,0.38657161,0.10162942,-0.26119645,0.10341362,-0.17504128,-0.30366766,-0.04101204,0.07523593,-0.31298293,-0.33304400,-0.09836125,-0.28776991,2.32850493,-0.22131839,-0.00777968,-0.06320033,0.44729582,0.89211638,2.47692765,0.14981075,0.06801580,2.53071584,-0.24240342,0.02554458,2.24363674,-0.20949377,0.01622932,2.20931591,-0.54748893,0.04144233,0.32549185,0.87489361,2.17358351,1.73595464,-0.11939853,4.04469252,1.06127858,1.95021617,0.96952909,0.17806469,2.33705854,-1.14338624
0.72487709,0.08997186,-0.14438145,-0.32100252,-0.38401118,0.49297215,-0.03087834,0.98996413,-1.19044123,-0.06194324,0.19873092,-1.32673466,0.26169872,1.45242813,-1.60702658,-0.14226823,0.41754358,-1.53511677,0.56219025,-0.01542790,0.03905753,0.32773798,0.37496863,0.09809259,-0.27631196,0.09002936,-0.17761569,-0.30131079,-0.05554035,0.07570052,-0.31329040,-0.34417122,-0.09796346,-0.28303314,2.33588265,-0.20845696,-0.01202604,-0.06537710,0.45181829,0.88962995,2.47632593,0.15278993,0.05142601,2.53254680,-0.23969530,0.02642718,2.24199471,-0.20905018,0.01444758,2.21339568,-0.54468249,0.04470483,0.04714282,1.23715485,1.13683738,0.22408701,1.63601308,2.04151580,0.76654631,1.71639907,0.50984997,0.52068306,3.19623566,-2.28751352
0.71893475,0.07331821,-0.15474086,-0.62899248,0.06145429,0.60583319,-0.03658492,1.01090271,-1.18549018,-0.06541246,0.24164451,-1.29856250,0.26903141,1.47458131,-1.61238136,-0.13597731,0.46741351,-1.56928930,0.56219025,-0.01542790,0.03905753,0.32595267,0.35740576,0.09321466,-0.29368954,0.07869236,-0.18104957,-0.29836017,-0.06992932,0.07595417,-0.31251835,-0.35150610,-0.09846668,-0.27550681,2.34332112,-0.19583000,-0.01687199,-0.06234661,0.45756302,0.88682824,2.47303566,0.15000520,0.03226313,2.53664140,-0.23581384,0.02759250,2.24095129,-0.20923016,0.01343433,2.22129830,-0.53986875,0.05044586,-0.30453222,1.06258098,0.16080521,-0.18857063,2.16501222,1.34060516,0.34904227,1.09629526,-0.35984655,0.32175903,2.47616768,-1.70934093
0.74493386,0.06380343,-0.16524587,-0.92798237,0.46670800,0.64798488,-0.04679767,1.03641195,-1.21216965,-0.09757117,0.30774794,-1.36416605,0.26202516,1.47541938,-1.63527040,-0.13104365,0.50858923,-1.59812405,0.56219025,-0.01542790,0.03905753,0.32368805,0.33791272,0.08266376,-0.29953635,0.06970207,-0.18450861,-0.29346011,-0.08515860,0.07685299,-0.31011725,-0.35240752,-0.10109331,-0.26658247,2.35103029,-0.18286565,-0.02250214,-0.05445262,0.46389353,0.88392950,2.47385792,0.14260582,0.02415169,2.54263224,-0.22966844,0.03022794,2.23949575,-0.20966890,0.01357080,2.23521146,-0.53071176,0.05710558,-0.51729268,1.28986490,-1.47678421,-1.86461104,3.49840441,-4.08192847,-0.45851716,-0.14851998,-1.13558002,0.21868388,2.00650108,-1.38693082
0.82083504,0.04190208,-0.17038695,-1.05737067,0.84968261,0.76134440,-0.05822902,1.06354518,-1.27568345,-0.12834713,0.35766063,-1.45480387,0.23567838,1.44355068,-1.65664539,-0.13230167,0.54082941,-1.61829898,0.56219025,-0.01542790,0.03905753,0.32108601,0.32342307,0.07558688,-0.29889434,0.06625166,-0.18649705,-0.28725753,-0.10052803,0.07723858,-0.30690264,-0.34728890,-0.10642416,-0.25982338,2.35960831,-0.16891445,-0.02762616,-0.04260572,0.47116893,0.88058015,2.47549624,0.14235047,0.02219167,2.55162939,-0.21685541,0.03382847,2.23966092,-0.20995475,0.01418337,2.25621413,-0.51711744,0.06126263,-0.57709787,1.35849798,-3.40122252,-1.26829472,2.14049425,-3.98048229,-1.40253955,-1.73007907,-1.06248093,-0.09681897,1.57493794,-0.97695487
0.87127369,0.02823384,-0.15660633,-1.07260015,1.01503678,0.70030760,-0.06103839,1.07200730,-1.38178110,-0.16136841,0.40947965,-1.54621327,0.20292047,1.38586390,-1.67412126,-0.13437645,0.56738544,-1.63076401,0.56219025,-0.01542790,0.03905753,0.31828099,0.30790299,0.06973985,-0.29739077,0.07699051,-0.18489104,-0.28234683,-0.11561737,0.07821779,-0.30338865,-0.33712508,-0.11229732,-0.25593160,2.36877288,-0.15414029,-0.03205093,-0.02895966,0.47813439,0.87722379,2.47676887,0.14251567,0.02089023,2.56591357,-0.18946427,0.03593417,2.24042739,-0.20902960,0.01489235,2.28074779,-0.49840122,0.06234939,-0.05148343,0.23547648,-5.61795425,-1.80876899,2.78758383,-4.85388947,-1.65940666,-3.07419753,-0.83793634,-0.09494751,1.28949511,-0.56204796
0.90574004,-0.00458201,-0.12510590,-0.96003198,0.90646072,0.49314035,-0.04583384,1.06518552,-1.49433396,-0.18253188,0.46521024,-1.62521374,0.17141712,1.32205806,-1.70781512,-0.13187921,0.59592254,-1.64006388,0.56219025,-0.01542790,0.03905753,0.31567318,0.29140161,0.06737717,-0.29608710,0.09396766,-0.17807572,-0.27943960,-0.13059638,0.08039562,-0.29992272,-0.32119648,-0.11842768,-0.25186217,2.37864431,-0.13897057,-0.03604629,-0.01650571,0.48305318,0.87469300,2.47688035,0.14352592,0.01958609,2.57940558,-0.15432616,0.03623359,2.24102978,-0.20665445,0.01575046,2.30773562,-0.47387989,0.06381102,0.74202533,-0.34733817,-5.60530853,-1.04364841,2.80365715,-3.93910785,-1.56982660,-3.19792390,-1.68681324,0.12700795,1.43808377,-0.46645973
0.90304900,-0.03692181,-0.07791544,-0.58136515,0.76087078,0.27553271,-0.04105653,1.05177796,-1.59177706,-0.19540246,0.53011307,-1.69194915,0.14198464,1.25331254,-1.74232779,-0.12856018,0.63205755,-1.64940565,0.56219025,-0.01542790,0.03905753,0.31367503,0.27407407,0.06741716,-0.29422092,0.11118676,-0.17391227,-0.27495135,-0.14533478,0.08327219,-0.29701027,-0.30188861,-0.12398658,-0.24971832,2.38888458,-0.12409092,-0.03760433,-0.00694073,0.48590733,0.87317341,2.47629441,0.14427673,0.01945412,2.59528474,-0.12145523,0.03872369,2.24144348,-0.20357412,0.01666476,2.33483943,-0.44594263,0.06395671,0.22560371,-0.70498894,-4.83272667,-0.63322320,3.25122404,-3.26869845,-1.47761831,-3.44851232,-1.72321975,0.16343986,1.82658641,-0.46017693
0.84334380,-0.04473332,0.00502366,-0.12802561,0.62986986,0.09691501,-0.03014116,1.02137902,-1.68409798,-0.20455050,0.59170535,-1.73058119,0.11099472,1.17358763,-1.76992178,-0.12733667,0.67272506,-1.65405631,0.56219025,-0.01542790,0.03905753,0.31309092,0.25824644,0.06811048,-0.29354266,0.13353987,-0.16756206,-0.27046996,-0.15918622,0.08616114,-0.29560412,-0.27883163,-0.12950416,-0.25042536,2.39859404,-0.11008507,-0.03591111,-0.00062852,0.48715037,0.87257923,2.47640571,0.14540584,0.01954826,2.61133508,-0.08456663,0.04262096,2.24161829,-0.20021060,0.01748680,2.36218823,-0.41536039,0.06266556,0.63367263,-1.62063932,-4.64368029,-0.44078867,3.03434277,-1.78671153,-1.55308201,-4.07356586,-1.31533952,0.04524350,2.03902817,-0.19944476
0.78297394,-0.03601827,0.07486816,0.24470445,0.33786628,-0.05346870,0.00036095,0.96007946,-1.76960614,-0.20900161,0.65011640,-1.74330788,0.08751609,1.08032005,-1.78369422,-0.12670331,0.71897306,-1.65753407,0.56219025,-0.01542790,0.03905753,0.31396378,0.24366247,0.06892607,-0.29416091,0.16389288,-0.15643610,-0.26648107,-0.17212035,0.08874318,-0.29545041,-0.25241392,-0.13327385,-0.25453538,2.40747227,-0.09700749,-0.03226112,0.00170692,0.48694162,0.87283685,2.47704143,0.14647215,0.01980287,2.62673186,-0.03992545,0.04748271,2.24145273,-0.19669843,0.01851337,2.38802270,-0.38178183,0.05942841,1.63306863,-3.27329187,-4.17964544,-0.19219939,2.93401098,-0.52217097,-1.09523237,-4.71148500,-0.61476660,0.04169833,2.36255245,-0.19524764
0.69244225,-0.02969631,0.11304332,0.45973945,0.07556329,-0.11091895,0.05464105,0.86129427,-1.84340775,-0.20692077,0.70265990,-1.73563373,0.07086483,0.97990888,-1.77877355,-0.12899575,0.76991469,-1.66069674,0.56219025,-0.01542790,0.03905753,0.31573999,0.23043643,0.07027043,-0.29582292,0.20166857,-0.14031332,-0.26117262,-0.18446531,0.08985631,-0.29637499,-0.22509446,-0.13589093,-0.26083821,2.41537918,-0.08522034,-0.02794485,0.00057567,0.48606562,0.87347523,2.47728767,0.14760196,0.01991707,2.64098491,0.01204269,0.05456737,2.24171151,-0.19449589,0.01936500,2.41203012,-0.34813219,0.05490178,2.89780331,-5.20995808,-3.62089610,0.15418319,2.56177044,0.53063393,-0.80363894,-5.06794071,0.39603707,-0.14889477,2.56894088,-0.14430283
0.63661169,-0.01569891,0.11273626,0.55349088,-0.06284745,0.00541710,0.12403380,0.72019686,-1.87648931,-0.20671536,0.74930443,-1.71798601,0.05652928,0.87068681,-1.75818627,-0.13199719,0.82724270,-1.66962402,0.56219025,-0.01542790,0.03905753,0.31775382,0.21846206,0.07051439,-0.29763367,0.24314495,-0.12195871,-0.25474377,-0.19665903,0.09057609,-0.29672060,-0.19593558,-0.13839338,-0.26721103,2.42231349,-0.07447322,-0.02340638,-0.00262072,0.48607205,0.87360130,2.47765721,0.14831597,0.02012014,2.65419001,0.06774730,0.06301005,2.24162067,-0.19375820,0.02103322,2.43651861,-0.31393448,0.05054279,3.46198883,-7.09264154,-1.61288728,0.00101960,2.32683330,0.89843552,-0.68814431,-5.47556400,1.06093018,-0.15476096,2.85922885,-0.42871714
0.61270275,-0.00174504,0.13815235,0.58098994,-0.20125807,0.10307583,0.18342946,0.55963944,-1.87890377,-0.20695890,0.79075707,-1.69104495,0.05920384,0.75399379,-1.71722019,-0.13548231,0.88029634,-1.67014639,0.56219025,-0.01542790,0.03905753,0.32041363,0.20696776,0.06991576,-0.30010514,0.28496469,-0.10789029,-0.24402912,-0.20818111,0.09044654,-0.29848599,-0.16593319,-0.13678491,-0.27538850,2.42873487,-0.06399748,-0.01926171,-0.00717536,0.48684526,0.87324635,2.47810525,0.14880861,0.02030849,2.67035708,0.12164706,0.07638450,2.24232792,-0.19350579,0.02192763,2.45781988,-0.27706553,0.04502513,2.90805340,-8.03361464,-0.02000426,0.02958834,2.04767628,1.35973823,0.16066453,-5.83705711,2.09426005,-0.15564787,2.64579511,-0.03030252
0.61421159,0.02554824,0.14532751,0.57894480,-0.22754961,0.29589888,0.21199416,0.41271486,-1.84473000,-0.20266176,0.82711935,-1.66015656,0.06713532,0.63951288,-1.66259797,-0.13728714,0.93442332,-1.67123151,0.56219025,-0.01542790,0.03905753,0.32336631,0.19605072,0.07053361,-0.30252818,0.32033240,-0.10179908,-0.23360594,-0.21976360,0.09075101,-0.29974070,-0.13686112,-0.13383138,-0.28322245,2.43463301,-0.05325352,-0.01532370,-0.01207146,0.48913812,0.87198817,2.47662024,0.15082477,0.02083813,2.68847064,0.16706978,0.08976037,2.24264120,-0.19350661,0.02362561,2.47751602,-0.23980874,0.04014385,1.24338443,-7.19841137,1.87313302,0.17673324,1.81712210,1.55852211,0.39527023,-5.69711018,2.77575994,-0.11065488,2.73085546,-0.05151558
0.65039157,0.05013599,0.12053130,0.57956216,-0.12560173,0.55300681,0.20475570,0.31697729,-1.77662587,-0.20675316,0.86394427,-1.62621605,0.07540115,0.53704172,-1.60270746,-0.13995310,0.98994306,-1.66720099,0.56219025,-0.01542790,0.03905753,0.32603105,0.18385105,0.06921422,-0.30517277,0.34280789,-0.10239032,-0.23124674,-0.23277246,0.09129189,-0.30086732,-0.11088107,-0.13027886,-0.28994087,2.44034285,-0.04167964,-0.01087065,-0.01620399,0.49360619,0.86946661,2.47507881,0.15167296,0.02085828,2.70388516,0.20028414,0.09478431,2.24269880,-0.19482683,0.02516373,2.49543060,-0.20364424,0.03609018,-0.53510387,-4.42282581,3.58006501,-0.25033162,1.84686387,1.71344364,0.41793847,-5.03039474,3.00255895,-0.12149637,2.76540804,0.24994180
0.68226900,0.05705029,0.08966073,0.53722878,-0.02171903,0.66463521,0.18738809,0.27047712,-1.66572702,-0.21210434,0.89974463,-1.59252870,0.08534079,0.45130008,-1.54440141,-0.14250635,1.04259515,-1.65895498,0.56219025,-0.01542790,0.03905753,0.32822224,0.17104653,0.06814383,-0.30745474,0.35296594,-0.10279872,-0.24352574,-0.24613461,0.09229807,-0.30157191,-0.08913793,-0.12581727,-0.29557353,2.44610848,-0.02940087,-0.00620822,-0.01926952,0.49917381,0.86626534,2.47284760,0.15276805,0.02076751,2.71193875,0.22454163,0.08469651,2.24289788,-0.19615409,0.02665034,2.51032342,-0.16958645,0.03264872,-0.88308150,-2.01466084,5.88545990,-0.25727570,1.77696335,1.67362678,0.51139665,-4.16636801,2.89544082,-0.13243586,2.60921693,0.43024775
0.67145301,0.05823631,0.06212393,0.39496509,0.17666494,0.71129923,0.20369679,0.23836254,-1.64722476,-0.22326046,0.93299942,-1.56833336,0.09173071,0.39236439,-1.50053053,-0.14714203,1.08632407,-1.64290569,0.56219025,-0.01542790,0.03905753,0.32988381,0.15874075,0.06636902,-0.30860961,0.36130409,-0.09708729,-0.24187427,-0.25973605,0.09315990,-0.30178106,-0.07458886,-0.12170732,-0.29922015,2.45161318,-0.01713886,-0.00175542,-0.01978557,0.50521826,0.86276298,2.47134131,0.15378297,0.02127419,2.71297311,0.25055046,0.08800954,2.24334406,-0.19815145,0.02810275,2.52130508,-0.14171498,0.03066365,0.86176312,-1.58434446,0.86504451,-0.56118016,1.65789330,1.21269882,0.32452634,-2.90227485,2.17056062,-0.22390455,2.17660329,0.81266351
0.66366249,0.05562517,0.02619063,0.33350941,0.31516406,0.88475207,0.21254989,0.22410510,-1.63009667,-0.23980255,0.96565657,-1.54392149,0.09847234,0.36547639,-1.47307892,-0.14873593,1.12376475,-1.62073958,0.56219025,-0.01542790,0.03905753,0.33092329,0.14567106,0.06353386,-0.30958897,0.36492121,-0.09249734,-0.24321660,-0.27343951,0.09529478,-0.30158372,-0.06831573,-0.11697685,-0.30299777,2.45693497,-0.00495321,0.00283638,-0.01888023,0.51264523,0.85838824,2.47003497,0.15342924,0.02133432,2.71134519,0.27253318,0.08770669,2.24342131,-0.20056041,0.02933957,2.52755794,-0.12055174,0.02792552,0.13645809,-0.64122262,1.14300436,-0.86409450,1.65111125,1.20809834,0.31544707,-1.24647073,1.32330313,-0.08867615,1.85836589,1.11847825
0.65051742,0.01673538,0.00394640,0.33201663,0.37773915,0.81649834,0.16456494,0.23679384,-1.55607021,-0.25783652,0.99815578,-1.51835918,0.10242252,0.37235326,-1.45741360,-0.15205337,1.15690770,-1.59731731,0.56219025,-0.01542790,0.03905753,0.33146284,0.13198793,0.06083181,-0.31015278,0.35954736,-0.09947810,-0.25835766,-0.28650636,0.09739336,-0.30097337,-0.07100900,-0.11244453,-0.30840435,2.46250009,0.00684400,0.00782284,-0.01723964,0.51982712,0.85406169,2.46908468,0.15202652,0.02131006,2.71600150,0.28053585,0.07310518,2.24439749,-0.20292401,0.03048947,2.52976936,-0.10787695,0.02305849,-2.35523462,0.76060059,3.69710660,-0.84263736,1.58687341,1.31460993,0.21286359,0.48563327,0.76395744,-0.16514431,1.64150608,1.16332908
0.64754303,0.01645763,-0.03332537,0.31039320,0.26789924,0.79534049,0.14117688,0.27467439,-1.49975932,-0.26935583,1.02530751,-1.48934016,0.10028468,0.41102195,-1.46410558,-0.15388921,1.19119534,-1.58112803,0.56219025,-0.01542790,0.03905753,0.33145955,0.11936070,0.05947912,-0.31073058,0.34736979,-0.10114515,-0.27426679,-0.29834841,0.09949566,-0.29933682,-0.08077652,-0.11042783,-0.31260156,2.46808576,0.01852573,0.01209162,-0.01641566,0.52637608,0.85000738,2.46803803,0.15188517,0.02072898,2.71344756,0.28440859,0.05719276,2.24604868,-0.20420886,0.03212273,2.53093866,-0.10300067,0.01885799,-0.96744680,2.01978173,2.64260507,-0.56988000,1.34219873,1.44902360,-0.18312699,2.10956256,-0.53886362,-0.07770395,1.74147022,0.74491878
0.65553696,0.06222595,-0.07401241,0.09767838,0.15854337,0.77689615,0.12152296,0.32144409,-1.44280446,-0.27634552,1.05051208,-1.46474397,0.08795948,0.46429193,-1.48812580,-0.14937153,1.22366846,-1.56949711,0.56219025,-0.01542790,0.03905753,0.33063126,0.10730347,0.05867200,-0.31089595,0.33032409,-0.10327543,-0.29137193,-0.30946616,0.10247804,-0.29635060,-0.09393066,-0.11283127,-0.31348573,2.47276486,0.03084754,0.01425903,-0.01553637,0.53298244,0.84586348,2.46617116,0.15296617,0.01973531,2.70853557,0.28420892,0.03925932,2.24671878,-0.20404440,0.03428066,2.53398360,-0.10259208,0.01714553,-1.04633284,2.36449933,2.94065213,-0.30723092,1.24845016,1.18654478,-0.68001640,2.72144771,-1.27216089,0.28237492,1.59196603,0.56823492
0.65234581,0.07599070,-0.11500602,-0.07266003,0.14952628,0.56929981,0.09878981,0.37282729,-1.39694583,-0.28228149,1.07825179,-1.46194315,0.07609385,0.51184307,-1.50977986,-0.14257183,1.25958483,-1.57386501,0.56219025,-0.01542790,0.03905753,0.32885337,0.09760166,0.05821278,-0.30888933,0.30998351,-0.10796992,-0.30613537,-0.31922362,0.10569442,-0.29029016,-0.10657424,-0.11582421,-0.31305138,2.47690929,0.04341051,0.01462846,-0.01382323,0.53782473,0.84281640,2.46525044,0.15645422,0.01996404,2.70545887,0.27902113,0.02271800,2.24652924,-0.20153858,0.03856321,2.53703245,-0.10204919,0.01580198,-1.06261837,2.62143898,2.02875404,-0.30282068,1.39781272,0.09436224,-0.58615676,2.38723874,-1.09698198,0.34934714,1.78260601,-0.23673676
0.66462937,0.08948539,-0.10023726,-0.41806096,0.02501402,0.38778080,0.10743344,0.43243220,-1.45496066,-0.28769649,1.10636868,-1.48910823,0.06988124,0.56014649,-1.53364007,-0.12890401,1.28619764,-1.59082434,0.56219025,-0.01542790,0.03905753,0.32726277,0.09217014,0.05713475,-0.30488946,0.29564954,-0.10659666,-0.30446755,-0.32518287,0.10932709,-0.28269693,-0.12070147,-0.11863799,-0.31093408,2.48079275,0.05621275,0.01151553,-0.01132758,0.54117957,0.84075189,2.46696619,0.16376990,0.02237331,2.70027317,0.28115685,0.02279523,2.24659447,-0.19448124,0.04456584,2.53878111,-0.10278777,0.01632869,0.37575545,2.80106616,-2.61859131,-0.23542999,1.35548105,-1.42951870,-0.28972245,2.37428412,-1.14367666,0.70526195,1.30366795,-0.88217202
0.73665690,0.10099782,-0.08625864,-0.62281931,-0.09847589,0.17910927,0.11140865,0.47521141,-1.48144500,-0.27798334,1.11933541,-1.53528686,0.06869355,0.60164713,-1.54920325,-0.10757918,1.29825306,-1.61478884,0.56219025,-0.01542790,0.03905753,0.32584955,0.09414014,0.05947209,-0.30097049,0.28241877,-0.10758664,-0.30618855,-0.32652075,0.11364727,-0.27537336,-0.13453993,-0.12108544,-0.30864560,2.48495955,0.07041686,0.00584747,-0.00872285,0.54296408,0.83969026,2.46935185,0.18066973,0.02487906,2.69895395,0.28382174,0.01966100,2.24734234,-0.18071969,0.05047619,2.54017829,-0.10195937,0.01720396,0.26492822,2.32906175,-1.57321200,0.56629940,0.59756179,-2.35653720,-0.05095195,2.08877707,-0.79385656,1.09906924,0.51114177,-1.19986570
0.77371557,0.11852610,-0.11296414,-0.60139789,-0.13266385,0.12863842,0.11485230,0.53163275,-1.52532189,-0.25496657,1.11719470,-1.59808969,0.06834082,0.64465464,-1.56660295,-0.08222986,1.29024153,-1.64293964,0.56219025,-0.01542790,0.03905753,0.32385799,0.10370382,0.06566192,-0.29643784,0.26731078,-0.10918438,-0.30506069,-0.32154966,0.11854769,-0.27020541,-0.14832438,-0.12350364,-0.30553688,2.48917336,0.08545183,0.00004124,-0.00652053,0.54402327,0.83904479,2.47153863,0.20692194,0.02742016,2.69792322,0.28495064,0.01879730,2.24974464,-0.15974530,0.05365258,2.54141015,-0.10035611,0.01832111,0.10069907,2.76738691,-2.11877484,1.20323242,-0.20733545,-3.25877786,-0.01771903,2.15169954,-0.87265199,1.27488301,-0.50961681,-1.44776189
0.76679728,0.12320097,-0.10298056,-0.55497609,-0.31017335,0.15806669,0.11439948,0.58346814,-1.55915082,-0.22639810,1.09707928,-1.66091597,0.07004604,0.68768525,-1.58053720,-0.05906618,1.26478767,-1.68943751,0.56219025,-0.01542790,0.03905753,0.32176661,0.11857292,0.07245363,-0.29245906,0.25335270,-0.11255817,-0.30352528,-0.30794594,0.12216553,-0.26644684,-0.16179178,-0.12596537,-0.30255896,2.49318780,0.10049819,-0.00618587,-0.00582457,0.54535020,0.83816524,2.47498240,0.23825751,0.02930756,2.69873394,0.28652969,0.01824133,2.25674118,-0.13155377,0.05531977,2.54280819,-0.09845324,0.01920766,-0.02586409,2.57274961,-1.62850130,1.45774388,-1.13536835,-3.08222985,0.10588153,2.15109944,-0.66072458,1.13261902,-1.39259565,-2.48825288
0.75671856,0.14913376,-0.04654276,-0.43278236,-0.43586195,0.28448963,0.11363753,0.63696377,-1.58035467,-0.18397895,1.05597970,-1.73649476,0.07580035,0.73097968,-1.59077158,-0.03674947,1.22903147,-1.75351026,0.56219025,-0.01542790,0.03905753,0.32069495,0.14147568,0.08293324,-0.28579788,0.23869849,-0.11637257,-0.30235101,-0.28785962,0.12519782,-0.26218087,-0.17465904,-0.12773030,-0.30018873,2.49655069,0.11555892,-0.01221876,-0.00709557,0.54766675,0.83657725,2.47713532,0.27839729,0.03489707,2.69869145,0.28777581,0.01834395,2.26665601,-0.09818413,0.05851408,2.54374875,-0.09561199,0.02050622,-0.04046917,2.66720700,-1.03773727,2.10496869,-2.10044131,-3.78199172,0.28781450,2.15738866,-0.49988365,1.12313051,-1.80529823,-3.18951106
0.72092116,0.15726456,-0.00394456,-0.20323778,-0.42878869,0.56675976,0.10978585,0.68513780,-1.58755109,-0.14967842,0.97161713,-1.79946268,0.08170978,0.77181382,-1.59624362,-0.01033752,1.17539959,-1.80131972,0.56219025,-0.01542790,0.03905753,0.32046891,0.17366827,0.09116496,-0.27902649,0.22517040,-0.12044984,-0.30166612,-0.26574633,0.12962455,-0.26000084,-0.18618050,-0.12890566,-0.29897594,2.49931377,0.13011448,-0.01639134,-0.00963291,0.55217137,0.83351383,2.48310446,0.32558565,0.04144242,2.69804725,0.29047309,0.01880279,2.27630643,-0.06402814,0.06046807,2.54539470,-0.09159794,0.02149296,-0.21162145,2.39335713,-0.33202312,1.71378288,-4.42344451,-3.00702362,0.29652792,2.05376809,-0.28515528,1.32507615,-2.77291050,-2.29847126
0.65232055,0.14720361,0.00473998,0.03848867,-0.24958281,0.91889097,0.09758280,0.72682208,-1.58312216,-0.12039802,0.82649238,-1.81408229,0.08609707,0.81611876,-1.60446856,0.01135299,1.08396280,-1.82126863,0.56219025,-0.01542790,0.03905753,0.32040702,0.21458491,0.09841291,-0.27493570,0.21289061,-0.12550201,-0.30139121,-0.23832720,0.13393592,-0.26197632,-0.19737089,-0.12908906,-0.29799823,2.50150661,0.14345110,-0.01761442,-0.01215082,0.55954290,0.82852509,2.49037046,0.37926409,0.04547132,2.69744529,0.29405389,0.01901581,2.28824319,-0.02759686,0.05843070,2.54752845,-0.08785227,0.02240879,-0.65559167,2.05000441,0.28210402,1.41630580,-7.45322704,-0.53024192,0.20203023,2.22583294,-0.41566941,1.02835317,-4.76725492,-0.90284295
0.60765150,0.13350168,0.02711298,0.23832031,-0.11518890,1.12853010,0.07683207,0.76446623,-1.56944041,-0.09822638,0.64444604,-1.79016595,0.08963783,0.86383386,-1.61302102,0.02774908,0.96012418,-1.81324379,0.56219025,-0.01542790,0.03905753,0.32083602,0.26091735,0.10469564,-0.26914813,0.20113177,-0.13191069,-0.30123909,-0.20595350,0.13789017,-0.26659460,-0.20867728,-0.12832668,-0.29748326,2.50330295,0.15582747,-0.01637592,-0.01460530,0.56865953,0.82228028,2.49740037,0.43690432,0.05168789,2.69769563,0.29748164,0.01959693,2.30161408,0.01177140,0.05424142,2.54974870,-0.08470680,0.02335276,-1.07757429,1.87601554,0.71595807,1.08520801,-9.27454281,1.38043776,0.18590729,2.40927010,-0.42647550,0.82303219,-6.32053299,0.58637662
0.59078631,0.12108207,0.06162785,0.39247465,-0.10354175,1.18988759,0.05654429,0.80022568,-1.54870892,-0.07681578,0.45282051,-1.74097502,0.09292643,0.91768205,-1.62475860,0.04123415,0.82578313,-1.77461958,0.56219025,-0.01542790,0.03905753,0.32200176,0.30817211,0.11128947,-0.25853439,0.18948301,-0.13781152,-0.30125126,-0.17329926,0.14149468,-0.27296356,-0.22032974,-0.12728402,-0.29668860,2.50489725,0.16782767,-0.01372982,-0.01776368,0.57828001,0.81552938,2.50174083,0.49546379,0.06346737,2.69760026,0.30109948,0.02075049,2.31406821,0.05104730,0.04903819,2.55218805,-0.08219233,0.02531315,-0.98974043,1.77222121,1.09113693,1.07460690,-9.59095478,2.61998153,0.15747337,2.74198270,-0.61930412,0.64352942,-6.75777531,2.14463711
0.61545816,0.10224339,0.07716008,0.48844403,0.00683318,1.07830888,0.03849485,0.83073817,-1.52031577,-0.04606489,0.29711496,-1.66929982,0.09120470,0.97272394,-1.63113649,0.04221301,0.69054501,-1.71036222,0.56219025,-0.01542790,0.03905753,0.32374002,0.34542990,0.12062196,-0.24700865,0.17838242,-0.14235438,-0.30207863,-0.14128032,0.14272240,-0.28031916,-0.23254900,-0.12701067,-0.29631459,2.50668434,0.18012206,-0.00951709,-0.02065416,0.58700121,0.80926659,2.49911975,0.54592836,0.07673137,2.69733533,0.30557029,0.02166139,2.32718820,0.09006127,0.04342087,2.55532517,-0.08034832,0.02742544,-0.89495788,1.53416407,1.41834629,1.54814107,-7.68596354,3.58800006,-0.08039778,2.75777698,-0.31909272,0.04679355,-6.75337553,3.24211383
0.67450999,0.08522425,0.07225610,0.45709009,-0.06207304,0.83674128,0.02468956,0.86438025,-1.49007127,-0.01445188,0.20724192,-1.59662383,0.09453399,1.02893288,-1.63446085,0.04178018,0.56117735,-1.62730892,0.56219025,-0.01542790,0.03905753,0.32551708,0.36687054,0.12894389,-0.24177899,0.16571456,-0.14612651,-0.30271356,-0.11114330,0.14310412,-0.28808337,-0.24543492,-0.12574543,-0.29598279,2.50894884,0.19341876,-0.00590997,-0.02395380,0.59375866,0.80426484,2.49352273,0.58198349,0.08373809,2.69732532,0.30886821,0.02280352,2.33949975,0.12924222,0.03743370,2.55700764,-0.07813338,0.02953429,-0.68539212,1.67070353,1.53729331,1.53628685,-4.33189564,3.62260699,0.18853156,2.79370284,-0.13469123,-0.02500945,-6.45232878,4.19439397
0.72391450,0.09336995,0.07956015,0.32359762,-0.10451828,0.60210869,0.01334292,0.89376782,-1.45395694,0.00448343,0.15355790,-1.52709482,0.10409793,1.08006401,-1.62856858,0.03854364,0.44386944,-1.53831673,0.56219025,-0.01542790,0.03905753,0.32758617,0.37928236,0.13348831,-0.24261689,0.15232100,-0.14970590,-0.30398069,-0.08422069,0.14215541,-0.29497990,-0.25901598,-0.12316052,-0.29616585,2.51118073,0.20771876,-0.00370694,-0.02676044,0.59864808,0.80055644,2.49007477,0.60925180,0.08496928,2.69776706,0.31163739,0.02360547,2.35104384,0.16700685,0.03260627,2.55629524,-0.07551696,0.03142032,-0.55249034,1.44963372,1.81427753,0.90871629,-2.64582329,3.46736503,0.49640971,2.53926635,0.32372615,-0.18312862,-5.77690563,4.42554045
0.72353385,0.07359972,0.06509791,0.26072856,-0.26055406,0.28653838,0.00949463,0.92150093,-1.42030578,-0.00901232,0.11986902,-1.48418348,0.11533021,1.12692690,-1.61748102,0.03724959,0.35554932,-1.46720014,0.56219025,-0.01542790,0.03905753,0.32950842,0.38775578,0.12905918,-0.24434679,0.13942917,-0.15189343,-0.30477100,-0.06322006,0.14084153,-0.29940305,-0.27240374,-0.12098787,-0.29623073,2.51362547,0.22204422,-0.00290724,-0.03026106,0.60118012,0.79853509,2.49643444,0.63035206,0.08516163,2.69806413,0.31420977,0.02473742,2.36081471,0.20009013,0.03010537,2.55485004,-0.07315468,0.03327768,-0.13227266,1.38985550,1.64936531,-0.96104912,-1.52287006,1.88847528,0.56008449,2.31775184,0.57721848,-0.02397627,-4.21461697,3.40114241
0.69071412,0.09441824,0.04022993,0.12792528,-0.25633964,0.29630840,0.00559352,0.94000441,-1.38189018,0.01051517,0.10940529,-1.40286565,0.12600300,1.16644108,-1.59902275,0.03411927,0.30503753,-1.41844702,0.56219025,-0.01542790,0.03905753,0.33097774,0.38807500,0.13249382,-0.25655979,0.12766839,-0.15451682,-0.30611056,-0.05142907,0.13861323,-0.30328070,-0.28572224,-0.11930581,-0.29625911,2.51561035,0.23588112,-0.00321524,-0.03326111,0.60339478,0.79674218,2.49279322,0.64531511,0.07441795,2.69885410,0.31709930,0.02486718,2.36826004,0.22377892,0.02769704,2.55335845,-0.07143982,0.03471863,-0.22565454,0.83127731,1.98502052,1.44973791,-0.37172195,4.57850170,0.52880913,1.91491830,0.98520035,-0.19524156,-2.24820065,2.29136443
0.68844984,0.10365610,0.01746216,0.10743493,-0.33247067,0.21015925,0.00557333,0.96261865,-1.34729304,0.06738088,0.13214352,-1.32627900,0.13243956,1.20559936,-1.58181300,0.03141175,0.30833642,-1.40074975,0.56219025,-0.01542790,0.03905753,0.33196115,0.37818599,0.14661242,-0.27056987,0.11491874,-0.15641621,-0.30637110,-0.05267195,0.13593948,-0.30843249,-0.29888362,-0.11939736,-0.29486005,2.51725277,0.24970649,-0.00431256,-0.03660676,0.60501114,0.79536336,2.47635926,0.65325024,0.06139128,2.69857463,0.31895049,0.02559005,2.37220587,0.23503433,0.02352866,2.55297283,-0.07015477,0.03710110,-0.00739814,1.12341775,1.72544563,2.76425197,1.16391165,3.79205699,0.31139586,1.95058811,0.85952705,-0.15444998,0.22997259,0.82485858
0.64723643,0.09166774,-0.01470528,0.10571189,-0.13623739,0.24287333,0.00070873,0.98145431,-1.31456928,0.07795980,0.17310998,-1.27324884,0.13074054,1.24147973,-1.56601567,0.01781290,0.35490211,-1.42607749,0.56219025,-0.01542790,0.03905753,0.33235384,0.36297804,0.14933140,-0.28657928,0.10322002,-0.15871914,-0.30636143,-0.06315288,0.13105637,-0.31142175,-0.31119056,-0.12080293,-0.29258980,2.51885122,0.26270650,-0.00432827,-0.03843958,0.60687825,0.79385292,2.46937198,0.65207102,0.04577456,2.69900025,0.32095138,0.02599240,2.37585873,0.23592584,0.02093209,2.55429834,-0.06922183,0.03976403,-0.25973097,0.94046825,1.63950908,0.46124408,2.09560440,2.60232053,-0.11414551,1.79786670,0.78054279,-0.69348673,2.43581188,-1.39661394
0.66470570,0.06783939,-0.08104365,0.00500562,0.10086332,0.34620167,-0.00834710,1.00449846,-1.28951588,0.07558631,0.22765641,-1.23515618,0.12242845,1.27704618,-1.55411546,0.00415103,0.40873234,-1.46427286,0.56219025,-0.01542790,0.03905753,0.33152966,0.34273557,0.14950286,-0.30246524,0.09074976,-0.16094854,-0.30530964,-0.07539779,0.12749172,-0.31170157,-0.32336765,-0.12291723,-0.28868690,2.52097296,0.27586837,-0.00346465,-0.03795206,0.60950222,0.79186784,2.46363091,0.64536893,0.02906442,2.69971923,0.32266284,0.02622002,2.37848915,0.23540445,0.01982810,2.55753473,-0.06813529,0.04284277,-0.46170176,1.19692173,1.16932431,-0.11279475,2.76855826,1.85363238,-0.42334598,1.76748693,0.57468649,-0.65663482,2.54910195,-1.77798970
0.70678705,0.05243485,-0.09746034,-0.33958530,0.20879762,0.48051306,-0.01658122,1.03059022,-1.28129401,0.05304457,0.29883592,-1.29536235,0.11482959,1.30396235,-1.54779809,-0.00162880,0.44780655,-1.48744299,0.56219025,-0.01542790,0.03905753,0.33020802,0.32494935,0.14311459,-0.30551569,0.07856455,-0.16257418,-0.30309107,-0.08678167,0.12650770,-0.31127789,-0.33392861,-0.12456322,-0.28297357,2.52351116,0.28981541,-0.00440527,-0.03454972,0.61330980,0.78907414,2.46459164,0.63996160,0.02469233,2.70040177,0.32604334,0.02711694,2.37956404,0.23676372,0.01893012,2.56224217,-0.06447856,0.04723445,-0.39457857,1.29034984,0.32612369,-1.33464912,3.68406920,-3.94229615,-0.36506927,1.27014101,0.28036450,-0.23663001,1.94855964,-1.14003322
0.74587509,0.06085689,-0.08972281,-0.64935712,0.41494729,0.62655023,-0.03019537,1.05494750,-1.27901876,0.03902683,0.33532763,-1.33884418,0.10950519,1.32291353,-1.55707633,-0.00227866,0.48732629,-1.50782466,0.56219025,-0.01542790,0.03905753,0.32889876,0.31404623,0.14009823,-0.30728051,0.06615009,-0.16514715,-0.30045085,-0.10066125,0.12771814,-0.30961572,-0.34091334,-0.12500383,-0.27525643,2.52594794,0.30452114,-0.00664960,-0.02782685,0.61828691,0.78543157,2.46324052,0.64263403,0.02161825,2.70199026,0.33018276,0.02844791,2.37821807,0.23654692,0.01928304,2.56769218,-0.05617996,0.05364233,-0.74307168,1.20763767,0.09678125,-0.51186562,1.41516018,-1.54085386,-0.25091216,0.90574259,-0.60211653,-0.00737395,1.98301780,-1.00043535
0.79178012,0.04656415,-0.11041242,-0.46504600,0.55207046,0.68965132,-0.05104896,1.07930119,-1.27982948,0.01364913,0.39581344,-1.40521884,0.09843337,1.33702061,-1.60089750,-0.00977807,0.52976644,-1.52977080,0.56219025,-0.01542790,0.03905753,0.32703343,0.29902876,0.13492841,-0.30656464,0.05517111,-0.16857805,-0.29681778,-0.11446934,0.12809038,-0.30744173,-0.33875843,-0.12593304,-0.26688575,2.52861623,0.32019528,-0.00670501,-0.02066055,0.62384366,0.78124726,2.46305923,0.64163914,0.02046880,2.70521621,0.33677405,0.03021565,2.37840833,0.23684084,0.01959170,2.57662577,-0.03801066,0.06014768,-1.03463846,1.21657121,-0.07116508,-1.28229952,3.01921549,-3.31204581,-0.56559345,0.66425510,-2.19195700,-0.37963468,2.12274947,-1.09834099
0.80305184,0.01869932,-0.09464483,-0.48383810,0.52435412,0.58044005,-0.06329435,1.09935167,-1.31095235,-0.01336200,0.45254310,-1.46474957,0.08299392,1.32218659,-1.64776096,-0.01777741,0.57093956,-1.54959836,0.56219025,-0.01542790,0.03905753,0.32531907,0.28470721,0.12931895,-0.30587220,0.05198295,-0.16936144,-0.29307405,-0.12801962,0.12823841,-0.30500069,-0.32853956,-0.12783509,-0.26176929,2.53164786,0.33599499,-0.00699723,-0.01357132,0.62860823,0.77757221,2.46479825,0.64146628,0.01944686,2.70813903,0.35137006,0.03224502,2.37945012,0.23765903,0.02031838,2.58787016,-0.01202671,0.06354978,-0.56639220,0.96505871,-1.70611941,-1.29981775,2.82429552,-2.94153190,-0.75563742,-0.82561677,-2.36910286,-0.38164399,2.04227467,-0.96502302
0.79492453,-0.00528153,-0.06192942,-0.45606039,0.37388155,0.37420343,-0.06202485,1.09668126,-1.39972088,-0.02618407,0.50701213,-1.51114192,0.07571856,1.28641715,-1.70609100,-0.02054579,0.61198756,-1.56346581,0.56219025,-0.01542790,0.03905753,0.32403949,0.27017135,0.12730872,-0.30537569,0.06781338,-0.16690333,-0.29002558,-0.14185931,0.12913192,-0.30299218,-0.31070969,-0.12825524,-0.25830061,2.53497252,0.35157392,-0.00815246,-0.00762400,0.63167534,0.77515268,2.46482028,0.64188192,0.01866381,2.71212873,0.38430085,0.03401392,2.37986354,0.23870089,0.02104731,2.59786886,0.02137101,0.06573889,0.10686905,-0.28579901,-4.71493111,-0.60069019,2.72522001,-2.25824251,-0.31479682,-1.82999456,-2.97930741,-0.12275598,2.08391113,-0.68648094
0.78618359,-0.02407091,-0.05086073,-0.23970819,0.25277746,0.16988019,-0.04648073,1.06541095,-1.50587666,-0.03189324,0.56439435,-1.54384770,0.07386020,1.24125862,-1.76193488,-0.02070127,0.65999573,-1.57847965,0.56219025,-0.01542790,0.03905753,0.32298020,0.25486125,0.12691650,-0.30512788,0.09639305,-0.16089388,-0.28840788,-0.15615219,0.13034688,-0.30112083,-0.29023075,-0.12772838,-0.25630054,2.53854097,0.36690027,-0.00854475,-0.00391898,0.63324107,0.77389752,2.46459493,0.64184396,0.01785232,2.71533422,0.42953101,0.03457232,2.37985877,0.23964550,0.02185937,2.60628027,0.05712646,0.06667966,0.87655859,-1.69723595,-5.20515585,-0.25474306,2.89647436,-1.55979815,-0.08771887,-2.31029441,-2.70452619,0.00269200,2.43849902,-0.76904720
0.75857490,-0.04465983,-0.00761730,-0.08253339,0.17280880,-0.12127901,-0.03579582,1.02182579,-1.60127401,-0.03105401,0.61815274,-1.56139636,0.06155586,1.16769230,-1.79106724,-0.01828602,0.70511049,-1.58838606,0.56219025,-0.01542790,0.03905753,0.32258338,0.24009923,0.12814561,-0.30523258,0.12620393,-0.15656302,-0.28440961,-0.16908627,0.13204621,-0.29983638,-0.26692047,-0.12995329,-0.25797182,2.54240312,0.38168591,-0.00817329,-0.00184608,0.63264389,0.77439751,2.46473922,0.64252543,0.01735079,2.72099866,0.47411451,0.03817376,2.37927546,0.24234556,0.02274700,2.61648692,0.09420377,0.06461155,0.43597674,-2.23554611,-4.71359921,0.09208760,2.63799882,-0.76360697,-0.72227639,-3.93620944,-1.23333681,0.14123708,2.20775843,-0.43506858
0.72937164,-0.06493413,0.03821972,-0.00855536,0.15046663,-0.44506662,-0.01827710,0.95640154,-1.70477843,-0.02624338,0.66817522,-1.56367605,0.05090456,1.05471835,-1.78684027,-0.01673102,0.74711677,-1.58959484,0.56219025,-0.01542790,0.03905753,0.32325246,0.22515634,0.13041384,-0.30619673,0.16185873,-0.15050356,-0.27626010,-0.18166341,0.13336512,-0.29971329,-0.23843427,-0.13176780,-0.26435264,2.54669060,0.39571039,-0.00733247,-0.00061062,0.62926783,0.77715369,2.46597432,0.64307253,0.01705573,2.72757563,0.52271502,0.04699235,2.37844862,0.24576878,0.02353916,2.62596873,0.13507917,0.05889981,0.87059803,-3.35929346,-5.10895400,0.24439425,2.49126987,-0.10784625,-0.54454597,-5.63720608,0.22844123,0.06918747,2.11216588,-0.06387090
0.69200465,-0.08083004,0.02394680,0.05386797,0.27595332,-0.74128989,-0.00261403,0.83154516,-1.76441340,-0.02000818,0.71077735,-1.56027644,0.03664196,0.94141026,-1.76726205,-0.02038842,0.79412557,-1.59269395,0.56219025,-0.01542790,0.03905753,0.32363359,0.21178193,0.13394184,-0.30659453,0.20460854,-0.14466645,-0.27019285,-0.19527592,0.13393681,-0.29900196,-0.21119112,-0.13396625,-0.27015638,2.55132021,0.40891944,-0.00525667,0.00123499,0.62362729,0.78170317,2.46778058,0.64516747,0.01703906,2.73783125,0.57627137,0.05344074,2.37734417,0.24828291,0.02463163,2.63501491,0.17324202,0.05347721,0.79128716,-6.39673414,-2.87438660,0.30669203,2.10517354,0.19608305,-0.68933929,-5.72620106,1.04695979,-0.19218189,2.34120498,-0.15669964
0.67356579,-0.10776211,0.02617250,0.14281793,0.23444770,-1.03406755,0.01628660,0.66771505,-1.78135667,-0.00948388,0.74707648,-1.54674516,0.03199901,0.81652471,-1.72825851,-0.02620371,0.83829973,-1.59490316,0.56219025,-0.01542790,0.03905753,0.32404197,0.19925978,0.13879634,-0.30712648,0.25069031,-0.13824700,-0.26373029,-0.20763964,0.13386603,-0.29839568,-0.18205843,-0.13354633,-0.27750919,2.55658092,0.42146636,-0.00262028,0.00239612,0.61572550,0.78795273,2.47007455,0.64837060,0.01691549,2.75133356,0.63129789,0.06031168,2.37648715,0.25234933,0.02564629,2.64215159,0.21252246,0.04653278,0.96114001,-8.27341156,-0.63496967,0.57924215,1.80179203,0.72567554,-0.18353211,-6.23845806,2.00833220,-0.29371979,2.19883132,-0.09807300
0.68577898,-0.11370398,0.06598259,0.31033643,0.03493126,-1.09059086,0.03232930,0.50508437,-1.74846377,0.00464853,0.78148786,-1.52009444,0.03703362,0.69914640,-1.67957315,-0.02980998,0.88369074,-1.59424036,0.56219025,-0.01542790,0.03905753,0.32520688,0.18623554,0.14390618,-0.30832377,0.29158777,-0.13345028,-0.25821348,-0.21964341,0.13357072,-0.29868259,-0.15394351,-0.13116521,-0.28470123,2.56236705,0.43409373,0.00004243,0.00111003,0.60704170,0.79466920,2.47250661,0.65162020,0.01688311,2.76780657,0.68031925,0.06699340,2.37573260,0.25731152,0.02652430,2.64842781,0.25107334,0.04050565,0.75744703,-8.03763313,1.93081264,0.68967443,1.71485555,1.41461838,0.29989063,-5.79966145,2.47293072,-0.15526797,2.29159551,0.04947280
0.68350002,-0.09280822,0.06148498,0.36445574,0.14016825,-0.91765149,0.03805164,0.37271819,-1.68621266,0.01514349,0.81376463,-1.48764014,0.04271474,0.58829927,-1.62297082,-0.03772570,0.93664038,-1.59542692,0.56219025,-0.01542790,0.03905753,0.32652274,0.17291616,0.14847557,-0.30961642,0.32300138,-0.13087753,-0.25528765,-0.23322818,0.13249619,-0.29835463,-0.12715180,-0.12806595,-0.29112460,2.56803049,0.44669294,0.00363231,-0.00015099,0.59950736,0.80036099,2.47416677,0.65438163,0.01690632,2.78445067,0.71986163,0.07123509,2.37529983,0.26013058,0.02816811,2.65517630,0.28866106,0.03539814,0.20525715,-6.36261415,3.26305366,0.49684662,1.59534919,1.63970935,0.26644146,-5.51167107,2.88995481,-0.45140302,2.71204567,-0.08598804
0.66234751,-0.07077269,0.07574602,0.36131213,0.25813832,-0.61879780,0.03614357,0.27813683,-1.61171658,0.01769277,0.83999025,-1.44994235,0.05004796,0.49008635,-1.56368027,-0.05227766,0.98449268,-1.58888552,0.56219025,-0.01542790,0.03905753,0.32818430,0.15991918,0.15159820,-0.31149514,0.34455486,-0.12944873,-0.25632057,-0.24680314,0.13034725,-0.29852489,-0.10345616,-0.12366736,-0.29650415,2.57326306,0.45889198,0.00809320,-0.00025110,0.59447998,0.80406964,2.47521609,0.65623165,0.01668916,2.79804668,0.75034927,0.07186373,2.37628140,0.26115372,0.02965941,2.66116180,0.32372317,0.03168015,-0.08560604,-4.67096925,3.69905782,0.12605517,1.31787074,1.87660778,0.37781513,-4.86349168,2.92837410,-0.72242547,2.39733028,0.32151887
0.68420480,-0.07269912,0.03965418,0.29572521,0.23237993,-0.43871129,0.03524669,0.21750613,-1.54451010,0.01831732,0.86594545,-1.41543999,0.06482989,0.42407724,-1.52594948,-0.06520381,1.03121195,-1.58159826,0.56219025,-0.01542790,0.03905753,0.32913141,0.14693439,0.15381172,-0.31286096,0.35794528,-0.12784931,-0.25983273,-0.26044005,0.12842066,-0.29797667,-0.08667472,-0.11740306,-0.29946158,2.57881612,0.47154303,0.01188555,-0.00029748,0.59087313,0.80667688,2.47651528,0.65804316,0.01627045,2.80872220,0.77422019,0.06929868,2.37778944,0.26199790,0.03115474,2.66459016,0.35348034,0.02966982,-0.08371885,-2.98251958,3.41615701,0.01902323,1.26210513,1.73457229,0.75781190,-3.21418929,1.85170836,-0.65591160,2.30105548,0.39957615
0.67562369,-0.06492645,0.03030744,0.23138471,0.28017081,-0.29144434,0.00628413,0.17119989,-1.44299521,0.01646431,0.88730541,-1.37914562,0.08671167,0.39277447,-1.50669336,-0.07982566,1.07226434,-1.56753139,0.56219025,-0.01542790,0.03905753,0.32998775,0.13421476,0.15546582,-0.31446175,0.36522947,-0.13336481,-0.27041112,-0.27419292,0.12618891,-0.29748553,-0.07860408,-0.10879091,-0.30216695,2.58419985,0.48391922,0.01539015,0.00061497,0.58835605,0.80845527,2.47757801,0.65946126,0.01552599,2.82348136,0.79038798,0.05957663,2.37975968,0.26186153,0.03250222,2.66352400,0.37565223,0.02782080,-1.65103506,-2.27009797,5.30716143,-0.09301699,1.09335556,1.81372964,1.12765634,-1.39060692,0.84772103,-0.72884154,2.06576581,0.70071310
0.68791090,-0.07187583,0.01594531,0.25959613,0.37265844,-0.19557872,-0.04361554,0.16302319,-1.34584866,0.01219642,0.91049806,-1.34089389,0.11068779,0.39523606,-1.50152369,-0.09407410,1.11211786,-1.55156078,0.56219025,-0.01542790,0.03905753,0.33053884,0.12030328,0.15683835,-0.31552323,0.36160793,-0.14484275,-0.28422835,-0.28794923,0.12456651,-0.29643731,-0.07892932,-0.09887189,-0.30589958,2.58983215,0.49654790,0.01956625,0.00193858,0.58666797,0.80958884,2.47830509,0.65974367,0.01501561,2.84017057,0.79499453,0.04631049,2.38171891,0.26177044,0.03410152,2.65917658,0.39073278,0.02463926,-2.50144753,-0.07275312,4.58222713,-0.23717696,1.15260170,1.93314874,1.18618212,0.28619136,0.23270414,-0.71093867,1.96754112,0.82019800
0.69521035,-0.09830196,0.00400791,0.12741050,0.39619866,-0.20058270,-0.05959236,0.18215869,-1.29567599,0.00930733,0.93209022,-1.30632365,0.12388352,0.42234454,-1.50146282,-0.10313690,1.14553702,-1.53599370,0.56219025,-0.01542790,0.03905753,0.33085811,0.10664666,0.15865384,-0.31580357,0.35198948,-0.14714909,-0.29676645,-0.30048249,0.12450468,-0.29426099,-0.08669586,-0.09182607,-0.31036980,2.59599508,0.50912139,0.02310973,0.00423173,0.58498013,0.81070727,2.47911133,0.66039181,0.01505454,2.84671916,0.79667467,0.03409167,2.38301481,0.26329513,0.03659712,2.65576400,0.39787447,0.02048831,-0.45638031,1.06185615,2.17644453,-0.11877542,1.06711864,1.68141592,0.55829418,1.52033675,-0.03515482,-0.40202510,1.61918151,0.76348537
0.72814749,-0.11990850,-0.04918350,0.07139640,0.41456844,-0.35119534,-0.05490709,0.23879253,-1.29319403,0.01036637,0.95274341,-1.27384551,0.11323413,0.47098914,-1.52008989,-0.11053772,1.17898977,-1.52675767,0.56219025,-0.01542790,0.03905753,0.33008016,0.09300076,0.16167296,-0.31498656,0.33415340,-0.14322572,-0.30771289,-0.31222054,0.12497233,-0.29035538,-0.09950440,-0.09231722,-0.31184954,2.60291223,0.52213991,0.02615627,0.00709995,0.58206361,0.81269145,2.47984966,0.66229302,0.01509360,2.84621004,0.79228482,0.02236727,2.38396367,0.26687284,0.03972478,2.65822496,0.39818792,0.01823062,0.30351285,2.88118162,-0.07109489,0.05801115,1.04335492,1.60865009,-0.53378356,2.42823472,-0.93660016,-0.37119025,1.68307531,0.43275971
0.76013077,-0.10379388,-0.11901928,0.02666382,0.34258305,-0.51328395,-0.02192463,0.31068071,-1.37530386,0.01417739,0.98018658,-1.25175812,0.10091554,0.52065171,-1.54667351,-0.12023625,1.22323902,-1.54190679,0.56219025,-0.01542790,0.03905753,0.32787741,0.07899518,0.16488857,-0.31209902,0.31990943,-0.13096268,-0.30643730,-0.32206683,0.12453741,-0.28313774,-0.11184799,-0.09413740,-0.31111071,2.60981731,0.53587467,0.02842269,0.00961499,0.57788363,0.81556742,2.48050293,0.66512741,0.01577838,2.83955206,0.79416754,0.02144011,2.38542728,0.27341378,0.04473967,2.66148671,0.39911907,0.01676670,1.58584850,3.49950294,-3.97544394,0.19277543,1.38658035,1.07674589,-0.62605009,2.51328511,-1.38251348,-0.50215822,2.26823742,-0.85609956
0.76333362,-0.08480235,-0.11074991,-0.14591760,0.24331615,-0.68216876,-0.00854876,0.36359130,-1.42394898,0.02106802,1.01141758,-1.24232376,0.08999918,0.57447960,-1.57945125,-0.12743441,1.26960719,-1.57694767,0.56219025,-0.01542790,0.03905753,0.32569693,0.06571410,0.16802728,-0.30766300,0.30760131,-0.12570171,-0.30651760,-0.32874212,0.12417450,-0.27342848,-0.12524818,-0.09656718,-0.30854136,2.61654729,0.54968485,0.02900273,0.01217446,0.57231166,0.81943272,2.48146352,0.66928369,0.01803393,2.84056286,0.79511611,0.01917933,2.38667912,0.28388171,0.05226845,2.66403073,0.39882846,0.01715557,0.59927596,2.64556484,-2.35770311,0.37087919,1.57058418,0.40043447,-0.51155435,2.67273378,-1.59416330,-0.30044084,2.22804720,-1.75367391
0.76846119,-0.05674249,-0.05041496,-0.34832648,0.04040648,-0.75602228,0.01085778,0.42161640,-1.47635176,0.02991669,1.04023323,-1.25650194,0.08550244,0.62382269,-1.60072634,-0.11986710,1.28921835,-1.60380471,0.56219025,-0.01542790,0.03905753,0.32457824,0.05738979,0.17001271,-0.30273530,0.29353559,-0.12034223,-0.30632200,-0.33035135,0.12618410,-0.26631078,-0.13928040,-0.09841833,-0.30654334,2.62310180,0.56363674,0.02674227,0.01439620,0.56607274,0.82379564,2.48499068,0.67819341,0.02184294,2.84073090,0.79446778,0.01825624,2.38681320,0.30053574,0.05826746,2.66500787,0.39832165,0.01803490,1.10015095,2.95236444,-2.73226814,0.43566589,1.40759456,-0.87375069,-0.19490476,2.44096661,-0.99345152,0.46655343,0.80334947,-1.25938365
0.75539998,-0.02286539,-0.04458512,-0.40811869,-0.14854361,-0.83509908,0.03594210,0.47925571,-1.52544856,0.03916585,1.05788684,-1.29776800,0.08456863,0.66934097,-1.61555946,-0.10257145,1.28638935,-1.63715303,0.56219025,-0.01542790,0.03905753,0.32368886,0.05841102,0.17083543,-0.29848173,0.27953403,-0.11463371,-0.30571716,-0.32465675,0.12950837,-0.26146269,-0.15277614,-0.10038793,-0.30461404,2.62920202,0.57751805,0.02285200,0.01543210,0.55924260,0.82854532,2.49261250,0.69558537,0.02520713,2.84006681,0.79388857,0.01797171,2.38766541,0.32486317,0.06222618,2.66516270,0.39828324,0.01907483,1.24608183,2.85255241,-2.36571527,0.46984655,0.78765386,-2.25176096,-0.02602681,2.25075960,-0.71238750,0.91797167,-0.27724743,-1.77406299
0.76889783,-0.01508624,-0.05376404,-0.33541929,-0.17777927,-0.91972818,0.05993288,0.53919373,-1.56837077,0.02725326,1.06500041,-1.38432562,0.08429148,0.71581529,-1.63045340,-0.08610681,1.27037106,-1.68663285,0.56219025,-0.01542790,0.03905753,0.32252233,0.07242708,0.16500789,-0.29519383,0.26506103,-0.10943487,-0.30481971,-0.31202171,0.13237470,-0.25728086,-0.16590315,-0.10233505,-0.30224293,2.63544482,0.59155741,0.01921350,0.01568864,0.55155054,0.83377258,2.51190585,0.72274966,0.02732850,2.83982762,0.79270663,0.01770262,2.39158320,0.35615963,0.06524147,2.66474470,0.39884561,0.02027940,1.19465590,3.00292382,-2.12592742,-0.59635235,0.33571670,-4.33553267,-0.01257688,2.32968926,-0.74443525,0.83663523,-0.80955787,-2.47768998
0.76992502,0.00953437,-0.04097018,-0.17322767,-0.27797582,-0.80752267,0.07917115,0.60092852,-1.59835887,0.01673369,1.05876777,-1.47553017,0.08350228,0.76544708,-1.64358521,-0.06170940,1.24264259,-1.73327553,0.56219025,-0.01542790,0.03905753,0.32158017,0.09208528,0.15952573,-0.29130190,0.25008625,-0.10578695,-0.30413015,-0.29622176,0.13703885,-0.25438386,-0.17888098,-0.10468790,-0.30018936,2.64151267,0.60574422,0.01628529,0.01420058,0.54478263,0.83829888,2.53311757,0.75466924,0.03027827,2.83972920,0.79133575,0.01745002,2.39600395,0.39068040,0.06719631,2.66455216,0.39976572,0.02139081,0.93880267,3.07459235,-1.47097909,-0.50843372,-0.34528395,-4.56843977,-0.05098539,2.48329759,-0.64027686,1.23218181,-1.46030903,-2.28526621
0.74244042,0.04388121,0.00391851,0.01420525,-0.36256484,-0.59482389,0.09186103,0.65921718,-1.61343160,0.00185739,1.03805726,-1.57458329,0.07927285,0.81525753,-1.65040975,-0.03463705,1.18978055,-1.76235147,0.56219025,-0.01542790,0.03905753,0.32153810,0.11768528,0.15303924,-0.28574280,0.23571623,-0.10385454,-0.30377604,-0.27655406,0.14241363,-0.25529635,-0.19151147,-0.10793939,-0.29910262,2.64698752,0.61961088,0.01446198,0.01122875,0.53959463,0.84172585,2.55704388,0.79043528,0.03579529,2.83975524,0.79045734,0.01776206,2.40213398,0.42775017,0.06624174,2.66513151,0.40052562,0.02243548,0.61523174,2.90426564,-0.66133397,-0.82247137,-1.11300077,-5.01471615,-0.22282272,2.48889160,-0.31078146,1.35574439,-2.74666629,-1.37186475
0.70267164,0.06672460,0.04180953,0.19356510,-0.49159235,-0.30077002,0.09789779,0.71118523,-1.60991759,-0.02502614,0.97830894,-1.65820503,0.07399947,0.86488118,-1.65229249,-0.00429040,1.11162508,-1.77072248,0.56219025,-0.01542790,0.03905753,0.32239279,0.15163105,0.14316714,-0.28192346,0.22224712,-0.10393737,-0.30416193,-0.25283441,0.14849526,-0.25983275,-0.20339501,-0.11174200,-0.29893419,2.65181006,0.63298397,0.01339133,0.00617050,0.53688627,0.84352577,2.58631672,0.83097242,0.04046933,2.84007663,0.79031312,0.01823086,2.41022562,0.46681226,0.06256004,2.66691593,0.40140759,0.02345861,0.25456889,2.54536319,0.26926516,-1.38559220,-3.30031850,-3.96471233,-0.26275724,2.48094511,-0.07516479,1.54794819,-4.05714364,-0.29343366
0.63544022,0.07352809,0.05631516,0.20096259,-0.53037225,-0.18469088,0.10266458,0.75326341,-1.59603786,-0.05609828,0.86903924,-1.70472324,0.07041573,0.91467023,-1.65323198,0.02488163,1.01065528,-1.75682843,0.56219025,-0.01542790,0.03905753,0.32365999,0.19213949,0.13221389,-0.28019081,0.21042534,-0.10448118,-0.30510423,-0.22603759,0.15436634,-0.26662965,-0.21516669,-0.11522413,-0.29861894,2.65601529,0.64525527,0.01229861,0.00060813,0.53530200,0.84457098,2.61848749,0.87545031,0.04346918,2.84033360,0.79093266,0.01855576,2.41992129,0.50675768,0.05703034,2.66834845,0.40149063,0.02504104,0.24927466,2.03153014,0.75086111,-1.57478535,-5.80224705,-2.06306219,-0.16274659,2.49122477,-0.04702806,1.43154764,-5.20194721,0.85479492
0.57586060,0.08543868,0.05175549,0.20582155,-0.58685653,-0.03981778,0.10419914,0.79104302,-1.58314676,-0.08923479,0.72148050,-1.71502712,0.06902980,0.95821381,-1.64727814,0.05296003,0.89342833,-1.72259843,0.56219025,-0.01542790,0.03905753,0.32493792,0.23698916,0.12060668,-0.27677021,0.19993298,-0.10649058,-0.30491059,-0.19656721,0.15994519,-0.27391262,-0.22606332,-0.11831185,-0.29902246,2.65941352,0.65637809,0.01085888,-0.00544168,0.53499069,0.84477064,2.65172648,0.92218016,0.04816770,2.84116944,0.79157507,0.02002733,2.43077563,0.54708102,0.05102529,2.66969804,0.40143389,0.02591545,0.07234811,1.88074839,0.66555116,-1.67176576,-7.40156460,-0.46753546,-0.07502710,2.19041986,0.29071996,1.38512397,-5.86631966,1.73491416
0.56320108,0.09657772,0.07108768,0.30407013,-0.56002637,0.03310476,0.10365844,0.82217197,-1.55819626,-0.12713667,0.56355609,-1.69300163,0.06558126,1.00698161,-1.64387076,0.07087924,0.77245679,-1.67128055,0.56219025,-0.01542790,0.03905753,0.32671002,0.28078088,0.10833912,-0.27127248,0.18993109,-0.10861459,-0.30584762,-0.16652382,0.16332256,-0.28189236,-0.23757955,-0.12167042,-0.29882096,2.66244773,0.66733149,0.01042343,-0.01180947,0.53534526,0.84448644,2.68428854,0.96749519,0.05543754,2.84172696,0.79275041,0.02086240,2.44368075,0.58642752,0.04481767,2.67109908,0.40054902,0.02788906,-0.02588832,1.53109992,1.26313865,-1.86804590,-7.88173580,1.18627588,-0.16439902,2.42442703,0.17976379,0.88834772,-6.06116104,2.61969972
0.57846976,0.07836565,0.06928948,0.31911876,-0.55018674,-0.13821557,0.10486131,0.84908447,-1.53057694,-0.15315286,0.42306579,-1.64696970,0.06390478,1.05314493,-1.63632510,0.08609610,0.65060282,-1.60214694,0.56219025,-0.01542790,0.03905753,0.32857122,0.31755338,0.09961116,-0.26500327,0.18056015,-0.11014182,-0.30695151,-0.13690108,0.16617726,-0.28985729,-0.24900509,-0.12436652,-0.29898425,2.66589741,0.67839392,0.01013630,-0.01814761,0.53436546,0.84499791,2.71200913,1.00799404,0.06356795,2.84280027,0.79431875,0.02161971,2.45708036,0.62593224,0.03871394,2.67153281,0.40011563,0.02958698,0.07528541,1.35415566,1.37642658,-1.23604876,-6.87914238,2.37165766,-0.08215954,2.31004691,0.39987658,0.74904466,-6.07635307,3.52722621
0.60617592,0.05478687,0.06326746,0.33117515,-0.53170078,-0.40131041,0.10781781,0.87699158,-1.50105844,-0.16129093,0.32336192,-1.58650441,0.06355247,1.09729862,-1.62318385,0.09586463,0.54063911,-1.52759068,0.56219025,-0.01542790,0.03905753,0.33045222,0.34282607,0.09543161,-0.26160976,0.17036400,-0.11105870,-0.30806666,-0.10992334,0.16761076,-0.29703287,-0.26079471,-0.12652662,-0.29966723,2.67005819,0.68967668,0.00999887,-0.02447397,0.53120516,0.84683063,2.73327140,1.03987805,0.06884246,2.84417118,0.79476042,0.02238555,2.47131871,0.66361663,0.03341934,2.67052983,0.39981008,0.03078499,0.15021934,1.39677060,1.49945629,-0.29288290,-4.72270164,3.09753633,-0.00603792,2.18570704,0.69042487,0.44574153,-5.39562721,3.71149325
0.59720289,0.03446316,0.08208973,0.14377759,-0.39203817,-0.76539961,0.11227201,0.89890832,-1.47309589,-0.13789250,0.25140914,-1.49178982,0.05941926,1.13215363,-1.60035050,0.10330889,0.44229138,-1.44840086,0.56219025,-0.01542790,0.03905753,0.33271024,0.35821565,0.09894025,-0.26681557,0.16088876,-0.11129386,-0.30960079,-0.08693770,0.16865691,-0.30321206,-0.27290561,-0.12943973,-0.30039249,2.67466439,0.70065463,0.00910120,-0.02898326,0.52515527,0.85046404,2.74649324,1.06527531,0.06589466,2.84619249,0.79472709,0.02310945,2.48493256,0.69838578,0.02949817,2.66828837,0.39867538,0.03231774,0.23648991,1.03522539,1.37080181,1.42827618,-3.45137334,5.04108620,-0.25025859,1.66075218,1.22190702,0.37031245,-4.85250568,4.01398659
0.61223403,0.04847547,0.05635246,-0.01276785,-0.39087420,-0.95847885,0.12157514,0.92425625,-1.45181711,-0.12368358,0.20675917,-1.42552352,0.05147723,1.15964537,-1.57362065,0.11101236,0.37348471,-1.38691497,0.56219025,-0.01542790,0.03905753,0.33458382,0.36719540,0.10003842,-0.27147220,0.15022834,-0.11045617,-0.31050965,-0.07135429,0.16921556,-0.30730631,-0.28486020,-0.13367569,-0.30007513,2.67943310,0.71189071,0.00668170,-0.03233541,0.51705897,0.85531269,2.76123962,1.08357315,0.06311162,2.84699501,0.79369613,0.02407417,2.49642948,0.72722094,0.02727752,2.66563419,0.39752768,0.03450869,0.47047704,1.25946083,1.06178141,0.71359503,-2.19237943,3.31236625,-0.40198573,1.35944499,1.34774339,0.39002553,-3.38932681,3.06281924
0.58975260,0.07116450,0.02913784,-0.05662806,-0.38998079,-1.10855760,0.13258792,0.94500887,-1.42882388,-0.09468265,0.19315521,-1.35841303,0.03914722,1.17871757,-1.54160037,0.11966380,0.34396231,-1.34062829,0.56219025,-0.01542790,0.03905753,0.33594837,0.36716954,0.10507844,-0.28069074,0.14034904,-0.10918969,-0.31161995,-0.06622992,0.17005953,-0.31264609,-0.29581233,-0.13922125,-0.29983852,2.68386272,0.72286130,0.00380559,-0.03544885,0.50762414,0.86084065,2.76925658,1.09510159,0.05525762,2.84727129,0.79298891,0.02432842,2.50296997,0.74703684,0.02330228,2.66283793,0.39660151,0.03610985,0.54113305,1.03135726,1.17759557,1.58222001,-0.57033328,3.36870837,-0.63595899,0.94512314,1.59766233,0.41779268,-1.33831029,2.21971588
0.56195226,0.09661434,-0.02496663,-0.04504210,-0.37653434,-1.18370806,0.14213390,0.96869586,-1.40867963,-0.05009610,0.21465643,-1.30207655,0.02107728,1.19900458,-1.51718562,0.12266029,0.36797194,-1.34088914,0.56219025,-0.01542790,0.03905753,0.33623796,0.35720266,0.11515186,-0.29228128,0.13002897,-0.10836144,-0.31184489,-0.07265862,0.16906229,-0.31655351,-0.30572772,-0.14621699,-0.29786506,2.68790778,0.73359400,0.00108663,-0.03850788,0.49747756,0.86662105,2.76815208,1.10021989,0.04395667,2.84698276,0.79142901,0.02439307,2.50524806,0.75588208,0.01968444,2.66041206,0.39581770,0.03837289,0.48164299,1.22624006,0.92285434,2.12083640,1.20638336,2.68271532,-0.92197864,1.04347219,1.15138570,0.12283337,1.46018300,-0.28928230
0.52919952,0.10026075,-0.08763026,-0.03553357,-0.22918954,-1.17673759,0.14645898,0.99514697,-1.40170560,-0.02289612,0.25812363,-1.26211245,-0.00099999,1.22308600,-1.50903480,0.11959321,0.42692132,-1.38350947,0.56219025,-0.01542790,0.03905753,0.33529745,0.34073837,0.12130009,-0.30458939,0.12089751,-0.10869306,-0.31028441,-0.08561906,0.16647075,-0.31681384,-0.31387865,-0.15353981,-0.29332117,2.69184007,0.74377466,-0.00095918,-0.04052359,0.48721734,0.87233949,2.76675333,1.09761693,0.03070806,2.84772452,0.78993119,0.02501305,2.50517663,0.75791312,0.01848361,2.65845503,0.39595327,0.04197628,0.15970068,1.30830562,0.30135725,1.29462438,2.26169741,1.96858969,-1.12545502,1.21289337,0.31425331,-0.18699842,3.03716445,-2.27837112
0.55022805,0.08003455,-0.13659450,-0.09847969,-0.02048399,-1.03249672,0.14336008,1.02191949,-1.40237141,-0.00409051,0.31210417,-1.26634884,-0.01900708,1.25267112,-1.52688289,0.11042847,0.47344992,-1.41819763,0.56219025,-0.01542790,0.03905753,0.33338264,0.32390640,0.12649510,-0.31046063,0.11223473,-0.11054286,-0.30791536,-0.09635873,0.16290677,-0.31661500,-0.31912265,-0.15862082,-0.28585353,2.69649877,0.75394219,-0.00239409,-0.04051318,0.47802042,0.87741064,2.76534380,1.09478927,0.02292201,2.85018648,0.78853184,0.02546728,2.50736035,0.76103318,0.01676764,2.65726031,0.39973861,0.04752910,-0.20090817,1.34896505,-0.08601665,0.88902420,2.75999117,-0.63901657,-0.84885740,1.52988183,-1.10574961,-0.50239158,2.15737391,-1.58140886
0.57439144,0.06471722,-0.14072715,-0.24186692,0.26300190,-0.82784505,0.13354262,1.04717932,-1.41158731,-0.00330847,0.35284600,-1.30270269,-0.03424070,1.27241561,-1.55835264,0.10033350,0.51752243,-1.45316565,0.56219025,-0.01542790,0.03905753,0.33122774,0.31290065,0.12742216,-0.31085370,0.10396392,-0.11341145,-0.30521959,-0.10802883,0.16017140,-0.31450271,-0.32033027,-0.16184509,-0.27744643,2.70195855,0.76424696,-0.00360103,-0.03707248,0.47080914,0.88144848,2.76962036,1.09525316,0.02037404,2.85399975,0.78778690,0.02600815,2.50876392,0.76327717,0.01672503,2.65880817,0.40795585,0.05378131,-0.49665924,1.25785866,-0.46268175,0.05669809,2.01135705,-1.77948045,-0.76097832,0.96577978,-1.57658374,-0.50015714,2.19322217,-1.73093164
0.63537720,0.06837447,-0.11940351,-0.30467753,0.42447881,-0.70920575,0.12020951,1.06917667,-1.42581985,0.00072593,0.38800828,-1.33159482,-0.04834529,1.27348101,-1.58927782,0.09103398,0.55646820,-1.47855389,0.56219025,-0.01542790,0.03905753,0.32942098,0.30201112,0.12995115,-0.31183366,0.09696124,-0.11679897,-0.30241051,-0.11998332,0.15828986,-0.31246272,-0.31717151,-0.16444325,-0.27083317,2.70814570,0.77550724,-0.00460016,-0.03197131,0.46461657,0.88492266,2.77234091,1.09796188,0.01758732,2.85933203,0.78915187,0.02701047,2.50972904,0.76642394,0.01695826,2.66376652,0.42100781,0.05858780,-0.67288090,1.09290648,-0.75236034,0.14626284,1.83099229,-1.56104981,-0.69745207,-0.02629709,-1.52533138,-0.47997670,1.94803822,-1.26095998
0.64722616,0.05359981,-0.08659192,-0.36788236,0.59872937,-0.63260525,0.10668959,1.08546655,-1.46461296,-0.00350628,0.43192213,-1.37696249,-0.05525444,1.24984231,-1.61917229,0.07854314,0.59245232,-1.49738007,0.56219025,-0.01542790,0.03905753,0.32813892,0.28948840,0.13050315,-0.31163696,0.09575182,-0.11966115,-0.29840810,-0.13261307,0.15610589,-0.31052022,-0.30826529,-0.16490554,-0.26734178,2.71479501,0.78675445,-0.00527100,-0.02507903,0.45909912,0.88801535,2.77549161,1.09844425,0.01650196,2.86778363,0.79579227,0.02973082,2.51076416,0.76867989,0.01761870,2.67133392,0.43986476,0.06079714,-0.66541284,0.77134176,-2.10379443,-0.18336264,2.13745077,-2.20025237,-0.28905748,-1.26984205,-1.52627122,-0.62645375,1.76808989,-0.89259187
0.66826633,0.03743798,-0.08803905,-0.29770372,0.51218256,-0.59198621,0.09444804,1.08715489,-1.54460082,-0.00404996,0.47507973,-1.41436427,-0.04237416,1.22256923,-1.66745830,0.06724860,0.62853338,-1.51404490,0.56219025,-0.01542790,0.03905753,0.32678427,0.27684918,0.13204458,-0.31151781,0.10717366,-0.12234463,-0.29161783,-0.14502501,0.15415876,-0.30853161,-0.29457280,-0.16023492,-0.26477080,2.72202472,0.79797751,-0.00575603,-0.01885107,0.45389934,0.89083494,2.77781114,1.09958837,0.01526646,2.88399304,0.81283228,0.03516644,2.51207432,0.77118191,0.01825266,2.67863888,0.46546280,0.06201347,-0.60987717,-0.01844645,-4.24720101,-0.01854634,2.20855877,-1.85856044,0.78550806,-1.31209075,-2.56666782,-0.55085250,1.83613789,-0.86034530
0.67772385,0.04547581,-0.07112436,-0.21799549,0.30791427,-0.54797008,0.07657347,1.06159282,-1.60664928,-0.00263860,0.52173162,-1.44603634,-0.00897818,1.19706082,-1.73160243,0.05858698,0.66892999,-1.53293622,0.56219025,-0.01542790,0.03905753,0.32556987,0.26376781,0.13341220,-0.31120607,0.12382823,-0.12701395,-0.28689040,-0.15719791,0.15229536,-0.30646971,-0.27780691,-0.15070768,-0.26236218,2.72942986,0.80938369,-0.00635430,-0.01479253,0.44901297,0.89338018,2.77967633,1.10066974,0.01436380,2.90523542,0.83301365,0.03867947,2.51342858,0.77404940,0.01910016,2.68469156,0.49651316,0.06320769,-0.95115864,-1.49917591,-2.79912448,0.08579943,2.34219766,-1.53207052,1.80420887,-1.28355491,-3.28960395,-0.41368914,2.04694390,-0.95327848
0.63433498,0.03059629,-0.00271705,-0.18537457,0.21938333,-0.63898990,0.04716255,1.01916026,-1.63626268,0.00250639,0.56311406,-1.46280520,0.02757279,1.14753921,-1.77728002,0.05244080,0.70714637,-1.54263284,0.56219025,-0.01542790,0.03905753,0.32566476,0.25123855,0.13545471,-0.31180087,0.13952096,-0.13520348,-0.28428962,-0.16922297,0.15081487,-0.30555788,-0.25822171,-0.14092794,-0.26273514,2.73664707,0.81987119,-0.00713896,-0.01194822,0.44337601,0.89622765,2.78136763,1.10177341,0.01386389,2.92876891,0.84877235,0.04137514,2.51409649,0.77682731,0.02010688,2.69204158,0.52909725,0.06292962,-1.46666839,-2.13608046,-1.48822391,0.26011768,2.06040285,-0.82368416,1.81867423,-2.52694268,-2.24209764,-0.30869501,1.90697682,-0.47261524
0.58022203,0.00746017,0.04960228,-0.06510600,0.23497906,-0.83824064,0.02148342,0.96155154,-1.66941216,0.00937526,0.59736167,-1.46789386,0.05884142,1.06525381,-1.79565675,0.04461677,0.74236084,-1.54457881,0.56219025,-0.01542790,0.03905753,0.32672734,0.23993111,0.13848700,-0.31273144,0.16025169,-0.14181928,-0.28088563,-0.18091240,0.14930574,-0.30557430,-0.23466818,-0.13198167,-0.26668386,2.74369682,0.82915721,-0.00687805,-0.00946260,0.43601085,0.89986537,2.78367390,1.10328751,0.01399590,2.95430755,0.86705757,0.04584171,2.51440777,0.77967963,0.02115304,2.70187501,0.56318870,0.06004348,-1.26602566,-2.95993471,-1.65506446,0.34634159,1.68462884,-0.21142529,1.55497937,-4.18759742,-0.85473626,-0.40104910,1.74991381,-0.08087253
0.53880472,-0.01959171,0.07805748,0.07908806,0.15540797,-1.02315051,0.00552076,0.87640163,-1.69621437,0.01820184,0.62582316,-1.45926874,0.09096268,0.96135908,-1.79114313,0.03585103,0.77696867,-1.54378259,0.56219025,-0.01542790,0.03905753,0.32839054,0.22944297,0.14239656,-0.31421129,0.18814329,-0.14532820,-0.27759140,-0.19190387,0.14774901,-0.30610386,-0.20808722,-0.12218266,-0.27305829,2.75080575,0.83729821,-0.00557606,-0.00815107,0.42685884,0.90426434,2.78666596,1.10494518,0.01417926,2.98257760,0.89021319,0.05079914,2.51477498,0.78301802,0.02228668,2.71290926,0.59898592,0.05533226,-0.73682954,-4.37390947,-1.28145642,0.45511009,1.42071664,0.48237844,1.63149328,-5.26417389,0.32638403,-0.42800918,1.74594414,0.03438091
0.51405634,-0.04204665,0.07696627,0.20953372,0.02616423,-1.02443321,-0.00506917,0.76705836,-1.70388558,0.02945345,0.65374794,-1.44147389,0.11417531,0.85029129,-1.76619210,0.02814459,0.81642587,-1.54386003,0.56219025,-0.01542790,0.03905753,0.33007684,0.21877146,0.14695182,-0.31574873,0.22059159,-0.14736740,-0.27404902,-0.20316617,0.14632910,-0.30675381,-0.18098302,-0.11454113,-0.27992986,2.75808658,0.84464482,-0.00374670,-0.00858498,0.41751260,0.90862285,2.78905195,1.10636401,0.01432811,3.01358041,0.91606401,0.05602783,2.51472930,0.78577263,0.02332304,2.72713694,0.63270935,0.05014699,-0.53707287,-5.59268217,-0.25090456,0.57304969,1.39322937,0.93031734,1.04611492,-5.55568218,1.35122241,-0.38500631,2.00580094,-0.00717831
0.48985005,-0.06923184,0.07613783,0.28071922,0.08827453,-1.03836865,-0.02208904,0.64445233,-1.68503368,0.04111309,0.67485887,-1.41907513,0.12866019,0.73433816,-1.71797132,0.01965796,0.85096258,-1.54147327,0.56219025,-0.01542790,0.03905753,0.33176151,0.20956982,0.15224014,-0.31699301,0.25343833,-0.15066135,-0.27052192,-0.21312809,0.14516398,-0.30740574,-0.15434361,-0.10842575,-0.28752694,2.76559152,0.85113662,-0.00104195,-0.00899907,0.40806564,0.91290764,2.79190673,1.10882652,0.01476850,3.04687251,0.93951553,0.06123959,2.51528920,0.78912926,0.02435577,2.74345697,0.66381830,0.04423457,-0.91150475,-6.20016909,1.14149809,0.58182788,0.98891252,1.14568937,0.69422448,-5.84536266,2.59190059,-0.43229115,1.66115987,0.14563321
0.48905838,-0.08638147,0.08026796,0.39687662,0.08043942,-0.91725879,-0.04879149,0.53347026,-1.63708451,0.04961251,0.69282726,-1.38916633,0.13166063,0.62829342,-1.65390840,0.00797449,0.88886857,-1.53794832,0.56219025,-0.01542790,0.03905753,0.33357155,0.20048444,0.15725057,-0.31856194,0.28079979,-0.15630069,-0.26813581,-0.22379473,0.14360829,-0.30815293,-0.13042840,-0.10489793,-0.29518444,2.77347812,0.85711582,0.00280933,-0.00987180,0.39958959,0.91663669,2.79471816,1.11102645,0.01500962,3.07910527,0.95646605,0.06543574,2.51594786,0.79089204,0.02541863,2.76156205,0.69016328,0.03838712,-1.34634237,-5.52227325,2.43576474,0.41702949,0.90258904,1.49572551,0.13960986,-5.28884935,3.21282697,-0.58372360,1.89248931,0.18124722
0.48646745,-0.10646065,0.06420051,0.45989709,0.10239763,-0.74859533,-0.08243757,0.44339043,-1.56556838,0.05358300,0.71324342,-1.35896590,0.12940111,0.53517804,-1.58792076,-0.00567356,0.92696414,-1.53366070,0.56219025,-0.01542790,0.03905753,0.33513576,0.19043926,0.16125787,-0.32000055,0.30094049,-0.16379347,-0.26905204,-0.23449773,0.14182867,-0.30873031,-0.10923391,-0.10249679,-0.30189105,2.78170461,0.86266761,0.00732592,-0.01077252,0.39259257,0.91962023,2.79698590,1.11174128,0.01513521,3.10815953,0.96669002,0.06608372,2.51707243,0.79143301,0.02640545,2.78016166,0.71288357,0.03324471,-1.69564066,-4.42911921,3.61994491,0.19294130,1.02443862,1.51150978,-0.11351483,-4.59341211,3.27022481,-0.70429827,1.92072480,0.19700859
0.47180408,-0.12051145,0.03611241,0.55128974,0.09534882,-0.59308865,-0.10829872,0.37772972,-1.49287136,0.05536169,0.73258387,-1.32710240,0.12680762,0.47228963,-1.54106808,-0.02202267,0.96670529,-1.53334298,0.56219025,-0.01542790,0.03905753,0.33615051,0.18059660,0.16497879,-0.32109323,0.31499046,-0.16906855,-0.27207231,-0.24460977,0.13959201,-0.30876193,-0.09380552,-0.10007432,-0.30644643,2.79004363,0.86772650,0.01262882,-0.01204817,0.38692743,0.92194497,2.79886288,1.11217558,0.01505728,3.13137187,0.97401949,0.06407820,2.51905898,0.79099849,0.02738858,2.79572376,0.73067877,0.02970408,-1.18853446,-3.18858809,3.55838284,0.07818300,0.94900414,1.60682905,-0.13193679,-2.96686392,2.20959790,-0.80067437,1.97162025,0.01093197
0.45087316,-0.11580601,0.00448439,0.56820325,0.10236062,-0.59786376,-0.10810972,0.32525771,-1.43899562,0.05682384,0.74971400,-1.29609458,0.12814548,0.45150977,-1.52170844,-0.04248421,1.00695513,-1.53648152,0.56219025,-0.01542790,0.03905753,0.33661910,0.17149052,0.16878782,-0.32163144,0.32737972,-0.16666373,-0.27529221,-0.25409732,0.13632482,-0.30837344,-0.08755507,-0.09650871,-0.30963968,2.79810323,0.87245878,0.01821466,-0.01341056,0.38141571,0.92412685,2.80073284,1.11306512,0.01498766,3.14778251,0.98505844,0.06132689,2.52178563,0.79000582,0.02824565,2.80404572,0.74228771,0.02697941,0.16542863,-2.58616042,2.58204150,0.08069354,0.85242170,1.52817953,0.10846888,-0.79546411,0.82608740,-1.08098259,2.03301642,-0.18653582
0.44848387,-0.11143940,-0.03438313,0.60952091,0.06230124,-0.67715451,-0.10500425,0.28277093,-1.36608171,0.05812249,0.76775432,-1.26559269,0.13432863,0.46656260,-1.52123189,-0.06489472,1.05010045,-1.54492497,0.56219025,-0.01542790,0.03905753,0.33637324,0.16218227,0.17256284,-0.32161519,0.33556424,-0.16361106,-0.28301998,-0.26313652,0.13257803,-0.30723286,-0.08961459,-0.09144060,-0.31313561,2.80609716,0.87712765,0.02395068,-0.01518501,0.37514786,0.92653109,2.80271591,1.11391783,0.01475805,3.16105117,0.99279785,0.05335326,2.52478017,0.78950053,0.02914038,2.80524744,0.74909860,0.02323763,0.10644882,-2.04320669,3.89194942,0.05950458,0.91315979,1.53114069,0.33682284,0.98920399,-0.09405612,-1.11106229,2.17595816,-0.46041724
0.43928540,-0.12939735,-0.04537527,0.52219267,0.19190226,-0.89224037,-0.12327168,0.27338019,-1.28743331,0.06138700,0.78150582,-1.23319385,0.14530509,0.49921336,-1.53783867,-0.08993106,1.09114473,-1.55239973,0.56219025,-0.01542790,0.03905753,0.33579493,0.15279333,0.17726915,-0.32163593,0.33199491,-0.16699908,-0.29458078,-0.27247561,0.12839738,-0.30530352,-0.09601796,-0.08492887,-0.31501066,2.81426901,0.88127834,0.02938908,-0.01559231,0.36674183,0.92972770,2.80515064,1.11513088,0.01415900,3.17098249,0.98551269,0.04121415,2.52741322,0.78939471,0.03049141,2.80194930,0.75368294,0.02078426,-0.88119580,-0.42531964,3.88328500,0.16517279,0.68642086,1.62238014,0.52832664,1.63116705,-0.82305044,-1.24714520,2.04566286,-0.36983154
0.48982169,-0.13468976,-0.04988256,0.42838442,0.19331535,-0.93357561,-0.11639362,0.29326178,-1.25389040,0.06672262,0.79553566,-1.20038860,0.14394551,0.53061273,-1.55110672,-0.11178574,1.12867191,-1.55812483,0.56219025,-0.01542790,0.03905753,0.33521084,0.14258247,0.18224913,-0.32142725,0.32319314,-0.16254377,-0.30468704,-0.28139638,0.12488303,-0.30300888,-0.10282916,-0.08252827,-0.31643764,2.82328810,0.88583378,0.03400285,-0.01566020,0.35795469,0.93298821,2.80770315,1.11670520,0.01378359,3.17239698,0.98068769,0.03052379,2.53044008,0.79086149,0.03220196,2.80186557,0.75573448,0.01877319,0.43447947,1.06571594,1.47176586,0.27775645,0.71004719,1.63213623,-0.08885962,1.56430924,-0.66645807,-1.08427474,1.87394416,-0.28828954
0.53855226,-0.13138638,-0.05868466,0.19557556,0.21079129,-1.03937142,-0.08449620,0.34001873,-1.29253423,0.07599762,0.81012566,-1.17026589,0.13675208,0.56036319,-1.56332343,-0.13082167,1.16279604,-1.56433904,0.56219025,-0.01542790,0.03905753,0.33444605,0.13151506,0.18747239,-0.32093637,0.31289675,-0.15032852,-0.30798334,-0.29004140,0.12140128,-0.29993747,-0.11025260,-0.08287945,-0.31693628,2.83313445,0.89095401,0.03665597,-0.01490540,0.34823980,0.93656992,2.81057719,1.11884274,0.01350968,3.16837610,0.98104324,0.02646271,2.53408403,0.79384003,0.03450858,2.80360135,0.75622303,0.01750977,1.66391151,2.46332812,-2.24329933,0.48119276,0.71799082,1.49556243,-0.37624810,1.48235166,-0.59421012,-0.94052762,1.67700565,-0.31153247
0.56922191,-0.11985691,-0.06741613,-0.06578300,0.23491489,-1.12871342,-0.05238134,0.39246656,-1.35041025,0.08812174,0.82544415,-1.14592955,0.12636634,0.59365042,-1.57647626,-0.14640346,1.19234154,-1.57153828,0.56219025,-0.01542790,0.03905753,0.33356000,0.11993705,0.19229331,-0.32023611,0.30178646,-0.13921274,-0.30836854,-0.29822550,0.11793012,-0.29596754,-0.11984643,-0.08539482,-0.31642712,2.84338903,0.89637710,0.03691272,-0.01299196,0.33763117,0.94046470,2.81397189,1.12109079,0.01332389,3.16493639,0.98041604,0.02519147,2.53810472,0.79815567,0.03759246,2.80500897,0.75431228,0.01713288,1.53887689,2.55381942,-2.77501464,0.61725423,0.78471845,1.16952608,-0.53463327,1.70490062,-0.68362851,-0.75581676,1.46068943,-0.36899039
0.59463512,-0.09468725,-0.10935657,-0.15988958,0.18532492,-1.17104190,-0.02583119,0.43071899,-1.39140737,0.10101132,0.84708965,-1.13626707,0.11684690,0.62920249,-1.59127641,-0.15954848,1.22946692,-1.59193742,0.56219025,-0.01542790,0.03905753,0.33192238,0.10877224,0.19629570,-0.31794548,0.29306178,-0.13080674,-0.30883730,-0.30600982,0.11479802,-0.28961973,-0.13012338,-0.08844104,-0.31518421,2.85388483,0.90231019,0.03599908,-0.01109258,0.32659163,0.94441459,2.81845821,1.12391424,0.01397690,3.16525234,0.98006546,0.02308508,2.54219688,0.80396783,0.04230265,2.80599107,0.75244325,0.01673817,1.30529320,1.80495310,-1.94046009,0.64660949,1.13614798,0.36003110,-0.45963627,1.77998173,-0.74348682,-0.64451957,1.94035995,-1.14744174
0.59824507,-0.07265364,-0.10290804,-0.25933491,0.10757508,-1.13306214,0.00449108,0.47576272,-1.43676741,0.11611416,0.87174611,-1.13725369,0.11056418,0.66762533,-1.60629680,-0.16501454,1.26946425,-1.62676642,0.56219025,-0.01542790,0.03905753,0.33025175,0.09877762,0.19986433,-0.31448922,0.28289426,-0.12224136,-0.30840475,-0.31139850,0.11334331,-0.28128780,-0.14113632,-0.09134027,-0.31349726,2.86431889,0.90845634,0.03378873,-0.00959952,0.31584478,0.94816045,2.82376117,1.12767732,0.01576253,3.16408996,0.97993655,0.02184699,2.54704584,0.81278216,0.04896395,2.80597023,0.75079232,0.01675449,1.50322726,2.26582632,-2.26196747,0.75475705,1.23858464,-0.06556320,-0.30873117,1.92167890,-0.75362629,-0.26506267,1.99573658,-1.74559724
0.60160472,-0.07255288,-0.08824390,-0.23606046,-0.00665287,-1.04467856,0.02976953,0.52631640,-1.47678301,0.13061008,0.89698055,-1.15146663,0.10740118,0.70668888,-1.62171056,-0.16187242,1.30277863,-1.65932877,0.56219025,-0.01542790,0.03905753,0.32883604,0.09205893,0.20259816,-0.31002238,0.27125252,-0.11574184,-0.30760426,-0.31454723,0.11385922,-0.27403038,-0.15151006,-0.09369737,-0.31170660,2.87493547,0.91441365,0.03141136,-0.00923916,0.30585109,0.95151620,2.83192271,1.13275001,0.01881366,3.16288785,0.97811244,0.02123178,2.55286736,0.82399238,0.05480566,2.80623240,0.75005313,0.01712944,1.27791541,2.51458502,-1.97750754,0.72065132,1.23869340,-0.76175016,-0.15397667,1.95690095,-0.76158851,0.20198498,1.61954057,-1.58471334
0.59802840,-0.07504483,-0.07715600,-0.12956663,-0.04181551,-0.90070007,0.05331862,0.57521751,-1.50857241,0.13928738,0.90724393,-1.18333936,0.10393686,0.74906582,-1.63705387,-0.14842334,1.32160666,-1.69089558,0.56219025,-0.01542790,0.03905753,0.32764062,0.09467840,0.20387810,-0.30632445,0.25987952,-0.10945858,-0.30702927,-0.31351874,0.11713117,-0.26823233,-0.16219132,-0.09583507,-0.31001880,2.88562812,0.92007043,0.02984380,-0.00946123,0.29720606,0.95429995,2.84800510,1.14168899,0.02131617,3.16175531,0.97727462,0.02061135,2.56096834,0.83877014,0.05940829,2.80637631,0.74916246,0.01762182,1.13217518,2.45472670,-1.55375278,0.38396784,0.40951538,-1.66802776,-0.18457531,2.14453335,-0.78465980,0.68576533,0.88889400,-1.65519321
0.58857173,-0.06773331,-0.07799904,0.00738193,-0.03019247,-0.85121227,0.06940420,0.62558842,-1.53440907,0.13621597,0.89771553,-1.24190145,0.09705910,0.79384609,-1.65236888,-0.13550439,1.32786791,-1.73925602,0.56219025,-0.01542790,0.03905753,0.32644768,0.10977518,0.20222832,-0.30347792,0.24797423,-0.10479049,-0.30639867,-0.30565146,0.12075082,-0.26251355,-0.17299206,-0.09833373,-0.30829027,2.89621085,0.92556357,0.02960334,-0.01001002,0.28906175,0.95680026,2.87586326,1.15476406,0.02296976,3.16077227,0.97535840,0.02004901,2.57476601,0.85717655,0.06393413,2.80643858,0.74797778,0.01815740,0.77492287,2.52357149,-1.26802242,-0.22116027,-0.57068391,-3.12060621,-0.36666331,2.23736072,-0.74797291,0.62733465,0.23990248,-2.50910547
0.56585183,-0.03377320,-0.06664821,0.01683834,-0.03558136,-0.75742656,0.08208989,0.67414939,-1.55316818,0.12347331,0.88373166,-1.31208658,0.08608626,0.83497977,-1.66178787,-0.11484602,1.31091833,-1.78613424,0.56219025,-0.01542790,0.03905753,0.32545850,0.12841689,0.19753281,-0.30039135,0.23597290,-0.10102767,-0.30610320,-0.29242376,0.12613421,-0.25838321,-0.18333069,-0.10183564,-0.30692735,2.90620412,0.93115807,0.02960600,-0.01061664,0.28166991,0.95899574,2.90762533,1.16675961,0.02506715,3.15937008,0.97354668,0.01935530,2.59196772,0.87941855,0.06707528,2.80688848,0.74645007,0.01853114,0.61496341,2.40743613,-0.87908500,-0.70005071,-0.69661611,-3.52923608,-0.57820511,2.02104449,-0.42087790,1.11961925,-1.04300737,-2.28354692
0.52160985,-0.01809661,-0.03610799,-0.10557203,-0.01701084,-0.62061019,0.09339573,0.71553246,-1.56951830,0.09748370,0.86771009,-1.40558035,0.07307840,0.86738548,-1.66099761,-0.08279004,1.25672209,-1.81004629,0.56219025,-0.01542790,0.03905753,0.32508642,0.15071489,0.18768027,-0.29551839,0.22547826,-0.09831753,-0.30548884,-0.27483747,0.13352073,-0.25786645,-0.19303479,-0.10627616,-0.30608170,2.91526808,0.93642683,0.02850218,-0.01068477,0.27572579,0.96075426,2.94373068,1.17544303,0.02956803,3.15860061,0.97242771,0.01959758,2.61142334,0.90415002,0.06721997,2.80779895,0.74405366,0.01900472,0.56170565,2.05495260,-0.81277221,-1.33006940,-0.81103129,-4.71623745,-0.64631370,1.61680615,0.05134105,1.61751854,-2.75919461,-1.15390482
0.48498859,0.00536721,-0.01916996,-0.21007802,0.00289397,-0.58936078,0.10371698,0.74978060,-1.58229911,0.05602037,0.83565781,-1.51641285,0.06113399,0.89631319,-1.65457695,-0.04254282,1.17084424,-1.80619440,0.56219025,-0.01542790,0.03905753,0.32503363,0.17913458,0.17268545,-0.28864179,0.21631015,-0.09639769,-0.30500059,-0.25434441,0.14270204,-0.26060742,-0.20301317,-0.11078214,-0.30536564,2.92353233,0.94155245,0.02648722,-0.01026339,0.27004151,0.96242957,2.98687347,1.18217115,0.03639185,3.15843982,0.97157024,0.02003304,2.63206944,0.93133827,0.06442621,2.80762652,0.74142030,0.01966800,0.52414885,1.71206033,-0.62701746,-2.07495952,-1.71315756,-5.50726700,-0.60698208,1.42900145,0.31819722,2.02067621,-4.36379352,0.26174639
0.46153330,0.04444190,-0.02013436,-0.42047858,-0.08475349,-0.51794803,0.11668640,0.78115879,-1.59121614,0.01728133,0.76543525,-1.61031442,0.05156146,0.91868278,-1.64730895,0.00190710,1.05904105,-1.78036938,0.56219025,-0.01542790,0.03905753,0.32496681,0.21368085,0.15811557,-0.28047679,0.20733098,-0.09489255,-0.30467636,-0.23010933,0.15242777,-0.26553292,-0.21148203,-0.11580214,-0.30406156,2.93108515,0.94702623,0.02244442,-0.01002809,0.26504689,0.96392211,3.03403014,1.19210248,0.04449002,3.15779952,0.97134340,0.02029045,2.65540065,0.96053870,0.05943389,2.80841817,0.73945071,0.02090526,0.65877992,1.54090321,-0.43125914,-1.90612240,-3.67174292,-4.59448366,-0.43538441,1.08766571,0.37754485,2.24789171,-5.70960999,1.37267866
0.43213721,0.08356008,0.00428876,-0.49484846,-0.08404349,-0.34803406,0.12733822,0.80676059,-1.59546275,-0.02367789,0.66075698,-1.67574072,0.04641563,0.93820018,-1.63534486,0.04499691,0.92482688,-1.73075743,0.56219025,-0.01542790,0.03905753,0.32525555,0.25106178,0.14334996,-0.27157284,0.19925241,-0.09467643,-0.30458242,-0.20219351,0.16194811,-0.27216876,-0.22010300,-0.12008675,-0.30309956,2.93779511,0.95278766,0.01734062,-0.00969253,0.26152487,0.96499228,3.08221644,1.20323467,0.05368271,3.15759410,0.97159059,0.02067313,2.68151177,0.99057999,0.05308679,2.80836362,0.73804678,0.02215599,0.49910623,1.25033200,-0.18021869,-2.10099220,-5.41785526,-3.08715658,-0.25626650,0.97816151,0.63102002,2.11549358,-6.81536674,2.63703897
0.43109917,0.08263604,-0.00938671,-0.43492740,-0.04755901,-0.21413484,0.12924670,0.82939756,-1.59523857,-0.07018768,0.53991127,-1.71437013,0.04621197,0.96072721,-1.62209976,0.08210026,0.78164142,-1.66255569,0.56219025,-0.01542790,0.03905753,0.32538426,0.28680858,0.12863925,-0.26156245,0.19137714,-0.09664321,-0.30467650,-0.17245792,0.17077971,-0.27880272,-0.22989975,-0.12252029,-0.30241470,2.94440235,0.95855635,0.01290161,-0.00906717,0.25935079,0.96565444,3.12823094,1.21353531,0.06382181,3.15845026,0.97074705,0.02070776,2.70960273,1.02001023,0.04658154,2.80676760,0.73737365,0.02296956,0.02473265,1.11707926,0.03986120,-2.35447907,-6.11198854,-1.75558078,0.03872595,1.15530241,0.65865749,1.81480086,-7.19665623,3.51776338
0.43131431,0.08640865,0.02868702,-0.34454106,-0.13968110,-0.14471593,0.13475982,0.85368025,-1.59182267,-0.10857270,0.41985570,-1.70900807,0.04461311,0.98114221,-1.60817034,0.11270747,0.64258709,-1.57617157,0.56219025,-0.01542790,0.03905753,0.32617046,0.31710913,0.11733803,-0.25366457,0.18327648,-0.09719139,-0.30479100,-0.14318014,0.17845368,-0.28553488,-0.23854646,-0.12512447,-0.30210204,2.95098909,0.96432947,0.00919143,-0.00949761,0.25800829,0.96605229,3.16740750,1.22411685,0.07250589,3.15831985,0.97142838,0.02137946,2.73791265,1.04766431,0.04063558,2.80655898,0.73695205,0.02406842,0.27552187,1.21501124,0.17980956,-1.89132354,-5.96872625,0.31560943,-0.07422785,1.02881806,0.69454473,1.52232318,-6.93998165,4.32846737
0.46898899,0.08840654,0.04569001,-0.27410804,-0.27519783,-0.20123067,0.13923547,0.87762291,-1.58143439,-0.12962994,0.32908261,-1.67294617,0.04532665,1.00516956,-1.59495590,0.13605240,0.51571726,-1.48605144,0.56219025,-0.01542790,0.03905753,0.32730238,0.33848754,0.11033195,-0.25068360,0.17506053,-0.09798654,-0.30508781,-0.11534115,0.18408629,-0.29162835,-0.24729398,-0.12711583,-0.30213827,2.95821394,0.97047151,0.00579487,-0.01138699,0.25616136,0.96654959,3.19764604,1.23394680,0.07661878,3.15882577,0.97203466,0.02221456,2.76684751,1.07328315,0.03567403,2.80631999,0.73757459,0.02516411,0.21407890,1.18934934,0.54406353,-1.01922128,-4.41608982,1.87256081,0.03022568,1.19714916,0.66320223,1.13481135,-6.28532009,4.49706173
0.49090954,0.07628274,0.05409293,-0.21278741,-0.37284901,-0.41322504,0.14317240,0.90020132,-1.56383324,-0.13657128,0.27276502,-1.61015258,0.04594443,1.03150034,-1.58143964,0.15011360,0.41657963,-1.40502498,0.56219025,-0.01542790,0.03905753,0.32867106,0.35084136,0.10592029,-0.25504380,0.16672270,-0.09880979,-0.30575338,-0.09299088,0.18693454,-0.29723706,-0.25612388,-0.12911405,-0.30238313,2.96595544,0.97662604,0.00271203,-0.01439371,0.25247150,0.96749347,3.22029661,1.24048080,0.07362726,3.15970110,0.97188767,0.02291768,2.79347591,1.09428077,0.03143400,2.80558671,0.73881992,0.02628792,0.21086669,1.13084507,0.90288728,-0.27318906,-2.71645236,3.26806474,0.04083435,1.34800947,0.67387098,0.67509232,-4.79590130,3.97827516
0.46537738,0.05453217,0.05464389,-0.21185870,-0.36026196,-0.72257177,0.14907496,0.92059608,-1.54430075,-0.14007000,0.23571530,-1.53974705,0.04358025,1.05609641,-1.56514163,0.15868968,0.36102356,-1.34747703,0.56219025,-0.01542790,0.03905753,0.33005870,0.35814542,0.10175581,-0.26305382,0.15864730,-0.09897975,-0.30659966,-0.08085481,0.18808240,-0.30231283,-0.26498651,-0.13193636,-0.30258691,2.97363490,0.98210526,-0.00033996,-0.01742222,0.24583564,0.96915488,3.23993572,1.24230952,0.06700488,3.16028112,0.97074109,0.02345904,2.81288680,1.10888276,0.02774587,2.80361222,0.73978864,0.02747179,0.30076394,0.99597640,0.97310823,-0.21438772,-1.75923429,3.46801019,-0.15797410,1.18098590,0.84465975,0.40192077,-2.50296764,2.71565986
0.42996985,0.04786034,0.02485861,-0.30719038,-0.33715638,-1.01237352,0.15903310,0.94005466,-1.52894294,-0.10969207,0.21283028,-1.44474483,0.03855135,1.07675886,-1.54917979,0.16436338,0.35553813,-1.31921828,0.56219025,-0.01542790,0.03905753,0.33095711,0.35973621,0.10580767,-0.27661131,0.15111121,-0.09835790,-0.30699843,-0.08131677,0.18794368,-0.30779802,-0.27305677,-0.13587579,-0.30206403,2.98086609,0.98698050,-0.00417511,-0.01999019,0.23644799,0.97142952,3.25165071,1.24636650,0.05434580,3.16028251,0.96913046,0.02395868,2.82222904,1.11647773,0.02315909,2.80087914,0.74075514,0.02889308,0.53564519,0.97544783,0.72790140,1.87738836,-1.04923010,5.02221060,-0.25820976,1.01819515,0.77985042,0.26810288,0.08901715,1.20091426
0.41893058,0.06137348,-0.00556061,-0.37711868,-0.20227900,-1.25401860,0.17024606,0.96043000,-1.52071950,-0.05408626,0.21940958,-1.36155779,0.03097295,1.09377823,-1.53710456,0.16657315,0.39891672,-1.34011669,0.56219025,-0.01542790,0.03905753,0.33115512,0.35179600,0.11799561,-0.29140956,0.14355779,-0.09752128,-0.30674448,-0.09250928,0.18609687,-0.31000212,-0.28029729,-0.14054548,-0.30006270,2.98784603,0.99173278,-0.00854988,-0.02104488,0.22431515,0.97425188,3.25249461,1.25181837,0.03974556,3.15960807,0.96689247,0.02441064,2.82320856,1.11855752,0.02115300,2.79735302,0.74267050,0.03109242,0.56148468,1.02561872,0.40010688,2.73825409,0.37916045,4.07961416,-0.37982714,0.85447735,0.59875483,0.10417074,2.16675997,-1.06106608
0.45833704,0.07708913,-0.05581283,-0.42226017,-0.11494923,-1.20521952,0.18137801,0.98614712,-1.52004898,-0.01981044,0.25549636,-1.33413832,0.02552692,1.11443868,-1.53616238,0.16375029,0.43648341,-1.36548820,0.56219025,-0.01542790,0.03905753,0.33036313,0.33825305,0.12513211,-0.30116490,0.13516214,-0.09698532,-0.30535818,-0.10179919,0.18239492,-0.31103665,-0.28701386,-0.14462959,-0.29610305,2.99553265,0.99691960,-0.01322929,-0.02114190,0.21255001,0.97683187,3.25105189,1.25144482,0.02919823,3.15879287,0.96496559,0.02500495,2.82707352,1.12042062,0.01932648,2.79471916,0.74598411,0.03426008,0.55160269,1.30501616,0.01332236,1.71067245,1.84843769,1.21198512,-0.24644004,1.05188791,-0.03918743,-0.15988056,1.83106322,-1.23257866
0.47055234,0.08039317,-0.06312110,-0.38237567,0.02438671,-0.97270011,0.18942316,1.01413121,-1.52680027,-0.00253805,0.29765720,-1.35615003,0.02606306,1.13726277,-1.55930426,0.16278597,0.46937659,-1.38759346,0.56219025,-0.01542790,0.03905753,0.32929640,0.32659723,0.12822739,-0.30345251,0.12693796,-0.09705371,-0.30303996,-0.11046855,0.17981037,-0.31111085,-0.29018055,-0.14640932,-0.28986059,3.00361647,1.00211947,-0.01717753,-0.02012464,0.20287334,0.97884745,3.25218000,1.24975667,0.02584388,3.15869760,0.96361609,0.02625644,2.83070115,1.12309618,0.01818555,2.79569763,0.75229914,0.03943581,0.38137953,1.38355339,-0.37137508,0.69982202,2.08058553,-1.27692024,0.03490558,1.12511010,-1.22534170,0.00784386,1.69246590,-1.14459362
0.49770505,0.07338213,-0.06188863,-0.35884406,0.25926304,-0.78705610,0.19091294,1.04169230,-1.54554741,0.00917403,0.32277421,-1.37410820,0.02614844,1.15668602,-1.59708521,0.16628054,0.50276961,-1.40691628,0.56219025,-0.01542790,0.03905753,0.32827834,0.31857803,0.13034094,-0.30528982,0.11999905,-0.09869182,-0.29958853,-0.12081810,0.17925330,-0.31000008,-0.29054225,-0.14765028,-0.28163252,3.01216940,1.00724928,-0.02042615,-0.01698511,0.19514086,0.98041538,3.25641526,1.24978728,0.02298852,3.16083955,0.96211576,0.02868981,2.83185109,1.12647204,0.01827825,2.80045361,0.75947554,0.04664582,0.02981311,1.38947570,-1.02350512,0.69379858,1.11286812,-0.68103786,-0.00833722,0.95324845,-1.96719072,0.16325746,1.62684262,-0.89898627
0.51924284,0.07110446,-0.05219547,-0.28030559,0.29780175,-0.44392062,0.17995638,1.06411481,-1.56974137,0.00594996,0.36166751,-1.41182327,0.02262251,1.16276813,-1.63337040,0.16645472,0.53493160,-1.42393732,0.56219025,-0.01542790,0.03905753,0.32731888,0.30824326,0.12845082,-0.30601496,0.11554402,-0.10355436,-0.29534674,-0.13118601,0.17822240,-0.30888458,-0.28754984,-0.14938194,-0.27444468,3.02126016,1.01240617,-0.02279794,-0.01338758,0.19036919,0.98135651,3.25901522,1.24689722,0.02130392,3.16716589,0.95962888,0.03197214,2.83290066,1.12856853,0.01843430,2.81052889,0.76625133,0.05287419,-0.64995372,1.06402874,-1.22109163,-0.36466238,2.15391922,-2.19175816,-0.20610651,0.17965077,-1.76022995,-0.01875937,1.61719310,-0.86161131
0.48586406,0.03286595,-0.04283986,-0.29130567,0.43007832,-0.29585783,0.15370343,1.05590894,-1.59768114,0.00850839,0.39274186,-1.44695394,0.01455191,1.13181753,-1.65715806,0.16454963,0.55820779,-1.43390019,0.56219025,-0.01542790,0.03905753,0.32650049,0.29936937,0.12871773,-0.30604270,0.12000047,-0.11226529,-0.29223768,-0.14035658,0.17694704,-0.30780862,-0.27739861,-0.15216732,-0.27061036,3.03008141,1.01656176,-0.02484248,-0.00852138,0.18758589,0.98189703,3.26087340,1.24661682,0.02045778,3.18302721,0.95646859,0.03426280,2.83435902,1.12926922,0.01869187,2.82835983,0.77281334,0.05589013,-1.33360696,-0.45051666,-1.41200483,0.13514295,1.55094934,-1.75200450,-0.36619871,-1.59439931,-1.20851753,-0.09027618,1.16328824,-0.49932716
0.48109630,0.03092168,-0.04614029,-0.33189781,0.35736474,-0.31377622,0.11517096,1.02142770,-1.62999077,0.01591172,0.42361317,-1.47937086,0.02773633,1.07869301,-1.69385602,0.16529722,0.58244101,-1.44523065,0.56219025,-0.01542790,0.03905753,0.32555668,0.29070554,0.12997445,-0.30570043,0.13298710,-0.12475926,-0.28866942,-0.14927154,0.17598358,-0.30635943,-0.25870499,-0.14958048,-0.26866503,3.03881315,1.02060238,-0.02750330,-0.00430313,0.18469531,0.98240149,3.26247777,1.24726779,0.01985626,3.20802597,0.95265046,0.03688727,2.83582653,1.13036871,0.01919725,2.85208420,0.78728952,0.05689166,-1.94461970,-1.78569872,-1.58409822,0.38250940,1.55537391,-1.61635196,0.68511543,-2.64361644,-1.86832945,0.03901559,1.22383606,-0.57428024
0.48264192,-0.00572843,-0.04887466,-0.24738523,0.33452823,-0.42767648,0.07173935,0.97096580,-1.65124009,0.02728542,0.45631262,-1.50780506,0.04539576,1.01811421,-1.72617400,0.16680061,0.60884682,-1.45579991,0.56219025,-0.01542790,0.03905753,0.32446520,0.28148353,0.13277953,-0.30515337,0.14872478,-0.13798495,-0.28577041,-0.15862905,0.17567100,-0.30466896,-0.23881953,-0.14537838,-0.26722667,3.04787430,1.02396462,-0.02938610,-0.00039079,0.18067133,0.98310436,3.26382045,1.24808655,0.01931183,3.23591937,0.94782031,0.03869479,2.83718208,1.13181760,0.01979624,2.87628488,0.80322335,0.05723854,-2.18457985,-2.55962753,-1.01462880,0.58370258,1.62963676,-1.39087045,0.87593222,-3.12870145,-1.50523567,0.07945525,1.31766617,-0.50533672
0.47201869,-0.07538511,-0.03171247,-0.07570765,0.31579989,-0.58931747,0.02751706,0.91191412,-1.67837722,0.04130032,0.48807504,-1.52740417,0.05765407,0.92634714,-1.72667887,0.16840509,0.63397516,-1.46049438,0.56219025,-0.01542790,0.03905753,0.32372105,0.27215989,0.13709121,-0.30477875,0.16806575,-0.15042028,-0.28085684,-0.16791257,0.17627613,-0.30334394,-0.21528036,-0.14193857,-0.26999558,3.05721525,1.02594719,-0.02979581,0.00306994,0.17518456,0.98407985,3.26545056,1.24844003,0.01894230,3.26682662,0.94266796,0.04286421,2.83883633,1.13355086,0.02037711,2.90404510,0.81850781,0.05372547,-2.20602169,-3.00194883,-1.46357192,0.71213934,1.58408642,-0.92244380,0.56594379,-4.80047421,0.18222425,0.07694935,1.24626648,-0.19910143
0.47687908,-0.14097853,-0.01597732,0.11102404,0.25931636,-0.86408449,-0.01011599,0.81926250,-1.70210207,0.05717894,0.52050978,-1.53511477,0.06918018,0.81013918,-1.70250106,0.16875347,0.66151422,-1.46203816,0.56219025,-0.01542790,0.03905753,0.32330936,0.26202874,0.14282495,-0.30503509,0.19659065,-0.15976621,-0.27562299,-0.17774891,0.17747840,-0.30225393,-0.18767796,-0.13771142,-0.27552536,3.06706776,1.02658874,-0.02845067,0.00580959,0.16715542,0.98550285,3.26747169,1.24771380,0.01827427,3.30529608,0.94044703,0.04768637,2.84079994,1.13565814,0.02105543,2.93518676,0.83476889,0.04778400,-1.81830633,-4.94389725,-1.09876156,0.80687100,1.63047719,-0.29540059,0.59246886,-5.94874573,1.35198343,0.00649542,1.40613544,-0.06349325
0.51937641,-0.18257942,0.00480704,0.28300592,0.02636171,-1.02093156,-0.05731977,0.69359974,-1.69015467,0.07581793,0.55658293,-1.52863533,0.07448454,0.70358664,-1.66119580,0.16730020,0.69771761,-1.46432765,0.56219025,-0.01542790,0.03905753,0.32335804,0.25082445,0.15011677,-0.30543628,0.23074031,-0.17100372,-0.26992623,-0.18848207,0.17877075,-0.30168519,-0.16253798,-0.13460997,-0.28180689,3.07806510,1.02637787,-0.02557911,0.00593791,0.15716793,0.98722272,3.26997918,1.24687035,0.01792176,3.35045680,0.93534974,0.05343181,2.84344043,1.13789349,0.02167285,2.96527771,0.84800342,0.04155115,-2.38060861,-6.27475863,0.62270875,0.93442719,1.80106461,0.35150098,0.27070425,-5.32655983,2.08393464,-0.07554173,1.81424749,-0.11152267
0.52512252,-0.22903225,0.03012467,0.43241174,-0.14139061,-1.14834072,-0.11721393,0.58014539,-1.66399786,0.09623273,0.59052339,-1.50482409,0.08275604,0.60102404,-1.61081100,0.16383290,0.73700165,-1.46497762,0.56219025,-0.01542790,0.03905753,0.32397844,0.23901217,0.15870775,-0.30664673,0.26100611,-0.18464446,-0.26093625,-0.19928799,0.17996664,-0.30167838,-0.13768012,-0.12999816,-0.28858906,3.08942575,1.02511005,-0.02153841,0.00427594,0.14579665,0.98907085,3.27254476,1.24597743,0.01733171,3.39257764,0.92353894,0.06304219,2.84672069,1.13999238,0.02230006,2.99506201,0.86094300,0.03538938,-3.01951280,-5.59252920,1.32323873,1.02610924,1.68865931,1.22623296,0.41581711,-5.09356403,2.51667571,-0.17911540,1.97461646,-0.03086185
0.51385485,-0.26976075,0.04881092,0.52367238,-0.28272856,-1.15209860,-0.18202854,0.49812559,-1.62373662,0.11646022,0.62103580,-1.46919448,0.09184048,0.50987931,-1.55939069,0.15950084,0.77922391,-1.46504171,0.56219025,-0.01542790,0.03905753,0.32501299,0.22717250,0.16794934,-0.30797779,0.28216863,-0.19925531,-0.25224832,-0.21016524,0.18122005,-0.30189107,-0.11451371,-0.12465274,-0.29466864,3.10079974,1.02277446,-0.01669513,0.00105455,0.13438635,0.99078780,3.27505173,1.24514930,0.01703520,3.42583703,0.90584469,0.07276467,2.84996866,1.14149220,0.02312192,3.02361101,0.87213053,0.03034435,-3.24032526,-3.94701972,2.12330942,0.99876280,1.50806725,1.82832236,0.45786691,-4.51218872,2.58649898,-0.21374969,2.11966610,-0.00061941
0.48266686,-0.29865497,0.04831366,0.52439039,-0.38211164,-1.13408007,-0.23156483,0.44512566,-1.56090565,0.13615503,0.64772807,-1.42698162,0.10265578,0.44030787,-1.51563668,0.15450993,0.82299856,-1.46627381,0.56219025,-0.01542790,0.03905753,0.32618120,0.21556700,0.17722119,-0.30914848,0.29381056,-0.21131770,-0.25017507,-0.22080613,0.18205572,-0.30208820,-0.09577992,-0.11879530,-0.29961663,3.11167573,1.01946583,-0.01198516,-0.00314396,0.12303422,0.99232507,3.27742590,1.24397275,0.01703272,3.44820270,0.88631396,0.07600614,2.85308937,1.14207385,0.02409301,3.04781345,0.88087388,0.02656458,-2.32443638,-2.51376748,3.25699830,0.99202523,1.31396544,2.12963390,0.55442840,-3.30788631,2.09555326,-0.25898748,2.19570351,-0.07587003
0.44499656,-0.30312628,0.03420649,0.56435337,-0.46380788,-1.01379314,-0.26805052,0.38843539,-1.46749961,0.15173662,0.66688997,-1.37563837,0.11925641,0.41153559,-1.49495852,0.14809591,0.86717129,-1.46824968,0.56219025,-0.01542790,0.03905753,0.32712501,0.20488077,0.18569796,-0.31085341,0.30425652,-0.22155333,-0.25385483,-0.23093447,0.18250045,-0.30230686,-0.08594633,-0.11103170,-0.30380905,3.12180890,1.01561755,-0.00703632,-0.00819751,0.11270676,0.99356956,3.27986301,1.24250686,0.01627161,3.46797766,0.86788434,0.07327019,2.85584916,1.14172292,0.02481815,3.06293119,0.88814902,0.02331597,-1.76996732,-2.93953109,4.91832685,0.73430473,0.89311475,2.64897084,0.88105333,-1.11596525,0.84922308,-0.33021119,2.20913172,-0.09909867
0.37312779,-0.33374475,0.03061028,0.59462053,-0.32995448,-0.94937816,-0.29510008,0.32845446,-1.38530564,0.16729520,0.67829978,-1.32363129,0.13679807,0.43247020,-1.49709566,0.14184134,0.90385956,-1.46878600,0.56219025,-0.01542790,0.03905753,0.32795247,0.19533898,0.19485179,-0.31192588,0.31636334,-0.22845721,-0.25652215,-0.23960019,0.18343731,-0.30185550,-0.08903651,-0.10236289,-0.30851299,3.13049678,1.01065706,-0.00158842,-0.01214270,0.10316145,0.99458924,3.28167099,1.24146194,0.01602659,3.48702411,0.85201683,0.07143032,2.85834016,1.14099612,0.02609697,3.06437234,0.89219517,0.01943948,-1.31059338,-2.97971225,4.12201309,0.77924567,0.55291553,2.60645318,0.87471786,1.09227448,-0.13137244,-0.31096867,1.81881940,-0.01286316
0.35294436,-0.38416253,0.01976842,0.61740150,-0.09932699,-0.90704617,-0.30019442,0.28731168,-1.28986583,0.18360316,0.68055224,-1.26877046,0.15232401,0.47817190,-1.51710613,0.13602856,0.93215548,-1.46227913,0.56219025,-0.01542790,0.03905753,0.32854978,0.18652430,0.20488486,-0.31311468,0.32020219,-0.23032280,-0.26870729,-0.24826325,0.18500928,-0.30097344,-0.09898876,-0.09396363,-0.31162046,3.13877896,1.00447117,0.00426716,-0.01386124,0.09409464,0.99545761,3.28362936,1.24066491,0.01543509,3.49645251,0.83819530,0.05984249,2.86025819,1.13970895,0.02757634,3.05914048,0.89363052,0.01692932,-0.24458704,-1.96542749,4.84287624,0.81630844,0.10892629,2.74108148,0.76796377,2.30503488,-1.05667869,-0.29501884,1.40884197,0.32601067
0.43474608,-0.41106181,0.00431231,0.73703942,0.02646734,-0.90269644,-0.31051980,0.27810575,-1.17207429,0.19849550,0.68321131,-1.21399724,0.15712987,0.51509124,-1.53570685,0.12731697,0.96003797,-1.45653076,0.56219025,-0.01542790,0.03905753,0.32872550,0.17639569,0.21545125,-0.31360103,0.30964057,-0.23469730,-0.28819880,-0.25742282,0.18646382,-0.29905357,-0.10724615,-0.08811616,-0.31326528,3.14858827,0.99783846,0.01137420,-0.01434027,0.08492528,0.99621919,3.28604507,1.23999608,0.01512447,3.49343170,0.81883258,0.04052670,2.86336140,1.13812709,0.02967193,3.05777220,0.89286877,0.01546022,-0.58883889,-0.32435132,5.97132206,0.72863936,0.14441298,2.74170375,0.14975862,1.71824372,-0.80362838,-0.45580815,1.40189826,0.27849911
0.48986523,-0.44438895,0.01022003,0.72011825,0.26704431,-0.91896819,-0.32409195,0.30425555,-1.08855860,0.21356046,0.68383030,-1.16035726,0.15131277,0.54677979,-1.54985371,0.11615450,0.98342731,-1.44887986,0.56219025,-0.01542790,0.03905753,0.32890206,0.16548523,0.22635982,-0.31366877,0.28870802,-0.23871807,-0.30564781,-0.26681062,0.18744196,-0.29643840,-0.11570480,-0.08526119,-0.31407885,3.15953235,0.99063696,0.01871036,-0.01278384,0.07569989,0.99687312,3.28906344,1.23932517,0.01523329,3.48088068,0.79809116,0.02325425,2.86754946,1.13578649,0.03246366,3.05797810,0.88893245,0.01482321,-0.63850552,1.52510180,3.75128002,0.77095175,-0.00091124,2.66762328,-0.30654982,1.65984237,-0.78921170,-0.56240344,1.11676166,0.41048953
0.50758110,-0.44213422,0.05918862,0.62090500,0.51259480,-0.93822768,-0.30338246,0.36222577,-1.17655003,0.22948834,0.67975539,-1.10540903,0.14519352,0.57381469,-1.55778599,0.10377669,0.99646574,-1.43686152,0.56219025,-0.01542790,0.03905753,0.32972375,0.15395842,0.23723140,-0.31408548,0.27920699,-0.22568664,-0.30688988,-0.27543580,0.18785315,-0.29366563,-0.12520740,-0.08277241,-0.31462528,3.17073597,0.98315734,0.02527589,-0.00864435,0.06618004,0.99745005,3.29213227,1.23858809,0.01563826,3.47721757,0.79618132,0.02283387,2.87297215,1.13312531,0.03605811,3.05751170,0.88462597,0.01509847,1.35824013,3.10790944,-5.90239000,0.79617167,-0.23475407,2.76768184,-0.30113694,1.26750100,-0.29353377,-0.62890375,0.57476515,0.63061947
0.56152312,-0.41445846,0.04569071,0.33317104,0.55256741,-1.21835356,-0.26443887,0.40325582,-1.25235138,0.24896054,0.67931746,-1.06296537,0.14619620,0.59694923,-1.56236961,0.09285253,1.01514075,-1.44279640,0.56219025,-0.01542790,0.03905753,0.33029300,0.14257251,0.24701910,-0.31337631,0.27296090,-0.20907788,-0.30960810,-0.28302738,0.18667086,-0.28870862,-0.13471821,-0.07981157,-0.31459497,3.18278193,0.97607036,0.02890969,-0.00362558,0.05390227,0.99812105,3.29800042,1.23697274,0.01691669,3.47661861,0.79751725,0.02068490,2.88134345,1.13126493,0.04158438,3.05741452,0.88225193,0.01569803,1.93233631,2.05184865,-3.75639415,0.96873569,-0.01194477,2.08939626,0.06011992,1.16891096,-0.24072646,-0.54299772,0.94633191,-0.33120629
0.59485511,-0.38265640,0.01396316,0.19850669,0.32198942,-1.33902514,-0.22940915,0.44856870,-1.31574206,0.26407700,0.68418902,-1.04351017,0.15264541,0.63033952,-1.57552464,0.08493823,1.04402912,-1.47355096,0.56219025,-0.01542790,0.03905753,0.33019731,0.13491258,0.25366042,-0.31121194,0.26473674,-0.19545865,-0.31096230,-0.28768454,0.18494750,-0.28173023,-0.14502004,-0.07641949,-0.31375631,3.19522318,0.96938362,0.03111102,-0.00071509,0.04042560,0.99869783,3.30922479,1.23310440,0.01898537,3.47487034,0.79592731,0.01923501,2.89355134,1.13051114,0.04846708,3.05684337,0.88150997,0.01644100,1.78656285,2.30674071,-3.21379256,0.73663559,0.24691485,0.90680686,0.32699648,1.71115201,-0.68573854,-0.38166769,1.48364341,-1.61361392
0.61556446,-0.35029402,-0.02991650,0.08189158,0.01940810,-1.37538490,-0.18885490,0.50385225,-1.38226135,0.26646045,0.68548009,-1.04422729,0.15935547,0.67592781,-1.59797115,0.08081467,1.07853513,-1.52451465,0.56219025,-0.01542790,0.03905753,0.32925434,0.13435237,0.25493792,-0.31019375,0.25561103,-0.18126765,-0.31014839,-0.28831078,0.18315881,-0.27393869,-0.15586522,-0.07416010,-0.31214628,3.20791310,0.96305790,0.03205135,-0.00079483,0.02673980,0.99912815,3.32846474,1.22480435,0.01906058,3.47283615,0.79569381,0.01910595,2.91023597,1.13056486,0.05531564,3.05622896,0.88068310,0.01710806,2.01280396,2.78169012,-3.26873279,0.03021743,0.02207495,-0.10567331,0.32903978,2.31811867,-1.15926638,-0.19636541,1.70302665,-2.59850383
0.59303669,-0.30848021,-0.04854888,-0.03673587,-0.11692583,-1.37569342,-0.15132134,0.56138692,-1.43627002,0.24228552,0.69640098,-1.09718382,0.16478748,0.72686706,-1.62352343,0.07013470,1.10886397,-1.59540670,0.56219025,-0.01542790,0.03905753,0.32796568,0.14150385,0.24567167,-0.31031041,0.24520840,-0.16929724,-0.30882842,-0.28304659,0.17877317,-0.26651960,-0.16683167,-0.07328737,-0.30999971,3.22002772,0.95721412,0.03177717,-0.00231195,0.01298551,0.99940795,3.35514387,1.20645604,0.01765527,3.46952385,0.79430188,0.01913727,2.93246144,1.12862256,0.06144609,3.05514311,0.87964538,0.01796598,1.86137931,2.88173151,-2.63255858,-1.38537516,0.68482085,-3.10040311,0.26528334,2.56176758,-1.27173030,-0.60937551,1.49694431,-3.69356608
0.59455418,-0.25698953,-0.06325935,-0.18750770,-0.16223479,-1.22209768,-0.11653077,0.61710423,-1.47458971,0.18443619,0.73261023,-1.22217417,0.17072879,0.77984059,-1.64667153,0.05394067,1.12593806,-1.67549074,0.56219025,-0.01542790,0.03905753,0.32652274,0.15374971,0.22293890,-0.30880009,0.23385438,-0.15940753,-0.30801646,-0.27220349,0.17240763,-0.26019053,-0.17818322,-0.07317834,-0.30781825,3.23193182,0.95206064,0.03007117,-0.00425890,0.00058004,0.99953852,3.38548006,1.17513835,0.01772265,3.46593012,0.79286444,0.01850627,2.95957269,1.12422228,0.06633221,3.05381478,0.87872136,0.01870449,1.71974778,2.76519275,-1.79303157,-3.14089608,1.99395764,-6.74356651,0.30531672,2.66161656,-1.13630533,-0.82715321,0.73090547,-4.02163982
0.59754340,-0.22309514,-0.06795196,-0.36779918,-0.11313291,-1.07984443,-0.08314703,0.66806409,-1.50713441,0.09774364,0.76344237,-1.39459403,0.17927495,0.82722982,-1.66150413,0.04269958,1.11284068,-1.74161854,0.56219025,-0.01542790,0.03905753,0.32505260,0.17482318,0.18985791,-0.30293940,0.22330134,-0.15122700,-0.30651853,-0.25645469,0.16689454,-0.25635359,-0.18905723,-0.07325220,-0.30603630,3.24381265,0.94742395,0.02639706,-0.00570331,-0.01020982,0.99958313,3.42253093,1.13361993,0.02211320,3.46393365,0.79160405,0.01853406,2.99086994,1.11959474,0.06869901,3.05327868,0.87810349,0.01901630,1.67006235,2.54206371,-1.62087095,-4.37206850,1.49699082,-8.63210926,0.43356171,2.37230492,-0.74269003,-0.55783491,-0.68782134,-3.28945374
0.58364973,-0.19993771,-0.05572827,-0.52276070,-0.16790123,-0.90468516,-0.04944433,0.71575789,-1.53355539,-0.01251115,0.75356643,-1.56099341,0.19251884,0.87692915,-1.67663803,0.03373860,1.07759497,-1.79237881,0.56219025,-0.01542790,0.03905753,0.32390749,0.20528153,0.15129226,-0.29369913,0.21352260,-0.14399144,-0.30460784,-0.23778107,0.16160909,-0.25501318,-0.19997781,-0.07296438,-0.30396375,3.25537156,0.94300998,0.02120623,-0.00766831,-0.01928681,0.99955966,3.46638097,1.08620524,0.03020836,3.46313342,0.79082443,0.01929965,3.02405466,1.11374319,0.06889431,3.05270771,0.87787712,0.01994374,1.68394756,2.38167477,-1.29163306,-5.56115522,-0.67779557,-8.20418053,0.67790270,2.49384975,-0.75440592,-0.44634575,-1.81900675,-2.46901827
0.57609148,-0.18139581,-0.04591618,-0.59023116,-0.23021150,-0.77704771,-0.01790180,0.76201688,-1.55066273,-0.13822146,0.68737202,-1.68194065,0.20878431,0.92966067,-1.68915343,0.02349246,1.02022592,-1.82222528,0.56219025,-0.01542790,0.03905753,0.32309570,0.24188042,0.11176990,-0.28225314,0.20342718,-0.13791021,-0.30295453,-0.21690576,0.15594321,-0.25658178,-0.21155993,-0.07224242,-0.30207754,3.26668619,0.93878318,0.01530419,-0.01017522,-0.02701255,0.99946614,3.51428064,1.03724960,0.04084255,3.46232204,0.79002681,0.02014117,3.05857119,1.10627806,0.06651391,3.05151452,0.87813894,0.02101815,1.55789912,2.30463114,-0.82106205,-6.34323845,-3.50490808,-5.82441711,0.81207323,2.64913034,-0.60416362,-0.52856538,-2.97624254,-1.42117591
0.60409790,-0.17419897,-0.02933762,-0.67234086,-0.33690673,-0.70572975,0.01274052,0.80477659,-1.55414374,-0.26582066,0.58539112,-1.75054507,0.22566570,0.98323578,-1.69713783,0.00943303,0.93995789,-1.83155184,0.56219025,-0.01542790,0.03905753,0.32269309,0.27844614,0.07526068,-0.26827036,0.19316440,-0.13247387,-0.30219516,-0.19275335,0.14912456,-0.26093709,-0.22321291,-0.07172023,-0.30079037,3.27844051,0.93450984,0.00873258,-0.01370704,-0.03403519,0.99928848,3.56137594,0.99058090,0.05442273,3.46210794,0.78915479,0.02049793,3.09632019,1.09644864,0.06175600,3.05085115,0.87819930,0.02190272,1.54234102,2.11131048,-0.07209205,-6.34112549,-5.26172190,-3.12973709,0.85142910,2.67463636,-0.37551639,-0.72484583,-4.13460064,-0.33227634
0.63706854,-0.19672476,-0.01025933,-0.66202193,-0.35729342,-0.75075497,0.04644175,0.84724402,-1.55189419,-0.36765912,0.47226593,-1.77368665,0.24239850,1.03953576,-1.70048475,-0.00804659,0.84354484,-1.81544089,0.56219025,-0.01542790,0.03905753,0.32283911,0.31085810,0.04854997,-0.25326095,0.18239522,-0.12608565,-0.30192341,-0.16733793,0.14136545,-0.26765812,-0.23596460,-0.07130874,-0.29973648,3.29074158,0.92964613,0.00208722,-0.01756588,-0.04131653,0.99898950,3.60454930,0.95233023,0.06957816,3.46208848,0.78891289,0.02091570,3.13566364,1.08436203,0.05518099,3.04968943,0.87808949,0.02310263,1.71053791,2.13378668,0.11880397,-4.85373211,-5.68636322,-0.85269207,0.83147401,2.84430718,-0.13282299,-0.89724553,-4.92150259,0.99289650
0.68379830,-0.22611064,0.01996028,-0.64216272,-0.32963483,-0.83914502,0.07729819,0.88522779,-1.54024382,-0.42076882,0.38653872,-1.74329643,0.25988542,1.09473429,-1.69341347,-0.02201191,0.73598615,-1.76652145,0.56219025,-0.01542790,0.03905753,0.32384563,0.33208123,0.03286451,-0.24657462,0.17135523,-0.12028169,-0.30237051,-0.14197517,0.13423406,-0.27653033,-0.25011854,-0.07038975,-0.29937807,3.30383400,0.92382683,-0.00436348,-0.02116666,-0.04955451,0.99853757,3.63753747,0.92369759,0.07727101,3.46245746,0.78719265,0.02147512,3.17582611,1.07144022,0.04731530,3.04798154,0.87851107,0.02446756,1.54274833,1.90213811,0.58591889,-2.56474175,-4.25423346,1.60521836,0.86343271,2.74965882,0.37048243,-0.69924245,-5.38216667,2.48161693
0.75593211,-0.24972743,0.02068633,-0.61103212,-0.22365538,-0.92186814,0.10948563,0.92405592,-1.52644753,-0.43253371,0.32686362,-1.68310180,0.27215053,1.14417887,-1.67544029,-0.03335330,0.62590247,-1.69434938,0.56219025,-0.01542790,0.03905753,0.32507157,0.34557039,0.02479357,-0.24828793,0.15902786,-0.11386098,-0.30302526,-0.11760792,0.12758176,-0.28642544,-0.26516586,-0.07062894,-0.29936966,3.31817240,0.91715297,-0.01051462,-0.02372018,-0.05857909,0.99794553,3.66427726,0.90149915,0.07678364,3.46284513,0.78553236,0.02204631,3.21623653,1.05757308,0.03864612,3.04658164,0.87791216,0.02570191,1.62305100,1.93509996,0.69427150,-0.62851163,-2.88386846,2.87923746,0.61560446,2.46602559,0.92308608,-0.53594879,-5.50827065,3.66290460
0.80664007,-0.25011625,0.01832646,-0.66699644,-0.15274695,-1.02732788,0.14205959,0.95989749,-1.50900524,-0.45052831,0.30187457,-1.64604375,0.28869964,1.19107232,-1.65132973,-0.03628895,0.52347925,-1.61321285,0.56219025,-0.01542790,0.03905753,0.32644768,0.35139764,0.01473181,-0.24989701,0.14650921,-0.10767023,-0.30369844,-0.09534800,0.12264316,-0.29560840,-0.28105184,-0.07003972,-0.29911698,3.33336329,0.91003889,-0.01728502,-0.02555018,-0.06858949,0.99716794,3.68349618,0.87680809,0.07655067,3.46385521,0.78343050,0.02274924,3.25559434,1.04451780,0.03083929,3.04539417,0.87890229,0.02733071,1.60520494,1.77482617,0.89966009,-0.88149220,-1.10236461,1.88252444,0.86559711,2.33156767,1.21804750,-0.12496626,-5.03638210,4.03786883
0.83595381,-0.24542372,0.01592983,-0.63784344,-0.09517276,-1.17344675,0.17357301,0.99827261,-1.48918836,-0.41818629,0.29890150,-1.59919460,0.30471716,1.23609214,-1.62700412,-0.03781608,0.45714703,-1.55237639,0.56219025,-0.01542790,0.03905753,0.32792112,0.35126809,0.01598352,-0.25806298,0.13240751,-0.10178276,-0.30391125,-0.08085205,0.11815383,-0.30256268,-0.29684131,-0.06976144,-0.29792263,3.34901165,0.90261806,-0.02394671,-0.02681041,-0.07995550,0.99615003,3.69838199,0.86280463,0.06985814,3.46364101,0.78116195,0.02400987,3.28787898,1.03207917,0.02535844,3.04487061,0.88071723,0.02999850,1.58855803,1.96134350,0.98704429,2.10222915,-0.07558143,2.41074638,0.75741823,2.24535942,1.20591104,-0.08408769,-3.04047966,2.85777974
0.80327512,-0.23807509,-0.01837305,-0.46048013,-0.13877029,-1.21798943,0.19740315,1.03115869,-1.46297538,-0.37421578,0.32383651,-1.55674422,0.31530485,1.27798140,-1.60371315,-0.03484029,0.44689357,-1.51905739,0.56219025,-0.01542790,0.03905753,0.32889876,0.34378381,0.02051460,-0.26945530,0.11873616,-0.09726198,-0.30432798,-0.07954605,0.11586943,-0.30908924,-0.31155673,-0.07031539,-0.29630010,3.36405505,0.89502162,-0.02902953,-0.02819429,-0.09195281,0.99494073,3.70584454,0.85273564,0.05944346,3.46314444,0.77780616,0.02457078,3.30688418,1.02341473,0.01980951,3.04490842,0.88248056,0.03259866,1.10823059,1.56811941,1.37650955,2.07224607,1.48929465,2.04438686,0.49681482,2.06597328,1.15938652,0.19768438,-0.08995055,1.48279655
0.73419149,-0.23827040,-0.05532356,-0.19461911,-0.15796183,-1.20575690,0.21648622,1.06477690,-1.44818771,-0.32684166,0.36196328,-1.50368185,0.31529124,1.32420750,-1.60191994,-0.02096220,0.51252426,-1.54457741,0.56219025,-0.01542790,0.03905753,0.32904560,0.33079208,0.02771543,-0.28416862,0.10681576,-0.09262513,-0.30321325,-0.09489165,0.11900578,-0.31077588,-0.32316781,-0.07286777,-0.29183421,3.37747759,0.88728660,-0.03121682,-0.02959174,-0.10395017,0.99365195,3.70691885,0.84654350,0.04487698,3.46301698,0.77471647,0.02583235,3.30902118,1.02322968,0.01826972,3.04623446,0.88227365,0.03721139,0.95257646,1.68617237,0.71896071,2.40711617,1.88924742,2.73993292,-0.00770688,2.32576985,0.04663609,0.69385164,3.31407785,-1.31584024
0.72741705,-0.23156953,-0.10966383,-0.01682337,-0.11556053,-1.15709378,0.23417704,1.10293274,-1.44644086,-0.27117639,0.40187044,-1.44658175,0.30940409,1.37791376,-1.62788429,-0.00732317,0.58081232,-1.57657886,0.56219025,-0.01542790,0.03905753,0.32818595,0.31532777,0.03959051,-0.29943776,0.09563384,-0.08780946,-0.30041522,-0.11075099,0.12318578,-0.31014568,-0.33125204,-0.07685665,-0.28373339,3.39062590,0.87936624,-0.03166980,-0.03045571,-0.11547933,0.99233764,3.70668234,0.84608955,0.02874819,3.46374415,0.77208133,0.02777072,3.31084603,1.02454094,0.01804026,3.05057520,0.87998374,0.04445255,0.87850457,1.92685883,0.05904865,2.67412329,2.09861708,2.46130915,-0.31795906,2.68778920,-1.36066953,0.67982438,3.27825794,-1.46568918
0.76519842,-0.21475957,-0.14734590,0.14406082,0.00232099,-0.98296116,0.24645828,1.13997662,-1.45824072,-0.24741952,0.46364400,-1.47133546,0.29328495,1.41749866,-1.67071931,0.00273450,0.63384138,-1.59707301,0.56219025,-0.01542790,0.03905753,0.32651037,0.29926421,0.04754704,-0.30180099,0.08668514,-0.08429748,-0.29650359,-0.12409924,0.12697382,-0.30915031,-0.33278256,-0.08249058,-0.27509193,3.40442761,0.87120510,-0.03071552,-0.03005659,-0.12554374,0.99115686,3.70614661,0.84317946,0.02470938,3.46754345,0.76807039,0.03000678,3.31562838,1.02495056,0.01736006,3.06158241,0.87367364,0.05141844,0.57203861,1.80294077,-0.66887279,1.08704040,3.10082340,-1.26883214,-0.86107421,1.83307869,-2.18555384,0.47132452,2.77115307,-1.17840092
0.82211119,-0.19104618,-0.12401239,0.42619989,0.22829363,-0.69263573,0.23748933,1.15859277,-1.48075249,-0.23352022,0.52074273,-1.50207009,0.26095720,1.41666691,-1.71468775,0.00745274,0.68936743,-1.61640990,0.56219025,-0.01542790,0.03905753,0.32516068,0.28366516,0.05431967,-0.30303254,0.08387586,-0.08579220,-0.29347297,-0.13988907,0.13035499,-0.30706142,-0.32539600,-0.08960494,-0.26949072,3.41923808,0.86309119,-0.02732132,-0.02737316,-0.13275630,0.99039387,3.70722684,0.84120450,0.02212814,3.47771057,0.75832274,0.03168771,3.31838221,1.02553955,0.01809926,3.08173241,0.86185673,0.05566996,-0.61892577,0.79578345,-1.15382756,0.69719207,2.79604292,-1.56539428,-1.72335639,-0.29958770,-2.16595311,0.21407643,2.68157148,-0.80157850
0.87766530,-0.20044212,-0.15945092,0.54044571,0.42791299,-0.58315178,0.20298876,1.16404080,-1.55849946,-0.22750287,0.58448899,-1.54855680,0.23276855,1.38235509,-1.76404369,0.00990025,0.73811907,-1.62709188,0.56219025,-0.01542790,0.03905753,0.32318562,0.26658721,0.05986095,-0.30231206,0.09434044,-0.09479021,-0.28650180,-0.15604896,0.13346776,-0.30458829,-0.31016114,-0.09440250,-0.26584387,3.43499364,0.85438573,-0.02276776,-0.02251964,-0.13866896,0.98982090,3.70778288,0.83895504,0.02087356,3.49977006,0.73738438,0.03668383,3.32145919,1.02548468,0.01859733,3.11083712,0.84852773,0.05734175,-1.89510572,0.20823239,-4.42558050,0.22093444,3.28323460,-2.46752477,-1.31455684,-1.92139137,-2.53790593,0.11058574,2.41720295,-0.53018332
0.88365574,-0.21011602,-0.15638168,0.54634763,0.39350477,-0.59092462,0.16175568,1.13886375,-1.63091326,-0.21832704,0.64883075,-1.59128859,0.20928628,1.32986193,-1.82481480,0.01145737,0.78317595,-1.63641572,0.56219025,-0.01542790,0.03905753,0.32089459,0.24936117,0.06642123,-0.30091535,0.11193316,-0.10494022,-0.28119500,-0.17120061,0.13642553,-0.30128919,-0.28881026,-0.09815998,-0.26173261,3.45082115,0.84519528,-0.01801177,-0.01771796,-0.14449960,0.98918225,3.70876712,0.83766850,0.01997924,3.52813977,0.71266863,0.03969959,3.32568926,1.02481594,0.01960540,3.14600729,0.83356538,0.05916197,-2.07490301,-1.25731790,-3.63222003,0.46669790,3.21504998,-2.12592742,-1.17990220,-2.64470077,-3.02559590,0.08044167,2.24856520,-0.45777082
0.86642444,-0.20637874,-0.12089652,0.49374267,0.32532288,-0.76966816,0.11441419,1.10308805,-1.71097298,-0.20398803,0.71081235,-1.62354124,0.18221777,1.25953164,-1.87085152,0.01408429,0.82615447,-1.63965530,0.56219025,-0.01542790,0.03905753,0.31905649,0.23240282,0.07393863,-0.29959845,0.13329040,-0.11692765,-0.27306083,-0.18604835,0.13942118,-0.29844122,-0.26602535,-0.10290492,-0.25887427,3.46617874,0.83597885,-0.01373444,-0.01360092,-0.15202609,0.98818746,3.71005868,0.83673171,0.01945804,3.55821456,0.68442750,0.04599566,3.33057217,1.02482564,0.02061526,3.18153080,0.81769059,0.06018222,-2.36191187,-1.90244420,-4.02179418,0.72905010,3.08566737,-1.56115000,-1.36034372,-3.59467206,-2.21928816,0.12911587,2.14953661,-0.14324141
0.84970113,-0.20931175,-0.06739144,0.49066744,0.23506553,-0.98799634,0.07539218,1.02077341,-1.79051535,-0.18772920,0.76759036,-1.64040854,0.15775899,1.15667887,-1.88588004,0.01430623,0.86870071,-1.63675802,0.56219025,-0.01542790,0.03905753,0.31810362,0.21576918,0.08163120,-0.29910092,0.16603556,-0.12604159,-0.26454628,-0.20115540,0.14179428,-0.29627044,-0.24039330,-0.10642215,-0.26036550,3.48102445,0.82660779,-0.00936408,-0.01032962,-0.16161116,0.98675602,3.71155957,0.83518379,0.01900270,3.59820808,0.65420626,0.05355735,3.33557638,1.02513732,0.02183318,3.21924609,0.80238572,0.05773813,-1.87823098,-4.35380278,-3.93432841,0.80793977,2.81368923,-0.79247614,-1.18300521,-5.31154747,-0.60643954,-0.00849221,2.12176824,0.16875744
0.83501961,-0.23135742,-0.02315605,0.38586410,0.08715619,-1.21193132,0.03823399,0.87985806,-1.83302724,-0.16820709,0.81783242,-1.64342449,0.13844949,1.02691293,-1.87477546,0.01026634,0.91211213,-1.63246820,0.56219025,-0.01542790,0.03905753,0.31790727,0.20017778,0.08964445,-0.29897692,0.20764079,-0.13429145,-0.25717919,-0.21584074,0.14262470,-0.29470120,-0.21095333,-0.10869691,-0.26482402,3.49521979,0.81663114,-0.00567453,-0.00851997,-0.17335230,0.98480668,3.71397513,0.83254881,0.01893035,3.64453796,0.61951956,0.06072808,3.34103931,1.02437476,0.02320608,3.25983180,0.78648449,0.05308326,-1.91214054,-7.39370251,-1.79807982,1.01373994,2.47195435,-0.06317281,-0.95391595,-6.58851910,0.67157359,-0.22502337,2.18476653,0.20452307
0.81538271,-0.25268932,0.03824681,0.20919078,-0.01768041,-1.58418108,0.00461718,0.70033079,-1.81688941,-0.14151777,0.86057538,-1.62885928,0.11748426,0.89404744,-1.83723390,0.00276889,0.95538509,-1.62529361,0.56219025,-0.01542790,0.03905753,0.31879663,0.18509403,0.09870413,-0.29983611,0.25189568,-0.14178913,-0.25193571,-0.23004560,0.14170173,-0.29420109,-0.18242444,-0.11206159,-0.27063359,3.50860991,0.80600131,-0.00348288,-0.00808145,-0.18839961,0.98205303,3.71708955,0.82920790,0.01896052,3.69015850,0.58106643,0.06686093,3.34732808,1.02276969,0.02459554,3.29766764,0.76939756,0.04816304,-1.61831117,-9.18851471,1.22963178,1.38732064,2.08223104,0.86025947,-1.07059789,-6.62415838,2.08327532,-0.39793375,2.15516567,0.39256093
0.79835539,-0.20375270,0.07017789,0.02864774,-0.21233826,-1.55483802,-0.03127544,0.52286093,-1.73974030,-0.11207784,0.89567344,-1.59714925,0.10980720,0.76128677,-1.77421288,-0.00706078,1.00721655,-1.61896584,0.56219025,-0.01542790,0.03905753,0.32052996,0.17086584,0.10789072,-0.30128678,0.29213076,-0.15055431,-0.24868518,-0.24507064,0.13955092,-0.29415354,-0.15376543,-0.11271203,-0.27872187,3.52159905,0.79590830,-0.00289840,-0.01000503,-0.20368050,0.97898200,3.72131723,0.82670097,0.01924318,3.72944545,0.54133639,0.07184478,3.35251955,1.02162095,0.02637642,3.33563952,0.75387424,0.04180809,-1.80260842,-8.83344278,3.92528172,1.46412063,1.75139725,1.60527840,-0.37831930,-6.62250328,3.17396998,-0.49381942,2.59758115,0.32121846
0.79593454,-0.18414037,0.08410755,-0.06344876,-0.32945685,-1.41788621,-0.06721615,0.38131225,-1.62619512,-0.08681814,0.92689776,-1.55338891,0.10715191,0.63979293,-1.69675589,-0.01751136,1.06186566,-1.60893176,0.56219025,-0.01542790,0.03905753,0.32261555,0.15624590,0.11569260,-0.30332244,0.32289161,-0.15974334,-0.24993538,-0.26066220,0.13706947,-0.29446006,-0.12712766,-0.11208180,-0.28756064,3.53442358,0.78584243,-0.00294292,-0.01332153,-0.21765760,0.97592984,3.72502216,0.82417960,0.01929311,3.75883788,0.50403550,0.07268017,3.35670685,1.02068192,0.02815550,3.37171806,0.73840104,0.03505491,-1.75762866,-6.91847353,5.70208549,1.26056137,1.54000771,2.20963516,-0.11021625,-6.03967285,3.90261254,-0.51705942,2.73059011,0.51461788
0.78143527,-0.17521851,0.10756919,-0.06366705,-0.32282009,-1.08028042,-0.08775883,0.28721654,-1.50211463,-0.06513389,0.95139492,-1.50224040,0.10942508,0.53283495,-1.61179030,-0.02736446,1.11226480,-1.59132524,0.56219025,-0.01542790,0.03905753,0.32523904,0.14180833,0.12249948,-0.30583202,0.34156885,-0.16566100,-0.25781877,-0.27644104,0.13472475,-0.29499454,-0.10381276,-0.11000672,-0.29646189,3.54681839,0.77576333,-0.00306834,-0.01658391,-0.22856180,0.97338331,3.72832994,0.82233889,0.01940702,3.77894858,0.47538288,0.06742027,3.35923871,1.01945221,0.03024450,3.40489163,0.72346264,0.02877715,-0.95196728,-4.54817553,6.25972319,1.05330508,1.20000238,2.58807111,0.11784634,-5.27257824,4.26383972,-0.49761888,2.48118758,0.93022296
0.77316823,-0.16886247,0.11303885,0.08390660,-0.28644996,-0.65855230,-0.09485492,0.22450362,-1.38329349,-0.05265065,0.97176046,-1.45010154,0.10957932,0.45563990,-1.53903916,-0.04007778,1.15459487,-1.56664925,0.56219025,-0.01542790,0.03905753,0.32807705,0.12742364,0.12731123,-0.30840134,0.35173887,-0.16779547,-0.27016602,-0.29180877,0.13220997,-0.29552497,-0.08732541,-0.10800387,-0.30382514,3.55894770,0.76572508,-0.00189478,-0.01925643,-0.23542176,0.97170067,3.73051633,0.82058070,0.01967571,3.79485244,0.45552433,0.05791103,3.36003427,1.01685309,0.03255209,3.43186754,0.70967869,0.02425191,-0.29550512,-2.97842741,5.83276415,0.56305962,1.00181646,2.58620000,-0.01766494,-3.63744354,3.49985199,-0.65930417,2.07458205,1.25459709
0.75730683,-0.17193502,0.11260182,0.25917828,-0.23261108,-0.32234170,-0.08878094,0.17317154,-1.31636584,-0.04638294,0.98359525,-1.39519024,0.11274344,0.41785488,-1.49035823,-0.05438857,1.18585753,-1.53567815,0.56219025,-0.01542790,0.03905753,0.33089939,0.11396947,0.13110253,-0.31143893,0.36196928,-0.16464927,-0.27606207,-0.30610456,0.12997896,-0.29595643,-0.08027445,-0.10443580,-0.31008172,3.57072200,0.75566727,0.00088343,-0.02102613,-0.23903758,0.97078224,3.73254909,0.81882507,0.01946045,3.81478442,0.44171715,0.05483732,3.36002602,1.01296425,0.03494295,3.45112123,0.70047235,0.02081767,0.40574980,-2.53140521,2.88159347,0.28178126,0.51466227,2.78366065,0.20099355,-1.60630512,2.26219654,-0.71969497,1.47341955,1.60110700
0.76800239,-0.17114610,0.07750622,0.30596328,-0.29194274,-0.19825398,-0.10090584,0.16255498,-1.20847292,-0.04070512,0.99416463,-1.33716466,0.11233133,0.43726352,-1.47255924,-0.06448599,1.21559522,-1.50710161,0.56219025,-0.01542790,0.03905753,0.33306581,0.09995311,0.13538914,-0.31368720,0.35602571,-0.16733331,-0.29404703,-0.31957551,0.12950688,-0.29503399,-0.08696890,-0.10138250,-0.31647993,3.58260392,0.74544026,0.00449845,-0.02312877,-0.24102751,0.97023222,3.73432554,0.81825093,0.01937861,3.81880068,0.43085189,0.03901878,3.36089701,1.00953604,0.03803183,3.45828117,0.69659505,0.01658588,-0.62918799,-0.40937409,5.29508214,0.27628039,0.53400849,2.88490796,-0.00111151,1.05856309,0.80630343,-0.49826449,1.49362552,1.40629281
0.76658380,-0.13969679,0.00207934,0.27882545,-0.32335969,-0.20411485,-0.10842856,0.21910878,-1.18578739,-0.03832028,1.01053493,-1.29062068,0.12167994,0.50351407,-1.50555179,-0.07041541,1.25437367,-1.50186870,0.56219025,-0.01542790,0.03905753,0.33385453,0.08625361,0.13870411,-0.31388421,0.33675759,-0.16806774,-0.30630960,-0.33068826,0.13033226,-0.29066568,-0.10223990,-0.09599679,-0.31837905,3.59475297,0.73573326,0.00801379,-0.02554770,-0.24301966,0.96965176,3.73628000,0.81727229,0.01997032,3.81224360,0.42856837,0.02754493,3.36479410,1.00676857,0.04318884,3.45930008,0.69938915,0.01547548,-0.21539967,2.89212537,0.78001924,0.12436660,0.84882685,2.29423552,0.46756729,3.34029174,-1.73931153,-0.28782425,1.99562342,0.14087962
0.79921007,-0.11904897,-0.12370866,0.10752976,-0.26755946,-0.33624810,-0.07686963,0.29819901,-1.25747926,-0.03536862,1.03623979,-1.25650227,0.13012747,0.56737580,-1.54598563,-0.06929777,1.30848863,-1.53504341,0.56219025,-0.01542790,0.03905753,0.33231261,0.07216471,0.14119110,-0.31183747,0.32086462,-0.15622636,-0.30722611,-0.33769762,0.13232211,-0.28160009,-0.11554624,-0.09226963,-0.31763951,3.60769652,0.72604229,0.00980596,-0.02802008,-0.24612315,0.96878383,3.73857397,0.81556194,0.02047514,3.81484999,0.43544253,0.02508650,3.37433118,1.00369215,0.05071252,3.46210002,0.70022993,0.01467310,1.64729085,4.05100489,-3.81985292,0.14300192,1.31796448,1.64759147,0.41309163,3.11366968,-1.91673644,0.10905923,2.74571061,-1.80127985
0.82295787,-0.09641825,-0.17349408,0.00538917,0.03521039,-0.44061795,-0.06353949,0.36568109,-1.31332552,-0.03221514,1.06793783,-1.24952242,0.13555576,0.63078649,-1.58835194,-0.05370408,1.34153836,-1.57472360,0.56219025,-0.01542790,0.03905753,0.32961486,0.06054278,0.14225655,-0.30789189,0.30575814,-0.15175385,-0.30691895,-0.33850621,0.13667101,-0.27308006,-0.12939988,-0.09116650,-0.31472002,3.62129878,0.71636698,0.00980900,-0.02808668,-0.25033124,0.96770305,3.74330801,0.81132014,0.02172297,3.81488298,0.43522213,0.02269591,3.39176272,1.00023072,0.05653480,3.46390866,0.69951432,0.01489484,0.41487450,3.16152849,-2.39859705,0.16427291,1.61211193,0.13593577,0.25050686,3.24544048,-2.24259546,0.87126756,1.40187116,-1.90651975
0.82628666,-0.08759112,-0.16928668,0.03397728,0.38220513,-0.46161441,-0.04881505,0.42551419,-1.36409175,-0.03012406,1.09548342,-1.28251600,0.13444602,0.69057107,-1.62055647,-0.02706022,1.32643402,-1.60775697,0.56219025,-0.01542790,0.03905753,0.32689399,0.05681362,0.14202965,-0.30315554,0.29089592,-0.14788771,-0.30713712,-0.32958596,0.14280558,-0.26898314,-0.14497589,-0.09287566,-0.31123953,3.63497867,0.70671749,0.00910636,-0.02482584,-0.25481575,0.96662800,3.75448813,0.80220413,0.02373844,3.81498899,0.43452731,0.01975686,3.41881050,0.99358273,0.05791084,3.46305193,0.69749284,0.01565445,0.87598145,3.02145290,-2.68436885,0.09063027,1.32215011,-1.94288480,-0.11041313,2.91551447,-1.44646871,1.39690316,-1.11145020,-1.62394512
0.84360756,-0.04845649,-0.16387517,-0.00150909,0.46543130,-0.54234513,-0.02393112,0.49477669,-1.43444335,-0.04441802,1.11397212,-1.36749775,0.13465411,0.74696006,-1.64429436,-0.00349424,1.27583067,-1.65049722,0.56219025,-0.01542790,0.03905753,0.32416490,0.06617812,0.13635009,-0.29839457,0.27517306,-0.14143426,-0.30492944,-0.31002732,0.14769599,-0.26773981,-0.16086274,-0.09459478,-0.30768115,3.64919662,0.69740905,0.00779382,-0.02035214,-0.26010834,0.96533347,3.77495917,0.78199432,0.02577032,3.81594018,0.43679353,0.01923545,3.45547365,0.98096231,0.05642509,3.46258415,0.69652545,0.01648374,1.22741108,3.45473228,-3.48654532,-0.75335023,0.92054552,-4.33313198,0.00888598,2.81629491,-1.17807902,1.16581560,-2.53052878,-2.16885552
0.85802887,-0.01637634,-0.13172324,-0.13573335,0.41239794,-0.51794733,-0.00728456,0.56041437,-1.48706205,-0.07621399,1.12701595,-1.49658005,0.13497706,0.80128495,-1.66227603,0.01581931,1.22481725,-1.70876744,0.56219025,-0.01542790,0.03905753,0.32203310,0.08646451,0.12537572,-0.29144048,0.25956095,-0.13825251,-0.30276492,-0.28705366,0.15104298,-0.26472914,-0.17593287,-0.09672622,-0.30442073,3.66384076,0.68834294,0.00541311,-0.01674255,-0.26510291,0.96405956,3.80227183,0.75184114,0.03059262,3.81614560,0.43677013,0.01926818,3.49445576,0.96496996,0.05730396,3.46318955,0.69522965,0.01761237,0.83387961,3.28759837,-2.60877776,-1.57155607,0.61718841,-6.47489643,0.02488732,2.71137404,-0.88559669,0.98556956,-2.55296206,-2.90959430
0.86869972,0.00577228,-0.12270762,-0.30887145,0.36094326,-0.47388618,0.00809737,0.62777380,-1.52785552,-0.11573277,1.12844446,-1.64648864,0.13699104,0.85685059,-1.67644117,0.04229820,1.16248515,-1.75418725,0.56219025,-0.01542790,0.03905753,0.32000855,0.11349069,0.11258520,-0.28087671,0.24313105,-0.13631194,-0.30064110,-0.26333146,0.15559635,-0.26224893,-0.19087762,-0.09910238,-0.30130207,3.67878746,0.67940732,0.00149670,-0.01399377,-0.26972366,0.96283492,3.83425507,0.71662813,0.03913184,3.81568812,0.43660728,0.01936746,3.53464812,0.94918044,0.05775962,3.46420650,0.69391787,0.01870648,0.75334697,3.37375951,-1.96573431,-2.08965120,0.02527857,-7.66212826,0.10012972,2.80042982,-0.69706529,1.35581365,-3.22520947,-2.15031893
0.84631057,0.02532817,-0.07901454,-0.40857038,0.26902000,-0.31525378,0.02116733,0.69059833,-1.55169384,-0.16203684,1.06985018,-1.78355987,0.13935277,0.90915803,-1.68422945,0.06734790,1.06904848,-1.77304559,0.56219025,-0.01542790,0.03905753,0.31873806,0.15273810,0.09856355,-0.27090790,0.22703506,-0.13534279,-0.29927813,-0.23559543,0.15975967,-0.26359715,-0.20481776,-0.10154944,-0.29892609,3.69354652,0.67085406,-0.00315338,-0.01240199,-0.27290309,0.96195642,3.87528872,0.67452530,0.04783016,3.81568431,0.43645067,0.01945993,3.57694587,0.93053203,0.05514090,3.46591558,0.69199064,0.01981197,0.64612756,3.09008908,-1.09630387,-2.26934409,-3.48379469,-6.55848846,0.12213349,2.56064177,-0.33683680,1.20632377,-4.87427430,-0.79797356
0.82942028,0.04370137,-0.03801146,-0.53724065,0.11303815,-0.05715064,0.03159471,0.74854928,-1.55793118,-0.20038746,0.92107594,-1.85243487,0.14167999,0.96222746,-1.68690884,0.08869974,0.95558423,-1.76675713,0.56219025,-0.01542790,0.03905753,0.31833464,0.20240589,0.08655936,-0.26498879,0.21127978,-0.13529431,-0.29866476,-0.20530259,0.16301707,-0.26766331,-0.21851783,-0.10411176,-0.29732777,3.70812549,0.66279018,-0.00851951,-0.01249931,-0.27374584,0.96168311,3.92577876,0.62980962,0.05334584,3.81651320,0.43652529,0.01966988,3.61941589,0.90947688,0.05067132,3.46753277,0.68933153,0.02100687,0.49862844,2.87438011,-0.18366335,-1.86092639,-8.06347084,-2.90932393,0.11399209,2.68845654,-0.10916948,1.05369413,-5.77226734,0.49341914
0.80292886,0.04507620,0.01564018,-0.53811573,-0.00267908,0.04588518,0.03639411,0.79842856,-1.54780583,-0.23322086,0.72148896,-1.85393357,0.14470810,1.01810455,-1.68348558,0.09996848,0.83224181,-1.73168542,0.56219025,-0.01542790,0.03905753,0.31914643,0.25458854,0.07674804,-0.25795602,0.19627240,-0.13660333,-0.29875705,-0.17474824,0.16406320,-0.27405597,-0.23315664,-0.10614287,-0.29642813,3.72224592,0.65512516,-0.01368756,-0.01394090,-0.27329730,0.96173119,3.97917089,0.58660402,0.06119041,3.81742119,0.43575107,0.02038938,3.65981492,0.88654697,0.04509046,3.46810364,0.68737457,0.02271830,0.22921745,2.47169759,0.53697820,-1.63689308,-9.99522324,0.00863602,0.15384543,2.79615331,0.17444943,0.54440559,-6.16972113,1.77482405
0.81321011,0.03368689,0.05745958,-0.57699377,-0.17362512,0.20564793,0.03821775,0.83911204,-1.52121673,-0.25235291,0.51893349,-1.80107808,0.14951578,1.07534442,-1.67678416,0.09941459,0.70849653,-1.68310616,0.56219025,-0.01542790,0.03905753,0.32095317,0.30312629,0.07084850,-0.25008999,0.18229238,-0.13845696,-0.29981760,-0.14361688,0.16215291,-0.28107388,-0.24769538,-0.10737691,-0.29616880,3.73642696,0.64733090,-0.01871968,-0.01717667,-0.27126928,0.96216813,4.03197640,0.54957821,0.07086318,3.81967348,0.43409193,0.02113557,3.69853782,0.86060019,0.03987928,3.46909927,0.68499663,0.02478437,0.11518763,2.05354636,1.34053934,-0.84347277,-10.07808189,2.76846161,0.24598072,2.86412549,0.35142087,-0.05076582,-6.17828856,2.45784464
0.85511474,-0.00618361,0.06274736,-0.53853308,-0.28003394,0.20210121,0.04251547,0.88108879,-1.48863211,-0.24239094,0.34821348,-1.71713631,0.15425372,1.13435824,-1.66408622,0.08925626,0.59227742,-1.62665761,0.56219025,-0.01542790,0.03905753,0.32310643,0.34294087,0.07235783,-0.24287731,0.16698520,-0.13913292,-0.30116343,-0.11391334,0.15777597,-0.28758417,-0.26333806,-0.10827054,-0.29623756,3.75088915,0.63853058,-0.02323891,-0.02127561,-0.26925710,0.96255281,4.08170184,0.52274173,0.08022911,3.82162999,0.43301231,0.02194299,3.73520068,0.83249804,0.03552225,3.46955589,0.68236030,0.02686887,0.19161583,2.07302563,1.66701782,0.56277980,-8.31702757,4.25657692,0.22500638,2.96416545,0.66216226,-0.55781808,-5.75364351,2.84335732
0.87166612,-0.03393778,0.06963309,-0.42495584,-0.29737624,0.06252766,0.04521474,0.91673890,-1.45115290,-0.21880606,0.24973233,-1.63192356,0.16589647,1.19378550,-1.64709752,0.07262172,0.48848413,-1.56260688,0.56219025,-0.01542790,0.03905753,0.32557648,0.36598691,0.07638125,-0.24153490,0.15225786,-0.13961411,-0.30279215,-0.08765786,0.15200537,-0.29380750,-0.27999378,-0.10669405,-0.29636098,3.76541924,0.62909902,-0.02661677,-0.02538721,-0.26842181,0.96259896,4.11826800,0.50549375,0.08404158,3.82369775,0.43091182,0.02278433,3.76885842,0.80453478,0.03176898,3.47055325,0.68233610,0.02921550,0.14224906,1.74505079,1.88511932,1.25079174,-4.42064066,4.21385908,0.66307617,2.96202254,0.86507744,-0.84658720,-5.12271776,3.25762773
0.88567371,-0.05321830,0.04799065,-0.30762782,-0.23694795,-0.15486616,0.04987098,0.94907182,-1.41459322,-0.18547982,0.20111793,-1.53439617,0.17937565,1.24987698,-1.62747848,0.05298136,0.40509403,-1.50157535,0.56219025,-0.01542790,0.03905753,0.32788399,0.37645623,0.08148264,-0.24954858,0.13773673,-0.13907842,-0.30438542,-0.06686931,0.14554957,-0.29922005,-0.29683168,-0.10439157,-0.29567224,3.77992620,0.61917657,-0.02910999,-0.02858743,-0.26959657,0.96210865,4.14408959,0.49370253,0.07833540,3.82561292,0.42884281,0.02349856,3.79819573,0.77830672,0.02866394,3.47197713,0.68378323,0.03221175,0.24873866,1.60220134,1.81320894,1.72795141,-2.18376064,5.02290440,0.65185362,2.77588582,0.99943393,-1.00464618,-3.99894643,2.99383855
0.88014121,-0.06879250,0.03236808,-0.25916813,-0.11575986,-0.38456928,0.05833022,0.98072060,-1.38243580,-0.19394319,0.17385547,-1.47745490,0.18872022,1.29559467,-1.60158124,0.03533831,0.35750571,-1.45807874,0.56219025,-0.01542790,0.03905753,0.32990854,0.38224378,0.07666267,-0.25492634,0.12308816,-0.13741794,-0.30540101,-0.05528114,0.13937925,-0.30392321,-0.31290469,-0.10330576,-0.29438599,3.79412517,0.60884404,-0.03143337,-0.03032374,-0.27322755,0.96095740,4.15974778,0.47353854,0.07498220,3.82680329,0.42727718,0.02450754,3.82019900,0.75650153,0.02598533,3.47354974,0.68508588,0.03552255,0.42038031,1.56611168,1.61302745,-0.31136975,-1.35888391,2.96315994,0.45250457,2.25872018,1.31728494,-0.87269009,-2.33267844,2.16649959
0.87301091,-0.05915984,0.02955359,-0.15438761,-0.04935812,-0.47819729,0.06481104,1.00491477,-1.34867072,-0.14113401,0.16296373,-1.37711124,0.18832867,1.32817171,-1.56712976,0.02574196,0.34562169,-1.42384999,0.56219025,-0.01542790,0.03905753,0.33195290,0.38057984,0.08749517,-0.27054330,0.10961360,-0.13602616,-0.30666134,-0.05388319,0.13579923,-0.31028680,-0.32788601,-0.10438165,-0.29328543,3.80818624,0.59862320,-0.03294136,-0.03107332,-0.27773743,0.95958910,4.17689637,0.46997929,0.06140960,3.82851199,0.42511493,0.02529156,3.83490800,0.74225738,0.02166610,3.47508067,0.68491021,0.03866747,0.31716598,1.21679795,1.67854774,2.69419050,-0.40207560,4.87072382,-0.04331893,1.63326633,1.69600141,-0.44666144,-0.47084494,1.66041315
0.85045854,-0.03254518,-0.02023599,-0.12859109,-0.03430044,-0.49645984,0.06861898,1.03044214,-1.31978490,-0.09798886,0.19554791,-1.32048767,0.18003950,1.36145985,-1.54448619,0.02307120,0.38991728,-1.43123314,0.56219025,-0.01542790,0.03905753,0.33304933,0.36804959,0.09728757,-0.28509857,0.09634052,-0.13541558,-0.30663432,-0.06551885,0.13437613,-0.31524834,-0.34088364,-0.10766960,-0.28998180,3.82215575,0.58879298,-0.03424711,-0.03162415,-0.28251510,0.95812957,4.18433503,0.47152603,0.04795076,3.82993278,0.42278577,0.02641501,3.83973941,0.73725334,0.01780100,3.47720870,0.68263291,0.04306753,0.17741793,1.27552116,1.41491020,1.95315387,1.77894528,2.68689528,-0.44595172,1.66268909,1.06724445,-0.13059442,2.52986338,-0.68322799
0.82635919,0.01080282,-0.11958190,-0.10584809,0.05011385,-0.41335971,0.07187128,1.06053138,-1.30419672,-0.07138519,0.25240016,-1.28237274,0.17032417,1.40389864,-1.55487533,0.02356314,0.47321388,-1.48684614,0.56219025,-0.01542790,0.03905753,0.33225733,0.34803371,0.10300234,-0.30034630,0.08372106,-0.13516547,-0.30462836,-0.08459311,0.13388673,-0.31473625,-0.34978718,-0.11175320,-0.28236279,3.83610753,0.57967795,-0.03552759,-0.03142356,-0.28652711,0.95689736,4.18368806,0.47515655,0.03191103,3.83208684,0.42073534,0.02762897,3.83869809,0.73802863,0.01752108,3.48226556,0.67783960,0.04989454,0.17003773,1.55092752,0.67581365,1.36887238,2.93555679,1.86494341,-0.46853485,2.21516397,-0.78485004,0.05328069,4.23975596,-2.94887760
0.86670853,0.01791711,-0.20634989,0.03941263,0.16054357,-0.28969586,0.07310289,1.09773743,-1.30572653,-0.07837139,0.34095076,-1.34473252,0.15580834,1.44378185,-1.59837329,0.02932638,0.53823608,-1.52294672,0.56219025,-0.01542790,0.03905753,0.32969901,0.32642136,0.10031774,-0.30274327,0.07139504,-0.13532080,-0.30040224,-0.10098338,0.13524502,-0.31395596,-0.35177133,-0.11669943,-0.27193105,3.85074104,0.57017446,-0.03588958,-0.02987874,-0.28942226,0.95606169,4.17819108,0.47326714,0.02695574,3.83540334,0.41794527,0.02929677,3.84138335,0.73870128,0.01574305,3.49311079,0.66744947,0.05776796,0.03766223,1.90823781,-0.19587277,-0.70455325,4.69804096,-4.10233498,-0.78241193,1.92199218,-2.37328982,0.32653299,3.03090310,-1.52579057
0.89390304,0.00283237,-0.14628421,0.41164445,0.34455807,-0.05108580,0.06416632,1.12617664,-1.32434983,-0.08194476,0.40112808,-1.39480433,0.12470508,1.42558320,-1.63855221,0.03215270,0.60414872,-1.55932751,0.56219025,-0.01542790,0.03905753,0.32798465,0.31006476,0.10047432,-0.30396233,0.06325733,-0.13725711,-0.29602060,-0.11969946,0.13701699,-0.31085387,-0.34182263,-0.12351622,-0.26702982,3.86568140,0.56013814,-0.03306240,-0.02541012,-0.28996248,0.95612916,4.17947015,0.47197996,0.02402233,3.84229001,0.41082690,0.03196405,3.84195360,0.74052275,0.01713078,3.51268834,0.64671103,0.06095483,-0.46204811,1.39284743,-0.97520394,-0.17693557,3.01461077,-2.50524592,-1.54304273,-0.96998253,-2.00267885,0.12527574,3.27172256,-1.78578032
0.95836813,-0.02075159,-0.14339375,0.67262385,0.35220262,0.08955191,0.04888423,1.13415198,-1.38606443,-0.08992320,0.46948249,-1.45293427,0.10205509,1.37358191,-1.68301184,0.02650032,0.65714943,-1.57915621,0.56219025,-0.01542790,0.03905753,0.32623070,0.29140228,0.10082883,-0.30420525,0.06942666,-0.13973662,-0.29163262,-0.13716894,0.13751359,-0.30850618,-0.32342580,-0.12698025,-0.26585031,3.88143105,0.54908971,-0.02767995,-0.02010704,-0.28910998,0.95668435,4.17999124,0.47199526,0.02202546,3.86202363,0.39426808,0.03459809,3.84316248,0.73951246,0.01772452,3.54172830,0.62209846,0.06038039,-0.75146159,0.33969352,-3.29644899,-0.45163757,3.47076797,-2.97879958,-1.10856946,-2.63784146,-2.29712374,-0.28720560,2.64046216,-0.99220985
0.98975656,-0.05235426,-0.15640483,0.72553257,0.29811736,-0.07067628,0.04581918,1.12498355,-1.49424686,-0.10012132,0.54521339,-1.51669989,0.09143913,1.31841831,-1.74593089,0.02111088,0.70711087,-1.59658513,0.56219025,-0.01542790,0.03905753,0.32397103,0.27164715,0.10113144,-0.30264831,0.08996285,-0.13817943,-0.28649291,-0.15379084,0.13855229,-0.30524670,-0.30074242,-0.12733112,-0.26318840,3.89738940,0.53715479,-0.02163011,-0.01511292,-0.28963619,0.95677302,4.17956266,0.47083738,0.02132272,3.89572276,0.37227880,0.03747812,3.84612707,0.73770536,0.01872433,3.57647885,0.59778184,0.06078264,-0.05636796,-0.51171251,-5.45236111,-0.42667130,3.75421410,-3.10003114,-0.45831726,-2.71424794,-3.18226123,-0.25766925,2.48682523,-0.84589857
0.98806428,-0.07978921,-0.14932259,0.63712187,0.20876012,-0.32489019,0.05306378,1.11478233,-1.61866260,-0.09840621,0.61835189,-1.56563878,0.08382423,1.25831332,-1.80369570,0.01880744,0.75765294,-1.61004148,0.56219025,-0.01542790,0.03905753,0.32163463,0.25218133,0.10483377,-0.30086629,0.11346494,-0.13391710,-0.27832399,-0.17027370,0.14038869,-0.30185747,-0.27781543,-0.12710835,-0.26016888,3.91296043,0.52472447,-0.01605804,-0.01104939,-0.29251602,0.95606194,4.18064794,0.47060478,0.02076834,3.93213328,0.35025245,0.04331064,3.85031160,0.73633081,0.01977716,3.61156529,0.57471370,0.06146575,0.36844198,-0.46709772,-6.33987904,0.12165301,3.66333151,-2.38692689,-0.42321518,-3.09859490,-2.80038905,-0.09611481,2.54415584,-0.65863889
0.97611735,-0.10893331,-0.10238139,0.59398965,0.05451860,-0.61719322,0.06332117,1.08942115,-1.76088202,-0.08986600,0.68764502,-1.59362173,0.07064408,1.16509676,-1.83656216,0.01635285,0.81060231,-1.61823893,0.56219025,-0.01542790,0.03905753,0.31993100,0.23265357,0.11040942,-0.29993123,0.14313980,-0.12913326,-0.26579675,-0.18715399,0.14231753,-0.29889128,-0.25078881,-0.12796212,-0.26072869,3.92789210,0.51184329,-0.01063479,-0.00847370,-0.29806138,0.95444985,4.18203820,0.47027785,0.01999977,3.97213973,0.32420921,0.05413425,3.85494889,0.73536104,0.02103972,3.64884557,0.54929143,0.05920231,0.53989154,-1.44114006,-7.22946119,0.47731292,3.42299914,-1.21959674,-0.69342476,-4.94527054,-1.43826473,-0.13376959,2.66301489,-0.36437270
0.96542501,-0.13135418,-0.04149506,0.54180375,-0.08919359,-0.89204734,0.08259423,0.98906845,-1.87248600,-0.08067698,0.74796377,-1.60091364,0.05931976,1.03742033,-1.83864925,0.00774060,0.85952128,-1.61814158,0.56219025,-0.01542790,0.03905753,0.31943270,0.21428760,0.11623634,-0.29981399,0.18437168,-0.12244714,-0.25479995,-0.20301302,0.14273663,-0.29723127,-0.21912432,-0.12810186,-0.26473468,3.94206504,0.49843302,-0.00524718,-0.00757436,-0.30654055,0.95181300,4.18391284,0.46777843,0.01961870,4.02033509,0.29140640,0.06463275,3.86049670,0.73281441,0.02220143,3.68936533,0.52227436,0.05469802,0.98171914,-5.14055653,-5.48744874,0.46047589,3.00724745,-0.34760711,-0.55200401,-6.39676123,-0.05784271,-0.43142869,2.45247936,0.00964308
0.93791418,-0.13665355,0.00184890,0.40148782,-0.20232023,-1.17281530,0.11258412,0.81724557,-1.92362258,-0.06892857,0.80157250,-1.59443710,0.05713551,0.90279020,-1.81211073,-0.00241407,0.91263639,-1.61581428,0.56219025,-0.01542790,0.03905753,0.31971815,0.19691214,0.12247317,-0.29986162,0.23222801,-0.11374918,-0.24626234,-0.21946376,0.14243918,-0.29592904,-0.18809670,-0.12598704,-0.27099763,3.95545119,0.48496290,-0.00078732,-0.00816451,-0.31756058,0.94820251,4.18640613,0.46413296,0.01985652,4.07232427,0.25429126,0.07345580,3.86604718,0.73084943,0.02378911,3.72941708,0.49767837,0.04872052,1.51633184,-8.69123859,-2.41590338,0.60788947,2.65678644,0.37656925,-0.08887191,-6.73634195,1.38062234,-0.51907568,2.66506195,0.11478566
0.89822062,-0.12617104,0.03992608,0.18543491,-0.27122556,-1.32340063,0.13663383,0.62319293,-1.91526897,-0.05300751,0.84708780,-1.57103844,0.06403981,0.76770135,-1.76634481,-0.01433478,0.96892905,-1.61149235,0.56219025,-0.01542790,0.03905753,0.32074280,0.18018578,0.12912348,-0.30073242,0.27809617,-0.10739789,-0.23794870,-0.23614735,0.14086270,-0.29516636,-0.15720083,-0.12194443,-0.27790374,3.96796331,0.47173285,0.00189502,-0.01002066,-0.33009440,0.94389284,4.18934840,0.46040029,0.02001038,4.11849431,0.21441554,0.08279410,3.87109417,0.72907356,0.02557644,3.76902694,0.47435329,0.04283907,1.10940826,-9.72473850,0.73073099,0.79684170,2.24212995,1.23367014,0.39541980,-6.74935818,2.37317686,-0.59101138,2.82779479,0.23920152
0.86961401,-0.09570644,0.06651080,0.01510345,-0.36146564,-1.22173536,0.13473104,0.44394186,-1.83741586,-0.03830252,0.88623210,-1.53461046,0.08003761,0.63829387,-1.70479081,-0.02960451,1.02803135,-1.60458307,0.56219025,-0.01542790,0.03905753,0.32238124,0.16390511,0.13496576,-0.30218230,0.31707257,-0.10673616,-0.23483085,-0.25303535,0.13785684,-0.29499598,-0.12727496,-0.11559902,-0.28528868,3.98005151,0.45905167,0.00322814,-0.01326191,-0.34175274,0.93969078,4.19236507,0.45715520,0.02019894,4.15442857,0.17353413,0.08755039,3.87473949,0.72726945,0.02738526,3.80824985,0.45225186,0.03709256,-0.26158745,-8.79243031,4.27459962,0.72229980,1.92713990,1.88795459,0.84061962,-6.41864376,3.15069985,-0.80200090,2.97004914,0.34823224
0.87251239,-0.07932272,0.09455108,-0.01264516,-0.34637528,-0.89345172,0.10914380,0.32316476,-1.71673620,-0.02899879,0.91838300,-1.48827863,0.09696141,0.52376020,-1.63034308,-0.04319709,1.08349836,-1.58848739,0.56219025,-0.01542790,0.03905753,0.32463762,0.14772003,0.13906290,-0.30458707,0.34236120,-0.11046657,-0.24114502,-0.27033852,0.13519173,-0.29516490,-0.10124789,-0.10882306,-0.29289461,3.99209107,0.44641650,0.00419360,-0.01663465,-0.35059208,0.93637113,4.19481982,0.45421082,0.02005056,4.17762984,0.13821296,0.08349260,3.87709512,0.72594404,0.02947272,3.84426512,0.43088973,0.03174301,-1.43298221,-5.53917599,6.27127600,0.41764843,1.55264843,2.38235211,0.83508515,-5.60381031,3.81482339,-0.64360005,2.72953010,0.89526409
0.86689401,-0.08607542,0.10290430,0.12748619,-0.23198386,-0.48564981,0.08697672,0.23728807,-1.60901611,-0.02444485,0.94339023,-1.44110591,0.11055673,0.43632668,-1.55477359,-0.05800941,1.12674878,-1.56264570,0.56219025,-0.01542790,0.03905753,0.32716296,0.13194333,0.14199707,-0.30717831,0.35978056,-0.11370159,-0.24859959,-0.28706108,0.13239352,-0.29521464,-0.08282226,-0.10260610,-0.30011333,4.00383538,0.43360212,0.00607420,-0.01841389,-0.35525530,0.93456819,4.19679326,0.45202678,0.01998465,4.19712075,0.10954831,0.07856337,3.87731113,0.72329803,0.03194832,3.87376021,0.41196909,0.02704962,-1.08340496,-4.25267892,5.29925065,0.22176054,1.24362364,2.35279779,0.66459852,-4.32261348,3.75677323,-0.73746685,2.14765403,1.29918468
0.83444943,-0.08503567,0.11733513,0.29881698,-0.23327925,-0.09510906,0.06643245,0.17915322,-1.51989272,-0.02348170,0.96190352,-1.39290898,0.11202871,0.38541679,-1.49423649,-0.07076733,1.15921423,-1.53050292,0.56219025,-0.01542790,0.03905753,0.32994980,0.11684184,0.14459262,-0.30966737,0.37043901,-0.11631590,-0.25683707,-0.30276529,0.13084654,-0.29473628,-0.07377283,-0.09909641,-0.30675770,4.01505994,0.42119814,0.00957213,-0.01947702,-0.35634941,0.93410070,4.19853295,0.45114301,0.02028243,4.21374578,0.08761399,0.07311273,3.87651462,0.72051876,0.03521352,3.89401759,0.39647408,0.02319210,-1.13573096,-2.83510051,4.70396914,0.04193269,0.89441297,2.44927731,0.02820387,-2.42556863,2.98503518,-0.63309790,1.58975732,1.63464820
0.83520168,-0.10311151,0.08097409,0.37006356,-0.46953243,0.14178260,-0.01137751,0.16432912,-1.37771912,-0.02875899,0.97727087,-1.33513749,0.10350104,0.39187375,-1.46477067,-0.08229894,1.18986187,-1.50088224,0.56219025,-0.01542790,0.03905753,0.33211790,0.10121143,0.14653574,-0.31210843,0.36656381,-0.13332038,-0.27785756,-0.31692661,0.13085467,-0.29347705,-0.07785641,-0.09729560,-0.31388841,4.02608260,0.40859861,0.01462599,-0.02228428,-0.35515354,0.93442787,4.19910144,0.45080003,0.02000947,4.21132478,0.06533677,0.05426034,3.87628559,0.71702409,0.03864084,3.90324267,0.38766043,0.01822949,-4.24611969,-0.45138123,7.14358187,-0.31381921,0.79941124,2.90545869,-0.43559000,0.65666482,1.24621714,-0.57391403,1.58123434,1.40079398
0.83499363,-0.11806089,-0.03003402,0.24057310,-0.62559339,0.18390130,-0.08044963,0.19617996,-1.26807623,-0.03513945,0.99919293,-1.28564584,0.10745562,0.46598800,-1.50698779,-0.09124871,1.23697810,-1.50150824,0.56219025,-0.01542790,0.03905753,0.33228784,0.08603446,0.14834927,-0.31197160,0.35002415,-0.14980012,-0.29802876,-0.32848497,0.13196902,-0.28839391,-0.09365342,-0.09241399,-0.31563787,4.03707351,0.39577422,0.01931059,-0.02708920,-0.35337895,0.93488855,4.19978122,0.44995573,0.02031624,4.20014028,0.05173031,0.03425908,3.87833742,0.71219332,0.04389393,3.90569953,0.38855014,0.01664997,-3.01060553,1.76946776,5.12193441,-0.28010017,1.13060607,2.37489934,0.33175812,4.04846833,-2.60061103,-0.42433653,2.47164466,-0.25352664
0.87608658,-0.11359699,-0.16497828,0.06065137,-0.39900624,0.10036779,-0.09846403,0.25595677,-1.25595057,-0.03682128,1.03260732,-1.25526595,0.10879172,0.53666741,-1.55554771,-0.08677039,1.29928803,-1.54120779,0.56219025,-0.01542790,0.03905753,0.32995889,0.07071722,0.14998594,-0.30875093,0.33202247,-0.15342434,-0.30657523,-0.33607902,0.13545155,-0.27778767,-0.10767408,-0.09030092,-0.31445197,4.04880942,0.38263327,0.02168803,-0.03086909,-0.35224680,0.93514647,4.20099248,0.44848937,0.02120796,4.19665708,0.04809026,0.02338365,3.88604154,0.70636594,0.05217122,3.90832223,0.38599652,0.01550692,-0.61164331,3.17963696,-0.18878458,-0.05656667,1.76839101,1.37771833,-0.02639472,3.32824397,-2.24654675,0.34662139,3.20951676,-2.26459980
0.88106319,-0.07966074,-0.17440293,0.17389676,0.05260326,-0.04238534,-0.07062651,0.33451821,-1.33794432,-0.03476616,1.06538630,-1.25342293,0.10815634,0.60770417,-1.60054371,-0.05936900,1.32153072,-1.56882839,0.56219025,-0.01542790,0.03905753,0.32706230,0.05895599,0.15114408,-0.30429459,0.31546354,-0.14383388,-0.30576076,-0.33727942,0.14322820,-0.26911387,-0.12435775,-0.09045523,-0.31141201,4.06120624,0.36986157,0.02315384,-0.02990990,-0.35266743,0.93498395,4.20538997,0.44423492,0.02276772,4.20269088,0.05333745,0.02130154,3.90295800,0.70036001,0.05794843,3.90810632,0.38426338,0.01565030,1.33322721,3.88855081,-4.02616453,0.10800557,1.63025796,0.04098129,-0.03411054,3.53718686,-2.23044755,1.39242263,1.02474823,-1.36053075
0.88974771,-0.04331299,-0.14272071,0.20950272,0.46438418,-0.15892891,-0.06928900,0.39461367,-1.38542838,-0.03299215,1.08980327,-1.28612676,0.10713713,0.66874825,-1.63081329,-0.02275546,1.28764424,-1.58635836,0.56219025,-0.01542790,0.03905753,0.32466485,0.05517098,0.15067575,-0.30019197,0.29905879,-0.14430380,-0.30653065,-0.32735166,0.15207359,-0.26616343,-0.14150571,-0.09202691,-0.30802575,4.07408790,0.35745510,0.02346415,-0.02497906,-0.35427773,0.93451205,4.21535167,0.43355744,0.02447287,4.20203952,0.05104341,0.01813420,3.93012761,0.68845499,0.05850142,3.90716104,0.38251985,0.01663909,0.09511998,3.01771712,-2.39672031,0.05964204,1.18068256,-1.72481043,-0.04309076,3.02553296,-1.46297543,1.81103187,-1.81868496,-0.87808794
0.91173423,-0.00251655,-0.11640821,0.11359006,0.64588009,-0.29217526,-0.05246506,0.46033496,-1.44695754,-0.04500362,1.10689101,-1.36586690,0.10990836,0.72357110,-1.65092199,0.00472438,1.23135326,-1.61914983,0.56219025,-0.01542790,0.03905753,0.32266505,0.06303038,0.14498857,-0.29638312,0.28232095,-0.14110735,-0.30573157,-0.30876567,0.15776735,-0.26507322,-0.15826830,-0.09339661,-0.30473264,4.08767032,0.34531718,0.02237313,-0.01865920,-0.35703239,0.93363759,4.23139485,0.41117893,0.02628193,4.20364827,0.05177755,0.01693348,3.96312722,0.66891538,0.05759183,3.90748633,0.38144906,0.01793241,0.93957241,3.31643467,-3.17187428,-0.68031139,0.86142677,-4.27813158,0.16072681,2.73227096,-1.00483274,1.32194479,-2.78987193,-1.78900893
0.94654152,0.03778326,-0.10826149,-0.07620778,0.67233856,-0.31382105,-0.03251406,0.52922334,-1.50458336,-0.06930379,1.12505255,-1.48863697,0.11464136,0.77799371,-1.66849749,0.02636031,1.18134000,-1.67391915,0.56219025,-0.01542790,0.03905753,0.32072301,0.07969934,0.13495778,-0.29012197,0.26516163,-0.13807402,-0.30402704,-0.28725752,0.16089786,-0.26158281,-0.17442067,-0.09523951,-0.30100524,4.10216521,0.33319905,0.01937756,-0.01262092,-0.36016499,0.93260195,4.25189714,0.37952334,0.03060104,4.20563115,0.05271746,0.01669597,3.99768666,0.64543172,0.05914020,3.90901584,0.37995858,0.01971777,0.93044512,3.44571934,-2.74684072,-1.25815736,0.91177505,-6.27767754,0.23410238,2.72599959,-0.85404534,1.07540448,-2.46256232,-2.80880904
0.95578049,0.05420998,-0.09006634,-0.24827470,0.67028705,-0.21352277,-0.02109299,0.59728557,-1.54359436,-0.10304497,1.13242269,-1.63827360,0.11883187,0.83041829,-1.67848420,0.05121126,1.12409401,-1.72073913,0.56219025,-0.01542790,0.03905753,0.31896988,0.10451461,0.12234588,-0.28093548,0.24723181,-0.13841664,-0.30262525,-0.26511969,0.16417164,-0.25843371,-0.19008008,-0.09786360,-0.29778185,4.11701621,0.32112020,0.01484033,-0.00722998,-0.36238821,0.93188104,4.27672900,0.34070700,0.03803439,4.20576991,0.05203748,0.01634462,4.03247537,0.62127620,0.06053616,3.91076125,0.37739286,0.02118802,0.51930648,3.39419937,-1.83162677,-1.75989473,0.25874376,-7.68090916,0.20537449,2.59881353,-0.43581244,1.27789378,-2.95367694,-2.22633362
0.92588915,0.05580021,-0.03659096,-0.37601916,0.54306741,-0.03711490,-0.01107532,0.66114408,-1.56430233,-0.14027630,1.07003258,-1.76119199,0.12452511,0.88227803,-1.68163455,0.06901523,1.03072402,-1.74433687,0.56219025,-0.01542790,0.03905753,0.31821583,0.14207951,0.10943935,-0.27450434,0.22979127,-0.13930861,-0.30177855,-0.23672318,0.16565659,-0.25978948,-0.20525877,-0.10011932,-0.29545844,4.13143176,0.30940569,0.00937975,-0.00349463,-0.36283764,0.93179861,4.31010617,0.29394563,0.04371149,4.20650558,0.05138468,0.01643728,4.06906919,0.59152424,0.05842635,3.91251754,0.37445646,0.02275738,0.49960344,3.18624806,-1.00830163,-1.87162766,-3.25412083,-6.05753760,0.28716212,2.59345484,-0.15246533,0.87578696,-4.70564308,-1.14587678
0.88457016,0.07475060,0.02805548,-0.50573137,0.41135299,0.17627317,-0.00275786,0.71964108,-1.56634548,-0.17961106,0.92024111,-1.81831069,0.13298647,0.93422314,-1.68063071,0.07778962,0.91705987,-1.74451244,0.56219025,-0.01542790,0.03905753,0.31873392,0.19050117,0.09584681,-0.27295565,0.21262750,-0.14072194,-0.30189040,-0.20555104,0.16484625,-0.26403926,-0.21997759,-0.10158745,-0.29386764,4.14552459,0.29854041,0.00324118,-0.00139367,-0.36132710,0.93243245,4.35086736,0.24099345,0.04577828,4.20780772,0.05128764,0.01684353,4.10472592,0.55884981,0.05469466,3.91453399,0.37170797,0.02486628,0.40527025,2.90462041,-0.05099201,-1.93746619,-7.69050713,-2.63984568,0.43824877,2.59576797,0.06647443,0.42047971,-5.70042896,0.05539226
0.85925916,0.07442318,0.06584916,-0.62388833,0.18749303,0.37919624,0.00036081,0.76993500,-1.55060055,-0.21882657,0.72378063,-1.82273262,0.14414816,0.98726239,-1.67636256,0.07659519,0.79730003,-1.72429888,0.56219025,-0.01542790,0.03905753,0.32008528,0.24340462,0.08303578,-0.26918697,0.19662968,-0.14343626,-0.30244942,-0.17390801,0.16155764,-0.26996504,-0.23414281,-0.10202985,-0.29324861,4.15932588,0.28816428,-0.00329537,-0.00161383,-0.35793166,0.93374057,4.39586782,0.18722538,0.05089831,4.20969714,0.05004681,0.01763585,4.13796729,0.52457215,0.05012024,3.91697644,0.36878499,0.02683667,0.12515154,2.47312379,0.86279575,-2.01812558,-9.88784542,-0.12630699,0.55472586,2.66587877,0.21348523,-0.12292964,-6.01450491,1.08622732
0.84338234,0.03979990,0.08633535,-0.68650805,-0.04576876,0.48744915,-0.00009601,0.81462189,-1.52019789,-0.25277298,0.52549801,-1.79078906,0.15823106,1.04767773,-1.67376223,0.06266642,0.67678015,-1.68850167,0.56219025,-0.01542790,0.03905753,0.32198938,0.29356003,0.07314073,-0.26059223,0.18105808,-0.14660558,-0.30344537,-0.14208939,0.15524158,-0.27675056,-0.24878827,-0.10117098,-0.29277292,4.17258576,0.27767440,-0.00955040,-0.00430225,-0.35343435,0.93540068,4.44117879,0.13844492,0.06139715,4.21148299,0.04797410,0.01854401,4.16863345,0.48808762,0.04523882,3.91904763,0.36627231,0.02921647,-0.02781399,2.21984620,1.59116066,-1.58727918,-9.86752987,1.86604357,0.73671551,3.08061123,0.11326074,-0.76057367,-6.00708075,1.87014759
0.83997870,0.00806938,0.09312593,-0.68184679,-0.17135847,0.46572650,-0.00102178,0.85293007,-1.47867548,-0.26515412,0.36654934,-1.72952294,0.17708023,1.11155486,-1.66874397,0.03890321,0.56106365,-1.64054739,0.56219025,-0.01542790,0.03905753,0.32424575,0.33218968,0.06902611,-0.25240630,0.16575121,-0.14950163,-0.30505297,-0.11155978,0.14641520,-0.28337692,-0.26413937,-0.09864805,-0.29252084,4.18542947,0.26691727,-0.01538098,-0.00822022,-0.34899962,0.93696058,4.48187913,0.10189550,0.07183945,4.21305455,0.04541997,0.01919279,4.19678296,0.45064014,0.04086883,3.92108954,0.36502665,0.03172491,-0.04849168,1.85887086,2.15180397,-0.45842525,-7.57739401,3.22209811,0.97383583,3.19855189,0.28347015,-1.25443733,-5.74724770,2.47914052
0.88576983,-0.03026592,0.08203472,-0.63249737,-0.24330612,0.21321870,0.00415274,0.89202302,-1.43906696,-0.24545426,0.26983239,-1.64026852,0.19183028,1.17733600,-1.65459075,0.01071145,0.46254330,-1.58436456,0.56219025,-0.01542790,0.03905753,0.32658629,0.35523689,0.07117642,-0.25226643,0.15015757,-0.14996235,-0.30619715,-0.08555294,0.13661778,-0.28953402,-0.28135331,-0.09698277,-0.29222241,4.19846162,0.25504184,-0.02045898,-0.01274339,-0.34690050,0.93759217,4.51457748,0.07803874,0.07431986,4.21496982,0.04346802,0.02038914,4.22234363,0.41445757,0.03705227,3.92167796,0.36438602,0.03436388,0.26373221,1.94972050,1.98515787,1.01385813,-4.77274227,4.47440805,0.73727375,3.28341699,0.71846718,-1.41096354,-4.89880733,2.81111789
0.90266643,-0.04886328,0.05056670,-0.59926762,-0.18100134,-0.09887426,0.01288286,0.92746253,-1.39831583,-0.22742350,0.21319099,-1.56131968,0.20528992,1.23784215,-1.63306880,-0.01639344,0.38573518,-1.52979436,0.56219025,-0.01542790,0.03905753,0.32854318,0.36896794,0.07216101,-0.25521109,0.13473757,-0.14932372,-0.30732577,-0.06529027,0.12680516,-0.29524448,-0.29881734,-0.09581398,-0.29162180,4.21150731,0.24261984,-0.02543062,-0.01659706,-0.34760535,0.93714905,4.53845004,0.05700463,0.07333209,4.21645526,0.04155442,0.02121741,4.24457892,0.38135929,0.03329870,3.92237872,0.36459023,0.03692138,0.44703228,1.76007473,2.02532382,0.74052210,-2.74684000,3.78595123,0.66122242,3.00075650,1.09575311,-1.33749714,-3.75933285,2.70250201
0.88751971,-0.03899503,0.03445462,-0.55002817,0.00253321,-0.36674520,0.02328595,0.95717529,-1.36107740,-0.21269763,0.17804227,-1.48549986,0.21807235,1.28886220,-1.60348754,-0.03466784,0.33936679,-1.48455379,0.56219025,-0.01542790,0.03905753,0.33025092,0.37659433,0.07147981,-0.26189772,0.12047327,-0.14866674,-0.30799969,-0.05345667,0.11878838,-0.30095809,-0.31623253,-0.09530547,-0.29044888,4.22436074,0.23039915,-0.03068952,-0.01855720,-0.35078248,0.93576997,4.55538673,0.03712614,0.06835320,4.21766147,0.03916440,0.02225124,4.26200570,0.35510341,0.02929284,3.92323302,0.36607612,0.03980204,0.51583145,1.45217216,1.85125911,1.02527614,-1.71296859,4.08268080,0.65586820,2.50524306,1.52034461,-0.86091001,-2.17616756,2.22074738
0.88272733,-0.01417596,0.04582548,-0.48925779,0.03663908,-0.45361860,0.03261378,0.98002142,-1.31711569,-0.15389232,0.17661656,-1.40251889,0.22241226,1.32931840,-1.56738620,-0.04094625,0.32779896,-1.44614356,0.56219025,-0.01542790,0.03905753,0.33223423,0.37418454,0.08230048,-0.27494993,0.10635966,-0.14824882,-0.30919740,-0.05133965,0.11401363,-0.30861781,-0.33266753,-0.09693190,-0.28910290,4.23732709,0.21855644,-0.03553530,-0.01976790,-0.35488598,0.93402485,4.57205867,0.03216382,0.05728431,4.21870441,0.03705358,0.02303684,4.27445573,0.33795632,0.02361643,3.92398452,0.36647502,0.04313133,0.45996201,1.10710571,2.27598073,3.09207716,0.22147694,3.92896957,0.11582368,1.96293054,1.82898605,-0.24677007,-0.37263749,1.89348927
0.87913414,0.00676621,-0.02845793,-0.48161661,-0.11038993,-0.48176880,0.03764149,1.00640547,-1.27835286,-0.12922192,0.21579713,-1.36019683,0.21912482,1.37505126,-1.54675269,-0.04180617,0.35342842,-1.43306470,0.56219025,-0.01542790,0.03905753,0.33312687,0.36264178,0.08496881,-0.28686574,0.09242865,-0.14856030,-0.30862172,-0.05738123,0.11136453,-0.31584959,-0.34684250,-0.10050424,-0.28553776,4.25043716,0.20684601,-0.03981963,-0.02211846,-0.35927779,0.93211836,4.57666148,0.02710608,0.04626113,4.21959771,0.03461900,0.02450515,4.28239717,0.32797909,0.01727729,3.92554320,0.36446816,0.04758911,0.21159878,1.37218225,1.84720504,0.81626499,2.21870971,1.81955326,-0.19005953,2.36934876,0.86503738,-0.02238616,1.55056882,0.41414019
0.80566642,0.03765297,-0.14428454,-0.38380872,-0.11016523,-0.37698440,0.03652061,1.03328171,-1.25243335,-0.11245033,0.27342509,-1.32554510,0.21201939,1.43658042,-1.57853572,-0.04451481,0.44769006,-1.50207269,0.56219025,-0.01542790,0.03905753,0.33149008,0.34487001,0.08632374,-0.29983428,0.08047952,-0.15017410,-0.30613760,-0.07637272,0.10956766,-0.31532818,-0.35418401,-0.10522091,-0.27596865,4.26282739,0.19627425,-0.04311113,-0.02442843,-0.36276818,0.93056108,4.57553786,0.02716107,0.03165580,4.22083005,0.03115176,0.02535248,4.28044366,0.32866583,0.01616190,3.93048886,0.35773280,0.05552143,-0.05009311,1.35936630,1.26082696,0.81263686,2.90001130,1.65864945,-0.36885717,3.06962132,-1.64186940,-0.11937787,4.69790297,-3.44154429
0.84050524,0.04955418,-0.20461641,-0.12395016,0.06274544,-0.24072733,0.03654097,1.06942086,-1.24997811,-0.11560618,0.34775097,-1.35511034,0.19572066,1.48193984,-1.63154652,-0.04030335,0.52891076,-1.55966876,0.56219025,-0.01542790,0.03905753,0.32867517,0.32568577,0.08377524,-0.30450623,0.06861904,-0.15092916,-0.30147859,-0.09401361,0.11034757,-0.31311469,-0.35418324,-0.11130630,-0.26533986,4.27581243,0.18527670,-0.04475756,-0.02438456,-0.36506373,0.92958627,4.57188071,0.02579917,0.02416894,4.22379273,0.02785328,0.02719658,4.28164090,0.33012550,0.01556048,3.94012994,0.34387093,0.06333531,-0.01732313,1.82181346,0.06386089,-0.22735457,3.79020648,-1.75074577,-0.83894253,2.14045556,-2.59922776,0.19950235,4.00651693,-2.80995927
0.89736788,0.03631822,-0.17459243,0.40496463,0.24352694,0.05935928,0.02715190,1.10279791,-1.26688998,-0.12682098,0.42211089,-1.42388425,0.17180147,1.47333853,-1.67153955,-0.04114256,0.59445350,-1.59889231,0.56219025,-0.01542790,0.03905753,0.32629918,0.30756059,0.08169704,-0.30368955,0.05895036,-0.15298419,-0.29617719,-0.11150330,0.11099094,-0.31054230,-0.34610995,-0.11656872,-0.26030494,4.28946036,0.17338368,-0.04229314,-0.02095616,-0.36476636,0.92990195,4.57087106,0.02480392,0.02260963,4.22901181,0.02098525,0.03012199,4.28280963,0.33057064,0.01575687,3.95607070,0.32248666,0.06599424,-0.52686549,1.61151969,-0.92146245,-0.50220535,3.57051110,-3.28581462,-1.22415173,-0.71464200,-1.97209733,-0.07032559,3.22939301,-1.91713994
0.96793193,0.00750304,-0.16337420,0.79900621,0.31017179,0.25697538,0.00895501,1.11954453,-1.31630046,-0.14394958,0.49429423,-1.49034567,0.15130538,1.42155712,-1.71788630,-0.04772609,0.64822669,-1.62464037,0.56219025,-0.01542790,0.03905753,0.32415748,0.28828140,0.07965937,-0.30337373,0.05947612,-0.15612987,-0.29143483,-0.12881066,0.11134542,-0.30754884,-0.32809130,-0.11920858,-0.25907455,4.30373611,0.16036644,-0.03624053,-0.01540575,-0.36250236,0.93115054,4.57020673,0.02455338,0.02078375,4.24223260,0.00502404,0.03272265,4.28385371,0.32946605,0.01660864,3.98119735,0.29387050,0.06508292,-0.94051054,0.72835920,-2.71964099,-0.97410245,3.73488536,-3.45282674,-0.96238101,-2.73629501,-2.40842893,-0.35825481,2.61870766,-1.19668577
1.01781304,-0.01704398,-0.20358225,0.94719131,0.30693858,0.25777105,-0.00262233,1.11419892,-1.41444504,-0.16376971,0.57306278,-1.56406510,0.14376326,1.36066520,-1.78319788,-0.05241451,0.69701135,-1.64659381,0.56219025,-0.01542790,0.03905753,0.32104474,0.26771221,0.07803754,-0.30134231,0.07616378,-0.15652684,-0.28744428,-0.14553775,0.11301962,-0.30324791,-0.30487267,-0.11839448,-0.25638194,4.31851424,0.14632718,-0.02864899,-0.00925746,-0.36008659,0.93243294,4.56929816,0.02439642,0.01970243,4.26985206,-0.02080619,0.03360046,4.28655423,0.32780233,0.01779683,4.01309480,0.26330394,0.06466280,-0.49733841,-0.43371674,-5.27001095,-0.95908546,3.94142008,-3.69367337,-0.27877808,-3.06208825,-3.40968108,-0.20093052,2.42432332,-1.10508442
1.03682226,-0.03510383,-0.17510441,0.92826771,0.25398457,0.07762055,0.00100909,1.10697911,-1.52370045,-0.17542412,0.64994689,-1.62409317,0.12865912,1.27922580,-1.83955762,-0.05282828,0.74325246,-1.65882802,0.56219025,-0.01542790,0.03905753,0.31799391,0.24726165,0.07901911,-0.29920083,0.09517539,-0.15220021,-0.28265990,-0.16221265,0.11603394,-0.29920202,-0.27881456,-0.11934645,-0.25363331,4.33339891,0.13178149,-0.02089202,-0.00353046,-0.35929156,0.93298480,4.56983623,0.02463797,0.01879308,4.30197543,-0.04495510,0.03533401,4.29083575,0.32662809,0.01879189,4.04651345,0.23015766,0.06436059,0.17331015,-0.36150309,-5.49091911,-0.57544411,3.84460092,-2.97294307,-0.76113290,-4.10169525,-2.78837996,-0.02008505,2.31213403,-0.59976763
1.04390877,-0.06286495,-0.10349365,0.88821658,0.06377189,-0.19491180,0.00496247,1.08923190,-1.64781463,-0.18230937,0.72472464,-1.66384923,0.11119435,1.17655265,-1.87164237,-0.05360548,0.78988668,-1.66205673,0.56219025,-0.01542790,0.03905753,0.31604031,0.22667102,0.08146545,-0.29787072,0.11963915,-0.14745116,-0.27486505,-0.17908137,0.11937648,-0.29607002,-0.25147714,-0.12040323,-0.25350764,4.34801110,0.11675024,-0.01287937,0.00042924,-0.36093551,0.93250174,4.57047023,0.02440141,0.01816958,4.33722018,-0.07282541,0.04117526,4.29594649,0.32558069,0.01997029,4.08099622,0.19700449,0.06253266,0.24219095,-0.99007266,-6.21355057,-0.33295313,3.71584630,-1.92738514,-0.86721534,-5.19736671,-1.50952289,-0.04551239,2.33524680,-0.13109491
0.99445788,-0.07903983,-0.01230277,0.80405150,-0.11309839,-0.44189505,0.02198706,1.02188520,-1.76326463,-0.18528234,0.78947481,-1.68305714,0.09300842,1.05003893,-1.87017775,-0.05629615,0.83517191,-1.65410273,0.56219025,-0.01542790,0.03905753,0.31566163,0.20789012,0.08497410,-0.29725942,0.15494876,-0.13912123,-0.26833851,-0.19604641,0.12246936,-0.29439406,-0.22257159,-0.12113460,-0.25723202,4.36164102,0.10201239,-0.00485646,0.00243133,-0.36491159,0.93102633,4.57190389,0.02309203,0.01840221,4.38078784,-0.10534535,0.04732312,4.30102710,0.32507941,0.02126757,4.11603545,0.16437916,0.05842962,0.89289825,-3.65790477,-5.67017365,-0.13214421,3.18331409,-0.87574906,-0.92855399,-6.43667173,0.21929597,-0.14036334,2.24369993,0.44884583
0.91608967,-0.07627330,0.05559468,0.66503938,-0.24436432,-0.59365163,0.05589292,0.89246736,-1.84660742,-0.18695097,0.84220785,-1.68316619,0.07440288,0.90987432,-1.84040732,-0.06313079,0.88004701,-1.63993304,0.56219025,-0.01542790,0.03905753,0.31652458,0.19115095,0.08826474,-0.29773294,0.19926950,-0.12707001,-0.26293650,-0.21290989,0.12418241,-0.29375514,-0.19248648,-0.12203514,-0.26311439,4.37402810,0.08817598,0.00231268,0.00282113,-0.37027071,0.92891673,4.57348336,0.02074493,0.01879163,4.43124599,-0.14113000,0.05358808,4.30492362,0.32476944,0.02276943,4.15037269,0.13201517,0.05341019,1.82243676,-6.80103302,-3.94839306,-0.08689248,2.57067466,0.10088968,-0.91521535,-7.03375311,1.62551440,-0.37734169,2.26021528,0.71949571
0.83643914,-0.05620054,0.09405504,0.42192437,-0.34012986,-0.56804184,0.10052301,0.71472251,-1.87813663,-0.18375817,0.88624513,-1.67028749,0.06064766,0.76614743,-1.78612685,-0.07399485,0.92579389,-1.62352622,0.56219025,-0.01542790,0.03905753,0.31815311,0.17624883,0.09220634,-0.29845881,0.24717319,-0.11349895,-0.25727905,-0.22928437,0.12417740,-0.29395294,-0.16191205,-0.12213570,-0.27054998,4.38538684,0.07551818,0.00781074,0.00145342,-0.37558840,0.92675252,4.57610406,0.01901508,0.01969430,4.48381652,-0.17803299,0.06087406,4.30723323,0.32428184,0.02420017,4.18412627,0.10055467,0.04760314,2.27517486,-9.20544052,-1.16769779,0.20998476,2.14789510,0.72064155,-0.64678895,-7.20920515,2.89062715,-0.56569260,2.28783107,0.83720678
0.79440990,-0.03367636,0.12272511,0.12887324,-0.45115736,-0.42299255,0.12869913,0.52677838,-1.83945127,-0.17896593,0.92011249,-1.63746459,0.04908591,0.63103011,-1.70806615,-0.08500501,0.97832742,-1.61022525,0.56219025,-0.01542790,0.03905753,0.32051098,0.16270251,0.09546072,-0.30052923,0.29131659,-0.10526862,-0.25194148,-0.24548205,0.12338972,-0.29422815,-0.13253434,-0.12250191,-0.27927856,4.39619884,0.06381780,0.01076665,-0.00222826,-0.37952751,0.92511512,4.57906789,0.01751698,0.01998175,4.52966441,-0.21570640,0.06856951,4.30808934,0.32405457,0.02628283,4.21581677,0.06968151,0.04123242,1.36481572,-9.36194077,2.02409639,0.23793553,1.68550289,1.66156473,-0.58014739,-6.74005108,3.93332548,-0.54990292,2.63092494,0.67120308
0.76795393,-0.00461420,0.14849286,-0.06914442,-0.51907904,-0.10933316,0.12765770,0.37592443,-1.74689736,-0.17675594,0.94815629,-1.59281824,0.03473284,0.50928457,-1.60997150,-0.09573747,1.03155098,-1.59167209,0.56219025,-0.01542790,0.03905753,0.32350076,0.14960000,0.09728811,-0.30338990,0.32511031,-0.10360110,-0.25200381,-0.26178565,0.12214236,-0.29534645,-0.10602291,-0.12411727,-0.28940442,4.40696124,0.05283644,0.01213789,-0.00726162,-0.38068772,0.92459548,4.58169049,0.01657594,0.02011087,4.56485690,-0.24965135,0.07149696,4.30708531,0.32389968,0.02815432,4.24428243,0.03936210,0.03409634,-0.12429624,-7.34812260,4.71724014,0.09305977,1.38327873,2.24845209,-0.73526645,-6.03263321,4.95361757,-0.53687077,2.64683509,0.94940606
0.74295754,0.02237182,0.17544882,-0.11061381,-0.49767374,0.28048588,0.10944357,0.28250180,-1.61992838,-0.17910478,0.97000767,-1.54423699,0.01523454,0.41518112,-1.50741026,-0.10453813,1.07842469,-1.56465673,0.56219025,-0.01542790,0.03905753,0.32716130,0.13733159,0.09753831,-0.30657528,0.34462888,-0.10488993,-0.26183008,-0.27776642,0.12120445,-0.29702691,-0.08632362,-0.12759895,-0.29986801,4.41777362,0.04263842,0.01305987,-0.01231123,-0.37829975,0.92550914,4.58410176,0.01601819,0.02058602,4.59019040,-0.27365798,0.06533122,4.30449580,0.32373065,0.03013439,4.26678037,0.01207215,0.02729329,-0.93798370,-4.48596754,6.51350880,-0.12815111,1.06846682,2.43614221,-0.99114110,-4.53803768,5.07495642,-0.42021933,2.30887260,1.39189327
0.72207424,0.04134832,0.16548718,-0.05211439,-0.56505460,0.52261655,0.09275166,0.22517297,-1.50853803,-0.18420668,0.98991641,-1.49530954,-0.00613279,0.36842645,-1.43531163,-0.11288488,1.12160044,-1.53724308,0.56219025,-0.01542790,0.03905753,0.33085895,0.12516271,0.09746684,-0.30927403,0.35607549,-0.10557523,-0.27249071,-0.29288413,0.12084932,-0.29802288,-0.07692525,-0.13161737,-0.30822489,4.42859096,0.03309873,0.01462962,-0.01756216,-0.37356020,0.92732428,4.58635854,0.01651920,0.02158492,4.61191186,-0.28990179,0.05836824,4.30138930,0.32328042,0.03283606,4.28189305,-0.00837839,0.02263406,-0.79209607,-2.69066706,5.24867058,-0.27191642,1.00011276,2.44275403,-1.07083035,-2.03137980,3.35341043,-0.43261203,2.15662050,1.33353984
0.70673520,0.04357986,0.11137468,-0.04280843,-0.65814551,0.71330088,0.10125984,0.18979700,-1.43370962,-0.18932091,1.00691450,-1.44232810,-0.02779599,0.37858498,-1.39802980,-0.11827448,1.16276503,-1.51425743,0.56219025,-0.01542790,0.03905753,0.33371675,0.11311761,0.09793825,-0.31165417,0.36395183,-0.09944156,-0.27961308,-0.30631547,0.12189974,-0.29802451,-0.08073429,-0.13549441,-0.31637849,4.43938150,0.02399578,0.01677622,-0.02361323,-0.36707499,0.92974024,4.58889093,0.01812852,0.02206258,4.63699092,-0.29740751,0.05410367,4.29918756,0.32238206,0.03569224,4.28782691,-0.01968453,0.01733826,0.65616035,-1.63715684,3.53622413,-0.24742393,0.81845993,2.69142127,-1.08488643,0.92388147,1.64168346,-0.23227124,2.03920126,1.12357378
0.71352037,0.05099160,0.00095438,-0.05633314,-0.56807046,0.79591216,0.04656205,0.22004304,-1.33151555,-0.19615094,1.02615457,-1.39738462,-0.02723257,0.45295373,-1.43705139,-0.11623978,1.20732028,-1.51154871,0.56219025,-0.01542790,0.03905753,0.33442542,0.10131034,0.09769704,-0.31269758,0.35020059,-0.11069754,-0.29891114,-0.31690329,0.12481413,-0.29478508,-0.09630176,-0.13314676,-0.31874747,4.45059432,0.01518606,0.01857449,-0.02901852,-0.35952775,0.93249810,4.59127311,0.01942580,0.02172784,4.63548078,-0.30216453,0.03551428,4.29985007,0.32060779,0.03964034,4.28979625,-0.01866758,0.01567795,-2.67789900,1.57963901,5.00505738,-0.33739361,0.98021357,2.21930673,0.04243226,3.71536398,-1.97288976,0.11505129,2.24989696,0.07783270
0.77888675,0.04583904,-0.09274317,-0.11092815,-0.29932635,0.70749639,0.03581120,0.28985256,-1.32197666,-0.20113359,1.05783086,-1.37167623,-0.02027235,0.52063249,-1.48104315,-0.10401991,1.26167367,-1.54486032,0.56219025,-0.01542790,0.03905753,0.33344204,0.08827528,0.09717012,-0.31104499,0.33021211,-0.11214325,-0.30839244,-0.32368112,0.12943337,-0.28619147,-0.10997149,-0.13025343,-0.31843163,4.46291064,0.00565219,0.01889942,-0.03223280,-0.35277340,0.93496245,4.59339236,0.02011167,0.02239705,4.63632554,-0.29690924,0.02504959,4.30583228,0.31685767,0.04725057,4.29427184,-0.01926045,0.01501041,-0.38302548,3.54942527,0.07362123,-0.25119816,1.61712587,1.23240271,0.34067060,3.33240528,-2.14023666,0.64626384,2.70497966,-1.73776658
0.82666519,0.05971060,-0.12658383,-0.08516714,0.09749650,0.66720144,0.03779155,0.35756711,-1.36621637,-0.20480296,1.09466553,-1.36529565,-0.01438653,0.58360529,-1.51840796,-0.07521642,1.29280617,-1.58595340,0.56219025,-0.01542790,0.03905753,0.33174418,0.07567468,0.09597888,-0.30780982,0.31400830,-0.11220580,-0.30867434,-0.32395971,0.13686805,-0.27711174,-0.12455720,-0.12919890,-0.31673682,4.47635545,-0.00420549,0.01808308,-0.03188179,-0.34652608,0.93732397,4.59629602,0.01930756,0.02393436,4.64147739,-0.29390550,0.02306984,4.31975116,0.31068791,0.05463244,4.29768733,-0.02107430,0.01500736,-0.08270429,3.24687853,-1.94312512,-0.16620433,1.82669437,0.23178432,0.29822806,3.20464516,-1.92067332,1.53546984,1.34979477,-1.98809607
0.83558361,0.07024656,-0.12856995,-0.00029291,0.37211276,0.62104549,0.02191057,0.41213372,-1.38751836,-0.20836425,1.12693348,-1.38151751,-0.01084698,0.64528024,-1.54989867,-0.03816099,1.27995069,-1.62213066,0.56219025,-0.01542790,0.03905753,0.32998528,0.06751851,0.09422936,-0.30391067,0.29775230,-0.11867364,-0.31087530,-0.31487665,0.14539959,-0.27147137,-0.14096778,-0.12965633,-0.31395728,4.49019021,-0.01382323,0.01696435,-0.02849707,-0.34066821,0.93959848,4.60244149,0.01511761,0.02607462,4.64239444,-0.29591140,0.01910999,4.34200305,0.29975119,0.05851392,4.29887351,-0.02280098,0.01602800,-0.79094030,2.73569956,-1.10458220,-0.19424807,1.58276927,-0.94987240,0.14957762,3.01476336,-1.46336164,1.83999519,-0.87582340,-1.82626235
0.86206396,0.07505623,-0.13464561,-0.00807601,0.54192032,0.58983440,0.02926531,0.47775653,-1.44022322,-0.20496675,1.14557600,-1.41958225,-0.00621896,0.70037872,-1.57206261,-0.01292693,1.23122251,-1.66049600,0.56219025,-0.01542790,0.03905753,0.32798299,0.06726712,0.09398247,-0.30021331,0.28096628,-0.11872194,-0.30977409,-0.29657297,0.15031006,-0.26963405,-0.15714640,-0.13034616,-0.31099433,4.50454606,-0.02350267,0.01532955,-0.02353794,-0.33517505,0.94173704,4.61608781,0.00676297,0.02776968,4.64712085,-0.29314944,0.01820890,4.36985721,0.28048344,0.05834894,4.30038299,-0.02509964,0.01698866,0.59853971,3.38801789,-2.92952991,0.24755447,0.81118578,-2.05227613,0.25598559,2.72365069,-1.07051611,1.14987743,-2.67861104,-1.93144786
0.85802152,0.08790009,-0.10766796,-0.09246615,0.66716948,0.48887891,0.02228135,0.53667990,-1.47476068,-0.18980975,1.12915421,-1.48789237,0.00047670,0.74703856,-1.58510284,0.00092937,1.17263463,-1.71221399,0.56219025,-0.01542790,0.03905753,0.32631072,0.08299401,0.09605214,-0.29807919,0.26401261,-0.12415755,-0.30909688,-0.27381716,0.15144775,-0.26684510,-0.17221681,-0.13134492,-0.30789328,4.51912898,-0.03283314,0.01239005,-0.01746043,-0.33064472,0.94351242,4.64393567,-0.00965320,0.02823154,4.64777326,-0.29468884,0.01721384,4.39987191,0.25645911,0.05946562,4.30259885,-0.02785106,0.01841745,-0.34043805,2.94274292,-1.71568811,0.76346266,-0.82845778,-3.41094136,0.34136029,2.33063273,-0.64708180,0.68896816,-2.92959285,-2.58226037
0.83895339,0.10174418,-0.08894522,-0.29759133,0.64515625,0.48926543,0.02094781,0.59374498,-1.50120559,-0.17420994,1.10380569,-1.56767685,0.01048389,0.79309382,-1.59457121,0.01313037,1.10836546,-1.75585728,0.56219025,-0.01542790,0.03905753,0.32487193,0.10372964,0.09768371,-0.29435068,0.24772243,-0.12858869,-0.30806395,-0.25081143,0.15137288,-0.26472669,-0.18662902,-0.13217111,-0.30502545,4.53365020,-0.04160424,0.00762400,-0.01224525,-0.32605285,0.94524149,4.67554730,-0.02867534,0.03052125,4.64936074,-0.29559740,0.01680798,4.42955865,0.23222978,0.06014524,4.30522603,-0.03055907,0.01984648,-0.05397210,2.85179806,-1.29724352,0.75635662,-1.31985278,-4.12678924,0.50058936,2.30851283,-0.46234845,0.61273100,-3.26927638,-2.11961298
0.81251261,0.12363818,-0.05905885,-0.43811110,0.59691987,0.58177815,0.02302187,0.64959404,-1.51884816,-0.16140703,1.03855634,-1.66450503,0.02288566,0.83773937,-1.59971039,0.01926006,1.01732492,-1.77663388,0.56219025,-0.01542790,0.03905753,0.32387202,0.13848716,0.09821622,-0.28918770,0.23156852,-0.13239397,-0.30703914,-0.22427187,0.14932808,-0.26622016,-0.20044765,-0.13275398,-0.30260484,4.54807490,-0.04959305,0.00165759,-0.00790803,-0.32067888,0.94715351,4.71774396,-0.05571945,0.03468432,4.65156974,-0.29544049,0.01683288,4.46066398,0.20527177,0.05765185,4.30820836,-0.03325531,0.02126718,0.11236897,2.78320432,-0.84410902,0.65944358,-3.55662169,-4.73671513,0.64357455,2.20668116,-0.23580692,0.24040920,-4.70810328,-0.93526549
0.79947851,0.13493047,-0.01999329,-0.54318799,0.39529537,0.73632702,0.02476953,0.70278666,-1.52389553,-0.13352964,0.90487761,-1.71348975,0.03773129,0.88466415,-1.60518920,0.01746742,0.91131907,-1.77811942,0.56219025,-0.01542790,0.03905753,0.32359483,0.18379845,0.10262860,-0.28653808,0.21578537,-0.13604786,-0.30627323,-0.19572036,0.14527013,-0.26995596,-0.21361115,-0.13243477,-0.30057189,4.56252326,-0.05699656,-0.00468598,-0.00557798,-0.31380966,0.94945797,4.77128057,-0.08410539,0.03705675,4.65474052,-0.29483753,0.01732160,4.49191493,0.17629367,0.05363888,4.31206311,-0.03605843,0.02302294,0.07545279,2.64231467,-0.16443585,1.52531601,-7.07407494,-2.07549467,0.74323390,2.39462738,-0.29848907,-0.10278021,-5.29386921,0.01506900
0.78613964,0.12533159,0.02164604,-0.54289533,0.15258441,0.96125107,0.01918600,0.75127262,-1.51004195,-0.10307276,0.73573411,-1.72930110,0.05570225,0.93355304,-1.61037672,0.00569738,0.79978287,-1.75932646,0.56219025,-0.01542790,0.03905753,0.32413024,0.23372838,0.10863370,-0.28040864,0.19978901,-0.14113423,-0.30639043,-0.16708652,0.13908679,-0.27531643,-0.22614363,-0.13042100,-0.29941924,4.57680883,-0.06411455,-0.01040337,-0.00557460,-0.30494589,0.95229654,4.83017100,-0.11142036,0.04372159,4.65748538,-0.29503837,0.01773980,4.52156533,0.14615005,0.04881380,4.31696786,-0.03895010,0.02471100,-0.34652328,2.38588905,0.83772177,1.48291600,-8.61675358,-0.64570421,0.92932481,2.43989086,-0.24418829,-0.68170184,-5.63532448,1.09776020
0.78454474,0.09832156,0.03624714,-0.54310443,-0.08731027,1.16673022,0.00469713,0.79035531,-1.48300989,-0.08017817,0.56587114,-1.70435066,0.07448323,0.98525889,-1.61681273,-0.02106117,0.69163073,-1.72693810,0.56219025,-0.01542790,0.03905753,0.32517469,0.27932205,0.11349266,-0.27157765,0.18560313,-0.14820982,-0.30618240,-0.13913133,0.12953909,-0.28126199,-0.23789560,-0.12742443,-0.29879044,4.59090041,-0.07128629,-0.01528083,-0.00813235,-0.29383785,0.95569853,4.88575439,-0.13423488,0.05359704,4.66124610,-0.29814782,0.01899229,4.54852237,0.11402967,0.04391270,4.32250060,-0.04312882,0.02638425,-0.72157012,1.95456779,1.37281454,1.15019641,-8.45633078,1.28458786,0.94186954,2.60225964,-0.32498643,-1.35418882,-5.39655418,1.63433063
0.76547593,0.08311709,0.04945875,-0.49792372,-0.28318607,1.28128318,-0.00885257,0.82886111,-1.44376833,-0.05427848,0.42518885,-1.65373907,0.09508618,1.04771326,-1.62400196,-0.05757462,0.59250392,-1.68504424,0.56219025,-0.01542790,0.03905753,0.32664319,0.31548372,0.11948502,-0.26290193,0.16996294,-0.15425209,-0.30681178,-0.11324334,0.11772759,-0.28725899,-0.25165474,-0.12325682,-0.29806702,4.60466765,-0.07810999,-0.01915346,-0.01243814,-0.28156482,0.95927040,4.93471774,-0.14792106,0.06374127,4.66441249,-0.29972150,0.01983142,4.57293548,0.08213017,0.03938420,4.32630157,-0.04594370,0.02857617,-0.68245987,1.91735446,1.97811549,1.29769907,-6.92639170,2.60185995,1.03426518,3.14536619,-0.35106466,-1.84191446,-4.92134953,2.11518271
0.74990093,0.06475706,0.03789914,-0.43118917,-0.33705740,1.23013677,-0.02454200,0.86030110,-1.39909990,-0.02974730,0.31963348,-1.58020749,0.11413257,1.11217396,-1.62486026,-0.09827741,0.50544551,-1.63623247,0.56219025,-0.01542790,0.03905753,0.32804652,0.34132945,0.12495764,-0.25901382,0.15521109,-0.16057203,-0.30732910,-0.09060623,0.10476016,-0.29299941,-0.26676624,-0.11923166,-0.29736625,4.61817626,-0.08476919,-0.02225267,-0.01716754,-0.26967478,0.96254122,4.97479638,-0.15507064,0.06903271,4.66753301,-0.30257133,0.02071742,4.59508437,0.05179927,0.03504711,4.32826623,-0.04826453,0.03068027,-0.79591881,1.51721179,2.25561461,1.20744452,-5.14194393,3.76321783,0.92851831,3.19780231,0.00360059,-2.04454870,-4.30221758,2.46878791
0.73829328,0.05591918,0.02439586,-0.37074745,-0.26341978,1.10966095,-0.03562671,0.88842391,-1.35770762,-0.01163327,0.24473357,-1.50905356,0.13294133,1.17135222,-1.61662076,-0.13677367,0.43224246,-1.58319101,0.56219025,-0.01542790,0.03905753,0.32929888,0.35920579,0.12864397,-0.25805366,0.14109601,-0.16537131,-0.30758209,-0.07217755,0.09201681,-0.29847666,-0.28239315,-0.11531352,-0.29670124,4.63149222,-0.09116075,-0.02493192,-0.02107043,-0.25882844,0.96537157,5.00694284,-0.15909385,0.07124522,4.67114781,-0.30489701,0.02171679,4.61491260,0.02460542,0.03082222,4.32924718,-0.05003861,0.03259764,-0.49674100,1.42775619,2.01465926,0.86064439,-3.57426510,3.44728069,0.96186298,2.93132091,0.45643758,-1.89333820,-3.57230139,2.66616988
0.73033675,0.06043210,0.02761406,-0.42575829,-0.16185537,0.95833085,-0.03774294,0.91746634,-1.31990957,-0.02866477,0.19256455,-1.44504523,0.15727425,1.22536540,-1.60849679,-0.16717035,0.37719172,-1.53356242,0.56219025,-0.01542790,0.03905753,0.33065599,0.37151487,0.12202273,-0.26175700,0.12659932,-0.16783591,-0.30760217,-0.05855704,0.08070542,-0.30357229,-0.29680478,-0.11053133,-0.29539810,4.64483108,-0.09716168,-0.02827735,-0.02408631,-0.24931007,0.96771108,5.02915277,-0.16933984,0.06889899,4.67484559,-0.30523717,0.02305382,4.63243045,0.00177525,0.02708370,4.33150567,-0.05092919,0.03525789,-0.04487380,1.45050991,1.88143718,-1.18050182,-2.46650743,3.18416810,1.26117456,2.66280389,0.38281199,-1.45457530,-2.61493897,2.44025207
0.72253918,0.07003817,0.01300659,-0.53711926,-0.11081860,0.77737052,-0.03872295,0.93386840,-1.26927533,0.02047215,0.16030760,-1.33678887,0.19013216,1.27234569,-1.59493322,-0.18286977,0.35364718,-1.50130980,0.56219025,-0.01542790,0.03905753,0.33182255,0.37530704,0.13296148,-0.27242522,0.11343161,-0.17100387,-0.30851026,-0.05217283,0.07270039,-0.30821451,-0.31019997,-0.10440304,-0.29460519,4.65822438,-0.10268961,-0.03299123,-0.02673617,-0.24165665,0.96943221,5.05212964,-0.16076522,0.05939733,4.67847165,-0.30689319,0.02331229,4.64612664,-0.01402736,0.02360804,4.33522233,-0.04983428,0.03721736,-0.03464127,0.82706016,2.52197719,2.43509421,-1.55445738,5.35513501,1.63605535,2.34262400,0.67422575,-0.76647300,-1.12772110,1.58117141
0.69500299,0.10348473,-0.00001306,-0.54802386,-0.03245960,0.69469686,-0.03320212,0.95320810,-1.22508464,0.04565802,0.16660922,-1.27458241,0.21793092,1.31550922,-1.58490710,-0.18630745,0.36647853,-1.49126914,0.56219025,-0.01542790,0.03905753,0.33276635,0.37041807,0.13729089,-0.28289011,0.09988756,-0.17230386,-0.30874596,-0.05471800,0.06792482,-0.31292285,-0.32217777,-0.10020020,-0.29246351,4.67152757,-0.10718230,-0.03805621,-0.02863908,-0.23472521,0.97089423,5.06385755,-0.15339406,0.04987625,4.68211488,-0.30606431,0.02402039,4.65369176,-0.02180241,0.01984351,4.33902940,-0.04987993,0.04030284,0.26925277,0.96157402,2.19377217,1.12854161,0.40871607,2.93823748,1.37354896,2.15195990,0.48569293,-0.14175759,0.75779731,0.43721148
0.67975602,0.11132478,-0.06585134,-0.43997180,-0.04088761,0.77511540,-0.03355631,0.97032775,-1.18464644,0.04130342,0.20237947,-1.24815729,0.24099381,1.36089878,-1.58846722,-0.18554236,0.42264010,-1.51897671,0.56219025,-0.01542790,0.03905753,0.33251142,0.35890797,0.13321447,-0.29384307,0.08729648,-0.17487497,-0.30793051,-0.06679847,0.06553566,-0.31549600,-0.33212840,-0.09728244,-0.28818108,4.68473519,-0.11131954,-0.04216054,-0.03034159,-0.22728370,0.97244228,5.06561250,-0.14996541,0.03866835,4.68600129,-0.30676858,0.02458091,4.65366773,-0.02304853,0.01701542,4.34373492,-0.05222671,0.04433034,-0.06288186,0.84460396,2.01590960,-0.25163120,1.89592900,1.30761325,1.13856335,2.30417190,-0.28264186,0.02002949,3.00892048,-1.63321766
0.70023223,0.08703146,-0.13191600,-0.18746420,0.05571618,0.96391312,-0.03741119,0.99116596,-1.15678842,0.02239999,0.25355257,-1.23427989,0.26143703,1.41113057,-1.62045083,-0.18268926,0.49005911,-1.56342118,0.56219025,-0.01542790,0.03905753,0.33098517,0.34234189,0.12534916,-0.30617833,0.07484796,-0.17723623,-0.30588311,-0.08167507,0.06559310,-0.31512308,-0.33820693,-0.09477509,-0.28019814,4.69818639,-0.11582620,-0.04408564,-0.03090366,-0.21798611,0.97446574,5.06139955,-0.14723613,0.02480684,4.69094113,-0.30808229,0.02510206,4.65197114,-0.02181864,0.01586209,4.35166587,-0.05846965,0.05078703,-0.18257847,1.09047450,1.27309940,-1.05675832,2.60526695,0.58203502,1.01054544,2.52531743,-1.77877949,0.18176024,3.28268251,-2.14175315
0.74056344,0.04544326,-0.17855488,0.06595576,0.35419049,1.07003420,-0.04021226,1.01863587,-1.15310943,-0.02763368,0.32516873,-1.32472885,0.27041909,1.44472456,-1.66731882,-0.18193012,0.54628456,-1.60242677,0.56219025,-0.01542790,0.03905753,0.32857701,0.32788412,0.10898269,-0.30527493,0.06303104,-0.17825718,-0.30243202,-0.09587559,0.06593035,-0.31306541,-0.33868219,-0.09444173,-0.27080123,4.71212663,-0.12119454,-0.04411454,-0.02828564,-0.20754914,0.97681993,5.05608787,-0.15399531,0.02330208,4.69775333,-0.30972025,0.02614500,4.65106763,-0.02214537,0.01551160,4.36416377,-0.07072955,0.05777578,-0.13459839,1.41553032,0.00205994,-2.75719261,3.76193213,-5.50979328,0.34029898,1.50645721,-2.40244365,-0.00253558,2.74347043,-1.93612564
0.77897336,0.03478476,-0.14084175,0.51537831,0.65398853,1.27587607,-0.05851144,1.04479964,-1.15361049,-0.05855533,0.36963942,-1.38567860,0.25049248,1.41898508,-1.69463713,-0.18106019,0.58878475,-1.62585058,0.56219025,-0.01542790,0.03905753,0.32661350,0.31571778,0.10112186,-0.30598552,0.04963550,-0.18206358,-0.29810513,-0.11058596,0.06781696,-0.31040824,-0.33111586,-0.09783705,-0.26667931,4.72682408,-0.12672806,-0.04010244,-0.02146327,-0.19489927,0.97976803,5.05726136,-0.15345923,0.02062799,4.70338506,-0.31397508,0.02850837,4.65039748,-0.02190742,0.01620526,4.38339995,-0.09109564,0.05993420,-0.92088788,1.30608690,-0.05327796,-1.55500546,2.25931044,-3.09702997,-1.00274699,-1.34127183,-1.36512125,0.04668224,2.10629866,-1.14666786
0.82234493,0.01985349,-0.12779694,0.68539140,0.78403244,1.20275384,-0.07782781,1.07185953,-1.18550684,-0.09125524,0.43045019,-1.46596935,0.22766519,1.36319461,-1.72608583,-0.17873064,0.62162110,-1.63703427,0.56219025,-0.01542790,0.03905753,0.32469785,0.29961165,0.09414784,-0.30497252,0.04174785,-0.18510537,-0.29261106,-0.12480309,0.07058814,-0.30791277,-0.31633883,-0.10087647,-0.26455413,4.74231099,-0.13238512,-0.03470187,-0.01293606,-0.18287706,0.98243800,5.05575532,-0.15197107,0.01972533,4.71488465,-0.32014740,0.03208679,4.65113238,-0.02172818,0.01678507,4.41083907,-0.11308012,0.06014371,-0.94634438,1.37246263,-1.76764570,-1.60816193,3.02505951,-3.96023502,-1.13828795,-2.81854367,-1.61770957,0.11514580,1.63873446,-0.55939722
0.85715044,-0.03419694,-0.14224814,0.72033239,0.71060041,1.09674033,-0.07597441,1.10088131,-1.28378756,-0.11816963,0.49245199,-1.53454792,0.20437879,1.30267060,-1.76991956,-0.17523216,0.65556878,-1.64859710,0.56219025,-0.01542790,0.03905753,0.32226987,0.28267524,0.08962081,-0.30413376,0.04782197,-0.18101096,-0.28720050,-0.13887851,0.07428475,-0.30471753,-0.29778960,-0.10413085,-0.26125378,4.75819024,-0.13892286,-0.02877569,-0.00491455,-0.17180956,0.98469756,5.05451907,-0.15016578,0.01813611,4.74198770,-0.32544199,0.03506937,4.65261125,-0.02205309,0.01755235,4.44273089,-0.13622445,0.06101609,0.26541915,1.43177164,-5.23222265,-1.34153175,3.14295769,-3.42041135,-1.17506425,-3.01549506,-2.22498736,0.18927668,1.71466243,-0.58150717
0.86607848,-0.07313895,-0.11713082,0.66737867,0.62011549,0.96720874,-0.05456526,1.11875408,-1.40762413,-0.14130799,0.55604384,-1.59624441,0.16570997,1.23219283,-1.80082476,-0.16806006,0.69229444,-1.65686979,0.56219025,-0.01542790,0.03905753,0.31998627,0.26570897,0.08638245,-0.30267198,0.06335235,-0.17138901,-0.28359524,-0.15333022,0.07901299,-0.30172759,-0.27873463,-0.11147186,-0.25848118,4.77411698,-0.14592416,-0.02315996,0.00214665,-0.16198551,0.98651898,5.05349769,-0.14902371,0.01731428,4.77935056,-0.32857225,0.03639103,4.65409478,-0.02203760,0.01825868,4.47437305,-0.16243290,0.06150508,1.09326556,0.80146544,-6.12919903,-1.12334547,3.15262499,-3.02452016,-2.07652104,-3.63413119,-1.38267369,0.38098881,1.84678447,-0.37736746
0.81229932,-0.05746347,-0.02719884,0.63331077,0.46630467,0.84818143,-0.05993233,1.10658014,-1.50895524,-0.16305885,0.61315960,-1.64070857,0.12137631,1.13427806,-1.80649185,-0.15735641,0.72703183,-1.65472877,0.56219025,-0.01542790,0.03905753,0.31908125,0.25015377,0.08345939,-0.30187932,0.08355600,-0.16981550,-0.27981366,-0.16753181,0.08465836,-0.30000553,-0.25639853,-0.12008579,-0.25953315,4.78936853,-0.15213406,-0.01768573,0.00781107,-0.15331749,0.98798783,5.05305184,-0.14846191,0.01720193,4.81749476,-0.33929127,0.03926758,4.65539731,-0.02065912,0.01907572,4.50862779,-0.18881431,0.05954809,-0.54751951,-0.86307758,-4.87281513,-1.09045386,2.80451035,-2.08103657,-2.20179129,-5.11498642,-0.11226653,0.55930585,1.71173561,0.19305466
0.76344406,-0.05272998,0.02446686,0.57009518,0.31351173,0.73055014,-0.04253607,1.07862108,-1.62856722,-0.17895409,0.66484972,-1.66596444,0.07964501,1.00743039,-1.78273220,-0.14805803,0.76180532,-1.64562938,0.56219025,-0.01542790,0.03905753,0.31929328,0.23552616,0.08177665,-0.30204512,0.11149254,-0.16169844,-0.27537500,-0.18160599,0.08973337,-0.29927857,-0.22947324,-0.12822225,-0.26451352,4.80372352,-0.15756148,-0.01259747,0.01169697,-0.14595766,0.98914147,5.05283403,-0.14736609,0.01724816,4.86370915,-0.34458740,0.04391828,4.65581349,-0.01915830,0.02001471,4.54698028,-0.21396911,0.05477977,0.90491750,-1.44077239,-5.98065329,-0.78578366,2.57566786,-1.24399127,-2.09793062,-6.35154486,1.22301865,0.46097711,1.74263251,0.45876215
0.69892514,-0.05752756,0.04747643,0.52009408,0.08225274,0.63755143,-0.00015396,1.01922011,-1.73841295,-0.18955333,0.71145788,-1.67702358,0.03306072,0.87694218,-1.73757057,-0.14164581,0.80027030,-1.63451111,0.56219025,-0.01542790,0.03905753,0.31989388,0.22217004,0.08146296,-0.30249714,0.14542692,-0.14712096,-0.27222168,-0.19582295,0.09417987,-0.29908029,-0.20213033,-0.13805088,-0.27040752,4.81693152,-0.16253573,-0.00761528,0.01339575,-0.13953628,0.99009706,5.05296620,-0.14570211,0.01739674,4.91599187,-0.34414139,0.04767220,4.65479802,-0.01786644,0.02081360,4.58450278,-0.23929247,0.04948636,2.19344037,-3.07036948,-5.39434977,-0.52189403,2.32377920,-0.50500055,-2.32091379,-6.51500654,2.29692068,0.31145898,1.94037359,0.55713844
0.64929510,-0.07305818,0.07518199,0.37878208,-0.26461337,0.59700942,0.06352345,0.92015687,-1.81739428,-0.19663284,0.75402443,-1.67180772,-0.00751786,0.74920230,-1.68091130,-0.13674044,0.84426689,-1.62504027,0.56219025,-0.01542790,0.03905753,0.32106950,0.21013050,0.08153524,-0.30333584,0.18419893,-0.12789885,-0.26954563,-0.20933944,0.09813140,-0.29950818,-0.17346713,-0.14691309,-0.27678160,4.82915782,-0.16737575,-0.00350367,0.01155762,-0.13355198,0.99096822,5.05337876,-0.14440208,0.01773366,4.97290734,-0.33949035,0.05152387,4.65328197,-0.01730759,0.02156132,4.62297668,-0.26310265,0.04428789,3.24815326,-5.14914141,-3.83629546,-0.33491402,2.10116880,0.32763001,-1.98547301,-6.37831688,2.87026095,0.24850380,2.22089610,0.45461796
0.59306943,-0.06626537,0.10417314,0.28551213,-0.51375182,0.65454894,0.13479854,0.77333223,-1.84812944,-0.20240473,0.78885107,-1.65339847,-0.04224263,0.62454677,-1.61335959,-0.13211089,0.89235582,-1.61677167,0.56219025,-0.01542790,0.03905753,0.32291256,0.20005743,0.08152085,-0.30460123,0.22811147,-0.10753717,-0.26682271,-0.22230930,0.10197084,-0.30028512,-0.14389048,-0.15464709,-0.28310690,4.84045695,-0.17174861,-0.00002603,0.00706225,-0.12715170,0.99185814,5.05460881,-0.14333022,0.01831133,5.03406419,-0.33335096,0.05608985,4.65106010,-0.01699620,0.02262743,4.66220893,-0.28509688,0.03980566,3.57544837,-7.62286615,-1.16706696,-0.29457966,1.69109118,0.98555945,-1.72115617,-6.21060963,3.44921184,0.22548400,2.42430329,0.42033145
0.55084401,-0.03007260,0.12131126,0.20375256,-0.72675780,0.79987239,0.19707866,0.61481011,-1.84419739,-0.21139809,0.81912780,-1.62049210,-0.07451999,0.51286119,-1.53757000,-0.12781455,0.94327652,-1.60759366,0.56219025,-0.01542790,0.03905753,0.32525638,0.19031708,0.08002252,-0.30698067,0.27084560,-0.09062806,-0.26020613,-0.23496802,0.10563853,-0.30158417,-0.11633801,-0.16213086,-0.28904126,4.85108747,-0.17511354,0.00294225,0.00042459,-0.11940665,0.99284098,5.05495109,-0.14249732,0.01827571,5.09272183,-0.32737520,0.06505024,4.64786662,-0.01677606,0.02367221,4.69962539,-0.30503732,0.03621512,3.01820922,-7.90226316,0.35842893,-0.47889051,1.49345744,1.75774086,-1.59693527,-5.46566200,3.83604503,0.21448193,2.56442404,0.46454427
0.54054446,0.02973349,0.11786407,0.14971808,-0.77060676,1.08480481,0.23134424,0.47389346,-1.79705956,-0.22229134,0.85076065,-1.58659542,-0.10112074,0.42553954,-1.46142261,-0.12198071,0.99316790,-1.59396908,0.56219025,-0.01542790,0.03905753,0.32775779,0.18019420,0.07763497,-0.30882688,0.30600252,-0.08085462,-0.25411322,-0.24757024,0.10938024,-0.30331651,-0.09426752,-0.16845797,-0.29462511,4.86173238,-0.17690209,0.00534852,-0.00703211,-0.10866136,0.99403956,5.05444650,-0.14004552,0.01893091,5.14302873,-0.32197922,0.07364457,4.64365233,-0.01660189,0.02444128,4.73328551,-0.32100571,0.03313268,1.67035848,-6.98586903,2.40039535,-0.54637687,1.57760370,1.69861495,-1.31765852,-4.32462621,3.79219270,0.29253429,2.48758841,0.68862385
0.54252552,0.02964631,0.11008862,0.15102050,-0.66444706,1.27108104,0.23714860,0.37828094,-1.71993816,-0.23353856,0.87980106,-1.55225179,-0.11885017,0.36810151,-1.39838445,-0.11446256,1.03764722,-1.57671812,0.56219025,-0.01542790,0.03905753,0.33025259,0.16986402,0.07504350,-0.31072165,0.32874989,-0.07671142,-0.25491795,-0.25985009,0.11343427,-0.30472060,-0.07978141,-0.17252600,-0.30005772,4.87242955,-0.17842207,0.00770403,-0.01350135,-0.09606894,0.99525329,5.05352048,-0.13729559,0.01953094,5.18040551,-0.31666800,0.07533464,4.63911056,-0.01732691,0.02553199,4.76108665,-0.33247741,0.03019486,0.22020826,-4.62739868,3.93838658,-0.55732849,1.44628990,1.70274627,-0.85965223,-2.78034549,3.09669805,0.38853770,2.20474634,0.86183590
0.52821115,0.01422423,0.10117004,0.15184406,-0.48701070,1.41634093,0.22526070,0.32447180,-1.61892753,-0.24434191,0.90430204,-1.52067783,-0.12755902,0.34387820,-1.35558820,-0.10288804,1.07299516,-1.55628119,0.56219025,-0.01542790,0.03905753,0.33265086,0.16004691,0.07244174,-0.31255473,0.33974037,-0.07526481,-0.26484810,-0.27114173,0.11835862,-0.30553112,-0.07406896,-0.17426525,-0.30558885,4.88286599,-0.17991826,0.00987545,-0.01823164,-0.08207182,0.99641071,5.05262698,-0.13470735,0.02009612,5.20566119,-0.30988582,0.06780275,4.63480844,-0.01869155,0.02711974,4.78121823,-0.33967532,0.02706201,-0.63129808,-2.57887764,5.12478971,-0.54579341,1.19111533,1.57987106,-0.39887505,-1.06213003,2.04781277,0.59402978,1.71452229,1.05513086
0.53355131,0.01116162,0.08298467,0.16332791,-0.24936122,1.52242687,0.23214067,0.28438779,-1.56999564,-0.25525253,0.92476579,-1.49151084,-0.13060560,0.34958600,-1.32415695,-0.08711023,1.09724786,-1.53128815,0.56219025,-0.01542790,0.03905753,0.33478759,0.15029637,0.06972562,-0.31456299,0.34891055,-0.07108140,-0.26756537,-0.28146567,0.12426108,-0.30577388,-0.07774727,-0.17461424,-0.31267369,4.89333238,-0.18119600,0.01202272,-0.02073181,-0.06699073,0.99746573,5.05162868,-0.13227830,0.02022460,5.22954215,-0.29847400,0.06722222,4.63109616,-0.02027396,0.02901371,4.79284753,-0.34379233,0.02211390,0.56858017,-1.97852850,1.85154805,-0.54097760,1.01674891,1.43310630,-0.13227367,0.43566545,1.54991186,0.81561923,1.15455720,1.26192844
0.53517342,-0.00073810,0.02930673,0.23805000,-0.21264582,1.59338605,0.22793002,0.26539370,-1.51225877,-0.26469573,0.94545263,-1.46819806,-0.12972018,0.38571787,-1.32215190,-0.07161708,1.12050545,-1.51249444,0.56219025,-0.01542790,0.03905753,0.33599788,0.14088284,0.06801928,-0.31563716,0.35173002,-0.06858126,-0.27516738,-0.29085144,0.13036792,-0.30455567,-0.08824158,-0.17316165,-0.31830594,4.90394105,-0.18233885,0.01474321,-0.02249500,-0.05120580,0.99832589,5.05108060,-0.12919235,0.02036072,5.24673642,-0.28678373,0.06083050,4.62806453,-0.02270646,0.03144221,4.79833306,-0.34549057,0.01769194,-0.43372926,-0.75164074,3.27241635,-0.45976278,1.03979230,1.11971855,0.07356315,2.03569651,-0.18318413,0.75844640,1.18196714,0.87155336
0.56334223,-0.01098125,-0.06283803,0.34141467,-0.20663541,1.62909480,0.15892294,0.29816293,-1.44105594,-0.27520649,0.97337677,-1.45209424,-0.12743344,0.44667920,-1.36241274,-0.05882847,1.15448329,-1.51973577,0.56219025,-0.01542790,0.03905753,0.33530157,0.13035373,0.06699202,-0.31502849,0.33861533,-0.08279608,-0.29122214,-0.29837720,0.13624358,-0.29944539,-0.10160262,-0.17005184,-0.31907827,4.91517066,-0.18331085,0.01864872,-0.02417165,-0.03499727,0.99892099,5.04994601,-0.12572934,0.02027307,5.24706372,-0.28990601,0.04407943,4.62720384,-0.02625552,0.03585618,4.80176724,-0.34573125,0.01622330,-3.38149977,1.66979656,3.49698236,-0.52003025,1.40674984,0.79126305,0.10615360,3.03788662,-2.00523231,0.64623812,1.70434129,-0.38235425
0.61780973,-0.01969116,-0.11389275,0.23570136,0.00482913,1.63479731,0.12655610,0.34398447,-1.40298116,-0.28306507,1.00630591,-1.44446380,-0.12776992,0.50215226,-1.39887328,-0.04135650,1.18745630,-1.54002447,0.56219025,-0.01542790,0.03905753,0.33360537,0.11867987,0.06652423,-0.31340174,0.32183041,-0.08896547,-0.30378249,-0.30399890,0.14264111,-0.29185878,-0.11465059,-0.16842229,-0.31827008,4.92758273,-0.18411620,0.02153351,-0.02391746,-0.01868057,0.99930741,5.04873008,-0.12219929,0.02020363,5.24575872,-0.28537681,0.02982288,4.62928666,-0.02990442,0.04174659,4.80654801,-0.34801074,0.01533530,-1.59621129,2.26492224,1.88825214,-0.39394566,1.64379275,0.36642692,-0.00213933,2.76966925,-1.82407224,0.88639470,1.61135519,-1.04346792
0.63792706,-0.01324362,-0.09690739,0.07334311,0.32412485,1.53062733,0.10917519,0.39493468,-1.41763811,-0.29043614,1.03751831,-1.44138606,-0.12272926,0.55523454,-1.43439753,-0.01975535,1.20115659,-1.56620297,0.56219025,-0.01542790,0.03905753,0.33211294,0.10654080,0.06533365,-0.31196425,0.30614575,-0.09345137,-0.30840898,-0.30461790,0.14904481,-0.28391546,-0.12878119,-0.16613094,-0.31614769,4.94036922,-0.18442245,0.02272034,-0.02054193,-0.00336895,0.99952512,5.04740829,-0.11990838,0.02014869,5.24578876,-0.28022060,0.02370396,4.63690414,-0.03304423,0.04819748,4.81031684,-0.34956017,0.01596525,-0.76344687,2.65110669,-1.22919121,-0.36164436,1.54878032,0.13855075,0.27643515,2.63817334,-1.76475894,1.09575617,0.56687731,-1.30975759
0.67085953,-0.00148871,-0.05704799,-0.16078861,0.47823364,1.41637318,0.08975558,0.42559273,-1.43211026,-0.29648607,1.06705246,-1.44211648,-0.11093105,0.60102712,-1.46004202,0.00635273,1.18421056,-1.59052296,0.56219025,-0.01542790,0.03905753,0.33132260,0.09472844,0.06342017,-0.31047895,0.29538221,-0.10035723,-0.31067274,-0.29788081,0.15550541,-0.27839955,-0.14273022,-0.16310533,-0.31422616,4.95373572,-0.18419599,0.02170788,-0.01552988,0.01082288,0.99958514,5.04711322,-0.11880304,0.02084365,5.25115775,-0.27833611,0.02064987,4.65265903,-0.03497223,0.05292306,4.81445769,-0.35025892,0.01709644,-1.09696630,1.22638454,-0.22541566,-0.29619417,1.47176445,-0.05926609,0.63308364,2.23267217,-1.19488046,1.33477461,-1.03562727,-1.19658124
0.70636826,0.00931275,-0.04327898,-0.30199357,0.53424477,1.31690589,0.07573150,0.46644762,-1.45387852,-0.29920352,1.09399641,-1.45203578,-0.09476335,0.64197260,-1.47880805,0.02130671,1.14121187,-1.61576951,0.56219025,-0.01542790,0.03905753,0.33075088,0.08522346,0.06188432,-0.30837202,0.28193232,-0.10652683,-0.31237450,-0.28404037,0.15821616,-0.27626020,-0.15632610,-0.15966561,-0.31238301,4.96775807,-0.18338270,0.01911003,-0.00993149,0.02404917,0.99947877,5.04993238,-0.11750335,0.02237886,5.25445117,-0.27633896,0.01837638,4.67649354,-0.03889653,0.05449069,4.81922664,-0.35032392,0.01836787,-0.58425570,2.29797173,-1.41046989,-0.10569870,1.32376659,-0.57648176,0.83049321,2.02728152,-0.91318840,0.62147260,-2.31629825,-1.28130186
0.71600978,0.02783177,-0.05222546,-0.36202226,0.37577084,1.23720174,0.06739791,0.51645285,-1.48333554,-0.29208120,1.10670490,-1.48498662,-0.07815114,0.68339463,-1.49550564,0.01576484,1.09437714,-1.65805166,0.56219025,-0.01542790,0.03905753,0.32990607,0.08546743,0.06304680,-0.30547425,0.26754901,-0.11148379,-0.31209356,-0.26542382,0.15489514,-0.27483129,-0.16937025,-0.15660219,-0.31044096,4.98201741,-0.18175979,0.01569804,-0.00579586,0.03639844,0.99919724,5.06268472,-0.11267747,0.02443182,5.25695066,-0.27353570,0.01781251,4.70605372,-0.04653275,0.05507478,4.82445706,-0.35023906,0.01946511,-0.42455405,2.49571953,-1.45170153,0.37471746,0.60144706,-1.66276779,0.82756516,2.07322812,-0.83451742,-0.29017214,-2.32304313,-2.14704452
0.69964983,0.01305483,-0.04205890,-0.36530922,0.20232750,1.13729918,0.05627347,0.56383809,-1.50119195,-0.27165926,1.09456983,-1.52993338,-0.06220932,0.72667230,-1.51182411,0.00407710,1.05569386,-1.71246941,0.56219025,-0.01542790,0.03905753,0.32916359,0.09626929,0.06788227,-0.30333081,0.25373454,-0.11716838,-0.31184600,-0.24659638,0.14970366,-0.27155120,-0.18189191,-0.15378278,-0.30849390,4.99595288,-0.18012531,0.01218860,-0.00338576,0.04781011,0.99877634,5.08530530,-0.10336644,0.02583278,5.25971021,-0.27254674,0.01731759,4.73619651,-0.05463592,0.05761239,4.82956552,-0.35056314,0.02066968,-0.54475824,2.36577034,-0.88256115,1.06108538,-0.68530077,-2.29116573,0.80561475,2.17180753,-0.81394380,-0.58045171,-1.94611495,-2.67755818
0.67162169,-0.00496617,-0.02357997,-0.38745401,0.07259470,1.09413453,0.04862358,0.60912064,-1.51234887,-0.23807768,1.06440420,-1.58169408,-0.04360990,0.77236162,-1.52781451,-0.00957954,1.00601288,-1.74937661,0.56219025,-0.01542790,0.03905753,0.32873788,0.11401990,0.07635517,-0.30085875,0.24051163,-0.12187469,-0.31153905,-0.22770795,0.14394617,-0.27047722,-0.19432655,-0.15032497,-0.30670680,5.00935792,-0.17864790,0.00841605,-0.00223499,0.05870897,0.99823716,5.11364545,-0.08945843,0.02787914,5.26249341,-0.27150106,0.01719884,4.76635169,-0.06237503,0.05826066,4.83398437,-0.35070755,0.02203108,-0.37067590,2.25008359,-0.51136919,1.73069775,-1.53149259,-2.56851888,0.93949896,2.29273424,-0.80019802,-0.71039126,-2.57012329,-1.75691254
0.64261367,0.00090690,-0.01332375,-0.37461227,-0.05633386,1.06969254,0.04391875,0.65283805,-1.51608398,-0.20868891,1.01854739,-1.64877272,-0.02322562,0.81838068,-1.54343622,-0.03374428,0.93454965,-1.76877601,0.56219025,-0.01542790,0.03905753,0.32852337,0.13905906,0.08386204,-0.29579934,0.22754159,-0.12564996,-0.31143657,-0.20548312,0.13532423,-0.27247907,-0.20602025,-0.14638019,-0.30507324,5.02215432,-0.17689582,0.00462879,-0.00234130,0.06945065,0.99757190,5.14825372,-0.07457668,0.03272403,5.26490964,-0.26980944,0.01708680,4.79990443,-0.07134514,0.05604430,4.83840102,-0.35040728,0.02345013,-0.21760948,2.18426299,-0.15901421,1.37589161,-2.42654064,-3.52662683,1.02753471,2.29598141,-0.77672046,-1.28575897,-3.70490932,-0.88333933
0.60967223,0.01495065,0.01255870,-0.31120699,-0.09244982,1.10104673,0.04027877,0.69132644,-1.51458323,-0.17858768,0.92629439,-1.71413696,-0.00168323,0.86257708,-1.55558503,-0.06035642,0.84608221,-1.76536155,0.56219025,-0.01542790,0.03905753,0.32876676,0.17588976,0.09172642,-0.28947128,0.21572250,-0.12876581,-0.31147383,-0.18180741,0.12615052,-0.27646448,-0.21724082,-0.14181439,-0.30392402,5.03424682,-0.17471008,0.00139120,-0.00296685,0.08037442,0.99675936,5.19316758,-0.05598716,0.03929548,5.26781358,-0.26724872,0.01729293,4.83457603,-0.07931898,0.05230229,4.84253444,-0.34949926,0.02484274,-0.18016665,1.87293279,0.11352538,1.55895972,-5.00976181,-3.16472030,1.08454001,2.19407916,-0.57489389,-1.31631994,-4.52754021,0.35554644
0.60686626,-0.00239084,0.01734723,-0.15774502,-0.26979612,1.18522492,0.03121121,0.73088078,-1.50356376,-0.15353093,0.80777646,-1.75530777,0.02032768,0.91074294,-1.57102301,-0.09706088,0.75771347,-1.74867575,0.56219025,-0.01542790,0.03905753,0.32923948,0.21537491,0.09899091,-0.28044903,0.20326772,-0.13283366,-0.31149890,-0.15851323,0.11480968,-0.28118948,-0.22775312,-0.13647279,-0.30291994,5.04619779,-0.17250935,-0.00037945,-0.00546156,0.09218646,0.99572671,5.23973683,-0.03565837,0.04879045,5.27039842,-0.26576505,0.01774059,4.86930007,-0.08875433,0.04805000,4.84737262,-0.34847770,0.02631955,-0.44746880,1.97348845,0.56880852,1.26100934,-5.97702217,-1.98225240,1.10505986,2.42026925,-0.77675623,-1.84249682,-4.41894417,0.84516044
0.58989837,-0.02862479,0.02172295,-0.06805363,-0.46535320,1.22204798,0.02259683,0.76905718,-1.48260291,-0.12800365,0.66278640,-1.74877763,0.04463607,0.96649660,-1.58853338,-0.13885356,0.67108670,-1.72472351,0.56219025,-0.01542790,0.03905753,0.32989617,0.25607884,0.10590239,-0.27230069,0.19075135,-0.13654491,-0.31178218,-0.13508821,0.10206510,-0.28570743,-0.23873297,-0.13036059,-0.30207477,5.05783071,-0.17065061,-0.00151655,-0.00991727,0.10429193,0.99449612,5.28636045,-0.01391566,0.05759548,5.27276391,-0.26464162,0.01811399,4.90450381,-0.09883854,0.04418874,4.85134448,-0.34771206,0.02782140,-0.45573223,1.91618359,1.05828086,1.24020777,-7.25859299,0.42207666,1.21582346,2.80367780,-0.87195677,-2.10414643,-4.31138134,1.21592326
0.60499786,-0.01677333,0.01545229,0.02570966,-0.59476624,1.27992990,0.00937003,0.80591180,-1.45723393,-0.10708374,0.52352149,-1.71564713,0.06907490,1.02646854,-1.60521150,-0.18207314,0.59271867,-1.69447069,0.56219025,-0.01542790,0.03905753,0.33059413,0.29310586,0.11151221,-0.26335617,0.17859426,-0.14137214,-0.31131170,-0.11334730,0.08901252,-0.28986633,-0.24985218,-0.12404672,-0.30148053,5.06965531,-0.16822079,-0.00176613,-0.01584437,0.11697893,0.99300643,5.32880429,0.00837996,0.06723796,5.27622346,-0.26419784,0.01928243,4.93871936,-0.10799940,0.04072780,4.85548896,-0.34695655,0.02911361,-0.65743798,1.81478536,1.29205358,1.07223389,-6.88781300,1.73138947,1.22243729,3.00878954,-0.83270639,-2.14622307,-3.87572823,1.53902423
0.59525300,-0.01373219,0.02473476,-0.02388714,-0.61690451,1.09370740,0.00080383,0.83611677,-1.42397811,-0.07966967,0.40047641,-1.66195397,0.09540810,1.08518491,-1.61753926,-0.21921144,0.52213469,-1.65527477,0.56219025,-0.01542790,0.03905753,0.33154123,0.32449299,0.11817732,-0.25511959,0.16697858,-0.14513073,-0.31168785,-0.09411972,0.07692865,-0.29411757,-0.26098496,-0.11770590,-0.30096897,5.08125695,-0.16546907,-0.00246038,-0.02195147,0.12814387,0.99150957,5.36499852,0.03138697,0.07642164,5.27966851,-0.26333443,0.01985338,4.97066039,-0.11502168,0.03742366,4.85881309,-0.34570934,0.03057226,-0.38560606,1.47169721,1.71805418,1.40940666,-6.06548786,2.81541948,1.33510804,2.91306973,-0.57408427,-1.81085806,-3.49403191,2.02284334
0.57466254,-0.00721879,0.01381915,-0.12064855,-0.58695922,0.88548243,-0.00080034,0.86373186,-1.39282095,-0.04683573,0.30604947,-1.60065329,0.12512189,1.13902235,-1.62520742,-0.24750775,0.46050423,-1.61221910,0.56219025,-0.01542790,0.03905753,0.33247101,0.34803912,0.12548384,-0.24902791,0.15596518,-0.14729926,-0.31195961,-0.07757879,0.06650803,-0.29810727,-0.27156571,-0.11112538,-0.30052435,5.09239139,-0.16251825,-0.00407949,-0.02770649,0.13718953,0.99014885,5.39311065,0.05299359,0.08344311,5.28257217,-0.26178294,0.02051140,4.99963416,-0.11964770,0.03436374,4.86134614,-0.34339079,0.03194666,-0.03193997,1.37413132,1.50923955,1.67654419,-4.47854853,3.07572818,1.51027131,2.65445685,-0.35796401,-1.34942377,-3.00957060,2.15985775
0.57573039,0.00142329,-0.00791739,-0.14274600,-0.61920680,0.77122248,0.00042879,0.89026716,-1.36220794,-0.01907918,0.25026787,-1.52928879,0.15622313,1.19360132,-1.63287652,-0.26183156,0.42404701,-1.57871275,0.56219025,-0.01542790,0.03905753,0.33306336,0.36157572,0.13099105,-0.24936787,0.14519559,-0.14890486,-0.31182507,-0.06677987,0.05975166,-0.30172802,-0.28201223,-0.10481834,-0.29944954,5.10341567,-0.15919239,-0.00607047,-0.03367688,0.14487919,0.98885744,5.41205548,0.07023543,0.08369549,5.28529595,-0.26005853,0.02123829,5.02227487,-0.12116632,0.03133534,4.86345338,-0.34067485,0.03361382,0.06791831,1.32328808,1.52868450,1.36466188,-2.77826343,3.55599236,1.56295586,2.71922898,-0.37210319,-0.70118589,-1.78977932,1.65577400
0.55942608,0.00794131,-0.02497030,-0.29530397,-0.62685951,0.64579522,0.00488038,0.91422682,-1.33101482,-0.01507842,0.20569304,-1.47223146,0.19052669,1.24443674,-1.63503478,-0.26608761,0.41041117,-1.55787148,0.56219025,-0.01542790,0.03905753,0.33342471,0.37297841,0.12929689,-0.25056755,0.13463831,-0.15048877,-0.31145809,-0.06145135,0.05496415,-0.30529275,-0.29249101,-0.09872440,-0.29832561,5.11404628,-0.15569922,-0.00966216,-0.03945645,0.15135257,0.98764479,5.43091420,0.07972656,0.08285716,5.28769177,-0.25876030,0.02196661,5.03891572,-0.12174741,0.02813195,4.86475457,-0.33777377,0.03509910,0.22249446,1.18960969,1.57528770,0.07830830,-2.17075486,2.77095637,1.70773149,2.55293202,-0.10956144,-0.18714808,-0.61898800,1.01312819
0.56320771,0.01914194,-0.05171736,-0.40360765,-0.65373817,0.60295858,0.01203844,0.93654548,-1.29885170,-0.01443827,0.18023252,-1.41730669,0.22612801,1.29708908,-1.63735528,-0.25942901,0.42262396,-1.54452395,0.56219025,-0.01542790,0.03905753,0.33337026,0.37947397,0.12591518,-0.25492317,0.12418819,-0.15186160,-0.31088097,-0.06269587,0.05235883,-0.31054913,-0.30327696,-0.09325557,-0.29628561,5.12468900,-0.15188484,-0.01424485,-0.04537486,0.15741661,0.98638644,5.44569081,0.08646986,0.07844709,5.29016685,-0.25724961,0.02248929,5.04875592,-0.12177855,0.02282113,4.86583461,-0.33537305,0.03708465,0.38513733,1.11626959,1.58659160,0.24186046,-1.19785553,2.88873324,1.80793667,2.62846303,-0.11435079,0.39076813,0.74351828,0.65030903
0.54356078,0.04174686,-0.05868458,-0.44055785,-0.47485715,0.62114423,0.01899385,0.95573088,-1.27033923,0.00354539,0.17519942,-1.36379445,0.25783207,1.34306166,-1.63418751,-0.24634259,0.45985946,-1.54597464,0.56219025,-0.01542790,0.03905753,0.33315409,0.37955282,0.12715711,-0.26245282,0.11427543,-0.15335329,-0.31016618,-0.07080707,0.05174520,-0.31571082,-0.31413580,-0.08901609,-0.29373298,5.13486737,-0.14763461,-0.01913878,-0.04974103,0.16362738,0.98508153,5.45232228,0.09619249,0.07070128,5.29285316,-0.25541493,0.02298791,5.05106916,-0.12176831,0.01744328,4.86684302,-0.33409670,0.03942111,0.31850953,0.92760081,1.41068161,0.86276495,-0.12255119,2.51899190,1.51835961,2.23598523,0.21159694,0.66076070,1.97912323,-0.20344876
0.53677178,0.02448762,-0.09625475,-0.37742195,-0.15704279,0.74307466,0.02328468,0.97629088,-1.25152731,0.00192307,0.19193271,-1.34221685,0.27786344,1.38139999,-1.62891269,-0.23513383,0.51189947,-1.57406032,0.56219025,-0.01542790,0.03905753,0.33233076,0.37399580,0.12368536,-0.27063420,0.10401333,-0.15468122,-0.30898945,-0.08261070,0.05270602,-0.31668515,-0.32486589,-0.08710927,-0.28984188,5.14494170,-0.14354108,-0.02291697,-0.05124221,0.17090715,0.98368684,5.45458831,0.09995410,0.06169656,5.29535712,-0.25363311,0.02334131,5.04933108,-0.12206873,0.01564562,4.86905898,-0.33593285,0.04248889,0.20252621,1.05758071,0.85106128,-0.25896683,0.98977619,0.83784336,0.91826314,1.87189567,0.25820732,0.53844184,2.69137120,-1.60517681
0.57498175,-0.02413313,-0.12085385,-0.18247146,0.20069926,0.86948146,0.02317348,1.00040798,-1.24616401,-0.01349418,0.23000559,-1.33431246,0.28881347,1.41760325,-1.63699794,-0.23286509,0.54869658,-1.59211271,0.56219025,-0.01542790,0.03905753,0.33099177,0.36128178,0.11777732,-0.28196362,0.09338201,-0.15528525,-0.30726597,-0.09289487,0.05288001,-0.31664436,-0.33388103,-0.08618179,-0.28308629,5.15606431,-0.13998253,-0.02394397,-0.04922251,0.17955433,0.98222404,5.45162868,0.09884320,0.04902815,5.29866609,-0.25177896,0.02372580,5.05042190,-0.12369042,0.01434742,4.87483787,-0.33952082,0.04790548,-0.00687267,1.21634161,0.23926876,-0.77373477,1.91998148,0.41732024,0.54648900,1.80904901,-0.44835945,0.11658793,1.84373677,-0.91552727
0.60355463,-0.02666138,-0.15111581,-0.17272551,0.52324511,0.93195211,0.02217184,1.02939348,-1.25606124,-0.02913072,0.27655766,-1.31714003,0.29196188,1.44520702,-1.66605096,-0.22702063,0.58573624,-1.61491482,0.56219025,-0.01542790,0.03905753,0.32899198,0.34304625,0.11220177,-0.29731200,0.08263815,-0.15525866,-0.30447156,-0.10451415,0.05528180,-0.31463722,-0.33776911,-0.08654616,-0.27406030,5.16763982,-0.13611794,-0.02422191,-0.04425283,0.18894366,0.98069123,5.44386157,0.09619976,0.03167998,5.30233087,-0.24922248,0.02452042,5.05003680,-0.12391896,0.01435476,4.88672084,-0.34266754,0.05493168,-0.05242319,1.44552529,-0.50298639,-0.76965827,2.33070736,0.84079736,0.08446672,1.29976406,-1.44184387,0.31222467,1.83500063,-1.12306299
0.68235765,-0.01195019,-0.14887992,-0.23251088,0.80421072,0.96566180,0.01963342,1.05580730,-1.26734076,-0.05739358,0.34174192,-1.37167306,0.27076380,1.44088094,-1.68217690,-0.21835003,0.61958311,-1.63163757,0.56219025,-0.01542790,0.03905753,0.32683625,0.32384448,0.10411506,-0.30298811,0.07139439,-0.15529013,-0.30202900,-0.11757758,0.05874460,-0.31221485,-0.33792570,-0.09139726,-0.26737465,5.18041371,-0.13121973,-0.02453186,-0.03624414,0.19856257,0.97911054,5.43768548,0.09132563,0.02384814,5.30688561,-0.24618511,0.02480726,5.04922427,-0.12317333,0.01462140,4.90520677,-0.34757215,0.05946160,-0.13760565,1.30247343,-0.56154869,-1.56374373,3.43932714,-3.40805743,-1.15746143,-0.37475398,-0.69864030,0.42178753,1.69437993,-0.80942911
0.74443693,-0.01778008,-0.12945697,-0.27338842,0.86616132,0.95991900,0.01497561,1.08442521,-1.28282504,-0.07905262,0.38950334,-1.43972282,0.23871065,1.40511682,-1.69587219,-0.21011089,0.65217991,-1.64445181,0.56219025,-0.01542790,0.03905753,0.32491400,0.31071728,0.09878970,-0.30294884,0.06008897,-0.15590041,-0.29854194,-0.13104595,0.06199396,-0.30962942,-0.33126649,-0.09803145,-0.26407150,5.19419145,-0.12559105,-0.02510283,-0.02750659,0.20834538,0.97734612,5.43732289,0.09164553,0.02196517,5.31279000,-0.24327708,0.02637206,5.04925193,-0.12261974,0.01528458,4.93199815,-0.35054066,0.06084250,-0.24339971,1.47115362,-0.81868882,-0.86631293,2.03372803,-2.85624924,-1.61365080,-1.94413662,-0.76811452,0.41938499,1.61530268,-0.62833494
0.76394510,-0.02309811,-0.09977136,-0.15989038,0.97880413,0.81468143,0.00394829,1.11282122,-1.32156003,-0.10417687,0.43932804,-1.50654447,0.20293707,1.34722829,-1.71578324,-0.20482332,0.68165302,-1.65079856,0.56219025,-0.01542790,0.03905753,0.32326812,0.29681527,0.09360337,-0.30246085,0.05364838,-0.15750265,-0.29336973,-0.14457340,0.06499221,-0.30712161,-0.31806431,-0.10486178,-0.26248595,5.20829810,-0.11965618,-0.02462171,-0.01794792,0.21679556,0.97574143,5.43740548,0.09098737,0.02080727,5.32367744,-0.23954296,0.02989839,5.04980697,-0.12210873,0.01614650,4.96472158,-0.34950694,0.06078216,-0.60980654,1.39745224,-2.14701891,-1.39918411,2.68903947,-3.60192037,-1.82038653,-3.03770518,-1.01603508,0.23114918,1.44968736,-0.25885105
0.77375978,-0.04357327,-0.09773573,-0.16538153,0.76428527,0.65375570,-0.00245415,1.12423980,-1.40075903,-0.12040525,0.49442384,-1.56419539,0.16935647,1.28310127,-1.74611359,-0.19728283,0.71507198,-1.65638280,0.56219025,-0.01542790,0.03905753,0.32149191,0.28189819,0.09073284,-0.30174255,0.06199723,-0.15799095,-0.28815148,-0.15814562,0.06829588,-0.30476770,-0.30016235,-0.11194756,-0.26063288,5.22265643,-0.11378487,-0.02443784,-0.01022451,0.22343858,0.97435797,5.43680486,0.09076216,0.01974936,5.34732646,-0.22894642,0.03334042,5.05055627,-0.12126142,0.01672421,5.00131892,-0.34538668,0.06085903,-0.29416549,0.54151435,-4.01413364,-0.79595021,2.76310644,-2.87001204,-1.68551846,-3.21882796,-1.51369989,0.38250015,1.67973435,-0.28137445
0.78401874,-0.04668657,-0.06372999,-0.12654894,0.49830892,0.43138112,0.00458995,1.11504042,-1.49597111,-0.12665181,0.55283749,-1.61056519,0.13291920,1.20840406,-1.77274699,-0.18672659,0.75363473,-1.66204681,0.56219025,-0.01542790,0.03905753,0.32019335,0.26672699,0.09018261,-0.30080357,0.08087630,-0.15509002,-0.28448775,-0.17162799,0.07208730,-0.30276605,-0.27899073,-0.12049726,-0.25957760,5.23715781,-0.10772079,-0.02456394,-0.00502504,0.22791429,0.97335833,5.43612641,0.09149689,0.01938978,5.37847728,-0.21078727,0.03570560,5.05136689,-0.11931734,0.01742730,5.04065780,-0.33954651,0.06061575,0.35688781,-0.51907538,-4.64981565,-0.28985263,2.91227722,-2.26834755,-1.81798654,-3.77817521,-1.30878775,0.53058994,1.93564146,-0.27318618
0.76704714,-0.04499788,-0.02619795,0.03461822,0.25501511,0.16970219,0.00253665,1.09144292,-1.56609929,-0.12623882,0.60841261,-1.63947282,0.10075403,1.11994288,-1.79051960,-0.17687951,0.79433085,-1.66598330,0.56219025,-0.01542790,0.03905753,0.31958202,0.25256714,0.09143039,-0.30014755,0.09998612,-0.15471561,-0.28140231,-0.18416099,0.07589818,-0.30144680,-0.25432453,-0.12796224,-0.26044559,5.25133304,-0.10167473,-0.02372842,-0.00247651,0.22985565,0.97293227,5.43630780,0.09309183,0.01943447,5.40997314,-0.19530947,0.03817971,5.05267467,-0.11618865,0.01813523,5.08113069,-0.32989932,0.05913643,-0.20300442,-1.20564358,-3.47714543,0.04229415,2.76718044,-1.37104363,-1.57329104,-4.47406883,-0.84578701,0.47970627,2.04113173,-0.19957779
0.72802063,-0.05211698,-0.00018083,0.21918438,0.03692121,-0.07842334,0.01217709,1.06668162,-1.65654514,-0.12381578,0.66201981,-1.65107365,0.07349659,1.01943834,-1.79550960,-0.17034439,0.83826932,-1.66906571,0.56219025,-0.01542790,0.03905753,0.31947973,0.23880150,0.09324051,-0.30022970,0.12378855,-0.15062884,-0.27527853,-0.19610267,0.07915901,-0.30073051,-0.22704524,-0.13395856,-0.26294667,5.26490287,-0.09603468,-0.02166594,-0.00231647,0.22935786,0.97309824,5.43695039,0.09401689,0.01925003,5.44292106,-0.17554681,0.04420120,5.05408858,-0.11276019,0.01874922,5.12155465,-0.31727149,0.05653306,0.69929851,-1.22393405,-4.75473218,0.11960792,2.67225599,-0.48131130,-1.34876225,-5.09465027,-0.16451739,0.30628430,2.22302127,-0.14282655
0.67964699,-0.05157348,0.01263441,0.25995617,-0.08284655,-0.07273972,0.04000638,1.00750172,-1.75292480,-0.12468853,0.71140760,-1.65343547,0.05232276,0.91086048,-1.78529477,-0.16451088,0.88153529,-1.67444217,0.56219025,-0.01542790,0.03905753,0.31971237,0.22603007,0.09391326,-0.30060428,0.15727551,-0.14175412,-0.26879685,-0.20660145,0.08233624,-0.29980338,-0.19877004,-0.13845737,-0.26623714,5.27765550,-0.09084442,-0.01930978,-0.00356504,0.22855571,0.97333278,5.43826856,0.09385192,0.01910809,5.48158492,-0.14778830,0.05091552,5.05599917,-0.10906230,0.01990899,5.16127862,-0.30329770,0.05347523,1.46471453,-3.31024623,-4.76210070,-0.07582336,2.43124700,-0.07506608,-1.00491035,-5.47491407,0.62029833,0.29489544,2.14352489,-0.29741046
0.64222082,-0.05585650,0.02017781,0.31555092,-0.19416125,-0.19613740,0.09697406,0.88566731,-1.81832418,-0.12322053,0.75539590,-1.64707363,0.04769292,0.79865879,-1.76208172,-0.16808917,0.93456985,-1.67442758,0.56219025,-0.01542790,0.03905753,0.32020573,0.21442495,0.09519263,-0.30098533,0.20054951,-0.12574967,-0.26406774,-0.21980880,0.08268073,-0.29988848,-0.16985452,-0.13862056,-0.27027024,5.28968572,-0.08616927,-0.01668290,-0.00613039,0.22658092,0.97383016,5.44005107,0.09391393,0.01922040,5.52514981,-0.11045395,0.05613799,5.05595655,-0.10903162,0.02031725,5.19848537,-0.28554006,0.04993549,2.85004621,-6.13197727,-3.22915201,0.07260176,2.18903444,0.32547998,-0.22730419,-5.61344957,1.19217966,-0.16806184,2.64113450,-0.00063229
0.62503644,-0.03412241,0.02080630,0.32466231,-0.22788934,-0.18707881,0.15049199,0.73224121,-1.84607706,-0.12252672,0.79487835,-1.63463748,0.04874878,0.68635627,-1.71960020,-0.16781921,0.98323320,-1.67446911,0.56219025,-0.01542790,0.03905753,0.32079313,0.20333015,0.09616707,-0.30173769,0.24496258,-0.11149922,-0.25700030,-0.23152736,0.08424029,-0.29954880,-0.14224341,-0.13725013,-0.27536296,5.30120820,-0.08130361,-0.01407299,-0.00902609,0.22474671,0.97427378,5.44183444,0.09423988,0.01905544,5.57025842,-0.07418171,0.06379284,5.05617971,-0.10704033,0.02124434,5.23349418,-0.26700659,0.04543018,2.63308864,-7.78593578,-1.21526386,0.03093901,1.98096650,0.64561126,0.08871213,-5.59930620,2.15912516,-0.00228309,2.44242072,0.00417137
0.63430453,-0.01389355,0.02878266,0.36149659,-0.29168477,-0.13046290,0.18188096,0.55855827,-1.81573870,-0.12104370,0.83267504,-1.61658084,0.06114170,0.58291895,-1.66742516,-0.17089494,1.03443432,-1.67174563,0.56219025,-0.01542790,0.03905753,0.32156781,0.19215155,0.09741007,-0.30261124,0.28811989,-0.10306511,-0.25066488,-0.24394192,0.08493582,-0.29941241,-0.11679700,-0.13259118,-0.28128173,5.31273297,-0.07607600,-0.01121602,-0.01258385,0.22323805,0.97461819,5.44328183,0.09529475,0.01895657,5.61697978,-0.04337480,0.07090293,5.05614995,-0.10585700,0.02215540,5.26533879,-0.24629865,0.04028608,1.43377403,-8.65745201,1.75307020,0.08954661,1.85928862,0.91142887,0.66117814,-5.11485205,2.63558841,-0.15568183,2.56692672,0.15132808
0.66499387,0.00026025,0.03795527,0.36815907,-0.30098719,-0.01702038,0.18323563,0.41540873,-1.74143465,-0.12132364,0.86957237,-1.59236662,0.08012167,0.49197474,-1.61391907,-0.17569855,1.08600574,-1.66616940,0.56219025,-0.01542790,0.03905753,0.32268816,0.18017769,0.09810871,-0.30392913,0.32128370,-0.10159559,-0.24828936,-0.25675712,0.08521367,-0.29924233,-0.09402941,-0.12597543,-0.28667966,5.32460259,-0.07032992,-0.00830741,-0.01636731,0.22291347,0.97466542,5.44416703,0.09638439,0.01875904,5.65809154,-0.02205977,0.07439881,5.05634183,-0.10528345,0.02344583,5.29473104,-0.22466407,0.03600850,-0.09693538,-6.87883720,3.91870732,-0.04702252,1.86641824,1.26368941,0.97333677,-4.47929296,2.66177821,-0.25556409,2.57540250,0.29218480
0.68929756,0.01203340,0.03920636,0.39551519,-0.21827770,0.15629611,0.16630383,0.32815719,-1.64290249,-0.12538683,0.90535009,-1.56701171,0.10151123,0.42195222,-1.56737030,-0.18192969,1.13244116,-1.65273833,0.56219025,-0.01542790,0.03905753,0.32394049,0.16774329,0.09805755,-0.30521122,0.34010907,-0.10330719,-0.25399543,-0.26983378,0.08529257,-0.29942706,-0.07624731,-0.11825665,-0.29121830,5.33682288,-0.06415211,-0.00499056,-0.01950260,0.22408791,0.97436100,5.44482173,0.09736985,0.01872927,5.68787326,-0.00838306,0.06994505,5.05685224,-0.10540171,0.02451342,5.31994428,-0.20384248,0.03272219,-0.94712013,-3.94291687,5.06713581,-0.22447942,1.76691401,1.25266302,1.08140445,-3.32586741,2.26462841,-0.31814036,2.27199554,0.74341530
0.71129266,0.03702995,0.02744527,0.40134633,-0.15148056,0.28748529,0.16016760,0.29616767,-1.55225420,-0.13386842,0.94234518,-1.54142876,0.12248331,0.38680746,-1.54497392,-0.18861893,1.17717972,-1.63451593,0.56219025,-0.01542790,0.03905753,0.32507735,0.15420940,0.09700177,-0.30618145,0.34525824,-0.10132386,-0.26586495,-0.28372762,0.08552770,-0.29914135,-0.06632556,-0.11042746,-0.29389230,5.34922694,-0.05722265,-0.00138695,-0.02192676,0.22676176,0.97370242,5.44467181,0.09795518,0.01889591,5.70371055,0.00451189,0.05921241,5.05691842,-0.10592665,0.02593601,5.33854789,-0.18559423,0.03118506,-0.26984774,-1.59608412,4.37594994,-0.42896888,1.83753192,1.28598964,1.04455321,-1.70572783,1.10469664,-0.33494189,2.22326782,0.92066996
0.71571742,0.04265253,0.02402726,0.48269233,-0.04694394,0.39483619,0.18109446,0.27051893,-1.53911901,-0.14447523,0.97264196,-1.51120739,0.14036036,0.38667114,-1.53250144,-0.19660579,1.21493368,-1.61128457,0.56219025,-0.01542790,0.03905753,0.32622905,0.14127228,0.09597243,-0.30745268,0.35268796,-0.09331689,-0.26462296,-0.29706023,0.08598310,-0.29882367,-0.06566965,-0.10251085,-0.29859122,5.36158256,-0.05003421,0.00322489,-0.02348200,0.23046581,0.97279171,5.44476584,0.09912712,0.01877637,5.71864165,0.02483662,0.06160609,5.05752687,-0.10649667,0.02740538,5.34889659,-0.17111288,0.02763783,1.13215498,-1.23598793,0.66395038,-0.52714490,1.50896776,1.52324283,0.88315678,0.08571874,0.59999509,-0.40991787,1.88615072,1.16390836
0.71659848,0.00825781,0.01401989,0.53355485,0.07562109,0.45444404,0.17070341,0.26343155,-1.49009087,-0.15446735,0.99846358,-1.47887783,0.15224415,0.41413283,-1.52102859,-0.20725289,1.24897470,-1.58739452,0.56219025,-0.01542790,0.03905753,0.32726359,0.12866953,0.09578320,-0.30858720,0.35270062,-0.09200695,-0.27251184,-0.30996200,0.08630072,-0.29787323,-0.07314819,-0.09520121,-0.30603332,5.37421340,-0.04330769,0.00867308,-0.02414382,0.23469461,0.97173057,5.44500188,0.10063418,0.01867639,5.73003882,0.03575730,0.05475175,5.05902175,-0.10794885,0.02939036,5.35256385,-0.16139759,0.02123027,-1.00435529,-0.26165305,2.79595468,-0.49985020,1.25807185,1.61321056,0.55564834,1.46399536,0.61090417,-0.53780776,1.66801631,1.19640815
0.70313206,-0.01108967,-0.02520048,0.48020078,0.17123451,0.54310119,0.12294482,0.28875185,-1.43012850,-0.16393348,1.02161283,-1.44899139,0.14628336,0.45013609,-1.51688712,-0.21568589,1.28065109,-1.57095585,0.56219025,-0.01542790,0.03905753,0.32761010,0.11640322,0.09590425,-0.30933319,0.34185266,-0.10065739,-0.28637248,-0.32146164,0.08744827,-0.29524333,-0.08331278,-0.09322102,-0.31172210,5.38679523,-0.03693615,0.01393908,-0.02361008,0.23972299,0.97045410,5.44521131,0.10211383,0.01827691,5.73622588,0.03301647,0.04123762,5.06155986,-0.10909389,0.03236677,5.35642146,-0.15821521,0.01588800,-2.27680202,1.49737599,2.76291256,-0.46780208,1.16374817,1.47315776,-0.43794443,1.79466736,0.09649800,-0.39405636,1.59420764,0.74551384
0.71067771,0.01170412,-0.08749666,0.47364071,0.10278303,0.56209153,0.10596628,0.33223093,-1.40014672,-0.17546540,1.05157423,-1.42613530,0.13040450,0.51009738,-1.54507852,-0.22474594,1.32180786,-1.57560217,0.56219025,-0.01542790,0.03905753,0.32681975,0.10349407,0.09541064,-0.30840607,0.32739270,-0.10140424,-0.29752865,-0.33093099,0.08881586,-0.28990214,-0.09721733,-0.09517119,-0.31285287,5.39924993,-0.03002390,0.01893467,-0.02354712,0.24504052,0.96904187,5.44504346,0.10308194,0.01841368,5.73553790,0.03615159,0.02929110,5.06582393,-0.10895854,0.03691761,5.35886706,-0.15993921,0.01396688,-0.59669042,2.23986077,1.31688583,-0.60000652,1.56304824,1.08308315,-0.82317078,3.24039268,-1.67761075,-0.47307011,2.14744806,-0.40495631
0.72327355,0.03250533,-0.14753900,0.31310312,0.07257189,0.49841320,0.09703653,0.39653536,-1.41685004,-0.18647839,1.08547952,-1.40923440,0.12276933,0.56736566,-1.58154523,-0.22844559,1.37504711,-1.61314273,0.56219025,-0.01542790,0.03905753,0.32471601,0.09030346,0.09432468,-0.30629610,0.31032126,-0.10173530,-0.30188702,-0.33670233,0.09151390,-0.28040079,-0.10948856,-0.09596210,-0.31150685,5.41169347,-0.02232503,0.02233888,-0.02356977,0.24978803,0.96775585,5.44517821,0.10389158,0.01841991,5.73254174,0.03854978,0.02282898,5.07268714,-0.10489599,0.04431522,5.36220311,-0.15924535,0.01320916,-0.42516211,3.20132971,-0.88997841,-0.55268131,1.69822729,0.82699007,-0.38469839,2.86996198,-1.82755268,-0.16018544,2.63166454,-1.89054527
0.72860940,0.05256633,-0.12310341,-0.04287440,0.18260996,0.42002463,0.09283940,0.44865307,-1.45020528,-0.19605731,1.11804988,-1.40596859,0.11590576,0.62507232,-1.61420472,-0.21186659,1.40218062,-1.65198336,0.56219025,-0.01542790,0.03905753,0.32299999,0.07870512,0.09242060,-0.30363554,0.29701596,-0.10274958,-0.30231330,-0.33666045,0.09735913,-0.27209276,-0.12369036,-0.09795754,-0.30923933,5.42391271,-0.01417571,0.02272846,-0.02168663,0.25388289,0.96672467,5.44715556,0.10497056,0.01936445,5.73313779,0.04200082,0.02068669,5.08278617,-0.09449846,0.05090723,5.36418637,-0.16021594,0.01376066,-0.26915662,2.55347757,-1.56021879,-0.45444449,1.60035455,0.11721324,-0.32076401,2.85697436,-1.57381718,0.90775209,1.24710696,-1.88744397
0.76015964,0.07171448,-0.06644522,-0.40111952,0.22519018,0.27687548,0.08875449,0.49747263,-1.47735395,-0.19733153,1.13892391,-1.42046919,0.11424720,0.67256566,-1.63020642,-0.17555688,1.39170148,-1.67747264,0.56219025,-0.01542790,0.03905753,0.32234412,0.07303223,0.09128506,-0.30127181,0.28287475,-0.10554026,-0.30353596,-0.33102730,0.10548938,-0.26775528,-0.13792650,-0.09986060,-0.30775415,5.43640536,-0.00538762,0.01968551,-0.01849559,0.25670075,0.96611341,5.45457048,0.11009700,0.02107231,5.73439120,0.04320567,0.01880816,5.09662723,-0.07789899,0.05458884,5.36613530,-0.16049396,0.01458996,-0.08452302,2.51281199,-1.51045415,-0.02966684,0.98306457,-0.81053916,-0.07570669,2.32925096,-0.75182104,1.85518823,-0.68094628,-1.25012529
0.78412627,0.08626885,-0.05463519,-0.53095419,0.19577937,0.12420483,0.09483473,0.55162159,-1.51456957,-0.19133676,1.14577787,-1.45609188,0.11339570,0.71403097,-1.63882987,-0.13933159,1.34977300,-1.70244541,0.56219025,-0.01542790,0.03905753,0.32189698,0.07554429,0.09149438,-0.29900391,0.26808399,-0.10617277,-0.30329883,-0.31794709,0.11236611,-0.26703156,-0.15153928,-0.10223215,-0.30621511,5.44912566,0.00390763,0.01517809,-0.01516796,0.25811854,0.96587493,5.46900376,0.12088208,0.02289307,5.73445186,0.04550869,0.01859815,5.11748637,-0.05718146,0.05486542,5.36872129,-0.16025906,0.01568187,0.28594082,2.68890786,-1.80842962,0.33838407,0.26313398,-1.90684602,-0.04172542,2.05840087,-0.40565441,1.77071757,-2.25392797,-1.26781213
0.80564184,0.12517395,-0.06681352,-0.56131205,0.10080879,0.13326132,0.09437121,0.60722017,-1.54265356,-0.17786521,1.13686776,-1.53300238,0.11208294,0.75452292,-1.64750159,-0.10660373,1.29977012,-1.74234498,0.56219025,-0.01542790,0.03905753,0.32112312,0.09108117,0.09374795,-0.29468606,0.25237202,-0.10915938,-0.30310415,-0.29967787,0.11825297,-0.26571120,-0.16446020,-0.10523014,-0.30401929,5.46184863,0.01403629,0.01010271,-0.01259663,0.25941129,0.96563194,5.49371327,0.14080025,0.02643706,5.73495378,0.04598915,0.01801897,5.14324607,-0.03374448,0.05541192,5.37222852,-0.15942487,0.01710384,-0.07957800,2.80369496,-1.33905876,0.72902256,-0.56336403,-4.19554710,-0.07067576,2.02229619,-0.44682738,1.62169170,-2.50213599,-2.13465929
0.81367252,0.12627445,-0.05645567,-0.55105739,-0.01560858,0.08972262,0.09748471,0.66204835,-1.56747632,-0.15760477,1.10397060,-1.60947812,0.11017159,0.79912677,-1.65255501,-0.07682375,1.24768367,-1.78603475,0.56219025,-0.01542790,0.03905753,0.32038971,0.11331756,0.09752100,-0.29052854,0.23743284,-0.11139482,-0.30202264,-0.27987483,0.12336003,-0.26344639,-0.17828616,-0.10872474,-0.30204315,5.47467994,0.02440500,0.00474528,-0.01128494,0.26029054,0.96545273,5.52362498,0.16566928,0.02986117,5.73593120,0.04744706,0.01836706,5.17072352,-0.00962610,0.05694332,5.37520112,-0.15920053,0.01834655,0.15138744,2.73816466,-1.22483386,1.02083313,-1.66236010,-3.86900539,-0.09983726,2.22936487,-0.24447296,1.49519379,-2.63039565,-2.16291454
0.79728357,0.13183768,-0.03041451,-0.49915030,-0.09321824,0.26050797,0.09815611,0.71425208,-1.58057098,-0.13428747,1.04535613,-1.70400450,0.10710562,0.84300964,-1.65268290,-0.04378527,1.17391386,-1.81553462,0.56219025,-0.01542790,0.03905753,0.32005475,0.14517618,0.10257599,-0.28279410,0.22247499,-0.11420868,-0.30147632,-0.25697688,0.12925785,-0.26287921,-0.19201753,-0.11249501,-0.30044748,5.48710364,0.03480392,-0.00032424,-0.01083921,0.26279711,0.96479018,5.56019324,0.19684055,0.03726065,5.73676547,0.04921620,0.01857843,5.20007419,0.01586190,0.05717554,5.37867593,-0.15953931,0.01960727,0.03058827,2.60016179,-0.61897225,1.15737708,-3.10038605,-4.68073196,-0.14349468,2.19107151,0.00186968,1.65353634,-3.77495656,-1.44096415
0.75558138,0.10702726,0.01236032,-0.39300794,-0.16759789,0.38530246,0.09600525,0.76129885,-1.57885695,-0.12071439,0.93064334,-1.77809784,0.10693085,0.88568273,-1.64866366,-0.01395314,1.07345297,-1.82464046,0.56219025,-0.01542790,0.03905753,0.32049034,0.18734067,0.10501137,-0.27511671,0.20771295,-0.11741685,-0.30192155,-0.23008649,0.13458905,-0.26489277,-0.20537506,-0.11508303,-0.29957121,5.49904098,0.04447485,-0.00460581,-0.01132039,0.26644697,0.96377209,5.60580997,0.23081942,0.04537364,5.73756885,0.05046161,0.01856879,5.23249559,0.04172514,0.05559757,5.38197469,-0.15977623,0.02091913,-0.12980219,2.32081738,0.16226720,0.59818749,-5.95729685,-3.59151063,0.00056541,2.12770057,0.22590492,1.45631802,-5.11702223,-0.31941033
0.69443697,0.10162790,0.04361537,-0.29494849,-0.21199787,0.51767287,0.09122468,0.80047092,-1.56850867,-0.11571192,0.76567183,-1.81474106,0.10948853,0.92721035,-1.64140005,0.00995154,0.95826552,-1.81060314,0.56219025,-0.01542790,0.03905753,0.32154139,0.23562678,0.10548617,-0.26627830,0.19453744,-0.12101059,-0.30253055,-0.20199256,0.13878313,-0.26873893,-0.21838550,-0.11649660,-0.29929887,5.50992507,0.05352438,-0.00803745,-0.01256240,0.27131151,0.96237604,5.65571021,0.26658306,0.05526308,5.73902339,0.05199502,0.01901083,5.26518392,0.06631179,0.05280246,5.38459348,-0.15991338,0.02224252,-0.24306633,1.91137781,0.52719068,0.24488388,-8.52950487,-1.57081590,0.14590483,2.07088065,0.37068126,1.17124770,-5.81265974,0.79741568
0.67091806,0.11421155,0.07533022,-0.11307192,-0.35228285,0.76209550,0.08132508,0.83641374,-1.55018246,-0.11284736,0.57194257,-1.79752791,0.11429472,0.97248560,-1.63785088,0.02691319,0.83660597,-1.77410090,0.56219025,-0.01542790,0.03905753,0.32320625,0.28476538,0.10572832,-0.25668120,0.18204542,-0.12571081,-0.30281074,-0.17331684,0.14164199,-0.27441710,-0.23081979,-0.11689580,-0.29898204,5.52006854,0.06261242,-0.01019929,-0.01540927,0.27827076,0.96032490,5.70410909,0.30427101,0.06652505,5.74112453,0.05378085,0.02039550,5.29786529,0.08957336,0.04878914,5.38758029,-0.15962455,0.02422421,-0.54415137,1.78846109,0.99120134,0.12446880,-9.83357525,1.26854885,0.25378391,2.30398870,0.13656378,0.79064512,-6.12105465,2.00198650
0.67581667,0.08885581,0.07222930,0.05345067,-0.42903968,0.74926532,0.07086664,0.86678077,-1.52054002,-0.11025208,0.39202940,-1.73675568,0.12150415,1.02281058,-1.63328621,0.03368462,0.71425813,-1.71705585,0.56219025,-0.01542790,0.03905753,0.32502538,0.32758984,0.10641736,-0.24659446,0.17025242,-0.13000308,-0.30367429,-0.14445671,0.14247322,-0.28138487,-0.24376005,-0.11610397,-0.29921847,5.53031606,0.07152157,-0.01081602,-0.01972376,0.28544923,0.95812981,5.74611892,0.33997805,0.07843092,5.74396457,0.05599734,0.02135109,5.33142041,0.11160748,0.04364050,5.38995704,-0.15912631,0.02580691,-0.52189394,1.51927817,1.49291456,0.15042435,-8.94402609,3.08364182,0.35691536,2.52777934,0.22453164,0.32735308,-6.10970354,2.87427640
0.70123529,0.05209720,0.05334998,0.18408438,-0.46929430,0.56911708,0.06160862,0.89759363,-1.48486741,-0.09623301,0.25764493,-1.65448201,0.12795007,1.07853720,-1.62967875,0.03409691,0.59802185,-1.64537973,0.56219025,-0.01542790,0.03905753,0.32664897,0.35919938,0.10964973,-0.23989246,0.15764145,-0.13344819,-0.30470009,-0.11683201,0.14199492,-0.28895920,-0.25737319,-0.11516130,-0.29912244,5.54127492,0.08020274,-0.01028281,-0.02481575,0.29090318,0.95637534,5.77837390,0.37146093,0.08675651,5.74654025,0.05728134,0.02194889,5.36512689,0.13296775,0.03768977,5.39178771,-0.15887184,0.02752653,-0.45603791,1.54046690,1.78996885,0.71188933,-6.52209749,4.10354519,0.33244308,2.78269362,0.18930960,0.01311587,-5.78913736,3.61999631
0.72276859,0.03700090,0.04438788,0.14974948,-0.38363633,0.37384533,0.05469004,0.92615930,-1.44904103,-0.08022823,0.18658341,-1.56825943,0.13684700,1.13141434,-1.62104397,0.03200559,0.49312917,-1.56598284,0.56219025,-0.01542790,0.03905753,0.32821565,0.37557941,0.11244461,-0.24196209,0.14488963,-0.13613536,-0.30570257,-0.09237901,0.14082370,-0.29619951,-0.27144590,-0.11347218,-0.29892189,5.55270928,0.08894667,-0.00985515,-0.02909825,0.29456195,0.95513843,5.79944648,0.39361771,0.08625356,5.74913463,0.05823958,0.02251308,5.39700297,0.15313968,0.03201615,5.39254474,-0.15784500,0.02929376,-0.33626065,1.40616333,1.78017986,0.79822456,-3.31409783,4.37089462,0.44906256,2.62263656,0.46413943,-0.11460488,-5.17655087,3.97467017
0.70994945,0.02907093,0.04403080,-0.01595681,-0.20145228,0.12925530,0.05235283,0.95087208,-1.42028995,-0.07035560,0.14174013,-1.48854728,0.14650271,1.17486975,-1.60533757,0.02600733,0.41745485,-1.50041220,0.56219025,-0.01542790,0.03905753,0.32983430,0.38484347,0.11338217,-0.24852752,0.13298364,-0.13758745,-0.30651428,-0.07552497,0.13830101,-0.30192056,-0.28547599,-0.11167467,-0.29829540,5.56404275,0.09750954,-0.01039057,-0.03126735,0.29605164,0.95460348,5.81687602,0.40901452,0.08130678,5.75158137,0.05950667,0.02332003,5.42344188,0.16866138,0.02791374,5.39211406,-0.15627837,0.03153890,-0.08071526,1.21922982,1.37794006,0.43432409,-2.21895976,3.86073704,0.48615679,2.09977326,0.82363552,-0.32894349,-3.55961514,3.13544345
0.70818903,0.02409112,0.04323420,-0.10030702,-0.18536569,-0.09924264,0.05463832,0.97297609,-1.39325607,-0.08904561,0.11572663,-1.42602944,0.15493768,1.21104431,-1.58389378,0.02055503,0.38005015,-1.45091987,0.56219025,-0.01542790,0.03905753,0.33146039,0.38950458,0.10632212,-0.25736029,0.12149392,-0.13798188,-0.30730724,-0.06848740,0.13550339,-0.30811454,-0.29912434,-0.11054741,-0.29747970,5.57535781,0.10591755,-0.01183334,-0.03272975,0.29540762,0.95473718,5.83639373,0.41394103,0.07410009,5.75360049,0.06086959,0.02415314,5.44222631,0.17890860,0.02334584,5.39123954,-0.15446018,0.03398068,0.14242910,1.08731747,1.36432874,-1.19047332,-1.12397873,3.01638341,0.40785578,1.77241790,1.11040592,-0.25263995,-1.59958887,2.38537765
0.69190562,0.04821548,0.01582047,-0.16428051,-0.16370426,-0.16581676,0.05562961,0.99106975,-1.36206331,-0.03541162,0.12605704,-1.33942435,0.15770863,1.24012573,-1.56100140,0.01672369,0.39389445,-1.43277757,0.56219025,-0.01542790,0.03905753,0.33253947,0.38211970,0.11827050,-0.27367832,0.10997852,-0.13910047,-0.30813298,-0.07395869,0.13280518,-0.31422777,-0.31147514,-0.11128059,-0.29604913,5.58622140,0.11451572,-0.01394939,-0.03382447,0.29387723,0.95514265,5.83535346,0.42746394,0.05886116,5.75544223,0.06152018,0.02440650,5.45030946,0.18259690,0.01831171,5.39152602,-0.15286761,0.03649034,0.05387565,0.91106625,1.53877678,2.64093447,0.56844866,4.26703649,0.12241833,1.44912803,1.13483609,-0.19886315,0.78630384,0.81024735
0.67497557,0.04007707,-0.04520202,-0.13563885,-0.05519303,-0.20165964,0.05816447,1.01482491,-1.34524870,-0.00853277,0.17032177,-1.29334333,0.15158886,1.27026618,-1.55066891,0.00960351,0.45504239,-1.46855867,0.56219025,-0.01542790,0.03905753,0.33244708,0.36589893,0.12427253,-0.28939360,0.09889011,-0.13924718,-0.30732154,-0.08876728,0.12972299,-0.31523711,-0.32209285,-0.11417745,-0.29215548,5.59697541,0.12271407,-0.01553647,-0.03393335,0.29197039,0.95569893,5.83052806,0.43057580,0.04305348,5.75688342,0.06272690,0.02512554,5.45078763,0.18047926,0.01720996,5.39406261,-0.15225264,0.04029159,0.12062313,1.21245642,0.80125378,1.28021653,2.29293675,2.21489935,-0.31425099,1.54232585,0.43993946,-0.35241865,3.05998731,-1.84395201
0.71081206,0.03824676,-0.12418375,-0.10117926,0.05269357,-0.12817393,0.05863736,1.04590056,-1.33931959,0.00760944,0.22998892,-1.27316668,0.14593639,1.31121206,-1.57303023,0.00302861,0.50754119,-1.50448539,0.56219025,-0.01542790,0.03905753,0.33081606,0.34566079,0.12829891,-0.30246455,0.08728699,-0.13950404,-0.30470055,-0.10119754,0.12742056,-0.31425007,-0.32921827,-0.11676855,-0.28413943,5.60843953,0.13119168,-0.01641474,-0.03325332,0.29069749,0.95609609,5.82377290,0.43048006,0.02835151,5.75869903,0.06409115,0.02611551,5.45337428,0.18050405,0.01656599,5.40032195,-0.14935535,0.04667663,0.01526423,1.57759082,0.26655433,0.82719561,2.97798066,0.92809144,-0.26142541,2.08474154,-1.29163449,-0.33047285,2.53326797,-1.68799765
0.73732548,0.04740215,-0.13141163,-0.13313124,0.38055687,-0.01970084,0.05460604,1.07515128,-1.34028876,-0.00390626,0.29504301,-1.33108461,0.13587377,1.34141960,-1.61596141,-0.00037359,0.55723276,-1.53443773,0.56219025,-0.01542790,0.03905753,0.32880140,0.32940801,0.12524297,-0.30403021,0.07613819,-0.14029122,-0.30181249,-0.11490041,0.12695629,-0.31227856,-0.33052413,-0.11964660,-0.27432304,5.62031354,0.14010621,-0.01669036,-0.02966626,0.29049031,0.95627231,5.82406739,0.42764717,0.02477119,5.76170577,0.06603269,0.02698891,5.45416354,0.18150889,0.01652284,5.41251468,-0.14340947,0.05447836,-0.23822803,1.42047775,-0.08754014,-0.87244910,3.31195073,-3.59610091,-0.56843031,1.36554613,-2.17868898,-0.13665513,2.54817810,-1.54621112
0.80115626,0.04808447,-0.09821340,-0.12789994,0.59661139,0.18755408,0.04523092,1.10240376,-1.34328902,-0.01457809,0.34202027,-1.37338436,0.12131030,1.33360183,-1.64965665,-0.00132143,0.60184747,-1.55313551,0.56219025,-0.01542790,0.03905753,0.32729411,0.31597536,0.12332288,-0.30608644,0.06498736,-0.14188129,-0.29878864,-0.12945464,0.12799558,-0.31031867,-0.32473469,-0.12242375,-0.26885682,5.63299693,0.14971320,-0.01622389,-0.02384561,0.29211083,0.95594949,5.82584561,0.42874429,0.02120767,5.76625527,0.06849824,0.02850547,5.45408238,0.18334293,0.01697544,5.43238582,-0.13347468,0.05843729,-0.50386298,1.36367071,-0.15078305,-0.37682095,2.13847160,-1.60870302,-0.74053240,-0.69872612,-1.57633770,-0.03957577,2.14816689,-0.79804653
0.80598171,0.01117580,-0.06961188,0.01286245,0.70477577,0.16171545,0.03202282,1.12049880,-1.35363677,-0.02974465,0.40580527,-1.43517232,0.11235391,1.29446733,-1.69546015,-0.00853339,0.64317707,-1.56497135,0.56219025,-0.01542790,0.03905753,0.32629175,0.29946881,0.12142905,-0.30554447,0.05815159,-0.14341683,-0.29641978,-0.14390803,0.12829248,-0.30851175,-0.30874516,-0.12252975,-0.26654402,5.64624147,0.15894981,-0.01399875,-0.01716526,0.29379940,0.95561043,5.82564620,0.42772578,0.02074727,5.77495832,0.07303144,0.02987196,5.45510434,0.18415063,0.01778000,5.45978374,-0.11595132,0.05974772,-0.65505176,0.89463466,-0.55842729,-0.75298313,3.17430615,-3.06049037,-0.42633782,-1.98263154,-2.30874677,-0.35809385,2.05898664,-0.58269162
0.81113544,-0.02426469,-0.06379125,0.02595125,0.64579224,-0.01088758,0.02109980,1.12865639,-1.40149572,-0.03915222,0.46264411,-1.48033805,0.11676879,1.24460714,-1.75426104,-0.01447941,0.68189543,-1.57276907,0.56219025,-0.01542790,0.03905753,0.32526216,0.28393289,0.12113135,-0.30562147,0.06238633,-0.14435403,-0.29318483,-0.15770368,0.12885116,-0.30671790,-0.28762874,-0.11939744,-0.26411575,5.65994691,0.16766969,-0.01184431,-0.01101015,0.29389860,0.95569980,5.82669925,0.42744719,0.01964069,5.79268350,0.08334212,0.03207733,5.45708837,0.18559961,0.01854426,5.48916320,-0.09275106,0.06114641,-0.55006545,0.35909125,-2.56285994,-0.43951225,2.84719682,-2.23660169,0.24704717,-2.47073350,-2.97715878,-0.29716063,1.94727223,-0.39500567
0.80149346,-0.03783475,-0.06000680,0.07876700,0.50953734,-0.22064982,0.01122620,1.11482320,-1.48615875,-0.04076389,0.52043717,-1.51671546,0.12069538,1.19088657,-1.80979285,-0.02045128,0.72455125,-1.58142774,0.56219025,-0.01542790,0.03905753,0.32418305,0.26821887,0.12295044,-0.30523525,0.08119121,-0.14516549,-0.28950350,-0.17168470,0.12921293,-0.30480206,-0.26606715,-0.11670040,-0.26113093,5.67371215,0.17600684,-0.00963245,-0.00620508,0.29199587,0.95635094,5.82749318,0.42781941,0.01894781,5.82214746,0.10096023,0.03467955,5.45913171,0.18726963,0.01938099,5.51822433,-0.06941982,0.06305212,-0.47535691,-0.81399100,-4.26136780,-0.06435687,2.88868523,-1.77435629,0.13884070,-2.76918397,-2.66967049,-0.29913270,2.14945722,-0.43130347
0.77698580,-0.05000025,-0.04485569,0.13474581,0.33511914,-0.40927060,0.00973444,1.09251938,-1.57909355,-0.03871873,0.57628078,-1.54150789,0.11943853,1.11118686,-1.83675785,-0.02412532,0.76943338,-1.58935587,0.56219025,-0.01542790,0.03905753,0.32328874,0.25301050,0.12548617,-0.30486222,0.10434280,-0.14379559,-0.28465160,-0.18532232,0.12998125,-0.30294737,-0.24249397,-0.11529522,-0.26190264,5.68724841,0.18381950,-0.00737415,-0.00315051,0.28830425,0.95750528,5.82890653,0.42814320,0.01842653,5.85364064,0.12154416,0.03863715,5.46096772,0.18986416,0.02034138,5.54873141,-0.04620083,0.06138611,-0.00909259,-1.07756565,-4.70124111,0.12259969,2.77365351,-1.16828582,-0.05718782,-4.16162105,-1.16950173,-0.16018442,2.24970317,-0.39073130
0.77081716,-0.05275442,-0.01740825,0.21060830,0.21874186,-0.63535562,0.01223136,1.06230545,-1.68375325,-0.03244903,0.62809259,-1.55330956,0.12186234,1.00604069,-1.84020782,-0.02790496,0.81396604,-1.59610677,0.56219025,-0.01542790,0.03905753,0.32287624,0.23839316,0.12914428,-0.30474162,0.13137674,-0.14139338,-0.27661015,-0.19811357,0.13064548,-0.30124287,-0.21553181,-0.11271525,-0.26568818,5.70077075,0.19131202,-0.00481167,-0.00144914,0.28253676,0.95924331,5.83109893,0.42906001,0.01813462,5.88781537,0.14370693,0.04626609,5.46347035,0.19371003,0.02163337,5.58074845,-0.02023783,0.05718806,0.13198502,-1.60861003,-5.32298279,0.34555992,2.55953526,-0.49584386,0.15516980,-5.42345476,-0.02672195,-0.20179710,2.22033978,-0.32860991
0.75187126,-0.06996872,0.01011307,0.29526520,0.10032427,-0.86359071,0.01591650,0.96372987,-1.76022437,-0.02394214,0.67609694,-1.55236568,0.12630125,0.89254657,-1.81468203,-0.03645382,0.86048752,-1.59829848,0.56219025,-0.01542790,0.03905753,0.32308826,0.22420846,0.13356098,-0.30483291,0.17101692,-0.13886441,-0.27069828,-0.21116982,0.12997563,-0.30056857,-0.18904322,-0.10933209,-0.27195172,5.71429528,0.19807835,-0.00169922,-0.00124169,0.27429129,0.96164435,5.83430671,0.42982223,0.01825535,5.93283605,0.17032869,0.05238999,5.46633281,0.19709426,0.02251969,5.61137580,0.00546884,0.05113654,0.19592207,-5.01394672,-3.76087332,0.42580190,2.39347224,0.06805516,0.23194258,-5.67814894,1.30311725,-0.43402756,2.33167267,-0.10714244
0.71877805,-0.07910644,0.03949973,0.30700368,-0.05750423,-1.06279287,0.02533461,0.81491319,-1.79370697,-0.01384403,0.71977313,-1.53626089,0.13839508,0.77797493,-1.77164810,-0.04748920,0.90931867,-1.59990814,0.56219025,-0.01542790,0.03905753,0.32391988,0.20985798,0.13807616,-0.30599070,0.21650433,-0.13523540,-0.26555927,-0.22414744,0.12818440,-0.30031762,-0.16272601,-0.10399188,-0.27930122,5.72747373,0.20408356,0.00112320,-0.00252592,0.26417842,0.96446986,5.83767795,0.42982773,0.01792918,5.98267240,0.19805198,0.05836061,5.46929187,0.20015349,0.02360226,5.64045390,0.03168398,0.04461866,0.46991013,-7.51740475,-1.55765676,0.51852915,2.17425370,0.85254188,0.63125374,-5.72214136,2.19263775,-0.54371078,2.43666077,-0.08687781
0.71032770,-0.07990899,0.06050934,0.35528238,-0.27641134,-1.19290075,0.03204149,0.65150357,-1.78154032,0.00061873,0.75936325,-1.50504856,0.15778262,0.66824869,-1.71722994,-0.05759618,0.96030035,-1.60325232,0.56219025,-0.01542790,0.03905753,0.32527865,0.19536723,0.14360236,-0.30762592,0.26038834,-0.13265476,-0.25972685,-0.23621504,0.12633932,-0.30018143,-0.13676569,-0.09672810,-0.28700646,5.74062699,0.20962709,0.00377550,-0.00591679,0.25266680,0.96752789,5.84084052,0.43041486,0.01765273,6.03262872,0.22121871,0.06555181,5.47280006,0.20434523,0.02509722,5.66861524,0.05838065,0.03827219,0.31022252,-8.16326809,0.83187811,0.73953735,1.95775645,1.61708724,0.98918972,-5.45073843,2.75286746,-0.51218156,2.58038211,-0.17176436
0.70184565,-0.06881851,0.06076922,0.41731650,-0.38765080,-1.20469648,0.03007965,0.50276951,-1.71872203,0.01520222,0.79315197,-1.46494951,0.17827882,0.57087356,-1.65854378,-0.07464545,1.01648526,-1.60705347,0.56219025,-0.01542790,0.03905753,0.32681811,0.18165370,0.14932295,-0.30917511,0.29682319,-0.13212144,-0.25713629,-0.24874668,0.12255625,-0.30042025,-0.11276631,-0.08891074,-0.29408117,5.75368108,0.21498441,0.00673517,-0.01070898,0.24098451,0.97044651,5.84440021,0.43193013,0.01764300,6.07783212,0.23703400,0.06968181,5.47649764,0.20696649,0.02639786,5.69559430,0.08365548,0.03273694,-0.15965767,-7.29716015,3.42388465,0.71398214,1.65317190,2.03734872,1.01608372,-4.78081827,2.94502807,-0.91505353,2.82997918,-0.19007204
0.66774178,-0.04906615,0.04734210,0.41359195,-0.25326470,-1.00868555,0.01856121,0.38511783,-1.62017727,0.02353876,0.82365376,-1.42611074,0.19396532,0.48794645,-1.60056496,-0.09407462,1.06868958,-1.60544479,0.56219025,-0.01542790,0.03905753,0.32821813,0.16810064,0.15355440,-0.31063490,0.32319818,-0.13357054,-0.26058136,-0.26149040,0.11848570,-0.30050364,-0.09245860,-0.08200856,-0.29972768,5.76613225,0.22010785,0.00998523,-0.01446427,0.23083482,0.97283419,5.84737052,0.43279806,0.01758324,6.11489095,0.24590558,0.06763677,5.47928323,0.20854369,0.02771449,5.72034968,0.10531259,0.02849045,-0.64070505,-5.64153099,5.14301729,0.36195415,1.51035178,1.91313732,0.74059093,-4.04584408,2.88650727,-0.96396261,2.56004310,0.13453960
0.65439103,-0.05174582,0.04117107,0.43079493,-0.25817754,-0.68814772,0.00901435,0.29721578,-1.52401524,0.02657386,0.84862031,-1.38550487,0.20634237,0.43462051,-1.55914376,-0.11296877,1.11919079,-1.59942367,0.56219025,-0.01542790,0.03905753,0.32956040,0.15549807,0.15637621,-0.31221651,0.34276655,-0.13450438,-0.26486029,-0.27449276,0.11489043,-0.30033402,-0.07848810,-0.07614152,-0.30354791,5.77833375,0.22486546,0.01343764,-0.01806679,0.22402523,0.97432321,5.84999370,0.43342725,0.01734389,6.14543561,0.25344092,0.06470011,5.48122052,0.20843942,0.02922638,5.74094562,0.12210340,0.02601249,-0.46637891,-4.35179439,4.73866611,0.14253703,1.24579728,2.03176260,0.61338288,-2.61905289,2.04080198,-0.94605201,2.51850820,0.30680894
0.64497594,-0.05696382,0.02900148,0.51882860,-0.09745926,-0.44945067,0.00728479,0.23645375,-1.46049047,0.02379858,0.87129942,-1.34465837,0.21328504,0.41455684,-1.53685696,-0.13313810,1.16447930,-1.58831275,0.56219025,-0.01542790,0.03905753,0.33075830,0.14260251,0.15831147,-0.31377717,0.35695602,-0.13248192,-0.26701490,-0.28751789,0.11185361,-0.29965881,-0.07272787,-0.07100110,-0.30681719,5.79043378,0.22933347,0.01815747,-0.02032841,0.21944060,0.97524504,5.85161094,0.43342990,0.01698113,6.16975392,0.26227716,0.06374339,5.48270215,0.20744716,0.03109948,5.75506743,0.13404590,0.02394111,-0.06312588,-2.98323989,3.19704127,-0.15077967,1.12373178,2.03738732,0.32013915,-0.90678077,1.07428541,-1.01449467,2.24505744,0.57767912
0.66424883,-0.07016976,0.00234148,0.51705835,0.04115365,-0.34288980,-0.01322340,0.19677520,-1.37036788,0.01908449,0.89077512,-1.30399129,0.21373585,0.42960322,-1.52925994,-0.15444779,1.20376544,-1.57136519,0.56219025,-0.01542790,0.03905753,0.33146615,0.12967283,0.16002172,-0.31523772,0.36276479,-0.13534112,-0.27671446,-0.30070773,0.10886895,-0.29866519,-0.07643922,-0.06717750,-0.31093005,5.80299882,0.23365476,0.02321951,-0.02120763,0.21597979,0.97589130,5.85322484,0.43340295,0.01622843,6.18902320,0.26366630,0.05475169,5.48440847,0.20576614,0.03280096,5.76195764,0.14053444,0.02053610,-1.25989985,-1.88281493,4.73050079,-0.23106047,0.96219846,2.04143424,0.01161056,0.91061418,0.31306169,-1.06483197,1.94301932,0.86147827
0.69475670,-0.07518986,-0.01906995,0.40292171,0.12072559,-0.40350916,-0.04544769,0.19827561,-1.29403541,0.01751480,0.90964278,-1.26584499,0.21140786,0.47255061,-1.53951147,-0.17106443,1.23864126,-1.55594633,0.56219025,-0.01542790,0.03905753,0.33179945,0.11642455,0.16235776,-0.31599374,0.35661657,-0.14216492,-0.28977726,-0.31305299,0.10698247,-0.29654166,-0.08731722,-0.06470656,-0.31425488,5.81620091,0.23803187,0.02748246,-0.02110873,0.21201925,0.97665090,5.85505895,0.43400323,0.01580571,6.19968585,0.25607470,0.04202218,5.48692960,0.20597216,0.03525779,5.76346025,0.14300736,0.01754456,-1.49388490,0.38569751,3.45435019,-0.05168444,0.94888896,1.87402716,-0.13325803,2.26808431,-0.62427230,-0.78455396,1.72097528,0.74155563
0.75257776,-0.06810796,-0.09250430,0.31813630,0.10420545,-0.53961558,-0.04112742,0.22515111,-1.27534807,0.01600654,0.93692267,-1.23683488,0.20484284,0.53100675,-1.57156336,-0.18271920,1.28107882,-1.55974686,0.56219025,-0.01542790,0.03905753,0.33091176,0.10173052,0.16401849,-0.31502974,0.34713634,-0.13861988,-0.29879428,-0.32379487,0.10641339,-0.29119773,-0.10081472,-0.06487752,-0.31434311,5.83039178,0.24289639,0.03080497,-0.02088392,0.20684302,0.97766604,5.85724153,0.43402529,0.01588202,6.20394410,0.25622955,0.03211747,5.49119700,0.20952225,0.03971402,5.76435269,0.14283872,0.01656865,0.52279425,1.44218707,0.53905249,-0.08819896,1.44536364,1.37578714,-0.36219206,3.01753688,-1.76475036,-0.55625886,2.20890284,-0.36752698
0.78121418,-0.05388847,-0.15931072,0.00640326,0.14853333,-0.80799245,-0.01632143,0.29229289,-1.31177914,0.02074457,0.96933459,-1.21771128,0.20380427,0.58431524,-1.60287087,-0.18759660,1.33056643,-1.59717803,0.56219025,-0.01542790,0.03905753,0.32847965,0.08623069,0.16580071,-0.31255769,0.32950703,-0.13027839,-0.30475054,-0.33018785,0.10670855,-0.28141644,-0.11370903,-0.06526597,-0.31280750,5.84527463,0.24818941,0.03104933,-0.01977785,0.19891953,0.97932415,5.86023873,0.43447329,0.01592196,6.19950818,0.25630918,0.02372911,5.49957999,0.21809039,0.04706320,5.76589793,0.14384033,0.01567214,1.26919420,3.37912621,-1.92425098,0.23779885,1.61814868,0.94488143,-0.05221188,2.66854239,-1.56767452,-0.22841296,2.44761779,-1.88120689
0.79718514,-0.03408068,-0.14662809,-0.26177685,0.35530715,-0.88914189,0.01831835,0.36199386,-1.39216268,0.02791703,1.00112830,-1.20736754,0.20292672,0.63678433,-1.63198693,-0.17716659,1.35648348,-1.63317327,0.56219025,-0.01542790,0.03905753,0.32615811,0.07100712,0.16721186,-0.30962238,0.31392543,-0.12025809,-0.30383683,-0.33194745,0.10972242,-0.27229922,-0.12819146,-0.06665090,-0.31007264,5.86032838,0.25366099,0.02916859,-0.01617294,0.19014836,0.98118868,5.86393079,0.43528929,0.01653573,6.19645719,0.25900977,0.02232128,5.51139983,0.23182101,0.05385889,5.76619491,0.14405132,0.01608547,1.68585179,3.40045362,-3.94521465,0.37848056,1.59573972,0.48588176,-0.04084968,2.59946871,-1.42239182,0.59729002,1.19396060,-1.73716016
0.83553268,-0.01547287,-0.12212725,-0.45168049,0.39521846,-0.83242714,0.03962832,0.41737545,-1.45003395,0.03928908,1.03634996,-1.21366944,0.20192078,0.68396760,-1.65106001,-0.14854536,1.35130560,-1.66204708,0.56219025,-0.01542790,0.03905753,0.32424741,0.05754667,0.16864027,-0.30504099,0.29989416,-0.11566739,-0.30347801,-0.32775179,0.11585067,-0.26617366,-0.14281485,-0.06889937,-0.30750677,5.87603225,0.25944075,0.02540111,-0.01165479,0.18181487,0.98293555,5.86957902,0.43751242,0.01920641,6.19745797,0.25846342,0.02076940,5.52851934,0.25064365,0.05807375,5.76722745,0.14409467,0.01674064,1.02447444,2.79507475,-2.81636500,0.57088312,1.78325403,-0.41894099,-0.05763655,2.35427618,-0.92004629,1.46139419,-0.36605927,-1.49767959
0.83582822,-0.00959914,-0.15444964,-0.43322783,0.41423913,-0.75097821,0.06200946,0.48114452,-1.51454048,0.05062652,1.06637926,-1.24882717,0.19864716,0.73111213,-1.66966567,-0.11827499,1.33059990,-1.70645845,0.56219025,-0.01542790,0.03905753,0.32164534,0.05201958,0.16994606,-0.29950865,0.28436824,-0.11102128,-0.30183483,-0.31658818,0.12228266,-0.26039917,-0.15729777,-0.07189280,-0.30423488,5.89183806,0.26516943,0.02173293,-0.00703343,0.17431345,0.98442523,5.88241605,0.44264880,0.02213669,6.19703530,0.25841180,0.01981052,5.55251283,0.27145491,0.06124618,5.76873807,0.14368875,0.01741046,1.17079281,3.24633312,-3.36887717,0.56424512,1.42736995,-1.94259881,-0.17901831,2.36172628,-0.95921658,1.49967716,-1.08339776,-2.32195451
0.85661891,0.00961256,-0.13873646,-0.41815463,0.27529481,-0.59377980,0.08203854,0.54840446,-1.57091653,0.04370073,1.08245301,-1.32605910,0.19686468,0.77962732,-1.68828809,-0.08367035,1.29497957,-1.75316978,0.56219025,-0.01542790,0.03905753,0.31903589,0.06051134,0.16563211,-0.29588431,0.26804535,-0.10728475,-0.30005983,-0.30084622,0.12961345,-0.25574581,-0.17127265,-0.07466782,-0.30065322,5.90788116,0.27107620,0.01808580,-0.00348508,0.16818348,0.98558362,5.91007890,0.44740200,0.02315158,6.19633378,0.25869027,0.01897606,5.58108129,0.29365805,0.06329007,5.77103461,0.14386525,0.01838267,0.95206523,3.36896515,-2.66572213,-0.52760816,0.70117944,-4.18998241,-0.06654382,2.43721581,-0.91682190,1.78049541,-1.90610635,-2.30787253
0.83697031,-0.01204929,-0.10287909,-0.37563859,0.34741385,-0.58246492,0.09951194,0.61229237,-1.61953924,0.02040692,1.09589915,-1.46344867,0.19249460,0.82612097,-1.69816382,-0.04822797,1.22945781,-1.78263927,0.56219025,-0.01542790,0.03905753,0.31699812,0.08153983,0.15665846,-0.28916525,0.25220703,-0.10407949,-0.29834895,-0.28121028,0.13725515,-0.25382409,-0.18579541,-0.07764094,-0.29754449,5.92381476,0.27625662,0.01492295,0.00051769,0.16233055,0.98662345,5.95087442,0.45077995,0.02783287,6.19607190,0.25845271,0.01864917,5.61345538,0.31619718,0.06317403,5.77268123,0.14319008,0.01945364,0.85898784,3.19127774,-2.40695550,-1.15272655,0.64349265,-6.84805393,-0.22081857,2.33152819,-0.49190282,1.77382984,-3.32339840,-1.45076884
0.82280591,0.00281155,-0.05014112,-0.25435727,0.20822890,-0.46129949,0.10958955,0.67382702,-1.65313842,-0.00497658,1.08859596,-1.59545331,0.18585296,0.87589128,-1.70467618,-0.01635225,1.13689094,-1.79741030,0.56219025,-0.01542790,0.03905753,0.31595699,0.10732217,0.14797816,-0.28147901,0.23678217,-0.10253845,-0.29708339,-0.25641266,0.14443592,-0.25490657,-0.20055045,-0.08088832,-0.29490922,5.93943042,0.28151600,0.01269410,0.00296874,0.15777074,0.98738971,5.99529237,0.45557067,0.03447798,6.19637593,0.25787428,0.01887360,5.65077514,0.33885112,0.06105042,5.77407512,0.14215665,0.02104777,0.50333464,3.06878877,-1.65062129,-1.34989100,-0.42858121,-6.65350151,-0.34322493,2.48705196,-0.30140159,1.54956374,-4.66224270,-0.70509477
0.80420041,-0.01297714,-0.02132835,-0.19135741,0.07387522,-0.37458691,0.11860566,0.73236494,-1.67384572,-0.05169558,1.03416157,-1.72325778,0.17780636,0.92562723,-1.70279412,0.00436064,1.03113934,-1.79277816,0.56219025,-0.01542790,0.03905753,0.31537536,0.14412320,0.13413492,-0.27485686,0.22178298,-0.10100029,-0.29644710,-0.23028089,0.14912558,-0.25850775,-0.21561929,-0.08425211,-0.29332735,5.95485219,0.28618131,0.01096064,0.00411267,0.15386943,0.98802184,6.05135097,0.45779617,0.04051850,6.19684714,0.25742035,0.01892825,5.69012479,0.35820304,0.05686761,5.77507276,0.14034081,0.02204801,0.44128200,2.91281509,-0.96512166,-2.38787298,-3.06618831,-6.24168158,-0.39409354,2.48938012,0.12961436,1.01246047,-5.35162821,0.35872505
0.75664539,-0.01480960,0.02963080,-0.13406436,-0.08920855,-0.19568226,0.12490669,0.78563297,-1.68053236,-0.10707700,0.89672155,-1.79898419,0.17323790,0.97369537,-1.69772949,0.02031388,0.91018571,-1.76673822,0.56219025,-0.01542790,0.03905753,0.31577466,0.19279802,0.11857853,-0.27158160,0.20767266,-0.10007849,-0.29639419,-0.20169375,0.15272684,-0.26422251,-0.22968846,-0.08664690,-0.29237042,5.96950940,0.29048883,0.00944012,0.00358653,0.15176322,0.98836529,6.11784171,0.46145511,0.04419306,6.19764232,0.25733747,0.01938047,5.73128194,0.37565650,0.05155216,5.77640504,0.13891318,0.02340424,0.29742407,2.62478304,-0.26436851,-2.80377159,-7.35758772,-3.41408129,-0.20187823,2.38414598,0.24954556,0.77324967,-6.13565302,1.38895644
0.72748224,-0.01940264,0.04856232,-0.14176087,-0.46524966,-0.05011375,0.12995890,0.83332902,-1.67164850,-0.17595415,0.71260089,-1.82557988,0.17066383,1.02671218,-1.69527638,0.03566522,0.78465706,-1.72666562,0.56219025,-0.01542790,0.03905753,0.31672999,0.24592618,0.09975923,-0.26598750,0.19491732,-0.09982344,-0.29659845,-0.17090787,0.15576435,-0.27062970,-0.24282424,-0.08923806,-0.29158966,5.98356856,0.29448327,0.00746157,-0.00022948,0.15110282,0.98848986,6.18846501,0.46315169,0.05074249,6.19940557,0.25744450,0.02013154,5.77393378,0.39208087,0.04610029,5.77848949,0.13678225,0.02514033,0.24893580,2.34839177,0.56491613,-3.56146431,-9.43004513,-1.02459669,-0.12203156,2.70995712,0.09838342,0.77375388,-6.27819633,2.10047722
0.72089143,-0.02051010,0.05384342,-0.12634747,-0.72395723,-0.18893592,0.13572035,0.87743976,-1.64703119,-0.24888520,0.52177427,-1.81389804,0.17403238,1.09136860,-1.69295640,0.04846964,0.66683259,-1.67150462,0.56219025,-0.01542790,0.03905753,0.31802278,0.29599171,0.08134095,-0.25352284,0.18251063,-0.09958939,-0.29729168,-0.14090146,0.15771745,-0.27748115,-0.25725755,-0.09083262,-0.29106342,5.99743156,0.29834458,0.00515220,-0.00723407,0.14938674,0.98873896,6.25619105,0.46348382,0.06449994,6.20121488,0.25710706,0.02073110,5.81623153,0.40740680,0.04054162,5.77848157,0.13557814,0.02695935,0.29846798,2.20094776,1.23457992,-3.60092144,-9.51049881,0.62916322,0.16757314,3.21916699,0.13546084,0.64674215,-5.89682407,2.79081607
0.75226299,-0.03813849,0.06455580,-0.23468669,-0.69634021,-0.55631291,0.14704790,0.91962111,-1.61961410,-0.29070914,0.36243165,-1.77076306,0.17759116,1.14983451,-1.67894492,0.06302101,0.55146527,-1.59765999,0.56219025,-0.01542790,0.03905753,0.31969918,0.33488922,0.07093699,-0.24168574,0.16950098,-0.09830690,-0.29816922,-0.11268825,0.15974162,-0.28460972,-0.27232726,-0.09275736,-0.29105658,6.01197757,0.30191184,0.00174664,-0.01374276,0.14414906,0.98945901,6.31270637,0.46545094,0.07801344,6.20248174,0.25605347,0.02152996,5.85839595,0.42286105,0.03508946,5.77743596,0.13530962,0.02864260,0.57006202,2.11271954,1.38028038,-2.00828042,-7.80644836,2.24592431,0.18411236,2.92966008,0.72017950,0.71243196,-5.71578979,3.71523547
0.78359606,-0.06602771,0.05946841,-0.27873908,-0.71002069,-0.91127093,0.16237197,0.95979581,-1.58836923,-0.29941336,0.26545877,-1.70203228,0.18117734,1.20781643,-1.65838318,0.07726181,0.45535577,-1.52016003,0.56219025,-0.01542790,0.03905753,0.32155294,0.35840649,0.06624538,-0.23823077,0.15622020,-0.09605612,-0.29907729,-0.08911732,0.16159154,-0.29148926,-0.28838050,-0.09492843,-0.29095475,6.02731237,0.30492221,-0.00209766,-0.02042923,0.13543466,0.99057342,6.35475196,0.46500648,0.08332218,6.20359325,0.25435958,0.02247566,5.89806432,0.43663654,0.03006369,5.77502984,0.13601913,0.03059819,0.79879969,1.98136418,1.58166921,-0.26984701,-4.54631100,3.51414561,0.16723644,2.88152623,1.05437841,0.73920763,-4.71804781,3.86554217
0.77174429,-0.08048960,0.03531097,-0.28098985,-0.50888299,-1.14046490,0.17876586,0.99594932,-1.56128845,-0.27619870,0.20504439,-1.61041126,0.17829126,1.25848949,-1.63112507,0.09187885,0.38659720,-1.45365870,0.56219025,-0.01542790,0.03905753,0.32307919,0.37246268,0.06724509,-0.24372976,0.14353558,-0.09341287,-0.29961749,-0.07272391,0.16383269,-0.29692644,-0.30475408,-0.09863063,-0.29001615,6.04266156,0.30724012,-0.00590354,-0.02535539,0.12438400,0.99189257,6.38691806,0.46452273,0.07934943,6.20484237,0.25223273,0.02346170,5.93167409,0.44799415,0.02615275,5.77177285,0.13629463,0.03306304,0.79779619,1.79483402,1.29297197,1.31455805,-2.95746670,4.73234611,-0.19695389,2.47813344,1.40357769,0.70744669,-3.25184603,3.22453570
0.75222644,-0.07449031,0.00432519,-0.47099105,-0.55032597,-1.49292018,0.19816643,1.02915764,-1.52930260,-0.28579170,0.17934677,-1.54587340,0.17530197,1.30145681,-1.60232842,0.10989586,0.35766268,-1.40810764,0.56219025,-0.01542790,0.03905753,0.32414263,0.37889521,0.05899588,-0.25003061,0.13041763,-0.09068728,-0.30024004,-0.06597754,0.16632344,-0.30233589,-0.31961253,-0.10306406,-0.28864774,6.05767478,0.30914393,-0.01128174,-0.03003715,0.11017240,0.99339445,6.41431846,0.45002466,0.07411202,6.20484389,0.24935937,0.02390260,5.95673360,0.45688492,0.02180675,5.76855411,0.13831183,0.03549489,1.01104438,1.63738477,1.67887676,-0.88463897,-0.96933955,2.88041329,-0.12417196,2.09906816,1.43488157,0.94655240,-1.14152670,2.11831570
0.71626194,-0.04986051,0.02280928,-0.39531274,-0.26873972,-1.45577698,0.21333888,1.05219872,-1.49835486,-0.22223613,0.17459854,-1.45129797,0.16268739,1.32657142,-1.56869271,0.12585817,0.38811830,-1.40040805,0.56219025,-0.01542790,0.03905753,0.32553771,0.37706179,0.06899923,-0.26621706,0.11886461,-0.08853887,-0.30135366,-0.07480093,0.16883780,-0.30728335,-0.33216613,-0.10906118,-0.28709828,6.07189187,0.31092579,-0.01598177,-0.03211298,0.09578881,0.99475517,6.42869700,0.45102069,0.05932065,6.20554151,0.24685003,0.02418405,5.96607274,0.46226546,0.01825436,5.76683759,0.14013188,0.03843943,0.75168222,1.15744684,1.53086605,3.14522448,-0.17388101,4.67412143,-0.64527957,1.26012456,1.65397443,0.78536451,1.61058922,0.29610155
0.68790039,-0.04187456,-0.04970007,-0.24261860,-0.16627854,-1.44875113,0.22441079,1.08008330,-1.48027101,-0.17983415,0.21046159,-1.39324634,0.14221302,1.35716591,-1.55934618,0.13404467,0.46318592,-1.44081447,0.56219025,-0.01542790,0.03905753,0.32557235,0.36455361,0.07572622,-0.28226644,0.10778032,-0.08704248,-0.30059679,-0.09257699,0.16957385,-0.30815536,-0.34159147,-0.11644786,-0.28212731,6.08561162,0.31236520,-0.01914497,-0.03336339,0.08140854,0.99593825,6.43284263,0.44676915,0.04330591,6.20619115,0.24414813,0.02497556,5.96651467,0.46448918,0.01741700,5.76770143,0.14154968,0.04344504,0.54729183,1.41569984,0.85815667,2.07133064,1.88161259,2.81059151,-1.02956321,1.56255186,0.36349007,0.39532344,3.76046038,-2.05699236
0.71558478,-0.05759142,-0.12639594,-0.11707344,0.03773885,-1.27648169,0.23455101,1.11455956,-1.47883499,-0.14957170,0.26349772,-1.36627033,0.12154077,1.39415250,-1.58496599,0.13673324,0.53281327,-1.48217943,0.56219025,-0.01542790,0.03905753,0.32407250,0.34714520,0.08159316,-0.29542954,0.09693928,-0.08535149,-0.29791425,-0.10937203,0.16944664,-0.30709165,-0.34624361,-0.12304338,-0.27312378,6.10000943,0.31313971,-0.02079402,-0.03283642,0.06847108,0.99689573,6.43255338,0.44190989,0.02864296,6.20781077,0.24199920,0.02615824,5.96827649,0.46585133,0.01698085,5.77408494,0.14344135,0.05094872,0.51030098,1.74678743,-0.00260496,1.48926389,2.64661665,1.22202436,-1.02390189,1.84759557,-1.42298119,0.10745215,3.41280532,-2.00448973
0.78746675,-0.06636172,-0.10096111,0.00178181,0.39100753,-1.04271892,0.24021424,1.14562316,-1.48056099,-0.13749890,0.32483706,-1.40356600,0.09796836,1.40479670,-1.62186756,0.13763787,0.59336034,-1.51176279,0.56219025,-0.01542790,0.03905753,0.32286636,0.33033479,0.08534433,-0.29893164,0.08598968,-0.08421008,-0.29556617,-0.12640254,0.16971600,-0.30539550,-0.34335443,-0.12907716,-0.26527839,6.11571588,0.31361068,-0.02107410,-0.02914957,0.05794052,0.99767183,6.43379392,0.43702496,0.02393472,6.21096915,0.24004183,0.02730020,5.97032136,0.46736879,0.01747086,5.78982534,0.14524046,0.05758797,0.23510169,1.49607885,-0.04351472,0.44560214,3.15518856,-2.38072425,-1.21733260,0.27051972,-1.81590545,0.05436838,3.00511241,-1.42510974
0.87519535,-0.05085959,-0.05968046,0.28805148,0.49474515,-0.81888318,0.23576394,1.17016935,-1.48517311,-0.11500630,0.37786210,-1.43500030,0.07385816,1.37547731,-1.65669441,0.13086039,0.64917690,-1.53095353,0.56219025,-0.01542790,0.03905753,0.32243899,0.31468982,0.09422406,-0.30125355,0.07700478,-0.08446588,-0.29361944,-0.14376634,0.16937295,-0.30397950,-0.33135878,-0.13348049,-0.26296394,6.13304128,0.31425512,-0.01860165,-0.02422951,0.04948255,0.99830776,6.43675555,0.43941700,0.02118544,6.21809186,0.23789662,0.02881955,5.97308816,0.46843344,0.01845948,5.81665935,0.14836913,0.05947505,-0.29962060,1.19068611,-0.28085947,1.30784678,2.52399778,-1.25513065,-1.19153190,-1.73475969,-1.73518169,-0.42026368,2.75464272,-0.88263983
0.91357580,-0.07425068,-0.07164409,0.37020626,0.49893961,-0.83178237,0.22449238,1.18965781,-1.51937499,-0.10851026,0.44965407,-1.48447745,0.06720260,1.32498815,-1.70488384,0.12272279,0.70091109,-1.54212651,0.56219025,-0.01542790,0.03905753,0.32174519,0.29543181,0.09917716,-0.30154943,0.07549886,-0.08631976,-0.28977443,-0.16080780,0.16941355,-0.30239182,-0.31143453,-0.13301434,-0.26311404,6.15140370,0.31426952,-0.01487770,-0.01929196,0.04119142,0.99885421,6.43759431,0.43760241,0.02019575,6.23380021,0.23450741,0.03197075,5.97710189,0.46976542,0.01935337,5.85207128,0.15588904,0.05863115,-0.58106730,0.95075225,-1.75519881,0.33576499,3.57776842,-2.45688610,-0.29626660,-2.52354932,-2.45007558,-0.40812811,2.58274531,-0.55455202
0.92306558,-0.10110175,-0.06763694,0.44805650,0.50103329,-0.92050003,0.19701781,1.18087480,-1.57318487,-0.09560533,0.51485549,-1.52133272,0.07939842,1.27500412,-1.77036302,0.11344481,0.74948299,-1.54910054,0.56219025,-0.01542790,0.03905753,0.32093008,0.27702944,0.10634541,-0.30174084,0.08577379,-0.09217854,-0.28675256,-0.17747211,0.16949570,-0.30035572,-0.28876517,-0.12754339,-0.26151569,6.17000054,0.31347621,-0.01042212,-0.01426351,0.03209071,0.99932883,6.43959874,0.43745794,0.01918924,6.26153783,0.22701841,0.03417752,5.98197173,0.47117944,0.02057436,5.89005746,0.16758409,0.05941439,-1.44831061,-0.60351278,-2.66105008,0.65451974,3.25331621,-1.80140014,0.61574876,-2.49869275,-3.24383473,-0.46906236,2.41679311,-0.32719801
0.90331890,-0.13293919,-0.04652640,0.52148427,0.36344825,-1.06773222,0.15808882,1.14772048,-1.63040054,-0.08069654,0.57742096,-1.54454541,0.08750734,1.21513858,-1.81983633,0.10283005,0.79623761,-1.55117271,0.56219025,-0.01542790,0.03905753,0.32039300,0.25886996,0.11425942,-0.30193121,0.10391680,-0.10055191,-0.28438202,-0.19348001,0.16953515,-0.29860578,-0.26660422,-0.12274221,-0.26089487,6.18822898,0.31166860,-0.00525413,-0.01056147,0.02148329,0.99969961,6.44193706,0.43697255,0.01846179,6.29638051,0.21568613,0.03601097,5.98762597,0.47271243,0.02178722,5.92715921,0.17755659,0.05949812,-1.91182952,-1.57270424,-2.95372844,0.74693149,3.11542277,-1.10693542,0.35266084,-3.09310889,-2.37385495,-0.53377897,2.34316111,-0.09759664
0.87117959,-0.13258887,-0.03371387,0.50372365,0.20070494,-1.16568641,0.11797643,1.10591178,-1.71172616,-0.06742753,0.63676897,-1.55650544,0.09692028,1.12505393,-1.84761271,0.09118244,0.84509170,-1.55331042,0.56219025,-0.01542790,0.03905753,0.31999865,0.24130558,0.12139576,-0.30209116,0.12885443,-0.10973768,-0.27753465,-0.20920617,0.16904837,-0.29680884,-0.24031477,-0.11745090,-0.26348836,6.20579413,0.30937839,-0.00023782,-0.00842007,0.00988928,0.99991562,6.44465083,0.43552430,0.01790749,6.33679437,0.20221140,0.04246400,5.99328450,0.47425479,0.02318981,5.96785001,0.18719616,0.05651029,-2.05207362,-2.26199033,-4.21443553,0.64556044,2.94807649,-0.53917404,0.53647242,-4.70659118,-1.27166030,-0.58966762,2.45826864,-0.11355256
0.84887457,-0.12118862,0.00498787,0.42449973,0.05546183,-1.29096532,0.08403557,1.00801432,-1.78386819,-0.05408917,0.69054961,-1.55469310,0.11799007,1.01003671,-1.85360599,0.07697662,0.89412504,-1.55295610,0.56219025,-0.01542790,0.03905753,0.32022387,0.22441124,0.12799241,-0.30277319,0.16661514,-0.11714710,-0.27119185,-0.22454309,0.16730004,-0.29571056,-0.21055364,-0.10918579,-0.26852016,6.22282018,0.30688727,0.00403033,-0.00771184,-0.00287170,0.99995802,6.44797076,0.43357459,0.01745068,6.38875236,0.18877478,0.04903202,5.99925222,0.47548819,0.02451330,6.01163615,0.19892579,0.05170371,-1.61210048,-5.36998224,-3.44118810,0.67655677,2.64301991,0.19892691,1.13714528,-5.89900684,-0.14041185,-0.73222959,2.44567728,0.04596948
0.79835458,-0.12169943,0.02926292,0.31557432,0.00661377,-1.45820483,0.04870750,0.82698950,-1.79276152,-0.03549530,0.73567293,-1.54125438,0.13906956,0.88698280,-1.83104022,0.06102289,0.94305021,-1.55127981,0.56219025,-0.01542790,0.03905753,0.32100763,0.20866991,0.13562114,-0.30355856,0.21586032,-0.12520016,-0.26786365,-0.23966883,0.16440334,-0.29475024,-0.18178625,-0.10127222,-0.27429306,6.23869323,0.30389848,0.00712878,-0.00764870,-0.01743849,0.99979327,6.45197982,0.43213676,0.01744907,6.45004157,0.17122356,0.05314398,6.00492238,0.47658547,0.02625739,6.05347547,0.20904764,0.04671457,-1.77645483,-9.04982967,-0.39207169,0.93672979,2.25123954,0.68268865,1.06818345,-6.15222597,1.15024993,-0.80209199,2.45612073,0.08245467
0.77085671,-0.12784510,0.04779672,0.17515946,-0.18468470,-1.56437627,0.00921074,0.64894553,-1.76352205,-0.01338521,0.77642465,-1.51629844,0.16654400,0.76335340,-1.78962119,0.04255179,0.99676856,-1.55015433,0.56219025,-0.01542790,0.03905753,0.32215768,0.19334656,0.14360970,-0.30435162,0.26074551,-0.13490705,-0.26157534,-0.25494292,0.15994806,-0.29432256,-0.15314661,-0.09194750,-0.28071054,6.25395202,0.30036784,0.00885334,-0.00948299,-0.03304585,0.99936963,6.45638522,0.43085707,0.01780606,6.50519027,0.14848804,0.06058233,6.01016206,0.47684938,0.02783512,6.09505204,0.21876498,0.04144714,-1.96626811,-8.87944698,1.58032881,1.10548413,2.01850100,1.30920688,1.36662672,-6.18956957,2.14967663,-0.92670132,2.68453479,0.05756664
0.74422655,-0.15380000,0.05160763,0.12287470,-0.37971080,-1.58940206,-0.02547596,0.49289635,-1.69768090,0.00827763,0.81183277,-1.47480738,0.19385863,0.64415914,-1.72946332,0.02102168,1.05320570,-1.54896758,0.56219025,-0.01542790,0.03905753,0.32353873,0.17774568,0.15137833,-0.30597938,0.29814805,-0.14321510,-0.25662010,-0.26978489,0.15441136,-0.29429253,-0.12548867,-0.08230654,-0.28789909,6.26845340,0.29590193,0.01008017,-0.01319989,-0.04890502,0.99866534,6.46017551,0.42913691,0.01755935,6.55113515,0.12416418,0.06691863,6.01509532,0.47600312,0.02924619,6.13550433,0.22628642,0.03563964,-1.70337386,-7.62801294,3.42136264,1.07870989,1.75514019,2.11708384,1.37832379,-5.89916143,3.03783107,-1.10080254,2.85181022,0.05736494
0.74609259,-0.14857975,0.05415586,0.11933446,-0.50445523,-1.43430476,-0.05468622,0.37221581,-1.59678273,0.02815246,0.84132191,-1.42465036,0.21873378,0.54141623,-1.66379473,-0.00225802,1.11225727,-1.54522932,0.56219025,-0.01542790,0.03905753,0.32501217,0.16275140,0.15886773,-0.30749880,0.32552046,-0.15008010,-0.25750829,-0.28491063,0.14853684,-0.29431037,-0.10090864,-0.07291788,-0.29453215,6.28283252,0.29104402,0.01132803,-0.01823333,-0.06344467,0.99775448,6.46445540,0.42793850,0.01751337,6.58663873,0.10080892,0.06750387,6.01911067,0.47458706,0.03070179,6.17347468,0.23154246,0.03048002,-1.43670921,-5.85478582,5.26617293,0.98029337,1.43053281,2.55197930,1.20677042,-5.03318281,3.30859828,-1.15718379,2.94876885,0.21440077
0.71693588,-0.13107262,0.08199722,0.17149192,-0.39289279,-0.98525507,-0.07883858,0.27153715,-1.49298763,0.04210729,0.86327249,-1.37007725,0.23386689,0.45136994,-1.58952975,-0.02487803,1.16354370,-1.53251779,0.56219025,-0.01542790,0.03905753,0.32709199,0.14826441,0.16490268,-0.30961525,0.34781086,-0.15563218,-0.25978550,-0.29986946,0.14323258,-0.29431130,-0.08015178,-0.06559820,-0.30120003,6.29664983,0.28627241,0.01302365,-0.02237421,-0.07393673,0.99692685,6.46770658,0.42739227,0.01747674,6.61756839,0.08083373,0.06730650,6.02130689,0.47234640,0.03278069,6.20766486,0.23327139,0.02589196,-1.16894078,-4.92353392,5.10809135,0.64526522,1.04410529,2.75075173,0.67772800,-4.42732906,3.78662801,-1.12780380,2.48857474,0.71156496
0.70656185,-0.14734562,0.08402699,0.38132875,-0.29741786,-0.78566948,-0.08618592,0.19996502,-1.41679113,0.04813360,0.87853005,-1.31609738,0.23199350,0.39371625,-1.52366333,-0.05123596,1.20479312,-1.51376269,0.56219025,-0.01542790,0.03905753,0.32934096,0.13459757,0.16983718,-0.31165145,0.36369449,-0.15556566,-0.26237205,-0.31395260,0.13821041,-0.29382355,-0.06795453,-0.06189887,-0.30794411,6.31000461,0.28101991,0.01683730,-0.02517946,-0.08186561,0.99618298,6.47065352,0.42646096,0.01768951,6.64323205,0.06786779,0.06696890,6.02299575,0.46888759,0.03551741,6.23281173,0.23111453,0.02139685,-0.38554975,-3.55876865,3.90484257,0.29903638,0.74989051,2.71173024,-0.11713867,-2.83752060,3.29186845,-1.31553354,2.04607341,0.95403378
0.72252818,-0.17108721,0.03576046,0.50928448,-0.29014455,-0.66438029,-0.11797809,0.15830538,-1.29650581,0.05181682,0.88901522,-1.25748312,0.22068020,0.38369831,-1.48089976,-0.07620765,1.24153414,-1.49388282,0.56219025,-0.01542790,0.03905753,0.33073685,0.12094007,0.17485544,-0.31356896,0.36758400,-0.16262355,-0.27591649,-0.32720568,0.13434613,-0.29250182,-0.06750583,-0.06010354,-0.31554677,6.32353896,0.27509829,0.02188887,-0.02768461,-0.08855199,0.99544612,6.47363261,0.42567325,0.01716789,6.65636472,0.04972874,0.05482036,6.02542247,0.46546371,0.03823503,6.24642505,0.22795046,0.01519009,-1.74314224,-1.88304548,5.98006535,0.17212678,0.54147215,2.91337228,-0.54271723,-0.25035839,1.91441188,-1.24653707,1.87395422,0.92384712
0.72466534,-0.17266879,-0.05909740,0.57397010,-0.44003867,-0.59226326,-0.16248115,0.17158412,-1.20521028,0.05198780,0.90636868,-1.20642896,0.22111979,0.45001019,-1.51738353,-0.09883386,1.29348330,-1.50654678,0.56219025,-0.01542790,0.03905753,0.33032599,0.10684297,0.17923316,-0.31330145,0.35717129,-0.17356701,-0.29033395,-0.33724329,0.13193302,-0.28685449,-0.08129744,-0.05599422,-0.31743680,6.33720578,0.26898347,0.02784661,-0.03155263,-0.09463281,0.99462235,6.47620753,0.42460628,0.01702454,6.65481547,0.03061209,0.03999204,6.03123607,0.46268916,0.04347150,6.24673747,0.22948523,0.01288919,-2.04519463,0.81344776,4.34327855,-0.00250514,0.90192888,2.51178765,0.09361320,3.57781448,-2.16912875,-1.11195054,2.67573295,-0.81834406
0.76134113,-0.15796690,-0.15723048,0.39978248,-0.36550902,-0.65209666,-0.17182340,0.21807733,-1.17593944,0.05330271,0.93402257,-1.17134113,0.22464441,0.52685663,-1.57651787,-0.10967637,1.35625124,-1.55210896,0.56219025,-0.01542790,0.03905753,0.32814469,0.09209820,0.18265956,-0.31063697,0.34131199,-0.17448582,-0.30148388,-0.34316652,0.13208896,-0.27672686,-0.09594708,-0.05306884,-0.31539358,6.35153913,0.26299295,0.03225379,-0.03517657,-0.10095618,0.99374552,6.47885322,0.42311077,0.01750772,6.65024356,0.02275381,0.02666081,6.04239844,0.46209793,0.05141783,6.24680595,0.23054138,0.01275111,-0.29546265,2.50729418,1.06479256,0.08823899,1.45144262,1.63564811,0.13544779,3.68544693,-2.83828187,-0.44364870,3.16830945,-2.42194440
0.80482799,-0.12269717,-0.20005878,0.20433540,0.04957458,-0.83158053,-0.13850401,0.29643115,-1.25972962,0.05720011,0.96568972,-1.15350807,0.22594304,0.59250414,-1.62173367,-0.09541216,1.39038420,-1.58836949,0.56219025,-0.01542790,0.03905753,0.32506251,0.07739960,0.18489211,-0.30703439,0.32567702,-0.16200810,-0.30238796,-0.34494833,0.13704477,-0.26750092,-0.11041404,-0.05235945,-0.31299913,6.36687697,0.25726382,0.03426500,-0.03534972,-0.10904252,0.99281722,6.48295154,0.42067277,0.01802813,6.64908065,0.02775733,0.02267455,6.06039514,0.46664268,0.05756159,6.24766625,0.23040165,0.01206338,2.00676084,4.14497995,-5.12074423,0.20944788,1.58911574,0.77847713,0.06306320,3.24882364,-2.18082190,0.91503960,1.40534151,-1.64809215
0.80858126,-0.09301160,-0.16593921,0.04234479,0.50033822,-0.84197139,-0.09693970,0.35680694,-1.34548314,0.06421735,1.00088615,-1.16747668,0.22610557,0.65267640,-1.65856705,-0.05880478,1.35590293,-1.60427351,0.56219025,-0.01542790,0.03905753,0.32246128,0.06545961,0.18592952,-0.30211925,0.31332710,-0.14889485,-0.30175504,-0.33556561,0.14582415,-0.26489975,-0.12666016,-0.05366116,-0.30937171,6.38234557,0.25185377,0.03389311,-0.03065054,-0.11754474,0.99201564,6.48977078,0.41712498,0.02034203,6.65176858,0.03332507,0.02070623,6.09058665,0.47263805,0.05756152,6.24660787,0.22954700,0.01308957,2.03830228,3.01000977,-4.24310441,0.35987089,1.74558866,-0.72253268,0.01482761,2.99169064,-1.81767786,1.82972596,-1.78118548,-0.80471129
0.85863355,-0.06577949,-0.15755827,-0.10540555,0.55401743,-0.94107814,-0.07297607,0.41902508,-1.41607425,0.07184816,1.02388577,-1.19846680,0.22912247,0.70580169,-1.68436313,-0.02446082,1.29311111,-1.63287439,0.56219025,-0.01542790,0.03905753,0.31999453,0.06121003,0.18621435,-0.29822417,0.29875346,-0.14280070,-0.30057286,-0.31624263,0.15350470,-0.26486907,-0.14190464,-0.05481658,-0.30617248,6.39873313,0.24641488,0.03195639,-0.02556495,-0.12703328,0.99105387,6.50517587,0.41101256,0.02177036,6.65149316,0.03250359,0.01942166,6.13177108,0.47511634,0.05512546,6.24756497,0.22938628,0.01382205,1.22174106,3.17322683,-3.60078750,0.34263142,1.09917774,-1.59921019,0.14588212,2.67040491,-1.29938638,1.69777806,-3.13708425,-1.50946140
0.90436441,-0.03263911,-0.16827445,-0.23425302,0.51292989,-0.86555475,-0.04965654,0.49213046,-1.48845670,0.06111285,1.03352520,-1.26468639,0.22946082,0.76248156,-1.71033671,0.00671360,1.23139827,-1.67805738,0.56219025,-0.01542790,0.03905753,0.31720272,0.06922946,0.18028801,-0.29686586,0.28185090,-0.13781445,-0.29817682,-0.29353174,0.15992118,-0.26268519,-0.15737981,-0.05758888,-0.30235590,6.41606835,0.24104967,0.02889011,-0.02102654,-0.13584225,0.99008592,6.53146237,0.39590672,0.02033686,6.65016336,0.03216624,0.01902591,6.17670430,0.47437458,0.05451753,6.24897975,0.22815469,0.01484682,1.11241583,3.63950105,-3.49457202,-0.64260825,0.44997593,-3.56386585,0.00005740,2.84125733,-1.28128898,1.56586494,-3.07986522,-2.26613603
0.91691196,0.01082642,-0.13961707,-0.37940177,0.46151140,-0.63691783,-0.03335639,0.56390200,-1.54150498,0.02844358,1.05030386,-1.38301377,0.22673275,0.82069846,-1.73142397,0.04341966,1.15811536,-1.71683226,0.56219025,-0.01542790,0.03905753,0.31483827,0.08602442,0.16673743,-0.29355715,0.26424068,-0.13590204,-0.29637674,-0.26872088,0.16715777,-0.26022717,-0.17301375,-0.06194161,-0.29864158,6.43380574,0.23612788,0.02450316,-0.01708491,-0.14249808,0.98934423,6.56348580,0.37171790,0.02128112,6.64880570,0.03102421,0.01846153,6.22335080,0.47247794,0.05461110,6.25033645,0.22566190,0.01619669,0.79837447,3.59100595,-2.58362222,-1.74696035,0.94232082,-6.18455982,-0.15020709,2.91895127,-1.02289002,1.88347526,-3.78562236,-1.86767564
0.89973634,0.03903617,-0.06209374,-0.50888215,0.35393092,-0.42108344,-0.01658174,0.63104087,-1.57909214,-0.01377415,1.05989075,-1.52446246,0.22298458,0.87724215,-1.73832285,0.07321139,1.05989075,-1.73691678,0.56219025,-0.01542790,0.03905753,0.31380951,0.10954338,0.15019451,-0.28743279,0.24746552,-0.13444103,-0.29497346,-0.23993559,0.17234858,-0.26095107,-0.18897811,-0.06665537,-0.29665545,6.45133580,0.23162511,0.01904004,-0.01423502,-0.14695056,0.98885812,6.59987344,0.34340486,0.02637672,6.64891852,0.03093968,0.01883606,6.27199687,0.46638173,0.05285844,6.25113715,0.22289780,0.01715407,0.85179377,3.30940223,-1.75914276,-2.14962244,0.35573241,-7.16955137,-0.19070773,2.80639863,-0.21879672,1.39635730,-5.09990883,-0.85285658
0.86854035,0.02564953,-0.00803147,-0.61716205,0.40372825,-0.36362683,0.00085103,0.68840284,-1.59703891,-0.08465719,1.01488669,-1.66990993,0.22240973,0.92109653,-1.73381426,0.09212030,0.93450578,-1.72998996,0.56219025,-0.01542790,0.03905753,0.31397368,0.14721400,0.12588759,-0.28172453,0.23158117,-0.13347911,-0.29506834,-0.20765963,0.17420674,-0.26463319,-0.20290801,-0.07084943,-0.29541572,6.46809243,0.22695766,0.01232889,-0.01124021,-0.15051309,0.98846723,6.64612302,0.30327776,0.03224915,6.64939927,0.03055415,0.01890534,6.32175321,0.45511407,0.04934050,6.25329112,0.21976741,0.01855797,0.88511243,2.86267209,-0.89903063,-3.54497466,-2.38262682,-7.19574976,-0.02819449,2.19741364,0.23914431,0.94228342,-6.29428654,0.38257166
0.83585896,0.01723446,0.02695030,-0.68997349,0.43749533,-0.33841746,0.02096985,0.74025195,-1.60873077,-0.15736350,0.88403955,-1.76027339,0.22351553,0.96482002,-1.71955750,0.10796520,0.79449965,-1.69678011,0.56219025,-0.01542790,0.03905753,0.31469802,0.19599031,0.10185490,-0.27800059,0.21655046,-0.13224298,-0.29526794,-0.17427320,0.17487492,-0.26943912,-0.21839311,-0.07487568,-0.29475369,6.48414887,0.22215663,0.00478741,-0.00795328,-0.15393711,0.98803704,6.70183896,0.25954177,0.03669743,6.65018853,0.03028913,0.01943008,6.37135438,0.44176944,0.04525890,6.25332812,0.21728842,0.01994433,0.96543231,2.56445765,-0.51358219,-3.64943414,-6.73866711,-4.35044823,0.06935495,2.16139178,0.74174595,0.77741373,-7.02132416,1.74216969
0.81617388,0.02254080,0.07395418,-0.68597141,0.23048322,-0.24572873,0.03634436,0.78873316,-1.60637765,-0.22893354,0.70132618,-1.79615405,0.22887382,1.00807350,-1.70132999,0.11689678,0.65361880,-1.64148090,0.56219025,-0.01542790,0.03905753,0.31632906,0.24871736,0.07999058,-0.27108735,0.20170211,-0.13198034,-0.29594338,-0.14125585,0.17393891,-0.27533339,-0.23347985,-0.07734644,-0.29481039,6.49979924,0.21758712,-0.00238586,-0.00647957,-0.15632477,0.98768157,6.76106214,0.21686561,0.04524170,6.65088891,0.02977214,0.02038567,6.41915835,0.42664454,0.04099566,6.25384568,0.21611827,0.02151867,0.80229946,2.44637609,0.11608457,-3.53890138,-9.26170940,-1.58465325,0.28230999,2.20753865,0.89326712,0.40710851,-7.01075411,2.82249904
0.82906136,0.00151274,0.07569292,-0.71155660,0.01599884,-0.24451279,0.05258486,0.83615719,-1.59310398,-0.28840437,0.50864801,-1.79357975,0.23842333,1.05643158,-1.68495421,0.11774741,0.51920391,-1.57521369,0.56219025,-0.01542790,0.03905753,0.31815725,0.29838810,0.06397202,-0.25851964,0.18675735,-0.13114503,-0.29688659,-0.10877858,0.17079014,-0.28110968,-0.24854602,-0.07862675,-0.29485632,6.51551770,0.21252140,-0.00944915,-0.00724366,-0.15869949,0.98725514,6.81892690,0.17979928,0.05963761,6.65179185,0.02947309,0.02127066,6.46571673,0.40879140,0.03704756,6.25485105,0.21571270,0.02330093,0.78711094,2.33831382,0.77446027,-2.89214969,-9.60751400,0.30388499,0.50499236,2.42408514,0.81837982,0.00119233,-6.68937235,3.36550117
0.85320110,-0.02767739,0.04901363,-0.68994848,-0.20215900,-0.39613545,0.06558435,0.88228184,-1.56638110,-0.31597573,0.34880131,-1.75271821,0.25226134,1.11408567,-1.67334890,0.11003207,0.40754306,-1.51349115,0.56219025,-0.01542790,0.03905753,0.31963399,0.33690398,0.05683403,-0.24696862,0.17102141,-0.13076464,-0.29825535,-0.08032871,0.16537874,-0.28570446,-0.26430829,-0.07868085,-0.29418753,6.53145303,0.20669101,-0.01605994,-0.00999028,-0.16232212,0.98655654,6.86882533,0.15270648,0.07266537,6.65162601,0.02806804,0.02137864,6.50828065,0.38908035,0.03392953,6.25586547,0.21674305,0.02544646,0.63002115,2.30968213,1.41524780,-1.10026896,-7.67721653,2.33836389,0.72102690,2.97257400,0.53276539,-0.45075727,-5.37118769,3.01460958
0.84959986,-0.07445160,0.04332637,-0.59427390,-0.43444494,-0.61362802,0.08218585,0.92966328,-1.53880961,-0.30258248,0.25867808,-1.67882602,0.26616340,1.18148479,-1.66272185,0.09559693,0.33563229,-1.46920328,0.56219025,-0.01542790,0.03905753,0.32117344,0.35882354,0.05730120,-0.24462820,0.15572942,-0.12818293,-0.29877489,-0.05992177,0.15885291,-0.28929079,-0.28120133,-0.07819318,-0.29313745,6.54699134,0.19971814,-0.02131667,-0.01514292,-0.16834116,0.98538193,6.90453147,0.13488905,0.07654524,6.65145129,0.02717645,0.02239855,6.54308919,0.36945217,0.03188266,6.25576619,0.21911591,0.02803599,0.83272243,2.36213474,1.37589157,0.69697807,-4.46827898,3.71532278,0.68632180,3.35751891,0.54668852,-0.72826207,-3.54142451,2.18828752
0.81227070,-0.10425429,0.03807788,-0.52744834,-0.43181638,-0.73564280,0.09973279,0.97174180,-1.51252496,-0.29578417,0.19740047,-1.60859373,0.27562611,1.24270124,-1.64599388,0.07878410,0.30185893,-1.44336605,0.56219025,-0.01542790,0.03905753,0.32283995,0.37425051,0.05560135,-0.24467615,0.14186045,-0.12487637,-0.29892136,-0.04883289,0.15205920,-0.29325866,-0.29755127,-0.07863076,-0.29213482,6.56152000,0.19223576,-0.02586563,-0.02013119,-0.17554982,0.98392478,6.93198947,0.11537664,0.07816380,6.65161952,0.02610156,0.02391859,6.56811570,0.35180752,0.02958129,6.25510453,0.22103022,0.03070514,0.87356441,2.08558125,1.31477726,0.13738630,-2.96483641,3.37144804,0.47264704,3.06117988,0.82072872,-0.83189173,-1.57786443,1.23788443
0.78776631,-0.10745900,0.01680300,-0.48416021,-0.34807738,-0.78887276,0.11426879,1.00438256,-1.48158743,-0.29112070,0.16441996,-1.54160767,0.28220713,1.29740729,-1.62516448,0.06498538,0.30201017,-1.43022666,0.56219025,-0.01542790,0.03905753,0.32422100,0.38282992,0.05233361,-0.24878923,0.12935092,-0.12242372,-0.29945142,-0.04676103,0.14613603,-0.29880296,-0.31332886,-0.07989841,-0.29070449,6.57544316,0.18459518,-0.03028001,-0.02434536,-0.18327203,0.98229414,6.95152110,0.09592199,0.07543178,6.65218600,0.02387877,0.02476958,6.58429565,0.33777471,0.02541804,6.25432633,0.22257822,0.03351651,0.70425612,1.57435000,1.59231508,0.61688380,-1.56414294,3.59717388,0.30121098,2.66948295,1.11382332,-0.67729403,0.12520086,0.63794515
0.76620749,-0.08349756,0.01724329,-0.33728898,-0.21328035,-0.89522085,0.12509503,1.03096836,-1.45011442,-0.23743928,0.15782244,-1.46814294,0.28514534,1.34104915,-1.60282996,0.06175168,0.33270602,-1.42800736,0.56219025,-0.01542790,0.03905753,0.32564659,0.38358940,0.06132957,-0.25939008,0.11735948,-0.12056327,-0.30025952,-0.05367048,0.14377762,-0.30498684,-0.32739337,-0.08155610,-0.28883385,6.58900880,0.17728670,-0.03355816,-0.02695060,-0.19188059,0.98047404,6.96757888,0.09018422,0.06625651,6.65254726,0.02149320,0.02538708,6.59321631,0.33069732,0.02065975,6.25493726,0.22455218,0.03681274,0.52675830,1.32642806,1.53356683,2.79054003,-0.15092860,3.49015160,0.13832223,2.13726993,1.05942385,-0.06867688,1.72260009,0.02078820
0.78572720,-0.05376574,-0.02626471,-0.15523698,-0.27503654,-0.78609994,0.13117036,1.06189263,-1.42431903,-0.21664855,0.19309589,-1.43193257,0.28330532,1.38648748,-1.59412313,0.06822786,0.41049039,-1.46642268,0.56219025,-0.01542790,0.03905753,0.32644850,0.37430972,0.06312834,-0.27032974,0.10474243,-0.11920358,-0.29978265,-0.07106950,0.14529828,-0.30765156,-0.33925799,-0.08395625,-0.28507230,6.60294761,0.17013769,-0.03505220,-0.02958624,-0.19983811,0.97875468,6.97222604,0.08223779,0.05611876,6.65288676,0.01951714,0.02666585,6.59419335,0.33164877,0.01879694,6.25781812,0.22518559,0.04137620,0.26353419,1.59102905,1.25303495,0.65739506,2.09290886,1.52951705,-0.13548911,2.31229281,0.32771584,0.37440395,4.26620007,-2.28202343
0.82396203,-0.08864272,-0.09459707,0.09668452,-0.08344784,-0.65104731,0.13427164,1.09625051,-1.41303282,-0.19946888,0.25017462,-1.40041370,0.27556565,1.43116035,-1.60409653,0.07741543,0.48224117,-1.50138392,0.56219025,-0.01542790,0.03905753,0.32589822,0.35668138,0.06523741,-0.28514200,0.09222244,-0.11776282,-0.29788487,-0.08859050,0.14877273,-0.30782640,-0.34832782,-0.08711667,-0.27812389,6.61734695,0.16178418,-0.03418340,-0.03002083,-0.20630773,0.97742896,6.97013501,0.07801003,0.04075622,6.65439862,0.01686961,0.02801336,6.59609613,0.33362715,0.01807182,6.26340417,0.22216708,0.04777433,0.14922308,1.71914423,0.56222816,0.86584044,2.86399412,1.61413321,-0.38832375,2.23907514,-0.55164381,0.46259359,3.57747078,-1.73571098
0.86828188,-0.10281446,-0.11726250,0.33793649,0.09350422,-0.46922530,0.13487720,1.13194182,-1.40608616,-0.18724182,0.31869680,-1.39181938,0.26177946,1.46604648,-1.63940647,0.08597772,0.54784561,-1.52862263,0.56219025,-0.01542790,0.03905753,0.32478116,0.33512609,0.06806837,-0.29770021,0.07877930,-0.11635793,-0.29555709,-0.10648344,0.15287633,-0.30688501,-0.35079382,-0.09087891,-0.26944022,6.63233356,0.15264093,-0.03137143,-0.02842425,-0.21107752,0.97655219,6.96578530,0.07679420,0.02708095,6.65626058,0.01417489,0.02922407,6.59818143,0.33578985,0.01789615,6.27521638,0.21414382,0.05534094,0.03452539,1.79164827,0.31434917,0.52754167,3.49025316,0.00952001,-0.74307306,1.61928018,-1.75399435,0.40578532,3.26909685,-1.34646595
0.93172576,-0.11641194,-0.08386187,0.56152006,0.25478601,-0.36493093,0.13334886,1.16370003,-1.40343785,-0.18401842,0.38333596,-1.43755333,0.23196508,1.45760603,-1.66901584,0.08708701,0.60794487,-1.54918945,0.56219025,-0.01542790,0.03905753,0.32433320,0.31738697,0.07189597,-0.29989018,0.06600852,-0.11482061,-0.29339874,-0.12489302,0.15557319,-0.30540361,-0.34514201,-0.09627745,-0.26527650,6.64823054,0.14274040,-0.02662461,-0.02469169,-0.21470402,0.97600391,6.96657266,0.07519920,0.02444301,6.66012324,0.01083339,0.03093445,6.59991521,0.33630412,0.01892958,6.29447679,0.19975475,0.05905669,-0.10625088,1.53441370,0.15539931,0.23875630,3.06483922,-1.98958813,-1.54347372,-0.60523647,-1.44646728,0.02559292,2.97216129,-0.99256030
0.99967346,-0.10061754,-0.09815140,0.72912064,0.24343485,-0.17689480,0.12176011,1.18781621,-1.40558457,-0.18558129,0.45364693,-1.48555496,0.20312013,1.41976800,-1.70176225,0.08066157,0.66300032,-1.56478431,0.56219025,-0.01542790,0.03905753,0.32348180,0.29807898,0.07523592,-0.30128784,0.05624755,-0.11542521,-0.29120296,-0.14264775,0.15684586,-0.30358758,-0.33208940,-0.09998765,-0.26467974,6.66536712,0.13237300,-0.02030080,-0.02068968,-0.21684001,0.97577673,6.96729993,0.07451022,0.02219397,6.66753158,0.00399045,0.03227884,6.60242127,0.33482503,0.01989422,6.32214784,0.18218692,0.05880206,-0.65020783,1.18288553,-0.17827034,-0.20359251,3.73938556,-2.71986703,-1.37979813,-2.00266311,-1.70269191,-0.36674753,2.73513556,-0.76580423
1.03555699,-0.12580872,-0.11184060,0.77386586,0.29488021,-0.27792412,0.10106497,1.19875371,-1.44682968,-0.19281280,0.52962768,-1.54089236,0.18322131,1.37138057,-1.75332081,0.07367844,0.71549165,-1.57654524,0.56219025,-0.01542790,0.03905753,0.32213786,0.27778084,0.07740184,-0.30101643,0.05809937,-0.11843688,-0.28790765,-0.16039331,0.15818031,-0.30102399,-0.31314567,-0.10152971,-0.26325232,6.68303145,0.12131183,-0.01344166,-0.01618195,-0.21940357,0.97540737,6.96721829,0.07241315,0.02112143,6.68486680,-0.01059519,0.03423022,6.60574473,0.33291000,0.02111387,6.35655679,0.16353483,0.05888554,-1.09043550,0.42654988,-2.41777158,-0.35553750,3.74381638,-2.68033481,-0.93670422,-2.46948457,-2.73336387,-0.33199576,2.60774350,-0.55667639
1.01970281,-0.12706462,-0.09241293,0.71537971,0.22181481,-0.41640095,0.08153978,1.17846985,-1.54243119,-0.18961478,0.60469556,-1.58541968,0.16600057,1.32350328,-1.80806043,0.06696562,0.76944520,-1.58388784,0.56219025,-0.01542790,0.03905753,0.32084593,0.25756047,0.08247895,-0.30019790,0.08010863,-0.12118517,-0.28417494,-0.17862610,0.15945978,-0.29831619,-0.29376729,-0.10301410,-0.26023304,6.70033597,0.11011063,-0.00696394,-0.01233676,-0.22348104,0.97460532,6.96810435,0.07215978,0.02064802,6.71965665,-0.03386836,0.03667099,6.60900821,0.33145639,0.02252974,6.39103126,0.14534868,0.06061288,-0.97225755,-1.03316109,-4.74775558,0.17252879,3.74302530,-2.19753721,-0.86839588,-2.41613669,-2.71902585,-0.32844219,2.69189835,-0.36031005
0.98106465,-0.13773425,-0.04979500,0.51829590,0.06190630,-0.62603410,0.06349885,1.14778976,-1.63148906,-0.17921742,0.67279611,-1.60990350,0.14653296,1.25167539,-1.84789259,0.06349659,0.82060454,-1.58692009,0.56219025,-0.01542790,0.03905753,0.32022554,0.23876504,0.08860301,-0.29984798,0.10404292,-0.12412935,-0.27915502,-0.19524268,0.16103291,-0.29603258,-0.27056869,-0.10538754,-0.26005672,6.71674050,0.09887105,-0.00203880,-0.01045922,-0.22953805,0.97324135,6.96993407,0.07144379,0.02037756,6.75435094,-0.05866777,0.04107051,6.61403235,0.33017678,0.02419296,6.42759494,0.12549421,0.06016881,-0.90721487,-1.54312694,-4.54905477,0.52872290,3.38719559,-1.16789808,-0.95905457,-3.71953835,-1.93230753,-0.17700772,2.55891943,-0.14260911
0.92897192,-0.14246354,-0.01905553,0.39437400,-0.03755583,-0.83770656,0.04740896,1.09213021,-1.73393335,-0.16725946,0.73357339,-1.61807988,0.13079149,1.14178922,-1.86431029,0.05806867,0.87252356,-1.58591702,0.56219025,-0.01542790,0.03905753,0.32013395,0.22107491,0.09443604,-0.30016220,0.13657286,-0.12702969,-0.27108738,-0.21183034,0.16158109,-0.29445075,-0.24143175,-0.10679457,-0.26372963,6.73200721,0.08774730,0.00185000,-0.00982362,-0.23752346,0.97133037,6.97171306,0.06948834,0.01997175,6.79453429,-0.08797707,0.04904657,6.61866464,0.32885724,0.02568319,6.46853847,0.10443828,0.05640432,-0.77464654,-3.01452665,-5.06375551,0.59579366,3.00129437,-0.35833022,-0.77846408,-5.61860228,-0.70534081,-0.28387269,2.60164165,0.07249974
0.88574667,-0.13873444,0.01211320,0.17065655,-0.10188484,-1.04286602,0.03798028,0.96746151,-1.80450630,-0.15156321,0.78862653,-1.61391313,0.11612773,1.01564820,-1.85112455,0.05292068,0.92534326,-1.58219917,0.56219025,-0.01542790,0.03905753,0.32057779,0.20424687,0.10037002,-0.30071136,0.18084086,-0.12863723,-0.26488956,-0.22823424,0.16130880,-0.29341275,-0.21155841,-0.10850438,-0.26956611,6.74631156,0.07680238,0.00396291,-0.01030379,-0.24745716,0.96883594,6.97367248,0.06690599,0.01986642,6.84329127,-0.12281196,0.05568823,6.62341699,0.32781697,0.02716504,6.50863341,0.08306818,0.05101168,-0.43466988,-6.69197679,-3.26839228,0.82429999,2.73298478,0.28128002,-0.73102009,-6.34530516,0.83977747,-0.24212348,2.64430094,0.19069432
0.82217827,-0.13363484,0.06028885,0.10150366,-0.09087740,-1.20204405,0.03290031,0.78130776,-1.82529855,-0.13322465,0.83305216,-1.59522557,0.10692302,0.87401289,-1.81122243,0.04619025,0.97410893,-1.57349670,0.56219025,-0.01542790,0.03905753,0.32191101,0.18852097,0.10641968,-0.30231522,0.23238947,-0.12937667,-0.25907932,-0.24401872,0.16004315,-0.29297552,-0.17997338,-0.10917917,-0.27661706,6.75937976,0.06619719,0.00508872,-0.01100491,-0.25888497,0.96583206,6.97585286,0.06402946,0.01959579,6.89587344,-0.16208479,0.06283168,6.62815847,0.32685006,0.02893549,6.54892720,0.06169940,0.04529395,-0.22889367,-9.69326687,-0.67193264,0.92360699,2.12484241,1.04311466,-0.40672880,-7.21758080,2.17202425,-0.35998350,2.39608502,0.48256871
0.80283152,-0.11947025,0.05285727,-0.09486155,-0.17646651,-1.29165263,0.02677311,0.58547847,-1.78835049,-0.11010568,0.87078172,-1.56828678,0.11003039,0.73071474,-1.75212026,0.03751929,1.02905881,-1.56912129,0.56219025,-0.01542790,0.03905753,0.32327473,0.17417169,0.11330411,-0.30350542,0.28025093,-0.13122976,-0.25204419,-0.25985761,0.15746992,-0.29215931,-0.14742235,-0.10749538,-0.28360310,6.77180785,0.05575944,0.00451042,-0.01298107,-0.27134691,0.96238350,6.97951507,0.06135510,0.01976931,6.94218434,-0.20256919,0.07123054,6.63253039,0.32580489,0.03111541,6.58994292,0.04113911,0.03967163,-0.31757455,-9.75971107,1.92246709,1.14964734,1.88097155,1.36456764,0.15147569,-7.15546227,2.99321914,-0.44271784,2.74807239,0.23214625
0.78745354,-0.10807352,0.06320916,-0.16691598,-0.29159973,-1.18178053,0.01213046,0.42067512,-1.70138493,-0.09072745,0.90436479,-1.53005564,0.11125352,0.59754916,-1.67232022,0.02475804,1.08451002,-1.55760820,0.56219025,-0.01542790,0.03905753,0.32498084,0.15965825,0.11907624,-0.30525736,0.31800642,-0.13490570,-0.24918122,-0.27624236,0.15375655,-0.29236674,-0.11732254,-0.10613427,-0.29136329,6.78381232,0.04543465,0.00354685,-0.01624065,-0.28272593,0.95905668,6.98253535,0.05881617,0.01972348,6.97771939,-0.24044588,0.07579962,6.63521480,0.32448606,0.03261409,6.62767257,0.01995058,0.03361754,-0.76121409,-8.08867016,4.47313180,0.96300930,1.66522038,1.93634026,0.06177851,-6.60417614,4.00642762,-0.63311701,2.77467990,0.58015249
0.80432052,-0.09856463,0.06382747,-0.11771648,-0.28823913,-0.91545359,-0.00374442,0.30303962,-1.58660626,-0.07601128,0.93295928,-1.48609588,0.11084600,0.48234898,-1.58448260,0.01245396,1.13625276,-1.54011927,0.56219025,-0.01542790,0.03905753,0.32674550,0.14514863,0.12374512,-0.30732895,0.34336429,-0.13852573,-0.25347047,-0.29271513,0.15043971,-0.29227510,-0.09152003,-0.10493352,-0.29879753,6.79597539,0.03482307,0.00300542,-0.01947200,-0.29179583,0.95627768,6.98548965,0.05639452,0.01941654,7.00341453,-0.27186474,0.07327503,6.63720292,0.32310342,0.03447040,6.66145181,-0.00109859,0.02794797,-0.74790286,-5.71309042,5.76735544,0.70099263,1.40770471,2.20570707,-0.03792697,-5.68855925,4.43940468,-0.62052321,2.54581237,0.92520902
0.81496961,-0.09636773,0.08860154,0.08392105,-0.26816142,-0.40549399,-0.01491888,0.21577598,-1.48073373,-0.06942916,0.95661308,-1.44174588,0.10219211,0.39606960,-1.49873397,-0.00013368,1.17720096,-1.51047430,0.56219025,-0.01542790,0.03905753,0.32905384,0.13087761,0.12684845,-0.30950565,0.36138922,-0.14033291,-0.25969719,-0.30921424,0.14790249,-0.29222399,-0.07350948,-0.10531335,-0.30617329,6.80823258,0.02405341,0.00423832,-0.02185535,-0.29626497,0.95484629,6.98793963,0.05446483,0.01954819,7.02658137,-0.29628907,0.06935666,6.63717031,0.32108251,0.03682985,6.68800191,-0.02110332,0.02288056,-0.55755974,-4.22814779,5.17614222,0.28258108,1.15530250,2.21368361,-0.49760712,-4.09621038,4.21901741,-0.62689850,1.98078904,1.55304613
0.84625800,-0.10230764,0.06491890,0.26578748,-0.26327092,-0.02956944,-0.02120842,0.15489841,-1.39052057,-0.06775919,0.97951365,-1.39863241,0.08748233,0.35297754,-1.43419027,-0.00920718,1.21148908,-1.47598541,0.56219025,-0.01542790,0.03905753,0.33107263,0.11604102,0.12947175,-0.31105654,0.37291731,-0.14005796,-0.26746126,-0.32550994,0.14725197,-0.29086794,-0.06631627,-0.10675593,-0.31331584,6.82085408,0.01283667,0.00731892,-0.02366525,-0.29703855,0.95454412,6.98989381,0.05350633,0.02001609,7.04826535,-0.31422246,0.06361137,6.63654937,0.31889489,0.04020469,6.70564307,-0.03737387,0.01775679,-0.26620945,-2.84753489,4.41280603,0.05763977,1.15118968,2.14521646,-0.76359135,-1.83160889,3.04934239,-0.41977498,1.68111551,1.73748481
0.84815875,-0.09541575,-0.01421954,0.27967173,-0.48383810,0.11240278,-0.07672749,0.14669175,-1.26323490,-0.06976006,1.00122583,-1.35082781,0.08000251,0.40198655,-1.44740231,-0.01640504,1.24920709,-1.45725071,0.56219025,-0.01542790,0.03905753,0.33153214,0.10126994,0.13195126,-0.31173924,0.36683979,-0.15375449,-0.28546462,-0.33872563,0.14792672,-0.28752234,-0.07804548,-0.10563450,-0.31755430,6.83376597,0.00162972,0.01144591,-0.02739344,-0.29599801,0.95472707,6.99196338,0.05301373,0.01979290,7.04899959,-0.33286448,0.04606752,6.63840102,0.31539699,0.04400981,6.70961446,-0.04122056,0.01397784,-2.77719016,-0.30510874,6.31495810,-0.10641208,1.09468386,2.37806349,-0.35147352,2.54997845,-0.79122300,-0.36305035,1.91316447,0.87414399
0.84344777,-0.07222282,-0.11129642,0.19725379,-0.53060644,0.12701334,-0.11601589,0.19556943,-1.19355850,-0.07402808,1.03163559,-1.31420796,0.08306137,0.49085777,-1.51610239,-0.01806589,1.30287836,-1.48137839,0.56219025,-0.01542790,0.03905753,0.33025175,0.08627964,0.13364046,-0.30995296,0.34716534,-0.16387011,-0.30155844,-0.34684959,0.14974250,-0.27928133,-0.09535720,-0.10224907,-0.31583067,6.84692630,-0.00898663,0.01506552,-0.03194593,-0.29476171,0.95491781,6.99359759,0.05258836,0.02029880,7.04091243,-0.34026683,0.02869331,6.64522323,0.31045557,0.05097043,6.71048917,-0.03952804,0.01442109,-1.79592823,2.48860745,3.15435190,-0.20423099,1.56209052,1.77997537,0.14574220,4.34454069,-3.33677793,-0.01188673,2.70677495,-1.32205426
0.90524129,-0.06758669,-0.18702562,0.06371921,-0.12446422,-0.00030980,-0.09541393,0.26832476,-1.24986100,-0.07416500,1.06935332,-1.29517136,0.08686436,0.56191226,-1.56477468,0.00291533,1.33971281,-1.52014139,0.56219025,-0.01542790,0.03905753,0.32747479,0.07103224,0.13468461,-0.30630548,0.33099025,-0.15632102,-0.30383958,-0.34840185,0.15565270,-0.26971819,-0.11043546,-0.10058025,-0.31385652,6.86129579,-0.02026671,0.01626253,-0.03339506,-0.29457790,0.95490532,6.99595794,0.05080810,0.02116931,7.04626140,-0.33614411,0.02363521,6.66158084,0.30488795,0.05775660,6.71336106,-0.04094747,0.01361828,1.29201761,3.78709517,-3.41597815,0.01612508,1.87576091,0.87803212,0.21199248,3.57259779,-2.42978787,1.13317020,1.62693058,-1.85316164
0.91174041,-0.03568557,-0.17141081,0.08699032,0.37418309,-0.05664123,-0.08524980,0.33728893,-1.31558557,-0.07010186,1.10075305,-1.29664674,0.09053918,0.62827400,-1.60558245,0.03579788,1.32315488,-1.54780271,0.56219025,-0.01542790,0.03905753,0.32482820,0.05955829,0.13531180,-0.30261650,0.31454664,-0.15364719,-0.30366705,-0.34011568,0.16347723,-0.26522547,-0.12723907,-0.10064991,-0.31052520,6.87612332,-0.03118154,0.01603240,-0.03008035,-0.29522638,0.95481910,7.00175246,0.04675301,0.02221170,7.04869784,-0.33575515,0.02116116,6.68801669,0.29595662,0.05960273,6.71426705,-0.04226005,0.01430300,0.14190862,3.26096821,-2.77959528,0.22218633,1.51693141,-0.20509099,0.16061621,3.25128555,-1.96556983,1.67903123,-1.14702836,-1.35703743
0.94592352,-0.01261955,-0.14968039,-0.00484591,0.59441575,-0.20685020,-0.08321122,0.40501609,-1.36300421,-0.06291942,1.12183058,-1.32736433,0.09486783,0.68737358,-1.63250136,0.05981645,1.27286065,-1.58347678,0.56219025,-0.01542790,0.03905753,0.32252151,0.05651550,0.13570027,-0.29896763,0.29565340,-0.15493006,-0.30491445,-0.32196975,0.16848164,-0.26484089,-0.14418572,-0.10152561,-0.30743854,6.89158763,-0.04206213,0.01441595,-0.02462674,-0.29704458,0.95443712,7.01519383,0.03749961,0.02355388,7.04686441,-0.33753359,0.01760706,6.72235383,0.27951290,0.05768062,6.71525182,-0.04369081,0.01508296,0.20382239,3.46760798,-2.44118905,0.38080034,0.97718233,-1.76264036,0.23453279,2.91575766,-1.24446619,1.09483659,-2.69250846,-1.87684524
0.96678367,0.02148816,-0.15076358,-0.05755849,0.64653770,-0.24190843,-0.06141921,0.47947123,-1.43819985,-0.06146604,1.11143751,-1.39326794,0.10137748,0.74468691,-1.65480878,0.07566867,1.21885393,-1.64041758,0.56219025,-0.01542790,0.03905753,0.32006052,0.07018794,0.13371311,-0.29796576,0.27822363,-0.15048105,-0.30232641,-0.29884838,0.17067229,-0.26263912,-0.16098285,-0.10233082,-0.30381104,6.90780286,-0.05274599,0.01192738,-0.01866700,-0.29944585,0.95385610,7.04185304,0.01679602,0.02209476,7.04996451,-0.33531102,0.01773411,6.76027078,0.25817791,0.05742140,6.71722220,-0.04461645,0.01624948,1.07118744,3.72066936,-3.72094321,0.06239918,-0.51689100,-3.37427731,0.31886626,2.86418772,-1.10023059,0.79888840,-2.71486878,-2.83050990
0.96553134,0.05705615,-0.12531906,-0.20987628,0.67482635,-0.12095257,-0.05038524,0.55144370,-1.48922729,-0.06394824,1.09910264,-1.50090668,0.10561929,0.80001929,-1.66885865,0.09660880,1.15228693,-1.68597994,0.56219025,-0.01542790,0.03905753,0.31795843,0.09264833,0.12991990,-0.29340787,0.25954372,-0.15039355,-0.30060396,-0.27460409,0.17346831,-0.26080374,-0.17765905,-0.10455281,-0.30036573,6.92434510,-0.06289480,0.00796157,-0.01283730,-0.30075965,0.95358033,7.07477902,-0.00967330,0.02455057,7.05057696,-0.33500999,0.01735447,6.79902295,0.23676004,0.05715469,6.71885299,-0.04655404,0.01759270,0.53618366,3.58423281,-2.50388417,-0.11211660,-0.64997430,-5.40380383,0.22249360,2.75420284,-0.69561905,1.06649899,-3.38128686,-2.24698143
0.95141835,0.06637820,-0.07994197,-0.35674494,0.56360675,0.04327211,-0.04337418,0.61855421,-1.52134664,-0.07530367,1.06319537,-1.62080178,0.11017527,0.85365363,-1.67713251,0.11758456,1.06421635,-1.71790330,0.56219025,-0.01542790,0.03905753,0.31651798,0.12379930,0.12350541,-0.28711412,0.24139329,-0.15196248,-0.29918321,-0.24645947,0.17600870,-0.26074276,-0.19349179,-0.10700754,-0.29738073,6.94074534,-0.07273103,0.00291636,-0.00835233,-0.30042981,0.95376290,7.11298112,-0.04248717,0.02940386,7.05144700,-0.33561590,0.01733477,6.83967523,0.21276182,0.05577522,6.72085799,-0.04950948,0.01913725,0.34135309,3.33568645,-1.51186180,-0.68049037,-1.96462567,-6.07358360,0.21013479,2.68956804,-0.36968133,1.01015919,-4.51268969,-1.52205122
0.93184305,0.06693829,-0.01894034,-0.44102641,0.42745252,0.18534276,-0.03694768,0.68250918,-1.53842885,-0.10005503,0.95668030,-1.72121229,0.11502499,0.90743841,-1.67822542,0.12458729,0.95370891,-1.73170407,0.56219025,-0.01542790,0.03905753,0.31625066,0.16993661,0.11356467,-0.28223469,0.22348754,-0.15367418,-0.29823256,-0.21448367,0.17500718,-0.26361564,-0.20931822,-0.10924775,-0.29534109,6.95685710,-0.08229719,-0.00252884,-0.00546260,-0.29880771,0.95429436,7.16121511,-0.08592936,0.03401597,7.05279321,-0.33598735,0.01801811,6.88048352,0.18378143,0.05263503,6.72261199,-0.05265910,0.02090958,0.32467942,3.18603206,-0.79784484,-1.25880821,-5.86256890,-4.74685040,0.26308767,2.68289185,-0.02684784,0.24903486,-5.64057922,-0.58292909
0.88804427,0.08629817,0.01324327,-0.48012383,0.34418480,0.51259677,-0.03366496,0.73952514,-1.53892100,-0.12820746,0.77761704,-1.76991296,0.12589419,0.95977885,-1.67423916,0.12420496,0.83203739,-1.71827817,0.56219025,-0.01542790,0.03905753,0.31662276,0.22549918,0.10317539,-0.27709186,0.20599265,-0.15628643,-0.29805003,-0.18279008,0.17215777,-0.26859066,-0.22494160,-0.10961774,-0.29401512,6.97257175,-0.09101035,-0.00810257,-0.00350905,-0.29435078,0.95565666,7.21704616,-0.13257121,0.03953090,7.05495204,-0.33610606,0.01857273,6.91830291,0.15415368,0.04803210,6.72493400,-0.05508936,0.02260764,0.13102122,2.78726554,0.11316060,-1.43101203,-9.41023636,-2.05477238,0.59335375,2.60575151,0.23620604,-0.04241600,-6.13761282,0.89000696
0.85738249,0.08024980,0.06365459,-0.57004411,-0.00989728,0.70534730,-0.03717307,0.78393461,-1.51147456,-0.15438241,0.58513969,-1.76793213,0.14036033,1.01855836,-1.67380037,0.10936921,0.71234175,-1.68737857,0.56219025,-0.01542790,0.03905753,0.31814982,0.27764844,0.09517263,-0.26662569,0.19000896,-0.16044497,-0.29914413,-0.15135158,0.16590803,-0.27503256,-0.23973828,-0.10847056,-0.29311476,6.98776425,-0.09907675,-0.01352175,-0.00527288,-0.28764185,0.95762807,7.27191638,-0.17258902,0.05152413,7.05796451,-0.33765152,0.01900569,6.95283689,0.12276295,0.04311726,6.72792682,-0.05754589,0.02503506,-0.18187539,2.21935344,1.39155853,-1.30819209,-9.59171429,0.13309191,0.72379708,2.93641210,0.02506828,-0.76517117,-5.97863436,1.56260478
0.86311535,0.04274066,0.08113027,-0.54492494,-0.24925085,0.83603264,-0.04308738,0.82693611,-1.47274008,-0.17663317,0.41907440,-1.73554921,0.15761491,1.08053641,-1.67287774,0.07825232,0.59869598,-1.64363225,0.56219025,-0.01542790,0.03905753,0.32019912,0.32010440,0.08935117,-0.25456712,0.17324636,-0.16456819,-0.30041046,-0.12127839,0.15567295,-0.28244841,-0.25431755,-0.10588147,-0.29267550,7.00279321,-0.10749310,-0.01805488,-0.00925377,-0.27959803,0.95990277,7.32084941,-0.20388142,0.06563200,7.06066436,-0.33932908,0.01978866,6.98399934,0.08894851,0.03775071,6.73137740,-0.06035753,0.02752362,-0.28742862,2.14159513,1.95342057,-1.07607305,-8.19990616,1.75291430,0.88816395,3.14370465,0.03532505,-1.60173905,-5.65252638,2.22765810
0.87119997,-0.01489797,0.07465842,-0.44479889,-0.36593801,0.71709374,-0.04640540,0.86650009,-1.43233435,-0.18108366,0.29203457,-1.66290591,0.17792152,1.14589970,-1.66781259,0.03666524,0.49750586,-1.59025400,0.56219025,-0.01542790,0.03905753,0.32240188,0.35081159,0.08746549,-0.24883908,0.15707378,-0.16702605,-0.30159360,-0.09463914,0.14292121,-0.29006264,-0.27011058,-0.10179961,-0.29244239,7.01746854,-0.11674861,-0.02135215,-0.01414304,-0.27258537,0.96179066,7.36207618,-0.22613124,0.07356279,7.06369475,-0.34132156,0.02080827,7.01177987,0.05457179,0.03233924,6.73407592,-0.06187140,0.02995948,-0.15651189,1.96078413,2.00360577,-0.11745107,-6.16845169,3.76723185,0.99498024,3.21241212,0.31629610,-2.09226594,-4.99447308,2.68454766
0.86910950,-0.03150560,0.06649036,-0.38215046,-0.38876703,0.50847598,-0.04790340,0.90204175,-1.39124053,-0.16671789,0.20794489,-1.57842896,0.19704455,1.21081893,-1.65504065,-0.00627227,0.41542296,-1.53871777,0.56219025,-0.01542790,0.03905753,0.32458978,0.37091908,0.08956915,-0.24843572,0.14149328,-0.16845995,-0.30260356,-0.07272565,0.12976629,-0.29634072,-0.28710832,-0.09789894,-0.29202933,7.03199624,-0.12617000,-0.02393169,-0.01903164,-0.26747797,0.96307871,7.39608268,-0.24038325,0.07615407,7.06654529,-0.34343820,0.02198622,7.03647298,0.02251850,0.02824906,6.73546619,-0.06225352,0.03256045,-0.06608900,1.75427401,2.07825277,0.80137748,-3.95852184,4.20711708,0.96466589,3.29727292,0.65262647,-2.14746728,-3.97810478,2.54275537
0.85515369,-0.04742286,0.03376214,-0.46209506,-0.23278968,0.14569786,-0.04109088,0.93407065,-1.35542762,-0.17536972,0.15052085,-1.49893558,0.21364102,1.26915073,-1.63262296,-0.04172965,0.35863954,-1.50136638,0.56219025,-0.01542790,0.03905753,0.32639074,0.38460780,0.08443540,-0.25190849,0.12721076,-0.16796500,-0.30327162,-0.05690201,0.11784356,-0.30052435,-0.30454181,-0.09547383,-0.29127461,7.04622306,-0.13564828,-0.02751608,-0.02277139,-0.26552341,0.96344260,7.41993417,-0.25971481,0.07448225,7.06967868,-0.34503943,0.02311912,7.05756797,-0.00527866,0.02586640,6.73567952,-0.06200265,0.03511614,0.41932559,1.57772171,1.72605503,-0.70431226,-2.72752666,3.93319821,0.80030048,2.82505965,1.21032703,-1.69777167,-2.64919615,1.74274909
0.87441917,-0.03676800,0.02559293,-0.53144826,-0.12793549,-0.09495474,-0.03145341,0.95844268,-1.31091044,-0.11586398,0.12335084,-1.39675875,0.22755964,1.31903059,-1.60375857,-0.06256610,0.33846729,-1.48207443,0.56219025,-0.01542790,0.03905753,0.32809933,0.38901969,0.09582716,-0.26282811,0.11301082,-0.16749083,-0.30451134,-0.05025117,0.10918883,-0.30424218,-0.32137848,-0.09466879,-0.28992427,7.06079616,-0.14518584,-0.03233096,-0.02540289,-0.26635041,0.96299889,7.44395789,-0.26225954,0.06527122,7.07200507,-0.34692574,0.02358799,7.07360124,-0.02567261,0.02385715,6.73631190,-0.06178155,0.03817506,0.47617131,1.21516790,2.22955937,2.95435462,-1.28280624,5.04323201,0.68535853,2.48395567,1.44925821,-1.03095453,-0.95834067,0.94802713
0.87686328,-0.00547114,0.00262623,-0.47327030,-0.09345681,-0.09019482,-0.02456726,0.98248478,-1.26844885,-0.07983271,0.14347940,-1.33945003,0.23469068,1.36336362,-1.57629132,-0.07452229,0.35713164,-1.47927783,0.56219025,-0.01542790,0.03905753,0.32947047,0.38204462,0.10193367,-0.27459830,0.09868859,-0.16759362,-0.30478598,-0.05362159,0.10309282,-0.30918328,-0.33680635,-0.09563601,-0.28757778,7.07575225,-0.15431793,-0.03668809,-0.02755726,-0.26712425,0.96256907,7.45591277,-0.26306785,0.05487218,7.07435702,-0.34880472,0.02468449,7.08268994,-0.03832107,0.02028719,6.73764228,-0.06339814,0.04189270,0.34530506,1.21597333,2.08402185,1.67148030,1.10094393,2.74480085,0.34153942,2.21136904,1.32919540,-0.56334743,1.07022602,0.05772831
0.84235575,0.03943616,-0.07593876,-0.42986280,-0.05654787,0.04506582,-0.02197258,1.00749781,-1.23166440,-0.07210121,0.19041170,-1.30182743,0.23853573,1.40998642,-1.56980345,-0.07124067,0.42636484,-1.51604462,0.56219025,-0.01542790,0.03905753,0.32943087,0.36755150,0.10018272,-0.28866968,0.08461505,-0.16880882,-0.30348929,-0.06848405,0.10193831,-0.31174111,-0.34872366,-0.09774440,-0.28246539,7.09063329,-0.16247418,-0.04067909,-0.02930520,-0.26680941,0.96244436,7.45755757,-0.26493028,0.04076119,7.07671937,-0.35078915,0.02594158,7.08410758,-0.03984099,0.01768975,6.74112357,-0.06757889,0.04696548,0.08482470,1.23262441,1.86056602,0.36374356,2.42562041,1.92553849,0.18941741,2.36460242,0.20293376,0.24753488,3.69333067,-2.06976969
0.85093474,0.05409309,-0.15201784,-0.15524786,0.14162508,0.30105545,-0.02290972,1.03740408,-1.21127141,-0.07552804,0.24883718,-1.28760209,0.24012609,1.45746334,-1.59477422,-0.06025842,0.50348734,-1.56528616,0.56219025,-0.01542790,0.03905753,0.32778252,0.34914125,0.09608695,-0.30155952,0.07056626,-0.17021756,-0.30040523,-0.08608613,0.10412361,-0.31092700,-0.35553640,-0.10008614,-0.27351304,7.10583715,-0.17042477,-0.04280842,-0.02888481,-0.26406861,0.96312039,7.45541276,-0.26491926,0.02622300,7.08020371,-0.35289817,0.02737730,7.08454131,-0.03701175,0.01685552,6.74872150,-0.07612854,0.05426948,-0.03726601,1.56227291,0.83439157,-0.26009316,2.95720029,0.43288565,0.05980593,2.34892392,-1.44166508,0.54266495,3.70334644,-2.35539432
0.88709417,0.05046693,-0.17195935,0.12343365,0.46133232,0.57079805,-0.02453895,1.07032025,-1.20681667,-0.10587835,0.32584476,-1.37044334,0.23466428,1.48018587,-1.63103747,-0.05275654,0.56624794,-1.60313070,0.56219025,-0.01542790,0.03905753,0.32558638,0.33138356,0.08634512,-0.30146094,0.05644795,-0.17106550,-0.29630595,-0.10287928,0.10584549,-0.30892769,-0.35580712,-0.10294663,-0.26476626,7.12168063,-0.17866291,-0.04290228,-0.02487804,-0.25877826,0.96466279,7.45201100,-0.26895350,0.02412543,7.08536662,-0.35510290,0.02928042,7.08523692,-0.03562701,0.01665869,6.76190223,-0.09059352,0.06082012,-0.09317792,1.64242733,0.15598296,-1.74237454,4.01823664,-4.97353745,-0.33375618,0.90104336,-1.82952392,0.34351385,3.07080007,-1.83159816
0.94108964,0.02849003,-0.11873515,0.62087174,0.65819570,0.85023137,-0.03581838,1.10063598,-1.22423303,-0.12434187,0.38752540,-1.43868883,0.21574530,1.45117962,-1.66009235,-0.05340042,0.61596313,-1.62399945,0.56219025,-0.01542790,0.03905753,0.32417398,0.31417515,0.08291555,-0.30240572,0.04518757,-0.17263231,-0.29155954,-0.12034259,0.10701086,-0.30656230,-0.34744592,-0.10588451,-0.26095908,7.13841352,-0.18742925,-0.03840009,-0.01724698,-0.25044121,0.96721620,7.45348682,-0.26686369,0.02176826,7.09443988,-0.36037476,0.03261444,7.08486528,-0.03555349,0.01761168,6.78310994,-0.11200005,0.06321490,-0.56803612,1.49944057,-0.88757651,-0.93752992,3.12009230,-3.43815546,-0.93615919,-1.48345890,-1.47086465,-0.02454543,2.48482466,-1.03172492
1.00506643,-0.00684373,-0.12373685,0.65558331,0.57954384,0.84858247,-0.04663383,1.11647823,-1.26531880,-0.15050709,0.46702897,-1.51822946,0.20002979,1.40632770,-1.70390143,-0.05009910,0.66385763,-1.63761034,0.56219025,-0.01542790,0.03905753,0.32249098,0.29360239,0.07797389,-0.30153762,0.04407416,-0.17369075,-0.28799016,-0.13752905,0.10971892,-0.30415774,-0.33189392,-0.10766301,-0.25883799,7.15605496,-0.19710024,-0.03347254,-0.01036981,-0.24203836,0.96963369,7.45193442,-0.26593075,0.02095337,7.11352176,-0.37117474,0.03450082,7.08604631,-0.03569618,0.01833324,6.81243238,-0.13653280,0.06365300,-0.51580985,0.72910737,-2.20718892,-1.31350710,3.97310352,-3.96057549,-0.80268818,-2.23531866,-2.24739201,0.16627549,2.38118992,-0.66652962
1.03100696,-0.04959514,-0.14043007,0.73652574,0.49025671,0.61947020,-0.04314427,1.11484702,-1.34995236,-0.17294605,0.54690739,-1.58901217,0.18099263,1.36177664,-1.76003163,-0.04503122,0.70996580,-1.64782162,0.56219025,-0.01542790,0.03905753,0.32018922,0.27282567,0.07514623,-0.30008244,0.05762152,-0.16990030,-0.28689328,-0.15435100,0.11376208,-0.30093030,-0.31402441,-0.11006854,-0.25481782,7.17395495,-0.20751078,-0.02742738,-0.00390049,-0.23563751,0.97144608,7.45092048,-0.26557024,0.02010678,7.14742316,-0.38494363,0.03329594,7.08878945,-0.03571766,0.01925892,6.84437541,-0.16164429,0.06537140,0.26760340,-0.13028525,-4.36135445,-1.07419316,4.00181932,-3.48446822,-0.95124930,-2.23909950,-2.81584430,0.26864064,2.31461535,-0.50459717
0.99947802,-0.07642659,-0.10480999,0.70318167,0.32801732,0.29503551,-0.03398578,1.10821564,-1.45575185,-0.18468854,0.62430984,-1.64274933,0.15278060,1.29736404,-1.80180600,-0.03827259,0.75430362,-1.65240645,0.56219025,-0.01542790,0.03905753,0.31822243,0.25263507,0.07554719,-0.29863723,0.07754633,-0.16410026,-0.28452193,-0.17029851,0.11854291,-0.29794373,-0.29353493,-0.11442511,-0.25332188,7.19116820,-0.21803129,-0.02136833,0.00101768,-0.23235736,0.97239519,7.45067348,-0.26481665,0.01958521,7.18617896,-0.39946291,0.03370050,7.09282884,-0.03532012,0.02027871,6.87760772,-0.18744239,0.06490056,0.42148842,-0.33284566,-5.37195635,-0.52791449,3.83746414,-2.57106948,-1.50295895,-3.40769844,-1.93582520,0.33959222,2.18998070,-0.17894410
0.96359070,-0.10166256,-0.03594700,0.54882579,0.06120738,-0.05630197,-0.02012233,1.09489000,-1.58300984,-0.18719284,0.69604599,-1.67151785,0.12145849,1.21063638,-1.82374394,-0.03057901,0.80122793,-1.64954114,0.56219025,-0.01542790,0.03905753,0.31740651,0.23346955,0.07796383,-0.29821540,0.10422550,-0.15693121,-0.27864666,-0.18630992,0.12350042,-0.29621820,-0.26992745,-0.11950762,-0.25549169,7.20754708,-0.22855747,-0.01602046,0.00333610,-0.23238611,0.97248594,7.45104207,-0.26456556,0.01919111,7.22956599,-0.41565511,0.03875984,7.09719743,-0.03416947,0.02118830,6.91275109,-0.21312295,0.06191482,0.75843996,-0.73258632,-6.53649282,-0.06243825,3.54647374,-1.24663341,-1.55102754,-4.46599960,-0.97497934,0.39319831,2.38553500,0.19261836
0.89356065,-0.13209781,0.02402364,0.60197680,-0.14857191,-0.28964027,0.00052289,1.03388432,-1.71137166,-0.18628955,0.75578905,-1.67802000,0.08004691,1.09419808,-1.81264930,-0.02844821,0.84784064,-1.63813379,0.56219025,-0.01542790,0.03905753,0.31789821,0.21645736,0.08170377,-0.29857678,0.14308969,-0.14755607,-0.27179533,-0.20236925,0.12762898,-0.29563053,-0.24290415,-0.12654068,-0.26165108,7.22227725,-0.23909264,-0.00977666,0.00339775,-0.23520548,0.97189056,7.45213994,-0.26540686,0.01932143,7.28206119,-0.43574801,0.04610288,7.10066213,-0.03305325,0.02226768,6.94839257,-0.24056054,0.05624713,1.04490571,-3.10836601,-6.39996481,0.04425984,2.98076510,-0.30716369,-2.06270669,-5.84298944,0.58578010,0.10352434,2.33623743,0.56848378
0.81015695,-0.13499415,0.03960206,0.45257256,-0.28795257,-0.30103018,0.03447216,0.92602528,-1.81751251,-0.18372706,0.80848674,-1.67275887,0.04282579,0.96426020,-1.78015556,-0.02912238,0.89662070,-1.62781665,0.56219025,-0.01542790,0.03905753,0.31867700,0.20100607,0.08535773,-0.29904204,0.18818375,-0.13569246,-0.26301720,-0.21791222,0.13059625,-0.29515520,-0.21342784,-0.13320244,-0.26935582,7.23550548,-0.24898787,-0.00463130,0.00172593,-0.23808108,0.97123271,7.45319966,-0.26626860,0.01963496,7.33959960,-0.45632812,0.05565981,7.10269631,-0.03241723,0.02352180,6.98467053,-0.26838285,0.04932119,1.76728020,-5.57107296,-5.17546139,0.14924006,2.59636817,0.29097032,-1.85851204,-6.52651358,1.68343728,-0.04668087,2.43266678,0.51437330
0.73292287,-0.13272836,0.07444496,0.25908524,-0.35229588,-0.32821487,0.08703196,0.76051489,-1.86001143,-0.17573726,0.84893284,-1.65531929,0.01301676,0.82401024,-1.72827249,-0.03155874,0.94417984,-1.61676388,0.56219025,-0.01542790,0.03905753,0.32011497,0.18794899,0.08969341,-0.30007920,0.23682416,-0.12041308,-0.25675747,-0.23254658,0.13229597,-0.29508343,-0.18147846,-0.13890113,-0.27743598,7.24728803,-0.25828566,-0.00106728,-0.00094325,-0.24131107,0.97044677,7.45535688,-0.26706555,0.02003577,7.40013484,-0.47559384,0.06335751,7.10378608,-0.03248193,0.02503154,7.02188930,-0.29601321,0.04267899,2.67446136,-8.49578972,-1.75168839,0.41153219,1.97682087,0.93793623,-1.42141783,-7.05637875,2.67054591,-0.11349516,2.37841964,0.56296202
0.69239404,-0.10264171,0.12035910,0.08587291,-0.48492437,-0.18671713,0.11689461,0.58024541,-1.84166412,-0.16844968,0.88192987,-1.62348988,-0.00829099,0.68472818,-1.65954762,-0.03203324,0.99291184,-1.60312943,0.56219025,-0.01542790,0.03905753,0.32253882,0.17574239,0.09301705,-0.30219905,0.28190658,-0.11193692,-0.24984343,-0.24691553,0.13397630,-0.29556988,-0.14897483,-0.14308460,-0.28562610,7.25853204,-0.26671380,0.00103220,-0.00523707,-0.24332410,0.96993035,7.45737027,-0.26767127,0.02033977,7.45421371,-0.49846772,0.07269539,7.10410117,-0.03204800,0.02696893,7.05965709,-0.32253010,0.03691271,1.21968942,-8.94079361,1.15257015,0.34531453,1.62084520,1.66941106,-1.04940865,-6.91054249,3.52826905,-0.01242886,2.44786525,0.69721550
0.65303804,-0.09557623,0.12427441,0.00353615,-0.53402194,-0.07363347,0.12545040,0.41317955,-1.77071333,-0.15617782,0.90775645,-1.58746994,-0.02650546,0.55086112,-1.57397199,-0.03426265,1.04149210,-1.58655190,0.56219025,-0.01542790,0.03905753,0.32524812,0.16518036,0.09769460,-0.30400272,0.32073509,-0.10874085,-0.24529002,-0.26127212,0.13488615,-0.29646076,-0.11752720,-0.14686608,-0.29349427,7.26917876,-0.27464050,0.00245214,-0.01034610,-0.24416159,0.96967627,7.46092834,-0.26683736,0.02124541,7.50014915,-0.52232629,0.07995810,7.10296191,-0.03209287,0.02878736,7.09610786,-0.34832054,0.03175385,0.35144266,-8.25759697,3.95597196,0.67296797,1.23412716,1.80393207,-0.88777977,-6.66598272,4.40127611,-0.13466790,2.42186284,0.85056061
0.66302269,-0.05991205,0.13468118,-0.01993400,-0.61529423,0.34345305,0.09599777,0.30061638,-1.64884079,-0.15712678,0.93117449,-1.54133809,-0.04687679,0.44156798,-1.48097110,-0.03594065,1.08710074,-1.56090789,0.56219025,-0.01542790,0.03905753,0.32832291,0.15379523,0.09836242,-0.30696964,0.34568936,-0.11366810,-0.24988182,-0.27598135,0.13598139,-0.29815244,-0.09177636,-0.15143808,-0.30080869,7.28023986,-0.28190618,0.00378417,-0.01637017,-0.24089192,0.97040650,7.46218432,-0.26692784,0.02135327,7.53258027,-0.54410055,0.07844109,7.09994706,-0.03260486,0.03017047,7.12827586,-0.37280908,0.02751422,-1.49580855,-5.55258288,6.15230894,-0.04900181,1.16307939,2.30493288,-1.02356358,-5.42824020,4.64543829,-0.08355742,2.27045898,1.29437387
0.65985332,-0.06387081,0.12179261,0.08145576,-0.52177773,0.61522435,0.05969695,0.23520482,-1.50315001,-0.15969530,0.94969046,-1.49608443,-0.06766547,0.36306550,-1.40012674,-0.03510041,1.12367458,-1.52747040,0.56219025,-0.01542790,0.03905753,0.33125001,0.14292180,0.09890560,-0.30983765,0.35748048,-0.11978543,-0.26479075,-0.29041552,0.13802181,-0.29963763,-0.07382700,-0.15606142,-0.30676381,7.29129085,-0.28906476,0.00588379,-0.02132636,-0.23502064,0.97173858,7.46362380,-0.26647470,0.02141236,7.55440949,-0.55908220,0.06645926,7.09615258,-0.03350215,0.03161238,7.15426272,-0.39408326,0.02448621,-1.76763883,-3.17693658,7.22930956,-0.13685237,0.91589135,2.26219797,-1.01862137,-3.79930182,3.94368114,0.06548185,1.78820796,1.68894327
0.66794106,-0.07623842,0.08997855,0.19067186,-0.45504992,0.86782761,0.05034080,0.19144599,-1.41853998,-0.16666181,0.96966927,-1.45255418,-0.08490181,0.33187423,-1.34995928,-0.02789401,1.15174859,-1.49228911,0.56219025,-0.01542790,0.03905753,0.33368294,0.13083206,0.09857417,-0.31232176,0.36605723,-0.11942493,-0.27262448,-0.30363205,0.14220535,-0.29993888,-0.06750733,-0.15937891,-0.31204990,7.30244083,-0.29634873,0.00892481,-0.02522954,-0.22683532,0.97356538,7.46338862,-0.26585774,0.02136118,7.57784041,-0.56544958,0.06105845,7.09310187,-0.03444800,0.03374406,7.17136735,-0.40939129,0.02163304,-0.29316498,-2.15869722,3.73015139,-0.37545255,1.03338280,2.16024828,-0.86791888,-1.33809500,2.39867718,0.37704213,1.39966953,1.74236429
0.66983418,-0.08183278,0.02411282,0.26779540,-0.44325657,1.03429069,0.03698858,0.17478378,-1.33770726,-0.17277867,0.98972933,-1.41191616,-0.09544141,0.35796496,-1.34219813,-0.01817058,1.17736733,-1.46211681,0.56219025,-0.01542790,0.03905753,0.33494188,0.11874600,0.09907027,-0.31385026,0.36671430,-0.11987607,-0.28392750,-0.31549842,0.14741894,-0.29886088,-0.07458385,-0.16023357,-0.31724549,7.31383361,-0.30353633,0.01271985,-0.02890513,-0.21688439,0.97568635,7.46340522,-0.26424428,0.02109162,7.59497737,-0.56774806,0.05101439,7.09075412,-0.03612815,0.03608100,7.17828321,-0.41695430,0.01769639,-0.88221377,-0.59138845,4.50421245,-0.27021949,0.96937315,2.01924276,-0.45391055,1.65588811,0.07368994,0.49461989,1.26041496,1.47522485
0.66196931,-0.06664387,-0.04290373,0.21559813,-0.40376308,1.12395711,-0.01920221,0.21110560,-1.24931085,-0.17770348,1.01499856,-1.38276315,-0.09349009,0.43033341,-1.39104915,-0.00362400,1.20787334,-1.45180500,0.56219025,-0.01542790,0.03905753,0.33494601,0.10690348,0.09992772,-0.31342007,0.34984838,-0.13377650,-0.30160117,-0.32495671,0.15353376,-0.29484893,-0.08986017,-0.15715591,-0.31827807,7.32540883,-0.31018600,0.01613919,-0.03226275,-0.20603514,0.97787942,7.46360435,-0.26206216,0.02152593,7.59120502,-0.57408452,0.03334484,7.09037007,-0.03829215,0.04009707,7.17964210,-0.41754004,0.01666793,-3.13062358,2.22507024,4.26416874,-0.25213212,1.33236754,1.34912956,0.18594010,3.90552330,-2.85148835,0.77133632,1.58443439,0.33368108
0.73926385,-0.06973445,-0.13937659,0.08997782,-0.04454672,0.95116130,-0.02610503,0.26589482,-1.24831436,-0.17819109,1.04159307,-1.38040843,-0.08385185,0.49213376,-1.43647830,0.01700633,1.24653218,-1.47426598,0.56219025,-0.01542790,0.03905753,0.33297672,0.09813638,0.10080806,-0.31099183,0.33270349,-0.13515652,-0.30941652,-0.33152302,0.15937352,-0.28574384,-0.10363059,-0.15338889,-0.31741061,7.33865995,-0.31713907,0.01748423,-0.03246233,-0.19669397,0.97977139,7.46817349,-0.26219133,0.02198489,7.59308156,-0.57057257,0.02356020,7.09470328,-0.04183455,0.04723287,7.18372201,-0.41843905,0.01556611,-0.29916790,2.76679435,-0.11924462,-0.01866907,1.32502115,0.09363126,0.48578548,3.09344258,-2.28209491,1.03863063,1.91680381,-1.14929430
0.76319583,-0.05048772,-0.16749587,0.00132461,0.37021810,0.77187379,-0.01997158,0.32470287,-1.30989883,-0.17535134,1.06464601,-1.39345212,-0.07240316,0.55221970,-1.48146360,0.04353172,1.26611116,-1.50972068,0.56219025,-0.01542790,0.03905753,0.33030868,0.09150443,0.10137644,-0.30841353,0.31885091,-0.13408879,-0.30823551,-0.33176979,0.16539528,-0.27606556,-0.11882176,-0.15053707,-0.31439989,7.35260305,-0.32370094,0.01711179,-0.02889122,-0.18910467,0.98138265,7.47529306,-0.26372257,0.02189516,7.59852552,-0.56694536,0.02207318,7.10635776,-0.04659077,0.05424312,7.18624448,-0.41912026,0.01590879,0.20716853,2.84392314,-2.85968683,0.14670592,1.14075415,-0.68564554,0.57117290,2.97002740,-2.19164066,1.34964890,0.86883967,-1.77144659
0.78464967,-0.03413716,-0.13106260,-0.09854248,0.68123986,0.62388811,-0.02245661,0.37463427,-1.35172341,-0.16953521,1.08320081,-1.42237041,-0.05828805,0.60164187,-1.51024349,0.07265779,1.24786177,-1.54502292,0.56219025,-0.01542790,0.03905753,0.32824453,0.08794271,0.10175133,-0.30563207,0.30417062,-0.13700689,-0.30903556,-0.32286757,0.17139785,-0.26984337,-0.13404778,-0.14814733,-0.31168252,7.36708955,-0.32995537,0.01520588,-0.02244517,-0.18294453,0.98274935,7.48580216,-0.26675277,0.02261246,7.60140943,-0.56741031,0.01920897,7.12772903,-0.05368154,0.05840116,7.18864545,-0.41981161,0.01656200,-0.01142841,2.60076165,-2.33270342,0.31113336,0.90654370,-1.53773823,0.73494269,2.43300953,-1.39218795,1.43555105,-1.07053463,-1.76616371
0.79540076,0.00111564,-0.11158024,-0.19990181,0.79217112,0.66717006,-0.01615444,0.42984344,-1.40907786,-0.16368995,1.09636638,-1.47067730,-0.04205725,0.64304202,-1.53041322,0.08811873,1.19978733,-1.58499541,0.56219025,-0.01542790,0.03905753,0.32639818,0.08944478,0.10143287,-0.30218750,0.28930075,-0.13798312,-0.30771533,-0.30522712,0.17343120,-0.26791706,-0.14821951,-0.14597557,-0.30882723,7.38201798,-0.33554141,0.01203345,-0.01496005,-0.17660744,0.98409410,7.50117520,-0.27158397,0.02421067,7.60520124,-0.56559249,0.01868285,7.15624255,-0.06671539,0.05848112,7.19225740,-0.42079872,0.01757094,0.29015782,2.70904412,-2.78154635,0.27222739,0.62558264,-2.51740673,0.80350941,2.02788582,-0.96919148,0.65714824,-2.54390695,-2.04427526
0.79307015,0.01755419,-0.09324000,-0.26004023,0.75608599,0.66477041,-0.01716163,0.48346803,-1.45206213,-0.15016799,1.07381952,-1.47410953,-0.02725245,0.68487597,-1.54565072,0.09313292,1.14944994,-1.64590764,0.56219025,-0.01542790,0.03905753,0.32471600,0.09301926,0.10223863,-0.30561659,0.27379729,-0.14141674,-0.30688705,-0.28301113,0.17210189,-0.26468253,-0.16277781,-0.14448965,-0.30597030,7.39711036,-0.34056038,0.00830154,-0.00781150,-0.17006915,0.98536620,7.51902665,-0.27543175,0.01909941,7.60763682,-0.56559873,0.01782895,7.18819274,-0.08352382,0.06003347,7.19530667,-0.42210269,0.01874571,-0.11097768,2.69109058,-2.04859972,0.76288277,-1.46811950,0.32816646,0.72999555,2.11709619,-0.73220009,0.20419119,-2.46940589,-3.23218322
0.77989942,0.01626401,-0.05970472,-0.43552379,0.61755637,0.59004857,-0.01120052,0.53755289,-1.48621581,-0.13197531,1.09701519,-1.55375636,-0.00965227,0.72617803,-1.55848131,0.08489483,1.10143340,-1.70267391,0.56219025,-0.01542790,0.03905753,0.32356101,0.09881825,0.10525337,-0.29724798,0.25854199,-0.14341332,-0.30598940,-0.26196029,0.16649041,-0.26264754,-0.17622713,-0.14292272,-0.30327747,7.41199187,-0.34532738,0.00298579,-0.00232910,-0.16431540,0.98640058,7.53959436,-0.27779276,0.02631303,7.61008023,-0.56480937,0.01757161,7.21815089,-0.10290641,0.06091346,7.19894933,-0.42340284,0.02028354,0.29094163,2.70060525,-1.68146315,0.90736943,1.05632250,-3.97816367,0.87801800,2.07076192,-0.63935560,-0.41388816,-2.41417813,-2.81758237
0.75247648,0.02874163,-0.03192438,-0.42562603,0.32300860,0.69749844,-0.01135006,0.58867537,-1.50134742,-0.11893404,1.05853434,-1.63384039,0.00582439,0.77081079,-1.57003536,0.07270971,1.03910606,-1.74518862,0.56219025,-0.01542790,0.03905753,0.32291585,0.12348204,0.10678616,-0.29251232,0.24364103,-0.14662737,-0.30572672,-0.23882536,0.16045623,-0.26276092,-0.18911001,-0.14136467,-0.30130561,7.42648219,-0.34946654,-0.00179185,0.00028434,-0.15743290,0.98752802,7.57704724,-0.28636929,0.03040353,7.61245355,-0.56458323,0.01718912,7.24938773,-0.12270388,0.06015493,7.20279054,-0.42502188,0.02161023,-0.03301597,2.54468942,-0.69746303,0.61187174,-2.02350266,-4.02946172,0.76255193,2.23665118,-0.57580658,-0.63880819,-3.19271970,-2.08687429
0.72750524,0.04273103,-0.00678573,-0.43917389,0.05037745,0.82525559,-0.01554876,0.63789884,-1.50260448,-0.11641121,0.97438235,-1.70162318,0.02029802,0.81802386,-1.58198757,0.05120156,0.95696455,-1.77200549,0.56219025,-0.01542790,0.03905753,0.32270794,0.15898145,0.10559420,-0.28861548,0.22897002,-0.15062672,-0.30564715,-0.21220527,0.15242875,-0.26541813,-0.20114496,-0.13964742,-0.29979080,7.44067601,-0.35305566,-0.00618769,0.00035989,-0.14949396,0.98874321,7.62376803,-0.29918035,0.03409246,7.61488256,-0.56463959,0.01706079,7.28301763,-0.14470635,0.05728981,7.20723800,-0.42699745,0.02291714,-0.19934816,2.46505141,-0.04234314,0.10134012,-4.46538982,-3.21560655,0.73621281,2.37643061,-0.60538384,-1.10953355,-4.15251064,-1.26158658
0.69889894,0.05199960,0.02649539,-0.48394827,-0.21985011,1.13739706,-0.02181375,0.68786603,-1.49115334,-0.11452420,0.84898710,-1.73721640,0.03690500,0.87312227,-1.59616585,0.02295496,0.86902989,-1.77788198,0.56219025,-0.01542790,0.03905753,0.32325081,0.20088534,0.10424708,-0.28451513,0.21376643,-0.15516136,-0.30552256,-0.18596875,0.14270265,-0.27040696,-0.21341743,-0.13714669,-0.29871623,7.45444440,-0.35592335,-0.01067383,-0.00234614,-0.13862935,0.99028403,7.67623004,-0.31082898,0.03873568,7.61740274,-0.56380725,0.01772824,7.31479558,-0.16765061,0.05284385,7.21157645,-0.42921302,0.02453458,-0.34449926,2.50191855,0.67912955,0.11279404,-6.42440386,-1.63129792,0.83915120,2.81799650,-0.72340101,-1.44558806,-4.40922880,-0.16367768
0.65900578,0.05477421,0.04615218,-0.42984648,-0.25927599,1.26040770,-0.03437379,0.72811437,-1.46548176,-0.12720139,0.69948518,-1.76425302,0.05498209,0.92392522,-1.60607159,-0.01259042,0.77764148,-1.76278400,0.56219025,-0.01542790,0.03905753,0.32427874,0.24670792,0.09979010,-0.27539967,0.19945159,-0.16141402,-0.30591193,-0.16122497,0.13107361,-0.27685227,-0.22465459,-0.13390797,-0.29831386,7.46757688,-0.35822624,-0.01463478,-0.00565824,-0.12626267,0.99187275,7.73141040,-0.32337323,0.04887907,7.62027015,-0.56443048,0.01836681,7.34429778,-0.19096582,0.04742647,7.21655358,-0.43163151,0.02596489,-0.67532736,1.91344845,1.37249696,-0.78872365,-7.63884163,-1.34044635,0.91415465,2.46565437,-0.44531819,-1.83362746,-4.59771013,0.89956993
0.64424317,0.03693154,0.05555892,-0.27427554,-0.43123193,1.23854131,-0.04737610,0.76162043,-1.43502057,-0.13169368,0.55390140,-1.75817170,0.06978354,0.97810652,-1.61424434,-0.05791844,0.68587035,-1.72874558,0.56219025,-0.01542790,0.03905753,0.32567383,0.28672364,0.09918177,-0.26375177,0.18680233,-0.16678646,-0.30623951,-0.13727300,0.11750820,-0.28426664,-0.23627263,-0.13064634,-0.29823854,7.48027686,-0.36040376,-0.01672828,-0.01043642,-0.11403126,0.99328149,7.78200540,-0.32866485,0.06192206,7.62449998,-0.56512924,0.01943432,7.37314958,-0.21488469,0.04140719,7.22057227,-0.43420585,0.02743529,-0.65003576,1.66862500,1.54081094,-0.21477360,-7.25922909,0.34262177,0.73704480,2.70048571,-0.39277837,-2.26750426,-4.58432398,1.72414389
0.64012262,0.04297002,0.05663019,-0.32659835,-0.49484964,1.19873947,-0.05865247,0.79181790,-1.39555213,-0.12640190,0.42621799,-1.72860270,0.08601101,1.03099210,-1.61658847,-0.10269305,0.59829859,-1.68155916,0.56219025,-0.01542790,0.03905753,0.32723967,0.31985368,0.10057783,-0.25267158,0.17374279,-0.17202478,-0.30694366,-0.11475718,0.10322419,-0.29198099,-0.24790853,-0.12730890,-0.29878780,7.49293651,-0.36209436,-0.01927008,-0.01590131,-0.10202620,0.99446793,7.82652844,-0.32834979,0.07456809,7.62825746,-0.56572963,0.02029601,7.40145196,-0.23777613,0.03525868,7.22438869,-0.43658102,0.02845187,-0.54695787,1.51017725,1.97473657,0.31322638,-6.30496368,1.52054775,0.84077121,2.67421722,-0.13821601,-2.22768159,-4.35775423,2.37968721
0.64169508,0.02790969,0.05376777,-0.37071932,-0.45731669,0.93138576,-0.06423967,0.81896826,-1.35553923,-0.10357900,0.32625013,-1.68028688,0.10997760,1.08860209,-1.62198350,-0.14068609,0.51697395,-1.62787800,0.56219025,-0.01542790,0.03905753,0.32885337,0.34479913,0.10549262,-0.24479453,0.16103247,-0.17582385,-0.30772098,-0.09404408,0.09002649,-0.29870390,-0.26031861,-0.12220341,-0.29851033,7.50562285,-0.36385543,-0.02229117,-0.02108847,-0.09254698,0.99523537,7.86392373,-0.32341270,0.08405885,7.63166408,-0.56623896,0.02113240,7.42969197,-0.25810307,0.03014948,7.22730264,-0.43622468,0.03034304,-0.25618965,1.32643950,2.00345988,1.21918077,-4.87965069,2.51906328,1.21692581,2.86786628,-0.25824163,-1.85393386,-4.04542809,2.70827270
0.62434900,0.03204178,0.04857282,-0.43204757,-0.33601250,0.64305610,-0.06519271,0.84219054,-1.31859617,-0.08032673,0.24937134,-1.62638888,0.13630758,1.14015868,-1.62435472,-0.16874590,0.44647786,-1.57882347,0.56219025,-0.01542790,0.03905753,0.33049514,0.36347589,0.10961581,-0.24029288,0.14916439,-0.17863704,-0.30833189,-0.07608127,0.07907332,-0.30319200,-0.27197786,-0.11703723,-0.29780878,7.51801433,-0.36533503,-0.02605056,-0.02511084,-0.08581007,0.99565428,7.89482564,-0.31903616,0.09020226,7.63467635,-0.56670827,0.02216325,7.45646619,-0.27449024,0.02730314,7.23011178,-0.43448556,0.03268635,-0.02448079,1.15291140,1.81363955,1.08887141,-3.73179035,2.64744878,1.32153640,2.52992797,-0.09983253,-1.34937596,-3.43732262,2.38224502
0.59696257,0.05341643,0.02055179,-0.53010262,-0.36616231,0.44215962,-0.06627358,0.85607576,-1.27326894,-0.06662951,0.19531050,-1.56275785,0.16333243,1.18888974,-1.62307096,-0.18668136,0.40102571,-1.54380190,0.56219025,-0.01542790,0.03905753,0.33167899,0.37666751,0.11021316,-0.24110441,0.13866266,-0.18220333,-0.30931841,-0.06352212,0.07055834,-0.30640057,-0.28323918,-0.11235797,-0.29710191,7.52999248,-0.36625183,-0.03076086,-0.02923248,-0.08111477,0.99580100,7.91944493,-0.31775296,0.09057458,7.63770188,-0.56830150,0.02236058,7.47858371,-0.28643531,0.02527842,7.23242034,-0.43182293,0.03457707,-0.06690770,0.60499185,2.36695981,0.62618130,-2.53093672,3.30260730,1.35567236,2.43224835,0.09137391,-0.82233661,-2.06590891,1.64598930
0.57875107,0.06851641,-0.02291699,-0.63463898,-0.26704019,0.27532520,-0.05273902,0.87864939,-1.24172633,-0.00476544,0.16526713,-1.47003572,0.19047200,1.23443420,-1.61677423,-0.18899373,0.38385234,-1.52003562,0.56219025,-0.01542790,0.03905753,0.33193886,0.38231156,0.12225936,-0.24917206,0.12719638,-0.18167750,-0.30965515,-0.05825806,0.06563803,-0.31008837,-0.29486965,-0.10856788,-0.29587214,7.54166326,-0.36671862,-0.03678430,-0.03250424,-0.07820582,0.99572800,7.93822545,-0.30468714,0.08276680,7.63941745,-0.56579084,0.02228371,7.49418859,-0.29290461,0.02185049,7.23360833,-0.42866423,0.03606673,0.66729445,1.11700262,1.58875597,3.07959003,-1.46146429,4.62823496,1.34427960,2.26694279,0.32227278,-0.10116415,-0.80966950,1.16126480
0.54745371,0.08280586,-0.02620274,-0.57457397,-0.16501768,0.26298527,-0.04709922,0.89575692,-1.20786407,0.04044574,0.16006055,-1.39052584,0.21049697,1.27513068,-1.60880303,-0.18556317,0.40676174,-1.52356880,0.56219025,-0.01542790,0.03905753,0.33215667,0.38097469,0.13084467,-0.26044567,0.11628107,-0.18347300,-0.30944597,-0.06269126,0.06281867,-0.31324460,-0.30601276,-0.10664864,-0.29382570,7.55276975,-0.36680060,-0.04237121,-0.03480808,-0.07568082,0.99562317,7.94892682,-0.29385118,0.07171100,7.64058112,-0.56547821,0.02271070,7.50007867,-0.29538611,0.01891207,7.23433236,-0.42692856,0.03833097,0.25021160,0.85910863,1.65818155,2.16209788,-0.21548169,3.88272705,0.99359512,2.03774357,0.37812280,0.15668659,1.30130184,-0.31440778
0.55906960,0.07669575,-0.08562878,-0.33044585,0.10939811,0.45510205,-0.04756926,0.91757305,-1.19222801,0.06025287,0.16972591,-1.33866229,0.22346752,1.31477044,-1.60544820,-0.18210125,0.45793786,-1.55560174,0.56219025,-0.01542790,0.03905753,0.33129784,0.37491691,0.13403485,-0.27224540,0.10545189,-0.18575418,-0.30755532,-0.07458131,0.06186673,-0.31360725,-0.31753835,-0.10578441,-0.28924208,7.56405934,-0.36689825,-0.04582037,-0.03449086,-0.07096852,0.99582847,7.95393304,-0.28611129,0.05905244,7.64275264,-0.56547338,0.02374253,7.49877090,-0.29529321,0.01769059,7.23492545,-0.42765866,0.04205576,-0.02104394,1.13042798,0.66940350,0.93323781,0.54229273,2.50224771,0.59328993,1.96558135,0.16245174,0.20309202,2.52980924,-1.61114633
0.59498568,0.05980780,-0.12679050,-0.14381123,0.35758607,0.72206439,-0.04689767,0.94163179,-1.18956339,0.06137267,0.19759376,-1.30121818,0.23270020,1.34836442,-1.60801625,-0.17485622,0.49893265,-1.57881145,0.56219025,-0.01542790,0.03905753,0.32953729,0.36238023,0.13278699,-0.28730550,0.09475901,-0.18643935,-0.30555509,-0.08606703,0.06300087,-0.31330696,-0.32772111,-0.10508636,-0.28286464,7.57607373,-0.36745718,-0.04738470,-0.03156771,-0.06401818,0.99632316,7.95219888,-0.28096040,0.04223179,7.64681014,-0.56426994,0.02398220,7.49854735,-0.29420211,0.01623033,7.23779544,-0.43079806,0.04667265,0.04253755,1.18574154,0.11591577,-0.07376468,1.51639230,1.81894102,0.47949278,1.63564813,-0.18234158,0.37008670,1.97692237,-1.06275408
0.63623356,0.05251567,-0.11869219,0.08254125,0.76612869,0.92090946,-0.05627849,0.95880806,-1.18772149,0.05421545,0.23344377,-1.28219593,0.23573521,1.37166882,-1.62370634,-0.16707210,0.53704655,-1.59967673,0.56219025,-0.01542790,0.03905753,0.32776025,0.34588928,0.13009131,-0.30247249,0.08420101,-0.18929207,-0.30376144,-0.09931667,0.06536693,-0.31171150,-0.33452514,-0.10508074,-0.27410069,7.58881606,-0.36800453,-0.04706535,-0.02495632,-0.05473612,0.99707873,7.94663610,-0.27565753,0.02528776,7.65228643,-0.56521714,0.02399881,7.49706115,-0.29238924,0.01604875,7.24497022,-0.43670002,0.05365956,-0.57404387,0.79858655,0.09252547,-0.37575355,1.81082177,0.79352611,0.08084445,1.08434916,-0.88875526,0.39067891,1.91329467,-1.06868505
0.73089301,0.05872431,-0.09863938,0.14063770,0.92369951,1.06415759,-0.06188877,0.98128982,-1.19638674,0.00783723,0.30242549,-1.39558876,0.22656575,1.37149792,-1.64313052,-0.15987907,0.56893972,-1.61125534,0.56219025,-0.01542790,0.03905753,0.32622576,0.33028759,0.11663326,-0.30041465,0.07286312,-0.19025407,-0.30156005,-0.11299903,0.06776296,-0.31003956,-0.33554568,-0.10734120,-0.26622021,7.60349292,-0.36829390,-0.04592075,-0.01622161,-0.04371975,0.99785607,7.94257134,-0.28043590,0.02581111,7.65975980,-0.56409912,0.02466572,7.49672612,-0.29108346,0.01618620,7.25997323,-0.44644287,0.06000555,-0.28684078,1.14980142,-0.45428177,-2.27706010,3.39938297,-5.58230023,-0.47623065,-0.06102417,-0.95604657,0.35284725,1.59041822,-0.57546181
0.78454957,0.06418094,-0.08257418,0.28810130,0.97692812,1.08337559,-0.07278157,1.01393018,-1.21623890,-0.02134242,0.35058306,-1.46739399,0.20962853,1.34005632,-1.65810115,-0.15820684,0.59965550,-1.62042539,0.56219025,-0.01542790,0.03905753,0.32470775,0.31666386,0.10970974,-0.30079181,0.06026987,-0.19154749,-0.29705313,-0.12700935,0.06939589,-0.30782466,-0.32988493,-0.11021425,-0.26224187,7.61922797,-0.36816869,-0.04342629,-0.00675579,-0.03251816,0.99850442,7.94229631,-0.27906718,0.02391594,7.66704473,-0.56319807,0.02765463,7.49694833,-0.29074225,0.01688310,7.28293351,-0.45692276,0.06246588,-0.56583162,1.60503447,-0.99938103,-1.49625208,2.44815292,-3.61108994,-0.83574998,-1.62239020,-0.77980753,0.06242483,1.54521549,-0.45175979
0.80062028,0.03816800,-0.06051879,0.38088992,0.80502747,0.98250980,-0.08773343,1.03862603,-1.24378734,-0.05665601,0.40828992,-1.53862145,0.18846016,1.29403098,-1.68437436,-0.15986187,0.63276612,-1.62751565,0.56219025,-0.01542790,0.03905753,0.32342322,0.30141747,0.10205698,-0.30034515,0.05315214,-0.19325733,-0.29258966,-0.14086347,0.07082626,-0.30581260,-0.31733196,-0.11354792,-0.26012550,7.63524341,-0.36819097,-0.03979722,0.00109694,-0.02215364,0.99896156,7.94089040,-0.27960185,0.02307808,7.67977256,-0.56361538,0.03083356,7.49765958,-0.29118730,0.01761063,7.31318797,-0.46755395,0.06329772,-0.74580007,1.20931430,-1.44083827,-1.75247922,2.90028639,-3.51393819,-1.12295177,-2.34648356,-1.36413424,-0.07365060,1.66062558,-0.34720084
0.81526720,0.01502572,-0.04745464,0.34630207,0.57695502,0.73921071,-0.09968738,1.05027630,-1.29049902,-0.08074300,0.47032074,-1.59692457,0.16725537,1.24933364,-1.72454364,-0.15902287,0.66976317,-1.63533211,0.56219025,-0.01542790,0.03905753,0.32223688,0.28541719,0.09762094,-0.29972342,0.05559255,-0.19421000,-0.28906614,-0.15436376,0.07301304,-0.30382139,-0.30136064,-0.11729400,-0.25724591,7.65149726,-0.36841646,-0.03643499,0.00692447,-0.01426223,0.99921025,7.93962621,-0.27911624,0.02251346,7.70143260,-0.56415740,0.03317073,7.49931649,-0.29095622,0.01841548,7.34686088,-0.47691896,0.06499096,-0.56951153,0.47753618,-2.46379974,-1.10528383,3.12983694,-2.83334661,-0.99607043,-2.17637010,-2.09695098,0.05778944,1.88362229,-0.40539691
0.79499314,0.00294101,-0.02234991,0.37481677,0.33187545,0.46870084,-0.08759297,1.03194594,-1.35906386,-0.09608355,0.53245550,-1.63875282,0.14297938,1.20196831,-1.76321459,-0.15700829,0.71093738,-1.64277744,0.56219025,-0.01542790,0.03905753,0.32139951,0.26968946,0.09566992,-0.29927213,0.07313222,-0.18832041,-0.29123285,-0.16757322,0.07578132,-0.30212590,-0.28393578,-0.12181147,-0.25494143,7.66745986,-0.36868480,-0.03283569,0.01044141,-0.00903263,0.99936540,7.93889512,-0.27808657,0.02212738,7.73704948,-0.55834287,0.03016666,7.50133647,-0.28977591,0.01927361,7.38129081,-0.48515296,0.06645808,0.83111149,-1.16383541,-3.58266568,-0.72909588,3.09362936,-1.96756828,-1.27659547,-2.42419457,-1.87432039,0.10456502,2.08359718,-0.36126849
0.75514527,-0.00683678,0.01113842,0.32294742,0.11378397,0.30176073,-0.07098814,1.01606593,-1.43389299,-0.10614035,0.58979081,-1.66086814,0.11967175,1.13262830,-1.78682144,-0.15195348,0.75180959,-1.64610763,0.56219025,-0.01542790,0.03905753,0.32127409,0.25512509,0.09459757,-0.29962678,0.09209846,-0.18102144,-0.29109842,-0.17969399,0.07915153,-0.30126442,-0.26255564,-0.12614303,-0.25585307,7.68258847,-0.36898625,-0.02966661,0.01157936,-0.00589934,0.99947537,7.93887452,-0.27758071,0.02164731,7.77242011,-0.55114323,0.03017567,7.50389651,-0.28759781,0.02000967,7.41847867,-0.49184203,0.06542102,0.84165683,-0.79139322,-3.77803202,-0.49876639,2.86340809,-1.09021987,-1.16218791,-3.49873619,-1.16020049,0.24621874,2.05165672,-0.16696785
0.70344051,-0.02665289,0.03532996,0.36917820,-0.10245571,0.18239535,-0.04522710,0.99464316,-1.53160398,-0.11368026,0.64315668,-1.67120068,0.09769784,1.04396238,-1.79225781,-0.15052013,0.79688596,-1.64774380,0.56219025,-0.01542790,0.03905753,0.32166680,0.24181453,0.09433792,-0.29988076,0.11755634,-0.17055545,-0.28809198,-0.19194273,0.08175734,-0.30103646,-0.23802989,-0.12985490,-0.25972663,7.69672631,-0.36959343,-0.02601666,0.01058201,-0.00402613,0.99959739,7.93934335,-0.27733897,0.02178604,7.81281127,-0.54115373,0.03357483,7.50549392,-0.28618811,0.02063034,7.45758828,-0.49739611,0.06194017,1.32253675,-1.13960258,-4.93148756,-0.37219456,2.64538383,-0.47653051,-1.10132790,-4.46787624,-0.19082304,0.06806176,2.25562763,-0.06257486
0.64906980,-0.03181328,0.04481948,0.38451369,-0.20828055,0.16542138,-0.00132880,0.94463760,-1.64096079,-0.11985567,0.69010278,-1.67115741,0.07977613,0.94454927,-1.77853127,-0.14968030,0.84200010,-1.64892061,0.56219025,-0.01542790,0.03905753,0.32239445,0.22973673,0.09444004,-0.30050445,0.15232287,-0.15507944,-0.28353925,-0.20361234,0.08438796,-0.30078902,-0.21270980,-0.13241053,-0.26531023,7.70980691,-0.37026307,-0.02217389,0.00855686,-0.00240493,0.99971462,7.94003057,-0.27701634,0.02189000,7.86132306,-0.52613078,0.03885520,7.50663518,-0.28481976,0.02160543,7.49641294,-0.50156813,0.05708422,2.30731773,-2.64917760,-5.49242115,-0.30472708,2.32892623,0.02572918,-0.85029860,-5.00896549,0.71596524,0.04326796,2.25246692,-0.09271430
0.61917918,-0.03542911,0.03223156,0.31951061,-0.34174283,0.08750494,0.05465505,0.84940866,-1.73052707,-0.12422138,0.73492345,-1.66502919,0.06964209,0.84081111,-1.75731716,-0.15063204,0.89114668,-1.65096309,0.56219025,-0.01542790,0.03905753,0.32294555,0.21816957,0.09469702,-0.30105210,0.19465338,-0.13735303,-0.27761425,-0.21553062,0.08628583,-0.30055118,-0.18593299,-0.13326399,-0.27072558,7.72223615,-0.37097064,-0.01888006,0.00529124,-0.00142544,0.99980674,7.94069356,-0.27693954,0.02189346,7.91646966,-0.50891677,0.04533131,7.50696973,-0.28402778,0.02239438,7.53589753,-0.50366685,0.05221997,2.80764503,-5.06478071,-4.25582714,-0.20423187,2.23815751,0.34369466,-0.47461176,-5.19184780,1.10594262,-0.06677913,2.50089364,-0.07690715
0.59969551,-0.00626544,0.06174491,0.27883024,-0.43148256,-0.00270728,0.11321698,0.70930052,-1.76702702,-0.12843581,0.77371156,-1.65434790,0.07103462,0.73415673,-1.72660744,-0.15512024,0.94078833,-1.65221155,0.56219025,-0.01542790,0.03905753,0.32404363,0.20816890,0.09471820,-0.30147052,0.23966744,-0.12009251,-0.27206206,-0.22707961,0.08692305,-0.30059493,-0.15833096,-0.13121479,-0.27624568,7.73428716,-0.37119409,-0.01604503,0.00108695,-0.00140226,0.99986970,7.94272412,-0.27706727,0.02257311,7.97361268,-0.49196655,0.05198157,7.50745524,-0.28362671,0.02344871,7.57558431,-0.50195885,0.04779796,2.94965100,-7.30253172,-1.40557754,-0.21623521,1.88051808,0.56095362,0.16884683,-5.35941076,1.60782325,-0.25017858,2.46525025,-0.06709099
0.61482996,0.00586302,0.04349792,0.25296813,-0.52283696,0.16658801,0.15310216,0.55474897,-1.75969474,-0.13112750,0.81684134,-1.63221893,0.08514974,0.62676035,-1.68494914,-0.15979042,0.99475765,-1.65274980,0.56219025,-0.01542790,0.03905753,0.32500804,0.19568420,0.09482488,-0.30285819,0.28229273,-0.10892293,-0.26331234,-0.23928531,0.08747083,-0.30055909,-0.13034796,-0.12573165,-0.28174943,7.74657439,-0.37105123,-0.01352197,-0.00414167,0.00019859,0.99989998,7.94221028,-0.27612673,0.02214985,8.02892255,-0.47983042,0.06169570,7.50724458,-0.28370225,0.02444895,7.61629046,-0.49684924,0.04325861,1.95868120,-7.71442804,0.43303156,-0.13753866,2.14664552,1.10821435,0.71126717,-5.34289484,2.07684515,-0.23758201,2.70018816,-0.02414989
0.62825770,0.00586643,0.04380973,0.30101438,-0.60598325,0.14385650,0.16897094,0.42152635,-1.71079996,-0.13545344,0.85464380,-1.60711060,0.10203666,0.53309833,-1.64128029,-0.16817423,1.05046878,-1.65193799,0.56219025,-0.01542790,0.03905753,0.32612510,0.18448138,0.09477331,-0.30385652,0.31620647,-0.10361386,-0.25724453,-0.25161538,0.08732293,-0.30056716,-0.10518136,-0.11915271,-0.28631626,7.75908374,-0.37086307,-0.01054428,-0.01017452,0.00151679,0.99989149,7.94325627,-0.27549098,0.02226858,8.07562512,-0.47344919,0.06888058,7.50718602,-0.28435797,0.02555795,7.65429000,-0.49035684,0.03980884,0.73116302,-6.51358652,2.52827587,-0.21787010,1.88606632,1.27637947,0.84450840,-4.68037500,2.23389800,-0.43596174,2.79436302,0.04027748
0.64635995,0.02986116,0.03239147,0.31084775,-0.59400809,0.30490968,0.16926135,0.33853291,-1.63472350,-0.14289222,0.89150965,-1.57904217,0.11936181,0.44846555,-1.59221590,-0.17872943,1.10717704,-1.65000601,0.56219025,-0.01542790,0.03905753,0.32721163,0.17280592,0.09391222,-0.30493118,0.33626316,-0.10107286,-0.25873549,-0.26428689,0.08679415,-0.30018288,-0.08248498,-0.11223228,-0.29057425,7.77197179,-0.37025166,-0.00736606,-0.01623164,0.00423963,0.99983214,7.94395207,-0.27483587,0.02228045,8.10910367,-0.46838794,0.06847614,7.50693797,-0.28576579,0.02702875,7.69046878,-0.48319906,0.03663739,-0.01671088,-3.94246831,3.90856638,-0.39992076,1.84203947,1.39109647,0.87031500,-4.14679780,2.40626326,-0.51593180,2.82777047,0.10842704
0.66392777,0.04842886,0.01115569,0.33286567,-0.46798150,0.43249704,0.17862481,0.28526806,-1.58140881,-0.15273629,0.92750485,-1.55296781,0.13437168,0.38605841,-1.55055053,-0.18609434,1.15834029,-1.64061832,0.56219025,-0.01542790,0.03905753,0.32801354,0.16069086,0.09253335,-0.30573779,0.34972419,-0.09621372,-0.25960116,-0.27736415,0.08720455,-0.29969187,-0.06561165,-0.10587574,-0.29384549,7.78515729,-0.36906339,-0.00404805,-0.02110582,0.00841301,0.99973365,7.94425115,-0.27381047,0.02227575,8.13646726,-0.45931525,0.06841238,7.50635013,-0.28658873,0.02832167,7.72135581,-0.47603971,0.03416805,0.59013493,-2.57315993,2.33337297,-0.48827485,1.79230630,1.29610193,0.72328291,-2.98294101,2.05623436,-0.34817037,2.51035428,0.53211302
0.66635807,0.04810037,0.00304880,0.46087140,-0.35034318,0.55607034,0.21899332,0.23653743,-1.58558178,-0.16379835,0.95750839,-1.52227414,0.14028551,0.35149679,-1.51494694,-0.19228402,1.20121145,-1.62000263,0.56219025,-0.01542790,0.03905753,0.32873788,0.14864447,0.09145786,-0.30702195,0.36417155,-0.08449937,-0.25084767,-0.29088658,0.08840999,-0.29957126,-0.05643585,-0.10123786,-0.29811247,7.79844131,-0.36775762,0.00044589,-0.02482517,0.01367139,0.99959822,7.94452943,-0.27226952,0.02171594,8.16478719,-0.44226772,0.07789022,7.50524606,-0.28733450,0.02916662,7.74479474,-0.47050077,0.03062542,2.26749468,-2.43623066,-0.61734432,-0.56724697,1.44398677,1.58468473,0.21833627,-1.51833403,1.73307884,-0.30776915,2.08454132,1.11170053
0.67902743,0.04730179,-0.00136125,0.38826019,-0.24697713,0.67059406,0.19187575,0.22972158,-1.53307524,-0.17457688,0.98731046,-1.49504519,0.14199434,0.35312769,-1.48693092,-0.19583284,1.24059815,-1.59879963,0.56219025,-0.01542790,0.03905753,0.32948037,0.13631272,0.09029335,-0.30769697,0.36504508,-0.08783476,-0.25806147,-0.30427418,0.09011508,-0.29843647,-0.05743035,-0.09764015,-0.30497483,7.81195411,-0.36625065,0.00447388,-0.02740728,0.02026236,0.99940896,7.94451570,-0.27053506,0.02178341,8.18024358,-0.43929667,0.07141891,7.50429420,-0.28847610,0.03104391,7.75850696,-0.46612680,0.02450554,-1.39818664,-0.30650067,2.60454350,-0.53667998,1.48382509,1.35986412,0.08632814,0.10915481,1.41385877,-0.17407160,1.95301149,1.06425045
0.67943732,0.02407850,-0.02680709,0.30874413,-0.04938843,0.71782421,0.15563422,0.24354509,-1.49676723,-0.18370454,1.01435533,-1.46936154,0.13962159,0.37810946,-1.46610072,-0.19660771,1.27058916,-1.57655566,0.56219025,-0.01542790,0.03905753,0.32973613,0.12371426,0.08933629,-0.30839344,0.35992854,-0.09447954,-0.26620628,-0.31649439,0.09210693,-0.29661924,-0.06585308,-0.09543634,-0.31279385,7.82549323,-0.36503946,0.00784145,-0.02799408,0.02732290,0.99920383,7.94417886,-0.26912328,0.02134268,8.19001721,-0.43985391,0.06352984,7.50446815,-0.29023783,0.03311688,7.76491450,-0.46390775,0.01694228,-1.69177520,0.72610974,1.75733180,-0.45110783,1.35606325,1.27664554,-0.16388512,1.34454874,0.90436214,-0.02785116,1.48721111,1.10210459
0.70025153,0.03937139,-0.07408767,0.24460367,-0.05045610,0.76076455,0.13505003,0.27154669,-1.45757980,-0.19272493,1.04433234,-1.44532938,0.13184546,0.44010509,-1.49554393,-0.19736940,1.30454249,-1.56661975,0.56219025,-0.01542790,0.03905753,0.32919906,0.11028133,0.08810951,-0.30831532,0.35011216,-0.09722994,-0.27756142,-0.32739287,0.09398894,-0.29295452,-0.08082681,-0.09625516,-0.31459009,7.83941554,-0.36332502,0.01045012,-0.02839944,0.03482842,0.99893506,7.94334458,-0.26780533,0.02088374,8.19540967,-0.43612863,0.05163764,7.50631036,-0.29218469,0.03624454,7.76543349,-0.46493549,0.01460897,-1.11323881,1.47199230,2.10430222,-0.46049717,1.52053201,1.20016611,-0.35234516,3.27899961,-1.70059904,-0.05973726,1.76196809,0.39390278
0.71721390,0.06890265,-0.13704998,0.20190039,-0.00586685,0.73580055,0.09271366,0.30886784,-1.38449593,-0.20413216,1.07851408,-1.42719502,0.12064489,0.49665166,-1.52893441,-0.19978784,1.35003643,-1.58191288,0.56219025,-0.01542790,0.03905753,0.32745005,0.09649520,0.08625288,-0.30692576,0.33367552,-0.10633150,-0.29517399,-0.33619909,0.09585892,-0.28573145,-0.09389981,-0.09853904,-0.31417556,7.85370273,-0.36077416,0.01276528,-0.02859605,0.04218192,0.99861905,7.94264382,-0.26675095,0.02052429,8.19510411,-0.43881794,0.03227606,7.51066274,-0.29337736,0.04171860,7.76837577,-0.46682333,0.01327449,-2.25031044,1.88734055,3.84822745,-0.58475209,1.72945249,0.84918158,-0.63073409,2.59361954,-1.48055778,-0.11583691,2.32580118,-0.91405392
0.70922120,0.07182544,-0.13002968,-0.03611267,0.33585594,0.62622790,0.06095479,0.35432345,-1.36866486,-0.21285321,1.10925508,-1.42149937,0.11308124,0.54700708,-1.56081593,-0.19202849,1.38719809,-1.62062824,0.56219025,-0.01542790,0.03905753,0.32559463,0.08427431,0.08432479,-0.30509748,0.31678740,-0.11525193,-0.30409263,-0.33952238,0.09939657,-0.27576266,-0.10713188,-0.10094605,-0.31195153,7.86783256,-0.35791752,0.01308438,-0.02569051,0.04856338,0.99840392,7.94358243,-0.26585892,0.02049716,8.19425763,-0.44208363,0.02150200,7.52030744,-0.29172528,0.04983197,7.77093448,-0.46872413,0.01364310,-1.41542244,2.34348345,0.12200832,-0.40199515,1.49245965,0.18916367,-0.30646068,2.57271385,-1.67346942,0.48720267,1.74920785,-2.09529161
0.73405363,0.06500976,-0.08655761,-0.23513720,0.60088258,0.48274577,0.07479006,0.40772638,-1.43112161,-0.21469846,1.12973478,-1.43751693,0.10918043,0.58927735,-1.57817264,-0.16240691,1.38330815,-1.64677219,0.56219025,-0.01542790,0.03905753,0.32447511,0.07756496,0.08341266,-0.30301056,0.30325053,-0.11248344,-0.30304006,-0.33664982,0.10629396,-0.26918553,-0.12145910,-0.10322666,-0.31005534,7.88230504,-0.35504358,0.01119780,-0.01953843,0.05338462,0.99832006,7.95056943,-0.26386262,0.02146455,8.19578942,-0.43467365,0.02143504,7.53626794,-0.28511625,0.05528958,7.77249993,-0.47058965,0.01441977,0.65246376,2.64246740,-3.04298239,-0.08972167,1.01554440,-0.83634131,-0.18685814,2.10014675,-0.85460610,1.49709404,-0.23458240,-1.30297840
0.79712273,0.08095525,-0.06971122,-0.36909357,0.61883020,0.37077382,0.07282340,0.45342863,-1.46174967,-0.21180681,1.12585852,-1.46911879,0.10915683,0.62525815,-1.58793979,-0.12684867,1.35130975,-1.67123237,0.56219025,-0.01542790,0.03905753,0.32353296,0.08099962,0.08287097,-0.30249225,0.28863681,-0.11506470,-0.30514900,-0.32725397,0.11355506,-0.26587727,-0.13498981,-0.10498744,-0.30829179,7.89795178,-0.35161025,0.00797608,-0.01304362,0.05716667,0.99824757,7.96897916,-0.26004798,0.02104072,8.19782151,-0.43303038,0.01838396,7.55988854,-0.27609097,0.05765569,7.77580651,-0.47129794,0.01524117,-0.05985331,2.34650040,-1.61239090,0.17924630,-0.39516882,-1.55861795,-0.00331888,1.80297792,-0.47860764,1.75720356,-1.68057759,-1.22726715
0.82832245,0.09950989,-0.06465512,-0.41964731,0.48665079,0.30107729,0.07320008,0.51033615,-1.50358133,-0.20287720,1.08352253,-1.48883359,0.10940911,0.66339179,-1.59723325,-0.09731529,1.30209479,-1.70277593,0.56219025,-0.01542790,0.03905753,0.32253554,0.09412286,0.08277418,-0.30654978,0.27277556,-0.11741494,-0.30476096,-0.31146985,0.11893286,-0.26483247,-0.14841068,-0.10707747,-0.30633761,7.91414060,-0.34769857,0.00411420,-0.00781471,0.06016809,0.99814919,7.99764432,-0.25422233,0.01598575,8.19904031,-0.43151342,0.01777458,7.59064426,-0.26702260,0.05770307,7.77965974,-0.47182033,0.01619793,-0.03469259,2.83465271,-2.04164298,0.43753281,-2.09868479,-0.90981952,0.01965049,1.92033422,-0.47943591,1.45783684,-2.47159743,-1.63949478
0.85701182,0.12559581,-0.05411010,-0.44532824,0.27737332,0.32810050,0.06840783,0.56876308,-1.53501272,-0.20102556,1.09110792,-1.60211246,0.11086113,0.70690905,-1.61104951,-0.07204143,1.25429511,-1.74573963,0.56219025,-0.01542790,0.03905753,0.32158183,0.11118782,0.08320221,-0.29634852,0.25667495,-0.12147394,-0.30392911,-0.29298776,0.12329183,-0.26293790,-0.16162324,-0.10915884,-0.30377674,7.93077992,-0.34310777,-0.00008738,-0.00449028,0.06342403,0.99797656,8.03053998,-0.24649892,0.02523331,8.20076798,-0.43111001,0.01765272,7.62454108,-0.25789936,0.05864393,7.78427629,-0.47184939,0.01780509,-0.23777495,2.94726324,-1.51750648,0.03074974,0.86036816,-6.67550429,0.07756152,2.21604679,-0.72127814,1.23993027,-2.36498141,-2.20006940
0.85107984,0.12312364,-0.02608823,-0.49004351,0.13034096,0.43290438,0.06433737,0.62657017,-1.55592561,-0.19051471,1.05716681,-1.73612833,0.11348119,0.75407767,-1.62151396,-0.04479247,1.20053017,-1.78361499,0.56219025,-0.01542790,0.03905753,0.32104474,0.14299650,0.08623892,-0.28380466,0.24061091,-0.12554842,-0.30313283,-0.27344716,0.12790932,-0.26149148,-0.17534145,-0.11120298,-0.30169658,7.94735612,-0.33837011,-0.00480176,-0.00270805,0.06759800,0.99769741,8.07741059,-0.23362765,0.03724009,8.20270528,-0.43030936,0.01791191,7.65915240,-0.24852157,0.05955327,7.78862037,-0.47221214,0.01934816,-0.19722416,2.87119722,-0.96749061,0.64305061,-2.35286927,-6.40238237,0.14020309,2.37485266,-0.47447202,1.39408004,-2.76040053,-1.81694257
0.80224576,0.11279933,0.00734876,-0.38519370,-0.14337621,0.53336619,0.05919478,0.68050177,-1.55739143,-0.17263725,0.91827356,-1.77410791,0.11612047,0.80373492,-1.62984529,-0.02343157,1.12598400,-1.80924511,0.56219025,-0.01542790,0.03905753,0.32123698,0.18680542,0.08945708,-0.28133879,0.22508382,-0.12950259,-0.30313817,-0.24949814,0.13131780,-0.26286586,-0.18819122,-0.11292843,-0.30048788,7.96294545,-0.33379767,-0.00873719,-0.00387322,0.07288125,0.99729483,8.13475408,-0.21812299,0.03989819,8.20447072,-0.42918735,0.01809881,7.69700145,-0.24016288,0.05837112,7.79317941,-0.47289568,0.02074910,-0.25816846,2.68109941,-0.06203986,0.88304949,-7.02472286,-1.82823229,0.13765999,2.48243499,-0.41029212,1.05254492,-3.76820154,-1.24937715
0.74387131,0.10015468,0.03189099,-0.35800846,-0.24502530,0.64200846,0.05365185,0.72630444,-1.55001876,-0.16205149,0.74369098,-1.77983415,0.12320498,0.85440881,-1.63716512,-0.01104469,1.02876039,-1.81295042,0.56219025,-0.01542790,0.03905753,0.32195638,0.23511062,0.09098009,-0.27663282,0.21128074,-0.13352359,-0.30313490,-0.22269208,0.13237786,-0.26726417,-0.20078743,-0.11328129,-0.29959020,7.97733068,-0.32943465,-0.01246381,-0.00607156,0.07924673,0.99675862,8.19509534,-0.20241917,0.04532357,8.20706815,-0.42786632,0.01882148,7.73650664,-0.23393887,0.05469222,7.79698400,-0.47304286,0.02236618,-0.27595347,2.28624687,0.40076205,0.51048888,-8.68571987,-0.31751201,0.37019857,2.54599690,-0.38724658,0.60710405,-4.88348818,-0.12666034
0.69943875,0.09855200,0.05320700,-0.23040401,-0.35978472,0.79235933,0.04453178,0.76688830,-1.53195813,-0.15400438,0.60701387,-1.78444283,0.13332243,0.90730426,-1.64770398,-0.00760582,0.92438104,-1.79960747,0.56219025,-0.01542790,0.03905753,0.32312706,0.27288885,0.09301730,-0.26665823,0.19803483,-0.13814106,-0.30350344,-0.19545330,0.13151500,-0.27279108,-0.21271412,-0.11233331,-0.29855314,7.99086904,-0.32507361,-0.01519720,-0.00943772,0.08689650,0.99605671,8.24349240,-0.18614205,0.05646883,8.20985936,-0.42677897,0.01962363,7.77557019,-0.22944622,0.05033598,7.80085839,-0.47259318,0.02457392,-0.49416069,1.98477738,0.94565389,0.41456720,-6.54161777,-0.15685842,0.50425616,2.64238262,-0.51662346,0.10694321,-5.24590826,0.72041984
0.65768432,0.08230200,0.06484664,-0.07318969,-0.45055012,0.85369204,0.03132214,0.79774882,-1.49754307,-0.14003977,0.50508769,-1.75544770,0.14388194,0.95917401,-1.65364823,-0.01608838,0.81262395,-1.77183962,0.56219025,-0.01542790,0.03905753,0.32466981,0.29899261,0.09636633,-0.26049116,0.18566147,-0.14322023,-0.30515467,-0.16679214,0.12811010,-0.27894367,-0.22419013,-0.11042674,-0.29857779,8.00348424,-0.32085319,-0.01635694,-0.01392191,0.09537117,0.99521001,8.27866811,-0.16933788,0.06417865,8.21301221,-0.42611594,0.01951514,7.81535672,-0.22683271,0.04572614,7.80441159,-0.47193383,0.02609202,-0.66322095,1.49020803,1.84167480,0.74519343,-5.04103718,1.71221924,0.53401243,2.58561993,-0.26158617,-0.47834229,-5.63468981,1.47936906
0.65654841,0.05047963,0.05222845,0.06524892,-0.48309966,0.84289842,0.01991007,0.82928491,-1.46641791,-0.12911201,0.36493018,-1.70115721,0.15422532,1.01639056,-1.66062057,-0.03247847,0.69937998,-1.72682023,0.56219025,-0.01542790,0.03905753,0.32614738,0.33332855,0.09976483,-0.25125499,0.17359195,-0.14710444,-0.30603191,-0.13851763,0.12298799,-0.28561755,-0.23651911,-0.10806192,-0.29828458,8.01605405,-0.31706595,-0.01624590,-0.01887347,0.10367800,0.99429912,8.32152738,-0.15049168,0.07489239,8.21632661,-0.42506957,0.02011546,7.85508670,-0.22539976,0.04052983,7.80701198,-0.47172713,0.02786280,-0.55125833,1.60996902,1.46289814,0.49253848,-7.41782379,2.83624625,0.51198900,2.91822886,-0.37671086,-0.87147266,-5.65364933,2.37799621
0.68415342,0.00781167,0.03613146,0.09250350,-0.36827966,0.56884816,0.01370104,0.86300173,-1.43965745,-0.09801370,0.27364753,-1.62906153,0.16435527,1.07329116,-1.66252103,-0.05335608,0.59096229,-1.66544447,0.56219025,-0.01542790,0.03905753,0.32743601,0.35459254,0.10768782,-0.24811650,0.16065010,-0.14901662,-0.30668362,-0.11258938,0.11678681,-0.29221479,-0.24997754,-0.10552125,-0.29766404,8.02932118,-0.31392478,-0.01557336,-0.02275128,0.10928564,0.99362795,8.35189485,-0.13150008,0.07931951,8.21860189,-0.42432055,0.02075239,7.89397306,-0.22450212,0.03522122,7.80837211,-0.47142084,0.02977197,-0.30312869,1.68879735,1.32613554,1.55309584,-4.49528890,3.64174299,0.51247730,2.84201837,-0.08641720,-1.04045647,-5.40925055,3.08218551
0.70345293,0.01314642,0.02222112,-0.03632502,-0.29705323,0.42662761,0.01244878,0.89666700,-1.41735601,-0.06922954,0.22009450,-1.54134748,0.17829507,1.12804337,-1.65823822,-0.07074560,0.49393845,-1.59936519,0.56219025,-0.01542790,0.03905753,0.32856627,0.36575262,0.11364122,-0.25379204,0.14767737,-0.15000471,-0.30673502,-0.08991814,0.11075258,-0.29802553,-0.26434468,-0.10255127,-0.29673823,8.04289273,-0.31047593,-0.01606245,-0.02575013,0.11359608,0.99306337,8.37336053,-0.11687754,0.07477423,8.22073125,-0.42309689,0.02183125,7.93020810,-0.22299120,0.03054074,7.80867862,-0.47028401,0.03182805,-0.04965773,1.66796625,1.12991805,1.42516253,-2.64457202,4.35709047,0.70518863,2.73118234,0.23294447,-0.85171365,-4.79542112,3.28401065
0.71215454,0.02466113,-0.00880707,-0.18941605,-0.28325900,0.25151594,0.01553674,0.92759480,-1.39369028,-0.06987867,0.18524112,-1.48699112,0.19468355,1.18031061,-1.64969184,-0.08221079,0.42240070,-1.54777229,0.56219025,-0.01542790,0.03905753,0.32916276,0.37347744,0.11149154,-0.25781807,0.13486109,-0.15053555,-0.30668288,-0.07282710,0.10561647,-0.30183266,-0.27898134,-0.09982274,-0.29529274,8.05665254,-0.30674736,-0.01809544,-0.02840146,0.11621934,0.99265250,8.39405889,-0.11162505,0.07134469,8.22276715,-0.42187511,0.02247988,7.96130284,-0.22091578,0.02733010,7.80845431,-0.46858928,0.03387002,0.17188961,1.54961002,1.16723723,-0.29869843,-1.62183084,2.44146531,0.82751399,2.60136771,0.43234631,-0.54954070,-3.43356819,2.47468748
0.69735817,0.06055833,-0.01165775,-0.30383710,-0.24811453,0.21397231,0.01929061,0.95292144,-1.36576240,-0.05836617,0.17251917,-1.41331425,0.21112374,1.22451580,-1.63324192,-0.08619963,0.38341302,-1.50729692,0.56219025,-0.01542790,0.03905753,0.32962475,0.37385059,0.11142398,-0.26936661,0.12252185,-0.15151486,-0.30678869,-0.06402826,0.10189779,-0.30617554,-0.29316746,-0.09762086,-0.29408346,8.06997575,-0.30236843,-0.02122520,-0.03061844,0.11836010,0.99227158,8.40685720,-0.10566952,0.06025814,8.22486219,-0.42059934,0.02283606,7.98366002,-0.21850919,0.02344922,7.80822219,-0.46656973,0.03554129,0.17686099,1.20709989,1.45506468,0.96348319,-0.53562138,4.15340097,0.81443661,2.14163299,0.89650440,-0.14839705,-1.76720190,2.01755047
0.67875776,0.07129076,-0.01892007,-0.41184606,-0.18256029,0.18042372,0.02481302,0.97435510,-1.33820379,-0.01730579,0.18671943,-1.34370351,0.22485889,1.26348376,-1.61413169,-0.07840673,0.37750280,-1.47790170,0.56219025,-0.01542790,0.03905753,0.32997951,0.36580456,0.11942892,-0.28341267,0.11082273,-0.15247688,-0.30677086,-0.06420648,0.10094913,-0.31171267,-0.30694607,-0.09669950,-0.29210949,8.08287324,-0.29774711,-0.02533300,-0.03209346,0.12029112,0.99189631,8.40918531,-0.09379447,0.04656684,8.22713365,-0.41907233,0.02320865,7.99625959,-0.21521667,0.01826684,7.80821981,-0.46547359,0.03787002,0.29922208,1.06236935,1.34490240,2.15456867,0.92899734,3.20509648,0.66349351,1.93033922,0.94511026,0.48193973,-0.05582749,1.36206853
0.64632190,0.07576554,-0.06612880,-0.26768606,-0.23226845,0.32601608,0.02288606,0.99541612,-1.30587833,-0.01538982,0.23248621,-1.31116674,0.23147032,1.30630224,-1.60266941,-0.08647112,0.44048658,-1.51967444,0.56219025,-0.01542790,0.03905753,0.32938386,0.35071354,0.11697902,-0.29670887,0.09856646,-0.15510850,-0.30601583,-0.07755605,0.09669292,-0.31249508,-0.31980661,-0.09749704,-0.28861684,8.09510411,-0.29315304,-0.02822007,-0.03419465,0.12347284,0.99135706,8.40601605,-0.09310844,0.03267499,8.22895421,-0.41908216,0.02336803,7.99605264,-0.21863279,0.01688878,7.80932397,-0.46668012,0.04076702,-0.09821971,1.06356809,1.58051909,0.07764134,2.31061273,1.58223286,0.31632630,2.14071035,0.55923409,-0.39578459,3.15697274,-2.11145911
0.66330857,0.06268802,-0.10427599,-0.14967527,-0.01509254,0.59884376,0.02040025,1.02178650,-1.29359276,-0.03538212,0.29480363,-1.33262384,0.23331564,1.34615057,-1.59974191,-0.08965978,0.49845454,-1.56041646,0.56219025,-0.01542790,0.03905753,0.32801766,0.33408191,0.10932953,-0.30344535,0.08750052,-0.15672807,-0.30354684,-0.09045061,0.09514667,-0.31138850,-0.33097849,-0.09877071,-0.28338074,8.10767812,-0.28861383,-0.02951812,-0.03452522,0.12930988,0.99056330,8.40210446,-0.09658051,0.02457231,8.23274488,-0.41737071,0.02447082,7.99569253,-0.22010522,0.01662915,7.81351804,-0.46964493,0.04463691,-0.12052045,1.31902587,0.59264798,-1.12791298,3.17000604,-1.38976622,0.11582904,1.96378179,0.13042688,-0.14785086,2.80932050,-1.91268380
0.71579662,0.03892191,-0.10308058,-0.12749240,0.25699971,0.82299876,0.01690184,1.04922893,-1.29056394,-0.06546375,0.35295445,-1.39245977,0.23884684,1.38265436,-1.61193066,-0.08849270,0.54693320,-1.58726065,0.56219025,-0.01542790,0.03905753,0.32671332,0.32074482,0.09978198,-0.30364590,0.07641742,-0.15803598,-0.30056811,-0.10337816,0.09527593,-0.31041707,-0.33942216,-0.09870708,-0.27587604,8.12127141,-0.28406654,-0.03024501,-0.03220084,0.13741470,0.98952794,8.40233964,-0.10012542,0.02306742,8.23810987,-0.41507710,0.02614521,7.99572286,-0.22080433,0.01629624,7.82194747,-0.47209758,0.05083728,-0.19258648,1.38182819,0.10213422,-1.34837813,2.75760474,-2.74176257,0.26629291,1.84901321,-0.72870390,0.07874777,2.50719433,-1.45206490
0.76175324,0.02202953,-0.08184352,0.12050033,0.50869395,0.95705874,0.00500651,1.07537363,-1.29239771,-0.08568047,0.40565268,-1.43688283,0.23187740,1.40732286,-1.64147620,-0.08559457,0.59433169,-1.60805004,0.56219025,-0.01542790,0.03905753,0.32569857,0.30670529,0.09513794,-0.30493109,0.06586572,-0.16014872,-0.29725963,-0.11755182,0.09756113,-0.30892067,-0.34197053,-0.10028388,-0.26767065,8.13572148,-0.27930357,-0.02845162,-0.02789189,0.14688337,0.98835106,8.40123223,-0.09868407,0.02076748,8.24551534,-0.41321106,0.02843894,7.99478940,-0.22035654,0.01677790,7.83798904,-0.47515067,0.05802792,-0.66106972,1.28455055,-0.09100770,-1.06789050,2.73032203,-2.31705787,-0.46321137,1.09124844,-1.53157842,0.14182278,2.27586145,-0.86906569
0.82809862,0.02004647,-0.13056785,0.24394683,0.49667600,0.96608192,-0.01199493,1.10123408,-1.29966569,-0.11727159,0.47572809,-1.49996674,0.21617542,1.41227782,-1.67302835,-0.08162429,0.64594895,-1.62891901,0.56219025,-0.01542790,0.03905753,0.32389924,0.28973916,0.08843415,-0.30378492,0.05678423,-0.16275379,-0.29326415,-0.13265403,0.10116778,-0.30663123,-0.33896903,-0.10278091,-0.26213376,8.15128888,-0.27399239,-0.02513646,-0.02350254,0.15651580,0.98707578,8.39926709,-0.09999186,0.02011432,8.25578679,-0.41108152,0.03063509,7.99378480,-0.21899715,0.01726801,7.86096562,-0.47691190,0.06176548,-0.86798179,1.30152214,-0.41808125,-1.66477287,3.62983680,-3.29285121,-0.81505442,0.12170076,-1.57052267,0.21077736,2.67008162,-1.12944603
0.82489430,-0.02960642,-0.07023561,0.20081313,0.59364196,0.83819494,-0.02574330,1.11195006,-1.34058080,-0.13893103,0.53630711,-1.54503093,0.20509807,1.39138374,-1.71988385,-0.08250805,0.68438137,-1.63753247,0.56219025,-0.01542790,0.03905753,0.32300909,0.27359187,0.08468535,-0.30380871,0.05897864,-0.16431851,-0.28983687,-0.14576812,0.10313909,-0.30498601,-0.32703470,-0.10363468,-0.25859607,8.16712350,-0.26922444,-0.02203755,-0.01814291,0.16492543,0.98589289,8.39813832,-0.09994280,0.01920038,8.27646665,-0.40532414,0.03317221,7.99568852,-0.21926380,0.01802307,7.89176778,-0.47384864,0.06441301,-0.67825857,0.52783150,-2.14755802,-1.08007493,3.03875732,-2.24620037,-0.55272853,-1.05126712,-2.36583419,-0.03713974,1.93650970,-0.44361445
0.82498034,-0.04786077,-0.07895044,0.24300082,0.49308060,0.66055455,-0.02795741,1.11140780,-1.43145337,-0.15641156,0.60096775,-1.58378844,0.19344815,1.36586552,-1.77846568,-0.07889344,0.72896574,-1.64968429,0.56219025,-0.01542790,0.03905753,0.32181118,0.25655781,0.08228257,-0.30347353,0.07536050,-0.16229929,-0.28567239,-0.15949520,0.10665774,-0.30242532,-0.31135670,-0.10477240,-0.25463620,8.18303956,-0.26457353,-0.01870383,-0.01376988,0.17163219,0.98488728,8.39657048,-0.10026627,0.01833764,8.30891179,-0.39176019,0.03613878,7.99684819,-0.21823384,0.01938585,7.92556447,-0.46860007,0.06717497,-0.04116165,-0.09985685,-4.53418894,-0.84672165,3.22481394,-1.90985293,-0.59391758,-1.28933561,-2.93105769,0.19047359,2.21629343,-0.57826848
0.81472718,-0.05621095,-0.07533042,0.25149692,0.43448249,0.53989830,-0.02211006,1.10386229,-1.47594571,-0.16242133,0.63247627,-1.60036492,0.18648100,1.35176396,-1.80795324,-0.07611182,0.74996543,-1.65282798,0.56219025,-0.01542790,0.03905753,0.32122213,0.24826968,0.08188664,-0.30318650,0.08563025,-0.15940038,-0.28485961,-0.16611310,0.10865433,-0.30146991,-0.30310996,-0.10571705,-0.25261147,8.19090451,-0.26232377,-0.01705520,-0.01189652,0.17431302,0.98447070,8.39591016,-0.10010187,0.01803563,8.32610025,-0.38258654,0.03636251,7.99756803,-0.21737570,0.01975222,7.94258870,-0.46577156,0.06861065,0.58473527,-0.75455183,-4.44923401,-0.60097659,3.15085149,-1.65764797,-0.69671535,-1.41015518,-2.94875598,0.27816251,2.09996939,-0.31436917
