vx,vy,vz,wx,wy,wz,base1,shoulder1,elbow1,base2,shoulder2,elbow2,base3,shoulder3,elbow3,base4,shoulder4,elbow4,com_vx,com_vy,com_wz,height,e1x,e1y,e1z,e2x,e2y,e2z,e3x,e3y,e3z,e4x,e4y,e4z,com_x,com_y,quat_x,quat_y,quat_z,quat_w,e1x_w,e1y_w,e1z_w,e2x_w,e2y_w,e2z_w,e3x_w,e3y_w,e3z_w,e4x_w,e4y_w,e4z_w,jv_base1,jv_shoulder1,jv_elbow1,jv_base2,jv_shoulder2,jv_elbow2,jv_base3,jv_shoulder3,jv_elbow3,jv_base4,jv_shoulder4,jv_elbow4
0.00000000,0.00000000,0.00000000,0.00000000,0.00000000,0.00000000,0.09257588,0.71814322,-1.49340260,0.22584683,0.71945411,-1.01647997,-0.07506398,0.99467474,-1.57789624,0.01508732,1.02732062,-1.51266396,0.91537810,0.06138749,0.33262468,0.33623713,0.12930812,0.24243382,-0.31264387,0.21655303,-0.09147591,-0.31746829,-0.26341226,0.16565499,-0.29874812,-0.24140264,-0.14467345,-0.30691555,0.00000000,0.00000000,0.03237507,-0.02267246,-0.01786434,0.99905890,0.13823700,0.23745584,0.02359326,0.21300030,-0.09946823,0.01876885,-0.25706768,0.17533910,0.03748901,-0.24661732,-0.13559330,0.02932158,0.00000000,0.00000000,0.00000000,0.00000000,0.00000000,0.00000000,0.00000000,0.00000000,0.00000000,0.00000000,0.00000000,0.00000000
0.00263856,-0.00014151,-0.00204423,0.00436231,-0.00250182,0.00099455,0.09257588,0.71814322,-1.49340260,0.22584683,0.71945411,-1.01647997,-0.07506398,0.99467474,-1.57789624,0.01508732,1.02732062,-1.51266396,0.91537810,0.06138749,0.33262468,0.33619834,0.12932064,0.24246243,-0.31261599,0.21656943,-0.09144649,-0.31746620,-0.26339749,0.16568079,-0.29874581,-0.24138697,-0.14464683,-0.30694005,0.00005531,-0.00000196,0.03241975,-0.02269676,-0.01785361,0.99905709,0.13830166,0.23748448,0.02358235,0.21307487,-0.09943759,0.01873215,-0.25699978,0.17535779,0.03745254,-0.24654293,-0.13557363,0.02925829,0.00000000,0.00000000,0.00000000,0.00000000,0.00000000,0.00000000,0.00000000,0.00000000,0.00000000,0.00000000,0.00000000,0.00000000
0.00133542,-0.00054474,-0.00176130,0.00457409,-0.00151785,-0.00058802,0.09257588,0.71814322,-1.49340260,0.22584683,0.71945411,-1.01647997,-0.07506398,0.99467474,-1.57789624,0.01508732,1.02732062,-1.51266396,0.91537810,0.06138749,0.33262468,0.33616371,0.12932866,0.24249062,-0.31259099,0.21657817,-0.09141754,-0.31746851,-0.26339054,0.16570632,-0.29873815,-0.24137824,-0.14462052,-0.30695935,0.00008430,-0.00001130,0.03246364,-0.02271124,-0.01786119,0.99905520,0.13834400,0.23750050,0.02357273,0.21311188,-0.09942219,0.01869520,-0.25695972,0.17537835,0.03742557,-0.24650669,-0.13555255,0.02920437,0.00000000,0.00000000,0.00000000,0.00000000,0.00000000,0.00000000,0.00000000,0.00000000,0.00000000,0.00000000,0.00000000,0.00000000
0.00077110,-0.00033221,-0.00130335,0.00565275,-0.00075899,0.00042545,0.09257588,0.71814322,-1.49340260,0.22584683,0.71945411,-1.01647997,-0.07506398,0.99467474,-1.57789624,0.01508732,1.02732062,-1.51266396,0.91537810,0.06138749,0.33262468,0.33613648,0.12933215,0.24252754,-0.31256111,0.21658270,-0.09137964,-0.31747607,-0.26338771,0.16573956,-0.29872262,-0.24137371,-0.14458618,-0.30697944,0.00010090,-0.00001788,0.03252144,-0.02271911,-0.01785785,0.99905320,0.13836460,0.23753119,0.02357537,0.21313477,-0.09939029,0.01866041,-0.25693970,0.17540395,0.03741385,-0.24648380,-0.13552587,0.02915703,0.00000000,0.00000000,0.00000000,0.00000000,0.00000000,0.00000000,0.00000000,0.00000000,0.00000000,0.00000000,0.00000000,0.00000000
0.00535552,0.00009969,0.00591424,0.00477538,0.01224875,-0.00127620,0.09143336,0.71867137,-1.49288476,0.22503183,0.71802970,-1.01364555,-0.07545061,0.99345237,-1.57743638,0.01464281,1.02695966,-1.51073258,0.91537810,0.06138749,0.33262468,0.33623547,0.12922595,0.24237664,-0.31300345,0.21627511,-0.09170736,-0.31756895,-0.26369374,0.16565419,-0.29893811,-0.24115570,-0.14467421,-0.30702083,0.00018826,-0.00002608,0.03256786,-0.02261689,-0.01787226,0.99905375,0.13834591,0.23737283,0.02323202,0.21290016,-0.09971964,0.01866652,-0.25715714,0.17532799,0.03729736,-0.24618511,-0.13562424,0.02921464,-0.06855082,0.03168869,0.03107071,-0.04889989,-0.08546447,0.17006491,-0.02319753,-0.07334232,0.02759171,-0.02667077,-0.02165794,0.11588286
0.02111492,-0.00067156,0.00780848,-0.02128755,0.01857999,-0.00774954,0.09047715,0.71861035,-1.49210787,0.22339320,0.71980911,-1.01616502,-0.07518278,0.99111706,-1.57361722,0.01495047,1.02893245,-1.50975060,0.91537810,0.06138749,0.33262468,0.33640626,0.12898720,0.24165302,-0.31317692,0.21606783,-0.09211424,-0.31768636,-0.26457370,0.16563668,-0.29883443,-0.24122975,-0.14470582,-0.30750178,0.00055313,-0.00006068,0.03239365,-0.02244186,-0.01794163,0.99906212,0.13847351,0.23660755,0.02322935,0.21303082,-0.10017848,0.01871990,-0.25765133,0.17533946,0.03757183,-0.24591160,-0.13565826,0.02890448,-0.04023492,-0.01158357,0.03884554,-0.08609264,0.12813091,-0.19368409,0.02186894,-0.12178301,0.22225140,0.02512766,0.12378215,0.02994776
0.05930272,-0.00327065,0.00509587,-0.06485748,0.07714716,-0.01956789,0.08057236,0.71808907,-1.48623018,0.20819257,0.72724390,-1.04886613,-0.07309198,0.98974940,-1.57056625,0.01949192,1.03376708,-1.50994823,0.91537810,0.06138749,0.33262468,0.33655311,0.13249179,0.23558945,-0.31382143,0.21488354,-0.09563236,-0.31828541,-0.26644084,0.16653233,-0.29776293,-0.24179330,-0.14449345,-0.30760999,0.00170116,-0.00017409,0.03173393,-0.02171315,-0.01814709,0.99909568,0.14297428,0.23025675,0.02273168,0.21282940,-0.10383389,0.01826770,-0.25827675,0.17627766,0.03879018,-0.24536400,-0.13545587,0.02894312,-0.50695258,-0.02804661,0.29589414,-0.77972560,0.38582965,-1.68505368,0.10458728,-0.06444740,0.14948701,0.22941355,0.23883533,-0.01201773
0.11575343,-0.00698394,0.00306936,-0.07172997,0.15012933,-0.01341819,0.06456162,0.71666390,-1.48002887,0.18086877,0.74376855,-1.11053543,-0.07148686,0.99082223,-1.56978877,0.02380211,1.03647213,-1.51391585,0.91537810,0.06138749,0.33262468,0.33669995,0.13801136,0.22486309,-0.31387249,0.21345333,-0.10121248,-0.31883156,-0.26739144,0.16727471,-0.29611979,-0.24313931,-0.14448895,-0.30688123,0.00393581,-0.00039697,0.03097406,-0.02025590,-0.01832069,0.99914697,0.15036907,0.21907477,0.02282746,0.21340046,-0.10962541,0.01786839,-0.25692482,0.17689021,0.04058016,-0.24450417,-0.13556855,0.02981873,-0.80303215,-0.07038402,0.30325267,-1.38895106,0.84667894,-3.12315536,0.07516220,0.05836773,0.03144693,0.20149176,0.12843703,-0.22539853
0.17568476,-0.01496075,-0.01527436,-0.04315769,0.14075817,-0.00499889,0.05040335,0.71740758,-1.47935081,0.14819119,0.76615630,-1.17753866,-0.07171063,0.99355240,-1.57308531,0.02150392,1.03860846,-1.53320329,0.91537810,0.06138749,0.33262468,0.33655640,0.14239719,0.21248577,-0.31324070,0.21216617,-0.10611685,-0.31864997,-0.26531358,0.16614549,-0.29358671,-0.24426685,-0.14485488,-0.30546344,0.00734901,-0.00079172,0.03048714,-0.01880653,-0.01840704,0.99918869,0.15770874,0.20613608,0.02331570,0.21533451,-0.11488512,0.01790643,-0.25146713,0.17530434,0.04296969,-0.24223995,-0.13627079,0.03109296,-0.68439829,0.05712390,-0.00770330,-1.64189410,1.13712566,-3.32411933,-0.01928964,0.14362978,-0.19071291,-0.15295778,0.11475991,-1.06353513
0.23046323,-0.02734869,-0.06131046,-0.02742668,0.04870601,-0.01511790,0.04360937,0.72398357,-1.48994970,0.11604811,0.79757737,-1.24257352,-0.07164605,0.99969423,-1.58697643,0.01102212,1.04382043,-1.57685511,0.91537810,0.06138749,0.33262468,0.33557795,0.14371847,0.20052678,-0.31110267,0.21128407,-0.10866985,-0.31693360,-0.25923163,0.16260581,-0.28939874,-0.24403646,-0.14499565,-0.30306030,0.01185608,-0.00141337,0.03019193,-0.01821111,-0.01855409,0.99920596,0.16313019,0.19347668,0.02447528,0.21883450,-0.11807539,0.01864435,-0.24097443,0.17097695,0.04617921,-0.23754139,-0.13698046,0.03251765,-0.28957090,0.36718295,-0.60110802,-1.59379387,1.64364827,-3.25810122,0.01421383,0.33408663,-0.77461619,-0.56787788,0.28341148,-2.32707145
0.28203294,-0.03777819,-0.10720592,-0.05681584,-0.05948214,-0.02554676,0.04616887,0.73560303,-1.50988960,0.08758353,0.84116799,-1.30860448,-0.06902382,1.01065874,-1.60958803,-0.00371220,1.04798687,-1.63530993,0.91537810,0.06138749,0.33262468,0.33371675,0.14179803,0.18974534,-0.30674435,0.21090386,-0.10847867,-0.31394421,-0.24979018,0.15774749,-0.28426595,-0.24306798,-0.14449587,-0.30001564,0.01739788,-0.00223303,0.02967891,-0.01867170,-0.01877353,0.99920873,0.16642380,0.18188989,0.02697240,0.22395134,-0.11878228,0.01977254,-0.22610855,0.16505122,0.04945080,-0.23107338,-0.13722610,0.03370111,0.19644587,0.61221594,-1.05482340,-1.39312410,2.26492882,-3.30832934,0.15119566,0.58295482,-1.17775428,-0.75734740,0.18646000,-2.99853063
0.32555687,-0.04010031,-0.12672110,-0.08840553,-0.10292469,-0.02849598,0.05609110,0.74971850,-1.53323467,0.06395823,0.89166614,-1.37813802,-0.06336541,1.02564626,-1.63135059,-0.01912545,1.03573356,-1.69133267,0.91537810,0.06138749,0.33262468,0.33139107,0.13885933,0.18054219,-0.30015820,0.21064285,-0.10624792,-0.31055655,-0.23625891,0.15274721,-0.27995876,-0.24303773,-0.14333603,-0.29732565,0.02395267,-0.00314436,0.02881454,-0.01972411,-0.01901248,0.99920929,0.16977558,0.17182157,0.03123286,0.23027325,-0.11755962,0.02083452,-0.20614338,0.15873766,0.05143230,-0.22451172,-0.13685300,0.03406542,0.49964161,0.71252769,-1.16398420,-1.17777288,2.52153802,-3.49393392,0.28425036,0.75692362,-1.07823371,-0.76998218,-0.65102572,-2.78122020
0.35364171,-0.03609987,-0.12794252,-0.10236904,-0.11526700,-0.01963030,0.06784784,0.76922152,-1.55423672,0.04150354,0.93604146,-1.46260667,-0.05722812,1.04620762,-1.64534585,-0.03381104,0.99367630,-1.72965136,0.91537810,0.06138749,0.33262468,0.32908272,0.14088338,0.17187196,-0.29141421,0.20848633,-0.10353920,-0.30759076,-0.21780879,0.14810548,-0.27816643,-0.24582492,-0.14214493,-0.29536822,0.03108044,-0.00401039,0.02781242,-0.02088485,-0.01916574,0.99921117,0.17864208,0.16216319,0.03766851,0.23531475,-0.11570311,0.02149196,-0.18070889,0.15258203,0.05091629,-0.22016678,-0.13633540,0.03371450,0.58852999,0.99525396,-1.04301736,-1.12848847,2.17438440,-4.28649726,0.30500242,1.04606715,-0.67156215,-0.73040406,-2.20910008,-1.83847604
0.36107476,-0.02643437,-0.13173353,-0.10902533,-0.17570201,0.01063875,0.07918984,0.79581176,-1.57408664,0.01637733,0.95744309,-1.56596463,-0.05126136,1.07306290,-1.65045421,-0.04633321,0.92069776,-1.74259934,0.91537810,0.06138749,0.33262468,0.32675374,0.15340611,0.16277590,-0.28065632,0.20440461,-0.10102530,-0.30456112,-0.19480723,0.14414187,-0.27930984,-0.25154614,-0.14104714,-0.29436298,0.03838863,-0.00470369,0.02676334,-0.02258348,-0.01902599,0.99920555,0.19806843,0.15192258,0.04609742,0.23866844,-0.11367779,0.02219262,-0.15060806,0.14697685,0.04744391,-0.21850224,-0.13576412,0.03239076,0.56156682,1.36017811,-0.99514530,-1.27151752,0.92910784,-5.23066044,0.30035723,1.36970460,-0.22295092,-0.61222500,-3.74566460,-0.54860829
0.36618170,-0.01315205,-0.13982908,-0.11888213,-0.28667831,0.05979816,0.08724087,0.82651757,-1.59056361,-0.01123721,0.93710911,-1.67038476,-0.04507133,1.10733399,-1.65066783,-0.05581282,0.83076968,-1.73204145,0.91537810,0.06138749,0.33262468,0.32432495,0.17776106,0.15355933,-0.26908531,0.19930175,-0.09955640,-0.30137326,-0.16983222,0.14096241,-0.28237533,-0.25953249,-0.13993588,-0.29389406,0.04581242,-0.00513527,0.02565195,-0.02532188,-0.01838729,0.99918101,0.22929363,0.14154160,0.05523964,0.24117737,-0.11221094,0.02295169,-0.11852722,0.14219384,0.04194961,-0.21886196,-0.13508387,0.03043089,0.37517494,1.54577982,-0.78746934,-1.39040275,-1.29308143,-5.16886520,0.30971484,1.76077211,0.00579929,-0.45743829,-4.56916142,0.66416211
0.37779875,0.00172186,-0.14722544,-0.13102160,-0.36605625,0.09420602,0.09186805,0.85628569,-1.60182035,-0.03908384,0.86687344,-1.75460720,-0.03849031,1.14956415,-1.65172565,-0.06352895,0.73527670,-1.70078361,0.91537810,0.06138749,0.33262468,0.32182851,0.21121448,0.14489732,-0.25732513,0.19426834,-0.09913389,-0.29834881,-0.14504519,0.13814479,-0.28682750,-0.26903583,-0.13879575,-0.29296809,0.05348492,-0.00527549,0.02444813,-0.02888135,-0.01736460,0.99913294,0.26980209,0.13188744,0.06450339,0.24404049,-0.11137116,0.02347970,-0.08646870,0.13802516,0.03500102,-0.22039509,-0.13424945,0.02886042,0.21080865,1.47378433,-0.52882433,-1.38981450,-3.87260890,-4.03521538,0.33285430,2.16748953,-0.06957293,-0.37644309,-4.79391909,1.70175779
0.39022751,0.01714081,-0.15488477,-0.19018006,-0.37938629,0.07113044,0.09494960,0.88448460,-1.60864077,-0.06291032,0.74445554,-1.79906359,-0.03090733,1.19470444,-1.64972100,-0.07044048,0.65893672,-1.66590085,0.91537810,0.06138749,0.33262468,0.31925697,0.25058254,0.13765764,-0.24514776,0.18922204,-0.09948989,-0.29559742,-0.12524254,0.13515144,-0.29094157,-0.27963578,-0.13775203,-0.29181373,0.06147461,-0.00507362,0.02265220,-0.03268947,-0.01648989,0.99907275,0.31665745,0.12385643,0.07410922,0.24715137,-0.11103284,0.02365955,-0.05903034,0.13431849,0.02831540,-0.22274742,-0.13309560,0.02744325,0.15300982,1.40791070,-0.33465812,-1.17587860,-6.15705347,-2.15734128,0.38088919,2.26017232,0.09688138,-0.34509119,-3.77019877,1.73066700
0.41064456,0.03323980,-0.14379542,-0.24721635,-0.36005914,0.00807149,0.09739172,0.91096437,-1.61019297,-0.07433335,0.60564796,-1.79810443,-0.02279356,1.24069557,-1.64778519,-0.07687156,0.61630480,-1.64218950,0.91537810,0.06138749,0.33262468,0.31697007,0.28766386,0.13366833,-0.23434561,0.18379305,-0.10030718,-0.29346221,-0.11347478,0.13192817,-0.29436177,-0.29044195,-0.13691816,-0.28995582,0.06986160,-0.00458858,0.02026674,-0.03634144,-0.01620366,0.99900250,0.36189594,0.11924059,0.08262447,0.25014477,-0.11107519,0.02350787,-0.03907070,0.13111448,0.02260830,-0.22505951,-0.13157144,0.02701425,0.12105024,1.31697023,-0.05674123,-0.52434389,-6.92348280,0.17472409,0.40229627,2.29227576,0.11285734,-0.31917462,-2.02851663,1.14120760
0.44573793,0.04805611,-0.09949374,-0.28792887,-0.32329545,-0.06959748,0.10001362,0.93609449,-1.60355318,-0.07048642,0.47798852,-1.75736217,-0.01591871,1.28396389,-1.64074800,-0.08184000,0.60663916,-1.63185034,0.91537810,0.06138749,0.33262468,0.31561626,0.31833834,0.13336189,-0.22714156,0.17727662,-0.10118528,-0.29247450,-0.10969968,0.12887201,-0.29743382,-0.30157526,-0.13665052,-0.28800299,0.07887039,-0.00388641,0.01745305,-0.03966211,-0.01666174,0.99892177,0.40165443,0.11832306,0.08847470,0.25252056,-0.11117611,0.02314175,-0.02628078,0.12872295,0.01818244,-0.22727509,-0.12996554,0.02761327,0.13500442,1.25704539,0.37217188,0.25143071,-6.30528183,2.18141108,0.33813749,2.15074968,0.37073992,-0.23855440,-0.35977721,0.47195573
0.50026050,0.06119128,-0.03588375,-0.34981658,-0.21934668,-0.14983905,0.10398240,0.96190237,-1.58815672,-0.05607612,0.36525691,-1.68433166,-0.00965848,1.32076299,-1.62437952,-0.08488670,0.62180780,-1.63917203,0.91537810,0.06138749,0.33262468,0.31561130,0.34365618,0.13528054,-0.22498379,0.16857509,-0.10191133,-0.29279920,-0.11167647,0.12608859,-0.29892381,-0.31325993,-0.13684807,-0.28634467,0.08881302,-0.00302968,0.01402041,-0.04208423,-0.01788975,0.99885550,0.43724518,0.11942613,0.09062750,0.25349674,-0.11111646,0.02281209,-0.01811543,0.12710977,0.01668749,-0.22930183,-0.12817807,0.02926663,0.20799841,1.29663193,0.81720681,0.76706462,-5.56499138,3.83011003,0.31247014,1.78792896,0.89285659,-0.14298516,0.88327003,-0.49769064
0.58031437,0.07158047,0.02314433,-0.41022416,-0.01076990,-0.20865406,0.10811280,0.98847640,-1.56531429,-0.03723042,0.27712077,-1.59109545,-0.00397434,1.34912348,-1.60005283,-0.08499044,0.64633811,-1.64963150,0.91537810,0.06138749,0.33262468,0.31690738,0.36189206,0.13792664,-0.22960424,0.15716579,-0.10294495,-0.29429290,-0.11707965,0.12376938,-0.30000205,-0.32537889,-0.13751564,-0.28439197,0.10016346,-0.00208485,0.00992550,-0.04260087,-0.01972174,0.99884819,0.46733093,0.12111282,0.08730313,0.25304317,-0.11129355,0.02261448,-0.01182175,0.12631226,0.01690532,-0.23050404,-0.12634659,0.03251541,0.20335613,1.33324373,1.19288909,0.96336383,-4.19664669,4.77457476,0.27871656,1.35965097,1.25869977,0.01956761,1.25771272,-0.48854825
0.68058441,0.07650949,0.05473173,-0.42905415,0.21520899,-0.21660238,0.10868609,1.01828949,-1.53738279,-0.01924373,0.23296541,-1.50049250,-0.00176582,1.37078791,-1.58191643,-0.08200966,0.67641752,-1.65675607,0.91537810,0.06138749,0.33262468,0.31911507,0.36822304,0.14025745,-0.24185459,0.14216741,-0.10533235,-0.29612157,-0.12585171,0.12208533,-0.30116093,-0.33593526,-0.13921723,-0.28030523,0.11363659,-0.00116153,0.00550375,-0.04061297,-0.02172694,0.99892354,0.48767414,0.12275889,0.07726049,0.25103188,-0.11264701,0.02299350,-0.00672169,0.12634284,0.01795414,-0.22809868,-0.12546334,0.03880984,0.02304742,1.48939979,1.40601671,0.89284884,-2.14836410,4.50682168,0.10430703,1.07682465,0.88146257,0.15170118,1.50934470,-0.35073993
0.77985904,0.07939625,0.05402271,-0.41194610,0.41014202,-0.18374602,0.10572923,1.04663641,-1.50359936,-0.00580887,0.22869967,-1.42977455,-0.00371710,1.38807964,-1.58238082,-0.07766565,0.70945916,-1.66023922,0.91537810,0.06138749,0.33262468,0.32135578,0.36353432,0.14152788,-0.25838216,0.12514921,-0.10878220,-0.29814442,-0.13701243,0.12078128,-0.30223768,-0.34256813,-0.14188674,-0.27376814,0.12906666,-0.00030313,0.00119836,-0.03671789,-0.02343709,0.99905008,0.49885654,0.12396586,0.06297362,0.24895973,-0.11485243,0.02321136,-0.00211201,0.12679007,0.01911810,-0.21979713,-0.12591691,0.04758764,-0.15505876,1.40895927,1.70048177,0.65865308,-0.11140894,3.45367360,-0.10856545,0.85284370,-0.08243892,0.21752204,1.65483344,-0.16518544
0.86126869,0.07983152,0.03804421,-0.34412450,0.58458567,-0.13371820,0.10149370,1.07242968,-1.46935778,0.00243396,0.25822981,-1.39169083,-0.00965630,1.39431653,-1.59229476,-0.07391389,0.74421823,-1.66339278,0.91537810,0.06138749,0.33262468,0.32322935,0.34968166,0.14169307,-0.27506975,0.10751496,-0.11235319,-0.29979693,-0.14978463,0.11962097,-0.30241802,-0.34524645,-0.14521935,-0.26681122,0.14614582,0.00045905,-0.00250144,-0.03109941,-0.02468754,0.99920823,0.50238476,0.12474906,0.04815960,0.24799385,-0.11705556,0.02343242,0.00243759,0.12731550,0.02081133,-0.20583706,-0.12757151,0.05641814,-0.21013148,1.28089988,1.69404018,0.38640112,1.61070969,1.74229136,-0.31483659,0.22478197,-0.47175403,0.18102227,1.74962485,-0.17232655
0.92294936,0.07728308,0.00936026,-0.21506959,0.75461128,-0.07890201,0.09854946,1.10382960,-1.45342207,0.00372846,0.31909541,-1.40111513,-0.01824409,1.38472009,-1.61354768,-0.07213999,0.78137951,-1.66876106,0.91537810,0.06138749,0.33262468,0.32438270,0.32876121,0.14044985,-0.28765725,0.09057230,-0.11509444,-0.29891625,-0.16402383,0.11857616,-0.30106591,-0.34233878,-0.14864812,-0.26042920,0.16449871,0.00108752,-0.00502544,-0.02380479,-0.02544070,0.99938023,0.49995403,0.12469909,0.03672545,0.24912300,-0.11844826,0.02546646,0.00669365,0.12782223,0.02331679,-0.18493214,-0.13002384,0.06395351,-0.13594409,1.63482559,0.63176532,0.02098185,3.22243180,-0.78440084,-0.43799884,-0.55109305,-1.19997873,0.07548200,1.87041438,-0.27591273
0.96985604,0.07147099,-0.01612019,-0.06018613,0.87750606,-0.04427911,0.09589440,1.13361776,-1.45392096,-0.00057928,0.40452424,-1.45214856,-0.02804739,1.35751772,-1.65248060,-0.07293729,0.81997049,-1.67402279,0.91537810,0.06138749,0.33262468,0.32474899,0.30327208,0.13838104,-0.29470003,0.07664459,-0.11697287,-0.29662426,-0.17945575,0.11764025,-0.29845464,-0.33198599,-0.15172899,-0.25472015,0.18381786,0.00153863,-0.00607473,-0.01520966,-0.02585931,0.99953142,0.49381828,0.12410700,0.03004896,0.25433254,-0.11922860,0.02812473,0.01066303,0.12827063,0.02629435,-0.15554619,-0.13288021,0.07002884,-0.13549492,1.44087541,-0.10678052,-0.24953744,4.42749739,-2.81116939,-0.49801534,-1.50054204,-2.05477953,-0.05897060,1.93767059,-0.25827169
1.00401976,0.06254975,-0.01200223,0.02202458,0.93920782,-0.05923481,0.09588578,1.14081135,-1.46202397,-0.00480640,0.49664278,-1.51400762,-0.03651662,1.30413013,-1.70401783,-0.07565951,0.86285716,-1.68313477,0.91537810,0.06138749,0.33262468,0.32472590,0.27673228,0.13698896,-0.29789436,0.07058236,-0.11726208,-0.29650259,-0.19593060,0.11681757,-0.29390723,-0.31299091,-0.15409733,-0.25047869,0.20392017,0.00173323,-0.00611020,-0.00581845,-0.02638442,0.99961626,0.48748493,0.12395337,0.02683154,0.26822701,-0.11908438,0.02822331,0.01441574,0.12871046,0.03081868,-0.11675415,-0.13566136,0.07424721,0.01245215,0.32324409,-0.42612787,-0.20946650,4.60703268,-3.08001399,-0.41735497,-2.71121097,-2.57624364,-0.13780081,2.14344549,-0.45371959
1.03324858,0.05428782,0.02585172,0.03278292,0.95072719,-0.10694804,0.10727630,1.13526630,-1.50401688,-0.00782197,0.58909624,-1.56659665,-0.04037721,1.22165756,-1.75064654,-0.08014322,0.90348214,-1.68926961,0.91537810,0.06138749,0.33262468,0.32505425,0.24959106,0.13604422,-0.30016632,0.07494048,-0.11423188,-0.29618949,-0.21207630,0.11554268,-0.28898863,-0.28783540,-0.15536956,-0.24852042,0.22458820,0.00170543,-0.00603178,0.00370584,-0.02736258,0.99960051,0.48125324,0.12388065,0.02488794,0.29316216,-0.11645806,0.02886476,0.01915588,0.12868586,0.03606563,-0.07132187,-0.13767228,0.07653384,0.61910093,-0.22246170,-2.33365771,-0.14811037,4.62049246,-2.60144496,-0.17747626,-4.20532002,-2.28543787,-0.23335091,2.01307292,-0.28636692
1.06004007,0.04774104,0.06759658,0.02428870,0.94599552,-0.15781768,0.13297535,1.13354397,-1.60912285,-0.01085813,0.68095843,-1.60962172,-0.03841937,1.11346548,-1.77581675,-0.08667327,0.93549509,-1.69188859,0.91537810,0.06138749,0.33262468,0.32581409,0.22217551,0.13504927,-0.30149029,0.09033258,-0.10789206,-0.29062898,-0.22611243,0.11358849,-0.28417988,-0.26006278,-0.15528627,-0.24925384,0.24578896,0.00146396,-0.00603202,0.01317767,-0.02884741,0.99947876,0.47540417,0.12343576,0.02432380,0.32972946,-0.11147258,0.03518511,0.02662544,0.12794135,0.04163420,-0.02282066,-0.13851943,0.07656025,1.32888796,-0.15747069,-5.41840382,-0.15735013,4.59155664,-2.11162646,0.12497015,-5.50341463,-1.13592044,-0.32863450,1.55087888,-0.13654088
1.08590272,0.04750217,0.09034952,0.02524703,0.86805663,-0.16187882,0.16394432,1.10706654,-1.73788810,-0.01568744,0.77324229,-1.63917751,-0.03021176,0.99113195,-1.77246563,-0.09391499,0.95402503,-1.70006812,0.91537810,0.06138749,0.33262468,0.32666878,0.19390021,0.13352793,-0.30230142,0.11613860,-0.10091921,-0.28306207,-0.23495946,0.11150534,-0.27887382,-0.23280636,-0.15357347,-0.25279182,0.26752472,0.00111144,-0.00601836,0.02200003,-0.03042348,0.99927683,0.46922436,0.12253735,0.02436737,0.37727737,-0.10671813,0.04360671,0.03982048,0.12677038,0.04779496,0.02576637,-0.13794436,0.07387697,1.55721190,-1.50006856,-6.51174927,-0.25385493,4.61996241,-1.38272369,0.44580014,-6.16427946,0.33017918,-0.36707091,0.84143536,-0.45898962
1.10943138,0.04979479,0.10159197,0.05435939,0.62781143,-0.10609475,0.19265603,1.03800523,-1.86346817,-0.02266772,0.86554080,-1.64726293,-0.01719582,0.87391824,-1.74812853,-0.10213517,0.95742428,-1.71691978,0.91537810,0.06138749,0.33262468,0.32743436,0.16429625,0.13155770,-0.30293526,0.15109562,-0.09536972,-0.27406843,-0.23687642,0.10947131,-0.27380002,-0.20839723,-0.15026413,-0.25828373,0.28974533,0.00072384,-0.00569890,0.02866279,-0.03152054,0.99907578,0.46205330,0.12159836,0.02449910,0.43448925,-0.10403526,0.05336593,0.06028748,0.12499571,0.05363435,0.07223892,-0.13602293,0.06915063,1.40863085,-3.79080510,-6.21040773,-0.36432934,4.61218691,-0.23710011,0.68117028,-5.78568554,1.34540308,-0.41830075,0.06118655,-0.90429777
1.12404922,0.04714766,0.11500385,0.10207532,0.19435320,-0.03140660,0.21271797,0.90024880,-1.95531244,-0.03030534,0.95367482,-1.62557919,-0.00249675,0.78602419,-1.71878645,-0.11166490,0.94433916,-1.73919454,0.91537810,0.06138749,0.33262468,0.32834023,0.13394745,0.12980914,-0.30282095,0.19577372,-0.09274778,-0.26309617,-0.23092920,0.10761772,-0.27059873,-0.18952541,-0.14585346,-0.26433253,0.31233196,0.00025108,-0.00474955,0.03078522,-0.03181167,0.99900837,0.45430927,0.12122536,0.02551928,0.50177135,-0.10483088,0.06524406,0.08876038,0.12242150,0.05774150,0.11386414,-0.13317919,0.06400770,0.98803169,-6.97110577,-4.52360158,-0.37875144,4.39232092,1.12545629,0.73286488,-4.34709005,1.45863092,-0.47802818,-0.67163014,-1.11156750
1.13572349,0.03746815,0.11597491,0.15948318,-0.31401190,0.04215165,0.21924688,0.71477667,-1.99382801,-0.03542699,1.02963965,-1.57706439,0.01046466,0.73119268,-1.69644101,-0.12185973,0.91998019,-1.75930090,0.91537810,0.06138749,0.33262468,0.32937477,0.10497744,0.12925454,-0.30191695,0.24400306,-0.09343440,-0.25002939,-0.21973145,0.10607278,-0.26990374,-0.17580551,-0.14129655,-0.27024648,0.33513699,-0.00040467,-0.00311576,0.02795529,-0.03139368,0.99911122,0.44804935,0.12197914,0.02745781,0.57276859,-0.10902648,0.07934537,0.12252502,0.11930122,0.05947102,0.15077858,-0.13034415,0.05912829,0.26644310,-9.33433933,-1.73554931,-0.24656891,3.74844780,2.48770370,0.64113576,-2.64900880,1.08967056,-0.50868404,-1.24381752,-0.99448583
1.14314918,0.01755446,0.10144771,0.24875623,-0.70008334,0.11059466,0.20342770,0.52914853,-1.97129509,-0.03775328,1.08682427,-1.51422446,0.02098296,0.70593185,-1.68210843,-0.13144529,0.88651592,-1.77484577,0.91537810,0.06138749,0.33262468,0.33044397,0.08040436,0.13017017,-0.30018053,0.28723170,-0.09795477,-0.23773072,-0.20487310,0.10527578,-0.27088357,-0.16702122,-0.13673458,-0.27616258,0.35803833,-0.00140109,-0.00053737,0.02128651,-0.03029402,0.99931420,0.44618626,0.12365520,0.03026344,0.63880329,-0.11658888,0.09271325,0.15992432,0.11610131,0.05956039,0.18303490,-0.12775865,0.05428138,-0.89443567,-9.16150036,1.35667276,-0.10738849,2.77101636,3.16131997,0.51535343,-1.15246717,0.69170374,-0.47530046,-1.71252811,-0.75329298
1.15566181,-0.01286403,0.05174825,0.36825201,-0.94119699,0.17870161,0.16599233,0.38684227,-1.90873716,-0.03871290,1.12619619,-1.45600393,0.02840194,0.70607624,-1.67479956,-0.14086297,0.84351007,-1.78306177,0.91537810,0.06138749,0.33262468,0.33099673,0.06276595,0.13229313,-0.29742287,0.32028121,-0.10510700,-0.22891365,-0.18733021,0.10514663,-0.27287492,-0.16304634,-0.13227296,-0.28214403,0.38109322,-0.00291586,0.00324614,0.01221875,-0.02851575,0.99951339,0.45129032,0.12558863,0.03357386,0.69486980,-0.12608967,0.10208308,0.20005417,0.11272707,0.05812181,0.21077957,-0.12569008,0.04885270,-1.98445361,-6.80200024,3.29811983,-0.04324007,1.87868342,2.84550881,0.35051757,0.15069722,0.32013129,-0.47318241,-2.20639350,-0.36146160
1.16952740,-0.04839403,-0.02631697,0.50210425,-1.14474632,0.23865316,0.11688378,0.29853839,-1.82543659,-0.04048410,1.15691841,-1.42407942,0.03224772,0.73662519,-1.67936552,-0.15107828,0.79017079,-1.77798927,0.91537810,0.06138749,0.33262468,0.33054462,0.05378375,0.13503331,-0.29267535,0.34290729,-0.11279173,-0.22549588,-0.16769861,0.10533137,-0.27629022,-0.16495570,-0.12804585,-0.28756896,0.40436840,-0.00501072,0.00836673,0.00120256,-0.02611401,0.99962323,0.46512604,0.12703168,0.03786927,0.74092197,-0.13554454,0.10504874,0.24239540,0.10892904,0.05425440,0.23295498,-0.12427330,0.04297566,-2.51581621,-4.03182650,4.28734303,-0.09904615,1.49456966,1.36602390,0.16677271,1.75975430,-0.32438990,-0.51759303,-2.74224734,0.36184070
1.15668124,-0.08526688,-0.14994094,0.59960583,-1.56385353,0.24840349,0.07682236,0.26853680,-1.73089466,-0.04999709,1.18977845,-1.46312425,0.03423686,0.82809802,-1.70597439,-0.16109570,0.73402232,-1.75125933,0.91537810,0.06138749,0.33262468,0.32818676,0.06096381,0.13633039,-0.28305729,0.35503256,-0.11707844,-0.22898551,-0.14709596,0.10590877,-0.28297635,-0.17836437,-0.12378357,-0.29200104,0.42749557,-0.00771074,0.01474795,-0.01414377,-0.02346841,0.99951573,0.49484615,0.12558014,0.04512947,0.77658634,-0.14146841,0.09920126,0.28557930,0.10504413,0.04521041,0.24347019,-0.12291005,0.03618572,-1.97577538,-1.44030216,4.72669697,-0.49210817,1.64670455,-2.06412487,0.09427840,4.66270037,-1.36414280,-0.49580079,-2.78577070,1.35780275
1.11089535,-0.10922405,-0.25860743,0.57097559,-1.74973287,0.17307992,0.05382648,0.27626677,-1.64062409,-0.07086260,1.21857245,-1.57006891,0.03178832,0.97181557,-1.75015845,-0.16748245,0.69857177,-1.71678228,0.91537810,0.06138749,0.33262468,0.32435381,0.08357654,0.13443224,-0.26892918,0.35909896,-0.11742338,-0.23677678,-0.13117566,0.10719084,-0.29129788,-0.20174903,-0.12133240,-0.29305905,0.44992332,-0.01066937,0.02095937,-0.03159944,-0.02148282,0.99904988,0.53937778,0.11992528,0.05542463,0.80346317,-0.14389808,0.08757703,0.32362900,0.10223179,0.03305594,0.24299335,-0.12293785,0.03129477,-1.11561794,0.46492870,4.47280998,-1.07450844,1.38052645,-5.46681356,-0.14091096,7.26302824,-2.21645880,-0.30838016,-1.67381141,1.69479406
1.09060000,-0.10140457,-0.28859414,0.40145192,-1.37670684,0.02893154,0.04213288,0.30638939,-1.56537275,-0.09884267,1.21746244,-1.69802294,0.02535834,1.12655962,-1.79501529,-0.17175763,0.70351257,-1.69783216,0.91537810,0.06138749,0.33262468,0.32042105,0.11522848,0.12982819,-0.25440378,0.35553899,-0.11602757,-0.24765836,-0.12625344,0.10825565,-0.29801766,-0.22836482,-0.12142226,-0.28938711,0.47206650,-0.01340637,0.02544249,-0.04568057,-0.02088513,0.99841363,0.59292183,0.11120081,0.06601727,0.82212849,-0.14503834,0.07276270,0.35072231,0.10032492,0.02240339,0.23855705,-0.12461426,0.03103394,-0.54000908,1.57319701,3.69381080,-1.40768275,-0.23619317,-6.36863232,-0.32434575,7.69316444,-2.23505831,-0.21455811,0.45352144,0.85035318
1.12241195,-0.07776644,-0.27371769,0.22830615,-0.86107170,-0.13726099,0.04071354,0.35475880,-1.50998378,-0.12530037,1.17205157,-1.80935044,0.01950530,1.25743344,-1.83322983,-0.17683405,0.75613253,-1.71533694,0.91537810,0.06138749,0.33262468,0.31722995,0.15073225,0.12483519,-0.24172407,0.34443595,-0.11307594,-0.26073561,-0.13345376,0.10859372,-0.30002353,-0.25086322,-0.12253431,-0.28246850,0.49479561,-0.01575875,0.02802628,-0.05483093,-0.02194711,0.99786092,0.65124626,0.10183048,0.07550588,0.83351688,-0.14494927,0.05649434,0.36661053,0.09900661,0.01720642,0.23843384,-0.12632844,0.03476145,-0.01289539,2.53387191,2.63958097,-1.29898171,-2.53285912,-5.42917824,-0.28403596,6.34902573,-1.85208740,-0.26103437,2.90130808,-1.14263526
1.19354314,-0.05394327,-0.25910064,0.11539872,-0.35849324,-0.28159692,0.04542613,0.42441422,-1.47970176,-0.14533333,1.08377624,-1.89409471,0.01334124,1.35584354,-1.86226606,-0.17938064,0.82780176,-1.74320984,0.91537810,0.06138749,0.33262468,0.31472114,0.18762556,0.12099936,-0.23044033,0.32521465,-0.10936724,-0.27443890,-0.14747767,0.10910561,-0.29958818,-0.26804896,-0.12425982,-0.27419335,0.51883125,-0.01783192,0.02926832,-0.05914562,-0.02451422,0.99751903,0.71257591,0.09310591,0.08428080,0.83782673,-0.14419508,0.04028224,0.37731171,0.09889817,0.01513296,0.24460316,-0.12778509,0.04052779,0.26791334,3.63792992,1.32796514,-0.94935262,-4.71125317,-4.03997898,-0.31562093,4.69320011,-1.38934839,-0.09842455,3.63879895,-1.36362779
1.28475564,-0.03364312,-0.26345022,0.02251389,0.17480047,-0.39109071,0.05448015,0.52531248,-1.49838047,-0.15339909,0.95119936,-1.94389851,0.00466254,1.41561863,-1.89660168,-0.17512484,0.90577809,-1.75997503,0.91537810,0.06138749,0.33262468,0.31236575,0.22472650,0.11961780,-0.22052605,0.29680997,-0.10588161,-0.28403916,-0.16764946,0.11072658,-0.29829133,-0.27718872,-0.12690093,-0.26362297,0.54484634,-0.01975985,0.02925576,-0.05764523,-0.02845230,0.99750268,0.77640076,0.08603699,0.09183970,0.83470364,-0.14341187,0.02832659,0.38420601,0.10091078,0.01407441,0.26048508,-0.12965117,0.04874278,0.46305864,5.09377766,-1.00799127,-0.38573507,-6.67335272,-2.44310310,-0.42853604,2.92070653,-1.74833522,0.22359179,3.91540337,-0.82009644
1.36730302,-0.00715634,-0.24140291,-0.12647042,0.60857773,-0.45766066,0.06972101,0.64959599,-1.55359693,-0.14807215,0.78980920,-1.95962923,0.00157682,1.42305982,-1.94834456,-0.16329546,0.99422992,-1.76082933,0.91537810,0.06138749,0.33262468,0.31029500,0.26108934,0.12077690,-0.21196565,0.26275377,-0.10245724,-0.28826404,-0.19504941,0.11339012,-0.29637033,-0.27299089,-0.12872355,-0.25278398,0.57240906,-0.02155323,0.02764846,-0.05192670,-0.03311431,0.99771871,0.84124146,0.08083742,0.09832934,0.82742977,-0.14197526,0.02203096,0.38568764,0.10508287,0.01392467,0.29115295,-0.13104653,0.05751102,0.77212288,6.20370293,-2.75592160,0.31251076,-8.13509226,-0.68123953,-0.12535064,0.18895910,-2.60344338,0.61319478,4.44440937,0.02557897
1.43554928,0.03815937,-0.14972284,-0.27616541,0.83965991,-0.42796945,0.08528719,0.76296792,-1.59545205,-0.12297657,0.60968893,-1.93538806,0.01018213,1.36800194,-1.99363999,-0.14512267,1.08225048,-1.73531229,0.91537810,0.06138749,0.33262468,0.30963666,0.29675454,0.12569794,-0.20486136,0.22960687,-0.10022208,-0.29113612,-0.22767638,0.11667141,-0.29464039,-0.25715260,-0.12830116,-0.24633621,0.60116463,-0.02292402,0.02449368,-0.04386994,-0.03753917,0.99803121,0.90675430,0.07943895,0.10477530,0.82232971,-0.14060912,0.01850054,0.38319683,0.11101177,0.01499627,0.33485680,-0.13094618,0.06330045,0.76140220,5.58042421,-1.96894438,1.36013780,-9.06214523,1.40118456,0.48930500,-3.01168437,-2.16769822,0.92862201,4.35307922,1.40297689
1.49431646,0.09922003,0.00418428,-0.46681320,0.93729223,-0.33901191,0.09626821,0.85922496,-1.60377743,-0.07220043,0.43127766,-1.86422627,0.03347346,1.25980368,-2.00600662,-0.12403475,1.15497243,-1.69293416,0.91537810,0.06138749,0.33262468,0.31150941,0.32987179,0.13516518,-0.20132656,0.19694849,-0.10027357,-0.29511750,-0.25987205,0.11964518,-0.29205844,-0.23532662,-0.12497877,-0.24654284,0.63091927,-0.02353899,0.01957163,-0.03485888,-0.04106592,0.99835635,0.97093124,0.08359120,0.11018285,0.81880074,-0.13991790,0.01639192,0.38195286,0.11740134,0.01945097,0.38597298,-0.12841809,0.06496657,0.52010622,4.72987490,-0.20478342,2.69025352,-8.84734077,3.83816957,1.25238694,-5.68252621,-0.38611648,1.06356468,3.53106003,2.16039274
1.55567171,0.15910721,0.18325196,-0.70004058,0.97302611,-0.25426136,0.10380092,0.94538951,-1.57165158,-0.00685775,0.26577741,-1.73771667,0.07055842,1.12447131,-1.97701514,-0.10223167,1.19862628,-1.62625480,0.91537810,0.06138749,0.33262468,0.31637111,0.36011395,0.14654071,-0.20560945,0.16075859,-0.10237465,-0.30081065,-0.28932474,0.12134130,-0.29121031,-0.21282807,-0.11890489,-0.25249839,0.66179085,-0.02330744,0.01241621,-0.02550756,-0.04367577,0.99864289,1.03340054,0.09098375,0.11076166,0.81291962,-0.13942802,0.01556046,0.38426304,0.12301695,0.02516080,0.43932724,-0.12302756,0.06387272,0.35662425,4.24879074,1.90506208,3.33707547,-8.18251228,6.73891735,1.94827402,-6.90165234,1.74704778,1.09272122,1.94452989,3.55623698
1.61949566,0.19838905,0.27872034,-0.88118736,0.93620109,-0.19135624,0.11131208,1.01377943,-1.49706423,0.03795693,0.14657390,-1.58472126,0.11244374,0.98590083,-1.90715628,-0.08195203,1.22832694,-1.56864815,0.91537810,0.06138749,0.33262468,0.32304868,0.38080250,0.15283035,-0.22151585,0.12158352,-0.10552874,-0.30668957,-0.31365361,0.12159731,-0.28858716,-0.19273998,-0.11172119,-0.26280100,0.69416542,-0.02233708,0.00318492,-0.01651587,-0.04549049,0.99882316,1.08729877,0.09519515,0.10153283,0.80563812,-0.13849518,0.01635911,0.39288273,0.12730660,0.03446153,0.49205589,-0.11604974,0.06024769,0.37913379,3.38465428,3.76518173,2.19466016,-5.85836840,7.60691452,2.08622963,-6.92512417,3.52697306,1.01031202,1.50747719,2.82540872
1.67603528,0.20888097,0.26528361,-0.94450705,0.72172237,-0.18321074,0.12068298,1.05732906,-1.40121186,0.05561715,0.09655738,-1.46518047,0.14621237,0.85158534,-1.81710310,-0.06472015,1.27073426,-1.54046535,0.91537810,0.06138749,0.33262468,0.32902498,0.38626342,0.15289376,-0.24335950,0.08575127,-0.10845593,-0.31113859,-0.33459233,0.12109070,-0.28193195,-0.17290599,-0.10625480,-0.27464910,0.72777214,-0.02124774,-0.00662324,-0.00958095,-0.04718737,0.99881815,1.12671528,0.09459829,0.08566548,0.80293083,-0.13729575,0.01788639,0.40606747,0.13080845,0.04709303,0.54562988,-0.11075060,0.05437588,0.46926478,2.10328512,4.82619476,0.84183499,-2.31798975,5.85677242,1.64744627,-6.69021988,4.53445082,0.84946746,2.13521147,1.38951862
1.71134765,0.19828470,0.22746452,-0.85539956,0.40507246,-0.20026335,0.12750411,1.08125193,-1.30899730,0.06450768,0.10272588,-1.38172050,0.16393673,0.73133612,-1.72111928,-0.05380991,1.32236443,-1.52795682,0.91537810,0.06138749,0.33262468,0.33397249,0.37881518,0.15119981,-0.26626442,0.05748089,-0.11171926,-0.31313973,-0.35285057,0.11971562,-0.27386620,-0.15382337,-0.10451599,-0.28612811,0.76213531,-0.02046869,-0.01551803,-0.00564126,-0.04907473,0.99865862,1.15392761,0.09293818,0.06770807,0.80840855,-0.13727636,0.02083276,0.42269230,0.13319912,0.06010629,0.59882317,-0.10943139,0.04784438,0.31411938,1.14826862,4.50719671,0.43918216,0.50460300,4.05272307,0.80774539,-5.92290640,4.79491234,0.50654837,2.64404569,0.50792594
1.71634424,0.17772083,0.14749936,-0.67629106,0.11787134,-0.18193723,0.12842675,1.09264719,-1.24042358,0.07368938,0.14742090,-1.32146254,0.16414308,0.63781724,-1.63407652,-0.05185180,1.38413153,-1.54703403,0.91537810,0.06138749,0.33262468,0.33737314,0.36170755,0.15042743,-0.28802991,0.03916951,-0.11577648,-0.31304346,-0.36516101,0.11748122,-0.26392591,-0.13805589,-0.10709690,-0.29564939,0.79663925,-0.02021658,-0.02256256,-0.00449009,-0.05087389,0.99844009,1.17173500,0.09276104,0.04934323,0.82386799,-0.13936791,0.02432968,0.44527187,0.13368392,0.07344723,0.64843597,-0.11276367,0.04172374,0.01408374,0.49236199,3.29580812,0.46734105,2.42383840,2.90115285,-0.08639001,-4.49819441,4.26700535,0.04734796,3.12718654,-1.15221682
1.67418057,0.15235048,0.01414274,-0.47614973,-0.06263999,-0.09804902,0.13010609,1.10353851,-1.23749495,0.07783151,0.22604997,-1.29436910,0.14972168,0.57837796,-1.56550086,-0.05742456,1.44145811,-1.59996617,0.91537810,0.06138749,0.33262468,0.33830789,0.33636506,0.14912034,-0.30601653,0.03574511,-0.11848680,-0.31038988,-0.36770302,0.11475672,-0.25435458,-0.12815309,-0.11339968,-0.30264108,0.83039761,-0.02055454,-0.02758110,-0.00511838,-0.05196997,0.99825458,1.18038845,0.09295642,0.03229135,0.85368919,-0.14210427,0.02791801,0.47654438,0.13163781,0.08395331,0.69119740,-0.12008345,0.03566681,0.10755836,0.57822698,-0.44358012,0.15258281,4.17624998,1.07889891,-0.81899369,-2.72004223,3.28667855,-0.32866782,2.80250764,-2.88597798
1.59820285,0.12867957,-0.14098737,-0.20974637,-0.11188478,0.06400895,0.14586032,1.13771248,-1.36721120,0.06776672,0.33933302,-1.34411871,0.12863125,0.57287244,-1.53420229,-0.06541333,1.47328393,-1.67980540,0.91537810,0.06138749,0.33262468,0.33594260,0.30729475,0.14477413,-0.31194427,0.05320824,-0.11575835,-0.30017676,-0.35785692,0.11283915,-0.24760484,-0.12938452,-0.12065603,-0.30620143,0.86251850,-0.02143054,-0.02969325,-0.00638907,-0.05139292,0.99821654,1.18300419,0.09116845,0.02399832,0.90361328,-0.14202213,0.03576583,0.51807289,0.12740316,0.08833776,0.72147655,-0.12822661,0.02974116,0.80011380,1.70575321,-6.60176849,-0.51589158,5.66980991,-2.54052110,-1.04745523,-0.21099470,1.51039400,-0.39863445,1.54983606,-4.01607199
1.53674581,0.12061787,-0.28990109,0.07942388,-0.08859151,0.20900817,0.16747395,1.15964537,-1.55922322,0.04929695,0.45389041,-1.42312801,0.11397803,0.61329108,-1.54144754,-0.07300182,1.47718651,-1.77527020,0.91537810,0.06138749,0.33262468,0.33065930,0.28113213,0.13944152,-0.31034908,0.08568128,-0.11049403,-0.28537530,-0.33882473,0.11214160,-0.24237560,-0.14016128,-0.12466679,-0.30650792,0.89346104,-0.02239981,-0.02899920,-0.00725140,-0.04941303,0.99833102,1.18693371,0.08874426,0.02031022,0.96787109,-0.14077783,0.04528400,0.56729431,0.12249050,0.08828370,0.74172878,-0.13269176,0.02415138,1.07726290,0.98895829,-9.64377670,-0.94427814,5.71232376,-3.97785888,-0.70362073,2.15876610,-0.47502991,-0.37944287,0.12317276,-4.80894136
1.49944044,0.11468985,-0.35527400,0.32336991,-0.21800202,0.32011888,0.18611456,1.13067451,-1.74772294,0.02444084,0.56413678,-1.50358884,0.10770914,0.69750669,-1.58128371,-0.08219075,1.45548987,-1.87763281,0.91537810,0.06138749,0.33262468,0.32410797,0.25796116,0.13386090,-0.30499165,0.12906373,-0.10549948,-0.26908444,-0.31293514,0.11216821,-0.23814814,-0.15915576,-0.12483797,-0.30417217,0.92367916,-0.02326248,-0.02582292,-0.00923083,-0.04636699,0.99854798,1.19287720,0.08625975,0.01911632,1.04247284,-0.14020541,0.05502353,0.62241077,0.11726320,0.08595983,0.75369759,-0.13290434,0.01993580,0.90913775,-1.74220834,-9.30350952,-1.26508980,5.50029850,-3.98276839,-0.28768147,4.37308178,-2.09218292,-0.47541392,-1.19691174,-5.11570454
1.49141052,0.09754242,-0.33740301,0.50927878,-0.30420422,0.38256953,0.19784482,1.01292810,-1.89093883,-0.00473193,0.67534572,-1.56991246,0.10427027,0.80796554,-1.63327088,-0.09633438,1.40438714,-1.97050958,0.91537810,0.06138749,0.33262468,0.31794852,0.23427421,0.12832730,-0.29933986,0.18277545,-0.10188468,-0.25340248,-0.28330273,0.11180283,-0.23512468,-0.18308129,-0.12320329,-0.29999733,0.95370998,-0.02412899,-0.02075695,-0.01208883,-0.04272659,0.99879800,1.19803085,0.08385072,0.01860866,1.12717819,-0.14115946,0.06454604,0.68091908,0.11131632,0.08282384,0.76083221,-0.13134828,0.01795119,0.54030218,-6.48140979,-6.82943153,-1.47952075,5.58209229,-3.21508145,-0.16940607,5.62307281,-2.62049365,-0.74076092,-2.73711755,-4.55140533
1.50227001,0.06301123,-0.25444434,0.67481077,-0.21730646,0.39536370,0.19936819,0.78044564,-1.95802939,-0.03400152,0.78882176,-1.61342132,0.09569394,0.92516345,-1.67998278,-0.11747466,1.31786323,-2.03830433,0.91537810,0.06138749,0.33262468,0.31344238,0.20747529,0.12381788,-0.29523666,0.24739350,-0.10062763,-0.23743796,-0.25231577,0.11025162,-0.23371233,-0.20899670,-0.12233244,-0.29422964,0.98386383,-0.02529132,-0.01409572,-0.01422039,-0.03891198,0.99904202,1.20029831,0.08210039,0.01820572,1.22272873,-0.14476109,0.07600442,0.74083614,0.10415447,0.07973005,0.76602745,-0.13108432,0.01921274,-0.00279486,-12.47443867,-2.75895572,-1.45400620,5.68564987,-1.99784505,-0.48146006,5.87722015,-2.27227449,-1.11019087,-4.58941650,-3.18513370
1.53553925,0.00527231,-0.11333475,0.81459970,-0.13234100,0.33176670,0.17616513,0.50646442,-1.91897585,-0.05775367,0.89557636,-1.62559216,0.07433094,1.03364370,-1.69208279,-0.14339555,1.18778963,-2.05946417,0.91537810,0.06138749,0.33262468,0.31203080,0.17833898,0.12181189,-0.29264943,0.30746341,-0.10452903,-0.22198527,-0.22064212,0.10766019,-0.23596673,-0.23720045,-0.12417657,-0.28978405,1.01453018,-0.02736812,-0.00588660,-0.01529914,-0.03570629,0.99922787,1.20109081,0.08143473,0.01938137,1.31376934,-0.15352671,0.09004553,0.80211487,0.09573102,0.07606407,0.76908913,-0.13433802,0.02224675,-1.19452281,-13.63367615,2.04155865,-1.17513450,5.31424599,-0.56091925,-1.08337395,5.40225906,-0.54159733,-1.29969413,-6.54902697,-0.98269836
1.60670574,-0.05635569,0.05468562,0.93244160,0.01650554,0.23343955,0.12951972,0.28758342,-1.82665722,-0.07319617,0.98233464,-1.60291297,0.04359975,1.12520034,-1.66640320,-0.17143309,1.03044975,-2.02618580,0.91537810,0.06138749,0.33262468,0.31389859,0.14877497,0.12274343,-0.29221690,0.35240594,-0.11223360,-0.21155630,-0.18990928,0.10404967,-0.24302875,-0.26747377,-0.12779982,-0.28706027,1.04637337,-0.03058867,0.00339445,-0.01498307,-0.03346883,0.99932168,1.20304050,0.08190732,0.02168169,1.39046459,-0.16618941,0.10234229,0.86386490,0.08595543,0.07086984,0.77093544,-0.14017408,0.02683832,-2.39484620,-10.71996574,4.70417242,-0.75139436,4.25536871,1.24434611,-1.55412161,4.51736174,1.34476081,-1.40479419,-7.91291800,1.83183275
1.70876926,-0.09750199,0.19668829,1.06094690,0.21563891,0.13609534,0.07285815,0.14331034,-1.70721896,-0.08350708,1.04312651,-1.54330556,0.00785152,1.19203799,-1.61087403,-0.19816253,0.86432141,-1.93713903,0.91537810,0.06138749,0.33262468,0.31841547,0.11859386,0.12567847,-0.29454511,0.38126974,-0.12005092,-0.21278721,-0.16184527,0.10013728,-0.25505439,-0.29792674,-0.13200173,-0.28494893,1.08006306,-0.03478258,0.01385132,-0.01256931,-0.03220205,0.99930635,1.20654297,0.08295617,0.02387036,1.45276279,-0.17926006,0.10562826,0.92503872,0.07562041,0.06336108,0.77421703,-0.14722371,0.03346654,-2.80808835,-6.91574221,6.06662703,-0.50569035,2.94501948,3.12887893,-1.80245733,3.21563220,2.95339088,-1.31755638,-8.30245228,4.67419300
1.80211731,-0.10834566,0.26770161,1.08916672,0.12285436,0.08435987,0.03584552,0.06548591,-1.58356659,-0.09091949,1.08341811,-1.45399830,-0.02454105,1.25079710,-1.54856133,-0.21857963,0.70772823,-1.80729599,0.91537810,0.06138749,0.33262468,0.32428781,0.08823042,0.12969997,-0.29770015,0.39669848,-0.12239062,-0.22555820,-0.13652967,0.09727934,-0.27115494,-0.32754813,-0.13499732,-0.28172036,1.11557865,-0.03946068,0.02471829,-0.01076264,-0.03147006,0.99914103,1.21185837,0.08438158,0.02658766,1.50371494,-0.18676772,0.09872962,0.98549442,0.06628294,0.05313287,0.78012714,-0.15340953,0.04256746,-1.67913222,-3.52464647,6.13004446,-0.35149068,1.90415082,4.61385255,-1.57102599,2.98342013,3.00653720,-0.97664695,-7.73827152,6.67825937
1.83789802,-0.09775591,0.23727313,0.97772093,-0.03080806,0.10357853,0.01320919,0.05904306,-1.49039781,-0.09943241,1.10660756,-1.35846663,-0.04534822,1.31413805,-1.50186646,-0.22788005,0.57389402,-1.66766846,0.91537810,0.06138749,0.33262468,0.32971138,0.06170335,0.13296678,-0.29995409,0.39647113,-0.12142379,-0.24512950,-0.11440537,0.09719746,-0.28720920,-0.35452119,-0.13536737,-0.27560852,1.15195370,-0.04403949,0.03468026,-0.01052964,-0.03057663,0.99887511,1.22175980,0.08485806,0.02975729,1.54015923,-0.18974316,0.08458187,1.04377651,0.06004524,0.04250218,0.78974152,-0.15722930,0.05410285,-1.07380307,0.20838617,4.37988997,-0.44621584,1.04366541,4.76458263,-0.94880557,3.19013333,2.23311424,-0.37595806,-6.50981379,6.98616695
1.79963002,-0.06658311,0.15186863,0.71587893,-0.15335510,0.11321800,-0.00442187,0.11685452,-1.43343408,-0.11127558,1.12484329,-1.30541852,-0.05608844,1.37805200,-1.49395061,-0.21865640,0.48038825,-1.55062649,0.91537810,0.06138749,0.33262468,0.33345191,0.04576863,0.13377627,-0.29900994,0.38026194,-0.12028955,-0.26781306,-0.09869550,0.10212603,-0.29941010,-0.37227324,-0.13459557,-0.26677271,1.18776474,-0.04780078,0.04197947,-0.01173655,-0.02945091,0.99861535,1.24145374,0.08299811,0.03444197,1.56015015,-0.19062173,0.06563886,1.09535503,0.06004622,0.03404182,0.80810680,-0.15988638,0.06667921,-0.86321384,2.94266005,2.81985550,-0.59347705,0.92830317,2.54549770,-0.52364194,3.19583535,0.32817075,0.48189189,-4.60461245,5.79853926
1.70403242,-0.03111952,-0.01194186,0.38351489,-0.37932691,0.02328457,-0.00751427,0.20804972,-1.39953091,-0.12394211,1.15678828,-1.33499353,-0.05954539,1.44053497,-1.53490090,-0.19671329,0.44096228,-1.47563441,0.91537810,0.06138749,0.33262468,0.33431653,0.04431649,0.13265939,-0.29261367,0.35525898,-0.11686996,-0.28869115,-0.09267784,0.11014979,-0.30802794,-0.37745926,-0.13370742,-0.25769668,1.22185822,-0.05047836,0.04609612,-0.01526882,-0.02899993,0.99839923,1.27396832,0.07931764,0.04170286,1.56955643,-0.18822262,0.04562537,1.13587971,0.06497662,0.02628859,0.83713017,-0.16155264,0.07661985,-0.10092844,4.63316088,1.60620687,-0.63496763,1.65175860,-1.77044392,-0.16685820,3.10914636,-2.19806654,1.12080193,-1.78387985,3.59689951
1.60179128,-0.01235348,-0.22789192,0.06339220,-0.49922598,-0.19538239,0.00545117,0.32398255,-1.41178432,-0.13590870,1.20120716,-1.45925913,-0.06120597,1.49147012,-1.62346122,-0.17217253,0.47278646,-1.46211436,0.91537810,0.06138749,0.33262468,0.33131435,0.05966613,0.13029638,-0.27975782,0.32578353,-0.11096340,-0.30103424,-0.10069231,0.11804552,-0.31254448,-0.36855468,-0.13392845,-0.24955651,1.25412884,-0.05235541,0.04710344,-0.02029989,-0.03051105,0.99821754,1.32186871,0.07393198,0.05155652,1.57229156,-0.18358140,0.03028011,1.16105728,0.07178714,0.01876987,0.87788315,-0.16284776,0.08175783,0.70146744,5.89721489,-0.89633276,-0.58804749,2.23666463,-6.57679939,-0.07704417,2.46128359,-4.60301218,1.20572124,1.92887335,0.36669163
1.53613540,-0.01762431,-0.40169845,-0.25917456,-0.42660475,-0.40179100,0.02248689,0.45942656,-1.47794499,-0.13850116,1.23092146,-1.62979870,-0.06041323,1.51582277,-1.74044306,-0.16038400,0.58204195,-1.52848380,0.91537810,0.06138749,0.33262468,0.32503279,0.08758626,0.12916309,-0.26311866,0.29478220,-0.10672217,-0.30217294,-0.12324246,0.12083265,-0.30997497,-0.34770110,-0.13493861,-0.24283406,1.28523808,-0.05413430,0.04492759,-0.02493672,-0.03406045,0.99809797,1.38168888,0.06855106,0.06191413,1.57178726,-0.18131814,0.02285985,1.17079620,0.07506435,0.01505783,0.92891006,-0.16429253,0.08219874,0.83929336,6.86673813,-3.56344395,-0.04616386,1.32294841,-8.62619877,0.05818556,1.03728099,-5.95831013,0.48322103,5.89942284,-3.80805587
1.51064865,-0.01744619,-0.41808225,-0.51463210,-0.17009792,-0.48750830,0.04233806,0.59247535,-1.55509400,-0.13505295,1.20889437,-1.79821002,-0.05562943,1.49537778,-1.86358893,-0.16056015,0.71987867,-1.61894941,0.91537810,0.06138749,0.33262468,0.31819850,0.12550741,0.12840034,-0.24719600,0.26502547,-0.10400160,-0.29849878,-0.15163150,0.11867047,-0.30368693,-0.31727561,-0.13607794,-0.23776059,1.31582928,-0.05618238,0.04007486,-0.02740837,-0.03861589,0.99807394,1.45113373,0.06184924,0.07100250,1.57176208,-0.18089497,0.01969972,1.17409706,0.07415092,0.01451157,0.98875237,-0.16664374,0.08043791,1.02695906,6.58121777,-3.83962846,0.19108771,-1.53738487,-8.34967327,0.26982597,-1.38005006,-6.16432381,-0.07535129,6.95932341,-4.51945066
1.50616722,0.00935226,-0.34230034,-0.63247750,0.06058312,-0.50371841,0.06506872,0.71738458,-1.61441679,-0.13467761,1.08690851,-1.92970028,-0.03898394,1.42135131,-1.96719923,-0.16225701,0.84877698,-1.68403339,0.91537810,0.06138749,0.33262468,0.31288798,0.17581120,0.12603751,-0.23370947,0.23538891,-0.10161614,-0.29489484,-0.18014350,0.11528978,-0.29758371,-0.28183820,-0.13533836,-0.23430845,1.34620743,-0.05823524,0.03361586,-0.02728146,-0.04349674,0.99811509,1.53251419,0.05169575,0.07917851,1.57164516,-0.18034832,0.01799314,1.17701092,0.07259271,0.01530427,1.05346661,-0.16801710,0.07857953,1.12818364,6.22656898,-2.92315557,0.02576673,-6.25577202,-6.47834692,0.85809114,-3.75790329,-5.13615952,-0.07829582,6.43006802,-3.20409231
1.50802051,0.06051176,-0.22906719,-0.68844382,0.16736444,-0.46203169,0.08130026,0.82732277,-1.64257507,-0.12541388,0.86487751,-1.98618684,-0.00483318,1.30731966,-2.03565912,-0.15774163,0.96630738,-1.71467228,0.91537810,0.06138749,0.33262468,0.30972986,0.23421381,0.12561637,-0.22156311,0.20645969,-0.10140572,-0.29301775,-0.20936413,0.11324974,-0.29333645,-0.24604359,-0.13096790,-0.23357050,1.37653694,-0.05977967,0.02656856,-0.02612061,-0.04801149,0.99815165,1.62186737,0.04243853,0.08816675,1.57214375,-0.18080323,0.01671211,1.17919254,0.07331440,0.01639341,1.11891193,-0.16617231,0.07615937,0.78833143,5.44165745,-1.31118671,0.51707141,-11.31960373,-2.55511808,1.75350792,-5.81873226,-3.29326630,0.25515425,5.83707657,-1.43802593
1.53920148,0.13144532,-0.07921939,-0.75638983,0.29968943,-0.35673203,0.08959429,0.91828771,-1.63716688,-0.08739534,0.60423449,-1.94836311,0.04324152,1.15875039,-2.05307746,-0.14251693,1.06605873,-1.71424749,0.91537810,0.06138749,0.33262468,0.30939326,0.28999761,0.13127246,-0.21153118,0.17791465,-0.10369313,-0.29338411,-0.23828444,0.11362925,-0.29015375,-0.21181940,-0.12343660,-0.23714992,1.40739479,-0.06039944,0.01885541,-0.02373521,-0.05155855,0.99820981,1.70946560,0.04002118,0.09786209,1.57356853,-0.18202252,0.01600915,1.18221092,0.07738049,0.01923951,1.18389320,-0.16115208,0.07224335,0.38181735,4.46901779,0.41261957,2.08070536,-12.98216133,2.29586921,2.45103369,-7.53953886,-0.61995794,0.80955770,4.88866262,0.14403962
1.60873809,0.20485823,0.10451016,-0.84776213,0.52116235,-0.21962515,0.09288325,0.99236474,-1.59567347,-0.01747863,0.37601336,-1.83101792,0.09822739,0.98762207,-2.01123281,-0.12025183,1.14350600,-1.67969897,0.91537810,0.06138749,0.33262468,0.31237316,0.33494005,0.14306449,-0.20831852,0.14703591,-0.10779292,-0.29643477,-0.26785831,0.11505152,-0.28839758,-0.18006403,-0.11383066,-0.24563075,1.43953323,-0.05995369,0.01017940,-0.01928773,-0.05378713,0.99831423,1.78795033,0.04614916,0.10405464,1.57408466,-0.18297720,0.01593839,1.18564720,0.08331811,0.02397558,1.24824181,-0.15369835,0.06674241,0.14728197,3.61420135,2.29331282,3.63503866,-11.13682594,6.25779061,2.77110624,-8.67093058,2.43390350,1.13533623,3.74822741,1.94586323
1.70495424,0.26127886,0.26616840,-0.94076624,0.60193518,-0.11212692,0.09529384,1.04757905,-1.51739585,0.05425041,0.19668216,-1.66100478,0.15004665,0.81054324,-1.91407394,-0.09660048,1.20160651,-1.61164391,0.91537810,0.06138749,0.33262468,0.31826863,0.36965884,0.15501515,-0.21547545,0.11368856,-0.11255874,-0.30137068,-0.29929409,0.11604595,-0.28821303,-0.15049883,-0.10396598,-0.25880420,1.47355366,-0.05861592,0.00057087,-0.01385704,-0.05492511,0.99839416,1.85799026,0.05489993,0.10279317,1.57420444,-0.18297017,0.01689795,1.18880081,0.08957124,0.03005560,1.31255531,-0.14543962,0.05946442,0.12032881,2.61691308,4.17240143,3.53497338,-8.61477566,8.83207035,2.54839039,-8.85618877,5.24024916,1.18538928,2.77362561,3.62859941
1.79767057,0.28255390,0.30973141,-0.99558744,0.44576310,-0.08414032,0.10118559,1.07864950,-1.41248121,0.08707300,0.09820511,-1.49778323,0.18466014,0.66153551,-1.78611729,-0.07527533,1.25830364,-1.55607641,0.91537810,0.06138749,0.33262468,0.32512933,0.38724692,0.15884061,-0.23390872,0.08178980,-0.11664012,-0.30608752,-0.32773722,0.11649062,-0.28442948,-0.12634279,-0.09760448,-0.27393187,1.50975285,-0.05685780,-0.00963450,-0.00987116,-0.05562705,0.99835633,1.91222706,0.05805531,0.09122061,1.57810211,-0.18184927,0.01904181,1.19695683,0.09526188,0.04069985,1.37336464,-0.13984811,0.05119746,0.29336632,1.52377070,5.26398277,1.59918101,-4.80736980,8.09617414,1.70153036,-7.39433336,6.39812946,1.05912936,2.84639001,2.73983409
1.84879046,0.27562702,0.26710303,-0.93048487,0.16103806,-0.11992319,0.10484462,1.09167836,-1.30162597,0.09712671,0.07647460,-1.37872038,0.19932311,0.54992095,-1.66134202,-0.06044171,1.32043762,-1.52512429,0.91537810,0.06138749,0.33262468,0.33104788,0.38733873,0.15785928,-0.25690052,0.05473478,-0.12104291,-0.30932123,-0.35110680,0.11606822,-0.27784938,-0.10816334,-0.09621852,-0.28811811,1.54700794,-0.05532281,-0.01911693,-0.00862126,-0.05670063,0.99817095,1.94969082,0.05780253,0.07414736,1.58772888,-0.18177078,0.02172665,1.21124783,0.09963834,0.05319850,1.42867432,-0.13871624,0.04292977,0.16673013,0.61978478,5.51091194,0.48473788,-0.90147240,5.83607149,0.67936384,-5.48705816,6.20546246,0.71240674,3.10339856,1.49415629
1.84398642,0.25201418,0.18317544,-0.74792468,-0.05992010,-0.13944774,0.10421585,1.09144855,-1.21456254,0.10441712,0.10749115,-1.29259522,0.19652885,0.47166420,-1.55406075,-0.05696348,1.38292987,-1.52073219,0.91537810,0.06138749,0.33262468,0.33542367,0.37394213,0.15699151,-0.28066675,0.03741292,-0.12574725,-0.31091471,-0.36747318,0.11405807,-0.27021860,-0.09547416,-0.09936939,-0.30006433,1.58421669,-0.05432296,-0.02674245,-0.00948129,-0.05804496,0.99791068,1.97377377,0.05847924,0.05475692,1.60687256,-0.18354683,0.02450896,1.23235588,0.10136826,0.06520508,1.47791595,-0.14201415,0.03535934,-0.04187384,-0.08076095,4.17895284,0.37278250,1.70819209,4.21102204,-0.20671569,-3.76659832,5.25572443,0.11890554,3.13479543,0.06090406
1.77682838,0.21678562,0.05324249,-0.51572396,-0.15567590,-0.07171115,0.10779948,1.09886193,-1.21625788,0.10649549,0.17233208,-1.23889620,0.17954073,0.43517861,-1.48182201,-0.06300681,1.44266455,-1.55727160,0.91537810,0.06138749,0.33262468,0.33744823,0.35129243,0.15547078,-0.30194742,0.03674483,-0.12792189,-0.30857098,-0.37351963,0.11122332,-0.26171816,-0.09073417,-0.10635584,-0.30838305,1.62018280,-0.05402026,-0.03207787,-0.01126478,-0.05886210,0.99768701,1.98722630,0.05936673,0.03550080,1.64173889,-0.18535771,0.02887725,1.26220589,0.10005786,0.07573007,1.51765022,-0.14905355,0.02906518,0.23174060,0.51637169,-0.79813666,0.04353636,3.42292581,2.45592494,-0.92434210,-1.55280685,3.36984987,-0.34237619,2.94897485,-2.07758454
1.67698623,0.17883126,-0.13681600,-0.20306080,-0.05814472,0.09390736,0.12647237,1.12886381,-1.34618616,0.09167807,0.27256447,-1.26523864,0.15406542,0.46072647,-1.46694064,-0.07131760,1.48664296,-1.63859975,0.91537810,0.06138749,0.33262468,0.33597726,0.32345134,0.14963815,-0.31322416,0.05530300,-0.12410145,-0.29961209,-0.36637812,0.10936364,-0.25308786,-0.09936128,-0.11518889,-0.31167877,1.65424442,-0.05443239,-0.03450337,-0.01219224,-0.05816928,0.99763581,1.99278831,0.05692458,0.02275310,1.69487381,-0.18408132,0.03636517,1.30291462,0.09643412,0.08288939,1.54226780,-0.15740025,0.02429849,1.05825746,1.65312755,-7.42205811,-0.87963802,5.27509403,-2.00302362,-1.32116938,1.76199126,0.29153821,-0.41810897,2.06023693,-4.38898802
1.61813998,0.16331378,-0.32174753,0.14957029,0.06006273,0.24850001,0.15217288,1.14594507,-1.55126143,0.06439315,0.39419860,-1.36244156,0.13380984,0.54814086,-1.50891609,-0.07821414,1.49787669,-1.75083253,0.91537810,0.06138749,0.33262468,0.33027238,0.29562294,0.14175948,-0.31246056,0.09072857,-0.11688062,-0.28491280,-0.34613989,0.10935963,-0.24526507,-0.12150238,-0.12076193,-0.30987568,1.68690357,-0.05519929,-0.03310042,-0.01155931,-0.05570934,0.99783126,1.99637527,0.05304089,0.01781182,1.76416740,-0.18138587,0.04535958,1.35496044,0.09172285,0.08500730,1.55280628,-0.16180224,0.02039669,1.28123410,0.78686420,-10.25480270,-1.37067931,6.08511562,-4.87219000,-0.99784106,4.42717323,-2.14487586,-0.34694996,0.52134987,-5.62761450
1.59892668,0.15071713,-0.39466329,0.40593542,-0.09061397,0.31984770,0.17424805,1.10656328,-1.74515676,0.03371474,0.51742922,-1.46103475,0.12263100,0.66780200,-1.57442412,-0.08750867,1.47994275,-1.86838386,0.91537810,0.06138749,0.33262468,0.32309817,0.26918508,0.13473963,-0.30734605,0.13674363,-0.11018847,-0.26844389,-0.31851793,0.10988956,-0.23906789,-0.14910323,-0.12212881,-0.30550076,1.71918087,-0.05600634,-0.02907248,-0.01225326,-0.05260284,0.99811702,2.00095482,0.04991260,0.01575212,1.84368172,-0.17986052,0.05465428,1.41386662,0.08651593,0.08403028,1.55814915,-0.16191196,0.01759741,1.08646214,-2.19772621,-9.57776756,-1.53568795,6.16044827,-4.88333960,-0.54286261,6.02325478,-3.28020978,-0.47809281,-0.98668950,-5.85087156
1.60606689,0.12651313,-0.35858860,0.57857646,-0.19100109,0.33809221,0.18995715,0.97192726,-1.88560932,0.00277742,0.64205413,-1.54065473,0.11405564,0.79834275,-1.64046326,-0.10246520,1.42830179,-1.97060728,0.91537810,0.06138749,0.33262468,0.31665576,0.24184004,0.12901281,-0.30168533,0.19309004,-0.10504164,-0.25222058,-0.28750850,0.10972294,-0.23488518,-0.17793271,-0.12178518,-0.29950751,1.75155334,-0.05695827,-0.02329038,-0.01394209,-0.04935722,0.99841226,2.00486755,0.04774523,0.01497042,1.93342571,-0.18040848,0.06443518,1.47617512,0.08039927,0.08177058,1.56254711,-0.16072879,0.01714825,0.75638682,-7.22706928,-6.72219772,-1.54591990,6.24735298,-3.88390574,-0.43489164,6.55543709,-3.29765058,-0.77771324,-2.73913317,-5.01128006
1.62039949,0.08571972,-0.25476253,0.74471716,-0.15102849,0.32569047,0.19524805,0.73064580,-1.94092200,-0.02647089,0.76744916,-1.59389508,0.09915340,0.92408805,-1.68861871,-0.12421467,1.33785975,-2.04358840,0.91537810,0.06138749,0.33262468,0.31227169,0.21184983,0.12490342,-0.29716152,0.25786009,-0.10247691,-0.23571560,-0.25527116,0.10836407,-0.23288200,-0.20661216,-0.12240268,-0.29313683,1.78409424,-0.05833395,-0.01591645,-0.01525068,-0.04622085,0.99868800,2.00652428,0.04657598,0.01511017,2.03144779,-0.18407001,0.07655609,1.53985958,0.07302651,0.07938969,1.56710949,-0.16123495,0.01913486,0.18943117,-12.63525829,-2.21466475,-1.44647098,6.26134491,-2.49531407,-0.80225716,6.21091003,-2.23324142,-1.12551600,-4.75302701,-3.45652313
1.64272276,0.02252922,-0.09797182,0.87851769,-0.14494817,0.26993260,0.17979382,0.45866248,-1.90159571,-0.05134856,0.88491768,-1.61533105,0.07252104,1.04009378,-1.70195901,-0.14990047,1.20533168,-2.07339573,0.91537810,0.06138749,0.33262468,0.31093025,0.18054993,0.12292517,-0.29386081,0.31784648,-0.10445051,-0.21992001,-0.22211781,0.10606303,-0.23456465,-0.23672993,-0.12541469,-0.28845589,1.81687164,-0.06061935,-0.00720911,-0.01633534,-0.04359109,0.99888989,2.00742054,0.04615140,0.01706944,2.12443924,-0.19229496,0.09101024,1.60481071,0.06434405,0.07636560,1.57013893,-0.16498828,0.02247436,-0.94260597,-13.62059116,2.63721919,-1.20814955,5.79836321,-0.83710665,-1.42034674,5.74106789,-0.40612933,-1.30463171,-6.93180037,-1.15489471
1.70559012,-0.04168906,0.07694832,0.99484317,0.00471502,0.18290066,0.13800983,0.25085357,-1.80325274,-0.06799646,0.97485373,-1.59213407,0.03558478,1.13620870,-1.66831486,-0.17899957,1.04040977,-2.03587000,0.91537810,0.06138749,0.33262468,0.31346052,0.14971868,0.12387896,-0.29343801,0.36039154,-0.11069214,-0.21057910,-0.19063719,0.10228798,-0.24232913,-0.26965672,-0.13035968,-0.28580830,1.85068321,-0.06428368,0.00271105,-0.01596125,-0.04191085,0.99899017,2.01026363,0.04660261,0.02002251,2.20052185,-0.20481033,0.10288142,1.66929607,0.05363185,0.07113139,1.57104378,-0.17156918,0.02765222,-2.11787152,-10.27971783,4.95990324,-0.82558146,4.45308328,1.21962538,-1.85357189,4.75462918,1.72813354,-1.45477593,-8.26383762,1.96813622
1.79174230,-0.08070475,0.21820742,1.14386776,0.19999851,0.10946619,0.08757713,0.11778599,-1.68016477,-0.08048828,1.03670189,-1.52969625,-0.00462543,1.20105736,-1.60476425,-0.20574002,0.86839298,-1.93865435,0.91537810,0.06138749,0.33262468,0.31858872,0.11841897,0.12667511,-0.29595181,0.38699413,-0.11652066,-0.21431220,-0.16225361,0.09842769,-0.25546589,-0.30119027,-0.13527412,-0.28397788,1.88604050,-0.06892197,0.01402880,-0.01345709,-0.04097003,0.99897125,2.01447849,0.04758260,0.02263691,2.26213799,-0.21688209,0.10427652,1.73243351,0.04251921,0.06312283,1.57474327,-0.17896154,0.03461084,-2.46476102,-6.45960293,6.18807173,-0.61709626,3.03012490,3.21541772,-2.00945539,3.18535256,3.24696469,-1.31433227,-8.58307629,4.99843149
1.85973037,-0.08499272,0.27071239,1.14576327,0.09553857,0.08990506,0.05648348,0.05135802,-1.55974853,-0.09076586,1.07706742,-1.43892486,-0.03893975,1.25732703,-1.53818939,-0.22354898,0.70856712,-1.80358610,0.91537810,0.06138749,0.33262468,0.32472672,0.08765211,0.13022354,-0.29907423,0.40000784,-0.11692221,-0.22877233,-0.13653756,0.09633849,-0.27211480,-0.33096820,-0.13842076,-0.28095450,1.92274113,-0.07389772,0.02550104,-0.01188454,-0.04023988,0.99879388,2.02065430,0.04879732,0.02565250,2.31196270,-0.22283945,0.09595439,1.79445648,0.03318477,0.05261192,1.58164749,-0.18505251,0.04377223,-1.47504005,-3.04255354,5.92674732,-0.50672604,1.92801602,4.63485117,-1.65886693,2.84185386,3.22011685,-0.84651318,-7.90490856,6.85663986
1.86972803,-0.06848918,0.22676234,1.00684798,0.02850439,0.12954650,0.03252152,0.05165819,-1.47306693,-0.10226856,1.10009336,-1.34503982,-0.06114216,1.31446128,-1.49407074,-0.22827422,0.57681968,-1.66564507,0.91537810,0.06138749,0.33262468,0.33002983,0.06104944,0.13275992,-0.30132696,0.39782747,-0.11578331,-0.24872971,-0.11516881,0.09772054,-0.28752614,-0.35609986,-0.13892881,-0.27484236,1.95980701,-0.07858818,0.03574843,-0.01112832,-0.03913202,0.99853237,2.03114853,0.04893680,0.02870288,2.34725018,-0.22542233,0.08130012,1.85271378,0.02792096,0.04250369,1.59384918,-0.18896568,0.05518747,-1.20642347,0.40344503,4.09079762,-0.59453923,1.06816142,4.62910643,-1.04585037,2.83698726,2.08999572,-0.14935951,-6.39297123,6.82255077
1.81877476,-0.03687444,0.14523097,0.73954669,-0.03612349,0.15652891,0.01075634,0.10710618,-1.42131758,-0.11445576,1.11736023,-1.28660059,-0.07289091,1.36955225,-1.48330188,-0.21756859,0.48191589,-1.54992735,0.91537810,0.06138749,0.33262468,0.33377451,0.04344386,0.13374101,-0.30084585,0.38179875,-0.11516629,-0.27092814,-0.09989501,0.10334829,-0.29912085,-0.37299378,-0.13798889,-0.26672335,1.99609089,-0.08247459,0.04355606,-0.01102619,-0.03767479,0.99827947,2.04959869,0.04756749,0.03292866,2.36800480,-0.22639680,0.06284636,1.90436077,0.02818465,0.03465366,1.61366749,-0.19164252,0.06705116,-1.06212819,3.12965918,2.35978580,-0.60650283,0.84732050,2.60007596,-0.51503551,2.74397826,0.26291370,0.64613873,-4.47395325,5.60090256
1.71446818,-0.00392937,-0.01093984,0.37464048,-0.28825640,0.06914388,0.00454943,0.20322055,-1.39621830,-0.12512505,1.14957480,-1.32105286,-0.07374613,1.42382171,-1.52695763,-0.19290982,0.44205797,-1.47635164,0.91537810,0.06138749,0.33262468,0.33447162,0.04237316,0.13310253,-0.29417147,0.35532302,-0.11247626,-0.29123426,-0.09418516,0.11219747,-0.30706935,-0.37611227,-0.13636145,-0.25857825,2.03033428,-0.08512647,0.04749559,-0.01366433,-0.03684241,0.99809824,2.08255310,0.04443033,0.04030015,2.37623978,-0.22388794,0.04323736,1.94481297,0.03380721,0.02740227,1.64506893,-0.19294806,0.07589337,-0.28620635,4.83950338,1.20663061,-0.53211349,1.63533630,-1.87303147,-0.04047739,2.70718408,-2.25572624,1.24094932,-1.90640643,3.61032197
1.60905649,0.01266656,-0.21924830,0.05541931,-0.45071114,-0.14966660,0.01351914,0.32287488,-1.41432238,-0.13376847,1.19334059,-1.45032451,-0.07320730,1.46973741,-1.61548584,-0.16662616,0.46664326,-1.45804949,0.91537810,0.06138749,0.33262468,0.33140264,0.05866392,0.13158474,-0.28108676,0.32488388,-0.10772622,-0.30282039,-0.10086573,0.12057254,-0.31149119,-0.36638491,-0.13597519,-0.25107053,2.06268177,-0.08697441,0.04836815,-0.01818750,-0.03798055,0.99794149,2.13138046,0.03966086,0.05031588,2.37822571,-0.21958849,0.02858224,1.97147732,0.04106224,0.01991144,1.68684940,-0.19410605,0.08033211,0.47955626,6.04918966,-1.09557142,-0.41866803,2.18076181,-6.65968561,0.02946371,2.24368982,-4.51044111,1.29037778,1.44124843,0.70468996
1.53909745,0.00690537,-0.38344543,-0.26720603,-0.43134094,-0.35786288,0.02805662,0.45795193,-1.48177099,-0.13449444,1.22087085,-1.62097623,-0.07048037,1.49304130,-1.72788148,-0.15347879,0.56473912,-1.51598055,0.91537810,0.06138749,0.33262468,0.32525226,0.08719825,0.13080829,-0.26460014,0.29415676,-0.10432326,-0.30329038,-0.12105024,0.12364036,-0.30947607,-0.34633821,-0.13653305,-0.24468070,2.09379139,-0.08871927,0.04606727,-0.02280790,-0.04115608,0.99782954,2.19170742,0.03427176,0.06065212,2.37810555,-0.21747098,0.02196188,1.98359604,0.04468644,0.01577619,1.73717537,-0.19556704,0.08057156,0.72040991,6.77513275,-3.48514056,0.01587045,1.22921273,-8.55417919,0.15318300,1.04326625,-5.69039392,0.57361596,5.21593056,-3.23804965
1.50599145,0.00627635,-0.41161325,-0.53106567,-0.24269303,-0.44665622,0.04573482,0.58975717,-1.55690870,-0.13056180,1.19576042,-1.78694355,-0.06260561,1.47763002,-1.84857221,-0.15373419,0.69998811,-1.60702703,0.91537810,0.06138749,0.33262468,0.31846249,0.12575809,0.12997101,-0.24887333,0.26503756,-0.10235471,-0.29917534,-0.14833035,0.12129113,-0.30341667,-0.31721279,-0.13708135,-0.23952031,2.12426662,-0.09070010,0.04103314,-0.02591954,-0.04530285,0.99779362,2.26152439,0.02706180,0.06958916,2.37868233,-0.21716766,0.01928715,1.98781052,0.04381073,0.01504582,1.79571877,-0.19780545,0.07894218,0.92178124,6.53626308,-3.72106624,0.19104944,-1.63462831,-8.22992802,0.42837961,-1.03578749,-6.04687452,-0.06304497,6.82284260,-4.54198112
1.49185176,0.02784516,-0.35266767,-0.67756680,0.00574266,-0.45751397,0.06774805,0.71501094,-1.61798632,-0.12970801,1.08466196,-1.92335844,-0.04475683,1.41584778,-1.95595205,-0.15702768,0.83043951,-1.67938054,0.91537810,0.06138749,0.33262468,0.31277001,0.17544844,0.12760743,-0.23528256,0.23599774,-0.10037513,-0.29506744,-0.17616030,0.11718843,-0.29739334,-0.28291708,-0.13611922,-0.23572738,2.15440845,-0.09270418,0.03434270,-0.02669258,-0.04967797,0.99781771,2.34185886,0.01651192,0.07748745,2.37904930,-0.21642399,0.01770257,1.99099827,0.04169333,0.01537667,1.85917950,-0.19952357,0.07704262,1.12507641,6.22417307,-2.93118930,0.01469225,-6.22524929,-6.55943823,0.97485840,-3.42020965,-5.22971344,-0.16991793,6.44439650,-3.43591666
1.48763460,0.07618937,-0.23931688,-0.73274778,0.11647178,-0.41001614,0.08337843,0.82513332,-1.64431446,-0.12006300,0.85673639,-1.97541580,-0.00702658,1.30511472,-2.02781334,-0.15417448,0.95245023,-1.71441500,0.91537810,0.06138749,0.33262468,0.30946670,0.23525129,0.12696463,-0.22336619,0.20720042,-0.10056032,-0.29307624,-0.20571233,0.11444670,-0.29322805,-0.24682679,-0.13116478,-0.23483661,2.18436298,-0.09419818,0.02687074,-0.02607476,-0.05363247,0.99785852,2.43200798,0.00647526,0.08610051,2.37942104,-0.21665938,0.01639046,1.99229183,0.04190576,0.01623865,1.92475491,-0.19779022,0.07463009,0.76860967,5.48017330,-1.26865043,0.52375851,-11.47488804,-2.45921928,1.90919328,-5.59967804,-3.52419927,0.15951150,6.07603569,-1.69904136
1.51948302,0.14438078,-0.08487272,-0.78033548,0.27731563,-0.30553183,0.09043166,0.91702087,-1.63641808,-0.07879450,0.59690906,-1.93048391,0.04510438,1.15514429,-2.04792528,-0.13943071,1.05594792,-1.71522195,0.91537810,0.06138749,0.33262468,0.30908555,0.29098035,0.13319255,-0.21380771,0.17820259,-0.10333155,-0.29354294,-0.23530513,0.11454247,-0.29024331,-0.21159864,-0.12284039,-0.23830295,2.21487179,-0.09479327,0.01890064,-0.02393115,-0.05661305,0.99793037,2.51914063,0.00435457,0.09527784,2.38013096,-0.21776879,0.01554261,1.99416065,0.04583061,0.01884224,1.99064732,-0.19270718,0.07078260,0.33143447,4.54175625,0.49828287,2.17211933,-12.91733418,2.49824358,2.63715167,-7.57576675,-0.83242888,0.77183620,5.11225433,0.03851795
1.58984255,0.21554922,0.09943788,-0.86851673,0.49618084,-0.17860931,0.09229650,0.99092510,-1.59100549,-0.00949034,0.37036361,-1.80718119,0.10373371,0.98302944,-2.00715077,-0.11716144,1.13670030,-1.68068311,0.91537810,0.06138749,0.33262468,0.31208525,0.33593656,0.14486928,-0.21135809,0.14682220,-0.10796113,-0.29680310,-0.26564901,0.11583848,-0.28865859,-0.17914860,-0.11244927,-0.24665902,2.24670238,-0.09435160,0.00999149,-0.01969584,-0.05836918,0.99805074,2.59728031,0.01022182,0.10072715,2.37988605,-0.21874804,0.01528214,1.99642944,0.05176959,0.02342665,2.05562859,-0.18507018,0.06542623,0.08381215,3.62061930,2.43886309,3.52817497,-11.14251633,6.44554520,2.93524222,-8.67269611,2.30125363,1.11942255,3.93542562,1.92266877
1.68501215,0.26811829,0.24807062,-0.94960581,0.58616400,-0.08619409,0.09378052,1.04340477,-1.51172764,0.05632719,0.19430366,-1.63826730,0.15641951,0.80780447,-1.91161325,-0.09374787,1.19702277,-1.61426823,0.91537810,0.06138749,0.33262468,0.31778269,0.37007401,0.15564927,-0.21899885,0.11413732,-0.11310506,-0.30175322,-0.29724433,0.11670452,-0.28844487,-0.14954702,-0.10239685,-0.25939300,2.28041248,-0.09308145,0.00023494,-0.01443185,-0.05918443,0.99814271,2.66629047,0.01773210,0.09878384,2.38038006,-0.21888514,0.01602947,1.99904709,0.05794058,0.02933781,2.11981010,-0.17708325,0.05838969,0.07982280,2.48432989,4.13431115,3.19304285,-8.48289757,8.62139645,2.57107854,-8.72539616,5.06197743,1.17616231,2.91401744,3.44377732
1.77735087,0.28964035,0.29920846,-1.00623241,0.47221445,-0.07613312,0.09924731,1.07525003,-1.41247511,0.08937219,0.08959027,-1.47643304,0.19268380,0.65694219,-1.78811669,-0.07160544,1.25442100,-1.55898845,0.91537810,0.06138749,0.33262468,0.32436126,0.38889383,0.15945280,-0.23636340,0.08307019,-0.11740060,-0.30639942,-0.32593419,0.11726503,-0.28490242,-0.12490533,-0.09569593,-0.27378801,2.31601429,-0.09146893,-0.01003686,-0.01011350,-0.05979508,0.99810898,2.72114086,0.02049565,0.08799787,2.38449955,-0.21793365,0.01796184,2.00638008,0.06380773,0.03945884,2.18059349,-0.17159545,0.05057325,0.31035614,1.45574558,5.07716370,1.37344110,-4.68225288,7.93306541,1.68060505,-7.31741285,6.31186676,1.09166837,2.89172149,2.59112096
1.82326510,0.28101611,0.25908174,-0.93178635,0.19302373,-0.13030963,0.10212945,1.08946073,-1.30592544,0.09816508,0.07294997,-1.36500006,0.20608585,0.54784409,-1.66625240,-0.05669914,1.31414390,-1.52720988,0.91537810,0.06138749,0.33262468,0.33007109,0.38769327,0.15809368,-0.25893046,0.05641959,-0.12209313,-0.30920128,-0.34894249,0.11678794,-0.27870924,-0.10708918,-0.09463925,-0.28735610,2.35280685,-0.09009907,-0.01951242,-0.00866835,-0.06097125,0.99791113,2.75682220,0.01977031,0.07114063,2.39399052,-0.21813738,0.02086981,2.02061901,0.06817765,0.05136185,2.23502274,-0.17104092,0.04271499,0.13382648,0.69505972,5.30557489,0.43572313,-0.74645226,5.51548681,0.64587266,-5.41511440,6.07878923,0.73005468,2.98104692,1.56458606
1.81560882,0.25787011,0.19331513,-0.75564178,-0.01793603,-0.16194129,0.09947473,1.09023321,-1.22021959,0.10537216,0.10880361,-1.28789220,0.20338472,0.46777955,-1.55835969,-0.05311690,1.37198505,-1.51773913,0.91537810,0.06138749,0.33262468,0.33455083,0.37313296,0.15709803,-0.28195934,0.03888165,-0.12748346,-0.31046749,-0.36540029,0.11462922,-0.27193137,-0.09404041,-0.09772273,-0.29912708,2.38946648,-0.08925040,-0.02717467,-0.00918096,-0.06252877,0.99763089,2.77923203,0.02025216,0.05259149,2.41220150,-0.22057798,0.02408333,2.04114704,0.06990614,0.06261945,2.28400917,-0.17452693,0.03542375,-0.13670020,-0.01838209,4.18639431,0.36410332,1.88980801,3.79295101,-0.17493975,-3.91184282,5.32704401,0.14217151,2.89872956,0.37217184
1.74960456,0.22222877,0.07100328,-0.51389208,-0.14293838,-0.10777808,0.10091132,1.09288101,-1.21228054,0.10740319,0.17751868,-1.24274154,0.18723891,0.42699492,-1.48263814,-0.06000736,1.42891862,-1.54683516,0.91537810,0.06138749,0.33262468,0.33682041,0.34989788,0.15552926,-0.30213534,0.03761546,-0.13024157,-0.30896892,-0.37246805,0.11146267,-0.26418892,-0.08836404,-0.10431192,-0.30771876,2.42486305,-0.08911092,-0.03245491,-0.01085411,-0.06368485,0.99738313,2.79161053,0.02095346,0.03468506,2.44571781,-0.22306192,0.02785149,2.06946716,0.06852834,0.07263149,2.32402515,-0.18141963,0.02910165,0.12067060,0.26515528,-0.18291945,0.04229244,3.57011547,2.06284459,-0.86197042,-1.82919990,3.59954705,-0.37536821,2.82425857,-1.63773808
1.65478022,0.18583254,-0.12027456,-0.21805459,-0.03176886,0.04283317,0.11511608,1.11794438,-1.32823064,0.09067710,0.27984033,-1.27544117,0.16061336,0.44223273,-1.45927484,-0.06965353,1.47329891,-1.61888058,0.91537810,0.06138749,0.33262468,0.33555321,0.32202740,0.14902444,-0.31263155,0.05460329,-0.12769179,-0.30090844,-0.36758021,0.10917386,-0.25576431,-0.09486453,-0.11342326,-0.31154683,2.45841675,-0.08968885,-0.03492985,-0.01156437,-0.06343790,0.99730728,2.79663029,0.01764956,0.02292166,2.49652615,-0.22323430,0.03464477,2.10748672,0.06485002,0.07978890,2.35003986,-0.19027994,0.02400638,0.78907866,1.34455909,-6.45652442,-0.96461646,5.31778612,-2.21879609,-1.38139482,1.11208311,0.83111279,-0.47902091,2.11590085,-3.84882827
1.58080421,0.17624917,-0.31366162,0.11076127,0.12956757,0.23386571,0.13547269,1.13666189,-1.51740372,0.06110410,0.39785913,-1.36732697,0.13395771,0.50976390,-1.48777521,-0.07759793,1.49336529,-1.71964324,0.91537810,0.06138749,0.33262468,0.33039612,0.29449659,0.13993904,-0.31325449,0.08659405,-0.12209100,-0.28796436,-0.35184941,0.10855048,-0.24755459,-0.11289411,-0.12136384,-0.31041938,2.49051094,-0.09047866,-0.03433167,-0.01051672,-0.06134431,0.99747061,2.79984856,0.01258159,0.01714163,2.56160355,-0.22220027,0.04243176,2.15448666,0.06008327,0.08284153,2.36368656,-0.19720185,0.01997674,1.03992820,0.82672113,-9.86137295,-1.54296327,5.95705891,-4.89424419,-1.30802476,3.72439551,-1.77512872,-0.38184595,0.81173652,-5.20202589
1.53784343,0.17933196,-0.37857826,0.37457302,-0.00039715,0.35592169,0.15528587,1.10027497,-1.70618889,0.02683516,0.51562001,-1.46248147,0.11499372,0.61509274,-1.55063064,-0.08715744,1.48447657,-1.83098128,0.91537810,0.06138749,0.33262468,0.32335228,0.26890034,0.13161209,-0.30893226,0.13115526,-0.11568278,-0.27297217,-0.32758338,0.10888343,-0.24094888,-0.13741701,-0.12526812,-0.30566236,2.52161636,-0.09093544,-0.03061175,-0.01038717,-0.05785057,0.99780175,2.80385246,0.00892406,0.01442002,2.63861828,-0.22091529,0.05038011,2.20870514,0.05484877,0.08240340,2.37072220,-0.19959311,0.01768992,0.98703377,-1.93158798,-9.37667465,-1.71757739,5.88704453,-4.73848591,-0.94506031,5.27443218,-3.14018703,-0.48268708,-0.48689743,-5.55274153
1.51236702,0.17227502,-0.32117035,0.55088831,-0.07078005,0.42764915,0.17359363,0.97973435,-1.84444153,-0.01049785,0.63441094,-1.54336030,0.09664564,0.72125443,-1.60855544,-0.10035933,1.44398031,-1.92849762,0.91537810,0.06138749,0.33262468,0.31739249,0.24282582,0.12378752,-0.30377076,0.18440580,-0.10941003,-0.25888050,-0.29988277,0.10891625,-0.23659420,-0.16150024,-0.12784425,-0.30029000,2.55220718,-0.09108250,-0.02511746,-0.01091210,-0.05369653,0.99818171,2.80685310,0.00609355,0.01362173,2.72388859,-0.21954086,0.05851198,2.26565514,0.04920416,0.08079829,2.37798996,-0.20096807,0.01710249,0.91846180,-6.30735655,-6.72022343,-1.87663906,5.95484352,-3.99737825,-0.92694129,5.27646198,-2.85985541,-0.67295903,-2.12858088,-4.80840082
1.48282693,0.15319999,-0.22056456,0.69653561,-0.07487098,0.48059818,0.19274474,0.76566621,-1.90888493,-0.05118372,0.75748010,-1.60466731,0.07295144,0.81878349,-1.65277905,-0.11917686,1.36673462,-2.00206289,0.91537810,0.06138749,0.33262468,0.31343991,0.21421548,0.11608989,-0.29910889,0.24521708,-0.10304226,-0.24488794,-0.26999079,0.10794043,-0.23469880,-0.18393523,-0.13103971,-0.29483787,2.58217010,-0.09109323,-0.01818170,-0.01140405,-0.04902496,0.99856694,2.80668602,0.00355210,0.01433102,2.81616917,-0.21755888,0.06855198,2.32399311,0.04266329,0.07874112,2.38633213,-0.20357018,0.01860205,0.95984077,-11.07803020,-2.86889336,-2.04784460,6.16564569,-2.96275783,-1.21909633,4.85337019,-2.14693720,-0.97130411,-4.02224169,-3.57358489
1.45015839,0.11889126,-0.10648591,0.81516274,-0.10146853,0.49617857,0.20645032,0.50745870,-1.89019091,-0.09419704,0.87866778,-1.64103987,0.04046372,0.90880696,-1.67515492,-0.14271871,1.24898937,-2.04492841,0.91537810,0.06138749,0.33262468,0.31171235,0.18402836,0.10861440,-0.29509327,0.30486498,-0.09834933,-0.23056696,-0.23747503,0.10597202,-0.23555980,-0.20645015,-0.13589397,-0.29063139,2.61139603,-0.09128530,-0.01006161,-0.01207697,-0.04417979,0.99889992,2.80427284,0.00070415,0.01661909,2.90641766,-0.21609509,0.08114540,2.38417377,0.03518410,0.07615256,2.39378262,-0.20847421,0.02108097,0.62853830,-12.97714558,1.41279891,-2.16038923,6.02838087,-1.67187581,-1.67793498,4.44919939,-0.96455948,-1.19390826,-6.13230038,-1.94095645
1.43324365,0.07856661,-0.00451639,0.92468768,-0.03479611,0.49130328,0.20716663,0.28027588,-1.81163132,-0.13595392,0.98645914,-1.64997995,0.00010647,0.98895049,-1.66943228,-0.16895507,1.09484971,-2.04272866,0.91537810,0.06138749,0.33262468,0.31204814,0.15410917,0.10220440,-0.29202543,0.35278431,-0.09631761,-0.21953934,-0.20393188,0.10313958,-0.23989802,-0.23036358,-0.14220417,-0.28822382,2.64014339,-0.09190702,-0.00089516,-0.01219308,-0.03937644,0.99914965,2.80181694,-0.00214601,0.02002271,2.98425484,-0.21568573,0.09250879,2.44495964,0.02695966,0.07215012,2.39930439,-0.21554351,0.02382432,-0.06570697,-11.01550865,4.28758621,-2.07041764,5.27110529,-0.24605511,-2.06978345,3.93436408,0.49000022,-1.33035505,-7.94840765,0.45948026
1.46879025,0.05977641,0.10326671,1.00518108,0.14055230,0.51588969,0.19346056,0.13068785,-1.69884117,-0.16821980,1.06092086,-1.62409194,-0.04265594,1.05309420,-1.63555615,-0.19835996,0.92647231,-1.97974837,0.91537810,0.06138749,0.33262468,0.31467741,0.12708343,0.09869065,-0.29159439,0.38315439,-0.09517763,-0.22022792,-0.17339858,0.09890108,-0.24905045,-0.25560932,-0.14868543,-0.28692069,2.66944828,-0.09278200,0.00915581,-0.01039242,-0.03436377,0.99931341,2.80302811,-0.00307987,0.02308302,3.04513626,-0.21412699,0.09444948,2.50327435,0.01782866,0.06562695,2.40420399,-0.22350669,0.02775672,-0.67793847,-7.37553892,5.65386724,-1.60213716,3.68295741,1.32903099,-2.13312984,3.18717504,1.71028223,-1.47008562,-8.41509628,3.21226044
1.51943635,0.07565410,0.17363879,0.94640822,0.08894640,0.63660202,0.17895450,0.06130408,-1.58716152,-0.19265026,1.10757427,-1.57450750,-0.07901173,1.10743589,-1.59508803,-0.22601976,0.76924751,-1.87952158,0.91537810,0.06138749,0.33262468,0.31869185,0.10367224,0.09682634,-0.29304591,0.39701025,-0.09192502,-0.23255993,-0.14609007,0.09406169,-0.26168302,-0.27933217,-0.15355625,-0.28560646,2.69976177,-0.09317968,0.01873077,-0.00902344,-0.02821162,0.99938573,2.80876045,-0.00239112,0.02564594,3.09091721,-0.20748093,0.08613192,2.55924358,0.00901890,0.05700883,2.41216755,-0.23064075,0.03308539,-0.77012638,-3.18645749,5.50107718,-1.19895291,2.25522976,2.54303446,-1.77867432,2.71911454,2.00694747,-1.36633310,-7.76857948,5.06757355
1.52830532,0.11284302,0.16302781,0.75496517,0.00790247,0.84382993,0.14686456,0.07591720,-1.50729656,-0.20797914,1.13275528,-1.51261492,-0.10268378,1.15775263,-1.56035514,-0.24547489,0.64520493,-1.77193246,0.91537810,0.06138749,0.33262468,0.32262958,0.08419286,0.09638636,-0.29552952,0.39206779,-0.09202691,-0.25232577,-0.12462816,0.09030358,-0.27449512,-0.30052148,-0.15573257,-0.28363530,2.73035412,-0.09245183,0.02652327,-0.00853609,-0.02002944,0.99941106,2.81838093,0.00044622,0.02710006,3.11837387,-0.20027938,0.07030381,2.60948486,0.00282428,0.04813446,2.42377300,-0.23588758,0.03899428,-1.69068894,1.00516329,3.84091010,-0.72056863,1.19920770,3.09008479,-1.13499522,2.47152734,1.71220911,-0.92402289,-6.05562639,5.34060955
1.49149300,0.15011712,0.10487468,0.50707940,0.01099988,1.00496580,0.10502803,0.13676285,-1.45960574,-0.21117435,1.15704122,-1.47580357,-0.11710261,1.20025880,-1.53242292,-0.25246332,0.55240893,-1.67889776,0.91537810,0.06138749,0.33262468,0.32551378,0.06968099,0.09865598,-0.29473624,0.37497972,-0.09635308,-0.27272368,-0.10841364,0.08917326,-0.28459215,-0.31817096,-0.15655172,-0.28091411,2.76030216,-0.09036872,0.03196527,-0.00805751,-0.01018191,0.99940464,2.83202686,0.00681157,0.03077754,3.13318939,-0.19452639,0.05279010,2.65377312,0.00104764,0.04092163,2.43893337,-0.24024634,0.04459967,-2.10310025,3.23010020,2.21513686,-0.08429861,1.26518859,1.59429917,-0.67701659,2.09151216,1.35303915,-0.27348820,-4.47383566,4.54503670
1.42748308,0.18180281,0.02770941,0.24036161,0.02373168,1.03861006,0.06804343,0.22388817,-1.43795562,-0.20155261,1.17108762,-1.46994019,-0.12372937,1.23945367,-1.51972175,-0.24681555,0.48531568,-1.60336614,0.91537810,0.06138749,0.33262468,0.32696411,0.06427954,0.10338503,-0.29235509,0.35008027,-0.10226648,-0.29054046,-0.09686383,0.09076798,-0.29224591,-0.33179725,-0.15655621,-0.27664503,2.78903008,-0.08697104,0.03481788,-0.00747312,0.00014953,0.99936572,2.85333252,0.01639974,0.03460902,3.13908768,-0.18931508,0.03642365,2.69218636,0.00381839,0.03471820,2.45719814,-0.24345374,0.05031908,-1.79507411,4.52515364,0.90680116,0.57152504,0.57447904,0.10682344,-0.27537972,1.94352853,0.50453424,0.37078407,-3.18061686,3.65489936
1.33681329,0.20358613,-0.07253340,-0.01794761,0.02206308,0.93753251,0.04336630,0.33465638,-1.44650362,-0.17805464,1.16964240,-1.52047825,-0.12078935,1.27080944,-1.53275948,-0.23251030,0.44932357,-1.55524089,0.91537810,0.06138749,0.33262468,0.32623401,0.07459380,0.11065107,-0.28748693,0.31877081,-0.10810821,-0.30289888,-0.09126617,0.09397643,-0.29715281,-0.33784880,-0.15555458,-0.27152866,2.81575413,-0.08233411,0.03477920,-0.00686126,0.00955116,0.99932583,2.88827534,0.02968628,0.03874709,3.13648205,-0.18448997,0.02333513,2.72275448,0.00992720,0.02908120,2.48085937,-0.24415050,0.05470535,-1.22402475,5.55116014,-0.46964976,1.18571589,-0.07037258,-2.62354507,0.15908368,1.56494081,-0.68902440,0.71990985,-1.74784327,2.35996749
1.24197179,0.21656893,-0.15625993,-0.29089508,-0.17579391,0.79023203,0.02432097,0.44890223,-1.47825229,-0.14736103,1.15981059,-1.62335677,-0.11003115,1.29992540,-1.57052774,-0.21625734,0.44725237,-1.53706057,0.91537810,0.06138749,0.33262468,0.32389761,0.09806975,0.11862795,-0.27763456,0.28892782,-0.11507689,-0.30663957,-0.09145432,0.09666064,-0.30040366,-0.33708168,-0.15391528,-0.26643037,2.84056988,-0.07698152,0.03204499,-0.00818849,0.01759909,0.99929792,2.93446980,0.04497368,0.04626304,3.13331203,-0.18197680,0.01725804,2.74582081,0.01645181,0.02349395,2.50902443,-0.24248557,0.05746723,-0.94510531,5.68331861,-1.60819089,1.55255115,-0.58489890,-5.18412018,0.55567812,1.44763601,-1.95002873,0.80888659,-0.02316215,0.84103910
1.15496398,0.22410194,-0.21859811,-0.51325434,-0.34147104,0.68588476,0.00875495,0.55047586,-1.51171789,-0.11228133,1.10895827,-1.73103065,-0.09404309,1.32371495,-1.62728336,-0.20446313,0.47908382,-1.55549128,0.91537810,0.06138749,0.33262468,0.32040786,0.13292184,0.12612375,-0.26703355,0.26394344,-0.12290510,-0.30500345,-0.09697976,0.09722672,-0.30100742,-0.33017095,-0.15217206,-0.26160882,2.86364689,-0.07118030,0.02706085,-0.01117421,0.02465675,0.99926718,2.99027061,0.06126535,0.05337430,3.13326111,-0.18108923,0.01540440,2.76204853,0.02120955,0.01940044,2.54127617,-0.23924668,0.05879903,-0.75782998,5.00990705,-1.64893472,1.76210434,-2.76620417,-5.35125828,0.81616514,1.15253730,-2.90442300,0.55264606,1.76980331,-1.15169192
1.07237505,0.23433034,-0.25606093,-0.64917076,-0.44471926,0.67597254,-0.00377613,0.63790345,-1.53504233,-0.07406714,0.99422991,-1.81871953,-0.07590231,1.33542473,-1.69401696,-0.20065550,0.54108430,-1.60565116,0.91537810,0.06138749,0.33262468,0.31621356,0.17917247,0.13319003,-0.25583177,0.24269877,-0.13081091,-0.30154636,-0.10739349,0.09510506,-0.29906328,-0.31780403,-0.15073518,-0.25757233,2.88507748,-0.06499557,0.02066212,-0.01517476,0.03157571,0.99917255,3.05557480,0.07913291,0.06038179,3.13547783,-0.18038123,0.01466720,2.77194958,0.02321107,0.01715028,2.57731628,-0.23529985,0.05864123,-0.61667566,4.29869318,-1.08915560,1.93393438,-6.15158963,-4.21702881,0.91180394,0.50163171,-3.36981702,0.14758031,3.22348323,-2.59512930
1.00192775,0.24864035,-0.23564769,-0.65555280,-0.42829510,0.74789258,-0.01700804,0.71252680,-1.54192853,-0.02480776,0.82005638,-1.85141134,-0.05932663,1.32786512,-1.75682092,-0.20084871,0.61128694,-1.65801442,0.91537810,0.06138749,0.33262468,0.31233686,0.23020814,0.14244697,-0.24443080,0.22316935,-0.13904464,-0.29861385,-0.11963576,0.09182667,-0.29701464,-0.30175285,-0.14994006,-0.25499673,2.90502739,-0.05840397,0.01406605,-0.01914646,0.03912186,0.99895197,3.12347412,0.10149586,0.06790607,3.13832378,-0.17969191,0.01372302,2.77861977,0.02385151,0.01532222,2.61583424,-0.23133206,0.05734013,-0.67354280,3.63946772,-0.21846054,2.56180859,-9.09554195,-1.16832721,0.81075037,-0.52874565,-3.08433270,-0.02826869,3.53042340,-2.59662843
0.96000965,0.26865233,-0.17122258,-0.64790609,-0.31097998,0.85022973,-0.03590104,0.77608994,-1.52788527,0.04174149,0.62753996,-1.80547657,-0.04318234,1.30135324,-1.80335784,-0.19925063,0.67046064,-1.69629865,0.91537810,0.06138749,0.33262468,0.30980908,0.27592686,0.15585085,-0.23525786,0.20306680,-0.14900259,-0.29712178,-0.13056164,0.08903207,-0.29565373,-0.28522287,-0.14921640,-0.25393567,2.92377396,-0.05119152,0.00764517,-0.02190979,0.04775549,0.99858947,3.18362236,0.13020287,0.07455123,3.14009514,-0.18019943,0.01268731,2.78533440,0.02501569,0.01415535,2.65404053,-0.22686594,0.05587341,-0.95266855,3.16283274,0.73256633,3.33686419,-9.60445614,2.37811508,0.81069773,-1.34092271,-2.30417612,0.08582192,2.93844414,-1.89379117
0.94179727,0.29288726,-0.11434727,-0.69391918,-0.17702637,0.94278110,-0.05981907,0.82820219,-1.49403627,0.11278678,0.44994360,-1.70759168,-0.02497887,1.26444733,-1.83300471,-0.19392444,0.71532904,-1.72111969,0.91537810,0.06138749,0.33262468,0.30834717,0.31462716,0.17021815,-0.23019112,0.18210410,-0.16080530,-0.29675814,-0.13954266,0.08695728,-0.29499071,-0.27022179,-0.14822382,-0.25397536,2.94192276,-0.04325466,0.00088274,-0.02338155,0.05729479,0.99808308,3.23500023,0.16185522,0.07815605,3.14123497,-0.18216071,0.01158903,2.79334450,0.02715998,0.01335646,2.69044151,-0.22143238,0.05437181,-1.20605934,2.56772432,1.73849051,3.55021620,-8.83743801,5.00686293,0.91334900,-1.87259238,-1.42679205,0.27400176,2.20157056,-1.20852175
0.94463265,0.31858665,-0.05541902,-0.75758712,0.06775791,1.02001821,-0.08620086,0.86609325,-1.44751310,0.17627542,0.29802981,-1.58321292,-0.00774013,1.21915534,-1.84260802,-0.18626917,0.74652581,-1.73450763,0.91537810,0.06138749,0.33262468,0.30787939,0.34574375,0.18297508,-0.23037654,0.16133244,-0.17372007,-0.29690936,-0.14736516,0.08513630,-0.29466662,-0.25802014,-0.14769936,-0.25481958,2.95982418,-0.03447568,-0.00635665,-0.02251033,0.06759419,0.99743867,3.27764149,0.19358304,0.07750285,3.14317131,-0.18477755,0.01097003,2.80229778,0.02994568,0.01321278,2.72415295,-0.21571741,0.05305981,-1.32341135,1.82811706,2.36081872,3.10296121,-7.42362289,6.25863886,0.84593843,-2.29386649,-0.39083288,0.39066979,1.50682056,-0.62012668
0.96294567,0.34330134,0.01361683,-0.79349679,0.38321399,1.09962400,-0.11294139,0.88956625,-1.39605846,0.21919961,0.19231308,-1.46705759,0.00388895,1.16995771,-1.83301005,-0.17714680,0.76674109,-1.73542774,0.91537810,0.06138749,0.33262468,0.30849156,0.36489473,0.19122687,-0.23720995,0.14171912,-0.18679065,-0.29719892,-0.15544636,0.08345877,-0.29482672,-0.24962043,-0.14855764,-0.25580175,2.97773838,-0.02476981,-0.01374588,-0.01858334,0.07867398,0.99663239,3.30797939,0.22151611,0.07128161,3.14709587,-0.18692126,0.01129264,2.81109180,0.03317721,0.01366484,2.75461712,-0.21077151,0.05268981,-1.33629205,1.09590547,2.58738589,2.01203523,-4.99593201,5.68583059,0.54135619,-2.46967053,0.58257861,0.46288344,0.95396655,0.02940274
0.98602546,0.36409389,0.07416226,-0.80712857,0.65413770,1.19339129,-0.13888112,0.90393931,-1.34501529,0.23897833,0.13507387,-1.38640141,0.00964564,1.12169063,-1.81113350,-0.16733697,0.78041357,-1.72629166,0.91537810,0.06138749,0.33262468,0.30994025,0.37198632,0.19396410,-0.24887450,0.12292320,-0.19939072,-0.29711390,-0.16464985,0.08190154,-0.29527145,-0.24471581,-0.15075304,-0.25627033,2.99575996,-0.01411939,-0.02106353,-0.01195165,0.09066211,0.99558720,3.32647800,0.24399197,0.06106575,3.15275383,-0.18795753,0.01282635,2.81900215,0.03661633,0.01466880,2.78238487,-0.20668983,0.05366991,-1.28934538,0.66652530,2.54071689,0.82456821,-2.52213740,3.73878455,0.24915974,-2.39915347,1.16527307,0.49398330,0.64659470,0.51966190
1.00149143,0.38018975,0.10595935,-0.79621547,0.78627199,1.29145134,-0.16193508,0.90763490,-1.28841627,0.23287792,0.12967610,-1.35846689,0.01205206,1.07492290,-1.78413680,-0.15693965,0.78964615,-1.71014917,0.91537810,0.06138749,0.33262468,0.31166286,0.36689865,0.18991719,-0.26358093,0.10516000,-0.21102512,-0.29744975,-0.17468536,0.08058444,-0.29570708,-0.24161957,-0.15355301,-0.25617781,3.01376991,-0.00246108,-0.02813135,-0.00369013,0.10374416,0.99419926,3.33354473,0.25912490,0.04808192,3.16023865,-0.18722346,0.01421311,2.82620926,0.04031539,0.01595578,2.80906525,-0.20259738,0.05548505,-1.14676728,0.17659377,2.83089900,-0.33615891,-0.20450518,1.31802025,0.11914188,-2.34071708,1.34549606,0.52116340,0.45997736,0.80903715
1.00290496,0.39184443,0.11018069,-0.75084680,0.82266279,1.37016476,-0.18093489,0.90649045,-1.23353674,0.20574298,0.16944321,-1.38580487,0.01360150,1.02448795,-1.76078827,-0.14551801,0.79934933,-1.69483559,0.91537810,0.06138749,0.33262468,0.31300761,0.35236273,0.17988641,-0.27736068,0.08883504,-0.22099134,-0.29765398,-0.18515761,0.08005047,-0.29533945,-0.23691236,-0.15625726,-0.25555393,3.03147354,0.00993474,-0.03472885,0.00488240,0.11757781,0.99244422,3.33220425,0.26699438,0.03564693,3.16936989,-0.18426473,0.01535363,2.83275757,0.04462452,0.01766816,2.83750610,-0.19723773,0.05745369,-0.93910286,-0.06469345,2.72203994,-1.41139925,2.11308706,-1.52609386,0.07479719,-2.54676652,1.15264027,0.57483903,0.49812337,0.74782556
0.99012457,0.39448505,0.10268352,-0.63106839,0.74514573,1.40415758,-0.19631287,0.90197543,-1.18700099,0.16409849,0.24382480,-1.45625091,0.01372949,0.96251436,-1.74003885,-0.13402972,0.81511825,-1.68676965,0.91537810,0.06138749,0.33262468,0.31378475,0.33145684,0.16596234,-0.28732745,0.07562314,-0.22906341,-0.29755343,-0.19599768,0.08049790,-0.29357104,-0.22797839,-0.15880001,-0.25539212,3.04860134,0.02281420,-0.04031872,0.01266199,0.13172290,0.99038536,3.32549400,0.26926417,0.02645730,3.18119221,-0.17870147,0.01623133,2.83841324,0.04957173,0.02021372,2.86976414,-0.18980951,0.05839264,-0.75445634,-0.24451516,2.28722181,-2.11801534,3.81576071,-3.63499250,-0.00246608,-3.16402650,1.04105186,0.56756649,0.82317489,0.36652705
0.96936727,0.38286511,0.10470028,-0.40566120,0.49712456,1.38118324,-0.20580241,0.89553314,-1.16141686,0.11911286,0.33202855,-1.53977523,0.01182940,0.88368212,-1.71730659,-0.12504869,0.83963445,-1.68472283,0.91537810,0.06138749,0.33262468,0.31431439,0.30940319,0.15195580,-0.29221503,0.06885110,-0.23408457,-0.29744771,-0.20691719,0.08143501,-0.29131532,-0.21296960,-0.16109272,-0.25703921,3.06506405,0.03585441,-0.04410458,0.01791030,0.14558625,0.98819970,3.31796417,0.27008171,0.02209936,3.19809208,-0.16869290,0.01686668,2.84348984,0.05459616,0.02299907,2.90717297,-0.17949953,0.05727518,-0.43003496,-0.32262251,1.10925574,-2.24690151,4.45172739,-4.19430828,-0.10641975,-4.04485126,1.15286055,0.43082712,1.27855386,0.07891988
0.94219403,0.35996541,0.11408861,-0.15885022,0.19462695,1.34179597,-0.19695571,0.90108138,-1.20208108,0.07039030,0.43001780,-1.62010169,0.00686533,0.78896314,-1.68585491,-0.12038631,0.87382674,-1.68407297,0.91537810,0.06138749,0.33262468,0.31493974,0.28692909,0.13799738,-0.29388229,0.07368820,-0.23128140,-0.29640941,-0.21834512,0.08216989,-0.28961889,-0.19245161,-0.16347429,-0.26083142,3.08082771,0.04877830,-0.04591048,0.01993152,0.15895552,0.98601628,3.31035805,0.26943052,0.02105745,3.22301579,-0.14795399,0.01853032,2.84774399,0.05870092,0.02532084,2.94900703,-0.16659296,0.05410832,0.60347641,0.39757130,-2.61071897,-2.47468734,4.97654724,-3.97529817,-0.27313563,-4.84319639,1.65165412,0.19904448,1.78000319,0.03023386
0.90893500,0.32483191,0.11465187,-0.01560340,0.01251547,1.31605884,-0.15418175,0.92047578,-1.34265819,0.01732002,0.53338302,-1.68887219,-0.00258054,0.68772374,-1.64102023,-0.11872532,0.91482077,-1.68413868,0.91537810,0.06138749,0.33262468,0.31567976,0.26451844,0.12343679,-0.29373242,0.09520376,-0.21552340,-0.29279146,-0.22998646,0.08268659,-0.28824175,-0.16953917,-0.16647727,-0.26563852,3.09577923,0.06121883,-0.04631591,0.01948476,0.17192017,0.98382856,3.30323257,0.26657159,0.02194735,3.25804024,-0.10961869,0.02288831,2.85138054,0.06157060,0.02743802,2.99225368,-0.15265186,0.05004125,2.17487516,0.96377987,-7.10591507,-2.65278349,5.16380577,-3.41595244,-0.47390835,-5.06279945,2.25747867,0.07851442,2.05395555,-0.01479864
0.87533210,0.28814496,0.11176350,0.05922908,-0.02278020,1.32380871,-0.08721218,0.92974063,-1.52699761,-0.03517290,0.63325197,-1.74064417,-0.01284400,0.58698443,-1.58575003,-0.11995579,0.95858910,-1.69199538,0.91537810,0.06138749,0.33262468,0.31650147,0.24263659,0.10938463,-0.29344193,0.12685937,-0.19207100,-0.28533821,-0.24072297,0.08301761,-0.28555900,-0.14686528,-0.16952332,-0.27053590,3.11005840,0.07313609,-0.04609778,0.01856495,0.18491656,0.98149692,3.29668312,0.26289575,0.02305954,3.29781456,-0.06002619,0.03116327,2.85560722,0.06343713,0.03094248,3.03447514,-0.13803856,0.04596557,3.40954828,0.39164683,-9.26929169,-2.62252455,4.98076019,-2.53147588,-0.51327252,-5.02781487,2.78914237,-0.06776198,2.19488811,-0.41317888
0.83727661,0.25542645,0.08687249,0.24220326,-0.09550273,1.35438129,0.00074825,0.90534161,-1.71403027,-0.08687221,0.72607392,-1.77077825,-0.02364817,0.49360940,-1.52358286,-0.12305310,1.00502851,-1.70644734,0.91537810,0.06138749,0.33262468,0.31701133,0.22179081,0.09610711,-0.29348133,0.16561407,-0.16380204,-0.27408825,-0.25020214,0.08389621,-0.28198516,-0.12564806,-0.17208881,-0.27587268,3.12358532,0.08450637,-0.04432868,0.01667203,0.19815799,0.97902524,3.29089813,0.25896027,0.02352999,3.33968735,-0.00243638,0.04292308,2.86041145,0.06503329,0.03502617,3.07432919,-0.12279975,0.04113865,4.48579044,-1.41339827,-9.27392254,-2.58127117,4.59600067,-1.40457054,-0.54541665,-4.61340942,3.12606215,-0.16105725,2.33573828,-0.74786276
0.79187285,0.22682487,0.05377801,0.51728984,-0.24262460,1.41186449,0.10622859,0.82728690,-1.86419640,-0.13852752,0.80774261,-1.77901342,-0.03657850,0.41844695,-1.46179221,-0.12755905,1.05371089,-1.72700112,0.91537810,0.06138749,0.33262468,0.31713012,0.20313160,0.08345618,-0.29363947,0.20859036,-0.13364643,-0.26055018,-0.25768140,0.08569426,-0.27817376,-0.10784382,-0.17434147,-0.28176104,3.13623028,0.09531202,-0.04027085,0.01287511,0.21186394,0.97638423,3.28675194,0.25522015,0.02349065,3.38139801,0.05975797,0.05657994,2.86616173,0.06691852,0.03895636,3.11002827,-0.10800717,0.03536908,5.36144657,-4.24584513,-7.21735058,-2.58601933,4.01699829,-0.29490278,-0.66256994,-3.63133888,3.06806350,-0.23319204,2.44278049,-1.06344222
0.73761241,0.20262036,0.00768483,0.80501239,-0.38036764,1.51794537,0.21803400,0.68904412,-1.94637334,-0.19064023,0.88147926,-1.77156401,-0.05362615,0.37118912,-1.41121304,-0.13269752,1.09806967,-1.74855208,0.91537810,0.06138749,0.33262468,0.31668875,0.18609598,0.07134596,-0.29330327,0.25351765,-0.10513035,-0.24667943,-0.26218515,0.08838895,-0.27533844,-0.09538406,-0.17677645,-0.28761385,3.14783382,0.10553157,-0.03375704,0.00710888,0.22645001,0.97341169,3.28346348,0.25156772,0.02338548,3.42173862,0.12284493,0.07000931,2.87352371,0.06937051,0.04135031,3.14008713,-0.09518719,0.02907490,5.60980606,-7.34246445,-3.57443309,-2.60858226,3.64073014,0.47088858,-0.88552904,-2.14723706,2.42757773,-0.25930166,2.17037201,-1.06964350
0.68133314,0.18665254,-0.05235325,0.95089918,-0.41747038,1.70109130,0.30757216,0.53884014,-1.94815586,-0.23980219,0.94538231,-1.75585289,-0.07522167,0.36529397,-1.38778851,-0.13550427,1.13292587,-1.77333801,0.91537810,0.06138749,0.33262468,0.31529201,0.17129101,0.06046905,-0.29194992,0.29118886,-0.08334877,-0.23544695,-0.26260045,0.09227150,-0.27312684,-0.09149644,-0.17976387,-0.29221031,3.15813866,0.11519272,-0.02558167,0.00030776,0.24282703,0.96973219,3.28076248,0.24920957,0.02334209,3.45426483,0.17881076,0.07984506,2.88302917,0.07291036,0.04216517,3.16209049,-0.08647788,0.02308170,4.42951446,-7.47034664,-0.01258421,-2.45149989,3.17700624,0.79118007,-1.08453593,-0.23781319,1.12906256,-0.13532691,1.72989023,-1.24512136
0.64051219,0.17860519,-0.06867196,1.02125347,-0.31484984,1.91742055,0.36138349,0.41892757,-1.90039723,-0.28417830,0.99651413,-1.73637099,-0.09936407,0.39667963,-1.39215724,-0.13515341,1.15929148,-1.80017636,0.91537810,0.06138749,0.33262468,0.31379383,0.15895929,0.05145230,-0.29033730,0.31946203,-0.06828686,-0.23020425,-0.26054217,0.09728870,-0.27070474,-0.09615651,-0.18293649,-0.29538122,3.16746864,0.12468913,-0.01645142,-0.00581293,0.26115453,0.96513930,3.27878799,0.24928205,0.02345652,3.47777100,0.22682402,0.08358957,2.89342003,0.07731118,0.04308909,3.17668819,-0.08177354,0.01841261,2.57026386,-5.89197388,2.50063546,-2.20393853,2.51960764,0.98368117,-1.20878930,1.65736976,-0.28555010,0.02406746,1.29797308,-1.33331525
0.63068566,0.18012836,-0.03956690,0.97468550,-0.06951355,2.10376222,0.37506590,0.33820742,-1.82343142,-0.32360118,1.03509238,-1.71590896,-0.12234469,0.45070053,-1.41377649,-0.13252271,1.17903562,-1.82129214,0.91537810,0.06138749,0.33262468,0.31303896,0.14854448,0.04426374,-0.28909027,0.33830559,-0.05949356,-0.23280310,-0.25879760,0.10287212,-0.26808057,-0.10695914,-0.18521706,-0.29744593,3.17619820,0.13447933,-0.00703413,-0.00962375,0.28117920,0.95958124,3.27734547,0.25192707,0.02394869,3.49309292,0.26702325,0.08023586,2.90281506,0.08137069,0.04495839,3.18614616,-0.07917144,0.01559303,0.52343698,-3.85139132,3.91495361,-1.95134525,1.87734311,1.01373049,-1.13407426,2.75122380,-1.11924067,0.14128428,0.96160694,-1.01576749
0.64325198,0.19225432,-0.01052342,0.78924504,0.14794793,2.18193620,0.35578259,0.30902319,-1.74145753,-0.35980245,1.06950390,-1.70749960,-0.14076082,0.51052490,-1.43607874,-0.12791089,1.18879733,-1.83328140,0.91537810,0.06138749,0.33262468,0.31302080,0.13967340,0.03842827,-0.28677365,0.34480273,-0.05610112,-0.24342974,-0.25742710,0.10834005,-0.26583172,-0.12087715,-0.18631027,-0.29933113,3.18454399,0.14494052,0.00137148,-0.01081695,0.30192085,0.95327064,3.27662258,0.25677488,0.02624715,3.49876804,0.29758227,0.06959106,2.91168652,0.08531604,0.04718907,3.19297371,-0.07698681,0.01368967,-1.13313951,-1.12846856,4.08211184,-1.79764605,1.73047817,0.30931233,-0.89011855,2.99907422,-1.08366392,0.24065298,0.41386124,-0.54821917
0.66616502,0.21095361,0.02450837,0.47932187,0.26552778,2.17602704,0.32243189,0.32152748,-1.67509544,-0.38640136,1.10539901,-1.70911074,-0.15364666,0.56613928,-1.45047402,-0.12348970,1.18060696,-1.83641875,0.91537810,0.06138749,0.33262468,0.31374350,0.13071360,0.03501271,-0.28368790,0.34027184,-0.05649652,-0.25793850,-0.25431380,0.11245125,-0.26493540,-0.13581745,-0.18681069,-0.30115156,3.19255638,0.15627444,0.00737275,-0.00996880,0.32254391,0.94647329,3.27469730,0.26381421,0.03005560,3.49653149,0.31929564,0.05580501,2.92249107,0.09005117,0.04880810,3.19905853,-0.07459855,0.01259194,-1.72372150,0.87672824,3.17027783,-1.24012995,1.80464017,-0.12518406,-0.60433292,2.73469067,-0.65641874,0.21412207,-0.55192709,-0.09397029
0.68939189,0.22575480,0.04916475,0.12056201,0.38522013,2.12652330,0.28587611,0.36706269,-1.64041073,-0.39724561,1.13677087,-1.71588936,-0.16031127,0.61359860,-1.45822890,-0.12025645,1.14964409,-1.83345158,0.91537810,0.06138749,0.33262468,0.31505443,0.12215285,0.03498898,-0.28113838,0.32584774,-0.06059610,-0.27214519,-0.24813405,0.11485074,-0.26501505,-0.15097241,-0.18690955,-0.30193811,3.20020580,0.16855989,0.01006017,-0.00659072,0.34256232,0.93941813,3.27117729,0.27395720,0.03391605,3.48859577,0.33189960,0.04290924,2.93637600,0.09676132,0.05003937,3.20495396,-0.07165940,0.01311632,-1.83401000,2.31038032,1.70182503,-0.52024765,1.56772316,-0.35453652,-0.32685665,2.36347513,-0.38338134,0.16080566,-1.58060060,0.15661238
0.70064827,0.23393162,0.05456341,-0.20725607,0.47265342,2.07007850,0.24265919,0.43439075,-1.62553346,-0.39084523,1.16393266,-1.73123374,-0.16219538,0.65532295,-1.46324904,-0.11799342,1.09579568,-1.82476189,0.91537810,0.06138749,0.33262468,0.31637608,0.11489446,0.03918936,-0.27862553,0.30430745,-0.06894835,-0.28524331,-0.23831801,0.11596132,-0.26598942,-0.16630814,-0.18654653,-0.30141855,3.20742626,0.18142128,0.01003800,-0.00129098,0.36191389,0.93215659,3.26578407,0.28786802,0.03775055,3.47854710,0.33585701,0.03113277,2.95328922,0.10620914,0.05038666,3.21054745,-0.06847522,0.01495753,-2.19635174,3.41623216,0.70783992,0.38264034,1.32033625,-0.77484936,-0.07826810,2.07632012,-0.24547147,0.10773334,-2.75899005,0.45043941
0.70369166,0.23855472,0.05425067,-0.46848549,0.42828660,2.01788405,0.18974466,0.51057012,-1.62200167,-0.35990502,1.16875255,-1.74382417,-0.15783791,0.69422299,-1.46554630,-0.11808015,1.01923116,-1.81032696,0.91537810,0.06138749,0.33262468,0.31751457,0.11230871,0.04841616,-0.27842691,0.27936414,-0.08254906,-0.29532067,-0.22406149,0.11533682,-0.26808193,-0.18207948,-0.18542576,-0.30013157,3.21412392,0.19467518,0.00744748,0.00467592,0.38063325,0.92468427,3.25979996,0.30812593,0.03908766,3.47064209,0.33272262,0.02219389,2.97379875,0.11884677,0.04943264,3.21535225,-0.06519814,0.01738299,-2.67169118,3.79782252,0.13518189,1.66716626,0.09308195,-0.58672138,0.24841420,1.93655336,-0.09870529,-0.01699770,-3.92224693,0.74728912
0.70057585,0.24083755,0.04771651,-0.53040013,0.19097411,1.95843306,0.13607810,0.57893984,-1.62178333,-0.30643492,1.13716996,-1.76064203,-0.14706047,0.73452064,-1.46703498,-0.12242936,0.92558857,-1.79138980,0.91537810,0.06138749,0.33262468,0.31838083,0.12055589,0.06210533,-0.27982528,0.25677472,-0.09860146,-0.30064592,-0.20504457,0.11247816,-0.27145490,-0.19783686,-0.18344797,-0.29872728,3.22024536,0.20818732,0.00326459,0.00891231,0.39868131,0.91704042,3.25704575,0.33871136,0.03855555,3.46748009,0.32872982,0.01773490,2.99814262,0.13494127,0.04692592,3.21948128,-0.06161261,0.01965354,-2.66488338,3.35153508,0.01919031,2.77864790,-1.79524183,-0.92596721,0.57253087,2.03730724,-0.08250617,-0.24742392,-4.75888872,0.96633762
0.69233374,0.24304184,0.03417138,-0.37536323,-0.10942804,1.90176444,0.08792042,0.63591903,-1.61464763,-0.24124354,1.07932925,-1.81548250,-0.13157733,0.78038788,-1.46958673,-0.13161403,0.82516712,-1.76811457,0.91537810,0.06138749,0.33262468,0.31888738,0.14346055,0.07934679,-0.27591947,0.23798476,-0.11414445,-0.30280494,-0.18272413,0.10766852,-0.27571796,-0.21344708,-0.18057653,-0.29774842,3.22572231,0.22183251,-0.00085981,0.00995387,0.41607926,0.90927346,3.25945091,0.38226700,0.04296792,3.46766853,0.32732058,0.01608244,3.02479935,0.15393126,0.04316942,3.22285366,-0.05773735,0.02113897,-2.36201715,2.76852942,0.42182204,3.32420993,-3.04656005,-3.07971215,0.80438459,2.33784533,-0.13418198,-0.49260643,-5.05048132,1.19740236
0.67476653,0.24801968,0.04020667,-0.16277943,-0.28683178,1.86204291,0.04348019,0.68432816,-1.59239740,-0.16145386,0.95850821,-1.86120253,-0.11340996,0.83084878,-1.47367342,-0.14549482,0.72026216,-1.73177481,0.91537810,0.06138749,0.33262468,0.31944261,0.18140158,0.10008977,-0.26918180,0.22130442,-0.12907318,-0.30387138,-0.15826875,0.10154628,-0.28113901,-0.22832504,-0.17692534,-0.29725571,3.23031921,0.23547809,-0.00376345,0.00804063,0.43292298,0.90138720,3.26559525,0.43963513,0.05026080,3.46940689,0.32752490,0.01557123,3.05212212,0.17542446,0.03830359,3.22568226,-0.05333569,0.02218690,-2.22081079,2.41173415,1.13372896,4.00660505,-6.11106300,-2.21834401,0.91242588,2.52914691,-0.20943115,-0.69881767,-5.25297308,1.84186063
0.65608187,0.25701158,0.05937128,-0.01903949,-0.35952935,1.82695187,-0.00049279,0.72618915,-1.55477495,-0.07024874,0.79649856,-1.85704989,-0.09270473,0.88555173,-1.48097003,-0.16211729,0.61176375,-1.67799807,0.91537810,0.06138749,0.33262468,0.32039136,0.22331703,0.12273801,-0.26210246,0.20475212,-0.14403173,-0.30505047,-0.13309327,0.09445657,-0.28764163,-0.24294727,-0.17220336,-0.29659383,3.23406868,0.24909012,-0.00566985,0.00484650,0.44931380,0.89334286,3.26868553,0.50155158,0.05828889,3.47178001,0.32758784,0.01534089,3.07888260,0.19856150,0.03274973,3.22745838,-0.04862397,0.02379752,-2.19997940,2.07117815,1.92875559,4.58880453,-8.16231194,0.36807202,1.04035256,2.74705672,-0.37144515,-0.83464867,-5.42222834,2.73884273
0.64562543,0.27116486,0.07674713,0.02560467,-0.40746067,1.78585427,-0.04363512,0.75827398,-1.50039942,0.02754298,0.62459818,-1.79905732,-0.06883831,0.94442625,-1.49110055,-0.17910680,0.50912808,-1.61122043,0.91537810,0.06138749,0.33262468,0.32172785,0.26311837,0.14612231,-0.25568766,0.18820963,-0.15932293,-0.30675765,-0.10962377,0.08676074,-0.29464163,-0.25779543,-0.16656014,-0.29523235,3.23698578,0.26280580,-0.00735665,0.00103677,0.46520640,0.88517106,3.26587772,0.56238594,0.06604018,3.47495232,0.32744780,0.01497020,3.10335350,0.22173014,0.02708622,3.22794533,-0.04398246,0.02649550,-2.14614840,1.55022228,2.79104066,4.89835434,-8.57026520,3.11714725,1.21475043,2.96162271,-0.52163596,-0.84609580,-5.07853966,3.36887860
0.63772113,0.28745369,0.07585065,-0.00185109,-0.43663575,1.71684128,-0.08306637,0.77763200,-1.43308828,0.12396325,0.46693805,-1.69852030,-0.04185636,1.00341518,-1.50074077,-0.19486761,0.42578751,-1.54335873,0.91537810,0.06138749,0.33262468,0.32309901,0.29742311,0.16886019,-0.25132671,0.17259980,-0.17431747,-0.30887135,-0.09097033,0.07882712,-0.30144924,-0.27252253,-0.16029223,-0.29328697,3.23908424,0.27665687,-0.00936316,-0.00295116,0.48037433,0.87700862,3.25694752,0.61820507,0.07177230,3.47891159,0.32823315,0.01422765,3.12367630,0.24244690,0.02164977,3.22740936,-0.03929539,0.02981203,-1.94541988,0.89465182,3.42264867,4.79853001,-7.76535645,5.23477607,1.35882344,2.93269348,-0.46199795,-0.77913284,-4.02732048,3.37392831
0.62520526,0.30481596,0.06468267,-0.06647981,-0.41382958,1.65305149,-0.11702541,0.78605908,-1.36160636,0.20725192,0.34565514,-1.57737315,-0.01611187,1.05439985,-1.50571311,-0.20947841,0.37652126,-1.49634588,0.91537810,0.06138749,0.33262468,0.32425812,0.32200257,0.18907061,-0.25111590,0.15849469,-0.18823598,-0.31089741,-0.08013739,0.07117755,-0.30641151,-0.28584536,-0.15467984,-0.29108223,3.24031734,0.29053831,-0.01182078,-0.00649718,0.49483751,0.86888083,3.24198627,0.66394234,0.07314222,3.48307419,0.33081818,0.01336071,3.13821507,0.25792897,0.01784661,3.22751713,-0.03422248,0.03317589,-1.65630066,0.34866926,3.58725762,4.04435873,-5.75919771,6.15949583,1.26998675,2.47756696,-0.21194457,-0.72349364,-2.19242334,2.15173244
0.61319771,0.32608628,0.03715465,-0.11612985,-0.34795152,1.65583848,-0.14536310,0.78879116,-1.29774413,0.26283450,0.27861556,-1.46660409,0.00315339,1.09617062,-1.50992820,-0.22156560,0.37321074,-1.48758075,0.91537810,0.06138749,0.33262468,0.32480676,0.33257451,0.20396639,-0.25649046,0.14640033,-0.20049430,-0.31184959,-0.07951976,0.06492106,-0.30853329,-0.29689872,-0.15103145,-0.28796190,3.24051228,0.30443416,-0.01444368,-0.00915520,0.50910578,0.86053406,3.22186146,0.69412665,0.06831630,3.48672485,0.33622072,0.01295717,3.14532566,0.26599400,0.01627347,3.22994347,-0.02850375,0.03684486,-1.41161382,0.13535786,3.17810416,2.74428697,-3.29274895,5.50588942,0.95465840,2.08511782,-0.21524618,-0.60038937,-0.12683843,0.41527033
0.61222066,0.34891595,0.01210138,-0.12622672,-0.29286798,1.73105786,-0.17063628,0.79225776,-1.24453945,0.29470222,0.25138692,-1.38115897,0.01657351,1.13550935,-1.51866081,-0.23074312,0.39583863,-1.49562447,0.91537810,0.06138749,0.33262468,0.32481335,0.33332387,0.21357912,-0.26499718,0.13536189,-0.21141087,-0.31137911,-0.08519232,0.05983248,-0.31005142,-0.30641526,-0.14887520,-0.28357203,3.23984623,0.31849356,-0.01686971,-0.01131940,0.52383929,0.85157483,3.19951954,0.71231408,0.05981617,3.48958168,0.34398081,0.01343425,3.14802647,0.26943452,0.01476193,3.23455467,-0.02213254,0.04124132,-1.25936878,0.18690489,2.62869334,1.53044655,-1.25947300,4.18183098,0.65557784,1.95971913,-0.45934864,-0.44962959,1.19734088,-0.45534465
0.62768898,0.37023668,-0.01041629,-0.17178491,-0.21586950,1.85575840,-0.19529928,0.79869678,-1.19652133,0.30286411,0.25737182,-1.32855892,0.02501567,1.17158420,-1.53528564,-0.23635953,0.43664796,-1.51811676,0.91537810,0.06138749,0.33262468,0.32431588,0.32621163,0.21695085,-0.27558669,0.12352084,-0.22167225,-0.30985178,-0.09526025,0.05641859,-0.31028553,-0.31366778,-0.14787425,-0.27781466,3.23843746,0.33294380,-0.01921992,-0.01266448,0.53943455,0.84171288,3.17757778,0.71995516,0.04872918,3.49144020,0.35258048,0.01446410,3.14738617,0.26995780,0.01403035,3.24177475,-0.01381712,0.04650121,-1.23562801,0.32452580,2.41212106,0.29691480,0.42746255,2.48240073,0.40318465,1.78553855,-0.86472696,-0.26370207,2.09038763,-1.16278257
0.64941934,0.38699703,-0.04356263,-0.33320568,-0.09360003,1.99996462,-0.22093955,0.80634296,-1.14651594,0.28241528,0.29537350,-1.32127371,0.02870444,1.20000446,-1.56062467,-0.23786908,0.48490779,-1.54732628,0.91537810,0.06138749,0.33262468,0.32309982,0.31232578,0.21147830,-0.28742954,0.10944960,-0.23183526,-0.30792701,-0.10791002,0.05487323,-0.30907723,-0.31787604,-0.14793440,-0.27063976,3.23635769,0.34783113,-0.02215302,-0.01227896,0.55604020,0.83076938,3.15996227,0.71720114,0.03567029,3.49241180,0.36060197,0.01517282,3.14448051,0.26900074,0.01402259,3.25189438,-0.00243788,0.05246006,-1.28930795,0.39180562,2.50892663,-1.19736876,2.09203414,0.05871391,0.15582798,1.36267078,-1.32060803,-0.05152756,2.43757496,-1.48947990
0.66659179,0.39235817,-0.06709652,-0.49860255,0.06701454,2.11969917,-0.24590656,0.81188607,-1.09485734,0.23495336,0.36046961,-1.37235844,0.02652742,1.21179664,-1.59273577,-0.23613316,0.53072101,-1.57403874,0.91537810,0.06138749,0.33262468,0.32124275,0.29490733,0.19683263,-0.29629178,0.09421683,-0.24112088,-0.30621646,-0.12129617,0.05499386,-0.30693583,-0.31719366,-0.14914270,-0.26322763,3.23369408,0.36296523,-0.02559683,-0.00972433,0.57345635,0.81877839,3.14963913,0.70741868,0.02495097,3.49249840,0.36899960,0.01502629,3.14051914,0.26780474,0.01430692,3.26531219,0.01388693,0.05801512,-1.23797083,0.25137663,2.59513354,-2.55576324,3.42977452,-2.98516250,-0.15320408,0.45249936,-1.64644706,0.10727584,2.25390315,-1.29615057
0.67667599,0.37282866,-0.03715190,-0.36175679,0.13145751,2.10670045,-0.26224893,0.81655357,-1.05799575,0.17812500,0.43286930,-1.45254800,0.01696487,1.20255077,-1.62728314,-0.23201102,0.57181637,-1.59439144,0.91537810,0.06138749,0.33262468,0.31980808,0.27932152,0.17917518,-0.29891280,0.08265152,-0.24657608,-0.30503224,-0.13336603,0.05645864,-0.30495170,-0.30985514,-0.15155349,-0.25812937,3.23071709,0.37808654,-0.02763844,-0.00710206,0.59065866,0.80641678,3.14433422,0.69849606,0.02089528,3.49074173,0.38235517,0.01477584,3.13659363,0.26801906,0.01485638,3.28154221,0.03691874,0.06167871,-0.79856438,0.23775027,1.79096460,-2.84032331,3.62300658,-4.00978374,-0.48503091,-0.48816774,-1.73158967,0.20853226,2.05130336,-1.00821589
0.67204201,0.34167514,-0.01908235,-0.22231659,0.15305741,2.02921545,-0.26420946,0.82790658,-1.06807890,0.12172062,0.50778016,-1.53130815,0.00280927,1.17395656,-1.66349702,-0.22622040,0.61139443,-1.60942945,0.91537810,0.06138749,0.33262468,0.31870918,0.26404729,0.16248682,-0.29880075,0.07915370,-0.24610336,-0.30377632,-0.14471855,0.05877668,-0.30355908,-0.29648868,-0.15481089,-0.25512533,3.22768440,0.39285185,-0.02843235,-0.00509671,0.60699357,0.79418161,3.14041080,0.69035187,0.01990843,3.48594322,0.40445166,0.01493286,3.13289566,0.26870174,0.01515010,3.29901543,0.06607389,0.06358385,-0.04697728,0.61262868,-0.71303120,-2.82145228,3.75554347,-3.92218485,-0.71919260,-1.49382305,-1.80625379,0.29408972,1.98105376,-0.74584860
0.65290104,0.30837878,-0.01079924,-0.13938233,0.17061587,1.95086631,-0.24347514,0.85744597,-1.15740182,0.06365085,0.58627607,-1.60338039,-0.01488903,1.12191563,-1.69521947,-0.21976538,0.65121293,-1.62244246,0.91537810,0.06138749,0.33262468,0.31778847,0.24803942,0.14614089,-0.29765216,0.08614926,-0.23659125,-0.30107558,-0.15580208,0.06159839,-0.30225221,-0.27747403,-0.15886524,-0.25410900,3.22462883,0.40700033,-0.02845336,-0.00344120,0.62247145,0.78211754,3.13808250,0.68157353,0.02013631,3.47454147,0.43767257,0.01671289,3.12953510,0.26906617,0.01553626,3.31694603,0.10088346,0.06367947,1.16156594,1.56887691,-4.84079609,-2.91767535,3.94064493,-3.56837773,-0.89751662,-2.70828853,-1.55008781,0.32027718,1.98902743,-0.64250416
0.62285622,0.27311606,0.00822232,-0.11954653,0.20786512,1.86522727,-0.19169297,0.89680899,-1.31729610,0.00514540,0.66513501,-1.66328855,-0.03402187,1.04564834,-1.71457381,-0.21434317,0.68912268,-1.63058870,0.91537810,0.06138749,0.33262468,0.31723078,0.23133409,0.13044536,-0.29645754,0.10394595,-0.21608751,-0.29700754,-0.16673562,0.06429761,-0.30128858,-0.25417028,-0.16324715,-0.25491600,3.22159996,0.42035153,-0.02805172,-0.00164686,0.63708984,0.77027717,3.13705635,0.67211299,0.02077324,3.45339699,0.48174133,0.02022325,3.12705135,0.26870883,0.01594220,3.33405762,0.13998492,0.06231478,2.77473657,1.97447979,-8.32577658,-2.91544175,3.93072777,-2.90900064,-0.95838581,-3.94938607,-0.88007061,0.26325595,1.87829721,-0.36679026
0.58456912,0.23983334,0.04300821,-0.11451018,0.23669618,1.76467979,-0.11078037,0.91996980,-1.50917614,-0.04729433,0.73604065,-1.70452273,-0.05163961,0.94972324,-1.71505284,-0.20950828,0.72717059,-1.63607168,0.91537810,0.06138749,0.33262468,0.31736112,0.21533062,0.11698454,-0.29580145,0.13182920,-0.18719183,-0.29120935,-0.17798283,0.06703352,-0.30031504,-0.22855164,-0.16726781,-0.25747590,3.21861649,0.43279362,-0.02742057,0.00038457,0.65075563,0.75879185,3.13598633,0.66349888,0.02155967,3.42378807,0.53440237,0.02615176,3.12511826,0.26717520,0.01704608,3.34891224,0.18132317,0.05988522,4.24412012,0.99285358,-9.74832726,-2.56624460,3.47185826,-1.91817272,-0.86486393,-4.92482138,0.12097835,0.23979841,1.91237199,-0.26777744
0.54938905,0.21853499,0.06371410,-0.02225263,0.27546952,1.68022713,-0.00444710,0.89774743,-1.69153817,-0.09097219,0.79168311,-1.72430017,-0.06643482,0.84378984,-1.69293098,-0.20752197,0.76950481,-1.63900788,0.91537810,0.06138749,0.33262468,0.31806073,0.20199357,0.10618992,-0.29581523,0.16771009,-0.15334661,-0.28219732,-0.19023615,0.06914290,-0.29957889,-0.20253676,-0.17016813,-0.26184704,3.21555920,0.44428306,-0.02584037,0.00216419,0.66349687,0.74772956,3.13429394,0.65752859,0.02224551,3.38786602,0.59244585,0.03586341,3.12415695,0.26368361,0.01848184,3.36027832,0.22284524,0.05621369,5.34692078,-1.18811336,-9.07880497,-2.17673488,2.76525211,-0.96759796,-0.73749990,-5.29843903,1.13130133,0.09716909,2.12253571,-0.14363908
0.52981871,0.21035862,0.06541403,0.10945701,0.32033083,1.63581016,0.12186712,0.81676670,-1.83838346,-0.13013701,0.83760604,-1.73080561,-0.07937549,0.73836505,-1.65423422,-0.20820049,0.81627049,-1.63843753,0.91537810,0.06138749,0.33262468,0.31886263,0.19053722,0.09687769,-0.29611904,0.20931819,-0.11808752,-0.27001635,-0.20347751,0.07080464,-0.29932109,-0.17750394,-0.17240482,-0.26743475,3.21227055,0.45525403,-0.02299529,0.00343359,0.67572662,0.73678556,3.13230114,0.65348272,0.02274359,3.34808521,0.65352945,0.04884627,3.12406731,0.25869212,0.01954154,3.36861343,0.26345212,0.05142787,6.36423283,-4.25164356,-7.18357754,-1.94890003,2.28330431,-0.29892252,-0.63978970,-5.25730743,1.97454484,-0.04984027,2.35347595,0.04772901
0.53192837,0.21184154,0.04998147,0.23349498,0.35030046,1.63731634,0.25340236,0.67815644,-1.91831851,-0.16704156,0.88021929,-1.72956178,-0.08991484,0.64007372,-1.60456386,-0.21233439,0.86676605,-1.63346364,0.91537810,0.06138749,0.33262468,0.31946405,0.17972728,0.08827705,-0.29628482,0.25250658,-0.08580111,-0.25701222,-0.21772107,0.07166335,-0.29961520,-0.15436653,-0.17388530,-0.27370497,3.20863190,0.46612878,-0.01906009,0.00410283,0.68776775,0.72566893,3.13017883,0.65035648,0.02317923,3.30792961,0.71363912,0.06245183,3.12532787,0.25259063,0.01984886,3.37393665,0.30260673,0.04575908,6.53192797,-7.10159349,-3.64502316,-1.84130619,2.12324953,0.08698510,-0.51744235,-4.87109509,2.51384044,-0.20942043,2.53169250,0.25430631
0.54734913,0.22205494,0.02256510,0.31812302,0.40056597,1.69968488,0.36330292,0.53726593,-1.92593303,-0.20114927,0.91927831,-1.72184470,-0.09873516,0.55631610,-1.55142570,-0.21505466,0.91892924,-1.62729704,0.91537810,0.06138749,0.33262468,0.31961750,0.16950530,0.08059358,-0.29632939,0.28729806,-0.06043898,-0.24750469,-0.23208214,0.07340075,-0.29968596,-0.13455189,-0.17467761,-0.28006033,3.20447083,0.47714248,-0.01416054,0.00449390,0.70001429,0.71397428,3.12727089,0.64822006,0.02328810,3.27062263,0.76317916,0.07211281,3.12646008,0.24656904,0.01993153,3.37643261,0.33913660,0.03955716,5.32351465,-6.89624643,-0.00924969,-1.68133819,1.92482176,0.42579314,-0.43335044,-4.08601475,2.66126323,-0.11915194,2.61792088,0.31464527
0.57051551,0.23517088,0.02768928,0.33578960,0.51599966,1.80882431,0.43460241,0.43339950,-1.88431692,-0.23149635,0.95365930,-1.70402074,-0.10812806,0.49163651,-1.49985564,-0.21345104,0.97223979,-1.61507523,0.91537810,0.06138749,0.33262468,0.31988150,0.15915511,0.07426600,-0.29699419,0.31069368,-0.04194729,-0.24461365,-0.24759358,0.07709275,-0.29965739,-0.11940289,-0.17510785,-0.28634290,3.19967461,0.48843992,-0.00835870,0.00545384,0.71277480,0.70132195,3.12284660,0.64637423,0.02288730,3.23659611,0.79977083,0.07526784,3.12659264,0.23963296,0.02022411,3.37668896,0.37188208,0.03353859,3.26472020,-4.89721966,2.38737321,-1.49177122,1.68633330,0.97229713,-0.47920343,-3.09413171,2.56064391,0.11498898,2.67212009,0.66848511
0.58303042,0.23847066,0.04871696,0.28614160,0.63374228,1.90151987,0.45621320,0.38046746,-1.81754262,-0.26069233,0.98470061,-1.67887943,-0.12152268,0.45595427,-1.45545728,-0.20291509,1.02259676,-1.59632089,0.91537810,0.06138749,0.33262468,0.32074527,0.14824181,0.06867421,-0.29803199,0.32200276,-0.03050565,-0.24969834,-0.26362509,0.08412349,-0.29894408,-0.11192506,-0.17593945,-0.29260287,3.19429417,0.49984481,-0.00194988,0.00769219,0.72602437,0.68762318,3.11766510,0.64413538,0.02271329,3.20725517,0.82302957,0.07104693,3.12462196,0.23203754,0.02180119,3.37605629,0.39764676,0.02814240,1.01803413,-2.56462578,3.34336543,-1.46103959,1.55859149,1.24766483,-0.67461950,-1.72289658,2.19154909,0.54090121,2.50545769,0.92991823
0.57834705,0.22806824,0.03017406,0.32813560,0.65828190,1.91932013,0.43913460,0.37614592,-1.74985354,-0.29013830,1.02214944,-1.66139076,-0.13732229,0.46257285,-1.43295419,-0.18447247,1.06656125,-1.58556054,0.91537810,0.06138749,0.33262468,0.32139208,0.13697957,0.06353213,-0.29705799,0.32236296,-0.02560322,-0.26018329,-0.27603530,0.09381730,-0.29687959,-0.11446399,-0.17741974,-0.29808025,3.18869762,0.51096270,0.00491345,0.00983366,0.73911445,0.67349015,3.11273117,0.64145727,0.02433409,3.18428307,0.83431067,0.06120878,3.12089424,0.22741399,0.02451248,3.37597160,0.41345258,0.02331183,-0.92829745,-0.13985106,3.37034774,-1.46859479,1.90388696,0.84491012,-0.78958863,0.44785805,1.04804412,0.93067908,2.19625282,0.49707123
0.58048370,0.21034814,0.01625838,0.29995222,0.59365494,1.86445848,0.40258038,0.39368256,-1.69076204,-0.31460632,1.06405456,-1.64918370,-0.15192472,0.50279880,-1.43366101,-0.16467660,1.10794301,-1.58762498,0.91537810,0.06138749,0.33262468,0.32187223,0.12526331,0.05991199,-0.29467849,0.31708124,-0.02604451,-0.27184554,-0.28525055,0.10360651,-0.29306922,-0.12469851,-0.17875484,-0.30186715,3.18303337,0.52192206,0.01127420,0.01169736,0.75157533,0.65944718,3.10734501,0.63833346,0.02719374,3.16763477,0.83969827,0.05002669,3.11739006,0.22562299,0.02880301,3.37648258,0.42152081,0.02000507,-1.87373209,0.94296198,2.89681125,-1.18102880,2.07692814,0.61658329,-0.71893334,2.11351299,-0.11321926,0.98622978,2.04720347,-0.14957712
0.60266703,0.19228427,0.01239257,0.07833661,0.44805842,1.74538528,0.35914298,0.42460299,-1.64659882,-0.32772189,1.10395629,-1.64023132,-0.16265945,0.55833315,-1.44657328,-0.14623293,1.14156322,-1.59734149,0.91537810,0.06138749,0.33262468,0.32234082,0.11348643,0.05924686,-0.29205878,0.30720335,-0.03043724,-0.28334888,-0.29188360,0.11210394,-0.28788554,-0.13942114,-0.17940437,-0.30373126,3.17728157,0.53313251,0.01529164,0.01417904,0.76301815,0.64604058,3.10014248,0.63530354,0.03028203,3.15667629,0.84115157,0.03899194,3.11481209,0.22676525,0.03445528,3.37720928,0.42518301,0.01860955,-2.19468021,1.61372876,2.11664186,-0.58462641,1.99338045,0.40884157,-0.50924757,2.82758560,-0.68978972,0.91222513,1.62527978,-0.51599120
0.63627065,0.17557426,0.00370766,-0.19485121,0.24183771,1.59083502,0.31373683,0.46746114,-1.62103260,-0.32785150,1.14528060,-1.63932574,-0.16694380,0.61750019,-1.46373534,-0.13021217,1.16298997,-1.61311138,0.91537810,0.06138749,0.33262468,0.32264939,0.10123629,0.06195407,-0.28863376,0.29300117,-0.03812309,-0.29372235,-0.29544353,0.11875001,-0.28187665,-0.15635180,-0.17883470,-0.30385336,3.17137051,0.54484272,0.01612266,0.01738199,0.77326971,0.63363386,3.09073162,0.63193154,0.03401563,3.15117645,0.83962274,0.02892704,3.11298943,0.23182499,0.04077274,3.37744141,0.42667961,0.01879603,-2.27859020,2.22843099,1.13810062,0.08780300,2.08129406,-0.01580000,-0.16345827,2.96924448,-0.87851280,0.78178787,0.97726816,-0.83394521
0.67571159,0.16261793,0.00150953,-0.29591720,0.00727240,1.43845023,0.27197984,0.51236113,-1.61938331,-0.31194234,1.18000553,-1.64044318,-0.16236503,0.67504035,-1.48084571,-0.11794520,1.17029498,-1.64402905,0.91537810,0.06138749,0.33262468,0.32280284,0.09026953,0.06790045,-0.28539682,0.27864350,-0.04853741,-0.29971843,-0.29315822,0.12291124,-0.27541187,-0.17370845,-0.17691255,-0.30268119,3.16517735,0.55726585,0.01409019,0.01999393,0.78227080,0.62245811,3.07873001,0.62997017,0.03740602,3.14986362,0.83969030,0.02308440,3.11128044,0.24398637,0.04739096,3.37659760,0.42775078,0.02012164,-2.08042419,2.24402680,0.06723976,0.81465797,1.71276557,-0.05545091,0.23750244,2.87102127,-0.84761518,0.60934964,0.33254386,-1.54608381
0.71020238,0.15052338,0.00147441,-0.26025421,-0.19018640,1.30521505,0.23589503,0.55773002,-1.62766974,-0.28377198,1.19685776,-1.64410243,-0.15208340,0.72919236,-1.49331338,-0.10900454,1.15519764,-1.67425828,0.91537810,0.06138749,0.33262468,0.32285232,0.08468604,0.07585154,-0.28331529,0.26485688,-0.05935177,-0.30284794,-0.28503292,0.12490720,-0.27164089,-0.19061248,-0.17439158,-0.30123388,3.15872822,0.57023926,0.01075100,0.02112702,0.79033475,0.61221650,3.06410332,0.63325758,0.03953703,3.14993610,0.84152231,0.02000438,3.10909653,0.26302228,0.05121143,3.37525864,0.42931333,0.02161844,-1.78464305,2.27799716,-0.43755623,1.43513083,0.78128807,-0.21048687,0.52829071,2.70365286,-0.61647316,0.43376458,-0.81535857,-1.50357473
0.74034562,0.14113501,-0.00065685,-0.15114963,-0.32415940,1.20275197,0.20704151,0.60799015,-1.64222498,-0.24820645,1.18982244,-1.66053114,-0.13758529,0.78307247,-1.50341587,-0.10490639,1.11909111,-1.70666530,0.91537810,0.06138749,0.33262468,0.32276817,0.08837003,0.08469485,-0.28218102,0.25069613,-0.06935108,-0.30377740,-0.27069808,0.12466964,-0.27006977,-0.20726694,-0.17146357,-0.29946782,3.15199280,0.58367405,0.00699839,0.02060789,0.79768028,0.60268774,3.04636040,0.64551477,0.04058715,3.15014439,0.84377923,0.01899077,3.10610104,0.28920178,0.05269840,3.37360039,0.43119645,0.02330035,-1.40955815,2.54281259,-0.74398035,1.79900203,-0.46799466,-0.89408103,0.73865205,2.69918108,-0.49529312,0.18301909,-1.89443488,-1.65790260
0.76164216,0.13471203,-0.01186848,0.00544086,-0.36282320,1.14127893,0.18413761,0.66558774,-1.65683670,-0.20905673,1.15303044,-1.69441681,-0.12047867,0.83803213,-1.51021247,-0.10523157,1.05753009,-1.73821008,0.91537810,0.06138749,0.33262468,0.32241837,0.10394566,0.09385236,-0.28146198,0.23527950,-0.07812418,-0.30347498,-0.24927756,0.12269186,-0.27052567,-0.22388392,-0.16821821,-0.29780209,3.14494972,0.59740314,0.00378600,0.01860517,0.80455429,0.59357553,3.02458420,0.66899300,0.04095640,3.15010014,0.84526057,0.01894340,3.10135403,0.32300925,0.05189271,3.37178688,0.43318901,0.02461628,-1.11881638,2.92344737,-0.71493238,1.97260213,-2.02093772,-1.79620731,0.86766919,2.75360203,-0.31660222,-0.03860360,-3.24348717,-1.53106487
0.76629862,0.13038871,-0.02053338,0.15123350,-0.30107734,1.13236582,0.16305636,0.72920787,-1.66715145,-0.16958338,1.09687543,-1.76268530,-0.10135622,0.89435333,-1.51845396,-0.10747067,0.96979868,-1.75751197,0.91537810,0.06138749,0.33262468,0.32186562,0.13120618,0.10358994,-0.27632470,0.21860303,-0.08624894,-0.30244304,-0.22234048,0.12010656,-0.27277926,-0.23961276,-0.16425447,-0.29596606,3.13764763,0.61111784,0.00184857,0.01573654,0.81125646,0.58447575,2.99782658,0.70274758,0.04554091,3.15019894,0.84578490,0.01942258,3.09416676,0.36217952,0.04908636,3.36935234,0.43588448,0.02589956,-1.04902530,3.21944809,-0.48059461,1.96934569,-2.91071153,-3.70629048,0.97011161,2.82686567,-0.43813702,-0.11992200,-4.56555605,-0.86575264
0.75215238,0.12499731,-0.00701917,0.25313342,-0.18838436,1.16944912,0.14162377,0.79066533,-1.66293428,-0.13368286,0.98812299,-1.82299311,-0.08056336,0.94821384,-1.52519336,-0.10975099,0.85803577,-1.74763162,0.91537810,0.06138749,0.33262468,0.32158760,0.17010104,0.11265737,-0.26971591,0.20152071,-0.09392746,-0.30194023,-0.19233777,0.11786645,-0.27720469,-0.25376659,-0.15945091,-0.29466847,3.13019867,0.62443442,0.00157893,0.01259794,0.81806816,0.57498112,2.96657219,0.74630494,0.05187169,3.15029297,0.84585977,0.01964737,3.08446999,0.40353806,0.04438291,3.36619797,0.43970108,0.02691912,-1.07233834,3.06309032,0.23453091,1.79217632,-5.52719402,-2.96389368,1.04081488,2.69052720,-0.33427188,-0.11463752,-5.60131760,0.53132625
0.73384003,0.11803091,0.01478830,0.31649377,-0.08984959,1.20095064,0.11940976,0.84422642,-1.64260385,-0.09874977,0.82323711,-1.84209177,-0.05860137,1.00128353,-1.53072429,-0.11302938,0.73780752,-1.71147330,0.91537810,0.06138749,0.33262468,0.32180375,0.21675077,0.12132767,-0.26314084,0.18471482,-0.10130633,-0.30251240,-0.16229756,0.11549802,-0.28293556,-0.26715733,-0.15396531,-0.29364050,3.12270126,0.63729644,0.00246662,0.00948976,0.82494729,0.56512462,2.93126335,0.79557729,0.05866291,3.15043488,0.84613461,0.01929135,3.07363586,0.44423459,0.03886818,3.36278267,0.44380412,0.02816325,-1.11496921,2.64800167,1.05929223,1.75122883,-8.35776577,-0.80032535,1.10393252,2.65806603,-0.27795266,-0.17079332,-6.03020477,1.88415225
0.71545133,0.11038199,0.03413590,0.32525641,-0.02763198,1.17645508,0.09646542,0.88782448,-1.60881345,-0.06129533,0.63383904,-1.80595484,-0.03457314,1.05687048,-1.53601940,-0.11898863,0.61270754,-1.64919462,0.91537810,0.06138749,0.33262468,0.32246953,0.26339223,0.13041769,-0.25721751,0.16850168,-0.10860427,-0.30400467,-0.13267485,0.11238132,-0.28996727,-0.28091804,-0.14766195,-0.29225674,3.11518879,0.64971085,0.00394410,0.00665187,0.83159381,0.55533048,2.89379768,0.84302464,0.06525202,3.15093613,0.84696660,0.01846486,3.06222439,0.48410001,0.03250225,3.35922356,0.44681671,0.03021279,-1.14598334,2.14037759,1.73857772,1.88878646,-9.48808098,2.04998715,1.21040764,2.79535651,-0.25958488,-0.31102348,-6.26612988,3.22266459
0.69460925,0.10218316,0.05430674,0.34764789,-0.01530521,1.04505124,0.07692810,0.92243601,-1.56509359,-0.02407288,0.44950552,-1.71870856,-0.00943267,1.11240313,-1.53527825,-0.12662146,0.49739518,-1.57256784,0.91537810,0.06138749,0.33262468,0.32360143,0.30567630,0.13912276,-0.25357805,0.15289975,-0.11495992,-0.30616949,-0.10599156,0.10857274,-0.29733434,-0.29543848,-0.14116365,-0.29089684,3.10772839,0.66165800,0.00565149,0.00375356,0.83747152,0.54643886,2.85727654,0.88541460,0.07002338,3.15137177,0.84790883,0.01743194,3.05103893,0.52091513,0.02626709,3.35592499,0.44809415,0.03270459,-0.94402907,1.68023646,2.23622968,1.84273791,-9.14785233,4.63026624,1.25914941,2.76008010,0.09224938,-0.38531601,-5.65661030,3.86608863
0.68127475,0.09447890,0.06648595,0.41639222,-0.04655790,0.78972696,0.06426645,0.94840670,-1.51697516,0.00706093,0.30259386,-1.59871781,0.01412969,1.16208267,-1.52614605,-0.13150904,0.41715491,-1.50450599,0.91537810,0.06138749,0.33262468,0.32507488,0.33813719,0.14601679,-0.25501865,0.13886876,-0.11970844,-0.30848156,-0.08733892,0.10519681,-0.30396850,-0.30943203,-0.13559095,-0.29002573,3.10032845,0.67327452,0.00749007,0.00017336,0.84197604,0.53946290,2.82637119,0.91945553,0.07005623,3.15105343,0.84946084,0.01659332,3.04125404,0.54996729,0.02110638,3.35281849,0.44881546,0.03504916,-0.58074427,1.23729575,2.42478824,1.50499606,-7.00577593,6.19300556,1.16127419,2.43372178,0.51292419,-0.21508901,-3.71579623,3.30006814
0.68284368,0.08909734,0.06449584,0.46029516,-0.10976369,0.49697788,0.05707025,0.96986932,-1.46891749,0.02882672,0.21753808,-1.47577295,0.03266645,1.20582747,-1.51106184,-0.13148127,0.38577055,-1.46505425,0.91537810,0.06138749,0.33262468,0.32664980,0.35537312,0.15054988,-0.26318114,0.12581905,-0.12353269,-0.31023740,-0.07963899,0.10289997,-0.30920458,-0.32268363,-0.13213229,-0.28891003,3.09290237,0.68483377,0.00905912,-0.00424268,0.84468460,0.53517086,2.80499344,0.94186249,0.06346866,3.15086308,0.85136099,0.01641240,3.03387413,0.56887498,0.01744522,3.35019627,0.44949672,0.03773978,-0.35658277,1.07377553,2.39665871,1.08355421,-4.18155732,6.11801815,0.92016952,2.18736362,0.74765104,0.00371611,-1.49536719,1.90417366
0.69496512,0.08619011,0.03516307,0.45655195,-0.17023016,0.26757033,0.05214788,0.99098145,-1.42498991,0.04749313,0.17841231,-1.37424326,0.04669374,1.24847579,-1.50085714,-0.13005285,0.40196398,-1.46782310,0.91537810,0.06138749,0.33262468,0.32776025,0.36116674,0.15431884,-0.27387679,0.11309817,-0.12711590,-0.31098545,-0.08202077,0.10104104,-0.31165221,-0.33471065,-0.13036026,-0.28630540,3.08535614,0.69658160,0.01011332,-0.00897712,0.84614955,0.53277395,2.79008331,0.95555973,0.05388346,3.15109615,0.85351439,0.01677480,3.02969589,0.57894387,0.01610804,3.34758854,0.45110414,0.04145485,-0.23951581,1.04887888,2.18620205,0.92600268,-1.85314505,5.00845356,0.68961098,2.12083340,0.49423881,0.07378828,0.91619678,-0.21858213
0.71968153,0.08341816,-0.01001273,0.39027411,-0.21994809,0.14989841,0.04884417,1.01173871,-1.38620267,0.06236041,0.17451413,-1.30236099,0.05597068,1.28820295,-1.50265136,-0.12819127,0.44892919,-1.49364655,0.91537810,0.06138749,0.33262468,0.32807210,0.35809627,0.15710033,-0.28505537,0.10071851,-0.13040875,-0.31087489,-0.09166849,0.09936933,-0.31284580,-0.34375974,-0.13009255,-0.28204677,3.07761307,0.70876427,0.01041768,-0.01349003,0.84695415,0.53139266,2.78031292,0.96278410,0.04301673,3.15118370,0.85620246,0.01719721,3.02804852,0.58298378,0.01522630,3.34435787,0.45589664,0.04602533,-0.16220461,1.04776952,1.90831225,0.72000771,-0.04891918,3.43370090,0.43985087,1.98031132,-0.17770816,0.09267639,2.44292717,-1.36143913
0.75801253,0.07880879,-0.05362660,0.23133065,-0.24498300,0.14802593,0.04567057,1.03597181,-1.35412235,0.06778134,0.20549241,-1.27429545,0.05943182,1.32192421,-1.52027102,-0.12610010,0.51347022,-1.53286102,0.91537810,0.06138749,0.33262468,0.32758204,0.34698333,0.15722846,-0.29496935,0.08747058,-0.13347165,-0.30964948,-0.10589224,0.09822747,-0.31240393,-0.34855824,-0.13118077,-0.27628449,3.06959457,0.72164745,0.00972070,-0.01689998,0.84770897,0.53010319,2.77625751,0.96469393,0.03261269,3.15126228,0.85874658,0.01793256,3.02767925,0.58342695,0.01517811,3.34020596,0.46577499,0.05129755,-0.16035961,1.23650684,1.56799638,0.19993958,1.75168839,1.12552204,0.13889470,1.63205040,-0.95124006,0.10725688,3.30814266,-2.02436683
0.80347152,0.06797692,-0.08845112,0.01239865,-0.20068142,0.22653655,0.04161965,1.06747437,-1.33472514,0.05984206,0.27034724,-1.29951918,0.05505335,1.34458864,-1.55204082,-0.12413651,0.58487171,-1.57596493,0.91537810,0.06138749,0.33262468,0.32641137,0.32926762,0.15368800,-0.30151778,0.07333136,-0.13607524,-0.30662629,-0.12251233,0.09796906,-0.31037106,-0.34829545,-0.13359671,-0.26989849,3.06131935,0.73539615,0.00822103,-0.01835519,0.84885410,0.52824446,2.77791595,0.96281576,0.02489358,3.15096474,0.86132336,0.01978508,3.02759457,0.58219743,0.01604031,3.33511162,0.48202765,0.05651288,-0.21047918,1.63539636,0.86103910,-0.49501282,3.48011947,-1.65520179,-0.28023809,1.04965925,-1.69486272,0.09555458,3.59813309,-2.16226816
0.84903454,0.04919120,-0.09075140,-0.14213238,-0.07067416,0.30250165,0.03540441,1.09679053,-1.33226805,0.04574645,0.35041950,-1.35482421,0.04125949,1.34987154,-1.59731524,-0.12354498,0.65100284,-1.60899813,0.91537810,0.06138749,0.33262468,0.32508973,0.30936843,0.14922735,-0.30380069,0.06275987,-0.13808337,-0.30273113,-0.13896460,0.09845345,-0.30807878,-0.34122594,-0.13723223,-0.26426811,3.05285740,0.75018244,0.00692263,-0.01755233,0.85047143,0.52568274,2.78098125,0.96008954,0.02128904,3.14826813,0.86809177,0.02235860,3.02698441,0.58185291,0.01701095,3.32825985,0.50641756,0.06082163,-0.31032615,1.42647876,0.12727832,-0.70650527,4.00772514,-2.77330661,-0.70128320,0.23086450,-2.27705379,0.02788755,3.30074549,-1.64047325
0.87810401,0.02521152,-0.08974339,-0.31063056,0.03321939,0.33102322,0.03226056,1.10601981,-1.34638724,0.03078129,0.43264112,-1.41277847,0.01955302,1.32840800,-1.64879687,-0.12398033,0.71207225,-1.63251374,0.91537810,0.06138749,0.33262468,0.32373013,0.28879737,0.14553020,-0.30447863,0.06128675,-0.13807830,-0.30118335,-0.15540381,0.09954723,-0.30569881,-0.32665526,-0.14192504,-0.26056179,3.04444942,0.76563139,0.00565462,-0.01482152,0.85225406,0.52288753,2.78382740,0.95709710,0.01925150,3.13975105,0.88284607,0.02254678,3.02615280,0.58198709,0.01803132,3.31901722,0.53878584,0.06316834,-0.12865845,0.45724151,-0.89384070,-0.74832921,4.11201439,-2.88392806,-1.10649811,-1.17423820,-2.56949019,-0.02359208,3.03190660,-1.13653841
0.89501794,-0.00341171,-0.07879231,-0.48369346,0.10425015,0.29025204,0.04053410,1.10786803,-1.42428918,0.01765900,0.51153924,-1.46469331,-0.00809522,1.27638981,-1.69684238,-0.12513839,0.76532605,-1.64335001,0.91537810,0.06138749,0.33262468,0.32245055,0.26824326,0.14332476,-0.30447187,0.07431086,-0.13386598,-0.29796769,-0.17171745,0.10110123,-0.30367807,-0.30578060,-0.14744489,-0.25879124,3.03628521,0.78156300,0.00407994,-0.01028122,0.85385407,0.52039492,2.78593998,0.95425839,0.01797869,3.12119160,0.90897222,0.02448286,3.02515087,0.58260479,0.01877248,3.30749989,0.57739549,0.06365931,0.47078265,0.02704525,-4.15716181,-0.63754325,3.90980358,-2.56291699,-1.39948077,-2.70433316,-2.37709656,-0.06148123,2.62766123,-0.49350353
0.91370336,-0.02922753,-0.05456854,-0.56553736,0.17083397,0.19115037,0.05785719,1.08862402,-1.54196091,0.00810374,0.57910476,-1.50511370,-0.03541469,1.20525343,-1.73517308,-0.12695551,0.81336241,-1.64541566,0.91537810,0.06138749,0.33262468,0.32148860,0.24989934,0.14286804,-0.30390655,0.10058009,-0.12662597,-0.29348440,-0.18791677,0.10296751,-0.30176896,-0.28230009,-0.15247713,-0.25806917,3.02834492,0.79799213,0.00258174,-0.00463476,0.85494695,0.51868832,2.78619671,0.95363660,0.01758205,3.09419041,0.94569068,0.02800420,3.02382603,0.58376188,0.01971963,3.29398251,0.61804967,0.06341943,0.89954393,-1.10775652,-6.01921844,-0.46066406,3.30005169,-1.93889937,-1.34561710,-3.64457679,-1.84456577,-0.09386837,2.38467169,-0.06388664
0.92611547,-0.04282212,-0.02975122,-0.52917648,0.23865613,0.07248070,0.08013703,1.04090023,-1.66519260,0.00037886,0.63583833,-1.53320861,-0.05631667,1.12316966,-1.76077020,-0.13199833,0.86331266,-1.65019619,0.91537810,0.06138749,0.33262468,0.32087561,0.23396549,0.14326408,-0.30321147,0.13464211,-0.11815309,-0.28742996,-0.20389473,0.10428523,-0.29886246,-0.25814876,-0.15569724,-0.25861461,3.02050591,0.81476331,0.00176319,0.00114223,0.85541391,0.51794076,2.78512192,0.95568466,0.01766415,3.06280041,0.98883176,0.03344566,3.02259636,0.58575654,0.02201316,3.27811527,0.65817523,0.06226100,1.14686489,-2.59820914,-6.14936781,-0.37648970,2.76747084,-1.32255065,-0.99110234,-4.16978359,-1.18850458,-0.28289169,2.52522445,-0.28587338
0.91870083,-0.04781985,0.00530217,-0.44847510,0.33219012,-0.05432991,0.10463537,0.94125949,-1.77001116,-0.00554465,0.68986166,-1.54867489,-0.06838593,1.02777307,-1.76992645,-0.13923175,0.91180091,-1.64903324,0.91537810,0.06138749,0.33262468,0.32088717,0.21815331,0.14450878,-0.30264195,0.17712283,-0.10961175,-0.27944373,-0.21954423,0.10521635,-0.29642691,-0.23258859,-0.15641611,-0.26121315,3.01284885,0.83150525,0.00225139,0.00671552,0.85512747,0.51836940,2.78381748,0.95806861,0.01824521,3.02809505,1.03924255,0.04144344,3.02112274,0.58819127,0.02446025,3.25911446,0.69765196,0.05967402,1.22263188,-5.06500978,-5.18753772,-0.28429887,2.69545245,-0.74515195,-0.58907787,-4.78759098,-0.43415160,-0.36441866,2.41283135,0.08418989
0.89918636,-0.04553611,0.05106826,-0.31791393,0.36988067,-0.19503058,0.12595631,0.78719996,-1.83271053,-0.00272349,0.73874757,-1.54385593,-0.07033873,0.92122328,-1.76252127,-0.14758470,0.95357559,-1.63237660,0.91537810,0.06138749,0.33262468,0.32174022,0.20184226,0.14829651,-0.30299291,0.22503226,-0.10286932,-0.27004071,-0.23501665,0.10547144,-0.29621705,-0.20563438,-0.15458992,-0.26574218,3.00540409,0.84793229,0.00373847,0.01142726,0.85411947,0.51993785,2.78096790,0.95911031,0.01874731,2.99342136,1.09507198,0.05169951,3.01966133,0.59072852,0.02552316,3.23717232,0.73627644,0.05599803,1.04569857,-7.83229971,-2.98072510,0.16912258,2.42148957,0.30298946,-0.06839946,-5.35021114,0.41756914,-0.41510382,2.07950230,0.85755869
0.87991494,-0.04070154,0.09164907,-0.14018937,0.34893810,-0.35015932,0.13656650,0.60238435,-1.83897059,0.00993353,0.77872043,-1.51846607,-0.06121757,0.80986991,-1.73984444,-0.15461524,0.99313338,-1.60869834,0.91537810,0.06138749,0.33262468,0.32339353,0.18580678,0.15459885,-0.30418038,0.27249224,-0.09988491,-0.26000595,-0.25037606,0.10552252,-0.29698900,-0.17821755,-0.15020618,-0.27152894,2.99817944,0.86404614,0.00596976,0.01457621,0.85232486,0.52277550,2.77614536,0.95957537,0.01921315,2.96367702,1.15221033,0.06338758,3.01763058,0.59303908,0.02640453,3.21285763,0.77329006,0.05186459,0.46409830,-9.28969364,-0.05709599,0.67508026,1.95512431,1.35111942,0.50831622,-5.57025957,1.19193783,-0.34339014,1.97418368,1.20467513
0.86565688,-0.03691620,0.11153862,0.03740541,0.34162404,-0.48633112,0.13118470,0.42743349,-1.79482048,0.03090637,0.80927324,-1.47490876,-0.03975130,0.69813662,-1.70492427,-0.15987641,1.03403354,-1.58293469,0.91537810,0.06138749,0.33262468,0.32553359,0.17023712,0.16312464,-0.30579166,0.31328857,-0.10105857,-0.25141136,-0.26581936,0.10566040,-0.29792752,-0.15071226,-0.14273627,-0.27806806,2.99118252,0.87993855,0.00904503,0.01617504,0.84982372,0.52674111,2.76935062,0.95981932,0.01974192,2.94229755,1.20547323,0.07412223,3.01482601,0.59486833,0.02760606,3.18606815,0.80847235,0.04746553,-0.36259854,-8.59998112,2.45570019,1.08957084,1.47695863,2.27791336,1.14450610,-5.58787222,1.81034505,-0.25350181,2.06213734,1.28827417
0.86483132,-0.03954467,0.11027152,0.16292684,0.36979080,-0.55559151,0.10691844,0.28800979,-1.71594119,0.05543005,0.83322829,-1.41418326,-0.00728855,0.58355659,-1.65617812,-0.16507970,1.08441162,-1.56313372,0.91537810,0.06138749,0.33262468,0.32777262,0.15394581,0.17285274,-0.30783644,0.34476327,-0.10602797,-0.24667086,-0.28233888,0.10589214,-0.29735945,-0.12245851,-0.13211470,-0.28517911,2.98442268,0.89587092,0.01301064,0.01680237,0.84691105,0.53130977,2.76180840,0.95927644,0.01993617,2.92988777,1.25242329,0.08110176,3.01191998,0.59558392,0.03041317,3.15665722,0.84309173,0.04259351,-1.35540330,-6.68969345,4.16715860,1.24122810,1.15711558,3.15793252,1.69750595,-5.75686407,2.54339910,-0.26436388,2.60511851,0.93037599
0.86724996,-0.05603213,0.08112406,0.24521219,0.46760654,-0.49712291,0.06836189,0.19948824,-1.60692210,0.07517648,0.85703098,-1.33947728,0.02830418,0.48487427,-1.59742613,-0.17226159,1.14743524,-1.55086756,0.91537810,0.06138749,0.33262468,0.32959669,0.13509262,0.18173440,-0.30979581,0.36450521,-0.11294609,-0.25053461,-0.30026442,0.10628157,-0.29451506,-0.09793228,-0.11994901,-0.29260994,2.97810631,0.91204624,0.01833870,0.01712726,0.84421330,0.53541970,2.75613689,0.95684566,0.01980088,2.92500668,1.28993683,0.07906208,3.00986805,0.59511456,0.03508163,3.12834663,0.87454505,0.03698675,-1.91956339,-4.33339458,5.44609976,0.97496450,1.19288051,3.74080157,1.76871033,-4.86388874,2.91706300,-0.36064872,3.15701413,0.60549254
0.86278499,-0.09596090,-0.00461691,0.21565386,0.55511854,-0.42785350,0.03640256,0.17292461,-1.50841842,0.08677258,0.88288897,-1.26360667,0.05599787,0.43942441,-1.55905232,-0.18082268,1.21238432,-1.54612737,0.91537810,0.06138749,0.33262468,0.32987556,0.11456333,0.18857291,-0.31076023,0.36940882,-0.11743105,-0.26206646,-0.31697447,0.10706719,-0.28975522,-0.08597960,-0.10917221,-0.29906281,2.97257004,0.92850494,0.02422963,0.01815557,0.84183197,0.53888982,2.75337086,0.95372829,0.01911533,2.92478809,1.31317339,0.06780909,3.00784283,0.59580083,0.04012034,3.10769081,0.89604821,0.03081275,-1.57331386,-1.17201627,4.84430094,0.56008507,1.29972112,3.77766299,1.36032400,-2.09130434,1.81758912,-0.43407544,3.23754048,0.20082663
0.85239949,-0.14621642,-0.09622274,0.16554354,0.60144432,-0.46000508,0.01316941,0.18739868,-1.43952041,0.09261221,0.91063170,-1.19848077,0.07495002,0.45197976,-1.55680921,-0.18977536,1.27608306,-1.56156487,0.91537810,0.06138749,0.33262468,0.32838808,0.09470683,0.19367449,-0.30970420,0.36411136,-0.11971523,-0.27521570,-0.32904161,0.10838413,-0.28263089,-0.08726581,-0.10049913,-0.30362509,2.96802559,0.94522805,0.03027629,0.01984763,0.83924764,0.54254292,2.75255089,0.95228806,0.01868388,2.92808228,1.32642794,0.05317237,3.00393982,0.60066214,0.04575718,3.09545307,0.90678806,0.02476299,-1.12370120,0.82175009,3.31060967,0.27385692,1.39234102,3.18058181,0.90891323,0.84544188,-0.04694937,-0.43950799,3.19226050,-0.90128653
0.84748898,-0.18781959,-0.16866230,0.05533332,0.51772978,-0.58057603,0.00157441,0.22061348,-1.40923209,0.09730456,0.94112468,-1.15523908,0.08609608,0.50249835,-1.58486431,-0.19397572,1.33692281,-1.60533724,0.91537810,0.06138749,0.33262468,0.32549068,0.07723169,0.19777874,-0.30612894,0.35455277,-0.11947735,-0.28505490,-0.33476875,0.11106228,-0.27257198,-0.09728044,-0.09452588,-0.30528974,2.96433182,0.96223540,0.03523905,0.02196610,0.83601166,0.54713820,2.75216331,0.95413036,0.01936175,2.93240433,1.33501301,0.04043579,2.99608078,0.61095638,0.05291870,3.08982449,0.91075516,0.02020094,-0.50132488,1.75010014,1.26260939,0.24126881,1.54694641,2.01895509,0.51793613,2.68788757,-1.54663171,-0.17062085,3.00607371,-2.34255531
0.85807858,-0.21107549,-0.20450721,-0.09820202,0.27842600,-0.77125147,0.00726851,0.27089915,-1.42411542,0.10693187,0.96867466,-1.12441194,0.09490191,0.56626999,-1.62099040,-0.19064146,1.37750781,-1.64899135,0.91537810,0.06138749,0.33262468,0.32177487,0.06177346,0.20225878,-0.30144422,0.34176853,-0.11552887,-0.29065369,-0.33606136,0.11454207,-0.26348302,-0.11151264,-0.09028522,-0.30521808,2.96117401,0.97963929,0.03761314,0.02406037,0.83178892,0.55329336,2.75072670,0.95874667,0.02033065,2.93615723,1.33953762,0.03112118,2.98490334,0.62538791,0.05829185,3.08744335,0.91150308,0.01655679,0.41838339,2.64031196,-1.06997967,0.52738935,1.33692014,1.48877609,0.43657285,3.24013329,-1.81507576,0.22236048,1.84465873,-2.10455418
0.88104023,-0.21215286,-0.18807958,-0.25563745,-0.00996212,-0.98152748,0.02944057,0.34629651,-1.48533905,0.12204312,0.99048476,-1.10841887,0.10650299,0.63907242,-1.66999812,-0.17927506,1.38656378,-1.69979408,0.91537810,0.06138749,0.33262468,0.31820511,0.04964072,0.20687758,-0.29657640,0.32388637,-0.10853639,-0.29221958,-0.32931109,0.11828952,-0.25616219,-0.12834349,-0.08708610,-0.30142436,2.95830135,0.99756670,0.03642432,0.02576998,0.82628119,0.56148782,2.74764099,0.96782203,0.02162871,2.94040203,1.33868566,0.02598553,2.96911888,0.64782224,0.06204292,3.08641167,0.91013794,0.01678075,1.11840041,3.78238239,-3.07997823,0.75828117,1.08381914,0.77504391,0.58297809,3.63140821,-2.42435911,0.57748638,0.40423819,-2.54452062
0.90111819,-0.20071708,-0.14749063,-0.34519312,-0.23621981,-1.12041648,0.05761433,0.42879075,-1.55745432,0.13726691,1.01282201,-1.12165248,0.11908081,0.70534477,-1.70221739,-0.16143167,1.36041465,-1.75153458,0.91537810,0.06138749,0.33262468,0.31531925,0.04266886,0.21007246,-0.29127810,0.30431628,-0.10129282,-0.29198975,-0.31471513,0.12227737,-0.25169507,-0.14565670,-0.08443620,-0.29847396,2.95555630,1.01583328,0.03293047,0.02689399,0.81995127,0.57085219,2.74370193,0.98314080,0.02404115,2.94523754,1.33639865,0.02332950,2.94978790,0.67824759,0.06362418,3.08519516,0.90841303,0.01684529,1.41971834,4.13310947,-3.62069440,0.74872178,1.15556351,-0.83089963,0.62403716,3.29188061,-1.57321346,0.91110810,-1.41670548,-2.57448125
0.90395030,-0.18569856,-0.11503729,-0.40888703,-0.36926280,-1.16675227,0.08911383,0.51460409,-1.63029661,0.14366618,1.04623797,-1.19665806,0.12895725,0.76282390,-1.72083757,-0.13733774,1.29579487,-1.79405296,0.91537810,0.06138749,0.33262468,0.31295066,0.04473938,0.20913397,-0.28431504,0.28384411,-0.09416718,-0.29072489,-0.29328331,0.12701626,-0.25029403,-0.16239841,-0.08304641,-0.29590255,2.95299683,1.03412395,0.02796097,0.02775564,0.81323707,0.58059734,2.74065609,1.00862808,0.02863563,2.95003090,1.33316598,0.02222577,2.92794971,0.71550055,0.06265664,3.08421783,0.90743141,0.01704812,1.58617179,4.30706253,-3.61952281,0.25665394,1.70418251,-4.02956018,0.47651595,2.82949781,-0.87051765,1.22932427,-3.39719715,-2.05878479
0.87857431,-0.17289715,-0.10902386,-0.42642790,-0.41105143,-1.12833166,0.12298392,0.60273790,-1.69549026,0.13287494,1.08360064,-1.33503892,0.13484312,0.80820943,-1.72805488,-0.10979391,1.19821410,-1.81758587,0.91537810,0.06138749,0.33262468,0.31059447,0.05885993,0.20224292,-0.27641695,0.26258378,-0.08689444,-0.28937830,-0.26744070,0.13242746,-0.25150621,-0.17719613,-0.08291403,-0.29374793,2.95076561,1.05195079,0.02247455,0.02852493,0.80657522,0.59001495,2.74019413,1.04681816,0.03417752,2.95408325,1.32851882,0.02121617,2.90552235,0.75696840,0.05908826,3.08343544,0.90817347,0.01684654,1.70601313,4.41349983,-3.20578742,-0.64815773,1.87421596,-7.27351379,0.27169354,2.19279881,-0.30732820,1.38706281,-5.04243956,-1.05392497
0.82399364,-0.16602831,-0.09465213,-0.40707238,-0.39959865,-1.04906808,0.15766440,0.68771076,-1.74717939,0.10304233,1.11073875,-1.51370859,0.13791873,0.84104615,-1.72816277,-0.08253489,1.07735980,-1.81850100,0.91537810,0.06138749,0.33262468,0.30832738,0.08404143,0.18976329,-0.26763457,0.24176392,-0.07952061,-0.28831907,-0.23913102,0.13795736,-0.25450286,-0.18925425,-0.08353154,-0.29190019,2.94908428,1.06880021,0.01711123,0.02922234,0.80023259,0.59873289,2.74330997,1.09581876,0.04069281,2.95707798,1.32318068,0.02000830,2.88428974,0.80043936,0.05382451,3.08267117,0.91084695,0.01642719,1.73587370,4.21362877,-2.47635818,-1.62774634,1.25161874,-9.15913486,0.13697773,1.55458677,0.03893137,1.35516727,-6.19374943,0.11906146
0.75567180,-0.16862662,-0.03478943,-0.35621953,-0.35831699,-0.98683444,0.19221905,0.76280348,-1.77786736,0.04585437,1.08634105,-1.68388548,0.14057578,0.86366594,-1.71982489,-0.05958230,0.94095458,-1.79309390,0.91537810,0.06138749,0.33262468,0.30713526,0.12008222,0.17103964,-0.26188681,0.22248498,-0.07173247,-0.28833153,-0.20939880,0.14258891,-0.25893029,-0.19926633,-0.08390879,-0.29114702,2.94828777,1.08427148,0.01237910,0.02977196,0.79422574,0.60676673,2.75165863,1.15506186,0.04524845,2.95888519,1.31779408,0.01880373,2.86588917,0.84470954,0.04820497,3.08171978,0.91414313,0.01598824,1.73067598,3.74142241,-1.50930823,-2.89750690,-1.30283823,-8.49572468,0.13440549,1.12248577,0.42998453,1.13867847,-6.82346849,1.29751966
0.69281763,-0.17942234,0.04144772,-0.22232955,-0.34280323,-0.95514126,0.22621325,0.82871628,-1.78970742,-0.03953325,1.00120726,-1.84213324,0.14469337,0.88405724,-1.70320187,-0.04242338,0.80487000,-1.74941447,0.91537810,0.06138749,0.33262468,0.30735470,0.16616445,0.14650235,-0.25515653,0.20449650,-0.06377810,-0.28929667,-0.18025085,0.14578508,-0.26413392,-0.20920992,-0.08377841,-0.29186456,2.94836483,1.09865832,0.00852776,0.02945427,0.78835140,0.61446057,2.76564369,1.22390428,0.05219817,2.96014290,1.31254554,0.01805803,2.85113964,0.88820424,0.04322078,3.08080769,0.91632209,0.01549014,1.67938747,3.26990724,-0.52897593,-4.36083183,-4.44928517,-7.85869484,0.21272170,1.03979651,0.84854933,0.84476258,-6.78498220,2.23087103
0.64830884,-0.19460463,0.11920522,0.05191459,-0.35355200,-0.93261269,0.25105081,0.88546081,-1.77999654,-0.14920574,0.84537420,-1.95010266,0.15046098,0.91611729,-1.68470507,-0.03039811,0.67588346,-1.69045830,0.91537810,0.06138749,0.33262468,0.30910205,0.21781389,0.11819855,-0.24704262,0.18769018,-0.05810499,-0.29119231,-0.15213568,0.14729370,-0.27056553,-0.22137947,-0.08367845,-0.29324008,2.94925289,1.11228738,0.00619162,0.02700705,0.78260568,0.62190083,2.78479767,1.29767418,0.06205943,2.96334267,1.30826001,0.01790974,2.84023972,0.93074722,0.03853653,3.08089237,0.91560998,0.01586197,1.19095564,2.79700804,0.57499977,-5.54357042,-8.11345291,-5.00307336,0.29119561,1.67922652,0.90878102,0.57629412,-6.41683922,3.00677609
0.63192942,-0.21642454,0.17449396,0.36170945,-0.31579718,-0.94559276,0.26286570,0.93368571,-1.75221982,-0.24812217,0.65094843,-1.95860801,0.15789341,0.96449401,-1.66413879,-0.02539502,0.55694892,-1.62071023,0.91537810,0.06138749,0.33262468,0.31205390,0.26535888,0.09405734,-0.24211225,0.17215726,-0.05572641,-0.29358953,-0.12499782,0.14668985,-0.27813880,-0.23690521,-0.08347881,-0.29513467,2.95090237,1.12564712,0.00596664,0.02239015,0.77680882,0.62931005,2.80373116,1.36565285,0.06994165,2.96961899,1.30562835,0.01846437,2.83340530,0.97288322,0.03391510,3.08181057,0.91127400,0.01691923,0.51144054,2.36626673,1.48003854,-4.77831430,-9.78541451,0.17397599,0.38545486,2.50577881,1.06506728,0.20490198,-5.87869377,3.53635430
0.64320664,-0.23715192,0.19300814,0.57340418,-0.28253533,-1.02687119,0.26587054,0.97531289,-1.71029532,-0.31210378,0.47059739,-1.88952208,0.16427918,1.01779759,-1.62877119,-0.02645803,0.46193409,-1.55324411,0.91537810,0.06138749,0.33262468,0.31557086,0.30513559,0.07746718,-0.24099058,0.15713606,-0.05558328,-0.29640314,-0.10201830,0.14430444,-0.28561138,-0.25526067,-0.08353317,-0.29880185,2.95318222,1.13919020,0.00741036,0.01628112,0.77051065,0.63717607,2.81975651,1.42433310,0.07458028,2.97824764,1.30397177,0.01916772,2.83061886,1.01187277,0.02995948,3.08319378,0.90417361,0.01676901,0.10179340,2.03787088,2.19210148,-2.93348527,-8.84474087,3.93058753,0.30190495,2.67097569,1.89801681,-0.09118549,-4.54556084,3.32601047
0.67640267,-0.24593115,0.18277605,0.65561677,-0.28935561,-1.15323558,0.26372498,1.00744348,-1.65886710,-0.32912751,0.34594734,-1.78599136,0.16893405,1.07141855,-1.59342070,-0.02912217,0.40645463,-1.50326066,0.91537810,0.06138749,0.33262468,0.31913817,0.33299043,0.06962687,-0.24406164,0.14317993,-0.05694098,-0.29944582,-0.08734375,0.14119494,-0.29208099,-0.27342157,-0.08445690,-0.30159377,2.95588894,1.15333424,0.00953734,0.00930551,0.76324035,0.64597726,2.83219414,1.47024136,0.07507653,2.98838730,1.30395503,0.01969235,2.83106823,1.04385943,0.02705718,3.08436642,0.89762764,0.01754439,-0.11325108,1.59456527,2.57693744,-0.80633175,-6.15098066,5.17700338,0.22977518,2.68296123,1.75733888,-0.13101044,-2.72337284,2.47160032
0.71363256,-0.23891238,0.14886268,0.65309972,-0.27800608,-1.24905957,0.25814135,1.03279204,-1.60713856,-0.31820948,0.27567790,-1.68721726,0.17080092,1.12604935,-1.56644354,-0.02997923,0.38603114,-1.47349014,0.91537810,0.06138749,0.33262468,0.32227317,0.34940725,0.06738008,-0.25024567,0.13060052,-0.05952341,-0.30205974,-0.08063964,0.13872111,-0.29766824,-0.29047055,-0.08657312,-0.30232674,2.95867748,1.16807146,0.01176253,0.00237435,0.75520111,0.65538332,2.84281158,1.50452442,0.07202751,2.99923553,1.30574708,0.02021343,2.83268070,1.06871800,0.02460493,3.08525410,0.89266920,0.01994643,-0.28369652,1.25942791,2.56179690,0.60104549,-3.37727394,4.88879843,0.08030640,2.73207068,1.31605189,-0.03576350,-0.92361431,1.42425718
0.74771167,-0.21743932,0.09529536,0.56124463,-0.26898449,-1.27399287,0.25063382,1.05529621,-1.56554408,-0.29235772,0.24720787,-1.60664241,0.16765472,1.17721803,-1.54768310,-0.02829068,0.39802781,-1.46621363,0.91537810,0.06138749,0.33262468,0.32458729,0.35614110,0.06884822,-0.25830846,0.11977813,-0.06311676,-0.30328792,-0.08168278,0.13718248,-0.30204352,-0.30547233,-0.09027035,-0.30112883,2.96131821,1.18333459,0.01349536,-0.00386336,0.74682032,0.66487771,2.85177975,1.52913494,0.06627883,3.01017208,1.30960345,0.02129937,2.83449287,1.08634777,0.02254377,3.08628063,0.89033890,0.02345846,-0.38558558,1.11276479,2.02764256,1.33163731,-1.27790322,3.94656215,-0.18136668,2.52275109,0.92146679,0.09570457,0.72891491,0.26742266
0.78071843,-0.18784935,0.03566314,0.39955825,-0.26050543,-1.23354649,0.24168757,1.07644475,-1.53529806,-0.26053180,0.24765714,-1.54657519,0.15888436,1.22144625,-1.53631930,-0.02459267,0.43638788,-1.47756331,0.91537810,0.06138749,0.33262468,0.32590894,0.35537243,0.07259475,-0.26733527,0.11032127,-0.06744115,-0.30330555,-0.08955110,0.13644367,-0.30519198,-0.31786445,-0.09542810,-0.29831740,2.96367989,1.19913297,0.01427687,-0.00890991,0.73852976,0.67401082,2.85902615,1.54641838,0.05857367,3.02079487,1.31513715,0.02260339,2.83595772,1.09752922,0.02071696,3.08765659,0.89127893,0.02759154,-0.45149031,1.05631399,1.45089757,1.61198819,0.16605823,2.88046479,-0.47070301,2.17768903,0.51077839,0.19371820,2.05255568,-0.65734286
0.81592527,-0.15710613,-0.01547917,0.18633148,-0.23697003,-1.14254524,0.23262316,1.10065377,-1.51574993,-0.22727305,0.26948863,-1.50530696,0.14489722,1.26204526,-1.53708196,-0.01984470,0.48964748,-1.49987996,0.91537810,0.06138749,0.33262468,0.32632476,0.34834950,0.07777619,-0.27698962,0.10066604,-0.07196431,-0.30211665,-0.10187899,0.13628750,-0.30690864,-0.32785030,-0.10179207,-0.29311989,2.96574402,1.21553802,0.01385460,-0.01229990,0.73070019,0.68244707,2.86439323,1.55777264,0.04933514,3.03067589,1.32087731,0.02420811,2.83672142,1.10460210,0.01941612,3.08965683,0.89539266,0.03320487,-0.45231339,1.24161232,0.90112919,1.66691947,1.23359966,1.93686950,-0.73543215,2.01051950,-0.13069153,0.24348903,2.74469900,-1.18057239
0.85862463,-0.13198866,-0.05135603,-0.01527345,-0.16372762,-1.01153809,0.22356954,1.13352375,-1.50900748,-0.19743031,0.31037284,-1.48337438,0.12664253,1.30128279,-1.55841351,-0.01609538,0.55442052,-1.53375344,0.91537810,0.06138749,0.33262468,0.32594854,0.33541392,0.08352175,-0.28657503,0.08956921,-0.07638800,-0.29906400,-0.11756220,0.13647144,-0.30614185,-0.33432272,-0.10867876,-0.28483364,2.96755962,1.23281994,0.01243636,-0.01350413,0.72375735,0.68981032,2.86801891,1.56383357,0.03937350,3.03955593,1.32595587,0.02688453,2.83689423,1.10883656,0.01980668,3.09217587,0.90410495,0.04111489,-0.45380130,1.65324771,0.32385919,1.48346608,2.06622386,1.06730880,-0.91759052,1.95730722,-1.10194581,0.18463276,3.23792682,-1.68831384
0.90225724,-0.11411893,-0.07263011,-0.19948292,-0.04775311,-0.87885537,0.21310488,1.17076244,-1.51010306,-0.17363783,0.36685427,-1.48337071,0.10481011,1.33633995,-1.60829234,-0.01466567,0.61824701,-1.56378040,0.91537810,0.06138749,0.33262468,0.32511364,0.31820937,0.08911570,-0.29430948,0.07783416,-0.08078613,-0.29487642,-0.13421134,0.13664470,-0.30455643,-0.33454717,-0.11570159,-0.27393340,2.96929684,1.25091820,0.01059351,-0.01262981,0.71764819,0.69621071,2.87055721,1.56627402,0.03080417,3.04768162,1.33117018,0.03023722,2.83679161,1.11261845,0.02055721,3.09510632,0.92003961,0.05118024,-0.53174235,1.85687816,-0.06684207,1.17247503,2.86997600,-0.07250547,-1.10311799,1.73389852,-2.60257227,0.06245581,3.18548417,-1.48968446
0.94209900,-0.10245791,-0.07838189,-0.36259364,0.10964746,-0.76292749,0.19831361,1.19630423,-1.50830390,-0.15474677,0.43514670,-1.50461259,0.07835921,1.34575078,-1.66744077,-0.01716417,0.68031472,-1.58873081,0.91537810,0.06138749,0.33262468,0.32404693,0.29823351,0.09497188,-0.29910237,0.06809852,-0.08520574,-0.29214947,-0.15165322,0.13654235,-0.30227424,-0.32698531,-0.12252674,-0.26462016,2.97106094,1.26976461,0.00873140,-0.00952677,0.71228313,0.70177329,2.87166157,1.56655183,0.02494455,3.05524387,1.33912354,0.03189746,2.83679047,1.11609631,0.02177269,3.09843998,0.94463882,0.05942677,-0.76581067,1.17023269,0.14303111,0.92983654,3.44092174,-1.12917128,-1.34573560,0.25199746,-2.83285594,-0.14614795,3.09747767,-1.22008176
0.97169752,-0.09200213,-0.07418080,-0.50963229,0.24249953,-0.68344518,0.17568865,1.17372580,-1.48229759,-0.13928897,0.50476767,-1.53469625,0.05055072,1.31260607,-1.71656959,-0.02477109,0.74132975,-1.60763764,0.91537810,0.06138749,0.33262468,0.32287707,0.27786079,0.10102317,-0.30167554,0.06641264,-0.08968736,-0.29688084,-0.17016122,0.13568234,-0.29956320,-0.31152262,-0.12841734,-0.26010047,2.97287407,1.28916826,0.00683363,-0.00446256,0.70743257,0.70673372,2.87158375,1.56693177,0.02120152,3.06249752,1.35566711,0.02599623,2.83735542,1.11887665,0.02331387,3.10159092,0.97776928,0.06277660,-1.18333763,-1.50326730,1.48931398,0.75327384,3.46803355,-1.52552307,-1.38080940,-1.86424683,-2.48080993,-0.41020699,3.04613233,-0.91234441
0.99381787,-0.07991580,-0.06026669,-0.64914148,0.29575705,-0.67512014,0.15308864,1.15216720,-1.54030347,-0.12248259,0.56719244,-1.56537569,0.02773385,1.25327051,-1.76615906,-0.03589359,0.80112290,-1.62457299,0.91537810,0.06138749,0.33262468,0.32171711,0.25899925,0.10799259,-0.30268308,0.08039446,-0.09493521,-0.29559335,-0.18914199,0.13410636,-0.29566954,-0.29037736,-0.13265575,-0.25683279,2.97470856,1.30897331,0.00440155,0.00199811,0.70263959,0.71152951,2.86998463,1.56931138,0.01903404,3.07064819,1.38816643,0.02612376,2.83823204,1.12153435,0.02604757,3.10369873,1.01694918,0.06488432,-1.10370576,-0.88055843,-3.83491492,0.86361271,3.05578327,-1.52925956,-1.09573507,-3.12518096,-2.47189498,-0.57635015,2.97974801,-0.84355110
1.00589193,-0.06640630,-0.04564960,-0.65452716,0.30249968,-0.73888169,0.13440459,1.10679762,-1.64748189,-0.10684229,0.62147689,-1.59052324,0.01267877,1.16672621,-1.79901257,-0.04662273,0.85422632,-1.63459752,0.91537810,0.06138749,0.33262468,0.32057697,0.24198586,0.11463269,-0.30295233,0.10951096,-0.09971253,-0.29053633,-0.20706020,0.13272101,-0.29136317,-0.26591352,-0.13498033,-0.25599332,2.97656937,1.32904377,0.00185673,0.00874178,0.69733456,0.71669006,2.86858501,1.57406864,0.01762464,3.07923412,1.43579202,0.03004064,2.83824558,1.12568369,0.02921380,3.10424061,1.05954471,0.06458364,-0.92320895,-2.31550307,-5.37258291,0.77569953,2.71333385,-1.24913969,-0.74482683,-4.36781492,-1.61055697,-0.53254181,2.64792514,-0.48822784
0.98792827,-0.05550490,-0.01112795,-0.49205418,0.31798816,-0.81107039,0.12297432,1.02608385,-1.75574429,-0.09556931,0.67607219,-1.60947590,0.00314197,1.05214825,-1.80792627,-0.05534335,0.90259427,-1.63605249,0.91537810,0.06138749,0.33262468,0.31988068,0.22523129,0.11990573,-0.30278063,0.14719022,-0.10262719,-0.28348902,-0.22386628,0.13196818,-0.28780249,-0.23751517,-0.13580258,-0.25872062,2.97852135,1.34876575,0.00053551,0.01452239,0.69146622,0.72226261,2.86848888,1.57898169,0.01710005,3.08743076,1.49137025,0.03639165,2.83697567,1.13082876,0.03207818,3.10390339,1.10558858,0.06116006,-0.55394460,-4.15400910,-5.35564852,0.55155361,2.73731637,-0.92687414,-0.46129309,-5.80623388,-0.36687896,-0.43552246,2.40726876,-0.05204486
0.94969993,-0.04790931,0.03797590,-0.24035578,0.30881040,-0.86955661,0.11687717,0.90247321,-1.83591409,-0.08766971,0.73426898,-1.61999645,-0.00090742,0.91795311,-1.78982387,-0.06377279,0.94787961,-1.63128095,0.91537810,0.06138749,0.33262468,0.32005146,0.20788782,0.12405115,-0.30228273,0.19003476,-0.10417299,-0.27535339,-0.23935066,0.13126830,-0.28535958,-0.20632794,-0.13514044,-0.26449393,2.98063164,1.36774850,0.00091339,0.01860042,0.68514672,0.72816698,2.86937981,1.58275795,0.01776873,3.09610653,1.55113544,0.04469807,2.83512859,1.13677454,0.03469188,3.10304680,1.15362544,0.05555753,-0.28666411,-6.37285900,-3.84250512,0.38543636,2.93075085,-0.48322387,-0.17868898,-6.75125551,1.01766864,-0.41957780,2.25569835,0.25943468
0.91358464,-0.04219664,0.06873446,0.06314585,0.25578678,-0.89915201,0.11491870,0.74232476,-1.87383409,-0.08098676,0.79571357,-1.61915884,0.00009547,0.78067060,-1.74848056,-0.07290737,0.99275755,-1.62341418,0.91537810,0.06138749,0.33262468,0.32087150,0.18980396,0.12755537,-0.30154440,0.23527745,-0.10482976,-0.26603411,-0.25355918,0.13017206,-0.28412026,-0.17480042,-0.13321504,-0.27194145,2.98292694,1.38599944,0.00310042,0.02031837,0.67858912,0.73423045,2.87061157,1.58520079,0.01932710,3.10584202,1.61235456,0.05483739,2.83331699,1.14340124,0.03675124,3.10205841,1.20131288,0.04893005,-0.07472991,-8.18047295,-1.63948617,0.33152449,3.08379555,0.11265849,0.07688688,-6.85350008,2.18702581,-0.46567433,2.24839139,0.40343282
0.89072939,-0.03616043,0.07857942,0.37056129,0.17627263,-0.88837048,0.11257061,0.56611389,-1.86314833,-0.07378744,0.85626626,-1.60469353,0.00668965,0.64918900,-1.69163430,-0.08426277,1.04625714,-1.61895633,0.91537810,0.06138749,0.33262468,0.32203063,0.17163551,0.13087015,-0.30070132,0.27930327,-0.10566675,-0.25607307,-0.26788613,0.12820948,-0.28307949,-0.14367438,-0.12992817,-0.27986541,2.98539066,1.40374637,0.00696651,0.01944472,0.67207903,0.74019129,2.87158012,1.58713913,0.02132931,3.11735058,1.67163134,0.06595756,2.83208656,1.14938736,0.03895114,3.10094452,1.24827623,0.04216522,-0.13289720,-8.88464165,0.89208835,0.36644158,3.01293230,0.82415336,0.37225091,-6.52138329,2.93741202,-0.58550560,2.75894856,0.18375634
0.88383197,-0.03082723,0.06830059,0.60878363,0.11681659,-0.80618136,0.10314086,0.40350139,-1.79963899,-0.06511806,0.90850557,-1.57278469,0.02176204,0.52919121,-1.62188511,-0.09978759,1.11762989,-1.62051306,0.91537810,0.06138749,0.33262468,0.32324337,0.15441410,0.13448125,-0.30024703,0.31768045,-0.10783290,-0.24817577,-0.28438252,0.12512847,-0.28099116,-0.11394940,-0.12440138,-0.28805893,2.98803310,1.42124448,0.01237743,0.01619528,0.66615302,0.74553649,2.87168541,1.58974414,0.02299634,3.13075523,1.72485476,0.07506760,2.83185215,1.15265918,0.04225221,3.09889469,1.29408364,0.03518444,-0.48296353,-8.09142952,3.23073416,0.43331119,2.60155511,1.62415109,0.75925438,-5.96818638,3.49138474,-0.78486830,3.58177733,-0.07939339
0.89105923,-0.02637649,0.04604337,0.78126240,0.17006804,-0.62212454,0.08530252,0.26900983,-1.69628363,-0.05706557,0.95396572,-1.52002938,0.03841787,0.43685398,-1.55479541,-0.12136099,1.19528129,-1.61968465,0.91537810,0.06138749,0.33262468,0.32426801,0.13602192,0.13838036,-0.30087747,0.34947159,-0.11056590,-0.24546503,-0.30178669,0.12101619,-0.27871495,-0.08976427,-0.11774872,-0.29579481,2.99081326,1.43883958,0.01934691,0.01218657,0.66147674,0.74961704,2.87046013,1.59104409,0.02339055,3.14406281,1.77181072,0.07880298,2.83313656,1.15448384,0.04555306,3.09645939,1.33510299,0.02847320,-0.91862382,-6.63934288,5.28989248,0.39724371,2.25726686,2.70268512,0.82045078,-4.49876795,3.30826211,-1.09601740,3.87965560,0.07305621
0.89590699,-0.01968989,0.03362607,0.84757191,0.27256441,-0.34433084,0.06228279,0.17960121,-1.56753831,-0.05134362,0.99218595,-1.45209525,0.04938683,0.39122134,-1.50891161,-0.14561734,1.26686301,-1.60744083,0.91537810,0.06138749,0.33262468,0.32533475,0.11667194,0.14234525,-0.30199774,0.37075990,-0.11290488,-0.25131970,-0.31905090,0.11700386,-0.27726205,-0.07601314,-0.11189082,-0.30264530,2.99360619,1.45652471,0.02751139,0.00849821,0.65872402,0.75183347,2.86791496,1.59097257,0.02333701,3.15448380,1.80912762,0.07401505,2.83549404,1.15571923,0.04807269,3.09447899,1.36640129,0.02268945,-1.14938660,-4.19007092,6.44691563,0.27355311,1.87009327,3.41865468,0.51626026,-2.05077186,2.17457612,-1.20495210,3.52421784,0.66307349
0.90006187,-0.01817683,-0.00550875,0.75761464,0.32627108,-0.10608321,0.03995530,0.15653331,-1.45526295,-0.04940913,1.02391446,-1.38762090,0.05280588,0.40426623,-1.49817414,-0.16459017,1.32459679,-1.59407175,0.91537810,0.06138749,0.33262468,0.32597496,0.09874285,0.14552189,-0.30226274,0.37557604,-0.11447057,-0.26466375,-0.33304653,0.11483662,-0.27566965,-0.07630394,-0.10793087,-0.30849666,2.99638443,1.47428918,0.03545638,0.00579856,0.65770855,0.75241523,2.86550941,1.59175620,0.02371221,3.16046257,1.83099527,0.06131121,2.83767948,1.15977340,0.05030531,3.09303818,1.38412590,0.01747830,-1.11105170,-0.77034792,5.43941784,0.07139450,1.56242597,3.16717076,0.12764100,1.00815930,0.30502365,-0.90367174,2.80307698,0.62882422
0.91320135,-0.01865976,-0.05694520,0.52217574,0.31579133,-0.01460426,0.02034889,0.18003830,-1.38069785,-0.04937418,1.05413079,-1.33795941,0.05204706,0.46583056,-1.52635765,-0.17678453,1.37037253,-1.59713852,0.91537810,0.06138749,0.33262468,0.32580912,0.08241941,0.14791616,-0.30095662,0.36771712,-0.11596524,-0.27981914,-0.34154624,0.11441973,-0.27232258,-0.08832551,-0.10568053,-0.31151774,2.99915981,1.49233150,0.04174890,0.00451901,0.65743225,0.75234264,2.86379433,1.59405828,0.02485250,3.16394520,1.84091377,0.04598998,2.83945656,1.16946840,0.05348654,3.09187889,1.39048386,0.01429138,-0.95577103,1.44945490,3.43832707,-0.00458278,1.50769460,2.36321902,-0.05806356,3.38545370,-1.68246019,-0.56441814,2.21101284,-0.29788253
0.93927702,-0.01468045,-0.10635215,0.17683979,0.19874320,-0.08834658,0.01689673,0.23985365,-1.36702900,-0.04607529,1.08493106,-1.30859501,0.05097012,0.54965061,-1.57568986,-0.18011856,1.39948871,-1.61949649,0.91537810,0.06138749,0.33262468,0.32465496,0.06765998,0.15024373,-0.29791282,0.35057426,-0.11456350,-0.29145353,-0.34353471,0.11533043,-0.26750121,-0.10667110,-0.10490405,-0.31080355,3.00189266,1.51098351,0.04450301,0.00477743,0.65671808,0.75280676,2.86238613,1.59867034,0.02674214,3.16359806,1.84246273,0.03320143,2.84039612,1.18658242,0.05715375,3.09112358,1.39089427,0.01385141,-0.14356204,3.03242807,0.59643748,0.17282795,1.53608739,1.43933476,-0.05051091,4.19565992,-2.47672725,-0.15524106,1.42465914,-1.13780448
0.97682845,-0.00246994,-0.13622427,-0.18681685,0.01036854,-0.23401075,0.03067076,0.32553042,-1.40817432,-0.03737088,1.11174724,-1.30134218,0.05232416,0.63353564,-1.62560961,-0.17560866,1.40578430,-1.65493956,0.91537810,0.06138749,0.33262468,0.32288120,0.05674451,0.15274985,-0.29412075,0.32806776,-0.11000739,-0.29786076,-0.33879560,0.11674090,-0.26296174,-0.12656164,-0.10497772,-0.30756140,3.00454197,1.53039927,0.04338296,0.00595818,0.65499351,0.75436458,2.86140232,1.60826774,0.02876045,3.16003857,1.83951235,0.02502044,2.84085617,1.21162372,0.05991946,3.09047585,1.39020820,0.01531979,0.71573352,4.33414774,-2.17038329,0.44985800,1.32059805,0.28595064,0.07533091,4.17161169,-2.45127854,0.24663178,0.24232147,-1.80347292
1.01829910,0.02072775,-0.12991413,-0.42489599,-0.20190592,-0.34415335,0.05065984,0.42034354,-1.47541573,-0.02562350,1.13237815,-1.32636619,0.05587084,0.70885257,-1.65956423,-0.16375102,1.38504968,-1.69855077,0.91537810,0.06138749,0.33262468,0.32111899,0.05334020,0.15464492,-0.28994355,0.30415747,-0.10559367,-0.29972713,-0.32684923,0.11845287,-0.26004477,-0.14653592,-0.10571346,-0.30432925,3.00701504,1.55064788,0.03909869,0.00709930,0.65248449,0.75675946,2.86200943,1.62636843,0.03117544,3.15661907,1.83574510,0.02139185,2.84132366,1.24502087,0.06107422,3.08978806,1.39003425,0.01678973,1.00754094,4.73139992,-3.39679646,0.58852319,1.01011416,-1.42058657,0.18400247,3.72544432,-1.62749712,0.62408615,-1.16211740,-2.19960308
1.04508762,0.05176073,-0.11183539,-0.54056408,-0.39588425,-0.34620213,0.07029067,0.51225237,-1.54267461,-0.01613763,1.14434996,-1.39590383,0.06005540,0.77312022,-1.67611997,-0.14451655,1.33691492,-1.74179370,0.91537810,0.06138749,0.33262468,0.31957294,0.06134231,0.15458292,-0.28540611,0.28108521,-0.10289834,-0.29921779,-0.30883465,0.12076121,-0.25918654,-0.16564667,-0.10730748,-0.30168119,3.00916080,1.57148194,0.03265867,0.00758625,0.64992407,0.75925922,2.86596756,1.65606594,0.03416683,3.15442524,1.83319783,0.02035515,2.84194431,1.28512421,0.06038640,3.08946762,1.39119182,0.01789174,0.96987171,4.57565441,-3.32839227,0.45052413,0.53343054,-3.75263214,0.20893817,3.14329195,-0.72403190,1.00428748,-2.55535247,-2.13942146
1.04649022,0.08269737,-0.09281772,-0.54989770,-0.52054430,-0.22633215,0.08475865,0.59783638,-1.59656942,-0.01173004,1.14237094,-1.50108671,0.06334385,0.82640719,-1.68058729,-0.12034462,1.26737976,-1.77729630,0.91537810,0.06138749,0.33262468,0.31822324,0.08051853,0.15226916,-0.28039962,0.25911414,-0.10259801,-0.29811603,-0.28714539,0.12361003,-0.25986490,-0.18301569,-0.10983251,-0.29931203,3.01085663,1.59245276,0.02521296,0.00724925,0.64816322,0.76104941,2.87340069,1.69625545,0.03782362,3.15351868,1.83185625,0.02010721,2.84297562,1.32873344,0.05835834,3.09005165,1.39424562,0.01891121,0.67760551,4.22584534,-2.57837510,0.18148144,-0.20587920,-5.47772121,0.15560655,2.58958673,-0.15435933,1.23668873,-3.61645436,-1.70908916
1.02421414,0.10227739,-0.05814756,-0.45187252,-0.51863903,-0.01661863,0.09176994,0.66989614,-1.62780151,-0.01707896,1.11620820,-1.61248081,0.06454247,0.86939409,-1.67347231,-0.09699067,1.18029039,-1.79906917,0.91537810,0.06138749,0.33262468,0.31740733,0.10729266,0.14730885,-0.27552835,0.23967427,-0.10429496,-0.29751666,-0.26307503,0.12631661,-0.26190616,-0.19848036,-0.11284701,-0.29787578,3.01208630,1.61303697,0.01837354,0.00623521,0.64807049,0.76133316,2.88383522,1.74251003,0.04187898,3.15337391,1.83294377,0.01989066,2.84531765,1.37355299,0.05550117,3.09173393,1.39906230,0.01953155,0.34263143,3.58775473,-1.53403033,-0.28440380,-1.35118241,-5.56526995,0.05833590,2.14298627,0.36558720,1.16240504,-4.37449541,-1.06677666
0.98983740,0.11129699,-0.01210844,-0.30608949,-0.47020593,0.21727770,0.09344586,0.73287028,-1.64006329,-0.03442925,1.05239575,-1.71894519,0.06511503,0.90936165,-1.66032262,-0.07733720,1.07798550,-1.80471673,0.91537810,0.06138749,0.33262468,0.31736277,0.14240005,0.13969677,-0.27059880,0.22156013,-0.10691982,-0.29780534,-0.23694295,0.12849821,-0.26537543,-0.21331533,-0.11561938,-0.29721398,3.01298389,1.63298459,0.01289034,0.00471183,0.64968215,0.76008207,2.89717712,1.79540920,0.04676397,3.15311489,1.83518262,0.01955743,2.84914150,1.41895323,0.05198734,3.09395943,1.40426154,0.02014879,0.07010721,3.13401651,-0.56125685,-0.90273836,-3.35189261,-5.29609346,0.03034204,1.99997656,0.66864103,0.97213216,-5.16726446,-0.23045684
0.94908051,0.11158156,0.03581852,-0.11505612,-0.42418118,0.44140987,0.08945725,0.78956957,-1.63312967,-0.06177302,0.92666280,-1.80012593,0.06770862,0.95158423,-1.64660687,-0.06225685,0.96146598,-1.79178705,0.91537810,0.06138749,0.33262468,0.31819685,0.18828637,0.13016869,-0.26555410,0.20372960,-0.11056341,-0.29908938,-0.20853033,0.12990068,-0.27034727,-0.22800660,-0.11742559,-0.29686980,3.01360416,1.65214801,0.00907736,0.00236610,0.65293651,0.75735455,2.91259861,1.85755863,0.05264275,3.15297871,1.83736343,0.01910747,2.85439606,1.46503344,0.04784957,3.09615326,1.40932827,0.02132705,-0.22869835,2.80159640,0.43497130,-1.39667559,-6.58331060,-3.86045089,0.14646183,2.13048220,0.66913456,0.72936853,-5.86408091,0.72841358
0.91312319,0.10190997,0.07841778,0.05507026,-0.37514712,0.60693538,0.07966254,0.83823714,-1.60868542,-0.08796620,0.74685128,-1.82282391,0.07362659,0.99578995,-1.63426905,-0.05397809,0.83915858,-1.75937872,0.91537810,0.06138749,0.33262468,0.31987654,0.23872612,0.12162707,-0.26075558,0.18641902,-0.11539007,-0.30112498,-0.17953847,0.12985842,-0.27650549,-0.24221884,-0.11790033,-0.29667172,3.01408215,1.67057738,0.00686693,-0.00072093,0.65743345,0.75348098,2.92594166,1.92358837,0.05912096,3.15367947,1.83963213,0.01875156,2.86108284,1.51030111,0.04337105,3.09805679,1.41461115,0.02320482,-0.51852855,2.38642907,1.30902804,-1.26866574,-9.23469763,-0.74865669,0.31235984,2.21076393,0.61976475,0.37057098,-6.13514280,1.73327341
0.88488915,0.08062375,0.10235848,0.17478097,-0.28669927,0.64226563,0.06730857,0.87862229,-1.57341635,-0.10094238,0.56166929,-1.78082502,0.08244551,1.04129863,-1.61960626,-0.05385084,0.71632504,-1.70826268,0.91537810,0.06138749,0.33262468,0.32211313,0.28356830,0.11696387,-0.25756729,0.17006634,-0.12045626,-0.30341589,-0.15099164,0.12802878,-0.28357065,-0.25665941,-0.11699648,-0.29693130,3.01463890,1.68839192,0.00609663,-0.00398437,0.66225954,0.74923912,2.93338394,1.98417759,0.06454583,3.15506840,1.84237838,0.01869723,2.86903667,1.55426574,0.03854247,3.09923077,1.41930747,0.02518183,-0.62889439,1.95990789,1.82829368,-0.53713560,-9.19074249,2.55379176,0.46172482,2.28822446,0.75495237,-0.05346894,-6.13705111,2.68645024
0.86978352,0.05358130,0.11424176,0.25029525,-0.19874937,0.51776323,0.05740533,0.91221905,-1.53014159,-0.09865935,0.40498105,-1.68956425,0.09204779,1.08650508,-1.59110124,-0.06387541,0.59420143,-1.63894401,0.91537810,0.06138749,0.33262468,0.32473827,0.31895619,0.11649533,-0.25765850,0.15430440,-0.12427827,-0.30600462,-0.12273092,0.12386431,-0.29120208,-0.27318286,-0.11522654,-0.29855571,3.01551361,1.70575457,0.00665799,-0.00710290,0.66617552,0.74573145,2.93558750,2.03577886,0.06707977,3.15633984,1.84512067,0.01873365,2.87864571,1.59771557,0.03353619,3.09932117,1.42135639,0.02618256,-0.48816558,1.67368042,2.16836214,0.12599435,-7.77530079,4.59527197,0.48139337,2.26242824,1.43067729,-0.50742489,-6.07949667,3.46975112
0.86758630,0.03059490,0.10079759,0.28387924,-0.16544470,0.27246716,0.05231897,0.94198618,-1.48502030,-0.08905275,0.29103492,-1.58139694,0.10199655,1.13248372,-1.56010401,-0.07669404,0.49529096,-1.57094231,0.91537810,0.06138749,0.33262468,0.32721493,0.34376865,0.11767211,-0.26189791,0.13906033,-0.12648173,-0.30842855,-0.09961969,0.11895989,-0.29784874,-0.29041769,-0.11322933,-0.29960980,3.01672783,1.72301540,0.00768033,-0.01019407,0.66830871,0.74377453,2.93635540,2.07736535,0.06531702,3.15730686,1.84780698,0.01878638,2.88783035,1.63663845,0.02936619,3.09836750,1.42218609,0.02760513,-0.24113298,1.48084605,2.25140905,0.49435155,-5.56544151,5.41626215,0.49450635,2.29612527,1.54765022,-0.63789066,-4.84680939,3.36782718
0.87188944,0.02000889,0.07108633,0.30338932,-0.19524336,0.00510021,0.05133206,0.96984400,-1.44303865,-0.07412358,0.22256349,-1.47858279,0.11027192,1.17958989,-1.53384862,-0.08728525,0.43319934,-1.51846957,0.91537810,0.06138749,0.33262468,0.32923701,0.35766026,0.11999719,-0.26934261,0.12469708,-0.12764820,-0.30996828,-0.08479333,0.11450232,-0.30335983,-0.30704810,-0.11205653,-0.29904660,3.01815376,1.74033504,0.00865528,-0.01362916,0.66848265,0.74355247,2.93672390,2.10869541,0.05989440,3.15829449,1.85080676,0.01926873,2.89531250,1.66814976,0.02587718,3.09704971,1.42314324,0.03019041,-0.03472066,1.38881838,2.07699673,0.77164125,-3.23255382,5.07138157,0.40289763,2.37219701,1.26977344,-0.51336762,-2.93382044,2.53286209
0.87835625,0.02278599,0.02610244,0.27719287,-0.24011965,-0.20125294,0.05257415,0.99495021,-1.40344667,-0.05414836,0.19334363,-1.39284532,0.11497792,1.22534986,-1.51277432,-0.09347121,0.41212901,-1.48897533,0.91537810,0.06138749,0.33262468,0.33052070,0.36176469,0.12363747,-0.27868841,0.11122249,-0.12847111,-0.31081720,-0.07954580,0.11106577,-0.30806879,-0.32239560,-0.11234808,-0.29687593,3.01961670,1.75779624,0.00915174,-0.01728237,0.66711431,0.74469864,2.93629780,2.13091536,0.05183229,3.15948429,1.85429664,0.01970350,2.90051537,1.69087830,0.02245191,3.09602089,1.42504497,0.03364477,0.06976935,1.23186696,1.97778785,1.02403853,-1.25949445,4.18543186,0.21047722,2.25764747,1.04489994,-0.28143863,-0.81406362,1.33570147
0.88490148,0.03380294,-0.03346966,0.20323800,-0.27019078,-0.31110791,0.05433031,1.01934958,-1.36782634,-0.03185858,0.19763015,-1.33230937,0.11585867,1.26752937,-1.50029767,-0.09558481,0.42730099,-1.48369253,0.91537810,0.06138749,0.33262468,0.33075914,0.35731951,0.12812023,-0.28854688,0.09809877,-0.12942519,-0.31079181,-0.08296519,0.10868495,-0.31181641,-0.33530815,-0.11402836,-0.29311413,3.02100658,1.77543926,0.00891920,-0.02072235,0.66487666,0.74661239,2.93487453,2.14513278,0.04221226,3.16086483,1.85798573,0.01996733,2.90349293,1.70553803,0.01894273,3.09567451,1.42923307,0.03764501,0.08911639,1.22462142,1.74220550,1.12499571,0.44864056,2.82550311,0.01819655,2.08834648,0.54226398,-0.07888599,1.00129545,0.09153127
0.89744603,0.04433746,-0.09209845,0.08451495,-0.24318891,-0.29223158,0.05603749,1.04764049,-1.34262183,-0.01652007,0.23856723,-1.31433172,0.11302974,1.31014864,-1.51648712,-0.09601284,0.48817558,-1.52481489,0.91537810,0.06138749,0.33262468,0.32974024,0.34423630,0.13102285,-0.29692920,0.08485715,-0.13041012,-0.30912066,-0.09600720,0.10736712,-0.31102355,-0.34298155,-0.11681044,-0.28606478,3.02233620,1.79341178,0.00788327,-0.02316972,0.66267424,0.74850776,2.93384762,2.15095253,0.03281105,3.16204033,1.86189747,0.02061959,2.90415974,1.71107464,0.01871669,3.09686794,1.43883309,0.04367546,0.08495735,1.43027103,1.23140564,0.74677578,2.09635062,0.82949630,-0.14676377,2.13864179,-0.87182515,-0.02033293,3.07373691,-2.06945071
0.92291108,0.04776448,-0.13444651,-0.05429477,-0.13222682,-0.18656018,0.05650470,1.08134816,-1.33394558,-0.01504591,0.31086375,-1.34145703,0.10499726,1.35181806,-1.57099190,-0.09616911,0.56765709,-1.57297220,0.91537810,0.06138749,0.33262468,0.32788565,0.32472917,0.13041462,-0.30234892,0.07233670,-0.13131117,-0.30553917,-0.11436167,0.10676455,-0.30921157,-0.34304110,-0.12053203,-0.27574112,3.02374573,1.81190057,0.00655428,-0.02393570,0.66124464,0.74975973,2.93477077,2.15033884,0.02553672,3.16304054,1.86732779,0.02234647,2.90357494,1.71171951,0.01867408,3.10063534,1.45652308,0.05214452,0.01297009,1.66092384,0.41262960,0.03581297,3.68093562,-1.46036612,-0.42707480,2.03558187,-2.79662967,-0.01043916,4.01010690,-2.41155171
0.96429472,0.03930334,-0.14632127,-0.22673380,0.05489863,-0.06667524,0.05533781,1.10428677,-1.34522967,-0.02388610,0.39926863,-1.39772184,0.08657793,1.36365941,-1.63509498,-0.09744544,0.65191561,-1.61630712,0.91537810,0.06138749,0.33262468,0.32572497,0.30221722,0.12772174,-0.30453778,0.06622865,-0.13173861,-0.30226002,-0.13531544,0.10679156,-0.30657198,-0.33425481,-0.12562476,-0.26728452,3.02543888,1.83115153,0.00520530,-0.02227213,0.66072016,0.75028377,2.93681698,2.14705381,0.02118718,3.16447277,1.88025217,0.02346494,2.90244770,1.71037126,0.01915299,3.10794353,1.48373127,0.05844044,-0.05390462,1.08815852,-0.72144263,-0.46936352,4.44910784,-2.89643359,-0.97393317,0.38956401,-3.15835452,-0.06976559,4.18863258,-2.11114867
1.00951040,0.01773312,-0.13684535,-0.44792164,0.27880093,-0.02398891,0.05956898,1.11352005,-1.41510401,-0.03498061,0.48738992,-1.46171319,0.05828083,1.33488004,-1.69430594,-0.10025993,0.72626623,-1.64488626,0.91537810,0.06138749,0.33262468,0.32360472,0.27957085,0.12566462,-0.30456306,0.07489654,-0.12946508,-0.29807840,-0.15612297,0.10738771,-0.30353137,-0.31755652,-0.13180591,-0.26199069,3.02763462,1.85120683,0.00370509,-0.01758318,0.66060361,0.75051980,2.93838940,2.14444180,0.01904166,3.16554279,1.90910358,0.02552632,2.90133877,1.70994163,0.02007335,3.11816082,1.51951427,0.06161403,0.26109935,0.38338279,-3.92238090,-0.54991462,4.37436438,-3.19363952,-1.46066561,-1.64267196,-2.95842624,-0.15015693,3.64274502,-1.33699596
1.05361111,-0.00782411,-0.09989098,-0.60536139,0.44493129,-0.09045530,0.07223415,1.09962952,-1.53731966,-0.04322984,0.56342912,-1.51508808,0.02864128,1.27725494,-1.74397707,-0.10425216,0.78652358,-1.65707517,0.91537810,0.06138749,0.33262468,0.32191926,0.25880276,0.12546913,-0.30413906,0.09934770,-0.12402667,-0.29262945,-0.17574617,0.10834883,-0.30058239,-0.29668984,-0.13748055,-0.25857775,3.03043365,1.87200880,0.00209528,-0.01053801,0.66007918,0.75111919,2.93923092,2.14477873,0.01778020,3.16618919,1.95461035,0.02928981,2.90041733,1.71162820,0.02133687,3.12868404,1.56012321,0.06334151,0.69282752,-0.88662380,-6.41986322,-0.38641420,3.69698858,-2.56554341,-1.47249663,-3.06786036,-2.38921857,-0.20667268,2.90932751,-0.49152371
1.07496764,-0.02421969,-0.05144637,-0.51555677,0.51729214,-0.20483654,0.09094690,1.04791020,-1.66856892,-0.04938708,0.62785765,-1.55056238,0.00502547,1.19836512,-1.77522638,-0.10943589,0.83991613,-1.66155937,0.91537810,0.06138749,0.33262468,0.32101836,0.24021650,0.12646204,-0.30382909,0.13450334,-0.11684991,-0.28562510,-0.19396052,0.10951038,-0.29745242,-0.27384368,-0.14121810,-0.25802134,3.03375607,1.89326277,0.00156935,-0.00322733,0.65859243,0.75249129,2.94023628,2.14811697,0.01718927,3.16739674,2.01109834,0.03539326,2.89951248,1.71552176,0.02356595,3.13744640,1.60312276,0.06299703,0.94114230,-2.64581013,-6.54073572,-0.30666878,3.21504426,-1.75267112,-1.17153436,-3.96618156,-1.53937472,-0.26172350,2.67026114,-0.22814654
1.06713929,-0.03365075,-0.00080588,-0.30836750,0.55175420,-0.32159878,0.11214856,0.94978849,-1.77794735,-0.05476363,0.68930153,-1.57180943,-0.01254969,1.10472412,-1.78985808,-0.11587358,0.89295394,-1.66631858,0.91537810,0.06138749,0.33262468,0.32092431,0.22216678,0.12795972,-0.30353024,0.17645512,-0.10935026,-0.27733158,-0.21078822,0.11072331,-0.29394619,-0.24911268,-0.14317701,-0.26016110,3.03737087,1.91433249,0.00277280,0.00303134,0.65620836,0.75456856,2.94147758,2.15210600,0.01739406,3.17014866,2.07390676,0.04359273,2.89846916,1.72094779,0.02697812,3.14459515,1.64776216,0.06076320,1.05744951,-5.07088757,-5.35884733,-0.26698471,3.07425761,-1.02529898,-0.86463186,-4.72110825,-0.68086191,-0.32173917,2.64517426,-0.22102831
1.03950138,-0.03738412,0.04684081,-0.08631641,0.53549169,-0.42785372,0.13150514,0.79774064,-1.84234169,-0.05916617,0.75121907,-1.58000648,-0.02570717,0.99748161,-1.78607953,-0.12250437,0.94336084,-1.66340427,0.91537810,0.06138749,0.33262468,0.32168661,0.20365411,0.12977826,-0.30320793,0.22360457,-0.10293414,-0.26823383,-0.22669947,0.11191295,-0.29158486,-0.22238748,-0.14393111,-0.26459101,3.04117432,1.93484559,0.00554581,0.00777205,0.65301082,0.75728839,2.94275074,2.15536814,0.01847868,3.17586727,2.14088502,0.05345278,2.89714508,1.72706509,0.03010175,3.15084248,1.69371233,0.05709560,0.95464498,-7.81204910,-2.99002361,-0.21407250,3.09648561,-0.35345933,-0.64194903,-5.42002296,0.27158400,-0.33376056,2.50746751,0.18858574
1.00493964,-0.03406453,0.07834976,0.11778153,0.44853356,-0.50837866,0.14572451,0.61450349,-1.85030191,-0.06130616,0.81183664,-1.57459075,-0.03421592,0.88041279,-1.76284149,-0.12884415,0.99086155,-1.65100694,0.91537810,0.06138749,0.33262468,0.32309076,0.18479120,0.13192921,-0.30296482,0.27060715,-0.09852901,-0.25881321,-0.24213757,0.11281564,-0.29081403,-0.19416197,-0.14370596,-0.27070098,3.04504204,1.95466838,0.00931808,0.01060854,0.64918964,0.76049552,2.94373684,2.15786867,0.02012595,3.18480434,2.20646729,0.06427756,2.89563637,1.73322783,0.03227673,3.15650806,1.74036579,0.05238979,0.67278022,-9.26409245,-0.06336310,-0.09042884,3.01726961,0.35052106,-0.39487500,-5.89380550,1.27384032,-0.31185782,2.35885024,0.67182679
0.97556504,-0.02549230,0.10279682,0.30655804,0.32148665,-0.54307680,0.15196991,0.43769559,-1.80755866,-0.06042250,0.86729419,-1.55415154,-0.03531159,0.76229203,-1.72201455,-0.13554260,1.03812122,-1.63408327,0.91537810,0.06138749,0.33262468,0.32505426,0.16615749,0.13442267,-0.30304836,0.31193411,-0.09640066,-0.25063723,-0.25721442,0.11310305,-0.29101178,-0.16592813,-0.14189995,-0.27800627,3.04888916,1.97388625,0.01371652,0.01131948,0.64507176,0.76391502,2.94419861,2.16021299,0.02200590,3.19617939,2.26526499,0.07441702,2.89429855,1.73925185,0.03404248,3.16098976,1.78653312,0.04704799,0.25162429,-8.72498417,2.47687316,0.06613433,2.72808170,1.13232851,0.00406578,-5.89637470,2.16126680,-0.34107503,2.36866570,0.86546654
0.96998826,-0.01034730,0.10609565,0.41732287,0.24931374,-0.48031057,0.14532629,0.29699323,-1.72394240,-0.05675452,0.91433049,-1.51151230,-0.02598048,0.64733412,-1.66678915,-0.14676363,1.09187548,-1.61746914,0.91537810,0.06138749,0.33262468,0.32731227,0.14675832,0.13743447,-0.30435162,0.34382682,-0.09674450,-0.24702200,-0.27332799,0.11191215,-0.29095098,-0.13813298,-0.13746641,-0.28582526,3.05261860,1.99290581,0.01855991,0.01048520,0.64136508,0.76693965,2.94334526,2.16168251,0.02296065,3.20872135,2.31416631,0.08029027,2.89407234,1.74371591,0.03636129,3.16345081,1.83261247,0.04148701,-0.35740057,-6.98483076,4.23298330,0.18584694,2.34307318,2.15689082,0.47866962,-5.74626684,2.77970958,-0.56897770,2.70359921,0.83183235
0.97692707,0.00836384,0.09130053,0.48024852,0.22757669,-0.27868035,0.12521878,0.19866158,-1.61216061,-0.05200799,0.95489942,-1.45449731,-0.01014944,0.54133743,-1.60249362,-0.16228019,1.15514972,-1.59869940,0.91537810,0.06138749,0.33262468,0.32949358,0.12652965,0.14076516,-0.30598750,0.36585974,-0.09879282,-0.25123166,-0.29216050,0.10965898,-0.28989714,-0.11237035,-0.13098515,-0.29381873,3.05612431,2.01208801,0.02372370,0.00911854,0.63910579,0.76869879,2.94088287,2.16223459,0.02350608,3.22018223,2.35369945,0.07826192,2.89486656,1.74491992,0.03959644,3.16434116,1.87765098,0.03567486,-1.01391661,-4.74430847,5.60989046,0.23587184,2.00748105,2.86986041,0.79598000,-5.21836176,3.21327758,-0.77915198,3.17947888,0.95441290
0.98087815,0.01663330,0.03535644,0.51688595,0.21666289,-0.02201353,0.10269247,0.16432064,-1.50600364,-0.04920032,0.98922915,-1.39345345,0.00514654,0.47693563,-1.54905901,-0.17726711,1.22010918,-1.57675271,0.91537810,0.06138749,0.33262468,0.33082761,0.10704951,0.14353255,-0.30705923,0.37274122,-0.10039092,-0.26329209,-0.31178189,0.10778597,-0.28786978,-0.09640783,-0.12444016,-0.30130813,3.05944595,2.03139377,0.02907874,0.00749494,0.63876971,0.76881175,2.93804703,2.16301250,0.02376837,3.22666988,2.37931690,0.06753552,2.89616318,1.74475026,0.04295782,3.16403503,1.91374621,0.02951947,-1.13342111,-1.42168693,5.20999670,0.12390410,1.69602501,3.05425906,0.75059223,-2.96708632,2.56611862,-0.73740125,3.23329043,1.09725237
0.97945736,0.01033757,-0.03999157,0.51877742,0.20521364,0.13476782,0.07829439,0.18095423,-1.42655666,-0.04964204,1.02112453,-1.33871493,0.01665443,0.46957570,-1.52831368,-0.18965431,1.28301239,-1.56995382,0.91537810,0.06138749,0.33262468,0.33087875,0.08909416,0.14524535,-0.30678115,0.36680134,-0.10270225,-0.27817521,-0.32757936,0.10697648,-0.28368189,-0.09338666,-0.11900231,-0.30704315,3.06275291,2.05072083,0.03438821,0.00579697,0.63967478,0.76785417,2.93611107,2.16472006,0.02409760,3.23038540,2.39275932,0.05270354,2.89804306,1.74802814,0.04719685,3.16280861,1.93726830,0.02383560,-1.23151610,1.04606428,3.80310030,-0.03810051,1.59088671,2.67180610,0.55172036,-0.05058110,0.81598518,-0.60530746,3.13928008,0.18854857
0.97286634,-0.00355486,-0.10989847,0.40179415,0.20129431,0.16132915,0.05855346,0.22416382,-1.38137031,-0.05122226,1.05485404,-1.30026114,0.02269619,0.50940752,-1.54308879,-0.19677851,1.34066343,-1.58808112,0.91537810,0.06138749,0.33262468,0.32968661,0.07292092,0.14642933,-0.30438903,0.35382675,-0.10478923,-0.29108924,-0.33711697,0.10776079,-0.27695897,-0.10114284,-0.11546107,-0.30987677,3.06615543,2.06996775,0.03890111,0.00470753,0.64085153,0.76666411,2.93511772,2.16788673,0.02529758,3.23249912,2.39936709,0.03859738,2.89987469,1.75754023,0.05272764,3.16167927,1.94981647,0.01980984,-0.93466842,2.31904674,2.00133562,-0.08238896,1.70675743,1.79240215,0.25926387,2.30480051,-0.98331922,-0.31060603,2.83297038,-1.07992887
0.98033890,-0.01193973,-0.16048188,0.13428308,0.11517352,0.06627789,0.05670501,0.29282867,-1.39196663,-0.04920138,1.08963244,-1.28411176,0.02458909,0.57928790,-1.57979450,-0.19431803,1.37841644,-1.61716542,0.91537810,0.06138749,0.33262468,0.32736755,0.05932521,0.14785278,-0.30007180,0.33544537,-0.10354844,-0.29859470,-0.34027804,0.11008980,-0.27009747,-0.11686932,-0.11417684,-0.30955995,3.06967373,2.08936834,0.04075939,0.00473725,0.64134690,0.76615297,2.93469753,2.17399311,0.02729575,3.23111420,2.40110998,0.02877285,2.90093803,1.77403173,0.05727008,3.16129551,1.95408998,0.01780760,-0.07116172,3.45780792,-0.58296201,0.10924869,1.72677743,0.78311772,0.09613023,3.50379086,-1.83421886,0.13537305,1.85317183,-1.47249544
1.00894836,-0.00581184,-0.16952587,-0.15115332,-0.05328854,-0.06383232,0.06660735,0.37624540,-1.43705711,-0.04199596,1.11788208,-1.29048235,0.02789343,0.65413855,-1.61641402,-0.18383593,1.39033098,-1.65813150,0.91537810,0.06138749,0.33262468,0.32481665,0.05107239,0.14953126,-0.29548730,0.31418775,-0.10071812,-0.30202760,-0.33565771,0.11291959,-0.26441858,-0.13525223,-0.11382082,-0.30759794,3.07319431,2.10932827,0.03943240,0.00526236,0.64091678,0.76657882,2.93518543,2.18627977,0.02932935,3.22839432,2.40048294,0.02278905,2.90215530,1.79922733,0.06039807,3.16103573,1.95592608,0.01721871,0.50632062,4.19552898,-2.33373625,0.37109360,1.40790784,-0.42197367,0.17190478,3.74337435,-1.83544624,0.54257562,0.50973558,-2.07571919
1.04037844,0.01534854,-0.14644324,-0.37068329,-0.23162927,-0.14823685,0.08033372,0.46483122,-1.50037577,-0.03269405,1.13969474,-1.33560834,0.03338832,0.72502841,-1.64692404,-0.16701866,1.37075357,-1.70590966,0.91537810,0.06138749,0.33262468,0.32263618,0.05192964,0.15052386,-0.29043577,0.29233312,-0.09861151,-0.30185708,-0.32284755,0.11581014,-0.26107828,-0.15396767,-0.11409997,-0.30447214,3.07652798,2.12992063,0.03533209,0.00581365,0.63986863,0.76764965,2.93790455,2.20826387,0.03220041,3.22647457,2.39954796,0.02077909,2.90413857,1.83340011,0.06155789,3.16084232,1.95782781,0.01816404,0.70215149,4.43159571,-3.18979001,0.46441523,1.03541127,-2.43696480,0.28327472,3.50320077,-1.45546520,0.86727363,-1.12180703,-2.40219760
1.05608011,0.04524312,-0.12689231,-0.50654004,-0.38889300,-0.13053502,0.09461565,0.55308416,-1.56229990,-0.02569110,1.14917631,-1.42654700,0.03999408,0.78640074,-1.66320050,-0.14482744,1.32071724,-1.75147192,0.91537810,0.06138749,0.33262468,0.32072053,0.06534286,0.14976132,-0.28509513,0.27033214,-0.09768015,-0.30040361,-0.30370086,0.11886989,-0.26003832,-0.17206460,-0.11500800,-0.30161287,3.07945347,2.15090470,0.02915861,0.00606872,0.63891027,0.76870450,2.94423351,2.24263096,0.03562540,3.22510242,2.39870958,0.02031692,2.90684891,1.87418838,0.06068221,3.16091824,1.96065078,0.01910766,0.70381856,4.40701380,-3.05840325,0.32783801,0.40598913,-4.82439380,0.33286629,3.01473260,-0.74152272,1.13688999,-2.66346910,-2.24266429
1.04756617,0.07441140,-0.10399460,-0.53165327,-0.46723036,-0.00398834,0.10454926,0.63489246,-1.61083710,-0.02373417,1.14180255,-1.54373598,0.04583273,0.83773845,-1.66785884,-0.12076560,1.24618518,-1.78721845,0.91537810,0.06138749,0.33262468,0.31906474,0.08840147,0.14704805,-0.27928400,0.24926575,-0.09856385,-0.29887518,-0.28062425,0.12186559,-0.26077180,-0.18878546,-0.11657846,-0.29912233,3.08184338,2.17184567,0.02215372,0.00592678,0.63881362,0.76901967,2.95354843,2.28576827,0.03978074,3.22454262,2.39874911,0.02018956,2.91047573,1.91840076,0.05829294,3.16173744,1.96484947,0.01994240,0.45833629,4.02878523,-2.31189227,0.05854133,-0.50319672,-5.98322105,0.28297260,2.49348140,-0.15288590,1.20813394,-3.89073348,-1.70689332
1.01921840,0.09156151,-0.06317576,-0.42200348,-0.46327770,0.19971153,0.10839711,0.70392364,-1.63720572,-0.03234652,1.10395668,-1.65827770,0.04971363,0.88143355,-1.66253514,-0.09949084,1.15048947,-1.80573390,0.91537810,0.06138749,0.33262468,0.31808878,0.11859073,0.14164808,-0.27387245,0.23045605,-0.10090268,-0.29813381,-0.25477168,0.12428146,-0.26333423,-0.20410062,-0.11856763,-0.29746990,3.08368359,2.19226613,0.01589581,0.00511987,0.64036508,0.76788911,2.96567039,2.33439574,0.04421633,3.22438354,2.40082035,0.01995496,2.91561337,1.96399679,0.05475455,3.16361561,1.97017107,0.02061888,0.18551006,3.43949223,-1.29046859,-0.44753231,-1.95272098,-5.71638489,0.19262707,2.18255711,0.27546356,1.05834522,-4.81171083,-0.89916086
0.98169434,0.09830720,-0.01158624,-0.24958325,-0.43527657,0.42816836,0.10700705,0.76541282,-1.64339950,-0.05228557,1.01592424,-1.76002741,0.05329374,0.92495285,-1.65208278,-0.08224071,1.03706098,-1.80512111,0.91537810,0.06138749,0.33262468,0.31801618,0.15871805,0.13379866,-0.26857497,0.21237141,-0.10414753,-0.29850645,-0.22634911,0.12599608,-0.26762998,-0.21929037,-0.12029913,-0.29654566,3.08513088,2.21199269,0.01106750,0.00349555,0.64359611,0.76527730,2.98054390,2.39131103,0.04944120,3.22416687,2.40334921,0.01950973,2.92217236,2.01061382,0.05038620,3.16602726,1.97531586,0.02147051,-0.08746942,3.05937099,-0.24775169,-1.02564508,-4.60134997,-5.01306839,0.18308672,2.18519497,0.52751108,0.84922302,-5.71412325,0.08886478
0.94359051,0.09536630,0.03867820,-0.04785513,-0.40548460,0.64357535,0.09901856,0.81954230,-1.62862561,-0.07800833,0.86205946,-1.82006004,0.05942952,0.97135696,-1.64110403,-0.07061963,0.91391897,-1.78440559,0.91537810,0.06138749,0.33262468,0.31890717,0.20811313,0.12507826,-0.26344143,0.19454596,-0.10872575,-0.30002051,-0.19665907,0.12656842,-0.27326820,-0.23438761,-0.12095788,-0.29599105,3.08627872,2.23097687,0.00792266,0.00084348,0.64841778,0.76124300,2.99590759,2.45634036,0.05546574,3.22457428,2.40574460,0.01888666,2.93003159,2.05696197,0.04563897,3.16840134,1.98032923,0.02291613,-0.42947602,2.66305208,0.82449666,-1.28658979,-7.95210495,-2.73329394,0.32418258,2.33059416,0.54441545,0.55133045,-6.16883707,1.12035217
0.91275755,0.08172236,0.07712560,0.10078121,-0.35033800,0.76581806,0.08607655,0.86381527,-1.59873426,-0.09663836,0.67225140,-1.81417754,0.06886209,1.01984246,-1.63079834,-0.06631807,0.78931255,-1.74368517,0.91537810,0.06138749,0.33262468,0.32059348,0.25752742,0.11873046,-0.25897500,0.17782684,-0.11428158,-0.30207950,-0.16743222,0.12550801,-0.27991530,-0.24922397,-0.12027381,-0.29555197,3.08730412,2.24932470,0.00625720,-0.00238856,0.65418206,0.75630746,3.00691986,2.52127261,0.06161848,3.22601624,2.40882897,0.01851398,2.93898048,2.10172420,0.04067818,3.17041206,1.98537121,0.02504151,-0.66658417,2.15850515,1.55993974,-0.86012261,-9.59096889,0.68493884,0.48720294,2.43469954,0.51307583,0.17160656,-6.23322725,2.15149333
0.88863644,0.05826087,0.10616128,0.20733521,-0.25894060,0.73990597,0.07245430,0.90044183,-1.55941188,-0.10182176,0.49030569,-1.74868751,0.08091658,1.06703103,-1.61021328,-0.07085934,0.66228437,-1.68263805,0.91537810,0.06138749,0.33262468,0.32292163,0.30003162,0.11613510,-0.25672054,0.16191866,-0.11952821,-0.30442229,-0.13815048,0.12239883,-0.28756322,-0.26502905,-0.11820937,-0.29650177,3.08842278,2.26713490,0.00595315,-0.00566594,0.65981841,0.75138015,3.01203537,2.57965899,0.06620109,3.22787380,2.41224885,0.01849934,2.94919682,2.14596081,0.03535841,3.17139053,1.98905182,0.02641986,-0.67817324,1.78243506,2.02774286,-0.16039295,-8.96837807,3.67516971,0.62115622,2.34124637,1.13315105,-0.29375640,-6.37417269,3.19788671
0.87820744,0.03191640,0.11032667,0.25604880,-0.19267784,0.54517729,0.06340633,0.93052958,-1.51373951,-0.09540013,0.34762138,-1.64463513,0.09383804,1.11444933,-1.58225811,-0.08307346,0.54582385,-1.60979760,0.91537810,0.06138749,0.33262468,0.32551542,0.33170079,0.11657964,-0.25862215,0.14662825,-0.12303667,-0.30707385,-0.11125503,0.11749344,-0.29497955,-0.28210883,-0.11549950,-0.29766782,3.08984547,2.28460164,0.00662794,-0.00877055,0.66395753,0.74768947,3.01328850,2.62775650,0.06689326,3.22935047,2.41565971,0.01844157,2.96002579,2.18801365,0.03053587,3.17119141,1.99081879,0.02784760,-0.44429556,1.50016797,2.28413911,0.32914066,-7.06715851,5.22006035,0.64673686,2.36740189,1.40394390,-0.61185637,-5.78190308,3.63477206
0.87824911,0.01301075,0.09371022,0.27518727,-0.19091566,0.25797809,0.05975086,0.95838984,-1.46927502,-0.08343258,0.25221515,-1.53489139,0.10630823,1.16045096,-1.55339963,-0.09497870,0.46123023,-1.54613793,0.91537810,0.06138749,0.33262468,0.32789803,0.35195909,0.11813682,-0.26461754,0.13186741,-0.12495484,-0.30918213,-0.09148350,0.11259980,-0.30108810,-0.29899261,-0.11299501,-0.29807444,3.09154072,2.30202584,0.00744202,-0.01197857,0.66599031,0.74582708,3.01381149,2.66505432,0.06328049,3.23055744,2.41897488,0.01871590,2.96935043,2.22381153,0.02680993,3.17012863,1.99220591,0.02982359,-0.16936200,1.39183676,2.20854220,0.61353955,-4.63281412,5.45689011,0.61567814,2.30348101,1.42102993,-0.58642044,-4.11662560,3.12742686
0.88004789,0.00785638,0.06075577,0.28475865,-0.23505886,-0.00480071,0.05970854,0.98381593,-1.42748799,-0.06596429,0.20166568,-1.43728516,0.11570143,1.20600438,-1.52988918,-0.10305732,0.41756573,-1.50258179,0.91537810,0.06138749,0.33262468,0.32976665,0.36133311,0.12094358,-0.27335211,0.11807410,-0.12608435,-0.31050576,-0.08105875,0.10855775,-0.30628950,-0.31469126,-0.11181014,-0.29689493,3.09334202,2.31947908,0.00803145,-0.01559703,0.66607737,0.74567632,3.01372623,2.69210529,0.05641454,3.23188438,2.42265258,0.01926089,2.97637081,2.25111942,0.02347716,3.16911812,1.99422522,0.03287172,0.00719199,1.24931490,2.09194136,0.89809804,-2.35389955,4.81952858,0.45455250,2.26638927,1.16582961,-0.38334800,-2.00004411,2.08788426
0.88286186,0.01338553,0.00818335,0.24428335,-0.27814531,-0.18129447,0.06077149,1.00712752,-1.38805542,-0.04374464,0.18854017,-1.36048124,0.12134528,1.24927444,-1.51250694,-0.10653153,0.41442403,-1.48318305,0.91537810,0.06138749,0.33262468,0.33074509,0.36121636,0.12511139,-0.28349399,0.10491743,-0.12722061,-0.31110708,-0.08022064,0.10563360,-0.31082317,-0.32867317,-0.11210861,-0.29421495,3.09511585,2.33701687,0.00805036,-0.01932002,0.66482654,0.74670449,3.01250782,2.71025410,0.04725110,3.23358994,2.42655835,0.01963800,2.98093357,2.26951714,0.01992192,3.16856194,1.99760551,0.03653014,0.05489239,1.16642392,1.94549408,1.13381250,-0.45560948,3.69295521,0.25980679,2.15195131,0.81752295,-0.14824935,0.06496203,0.81828539
0.88881538,0.02401113,-0.05662362,0.15408241,-0.27817694,-0.25186718,0.06150194,1.03206623,-1.35449040,-0.02168810,0.20868766,-1.31505668,0.12305987,1.29048061,-1.51093781,-0.10762240,0.45451605,-1.50515580,0.91537810,0.06138749,0.33262468,0.33055288,0.35280976,0.12960715,-0.29319660,0.09166786,-0.12862656,-0.31052081,-0.08858686,0.10374150,-0.31193875,-0.33922892,-0.11371881,-0.28942886,3.09680939,2.35472465,0.00739690,-0.02253864,0.66298762,0.74825445,3.01047325,2.72053719,0.03735628,3.23550606,2.43029594,0.02003206,2.98318768,2.27922606,0.01861413,3.16900158,2.00430131,0.04112402,0.03232509,1.26278389,1.63264263,1.08978093,1.23977149,2.03105450,0.05762949,2.04544544,-0.05388021,-0.04344061,2.32591486,-1.43652666
0.90597179,0.03086144,-0.11348146,0.02652380,-0.19911986,-0.19092984,0.06169555,1.06391106,-1.33484688,-0.01185502,0.26681322,-1.31941803,0.11954172,1.33484864,-1.54883046,-0.10742698,0.52729921,-1.55173206,0.91537810,0.06138749,0.33262468,0.32910501,0.33602188,0.13116395,-0.30036221,0.07801818,-0.12990870,-0.30785018,-0.10479971,0.10292098,-0.31061283,-0.34307157,-0.11661478,-0.28046896,3.09849682,2.37284174,0.00623348,-0.02427277,0.66154078,0.74949034,3.00989647,2.72250538,0.02874280,3.23705692,2.43419485,0.02125484,2.98340511,2.28157506,0.01849219,3.17178783,2.01798186,0.04863606,0.00723155,1.60811508,0.93972006,0.46938595,2.95080843,-0.28943110,-0.18765627,2.21493816,-1.95516572,0.00987804,3.66057138,-2.33609366
0.93835269,0.02838263,-0.14588667,-0.11492586,-0.04146515,-0.07193091,0.05983737,1.09596796,-1.33566761,-0.01587032,0.35012112,-1.36481216,0.10592028,1.36464133,-1.61132622,-0.10758683,0.61099761,-1.59881511,0.91537810,0.06138749,0.33262468,0.32698970,0.31452260,0.12942825,-0.30390774,0.06755403,-0.13105363,-0.30377147,-0.12469382,0.10286994,-0.30832292,-0.33864865,-0.12121145,-0.27064606,3.10034962,2.39158688,0.00506806,-0.02396580,0.66097812,0.75000526,3.01131172,2.71983738,0.02308197,3.23882885,2.44220409,0.02321823,2.98267956,2.28075128,0.01866679,3.17821522,2.04042869,0.05634365,-0.10118199,1.52559748,-0.03339958,-0.22790899,4.19456530,-2.32321491,-0.72336045,1.36119747,-3.06815219,-0.01208138,4.18700399,-2.32281575
0.98003158,0.01351635,-0.14661073,-0.30038441,0.17118707,0.02142021,0.05856446,1.11109419,-1.36577137,-0.02645079,0.43946007,-1.42550418,0.07903910,1.35271752,-1.66560004,-0.10899065,0.69110256,-1.63492193,0.91537810,0.06138749,0.33262468,0.32476962,0.29182199,0.12692337,-0.30493064,0.06724391,-0.13087462,-0.30063452,-0.14552830,0.10348341,-0.30550792,-0.32632137,-0.12760158,-0.26481358,3.10256634,2.41108918,0.00396193,-0.02095781,0.66115337,0.74994753,3.01310329,2.71648397,0.01983898,3.24081783,2.46145220,0.02413510,2.98170910,2.27963262,0.01926170,3.18839130,2.07138066,0.05995605,-0.04124669,0.74149984,-1.81329188,-0.54038738,4.46891651,-3.08056331,-1.39207966,-0.75648158,-2.74474216,-0.07445239,3.96514440,-1.75825160
1.02133190,-0.01138661,-0.12381816,-0.50915122,0.37202828,0.01177948,0.06490143,1.11126089,-1.46125481,-0.03596618,0.52184770,-1.48486612,0.04540687,1.30736415,-1.71846907,-0.11111126,0.75777994,-1.65510497,0.91537810,0.06138749,0.33262468,0.32278797,0.27016832,0.12595231,-0.30452384,0.08325194,-0.12750817,-0.29591893,-0.16543842,0.10476600,-0.30245418,-0.30723535,-0.13459791,-0.26068131,3.10532017,2.43130212,0.00263930,-0.01510643,0.66135303,0.74991800,3.01407261,2.71507807,0.01826413,3.24222202,2.49798870,0.02686904,2.98072491,2.28023324,0.02033379,3.20051937,2.10966992,0.06210666,0.37054827,-0.12644862,-5.11986451,-0.45375481,4.04789848,-2.90883327,-1.70110099,-2.44167259,-2.59835219,-0.10893702,3.23969626,-0.89700358
1.05752283,-0.03316742,-0.07711659,-0.57307481,0.49081191,-0.08233111,0.07814980,1.08268416,-1.58945680,-0.04232705,0.59109652,-1.52997112,0.01397297,1.23877513,-1.75821471,-0.11401238,0.81179851,-1.66063476,0.91537810,0.06138749,0.33262468,0.32143661,0.25075387,0.12664972,-0.30406918,0.11263708,-0.12171092,-0.29022099,-0.18399336,0.10631416,-0.29975335,-0.28552518,-0.14047868,-0.25845781,3.10859489,2.45213223,0.00151923,-0.00777963,0.66089853,0.75043341,3.01463413,2.71687555,0.01736744,3.24355888,2.54849291,0.03121562,2.97989082,2.28304195,0.02168326,3.21188164,2.15114927,0.06297880,0.70468241,-1.64887893,-6.56443787,-0.29750568,3.36679435,-2.14231253,-1.53996706,-3.57480502,-1.87859762,-0.15140800,2.62142634,-0.18603085
1.06575250,-0.04520300,-0.03112533,-0.41538742,0.53445882,-0.20550912,0.09768481,1.01302655,-1.71242168,-0.04717903,0.65115511,-1.55765774,-0.00941823,1.15285649,-1.78072910,-0.11873536,0.86515546,-1.66634159,0.91537810,0.06138749,0.33262468,0.32087398,0.23321898,0.12817898,-0.30373267,0.15069170,-0.11433789,-0.28287390,-0.20138457,0.10786227,-0.29623394,-0.26190983,-0.14406640,-0.25903516,3.11226387,2.47315693,0.00186739,-0.00099265,0.65939222,0.75179613,3.01559181,2.72109938,0.01714130,3.24527607,2.60765190,0.03800008,2.97906151,2.28755751,0.02464003,3.22094631,2.19469686,0.06183882,0.97997258,-3.55476208,-6.11291409,-0.24207181,3.00124359,-1.36558760,-1.16006892,-4.31530657,-1.10365809,-0.23688902,2.66575503,-0.28188512
1.04891647,-0.05085795,0.01863432,-0.19130140,0.55433717,-0.32532784,0.11832817,0.89111326,-1.80440762,-0.05165530,0.71067581,-1.57244356,-0.02665699,1.05322266,-1.78692441,-0.12424873,0.91720049,-1.66828184,0.91537810,0.06138749,0.33262468,0.32114953,0.21564673,0.13003405,-0.30336762,0.19555257,-0.10710020,-0.27431965,-0.21759826,0.10946101,-0.29314009,-0.23623558,-0.14589431,-0.26210549,3.11613541,2.49383278,0.00399361,0.00451739,0.65697331,0.75388972,3.01680832,2.72523394,0.01778190,3.24896793,2.67290478,0.04682987,2.97794991,2.29324493,0.02800944,3.22835865,2.23986754,0.05904404,1.02714210,-6.25881195,-4.46615515,-0.22269195,2.97908497,-0.70399899,-0.84786842,-5.02197027,-0.25688121,-0.27987249,2.59959245,-0.07662963
1.01750376,-0.04988412,0.06029396,0.02045102,0.51004412,-0.42732653,0.13620823,0.72154064,-1.84525673,-0.05498897,0.77060874,-1.57430980,-0.03905037,0.94116329,-1.77403564,-0.13024224,0.96656247,-1.66056859,0.91537810,0.06138749,0.33262468,0.32221873,0.19747727,0.13211410,-0.30307992,0.24375757,-0.10127899,-0.26490027,-0.23331176,0.11075952,-0.29159045,-0.20867349,-0.14653858,-0.26724332,3.12009907,2.51388083,0.00744064,0.00837049,0.65377597,0.75660528,3.01801853,2.72842913,0.01913881,3.25565586,2.74037485,0.05731846,2.97667675,2.29909701,0.03062828,3.23482800,2.28616290,0.05497541,0.87642176,-8.62892742,-1.79737030,-0.15750047,2.99466753,-0.03469991,-0.59935356,-5.64666548,0.72951078,-0.29606848,2.44658637,0.44143148
0.98391949,-0.04240605,0.08832531,0.21764456,0.39930305,-0.49700204,0.14729216,0.53526945,-1.82901409,-0.05532514,0.82845216,-1.56181843,-0.04493913,0.82320586,-1.74184194,-0.13613026,1.01401712,-1.64553597,0.91537810,0.06138749,0.33262468,0.32388688,0.17891421,0.13461342,-0.30301822,0.28950406,-0.09778832,-0.25565783,-0.24857235,0.11161311,-0.29137075,-0.18032737,-0.14582051,-0.27393777,3.12404041,2.53325891,0.01166944,0.01018183,0.65003817,0.75974373,3.01872425,2.73084326,0.02086866,3.26543598,2.80415087,0.06822906,2.97531834,2.30494456,0.03251613,3.24021015,2.33254476,0.04994911,0.50381663,-9.33024731,1.13796464,0.00398344,2.87325430,0.70953221,-0.24970760,-5.91315393,1.71766224,-0.29695324,2.37517095,0.76905578
0.96207810,-0.02987462,0.10714892,0.38652092,0.28815920,-0.50351114,0.15069169,0.37022251,-1.76889586,-0.05316797,0.88025188,-1.53199828,-0.04211562,0.70782775,-1.69466269,-0.14408793,1.06341362,-1.62863433,0.91537810,0.06138749,0.33262468,0.32605249,0.16019864,0.13736667,-0.30369964,0.32766106,-0.09615097,-0.24863560,-0.26376178,0.11146040,-0.29167156,-0.15252352,-0.14308069,-0.28156246,3.12789154,2.55216932,0.01645682,0.01006146,0.64619541,0.76292819,3.01877880,2.73280048,0.02235284,3.27668381,2.85952520,0.07741688,2.97452068,2.31036139,0.03438093,3.24390411,2.37816763,0.04449002,0.11832207,-8.03176022,3.28175044,0.12239590,2.53900743,1.62181365,0.20593306,-5.73547077,2.45482898,-0.41730341,2.48802400,0.85505956
0.96291694,-0.01077919,0.10094274,0.44635414,0.24375469,-0.38193416,0.13632876,0.24525373,-1.66992874,-0.04883454,0.92401569,-1.48183997,-0.02910832,0.59494275,-1.63390944,-0.15698077,1.12173281,-1.61071510,0.91537810,0.06138749,0.33262468,0.32832950,0.14037747,0.14061443,-0.30541454,0.35590325,-0.09771324,-0.24798592,-0.28121748,0.10987847,-0.29123842,-0.12512855,-0.13757601,-0.28952563,3.13151531,2.57105188,0.02147359,0.00899191,0.64322376,0.76532426,3.01720428,2.73356724,0.02291496,3.28911686,2.90478344,0.08034357,2.97480507,2.31298513,0.03709108,3.24546204,2.42408094,0.03880387,-0.73128500,-6.17636614,4.98078299,0.21766116,2.17930267,2.52244639,0.65798990,-5.63052797,3.05187869,-0.64816612,2.92906499,0.90004772
0.96946566,0.00604941,0.07058950,0.48341399,0.22276537,-0.13630737,0.11523052,0.17567540,-1.55803933,-0.04481397,0.96158648,-1.42357380,-0.01278953,0.50248412,-1.56980264,-0.17100420,1.18596511,-1.58839321,0.91537810,0.06138749,0.33262468,0.33024185,0.12058043,0.14372796,-0.30688106,0.37121319,-0.09949180,-0.25593537,-0.30091619,0.10811015,-0.28982673,-0.10266536,-0.13093296,-0.29748191,3.13487301,2.59010572,0.02662460,0.00755150,0.64204979,0.76616328,3.01453400,2.73403587,0.02336079,3.29795971,2.93810081,0.07430648,2.97563705,2.31282921,0.04041513,3.24575920,2.46605787,0.03275995,-1.05657206,-3.28537335,5.56155634,0.19295247,1.86104667,2.92173076,0.81092981,-4.48727608,3.16779304,-0.69485766,3.20521665,1.13968984
0.96968179,0.00671576,0.00220097,0.48568403,0.21939413,0.08605328,0.09234406,0.16743224,-1.46483686,-0.04419022,0.99481547,-1.36575890,0.00094129,0.46233156,-1.52780504,-0.18270494,1.24689581,-1.56672268,0.91537810,0.06138749,0.33262468,0.33101404,0.10164694,0.14580425,-0.30753970,0.37151557,-0.10124187,-0.26980414,-0.31947480,0.10721686,-0.28731262,-0.09251035,-0.12486587,-0.30441918,3.13812141,2.60921707,0.03175357,0.00614947,0.64256875,0.76554510,3.01225605,2.73471165,0.02347434,3.30254078,2.95741243,0.06120991,2.97688503,2.31330757,0.04370142,3.24496040,2.49636726,0.02659487,-1.15888495,-0.18589230,4.53908138,0.01337081,1.65301669,2.86938691,0.67068111,-1.75587760,1.95388110,-0.57443777,3.02631545,1.02982227
0.96311913,-0.00497740,-0.07064271,0.45429517,0.21745697,0.18553639,0.06859779,0.19695391,-1.40100610,-0.04638190,1.02771888,-1.31877007,0.01037214,0.47678392,-1.52300043,-0.19147798,1.30628111,-1.56897736,0.91537810,0.06138749,0.33262468,0.33050750,0.08439161,0.14693454,-0.30647312,0.36203877,-0.10385978,-0.28400478,-0.33271855,0.10748498,-0.28199961,-0.09459879,-0.12012662,-0.30898190,3.14141998,2.62824821,0.03665982,0.00491139,0.64388490,0.76422782,3.01107082,2.73651085,0.02403438,3.30562801,2.96720934,0.04650272,2.97865124,2.31879549,0.04850789,3.24361115,2.51451035,0.02152560,-1.18134952,1.62746615,3.01886253,-0.11992121,1.65034735,2.26253839,0.44440254,1.01691691,0.01429939,-0.41997401,2.97403026,-0.29828163
0.95818925,-0.01960986,-0.13310508,0.27682199,0.19399728,0.15994937,0.05416685,0.24992284,-1.37839639,-0.04804710,1.06439614,-1.29123437,0.01465953,0.53131115,-1.55028939,-0.19400035,1.35754263,-1.59232032,0.91537810,0.06138749,0.33262468,0.32884926,0.06875366,0.14788874,-0.30302992,0.34684608,-0.10511008,-0.29474837,-0.33999704,0.10927998,-0.27473648,-0.10606426,-0.11737181,-0.31035543,3.14484310,2.64721155,0.04025727,0.00452225,0.64509042,0.76303162,3.01059246,2.73981237,0.02581933,3.30667877,2.97149467,0.03410088,2.98004627,2.33038020,0.05411278,3.24274731,2.52295160,0.01849382,-0.63137543,2.80722761,0.80461258,-0.07282666,1.86901319,1.22570503,0.17650443,2.97996092,-1.57241809,-0.07295071,2.47945523,-1.28525722
0.97602341,-0.02302908,-0.16958369,-0.00309834,0.05968319,0.03727030,0.05921633,0.32441797,-1.40483940,-0.04437214,1.09645309,-1.28196635,0.01711420,0.60344266,-1.58593857,-0.18778009,1.38630517,-1.62513506,0.91537810,0.06138749,0.33262468,0.32631156,0.05668625,0.14931137,-0.29877477,0.32724528,-0.10257395,-0.30062493,-0.34070682,0.11197696,-0.26799881,-0.12327348,-0.11638776,-0.30965487,3.14835205,2.66653261,0.04070210,0.00500631,0.64537605,0.76276341,3.01061211,2.74737148,0.02753679,3.30416584,2.97203703,0.02568662,2.98101807,2.34932714,0.05831274,3.24250469,2.52554417,0.01665669,0.26243491,3.74145145,-1.36431022,0.19167855,1.59617174,0.42991300,0.12582774,3.61632848,-1.79359665,0.32122099,1.40148344,-1.65672960
1.00974140,-0.01011992,-0.15708807,-0.24307839,-0.11576501,-0.08056678,0.07029891,0.40816199,-1.45734551,-0.03608943,1.12343268,-1.30092707,0.02172066,0.67803034,-1.62368715,-0.17510899,1.38771398,-1.66844599,0.91537810,0.06138749,0.33262468,0.32396194,0.05099125,0.15081941,-0.29392489,0.30614530,-0.10010233,-0.30250467,-0.33340558,0.11477623,-0.26307843,-0.14188163,-0.11613771,-0.30675980,3.15178032,2.68651114,0.03826045,0.00565441,0.64482481,0.76335125,3.01170769,2.76218319,0.03003705,3.30203037,2.97141523,0.02145728,2.98247337,2.37720866,0.06088352,3.24235401,2.52709103,0.01720215,0.56465458,4.19621315,-2.67513633,0.42055896,1.33158433,-1.06288288,0.23637086,3.70517755,-1.85273404,0.64702282,-0.01988122,-2.19054499
1.03776076,0.01494646,-0.13319572,-0.42931929,-0.28526137,-0.12785094,0.08429307,0.49438348,-1.52025447,-0.02739997,1.14079945,-1.36030245,0.02820193,0.74436805,-1.64876187,-0.15753178,1.35768483,-1.71684971,0.91537810,0.06138749,0.33262468,0.32199184,0.05585490,0.15124954,-0.28900386,0.28478873,-0.09840164,-0.30173271,-0.31819800,0.11742870,-0.26058183,-0.16019167,-0.11643219,-0.30373059,3.15492229,2.70707445,0.03333800,0.00621809,0.64392157,0.76433954,3.01543102,2.78793468,0.03298799,3.30050602,2.97087908,0.02025913,2.98488636,2.41360002,0.06141002,3.24229221,2.52935467,0.01826125,0.70777267,4.31782465,-3.14981437,0.42569412,0.80700011,-3.14322124,0.33071542,3.28279829,-1.19638673,0.90098614,-1.63519332,-2.42111611
1.04580872,0.04531115,-0.11570069,-0.51805908,-0.42006015,-0.07276526,0.09702478,0.57991184,-1.57765269,-0.02202920,1.14474232,-1.46085982,0.03535223,0.80199203,-1.66133754,-0.13601594,1.29952953,-1.76072164,0.91537810,0.06138749,0.33262468,0.32022635,0.07266156,0.14981505,-0.28364438,0.26320764,-0.09812895,-0.30022145,-0.29748563,0.12012684,-0.26020033,-0.17776239,-0.11733441,-0.30093565,3.15758801,2.72789259,0.02680984,0.00637457,0.64337962,0.76505115,3.02251301,2.82525272,0.03658197,3.29955006,2.97028551,0.02000491,2.98805714,2.45551887,0.06002602,3.24257946,2.53258953,0.01929070,0.61589628,4.26273623,-2.81043696,0.24413079,0.12424278,-5.26523595,0.35755333,2.82814884,-0.56114241,1.09305233,-3.05529051,-2.14734788
1.02949680,0.07172575,-0.09229668,-0.49644200,-0.47221738,0.07794192,0.10511408,0.65766925,-1.61979413,-0.02261033,1.13027179,-1.57818854,0.04144270,0.85029227,-1.66288567,-0.11424484,1.21902704,-1.79351103,0.91537810,0.06138749,0.33262468,0.31873062,0.09757292,0.14640067,-0.27792619,0.24289958,-0.09947584,-0.29885468,-0.27334435,0.12256479,-0.26146856,-0.19391836,-0.11878951,-0.29870573,3.15970612,2.74850845,0.01996445,0.00604365,0.64387959,0.76484245,3.03212070,2.86965132,0.04080443,3.29920483,2.97084999,0.01987594,2.99225807,2.50011277,0.05726206,3.24363136,2.53715134,0.02002490,0.36838529,3.81700134,-1.98424089,-0.07637209,-0.87121004,-5.91546488,0.29390594,2.34829879,-0.00095129,1.08247733,-4.17483330,-1.55176866
0.99637797,0.08510118,-0.04817937,-0.35823338,-0.46260083,0.28924355,0.10754656,0.72350965,-1.63960316,-0.03511002,1.08083508,-1.68922689,0.04571360,0.89382964,-1.65613463,-0.09580586,1.11788189,-1.80748961,0.91537810,0.06138749,0.33262468,0.31800461,0.12999826,0.14008307,-0.27260499,0.22460605,-0.10204073,-0.29840437,-0.24650814,0.12435126,-0.26462753,-0.20911991,-0.12057643,-0.29727515,3.16130314,2.76847849,0.01418448,0.00488719,0.64609983,0.76310545,3.04460087,2.91981716,0.04539962,3.29902020,2.97315922,0.01960025,2.99796619,2.54587898,0.05337709,3.24570560,2.54232359,0.02072947,0.11444278,3.28368521,-0.96242523,-0.64209757,-2.54782963,-5.53811598,0.21214662,2.17666698,0.34878443,0.91694152,-5.08781672,-0.66960664
0.95578532,0.08909688,0.00405027,-0.17271372,-0.43486025,0.52018044,0.10432568,0.78301609,-1.63893926,-0.05822080,0.97294431,-1.78160865,0.05031113,0.93877939,-1.64501903,-0.08144746,0.99914052,-1.80111926,0.91537810,0.06138749,0.33262468,0.31822903,0.17345630,0.13155640,-0.26734197,0.20656321,-0.10564856,-0.29912993,-0.21704567,0.12538605,-0.26952394,-0.22447810,-0.12193514,-0.29653895,3.16252499,2.78768129,0.00992429,0.00281701,0.65000821,0.75985715,3.05943813,2.97942924,0.05088705,3.29890804,2.97537689,0.01909910,3.00501842,2.59268856,0.04870509,3.24820004,2.54701891,0.02169008,-0.18167146,2.95365477,0.09779262,-1.17608423,-5.59910908,-4.50152740,0.24013619,2.26262059,0.54326243,0.70215220,-5.96023130,0.37539623
0.91973652,0.08377954,0.05041075,0.01877485,-0.39631089,0.71633430,0.09438910,0.83379159,-1.61827009,-0.08326543,0.80372853,-1.82190287,0.05843589,0.98660300,-1.63579803,-0.07326543,0.87505985,-1.77464507,0.91537810,0.06138749,0.33262468,0.31936505,0.22382731,0.12316874,-0.26229971,0.18911483,-0.11066954,-0.30085452,-0.18726763,0.12511043,-0.27552154,-0.23938435,-0.12194058,-0.29589279,3.16348515,2.80617123,0.00733681,-0.00020395,0.65536629,0.75527555,3.07310581,3.04512892,0.05706533,3.29971371,2.97779274,0.01851053,3.01322041,2.63841457,0.04384351,3.25045509,2.55198507,0.02347226,-0.52273120,2.49479961,1.10431614,-1.23047943,-8.66489716,-1.72895609,0.42099056,2.38965201,0.46713921,0.37887283,-6.21109953,1.41099062
0.89134181,0.06775260,0.08446128,0.14621553,-0.32627027,0.79488608,0.08091495,0.87484624,-1.58520339,-0.09822442,0.61489632,-1.79617331,0.06967517,1.03561676,-1.62458224,-0.07222456,0.74991602,-1.72769654,0.91537810,0.06138749,0.33262468,0.32122791,0.27110712,0.11785864,-0.25839322,0.17290867,-0.11625814,-0.30295153,-0.15806441,0.12324059,-0.28249364,-0.25433603,-0.12058509,-0.29565333,3.16437588,2.82406578,0.00615430,-0.00355802,0.66133790,0.75005443,3.08140163,3.10779982,0.06283469,3.30137539,2.98105145,0.01827638,3.02230816,2.68268204,0.03873427,3.25215569,2.55662928,0.02557458,-0.68318059,1.99949942,1.70645273,-0.66884508,-9.43366508,1.66096116,0.57835649,2.46411729,0.57464785,0.01086089,-6.26075678,2.46488836
0.87153941,0.04384169,0.10957732,0.23817996,-0.23307174,0.72412322,0.06843973,0.90911216,-1.54369307,-0.10018811,0.44191664,-1.71781921,0.08260426,1.08285618,-1.60097408,-0.07987281,0.62230343,-1.66085255,0.91537810,0.06138749,0.33262468,0.32366413,0.31093053,0.11611380,-0.25697842,0.15731780,-0.12104534,-0.30538762,-0.12866188,0.11930920,-0.29030221,-0.27059549,-0.11812073,-0.29689752,3.16540146,2.84150314,0.00624483,-0.00685665,0.66685028,0.74513401,3.08437157,3.16336393,0.06668571,3.30309582,2.98447561,0.01827651,3.03260040,2.72681904,0.03336192,3.25288486,2.55950832,0.02676661,-0.60903531,1.67202461,2.13339329,-0.00778332,-8.49443054,4.25670862,0.65515631,2.33751273,1.29740226,-0.44871253,-6.40353394,3.48242259
0.86597796,0.01931901,0.10630453,0.25948115,-0.18167113,0.48353854,0.06163048,0.93797690,-1.49822443,-0.09226991,0.31400303,-1.60991275,0.09660813,1.12931340,-1.57209842,-0.09256072,0.51390366,-1.58852398,0.91537810,0.06138749,0.33262468,0.32621174,0.33900803,0.11685167,-0.26023547,0.14226549,-0.12386706,-0.30796830,-0.10362137,0.11422804,-0.29731171,-0.28763359,-0.11507762,-0.29797805,3.16674213,2.85871906,0.00699502,-0.00990531,0.67049676,0.74181336,3.08462296,3.20777092,0.06597627,3.30430584,2.98778782,0.01824344,3.04265995,2.76712732,0.02890003,3.25226974,2.56095915,0.02823369,-0.33265147,1.43926537,2.27196836,0.40326035,-6.32733803,5.40208578,0.69871145,2.31691914,1.44814527,-0.63257078,-5.37079821,3.60176730
0.86661967,0.00502110,0.08575160,0.27653525,-0.19840368,0.19290513,0.05983453,0.96467992,-1.45497344,-0.07895686,0.23338088,-1.50291297,0.10905815,1.17389209,-1.54416139,-0.10319226,0.44183256,-1.52980759,0.91537810,0.06138749,0.33262468,0.32847059,0.35569514,0.11866821,-0.26726610,0.12794927,-0.12530903,-0.30987578,-0.08676873,0.10959105,-0.30309593,-0.30397398,-0.11268639,-0.29808663,3.16829166,2.87592163,0.00774531,-0.01318602,0.67202397,0.74037148,3.08448830,3.24140511,0.06120449,3.30535870,2.99118652,0.01859481,3.05084171,2.80012903,0.02537466,3.25113029,2.56249514,0.03038396,-0.07871997,1.33339179,2.14769125,0.68284826,-3.89990473,5.30710554,0.61437210,2.23985758,1.36565344,-0.52013618,-3.48621731,2.87300181
0.86802236,0.00386992,0.04786453,0.27461500,-0.24799125,-0.05014459,0.06074498,0.98924835,-1.41469259,-0.05986754,0.19508721,-1.41177523,0.11812702,1.21879656,-1.52319496,-0.10932326,0.41134534,-1.49321160,0.91537810,0.06138749,0.33262468,0.33011893,0.36200384,0.12189068,-0.27647590,0.11454155,-0.12627967,-0.31095496,-0.07951128,0.10598553,-0.30811425,-0.31905859,-0.11175588,-0.29638761,3.16988640,2.89315815,0.00814613,-0.01685002,0.67175796,0.74053424,3.08367634,3.26527634,0.05364303,3.30667877,2.99491358,0.01916397,3.05668964,2.82429981,0.02200468,3.25017414,2.56476564,0.03373132,0.05043174,1.21059389,2.01405716,0.97783689,-1.75380356,4.48403244,0.43589015,2.22663536,1.04101181,-0.28442661,-1.34319686,1.73423035
0.87059244,0.01151738,-0.00941485,0.21968473,-0.28166440,-0.19621587,0.06198280,1.01258140,-1.37733459,-0.03700792,0.19232398,-1.34399197,0.12320681,1.26042764,-1.50952280,-0.11139144,0.42206398,-1.48634634,0.91537810,0.06138749,0.33262468,0.33077067,0.35925551,0.12631402,-0.28660211,0.10154198,-0.12745565,-0.31122922,-0.08169646,0.10350461,-0.31167757,-0.33196686,-0.11230610,-0.29324957,3.17141800,2.91048508,0.00792746,-0.02045753,0.67037974,0.74169377,3.08182240,3.28060989,0.04416857,3.30842705,2.99871340,0.01954145,3.06023197,2.83959656,0.01909310,3.24981709,2.56891775,0.03752111,0.06025551,1.17212596,1.83865633,1.15731323,0.05626326,3.22847252,0.23165191,2.06740808,0.61797523,-0.08490443,0.76682676,0.14152478
0.87825395,0.02159510,-0.07408246,0.11904369,-0.26148416,-0.23003144,0.06259649,1.03826702,-1.34639704,-0.01694097,0.22195068,-1.31016004,0.12439944,1.30092108,-1.51553261,-0.11162700,0.47330323,-1.51812804,0.91537810,0.06138749,0.33262468,0.33023113,0.34859689,0.13038382,-0.29584932,0.08828710,-0.12887340,-0.31027855,-0.09259221,0.10203160,-0.31188720,-0.34094828,-0.11405476,-0.28774603,3.17287445,2.92801094,0.00709274,-0.02334246,0.66868081,0.74314924,3.07972145,3.28834724,0.03438181,3.31028652,3.00231361,0.01995258,3.06170559,2.84661531,0.01834393,3.25058937,2.57699156,0.04248510,0.02526060,1.30506980,1.49729478,0.96825463,1.70802164,1.43242824,0.03192857,2.02036858,-0.46449420,-0.00270367,2.85172081,-1.87468517
0.89963043,0.02623974,-0.12533323,-0.01117183,-0.15950367,-0.14316376,0.06240943,1.07355909,-1.33491368,-0.01162447,0.28830990,-1.32767296,0.11909655,1.34424288,-1.56336188,-0.11096924,0.55012546,-1.56544051,0.91537810,0.06138749,0.33262468,0.32853081,0.33019595,0.13081708,-0.30202156,0.07492197,-0.13010546,-0.30664887,-0.11008985,0.10159016,-0.31030058,-0.34264770,-0.11725445,-0.27801157,3.17435207,2.94602413,0.00590246,-0.02452169,0.66760326,0.74408987,3.07979431,3.28837090,0.02650925,3.31175861,3.00652351,0.02188195,3.06151447,2.84749489,0.01823023,3.25408707,2.59275599,0.05051925,-0.01388973,1.76570451,0.54758687,0.24538257,3.35106373,-0.92940898,-0.28092642,2.14356134,-2.42053981,0.03175905,3.85392294,-2.36040955
0.93576255,0.02019579,-0.14646446,-0.15412268,0.02067420,-0.02384202,0.05960159,1.10187931,-1.33916497,-0.01857940,0.37336932,-1.37799644,0.10191907,1.36428220,-1.62301326,-0.11122968,0.63272350,-1.60868473,0.91537810,0.06138749,0.33262468,0.32637590,0.30842418,0.12856796,-0.30479771,0.06608800,-0.13116220,-0.30288263,-0.13022605,0.10184544,-0.30801170,-0.33650611,-0.12228741,-0.26926585,3.17603741,2.96472549,0.00488505,-0.02348989,0.66741331,0.74430090,3.08156624,3.28524132,0.02157819,3.31357555,3.01624641,0.02349327,3.06071033,2.84627304,0.01836420,3.26122894,2.61697130,0.05711005,-0.14391436,1.34078827,-0.23700569,-0.36824930,4.27445812,-2.57546415,-0.89870976,0.88178437,-2.95540786,-0.01656040,4.12360144,-2.14759827
0.97606715,0.00215278,-0.14127037,-0.35397462,0.23089547,0.04768856,0.05904202,1.11262224,-1.38179200,-0.02975920,0.46159182,-1.44113672,0.07230243,1.34383397,-1.67789927,-0.11250222,0.70872589,-1.64158592,0.91537810,0.06138749,0.33262468,0.32421522,0.28608169,0.12630164,-0.30499848,0.06933919,-0.13041300,-0.29976609,-0.15050639,0.10285882,-0.30487117,-0.32224040,-0.12899207,-0.26389065,3.17811565,2.98416128,0.00381727,-0.01966414,0.66780763,0.74406432,3.08325653,3.28214884,0.01921674,3.31521893,3.03909912,0.02444913,3.05969353,2.84556723,0.01934405,3.27176781,2.64993515,0.06032457,0.00154893,0.51181837,-2.46622595,-0.56023327,4.39978065,-3.16660142,-1.52555163,-1.18692390,-2.75096774,-0.06667131,3.74676394,-1.57085459
1.01486981,-0.02292294,-0.11222961,-0.54003341,0.40715154,0.00969640,0.06625728,1.10646927,-1.48631999,-0.03847716,0.54014093,-1.49717066,0.03765678,1.29154601,-1.72753105,-0.11430277,0.77044536,-1.65665402,0.91537810,0.06138749,0.33262468,0.32238868,0.26514255,0.12586532,-0.30444326,0.08872353,-0.12655955,-0.29500647,-0.16977892,0.10443685,-0.30198903,-0.30226105,-0.13601436,-0.26028668,3.18071957,3.00425901,0.00254734,-0.01328136,0.66801118,0.74402835,3.08400230,3.28136625,0.01794542,3.31606083,3.07890434,0.02738221,3.05868454,2.84665384,0.02039965,3.28354836,2.68915920,0.06210201,0.40898361,-0.45127912,-5.51053433,-0.41003622,3.84206581,-2.72104573,-1.73785288,-2.76828268,-2.42237926,-0.09226298,2.99649930,-0.64927907
1.04504217,-0.04244694,-0.06510212,-0.54905864,0.49239477,-0.09697962,0.07999589,1.07094979,-1.61411989,-0.04415412,0.60566652,-1.53785098,0.00693777,1.21891880,-1.76326752,-0.11664991,0.82216632,-1.66009736,0.91537810,0.06138749,0.33262468,0.32122213,0.24656366,0.12687175,-0.30397855,0.11977956,-0.12058072,-0.28917210,-0.18780874,0.10624436,-0.29934090,-0.28017871,-0.14164580,-0.25863932,3.18378830,3.02488756,0.00165169,-0.00600424,0.66744974,0.74462881,3.08453655,3.28380680,0.01724358,3.31670189,3.13081598,0.03205003,3.05771351,2.84977293,0.02188122,3.29406357,2.73094368,0.06258281,0.72805387,-1.99782360,-6.48064566,-0.26636884,3.18873858,-1.92080486,-1.49389863,-3.75781035,-1.67747486,-0.12170523,2.53079987,-0.10798215
1.04689662,-0.05240911,-0.01995094,-0.36539166,0.53349953,-0.22133992,0.09963190,0.99192737,-1.73183019,-0.04871886,0.66369122,-1.56174970,-0.01560350,1.13004644,-1.78227901,-0.12159175,0.87576182,-1.66634517,0.91537810,0.06138749,0.33262468,0.32084841,0.22956786,0.12854609,-0.30362293,0.15920229,-0.11321825,-0.28158789,-0.20483047,0.10783331,-0.29573483,-0.25607482,-0.14497841,-0.25975701,3.18719578,3.04558296,0.00242743,0.00043938,0.66582698,0.74610210,3.08549938,3.28824186,0.01722548,3.31772976,3.19092607,0.03926052,3.05684013,2.85429535,0.02511358,3.30221405,2.77472534,0.06109139,0.98339772,-4.02834225,-5.84225988,-0.22795798,2.90136671,-1.17744530,-1.11816003,-4.46351471,-0.92719030,-0.24708454,2.67716408,-0.30500505
1.02495124,-0.05666327,0.02900983,-0.14113766,0.54713816,-0.34100693,0.11945540,0.85899435,-1.81374681,-0.05296012,0.72210482,-1.57341709,-0.03237204,1.02714918,-1.78410020,-0.12670205,0.92743239,-1.66612573,0.91537810,0.06138749,0.33262468,0.32132690,0.21229407,0.13048159,-0.30323310,0.20516498,-0.10627619,-0.27289416,-0.22091099,0.10955431,-0.29299567,-0.22982590,-0.14668543,-0.26333382,3.19078274,3.06583500,0.00493973,0.00554382,0.66330247,0.74831457,3.08671894,3.29225264,0.01809380,3.32091045,3.25676451,0.04843274,3.05551109,2.85966663,0.02833123,3.30882950,2.82006779,0.05799308,0.98506374,-6.79964905,-3.95416794,-0.21022303,2.92391014,-0.54850956,-0.82521753,-5.18562794,-0.03607892,-0.25723707,2.57733154,0.03871821
0.99154463,-0.05373249,0.06653815,0.06592193,0.49029536,-0.43933996,0.13592510,0.68368767,-1.84250195,-0.05570267,0.78087156,-1.57225966,-0.04401635,0.91249440,-1.76637444,-0.13213913,0.97631454,-1.65589621,0.91537810,0.06138749,0.33262468,0.32254212,0.19436761,0.13265850,-0.30295772,0.25331841,-0.10092372,-0.26338108,-0.23658493,0.11092529,-0.29187417,-0.20177349,-0.14720954,-0.26886526,3.19443111,3.08542070,0.00864164,0.00892004,0.66003432,0.75113278,3.08785934,3.29522896,0.01958440,3.32708168,3.32366352,0.05916103,3.05401306,2.86505823,0.03066795,3.31448116,2.86639748,0.05367686,0.80216928,-8.88307285,-1.18946733,-0.12582049,2.93540716,0.11639928,-0.55739247,-5.76878309,0.97179643,-0.27167755,2.42861700,0.55608411
0.95843248,-0.04473557,0.09293378,0.25881739,0.37602436,-0.49813591,0.14540632,0.49995672,-1.81586268,-0.05542669,0.83700161,-1.55660667,-0.04838243,0.79447343,-1.72986403,-0.13798321,1.02366049,-1.63950784,0.91537810,0.06138749,0.33262468,0.32433568,0.17609567,0.13522314,-0.30298841,0.29780645,-0.09785384,-0.25439334,-0.25178238,0.11167810,-0.29194822,-0.17341282,-0.14619080,-0.27583052,3.19803638,3.10434313,0.01304803,0.01023939,0.65630455,0.75431375,3.08847046,3.29745007,0.02134727,3.33614197,3.38575191,0.06994234,3.05260544,2.87042818,0.03238746,3.31883564,2.91237621,0.04850516,0.42549183,-9.15305042,1.63761807,0.03267757,2.78306484,0.86907715,-0.17034427,-5.89866514,1.92785881,-0.29645023,2.36742544,0.83639854
0.94050748,-0.03094832,0.10571580,0.40445870,0.27754797,-0.48630286,0.14641897,0.34242707,-1.74875116,-0.05276651,0.88681799,-1.52293110,-0.04381903,0.68016696,-1.67974782,-0.14667328,1.07450593,-1.62418413,0.91537810,0.06138749,0.33262468,0.32653514,0.15743181,0.13804589,-0.30394286,0.33412130,-0.09666177,-0.24816244,-0.26696188,0.11127993,-0.29202220,-0.14577688,-0.14303785,-0.28349730,3.20153141,3.12286711,0.01791328,0.00983675,0.65259870,0.75742808,3.08831310,3.29900074,0.02259228,3.34659195,3.43899679,0.07837269,3.05195618,2.87532091,0.03451294,3.32141209,2.95752096,0.04303783,-0.00976860,-7.63121700,3.60747075,0.14741129,2.43940091,1.82079065,0.29348505,-5.67936993,2.59069896,-0.46084014,2.57720208,0.74704880
0.94415830,-0.01052119,0.09608355,0.44886172,0.23385011,-0.33602692,0.12989151,0.22730103,-1.64492273,-0.04788733,0.92875445,-1.47072508,-0.02938499,0.56806464,-1.61577365,-0.15968388,1.13406048,-1.60487022,0.91537810,0.06138749,0.33262468,0.32876841,0.13774749,0.14137083,-0.30573959,0.36010225,-0.09851838,-0.24912990,-0.28498105,0.10959776,-0.29150879,-0.11858804,-0.13718650,-0.29151229,3.20475597,3.14143782,0.02286909,0.00862970,0.64998828,0.75955103,3.08642902,3.29942141,0.02302882,3.35786610,3.48193274,0.07963851,3.05233669,2.87687359,0.03725962,3.32191696,3.00303059,0.03725612,-0.83447137,-5.67905593,5.21261597,0.24386647,2.08795736,2.62145925,0.72590127,-5.57864904,3.20615649,-0.65174079,2.98692489,0.97184939
0.94877452,0.00360069,0.05599398,0.47405940,0.22691229,-0.07684939,0.10902884,0.17034252,-1.53569894,-0.04416837,0.96490061,-1.41257379,-0.01365000,0.48455601,-1.55352542,-0.17248955,1.19682884,-1.58069530,0.91537810,0.06138749,0.33262468,0.33043489,0.11827841,0.14436948,-0.30713199,0.37237950,-0.10014131,-0.25844665,-0.30466291,0.10815936,-0.29006270,-0.09830775,-0.13070724,-0.29930894,3.20771885,3.16014109,0.02796190,0.00724371,0.64927667,0.76000360,3.08368473,3.29959669,0.02330290,3.36501942,3.51220827,0.07198825,3.05311909,2.87621002,0.04037220,3.32139168,3.04255161,0.03112596,-1.04599414,-2.65248139,5.40916824,0.17480809,1.79373252,2.91122365,0.77876134,-4.02182770,3.05790973,-0.63218143,3.12456870,1.22658629
0.94850328,0.00015160,-0.01317934,0.46548463,0.22492783,0.12325655,0.08602294,0.17150204,-1.44893749,-0.04429866,0.99774544,-1.35695894,-0.00099639,0.45633087,-1.51820602,-0.18282323,1.25562022,-1.56085382,0.91537810,0.06138749,0.33262468,0.33092000,0.09972466,0.14617459,-0.30758287,0.37024525,-0.10207680,-0.27265187,-0.32235194,0.10763917,-0.28727665,-0.09096915,-0.12498719,-0.30586480,3.21063423,3.17888622,0.03296081,0.00597034,0.65008319,0.75912435,3.08165913,3.30003672,0.02333713,3.36879482,3.52886686,0.05826812,3.05439224,2.87708263,0.04364335,3.32003269,3.06966553,0.02505520,-1.16600583,0.24826901,4.21749082,-0.02272694,1.63637912,2.74805951,0.61784339,-1.16562928,1.60568463,-0.50816790,2.92749715,0.91305963
0.94243337,-0.01352422,-0.08242217,0.40890241,0.22349525,0.19544928,0.06343351,0.20494268,-1.39215505,-0.04676256,1.03100264,-1.31405814,0.00740125,0.48050654,-1.52088084,-0.19013578,1.31408298,-1.56803017,0.91537810,0.06138749,0.33262468,0.33017749,0.08290397,0.14715928,-0.30617479,0.35965628,-0.10466617,-0.28631010,-0.33452888,0.10829056,-0.28132838,-0.09538445,-0.12063454,-0.30981173,3.21364021,3.19755726,0.03757598,0.00500831,0.65147973,0.75771837,3.08071079,3.30176229,0.02400270,3.37149258,3.53724871,0.04386739,3.05600510,2.88325233,0.04884911,3.31846256,3.08502655,0.02036576,-1.10959609,1.80454998,2.65991282,-0.13031830,1.67284572,2.05058227,0.39215918,1.48716393,-0.35339781,-0.34393230,2.93192315,-0.54998156
0.94205505,-0.02703145,-0.14063585,0.21514095,0.18247989,0.15163842,0.05229872,0.26073730,-1.37817156,-0.04778633,1.06751335,-1.28978145,0.01131971,0.54016632,-1.55265331,-0.19119972,1.36347532,-1.59274149,0.91537810,0.06138749,0.33262468,0.32834601,0.06764615,0.14816499,-0.30255771,0.34384988,-0.10529151,-0.29617038,-0.34128983,0.11030410,-0.27380000,-0.10822182,-0.11816068,-0.31057819,3.21677589,3.21623898,0.04065898,0.00490716,0.65262851,0.75657042,3.08027744,3.30510426,0.02578831,3.37188244,3.54067850,0.03217563,3.05709171,2.89507437,0.05454601,3.31758595,3.09169483,0.01776782,-0.45213079,2.94701171,0.36078927,-0.03322542,1.85307729,1.07482195,0.16499250,3.19863963,-1.76977146,-0.00155836,2.37452006,-1.31533372
0.96531578,-0.02709947,-0.16720550,-0.05791878,0.03305857,0.02263883,0.05926902,0.33679107,-1.41133180,-0.04309165,1.09856174,-1.28387940,0.01423027,0.61347356,-1.59074998,-0.18390139,1.38784940,-1.62592320,0.91537810,0.06138749,0.33262468,0.32582810,0.05630467,0.14968363,-0.29828957,0.32406329,-0.10253357,-0.30113656,-0.34105099,0.11299596,-0.26733949,-0.12578571,-0.11728585,-0.30921479,3.21995850,3.23539734,0.04051667,0.00554174,0.65280707,0.75641960,3.08023834,3.31320276,0.02753853,3.36925354,3.54075146,0.02469154,3.05780563,2.91478806,0.05848861,3.31736927,3.09366112,0.01661331,0.35538051,3.81453476,-1.69757209,0.24233703,1.54944551,0.25527905,0.14819537,3.66697359,-1.90906897,0.37361183,1.18435182,-1.67560234
1.00031744,-0.01190474,-0.14843595,-0.27651934,-0.14301731,-0.08713876,0.07072423,0.41897025,-1.46708007,-0.03415350,1.12541578,-1.30766923,0.01908950,0.68512199,-1.62672877,-0.17105206,1.38659480,-1.67011390,0.91537810,0.06138749,0.33262468,0.32362039,0.05147103,0.15120568,-0.29326990,0.30357872,-0.10025335,-0.30216456,-0.33307330,0.11564618,-0.26255937,-0.14390417,-0.11711752,-0.30617799,3.22301712,3.25523663,0.03764120,0.00622907,0.65221330,0.75707473,3.08118896,3.32870226,0.03035049,3.36746407,3.54044857,0.02145583,3.05894699,2.94315834,0.06106102,3.31734104,3.09546204,0.01744240,0.58328335,4.11097965,-2.81549096,0.45132626,1.31562846,-1.28729292,0.24911107,3.55777407,-1.75658221,0.65450025,-0.14725685,-2.23704090
1.02740651,0.01388562,-0.12470606,-0.44021600,-0.30445875,-0.12154030,0.08477291,0.50249236,-1.52690313,-0.02543856,1.14029095,-1.36707573,0.02577092,0.74855942,-1.64810448,-0.15387582,1.35383630,-1.71799090,0.91537810,0.06138749,0.33262468,0.32178395,0.05700423,0.15155968,-0.28871154,0.28267388,-0.09860835,-0.30156549,-0.31737470,0.11809320,-0.26037053,-0.16191085,-0.11739569,-0.30348468,3.22575912,3.27564144,0.03249576,0.00677461,0.65135859,0.75804361,3.08458099,3.35494184,0.03307241,3.36604099,3.54012041,0.02021846,3.06096172,2.97981291,0.06141342,3.31727924,3.09781866,0.01829927,0.70732261,4.18549271,-2.97574544,0.42467690,0.67811678,-3.13088880,0.33999437,3.13905549,-1.00746909,0.87801301,-1.78391058,-2.37570024
1.03377546,0.04399954,-0.10842169,-0.50815687,-0.43301323,-0.05583803,0.09707270,0.58586876,-1.58101132,-0.02028541,1.14194825,-1.46668625,0.03300683,0.80373405,-1.65780134,-0.13330158,1.29361024,-1.76075017,0.91537810,0.06138749,0.33262468,0.32013065,0.07425965,0.15004456,-0.28361952,0.26142841,-0.09843945,-0.30029408,-0.29635372,0.12052436,-0.26031576,-0.17916182,-0.11825744,-0.30101978,3.22800827,3.29626350,0.02594075,0.00684900,0.65094165,0.75865350,3.09104309,3.39253607,0.03651114,3.36516361,3.53962240,0.01983657,3.06370029,3.02175570,0.05981489,3.31756077,3.10116320,0.01911087,0.59261187,4.15797615,-2.66366792,0.23310997,0.01632786,-5.22200160,0.36141682,2.70891929,-0.42937084,1.04349065,-3.13999248,-2.10493608
1.01485395,0.06828884,-0.08710280,-0.46669185,-0.47803562,0.09795762,0.10475639,0.66189557,-1.62090051,-0.02117904,1.12604988,-1.58233714,0.03916055,0.85137451,-1.65936673,-0.11266651,1.21247137,-1.79308045,0.91537810,0.06138749,0.33262468,0.31871411,0.09927570,0.14657005,-0.27800879,0.24149807,-0.09983714,-0.29901147,-0.27202539,0.12271377,-0.26174080,-0.19504846,-0.11966638,-0.29878829,3.22973347,3.31662273,0.01925026,0.00636247,0.65158534,0.75830435,3.09981155,3.43686724,0.04070532,3.36484909,3.54030228,0.01970264,3.06739902,3.06621504,0.05697331,3.31861591,3.10575819,0.01992582,0.34921241,3.73326635,-1.87314022,-0.09287539,-0.93720669,-5.82220984,0.29705328,2.33158684,-0.02469063,1.02497256,-4.20172691,-1.52873743
0.98084700,0.08142444,-0.04407378,-0.32453485,-0.46158288,0.30927160,0.10683470,0.72666281,-1.63903043,-0.03416646,1.07491777,-1.69155121,0.04356065,0.89504464,-1.65271306,-0.09541740,1.11071920,-1.80647924,0.91537810,0.06138749,0.33262468,0.31805247,0.13187507,0.14017856,-0.27275013,0.22344655,-0.10240987,-0.29862547,-0.24497210,0.12426038,-0.26504166,-0.21016652,-0.12135144,-0.29740870,3.23094883,3.33630238,0.01371865,0.00505542,0.65393762,0.75640719,3.11132603,3.48707190,0.04530234,3.36461105,3.54258022,0.01942700,3.07255154,3.11188698,0.05301081,3.32061481,3.11078930,0.02064377,0.09671876,3.23072910,-0.87857866,-0.66631203,-2.63445139,-5.44640303,0.21901652,2.18374085,0.34348153,0.85782951,-5.11799765,-0.64023681
0.93953364,0.08493787,0.00712829,-0.13950271,-0.43277002,0.53574130,0.10321347,0.78524822,-1.63680699,-0.05759711,0.96475921,-1.78147206,0.04846291,0.94029441,-1.64192691,-0.08209484,0.99174361,-1.79933808,0.91537810,0.06138749,0.33262468,0.31833297,0.17560510,0.13160366,-0.26753998,0.20558431,-0.10606686,-0.29941368,-0.21538210,0.12506801,-0.27005033,-0.22544667,-0.12257804,-0.29670553,3.23180790,3.35519276,0.00969864,0.00282103,0.65792993,0.75301141,3.12496967,3.54687548,0.05079300,3.36451340,3.54467716,0.01891929,3.07895794,3.15855007,0.04828264,3.32301121,3.11533127,0.02162744,-0.20207395,2.90561533,0.17511891,-1.19126148,-5.70896235,-4.37460957,0.25507694,2.27711310,0.52664132,0.64999284,-5.96906328,0.41394422
0.90378798,0.07949178,0.05150794,0.04469340,-0.39196265,0.72708198,0.09304175,0.83478744,-1.61515691,-0.08250394,0.79519732,-1.81880727,0.05674648,0.98844013,-1.63297169,-0.07480628,0.86798749,-1.77207754,0.91537810,0.06138749,0.33262468,0.31949376,0.22577673,0.12326946,-0.26253323,0.18842805,-0.11111507,-0.30115816,-0.18562937,0.12458367,-0.27610738,-0.24031885,-0.12250170,-0.29606937,3.23242245,3.37336998,0.00731184,-0.00031212,0.66332352,0.74829696,3.13713932,3.61230850,0.05696052,3.36534767,3.54710131,0.01833560,3.08646183,3.20403347,0.04338638,3.32519817,3.12008657,0.02342439,-0.53206582,2.43380847,1.14887657,-1.22064505,-8.67005844,-1.58376921,0.42806372,2.40699625,0.45478389,0.33635812,-6.19504261,1.45044842
0.87661928,0.06379623,0.08395846,0.16595102,-0.31779779,0.79783987,0.07963849,0.87497349,-1.58178914,-0.09712572,0.60813069,-1.79115858,0.06839922,1.03732750,-1.62164714,-0.07442124,0.74284573,-1.72426312,0.91537810,0.06138749,0.33262468,0.32135330,0.27256477,0.11805639,-0.25867288,0.17247341,-0.11665806,-0.30323538,-0.15637866,0.12255080,-0.28311567,-0.25519763,-0.12098893,-0.29591236,3.23298092,3.39097443,0.00629525,-0.00373180,0.66926776,0.74298527,3.14395237,3.67435188,0.06268043,3.36696663,3.55036077,0.01811792,3.09481068,3.24820900,0.03823763,3.32673473,3.12456427,0.02544095,-0.67899847,1.95892301,1.71919286,-0.65293469,-9.33641376,1.74928218,0.60244358,2.45207453,0.58289761,-0.02171355,-6.26370716,2.50883796
0.85778658,0.04060501,0.10834671,0.24663711,-0.22028737,0.71834709,0.06744854,0.90884012,-1.54043305,-0.09906197,0.43714735,-1.71218777,0.08168367,1.08481002,-1.59873176,-0.08249403,0.61522496,-1.65649021,0.91537810,0.06138749,0.33262468,0.32377139,0.31195551,0.11634807,-0.25730867,0.15702429,-0.12132520,-0.30565162,-0.12696240,0.11852076,-0.29091269,-0.27139501,-0.11838436,-0.29707903,3.23367786,3.40814590,0.00650980,-0.00700693,0.67469302,0.73803648,3.14571571,3.72926235,0.06646272,3.36856937,3.55368185,0.01811977,3.10426998,3.29230022,0.03285870,3.32729816,3.12724495,0.02669236,-0.59294653,1.65532696,2.12228537,-0.00903413,-8.39679241,4.27833796,0.67063624,2.35622382,1.25334251,-0.46773475,-6.40251827,3.52917171
0.85293759,0.01669268,0.10485858,0.26182775,-0.17185192,0.47553083,0.06111896,0.93762367,-1.49553435,-0.09123788,0.31132834,-1.60474606,0.09592208,1.13054953,-1.56935892,-0.09502717,0.50833674,-1.58439522,0.91537810,0.06138749,0.33262468,0.32629340,0.33955998,0.11708418,-0.26064561,0.14206339,-0.12398130,-0.30819517,-0.10227030,0.11349381,-0.29780930,-0.28834642,-0.11524111,-0.29824280,3.23468933,3.42512112,0.00731295,-0.01000446,0.67824549,0.73473089,3.14507198,3.77294064,0.06564778,3.36961060,3.55683908,0.01809823,3.11339722,3.33223257,0.02848410,3.32655582,3.12849894,0.02805060,-0.30871742,1.43526709,2.24327803,0.39876354,-6.22301540,5.37794447,0.71010292,2.28199034,1.47013938,-0.62433231,-5.29414482,3.58883119
0.85383266,0.00355570,0.08411766,0.27810939,-0.19466020,0.18551109,0.05975583,0.96424921,-1.45291989,-0.07788579,0.23243665,-1.49865422,0.10845930,1.17479467,-1.54210582,-0.10524075,0.43841262,-1.52668395,0.91537810,0.06138749,0.33262468,0.32852091,0.35583108,0.11891559,-0.26772786,0.12785860,-0.12530704,-0.31005731,-0.08592040,0.10895879,-0.30349952,-0.30448720,-0.11284295,-0.29827359,3.23589096,3.44209480,0.00806547,-0.01327340,0.67970063,0.73332518,3.14425182,3.80590649,0.06079305,3.37051697,3.56010122,0.01846360,3.12074089,3.36466875,0.02502139,3.32536144,3.12993937,0.03024732,-0.05729967,1.32924759,2.11616559,0.68508828,-3.81498537,5.26179552,0.61893570,2.22223797,1.33396904,-0.49910605,-3.37789268,2.82131610
0.85515760,0.00285403,0.04579970,0.27366064,-0.24490070,-0.05293068,0.06096527,0.98874335,-1.41328149,-0.05869139,0.19540333,-1.40862606,0.11764109,1.21910348,-1.52134423,-0.11091944,0.41005769,-1.49124475,0.91537810,0.06138749,0.33262468,0.33012717,0.36181123,0.12217538,-0.27693696,0.11455493,-0.12621056,-0.31109820,-0.07919487,0.10546282,-0.30847284,-0.31940057,-0.11189513,-0.29657249,3.23712807,3.45910416,0.00844499,-0.01691833,0.67941570,0.73350989,3.14290257,3.82917948,0.05319021,3.37170773,3.56369982,0.01902897,3.12593250,3.38818321,0.02165434,3.32433777,3.13210001,0.03355469,0.06448388,1.20745177,1.98127401,0.98317583,-1.69228001,4.42636280,0.44138554,2.19611540,1.03053617,-0.26173163,-1.23868086,1.67773383
0.85727869,0.01047940,-0.01155225,0.21695537,-0.27521849,-0.19574168,0.06231431,1.01206584,-1.37662182,-0.03589672,0.19353678,-1.34207304,0.12280477,1.26006417,-1.50800304,-0.11277110,0.42276167,-1.48649464,0.91537810,0.06138749,0.33262468,0.33072942,0.35881325,0.12661319,-0.28701556,0.10163545,-0.12735116,-0.31133920,-0.08181418,0.10307170,-0.31182381,-0.33211258,-0.11240872,-0.29343812,3.23829994,3.47619495,0.00820889,-0.02046079,0.67805144,0.73468375,3.14069538,3.84396009,0.04371386,3.37334843,3.56735411,0.01939022,3.12903385,3.40285835,0.01890561,3.32387390,3.13617792,0.03729130,0.06483578,1.17166319,1.80384195,1.15228000,0.09895418,3.16794472,0.23570679,2.03387833,0.60039854,-0.07651546,0.86672213,0.02484083
0.86548227,0.02038641,-0.07506995,0.11577498,-0.25800350,-0.22165278,0.06303244,1.03776169,-1.34634626,-0.01624670,0.22379586,-1.30958211,0.12422448,1.29987025,-1.51424992,-0.11276659,0.47482294,-1.51892495,0.91537810,0.06138749,0.33262468,0.33015686,0.34800246,0.13058440,-0.29617239,0.08845294,-0.12873650,-0.31036630,-0.09294087,0.10168279,-0.31195679,-0.34091455,-0.11408049,-0.28797379,3.23939228,3.49348974,0.00735047,-0.02328610,0.67642237,0.73610903,3.13846684,3.85122156,0.03398447,3.37509632,3.57082939,0.01979056,3.13027000,3.40940809,0.01820007,3.32446671,3.14420557,0.04218307,0.03090575,1.30575645,1.46450746,0.94478148,1.73806953,1.36377800,0.04478484,1.98583591,-0.47489402,0.01075298,2.88087463,-1.88698757
0.88751032,0.02477283,-0.12450458,-0.01064721,-0.15182602,-0.13381442,0.06235169,1.07273803,-1.33520327,-0.01217573,0.29031304,-1.32857914,0.11907793,1.34286134,-1.56158717,-0.11228046,0.55144340,-1.56634324,0.91537810,0.06138749,0.33262468,0.32846068,0.32966586,0.13068900,-0.30216295,0.07522612,-0.13007106,-0.30674568,-0.11038602,0.10124749,-0.31029557,-0.34265824,-0.11718900,-0.27831973,3.24049740,3.51128502,0.00620641,-0.02439258,0.67542250,0.73700130,3.13881569,3.85102024,0.02629773,3.37658825,3.57497749,0.02171500,3.13008060,3.41007109,0.01816512,3.32760582,3.15977392,0.05014096,-0.04319054,1.74582469,0.53705401,0.17720050,3.35872602,-1.00790396,-0.27317474,2.12929056,-2.39958854,0.02181288,3.84438562,-2.36805844
0.92501639,0.02105243,-0.14239888,-0.14451785,0.01030792,0.00430122,0.05547820,1.09889302,-1.33472266,-0.02440056,0.37546709,-1.38348103,0.10201297,1.36393645,-1.62250693,-0.11362645,0.63347310,-1.61004937,0.91537810,0.06138749,0.33262468,0.32637672,0.30844283,0.12677919,-0.30443728,0.06614078,-0.13239083,-0.30316060,-0.13023146,0.10116230,-0.30796971,-0.33647082,-0.12224302,-0.26942011,3.24174671,3.52980213,0.00521568,-0.02348681,0.67542278,0.73703815,3.14214859,3.84806328,0.02193944,3.37936687,3.58423214,0.02321612,3.12968884,3.40881834,0.01840702,3.33439903,3.18401098,0.05695661,-0.35983657,1.23449697,0.01788425,-0.64246053,4.27973433,-2.81387877,-0.89319628,0.93591492,-3.01818156,-0.07315233,4.08876276,-2.16246252
0.96358760,0.01063467,-0.13670178,-0.38567486,0.20277115,0.13375916,0.04778728,1.10869560,-1.36331723,-0.04488012,0.46375062,-1.45534985,0.07185154,1.34296415,-1.67889462,-0.11653507,0.70651119,-1.64148300,0.91537810,0.06138749,0.33262468,0.32429773,0.28699748,0.12159341,-0.30389308,0.06668970,-0.13387482,-0.30044308,-0.14993935,0.10154633,-0.30503473,-0.32187695,-0.12918897,-0.26376503,3.24320068,3.54904823,0.00384352,-0.01966606,0.67640816,0.73625436,3.14621010,3.84526663,0.02040464,3.38221645,3.60422611,0.02385465,3.12938728,3.40819378,0.01926300,3.34482231,3.21743460,0.06053269,-0.36039581,0.47311016,-1.70818791,-1.04408677,4.40140791,-3.62554097,-1.55913939,-1.23340838,-2.82967591,-0.14935120,3.58743215,-1.49464405
0.99096235,-0.00435366,-0.11874633,-0.66799546,0.37479450,0.17260180,0.04829112,1.10684090,-1.45134442,-0.06574190,0.54150640,-1.52504747,0.03370856,1.28245976,-1.73023257,-0.11978452,0.76154478,-1.65355651,0.91537810,0.06138749,0.33262468,0.32231936,0.26733631,0.11748622,-0.30235456,0.08101752,-0.13206548,-0.29640152,-0.16831473,0.10247389,-0.30232090,-0.30003672,-0.13723025,-0.25980673,3.24490280,3.56879063,0.00160194,-0.01271759,0.67776278,0.73516890,3.14944839,3.84476194,0.01996481,3.38309460,3.63884888,0.02591785,3.12913704,3.40932579,0.01999847,3.35738869,3.25862761,0.06251263,0.08298888,-0.19228933,-4.71722560,-1.02680237,3.79527941,-3.43106866,-1.93589659,-3.23574665,-2.50610852,-0.16196080,2.63610625,-0.48711200
1.00116692,-0.01130265,-0.07913381,-0.75285596,0.45153938,0.14338210,0.05802698,1.08531070,-1.57296371,-0.08416609,0.60423738,-1.58117580,-0.00336160,1.19208717,-1.76375258,-0.12271086,0.80265576,-1.65251040,0.91537810,0.06138749,0.33262468,0.32076839,0.25051417,0.11472239,-0.30097590,0.10635558,-0.12727605,-0.29114817,-0.18500552,0.10379743,-0.29985280,-0.27470697,-0.14472657,-0.25797680,3.24669933,3.58872700,-0.00086198,-0.00439802,0.67891488,0.73420331,3.15189552,3.84743690,0.01979248,3.38189411,3.68481588,0.02962022,3.12876797,3.41239452,0.02091558,3.36952591,3.30355453,0.06279159,0.55021471,-1.22348773,-6.25895214,-0.90497726,3.03255534,-2.69762969,-1.82840586,-4.71204710,-1.52821529,-0.14334171,1.97410929,0.12521982
0.97867019,-0.00372784,-0.03377013,-0.63082447,0.44571508,0.11404234,0.07995011,1.03102490,-1.70249207,-0.10160727,0.65973988,-1.62117033,-0.03430191,1.07681549,-1.77076747,-0.12647128,0.84369398,-1.65494518,0.91537810,0.06138749,0.33262468,0.31991368,0.23511478,0.11227500,-0.30018230,0.14066330,-0.11951627,-0.28379601,-0.20047393,0.10507815,-0.29627236,-0.24674953,-0.15084517,-0.25922661,3.24826756,3.60825558,-0.00249946,0.00319171,0.67976681,0.73341711,3.15414124,3.85120592,0.01973138,3.37810440,3.73945274,0.03611767,3.12829266,3.41632528,0.02364132,3.37997093,3.35077972,0.06068707,1.10920441,-2.78143692,-6.45875454,-0.87365651,2.77925467,-1.98327396,-1.53986466,-5.78928232,-0.31585979,-0.18574994,2.05233622,-0.11789989
0.92851798,0.01105114,0.01295859,-0.42413234,0.43649644,0.12077399,0.11129305,0.92691370,-1.81220081,-0.12074072,0.71885083,-1.64959292,-0.06028835,0.94511502,-1.75292108,-0.12936368,0.88447570,-1.65244956,0.91537810,0.06138749,0.33262468,0.31980641,0.21879618,0.10927076,-0.29975124,0.18272481,-0.11001676,-0.27516036,-0.21537121,0.10662461,-0.29340282,-0.21659919,-0.15586673,-0.26301602,3.24943905,3.62686138,-0.00274416,0.00937386,0.68062560,0.73256631,3.15650749,3.85308161,0.02005518,3.37255936,3.80102634,0.04464605,3.12730770,3.41988916,0.02640359,3.38900223,3.39941521,0.05679040,1.59610560,-5.36807766,-5.37555428,-0.96560674,2.97098184,-1.38767188,-1.28553593,-6.62081861,0.96650786,-0.14729457,2.03439612,0.15489005
0.85924059,0.03297553,0.04471878,-0.16452596,0.40413155,0.18346362,0.15392246,0.77382240,-1.87756903,-0.14305657,0.78186690,-1.66550887,-0.08175025,0.80378571,-1.70943861,-0.13299184,0.92400223,-1.64126496,0.91537810,0.06138749,0.33262468,0.32030389,0.20151561,0.10513023,-0.29960946,0.22863257,-0.09868504,-0.26592333,-0.22979956,0.10779985,-0.29224672,-0.18490862,-0.15993630,-0.26894367,3.25005016,3.64418602,-0.00135464,0.01363059,0.68190259,0.73131472,3.15921345,3.85253572,0.02069443,3.36442261,3.86538849,0.05438056,3.12650375,3.42245436,0.02805717,3.39671669,3.44858503,0.05136022,2.18641796,-7.81932888,-3.04477072,-1.12974799,3.15898538,-0.73764610,-1.05542200,-7.09116220,2.28210764,-0.18341695,1.97315371,0.58590169
0.78721911,0.06101877,0.04870732,0.07278703,0.33624469,0.30955998,0.20709752,0.59621713,-1.89148586,-0.16740892,0.84470187,-1.66779587,-0.09825539,0.66187530,-1.64449639,-0.13885371,0.96473235,-1.62877083,0.91537810,0.06138749,0.33262468,0.32097050,0.18397010,0.09995731,-0.29981009,0.27321561,-0.08606453,-0.25633327,-0.24346227,0.10809122,-0.29189346,-0.15290732,-0.16304470,-0.27596041,3.24994602,3.66014442,0.00130683,0.01582013,0.68405515,0.72925755,3.16190128,3.85010386,0.02116041,3.35322647,3.92732792,0.06463723,3.12657738,3.42405596,0.02907704,3.40292740,3.49716921,0.04501009,2.70926185,-8.96063862,-0.40496778,-1.22402651,3.13175559,-0.03621197,-0.79336250,-7.07663412,3.35372376,-0.31342146,2.05171463,0.61113018
0.72605065,0.09024197,0.03845839,0.27385696,0.25586884,0.51326019,0.26546714,0.42816898,-1.86139178,-0.19240004,0.90497977,-1.65820634,-0.10800816,0.52673924,-1.56394994,-0.14815268,1.01266897,-1.62569749,0.91537810,0.06138749,0.33262468,0.32156450,0.16660230,0.09408217,-0.30011976,0.31186038,-0.07311033,-0.24770010,-0.25641386,0.10723792,-0.29073188,-0.12183233,-0.16471379,-0.28340009,3.24906254,3.67491388,0.00485385,0.01608819,0.68760321,0.72589216,3.16409588,3.84634447,0.02144474,3.33887386,3.98238087,0.07386440,3.12816143,3.42465210,0.03083262,3.40697098,3.54438162,0.03816441,2.94517183,-8.26664829,1.79937589,-1.25273907,2.99331999,0.55917263,-0.43606189,-6.69850206,4.13005829,-0.48915532,2.46129131,0.06624699
0.70171975,0.12465397,0.02919805,0.44019909,0.25274562,0.84113989,0.30606662,0.31558150,-1.79464493,-0.21644687,0.95555065,-1.63575447,-0.11194555,0.41920044,-1.48081863,-0.15847440,1.06488695,-1.62480404,0.91537810,0.06138749,0.33262468,0.32210404,0.15097236,0.08818644,-0.30062764,0.33740032,-0.06227415,-0.24542236,-0.26894677,0.10616323,-0.28950224,-0.09645596,-0.16468675,-0.29086668,3.24714375,3.68904104,0.00963313,0.01494294,0.69365076,0.72009203,3.16464252,3.84319372,0.02147640,3.32194347,4.02388735,0.07668168,3.13103542,3.42423573,0.03260180,3.40812302,3.58651714,0.03123735,1.98687350,-5.54966321,3.36358142,-1.20004506,2.51604204,1.13216684,-0.19713975,-5.31346421,4.13326545,-0.51145702,2.60255647,0.05586147
0.69455843,0.15516664,0.04157078,0.48058876,0.27514496,1.23698108,0.31573924,0.26181229,-1.71467834,-0.23884751,0.99603026,-1.60664341,-0.11713028,0.35841935,-1.41492484,-0.16402150,1.10968089,-1.61517007,0.91537810,0.06138749,0.33262468,0.32307259,0.13716274,0.08278664,-0.30131163,0.35004197,-0.05549999,-0.25099244,-0.28060118,0.10650317,-0.28924312,-0.08224085,-0.16497271,-0.29798520,3.24430141,3.70297956,0.01485224,0.01369491,0.70239688,0.71149876,3.16329136,3.84119902,0.02176096,3.30431309,4.05227633,0.07208015,3.13418674,3.42377586,0.03382947,3.40819931,3.61861706,0.02508739,0.38986549,-2.49883015,3.99933228,-1.11505270,1.98557706,1.47427928,-0.27035780,-2.88885336,3.23881507,-0.25275473,2.20716887,0.51315876
0.68729247,0.16947702,0.01432201,0.46494743,0.24349263,1.52587834,0.29864185,0.26398828,-1.64089084,-0.26207904,1.02973061,-1.57982326,-0.12508667,0.35100089,-1.37846875,-0.16143934,1.14784250,-1.60475945,0.91537810,0.06138749,0.33262468,0.32373341,0.12540684,0.07701620,-0.30153335,0.34951004,-0.05327217,-0.26280436,-0.29058564,0.10897382,-0.28874663,-0.08106270,-0.16637240,-0.30451552,3.24074402,3.71668587,0.01968379,0.01243385,0.71306303,0.70071325,3.16157875,3.84074726,0.02220007,3.28798695,4.06706181,0.06092905,3.13679256,3.42426596,0.03498679,3.40848827,3.63850145,0.01921790,-0.93503836,0.28899124,3.62557826,-1.17984357,1.69403160,1.28064532,-0.40329316,-0.13769888,1.64017569,0.16120021,1.90681303,0.46537682
0.68387268,0.17451579,-0.02621386,0.38062117,0.19097487,1.65434066,0.26928307,0.29487646,-1.58599663,-0.28463884,1.07043619,-1.57262597,-0.13284511,0.38789545,-1.37993302,-0.15431341,1.18642917,-1.61139617,0.91537810,0.06138749,0.33262468,0.32370042,0.11465923,0.07183050,-0.29880545,0.34134702,-0.05505878,-0.27522229,-0.29773807,0.11258556,-0.28577025,-0.08989319,-0.16790739,-0.30857289,3.23661423,3.73018932,0.02365586,0.01131946,0.72449585,0.68878011,3.15913467,3.84110947,0.02489496,3.27451839,4.07386436,0.04847813,3.13907261,3.42718916,0.03793017,3.40881062,3.64881315,0.01512752,-1.51038361,1.65133872,2.61957383,-1.10300550,2.09631727,0.22399807,-0.38046899,2.05463423,-0.26978875,0.36964217,1.93485105,-0.44715495
0.69545102,0.17783328,-0.04260068,0.12855528,0.09451461,1.64812617,0.23807527,0.34164423,-1.55394268,-0.29998213,1.11353278,-1.57658911,-0.13857909,0.44553420,-1.40155590,-0.14537834,1.22320271,-1.63443530,0.91537810,0.06138749,0.33262468,0.32336712,0.10398168,0.06885966,-0.29476346,0.32792092,-0.05946635,-0.28639615,-0.30238863,0.11627394,-0.28000380,-0.10434237,-0.16913485,-0.31025547,3.23195171,3.74374533,0.02540852,0.01125853,0.73576335,0.67666827,3.15470219,3.84165525,0.02860366,3.26400566,4.07546949,0.03697097,3.14116764,3.43275213,0.04336332,3.40916061,3.65379572,0.01311165,-1.55765796,2.44371939,1.43686283,-0.70749158,2.14822054,-0.24182795,-0.27018070,2.98442578,-1.18444192,0.45817223,1.81778657,-1.25832069
0.71796000,0.18379265,-0.04984305,-0.15310671,-0.05543858,1.57770907,0.20600942,0.40150846,-1.54520924,-0.30269985,1.15748127,-1.58812640,-0.14050790,0.50616871,-1.42681687,-0.13467075,1.24674249,-1.66874843,0.91537810,0.06138749,0.33262468,0.32282923,0.09280819,0.06917531,-0.29002827,0.30971942,-0.06683924,-0.29561994,-0.30291322,0.11950792,-0.27273902,-0.12121228,-0.16999369,-0.30999499,3.22662830,3.75758696,0.02385223,0.01241814,0.74635270,0.66500715,3.14728870,3.84187107,0.03280096,3.25759239,4.07291985,0.02720928,3.14256268,3.44298954,0.05009021,3.40937405,3.65662031,0.01283424,-1.60300641,2.99110093,0.40977860,-0.11513686,2.19053793,-0.57480950,-0.09238582,3.02016363,-1.25344410,0.53752737,1.14260949,-1.69722593
0.74408432,0.19088024,-0.04201366,-0.29736702,-0.22040256,1.51570572,0.17448530,0.45765499,-1.55129173,-0.29081051,1.19235399,-1.59656842,-0.13955043,0.55967084,-1.44553878,-0.12327657,1.24666443,-1.69343562,0.91537810,0.06138749,0.33262468,0.32235238,0.08286440,0.07276773,-0.28623540,0.29236270,-0.07628657,-0.30121038,-0.29988996,0.12185451,-0.26809814,-0.13758749,-0.17077282,-0.30894078,3.22069607,3.77174959,0.02013129,0.01356886,0.75637430,0.65368841,3.13671207,3.84322224,0.03611698,3.25391006,4.07207012,0.02114200,3.14348125,3.45739250,0.05425424,3.40956745,3.66029882,0.01341160,-1.57221928,2.78070140,-0.31781671,0.63679288,1.68730969,-0.40142297,0.05646104,2.66159153,-0.91872737,0.56583447,-0.06818389,-1.23025262
0.76317741,0.19650321,-0.03254686,-0.35698317,-0.37777296,1.47181682,0.14423343,0.50767363,-1.56341188,-0.26491534,1.20533316,-1.60497918,-0.13559826,0.60895554,-1.45889418,-0.11403047,1.22392159,-1.72033811,0.91537810,0.06138749,0.33262468,0.32193163,0.07859172,0.07903892,-0.28448350,0.27663196,-0.08685614,-0.30420867,-0.29106204,0.12276589,-0.26536386,-0.15381487,-0.17143025,-0.30737329,3.21419811,3.78608675,0.01485197,0.01416944,0.76594241,0.64258142,3.12270679,3.84975109,0.03744813,3.25167160,4.07360191,0.01772296,3.14386806,3.47812204,0.05656777,3.40974483,3.66439524,0.01455835,-1.50784411,2.49290352,-0.63899941,1.35016494,0.54267592,-0.46158167,0.21038067,2.44908977,-0.64884132,0.44857314,-1.23522797,-1.37549102
0.77273306,0.20347872,-0.02663974,-0.33648227,-0.51520018,1.45980404,0.11647150,0.55671664,-1.57856104,-0.22871120,1.19189188,-1.62906971,-0.12841031,0.65660206,-1.46798952,-0.10919353,1.17393289,-1.75002294,0.91537810,0.06138749,0.33262468,0.32147457,0.08448971,0.08712364,-0.28398505,0.26133263,-0.09770601,-0.30541190,-0.27489228,0.12169800,-0.26482249,-0.17018408,-0.17185118,-0.30549294,3.20713596,3.80040617,0.00860091,0.01378761,0.77525346,0.63144121,3.10471363,3.86551151,0.03748952,3.24992104,4.07610645,0.01606267,3.14360027,3.50657053,0.05665208,3.40987797,3.66853075,0.01598163,-1.36794615,2.45042229,-0.75475639,1.85788989,-0.82998562,-1.32028044,0.37898324,2.38108897,-0.43109461,0.21148716,-2.67380741,-1.48169792
0.76607229,0.21325901,-0.02231963,-0.20242002,-0.58030817,1.48081084,0.09073269,0.60624337,-1.59168017,-0.18467154,1.15909004,-1.68847764,-0.11878217,0.70637190,-1.47640085,-0.10990322,1.09731722,-1.77792418,0.91537810,0.06138749,0.33262468,0.32096225,0.10269959,0.09715577,-0.28110899,0.24625266,-0.10844689,-0.30534374,-0.25185844,0.11856667,-0.26627487,-0.18669728,-0.17196877,-0.30324717,3.19951534,3.81438208,0.00254048,0.01202591,0.78449924,0.62000795,3.08124924,3.89183903,0.03985326,3.24809551,4.07903481,0.01561851,3.14238548,3.54193592,0.05468738,3.40998650,3.67249823,0.01771508,-1.27678466,2.48203731,-0.63700670,2.25649667,-1.75473678,-3.26569295,0.49601597,2.51034355,-0.42556283,-0.07577106,-4.00986671,-1.37849796
0.73683224,0.22382042,-0.01105589,-0.00526838,-0.49375151,1.53146564,0.06290972,0.65261523,-1.59311597,-0.13455370,1.09015470,-1.76152418,-0.10771408,0.75689492,-1.48296580,-0.11691988,0.99738550,-1.78998704,0.91537810,0.06138749,0.33262468,0.32058770,0.13314816,0.10909946,-0.27583089,0.23202617,-0.11959631,-0.30480882,-0.22426951,0.11392640,-0.26982437,-0.20234005,-0.17149099,-0.30143371,3.19136124,3.82746687,-0.00160874,0.00904843,0.79389188,0.60798950,3.05132103,3.92756615,0.04475681,3.24632835,4.08264923,0.01577888,3.13984566,3.58125114,0.05076333,3.40967464,3.67683516,0.01915399,-1.39724205,2.31380563,-0.05212926,2.51602292,-3.51326866,-3.63147330,0.55585750,2.52055383,-0.32518241,-0.35738716,-5.01318550,-0.57347627
0.69759356,0.23380973,0.00972619,0.15008164,-0.37384248,1.60729436,0.03072165,0.69561769,-1.58011415,-0.07765376,0.97434680,-1.81377723,-0.09510575,0.80315876,-1.48684268,-0.12796163,0.88809948,-1.78141184,0.91537810,0.06138749,0.33262468,0.32059265,0.17203447,0.12275837,-0.26960468,0.21777272,-0.13158877,-0.30457233,-0.19615883,0.10837717,-0.27467078,-0.21600650,-0.17005131,-0.30048183,3.18284225,3.83951406,-0.00390652,0.00555524,0.80353418,0.59521987,3.01527786,3.96830711,0.05098797,3.24525604,4.08618202,0.01602032,3.13633385,3.62028618,0.04592187,3.40846119,3.68243971,0.02011082,-1.62258599,2.14036345,0.69616268,2.86216054,-5.92661152,-2.50898533,0.63355445,2.29858432,-0.18228864,-0.55956743,-5.47484303,0.48680735
0.66338655,0.24529551,0.03932952,0.24368540,-0.27392284,1.68180828,-0.00555217,0.73455049,-1.55094016,-0.01301696,0.81900774,-1.82344370,-0.08080140,0.84736743,-1.48992093,-0.14176405,0.77458789,-1.75187185,0.91537810,0.06138749,0.33262468,0.32117674,0.21480402,0.13814042,-0.26283063,0.20278395,-0.14456258,-0.30498230,-0.16850208,0.10214286,-0.28045300,-0.22843521,-0.16765673,-0.30003635,3.17394276,3.85056534,-0.00483365,0.00189172,0.81339488,0.58168877,2.97378387,4.00918427,0.05834612,3.24519539,4.08919210,0.01619445,3.13175106,3.65809202,0.04072374,3.40643959,3.68858805,0.02114039,-1.82818282,1.92546265,1.52827828,3.27488084,-7.88983002,-0.26479195,0.72590183,2.21909666,-0.16903638,-0.70276731,-5.69674969,1.57055275
0.64651518,0.25712915,0.06170025,0.27421124,-0.20908317,1.72698435,-0.04326395,0.76535417,-1.50654328,0.05908595,0.65132071,-1.78275838,-0.06313159,0.89819040,-1.49758976,-0.15922119,0.65219281,-1.69799354,0.91537810,0.06138749,0.33262468,0.32224429,0.25539385,0.15514005,-0.25645842,0.18768860,-0.15800389,-0.30610214,-0.14008635,0.09470581,-0.28741717,-0.24175205,-0.16387046,-0.29897838,3.16458187,3.86089382,-0.00503086,-0.00166715,0.82328698,0.56760062,2.92876091,4.04442291,0.06578587,3.24551239,4.09250231,0.01614215,3.12588367,3.69628572,0.03482712,3.40371132,3.69321947,0.02326591,-1.88547666,1.48006999,2.30249383,3.63676534,-8.38495445,2.31925229,0.90646027,2.59862833,-0.41422317,-0.89675754,-6.18741798,2.84374502
0.64358856,0.27006884,0.06380855,0.24844726,-0.20597291,1.71862206,-0.07961598,0.78594935,-1.44978845,0.13571040,0.48846585,-1.69680941,-0.04180182,0.95762199,-1.50735176,-0.18069933,0.52753586,-1.62306786,0.91537810,0.06138749,0.33262468,0.32340425,0.29179879,0.17325849,-0.25168317,0.17295395,-0.17137464,-0.30785760,-0.11218072,0.08568597,-0.29496770,-0.25726847,-0.15885387,-0.29689389,3.15467739,3.87072754,-0.00525078,-0.00500024,0.83291400,0.55335494,2.88187408,4.07257748,0.07172108,3.24563217,4.09658051,0.01554665,3.11916256,3.73410654,0.02843655,3.40081978,3.69512701,0.02651036,-1.80405998,0.95773095,2.91999555,3.86062789,-8.09412003,4.60759115,1.09160316,3.02892542,-0.49364087,-1.10216701,-6.22163391,3.88184285
0.64372183,0.28637057,0.05216490,0.23285387,-0.24224528,1.65553741,-0.11118220,0.79527563,-1.38465908,0.20334256,0.35931888,-1.58198388,-0.01781664,1.01910644,-1.51452050,-0.20189476,0.43213010,-1.54977288,0.91537810,0.06138749,0.33262468,0.32432742,0.31845958,0.18995551,-0.25124404,0.15942862,-0.18401617,-0.30995084,-0.09131602,0.07646985,-0.30148198,-0.27378700,-0.15340693,-0.29391621,3.14409313,3.88003960,-0.00588076,-0.00836194,0.84194014,0.53947409,2.83844337,4.08998680,0.07308338,3.24465351,4.10177603,0.01437658,3.11277752,3.76512403,0.02284544,3.39787102,3.69540539,0.03041121,-1.57141347,0.45499634,3.25749040,3.35441084,-6.38449097,5.74214840,1.19612730,3.06331420,-0.35075137,-1.05146915,-4.71099710,3.64484429
0.63754977,0.30802977,0.03714147,0.20855222,-0.28313264,1.61313877,-0.13808923,0.79800249,-1.32097275,0.25158586,0.28011080,-1.47209527,0.00335841,1.07263055,-1.51740603,-0.21786296,0.38186698,-1.50039935,0.91537810,0.06138749,0.33262468,0.32492968,0.33241950,0.20268789,-0.25616307,0.14743479,-0.19560091,-0.31154039,-0.08100860,0.06856418,-0.30651184,-0.28871347,-0.14906685,-0.29047981,3.13290195,3.88872623,-0.00698677,-0.01173767,0.85049651,0.52580328,2.80300751,4.09549847,0.06876661,3.24197903,4.10804090,0.01338929,3.10777569,3.78561411,0.01841783,3.39529457,3.69708462,0.03444987,-1.33324676,0.12693714,3.16477609,2.35426092,-3.82530165,5.44069958,1.04631033,2.65114093,-0.13987397,-0.78764814,-2.35818269,2.32898269
0.63022403,0.33376141,0.01569164,0.20209378,-0.28781950,1.63080399,-0.16148272,0.80037557,-1.26642249,0.28111160,0.24417650,-1.38494873,0.01945300,1.11981032,-1.52189856,-0.22971022,0.37977936,-1.49177837,0.91537810,0.06138749,0.33262468,0.32507817,0.33575626,0.21126224,-0.26429571,0.13670306,-0.20606597,-0.31172682,-0.08093561,0.06239309,-0.30864614,-0.30132234,-0.14630908,-0.28617083,3.12108307,3.89669247,-0.00819230,-0.01508691,0.85888916,0.51187370,2.77550564,4.09147501,0.06078245,3.23727665,4.11498117,0.01335134,3.10471840,3.79581795,0.01643202,3.39314709,3.70128860,0.03890733,-1.15874839,0.13392805,2.67523217,1.40491886,-1.63418100,4.23736634,0.77880923,2.34567380,-0.24950121,-0.57267715,0.06742786,0.30291081
0.63524017,0.35937037,-0.00662430,0.16390873,-0.27609866,1.71853380,-0.18376584,0.80540923,-1.21823232,0.29227514,0.24108814,-1.32575779,0.03064463,1.16218889,-1.53259344,-0.23690930,0.40996881,-1.50584583,0.91537810,0.06138749,0.33262468,0.32472672,0.33124688,0.21514044,-0.27430139,0.12577601,-0.21590034,-0.31065665,-0.08834585,0.05800587,-0.30973366,-0.31127608,-0.14486232,-0.28079067,3.10855408,3.90408211,-0.00943796,-0.01810826,0.86744589,0.49711231,2.75546322,4.08110399,0.05042534,3.23123837,4.12175417,0.01407008,3.10317383,3.79853249,0.01499306,3.39091358,3.70875931,0.04393606,-1.11397843,0.26301455,2.39818788,0.44592333,0.01150758,2.79995131,0.53647205,2.08423085,-0.57189268,-0.33315805,1.66043390,-0.80211920
0.65494638,0.37957215,-0.03219243,0.01869024,-0.30319404,1.85372344,-0.20742097,0.81328130,-1.16948533,0.28034177,0.26947716,-1.30474627,0.03715160,1.19813550,-1.55365670,-0.23977028,0.45741650,-1.53312230,0.91537810,0.06138749,0.33262468,0.32380849,0.31965272,0.21216093,-0.28570253,0.11268351,-0.22574623,-0.30886683,-0.10028264,0.05557862,-0.30944722,-0.31785150,-0.14449014,-0.27394524,3.09525967,3.91111994,-0.01148421,-0.02011710,0.87637824,0.48106611,2.74465179,4.06688976,0.03810596,3.22521305,4.12738609,0.01494166,3.10221100,3.79667664,0.01436127,3.38780975,3.72053814,0.04986325,-1.19656551,0.41632172,2.44857764,-0.77151054,1.65126169,0.74857944,0.29005629,1.75035942,-1.13827229,-0.11306583,2.46948647,-1.44654024
0.67447745,0.38797992,-0.05752778,-0.21191090,-0.34697870,1.98369845,-0.23198467,0.82161242,-1.11991341,0.23957561,0.33066720,-1.34433379,0.03682757,1.21787872,-1.58451545,-0.23840254,0.50857478,-1.56370454,0.91537810,0.06138749,0.33262468,0.32216757,0.30272537,0.19937775,-0.29507582,0.09757726,-0.23515975,-0.30677551,-0.11428620,0.05521304,-0.30758114,-0.31903880,-0.14543805,-0.26631396,3.08126774,3.91781693,-0.01512546,-0.02019401,0.88573166,0.46351144,2.74491711,4.05295534,0.02709175,3.21889896,4.13201094,0.01539206,3.10102634,3.79243984,0.01458643,3.38259106,3.73853436,0.05585361,-1.22392912,0.40788815,2.48069835,-2.06242404,3.07978201,-2.04119382,-0.02625547,0.95857286,-1.54869306,0.07230251,2.54724941,-1.51647508
0.68942685,0.37651557,-0.04775002,-0.30293736,-0.26025190,2.03425649,-0.25176129,0.82545773,-1.07520001,0.18663970,0.40195041,-1.41767244,0.02990765,1.21827388,-1.61912472,-0.23465233,0.55309643,-1.58670793,0.91537810,0.06138749,0.33262468,0.32058192,0.28640294,0.18276082,-0.29931551,0.08461444,-0.24211306,-0.30551357,-0.12722890,0.05632658,-0.30567928,-0.31437882,-0.14742186,-0.26020205,3.06701107,3.92430248,-0.01850258,-0.01906226,0.89499495,0.44528454,2.74853840,4.04263811,0.02126641,3.20917568,4.13776808,0.01506835,3.09876842,3.78883533,0.01490263,3.37415295,3.76234226,0.06037987,-0.96223745,0.19074653,2.17657166,-2.64791369,3.56369257,-3.69535422,-0.36168482,-0.03078030,-1.73919141,0.19175665,2.21303759,-1.13756411
0.69354784,0.34977483,-0.02706267,-0.28509753,-0.14373074,1.99823371,-0.26063430,0.83157753,-1.06255250,0.13372637,0.47399233,-1.49614151,0.01796846,1.19911096,-1.65651758,-0.22940182,0.59391450,-1.60575426,0.91537810,0.06138749,0.33262468,0.31936670,0.27135976,0.16682198,-0.29979843,0.07792787,-0.24443157,-0.30449803,-0.13886243,0.05850013,-0.30380081,-0.30357895,-0.15023044,-0.25620398,3.05282555,3.93061304,-0.02072619,-0.01755036,0.90375467,0.42718838,2.75173130,4.03457432,0.01956827,3.19235687,4.14590483,0.01486866,3.09568424,3.78615484,0.01556589,3.36153069,3.79121971,0.06316272,-0.38780161,0.33177278,0.42991301,-2.64320359,3.61061835,-3.91791320,-0.61577446,-1.05265037,-1.88002241,0.26903645,2.02995651,-0.93795630
0.68212544,0.31954459,-0.01912193,-0.27698409,-0.09162274,1.94350767,-0.25231959,0.85084351,-1.11567621,0.07964355,0.54918668,-1.57158983,0.00189552,1.15524538,-1.69292929,-0.22278766,0.63133303,-1.61913779,0.91537810,0.06138749,0.33262468,0.31829091,0.25581421,0.15130828,-0.29882492,0.08055288,-0.23977767,-0.30254385,-0.14980197,0.06127176,-0.30230925,-0.28636921,-0.15395971,-0.25413654,3.03897667,3.93661089,-0.02243668,-0.01585137,0.91193601,0.40941182,2.75597591,4.02741661,0.01946599,3.16477432,4.15605803,0.01574706,3.09263363,3.78391581,0.01598166,3.34424896,3.82471924,0.06415437,0.53176363,1.06897821,-3.11143522,-2.71829810,3.78271890,-3.74774814,-0.82616913,-2.34580114,-1.80039442,0.33783332,1.84787810,-0.62690877
0.65659510,0.28989605,-0.01449928,-0.29154330,-0.08092068,1.88930371,-0.21696559,0.88712960,-1.24568808,0.02232186,0.62748647,-1.64088047,-0.01643306,1.08399236,-1.72047400,-0.21630102,0.66484886,-1.62795186,0.91537810,0.06138749,0.33262468,0.31729513,0.23933749,0.13557982,-0.29736033,0.09310923,-0.22507357,-0.29912966,-0.16005131,0.06410963,-0.30100822,-0.26365440,-0.15830136,-0.25389618,3.02565384,3.94214535,-0.02405752,-0.01397428,0.91956063,0.39196200,2.76216221,4.02111673,0.01993480,3.12371540,4.16510582,0.01816547,3.09011936,3.78223705,0.01628691,3.32237530,3.86134100,0.06339896,1.98007905,1.93166602,-7.04184961,-2.89139438,3.93454289,-3.41528869,-0.92772466,-3.76026368,-1.29866111,0.31949398,1.64828885,-0.41614291
0.61536462,0.25821492,0.01563813,-0.34094176,-0.07957775,1.81551352,-0.14786259,0.91790477,-1.43020377,-0.03280076,0.70174438,-1.69334610,-0.03425326,0.98482314,-1.72626951,-0.21109389,0.69572380,-1.63132527,0.91537810,0.06138749,0.33262468,0.31689088,0.22275948,0.12107929,-0.29632107,0.11683859,-0.19935188,-0.29394780,-0.17036949,0.06661698,-0.29995553,-0.23717027,-0.16221178,-0.25576087,3.01319828,3.94701624,-0.02587952,-0.01159030,0.92655543,0.37508792,2.76899700,4.01519041,0.02056980,3.06811981,4.17146235,0.02294308,3.08911514,3.78058243,0.01693535,3.29638119,3.89833527,0.06113001,3.49378300,1.50141968,-9.24881306,-2.74610143,3.69818377,-2.59432247,-0.88895804,-4.97966652,-0.25589416,0.26046073,1.54959428,-0.16728400
0.57059951,0.23416352,0.04968749,-0.31024462,-0.00199454,1.74293719,-0.05294171,0.91753770,-1.62263670,-0.08082814,0.76501886,-1.72563469,-0.05071696,0.87418617,-1.70901167,-0.20681968,0.73086979,-1.63380783,0.91537810,0.06138749,0.33262468,0.31718457,0.20778402,0.10896145,-0.29594871,0.14923534,-0.16770942,-0.28615347,-0.18157052,0.06909887,-0.29897527,-0.21031696,-0.16578665,-0.25941735,3.00151386,3.95122328,-0.02694562,-0.00918220,0.93299345,0.35876572,2.77430515,4.00972967,0.02123587,3.00327034,4.17571058,0.03103110,3.08987160,3.77820473,0.01820931,3.26870785,3.93317299,0.05776722,4.81105556,-0.14308332,-9.58567524,-2.38056502,3.12744689,-1.55745356,-0.81987749,-5.54049587,0.92402024,0.20386040,1.77077138,-0.12215137
0.53772354,0.22079430,0.06508608,-0.23424194,0.17282685,1.69315675,0.06456090,0.86660416,-1.79271851,-0.12268456,0.81663132,-1.73990490,-0.06642252,0.76337578,-1.67207572,-0.20589811,0.77134790,-1.63616817,0.91537810,0.06138749,0.33262468,0.31785282,0.19510597,0.09882692,-0.29603814,0.18836813,-0.13319052,-0.27515714,-0.19324583,0.07101716,-0.29828201,-0.18449657,-0.16902265,-0.26463074,2.99035931,3.95482845,-0.02619775,-0.00684857,0.93900425,0.34283786,2.77750950,4.00510826,0.02181468,2.93227577,4.17809639,0.04269568,3.09226341,3.77593479,0.01957081,3.24036598,3.96504135,0.05322208,5.97092371,-2.80288177,-8.35251999,-2.07271867,2.53655624,-0.64727924,-0.78431169,-5.52495823,1.92132134,0.03225267,2.05028338,-0.12074804
0.52287127,0.21668880,0.05994076,-0.16844426,0.36275848,1.68798407,0.19688475,0.75368519,-1.90934691,-0.16155686,0.86152341,-1.74262750,-0.08182056,0.65915987,-1.62137682,-0.20820625,0.81766872,-1.63959801,0.91537810,0.06138749,0.33262468,0.31852933,0.18401078,0.08974669,-0.29609752,0.23133812,-0.09923214,-0.26209220,-0.20526536,0.07253234,-0.29770098,-0.16036127,-0.17194952,-0.27082271,2.97940731,3.95794201,-0.02346151,-0.00448785,0.94474774,0.32692680,2.77930431,4.00122280,0.02243181,2.85899124,4.17899475,0.05643713,3.09584808,3.77399540,0.02082835,3.21176605,3.99388351,0.04770662,6.66861124,-6.00959778,-5.44845581,-1.93387570,2.22146769,-0.08688497,-0.76779310,-5.16041107,2.59805040,-0.13387834,2.34808998,-0.17945622
0.53340637,0.22048736,0.03985553,-0.12014400,0.45475847,1.74736306,0.32184029,0.60489559,-1.95106018,-0.19763003,0.90395200,-1.73929000,-0.09539673,0.56580317,-1.56171417,-0.21198331,0.86624986,-1.63818657,0.91537810,0.06138749,0.33262468,0.31892037,0.17347923,0.08146469,-0.29584342,0.27112457,-0.07063204,-0.25017785,-0.21792836,0.07370931,-0.29780628,-0.13886546,-0.17439246,-0.27755092,2.96822166,3.96072531,-0.01959484,-0.00224798,0.95038585,0.31044762,2.78011513,3.99743319,0.02307695,2.79113770,4.17783976,0.06874253,3.10055923,3.77254295,0.02111410,3.18327427,4.01945114,0.04136945,6.14788389,-7.61636114,-1.52799356,-1.78053701,2.10836291,0.20285366,-0.66164458,-4.58443499,3.04121709,-0.19430636,2.43563509,0.12296676
0.55755533,0.23289337,0.02479071,-0.15261471,0.52310750,1.86500886,0.41055558,0.48976785,-1.92772501,-0.23027880,0.94120976,-1.72777007,-0.10732643,0.49624677,-1.50471063,-0.21179715,0.91676472,-1.63190598,0.91537810,0.06138749,0.33262468,0.31904247,0.16352041,0.07413529,-0.29581209,0.29728361,-0.04961922,-0.24450720,-0.23152107,0.07632063,-0.29797587,-0.12287050,-0.17592067,-0.28402513,2.95638046,3.96312418,-0.01505067,0.00042526,0.95609061,0.29268420,2.77938519,3.99325123,0.02323039,2.73784199,4.17068272,0.07453528,3.10548038,3.77026138,0.02106660,3.15668297,4.04009266,0.03501734,4.37562037,-5.70155554,1.22147789,-1.63050671,1.85445416,0.59248635,-0.59833124,-3.44386816,2.83999276,0.01721638,2.52622294,0.32775304
0.57178041,0.24301689,0.04315589,-0.27099185,0.57478224,1.99521315,0.45676507,0.41454859,-1.87175653,-0.26187038,0.97262920,-1.70610979,-0.12095198,0.45118505,-1.45562506,-0.20528840,0.96752673,-1.61776471,0.91537810,0.06138749,0.33262468,0.31963317,0.15343586,0.06743114,-0.29666774,0.31375517,-0.03484465,-0.24578913,-0.24655452,0.08150650,-0.29805201,-0.11296330,-0.17737556,-0.29022961,2.94409752,3.96504946,-0.01032471,0.00432993,0.96178810,0.27356592,2.77814121,3.98845940,0.02296543,2.69564266,4.15979710,0.07384404,3.11085377,3.76598969,0.02158116,3.13349915,4.05642681,0.02940356,2.18613610,-3.63603382,2.85115933,-1.57866392,1.55475628,1.10196868,-0.68900311,-2.17789774,2.42602000,0.34912186,2.53817201,0.71705240
0.56628771,0.24279462,0.04873012,-0.34856792,0.58741296,2.08354118,0.46034929,0.38716039,-1.80469580,-0.29418949,1.00118933,-1.68398314,-0.13707149,0.43785545,-1.42050872,-0.19049090,1.01317747,-1.60369599,0.91537810,0.06138749,0.33262468,0.32050685,0.14382006,0.06091545,-0.29715792,0.31941957,-0.02636452,-0.25368013,-0.26023597,0.08974535,-0.29711688,-0.11111072,-0.17927362,-0.29606011,2.93181629,3.96643906,-0.00571270,0.00905556,0.96728969,0.25344826,2.77660198,3.98385801,0.02334893,2.66634579,4.14602013,0.06682672,3.11463032,3.76063328,0.02338997,3.11654987,4.06821394,0.02444674,0.00163475,-1.14095730,3.35848737,-1.62506127,1.43184459,1.07308666,-0.81546390,-0.49953457,1.67264121,0.77539297,2.23128023,0.68273300
0.54080954,0.23441635,0.03655529,-0.33529810,0.57523297,2.11015901,0.43522377,0.39679496,-1.74162669,-0.32567373,1.03363070,-1.67206707,-0.15401862,0.45999014,-1.40579720,-0.17050674,1.04935210,-1.59833248,0.91537810,0.06138749,0.33262468,0.32128070,0.13479704,0.05502958,-0.29569190,0.31629496,-0.02338687,-0.26510727,-0.26951948,0.09950010,-0.29499821,-0.11780929,-0.18149193,-0.30090509,2.91998615,3.96724720,-0.00117522,0.01367561,0.97240010,0.23291552,2.77488422,3.97924414,0.02558880,2.64859257,4.13136597,0.05617343,3.11520176,3.75645847,0.02628249,3.10722523,4.07569017,0.02037561,-1.36579682,0.62350340,3.10808778,-1.55675721,1.65704286,0.52694317,-0.84614408,1.29443183,0.61470361,1.01555651,1.76522675,0.20182655
0.52488213,0.22261480,0.04123797,-0.34586216,0.41206521,2.05648245,0.39920101,0.42434800,-1.69150078,-0.34824675,1.06301093,-1.66519451,-0.16962765,0.50284147,-1.40595090,-0.14941439,1.07530117,-1.60007071,0.91537810,0.06138749,0.33262468,0.32219151,0.12683027,0.05162792,-0.29374470,0.30792540,-0.02436778,-0.27685559,-0.27516150,0.10904923,-0.29187939,-0.12992687,-0.18353768,-0.30415460,2.90855217,3.96764183,0.00200767,0.01801176,0.97694652,0.21271354,2.77173805,3.97340870,0.02844681,2.63862228,4.11780739,0.04533591,3.11348152,3.75407791,0.03031212,3.10301685,4.08056021,0.01803690,-1.85535002,1.48594904,2.39954686,-1.04826629,1.42091262,0.32762286,-0.76767677,2.25588441,-0.09590148,1.05752528,1.21695030,-0.12475490
0.52666659,0.20980965,0.04356407,-0.37920214,0.11569565,1.93793142,0.35646126,0.46309357,-1.65718560,-0.35517846,1.08876214,-1.66631484,-0.18050105,0.55042228,-1.41231465,-0.12962937,1.08715584,-1.60235415,0.91537810,0.06138749,0.33262468,0.32320212,0.11964109,0.05247253,-0.29159933,0.29498922,-0.02966987,-0.28818670,-0.27832421,0.11727243,-0.28821916,-0.14448427,-0.18467083,-0.30559925,2.89722919,3.96780729,0.00206118,0.02203137,0.98081357,0.19368819,2.76662312,3.96473999,0.03160279,2.63564854,4.10735836,0.03501543,3.11010284,3.75355978,0.03498296,3.10105495,4.08371277,0.01760287,-2.14640517,1.94768453,1.69935167,-0.32493780,1.29241550,-0.06988906,-0.53450269,2.37629032,-0.32128999,0.98616215,0.57637591,-0.11522626
0.53892348,0.19735219,0.04213838,-0.36067337,-0.15213700,1.80107692,0.30929086,0.50557923,-1.63553596,-0.34696748,1.11588030,-1.67347336,-0.18494255,0.59545413,-1.42019663,-0.11229744,1.08763459,-1.60635967,0.91537810,0.06138749,0.33262468,0.32413602,0.11190395,0.05738692,-0.28902748,0.27996447,-0.03854233,-0.29810272,-0.27921919,0.12402450,-0.28429517,-0.15943714,-0.18435536,-0.30584123,2.88577061,3.96788778,-0.00044305,0.02538464,0.98407122,0.17595242,2.76091785,3.95280323,0.03510854,2.63647556,4.10099525,0.02603330,3.10476456,3.75484533,0.03984085,3.09918385,4.08562431,0.01829479,-2.35573745,2.10965419,1.03786316,0.45373746,1.34530151,-0.34894465,-0.20359180,2.23985109,-0.39376828,0.85751086,-0.00803375,-0.21222352
0.55304401,0.18619091,0.03736738,-0.25032117,-0.28361165,1.66910282,0.26461090,0.54108543,-1.62552867,-0.32398177,1.13491046,-1.67603412,-0.18367029,0.63652855,-1.42721293,-0.09828305,1.07727876,-1.61442618,0.91537810,0.06138749,0.33262468,0.32492060,0.10516092,0.06545655,-0.28743288,0.26692540,-0.04915186,-0.30476072,-0.27674913,0.12898505,-0.28085999,-0.17374862,-0.18302459,-0.30545099,2.87411366,3.96788864,-0.00407635,0.02747037,0.98681233,0.15946843,2.75370121,3.93883314,0.03748772,2.63619804,4.09850731,0.02015989,3.09624271,3.75839901,0.04406061,3.09661350,4.08697014,0.01946961,-2.21465769,1.73477256,0.47317882,1.21065571,0.89184085,-0.10002279,0.08378433,2.03762977,-0.34281918,0.68571484,-0.56219525,-0.42004105
0.55902063,0.17582111,0.02280595,-0.09452688,-0.31780966,1.55372403,0.22471597,0.57229073,-1.62369695,-0.29013417,1.13689067,-1.67786884,-0.17833484,0.67576631,-1.43372424,-0.08754808,1.05277576,-1.62046189,0.91537810,0.06138749,0.33262468,0.32534465,0.10306456,0.07538477,-0.28695935,0.25578606,-0.06018208,-0.30859000,-0.27057062,0.13211004,-0.27939616,-0.18741926,-0.18126759,-0.30456455,2.86239185,3.96775036,-0.00781545,0.02800779,0.98913925,0.14407647,2.74213200,3.92482328,0.03838530,2.63432007,4.09825573,0.01675465,3.08416119,3.76408424,0.04594849,3.09365749,4.08816681,0.02078010,-1.96623650,1.55779326,0.03701591,1.73962879,-0.01182175,-0.11249112,0.28723309,1.95961249,-0.32851121,0.51895905,-1.32221736,-0.26476191
0.55816971,0.16602174,-0.00929140,0.08472227,-0.26876796,1.45004332,0.19194096,0.60717392,-1.63111866,-0.25268772,1.12184775,-1.69237447,-0.16971220,0.71769154,-1.44286644,-0.08064142,1.02259183,-1.63461876,0.91537810,0.06138749,0.33262468,0.32511613,0.10841494,0.08544621,-0.28621446,0.24506507,-0.07054772,-0.30973621,-0.26086863,0.13331172,-0.27840261,-0.20093627,-0.17928978,-0.30297731,2.85073948,3.96742630,-0.01088637,0.02690237,0.99113366,0.12966039,2.72403240,3.91265249,0.03890167,2.63197422,4.09848213,0.01537992,3.06867790,3.77165270,0.04671352,3.09094620,4.08916759,0.02213882,-1.58180583,1.78217399,-0.43633458,1.88468623,-0.86696142,-0.84161276,0.45377341,2.12427378,-0.48194644,0.31594452,-1.51747215,-0.80756658
0.56709165,0.16099503,-0.01226397,0.21847087,-0.10843984,1.36652077,0.16748233,0.64983212,-1.64083164,-0.21047337,1.09132183,-1.73355556,-0.15706064,0.76551023,-1.45408931,-0.08102076,0.98435085,-1.65843825,0.91537810,0.06138749,0.33262468,0.32467639,0.12358082,0.09664311,-0.28238061,0.23364058,-0.07923737,-0.30917540,-0.24622980,0.13192682,-0.27808493,-0.21468196,-0.17671012,-0.30131894,2.83897095,3.96689882,-0.01210318,0.02445589,0.99285839,0.11613630,2.69646702,3.90128832,0.04229579,2.62983532,4.09777575,0.01550100,3.04823284,3.78184948,0.04659146,3.08855629,4.08946295,0.02335746,-1.21570058,2.14355488,-0.47843599,2.11579370,-1.56281648,-2.07400832,0.63796550,2.39774728,-0.55908823,-0.02837822,-1.93108735,-1.18905389
0.57358621,0.15770248,-0.00493805,0.29603560,0.07015078,1.29544387,0.14742372,0.69958912,-1.64557335,-0.16542870,1.03359768,-1.78190413,-0.14068927,0.81800327,-1.46504602,-0.08729730,0.93213546,-1.68003259,0.91537810,0.06138749,0.33262468,0.32438765,0.14767681,0.10823581,-0.27689054,0.22070166,-0.08669237,-0.30826413,-0.22724572,0.12864088,-0.27919874,-0.22869017,-0.17316100,-0.30010372,2.82710152,3.96617289,-0.01147112,0.02143908,0.99435783,0.10325346,2.66037846,3.89049692,0.04749711,2.62884922,4.09625292,0.01612351,3.02316265,3.79369354,0.04518890,3.08642349,4.08879442,0.02428392,-0.99508572,2.50561285,-0.22343872,2.25515528,-2.97558665,-2.41433263,0.82882899,2.63732934,-0.55544899,-0.32574328,-2.65532088,-1.06706848
0.57814867,0.15438866,-0.00603671,0.31176405,0.20608457,1.25313374,0.12903671,0.75289012,-1.64375446,-0.11969809,0.93977573,-1.82184694,-0.12150036,0.87435319,-1.47741623,-0.09654018,0.86127719,-1.69192400,0.91537810,0.06138749,0.33262468,0.32412282,0.17975150,0.11965110,-0.27018139,0.20663211,-0.09354240,-0.30726629,-0.20399769,0.12449667,-0.28148696,-0.24266569,-0.16865851,-0.29888826,2.81517963,3.96523647,-0.00945886,0.01838231,0.99565875,0.09075393,2.61679077,3.87997894,0.05394143,2.62881489,4.09452372,0.01685653,2.99336853,3.80597820,0.04263587,3.08429203,4.08734646,0.02523456,-0.91832333,2.66496396,0.12925673,2.28754592,-4.87331591,-1.91927416,0.96709930,2.83071017,-0.61741871,-0.46797490,-3.64023876,-0.52283761
0.58710540,0.15231507,-0.00531703,0.29855026,0.28148338,1.24068414,0.10982565,0.80377914,-1.63215868,-0.07266470,0.80437138,-1.83503368,-0.09994042,0.93301208,-1.48985934,-0.10595318,0.77057630,-1.68333921,0.91537810,0.06138749,0.33262468,0.32390832,0.21844088,0.13098674,-0.26282158,0.19218375,-0.10045708,-0.30668188,-0.17771546,0.12026723,-0.28523158,-0.25665958,-0.16331456,-0.29755159,2.80312748,3.96408348,-0.00667285,0.01551947,0.99678149,0.07836626,2.56692314,3.86878681,0.06108674,2.62897320,4.09329844,0.01722644,2.95989952,3.81755867,0.03867674,3.08212681,4.08534832,0.02635672,-0.96982083,2.52041650,0.63924546,2.36368146,-7.00382233,-0.46964260,1.09405378,2.94281936,-0.62397617,-0.46652043,-4.63614511,0.56226821
0.60152958,0.15060586,0.00579572,0.27543811,0.27995284,1.22289364,0.08785315,0.84979028,-1.60968125,-0.02355963,0.64167994,-1.80564511,-0.07530577,0.99397284,-1.50268674,-0.11487019,0.66479611,-1.64893937,0.91537810,0.06138749,0.33262468,0.32394463,0.25914166,0.14240185,-0.25602452,0.17726814,-0.10809579,-0.30674908,-0.15013733,0.11602824,-0.29039396,-0.27097092,-0.15700209,-0.29567698,2.79084110,3.96271753,-0.00383484,0.01287779,0.99772140,0.06611700,2.51518726,3.85572386,0.06792010,2.62937164,4.09324074,0.01719555,2.92437077,3.82790804,0.03355066,3.08014584,4.08262444,0.02826765,-1.12160540,2.26379514,1.20295990,2.46996450,-8.29063988,1.80033433,1.25445080,3.06611872,-0.64430231,-0.44295517,-5.38925123,1.91162813
0.61471386,0.14841552,0.02231934,0.28052862,0.26522016,1.13832364,0.06630436,0.88751481,-1.57453256,0.02294440,0.47701126,-1.72631559,-0.04735517,1.05556669,-1.51115477,-0.12374244,0.55429905,-1.58904221,0.91537810,0.06138749,0.33262468,0.32439671,0.29689805,0.15305811,-0.25193172,0.16223551,-0.11580888,-0.30773889,-0.12334519,0.11159466,-0.29671706,-0.28603061,-0.15001854,-0.29344096,2.77829781,3.96112394,-0.00115857,0.01022034,0.99845055,0.05468731,2.46646347,3.84139681,0.07246499,2.62967644,4.09395370,0.01665782,2.88872147,3.83672934,0.02767965,3.07899780,4.07901621,0.03095575,-1.07119830,1.87396348,1.77180710,2.31272140,-8.21615868,4.02073259,1.39893131,3.07685828,-0.41309879,-0.44101512,-5.50378428,3.00693917
0.62037798,0.14453341,0.04001053,0.33093682,0.29856651,0.95228188,0.04926186,0.91658568,-1.53066339,0.05970365,0.33399257,-1.61443419,-0.01976981,1.11338453,-1.51210115,-0.12975787,0.46530407,-1.52572000,0.91537810,0.06138749,0.33262468,0.32525637,0.32849919,0.16121274,-0.25247204,0.14804088,-0.12254818,-0.30929825,-0.10212814,0.10749917,-0.30300387,-0.30089762,-0.14361879,-0.29137022,2.76568794,3.95937891,0.00187250,0.00710160,0.99895914,0.04501877,2.42401657,3.82837534,0.07278432,2.62927322,4.09474945,0.01595812,2.85773010,3.84312716,0.02225250,3.07828674,4.07534323,0.03388615,-0.83826828,1.42832196,2.20879974,1.80291414,-7.02081165,5.64830256,1.36861081,2.86730266,-0.02361631,-0.28518934,-4.34007101,3.13995385
0.62589564,0.13985154,0.04758852,0.38946518,0.33986975,0.71256233,0.03650076,0.93834945,-1.48331325,0.08492478,0.23803962,-1.49333103,0.00339609,1.16312399,-1.50716467,-0.13118623,0.41859462,-1.48254631,0.91537810,0.06138749,0.33262468,0.32635280,0.34837651,0.16677037,-0.25904636,0.13524586,-0.12847774,-0.31081078,-0.09052651,0.10443161,-0.30813168,-0.31407958,-0.13900203,-0.28955156,2.75301189,3.95754414,0.00536227,0.00341854,0.99927017,0.03766542,2.39306431,3.81748600,0.06730644,2.62782669,4.09584322,0.01554202,2.83541584,3.84659100,0.01822112,3.07666855,4.07249594,0.03680124,-0.62295395,1.06556073,2.37163329,1.21577187,-4.58723497,6.03890944,1.13541420,2.45336699,0.25824735,-0.05671155,-2.13197262,2.00951226
0.63321955,0.13468776,0.03530692,0.42660893,0.34114725,0.49973540,0.02653137,0.95805670,-1.43792903,0.10267792,0.18728060,-1.38565271,0.02127734,1.20842276,-1.50383921,-0.13069818,0.41918494,-1.47610762,0.91537810,0.06138749,0.33262468,0.32731639,0.35697482,0.17070452,-0.26922604,0.12306364,-0.13395077,-0.31157660,-0.08905543,0.10195539,-0.31086894,-0.32546377,-0.13625937,-0.28699129,2.74022923,3.95567646,0.00892754,-0.00065304,0.99943436,0.03241669,2.37294369,3.80846100,0.05809036,2.62610359,4.09731970,0.01573979,2.82249126,3.84816494,0.01644745,3.07383804,4.07056093,0.04032511,-0.48565348,0.98742479,2.24542518,0.85826149,-2.29642391,5.26591539,0.86409681,2.25413699,0.13873957,0.02885985,0.29901407,0.10375642
0.65028117,0.12876405,0.00528236,0.43155124,0.27475137,0.36967893,0.01944233,0.97607070,-1.39680624,0.11536650,0.17019884,-1.30055833,0.03439267,1.24987411,-1.50537038,-0.12990513,0.45274597,-1.49206710,0.91537810,0.06138749,0.33262468,0.32779324,0.35686906,0.17338738,-0.28078905,0.11151557,-0.13871545,-0.31172827,-0.09544413,0.09961216,-0.31263791,-0.33496141,-0.13502800,-0.28335120,2.72715473,3.95383787,0.01192214,-0.00483909,0.99951033,0.02852257,2.36099529,3.80104399,0.04700419,2.62371540,4.09867573,0.01606497,2.81677437,3.84895468,0.01515533,3.06925869,4.06958151,0.04444204,-0.33205622,0.88273638,2.02541828,0.59848124,-0.63807869,4.08787966,0.62309009,2.03949451,-0.11135816,0.04047364,1.87300968,-0.91286653
0.68207049,0.12092973,-0.02583598,0.37411448,0.14766595,0.34351635,0.01398465,0.99699500,-1.36312065,0.11874767,0.18846598,-1.25726109,0.04133666,1.28235059,-1.51449993,-0.12913642,0.50600357,-1.52335653,0.91537810,0.06138749,0.33262468,0.32763072,0.34835915,0.17332813,-0.29156460,0.09936456,-0.14274867,-0.31086066,-0.10684255,0.09773759,-0.31274263,-0.34103154,-0.13527386,-0.27891409,2.71342258,3.95210810,0.01356734,-0.00851816,0.99955757,0.02506047,2.35685043,3.79637423,0.03606612,2.62130299,4.09963598,0.01677006,2.81525631,3.84916220,0.01488809,3.06077785,4.07020063,0.04871663,-0.27236423,1.05443070,1.67570531,0.14946762,0.96344619,2.09327011,0.33795072,1.61692274,-0.47347208,0.03959477,2.67805934,-1.57572687
0.72337860,0.10921896,-0.05715242,0.26041344,-0.00215262,0.38635537,0.00859505,1.02286828,-1.33572803,0.10886504,0.24076090,-1.26502271,0.04163969,1.30892367,-1.53658254,-0.12782783,0.56750124,-1.56017776,0.91537810,0.06138749,0.33262468,0.32687503,0.33309006,0.16921851,-0.29976728,0.08579574,-0.14611117,-0.30899683,-0.12083776,0.09681074,-0.31136518,-0.34356276,-0.13673067,-0.27317516,2.69889584,3.95054789,0.01372065,-0.01115025,0.99961894,0.02119877,2.35897827,3.79549971,0.02710775,2.61932621,4.10014086,0.01787820,2.81555157,3.84873667,0.01550985,3.04790936,4.07269621,0.05369987,-0.27139885,1.30207360,1.34957159,-0.52881669,2.70457597,-0.54071042,-0.00501537,1.30412428,-1.14868776,0.06503320,3.08138556,-1.84010255
0.76622322,0.09028536,-0.07059875,0.08807503,-0.07379717,0.44113232,0.00213731,1.05133116,-1.31843836,0.09111559,0.31494635,-1.31143658,0.03484315,1.32554865,-1.57206280,-0.12720463,0.62961937,-1.59388490,0.91537810,0.06138749,0.33262468,0.32582563,0.31445436,0.16312210,-0.30384538,0.07287553,-0.14873296,-0.30606097,-0.13562608,0.09670810,-0.30935071,-0.34106714,-0.13912698,-0.26733202,2.68355732,3.94926071,0.01306975,-0.01214435,0.99969962,0.01680399,2.36384659,3.79669790,0.02198025,2.61567383,4.10033741,0.01976466,2.81588860,3.84809093,0.01647492,3.02906723,4.07695570,0.05849361,-0.32973073,1.43222082,0.80357261,-0.89676988,3.74851747,-2.40195732,-0.37048859,0.78082749,-1.81887519,0.02509886,3.09910631,-1.65613306
0.80029806,0.06523484,-0.07166498,-0.09090149,-0.11037177,0.46194883,-0.00357371,1.07071931,-1.31477997,0.07229855,0.39440517,-1.36806586,0.02068464,1.32545786,-1.61792347,-0.12748208,0.68898247,-1.62055531,0.91537810,0.06138749,0.33262468,0.32475972,0.29525479,0.15760522,-0.30510896,0.06538683,-0.15000358,-0.30367192,-0.15040091,0.09735938,-0.30724410,-0.33230290,-0.14243041,-0.26262814,2.66755733,3.94833164,0.01206691,-0.01138422,0.99978805,0.01219220,2.36858826,3.79789133,0.01965075,2.60580635,4.09986820,0.02108780,2.81556702,3.84737415,0.01751562,3.00319786,4.08270826,0.06213158,-0.27124022,0.86958354,0.10751724,-0.94223011,3.98642955,-2.85235381,-0.75088339,-0.12127589,-2.35197523,-0.01681799,2.94740486,-1.29237688
0.81916323,0.03499569,-0.07182980,-0.24236077,-0.20887693,0.43954438,0.00021364,1.08248985,-1.35365522,0.05326000,0.47522256,-1.42272544,-0.00100515,1.29633224,-1.66750467,-0.12784056,0.74303639,-1.63582110,0.91537810,0.06138749,0.33262468,0.32365176,0.27519464,0.15295710,-0.30545821,0.06851879,-0.14743900,-0.30120315,-0.16539824,0.09873304,-0.30554925,-0.31591928,-0.14687394,-0.26002392,2.65118313,3.94784355,0.01015374,-0.00913465,0.99987659,0.00776249,2.37367439,3.79912615,0.01819355,2.58493423,4.09631634,0.02244861,2.81504726,3.84658480,0.01810251,2.96931839,4.08985376,0.06362784,0.27719614,0.56226254,-2.33139729,-0.95345372,4.04771090,-2.70283675,-1.13832319,-1.68826091,-2.48679376,-0.01726180,2.65997863,-0.66981548
0.83522694,0.00182583,-0.05738119,-0.36449753,-0.30709788,0.34354560,0.02093376,1.07949255,-1.45464554,0.03744439,0.54835719,-1.47003050,-0.02782912,1.23886950,-1.71123695,-0.12901611,0.79149741,-1.64280331,0.91537810,0.06138749,0.33262468,0.32273353,0.25643385,0.15018386,-0.30471381,0.08780375,-0.13901858,-0.29767291,-0.18041352,0.10059458,-0.30361300,-0.29420623,-0.15195416,-0.25877727,2.63447590,3.94794950,0.00710134,-0.00550101,0.99995040,0.00430223,2.37677078,3.79995766,0.01801972,2.54786072,4.08771172,0.02506062,2.81402512,3.84582024,0.01912053,2.92996712,4.09738951,0.06395626,1.04598734,-0.18193816,-5.08832884,-0.78528097,3.63722620,-2.34609296,-1.33815217,-2.89842629,-2.16985271,-0.05985009,2.41772079,-0.33965490
0.85424191,-0.02151641,-0.03842108,-0.43029467,-0.32395911,0.22123694,0.04774047,1.05254090,-1.57551212,0.02508667,0.60904332,-1.50436587,-0.05117135,1.16556551,-1.74311843,-0.13192933,0.83814589,-1.64640567,0.91537810,0.06138749,0.33262468,0.32208508,0.24012916,0.14894661,-0.30385480,0.11678399,-0.12881504,-0.29264565,-0.19541595,0.10234730,-0.30133102,-0.27088654,-0.15590073,-0.25871561,2.61740131,3.94843817,0.00382513,-0.00121638,0.99998987,0.00203495,2.37666931,3.80046787,0.01823029,2.50114136,4.07772636,0.02943944,2.81240005,3.84529819,0.02075406,2.88891869,4.10323763,0.06336947,1.35129330,-1.42676064,-6.04802465,-0.61080461,3.00734758,-1.68287075,-1.14752600,-3.69716382,-1.55937326,-0.15767419,2.34094810,-0.19359682
0.85924581,-0.03260631,-0.01817188,-0.47303784,-0.24724424,0.09546664,0.07762728,0.99091346,-1.69285405,0.01466552,0.66370803,-1.52750018,-0.06748668,1.08022199,-1.76219287,-0.13796891,0.88658226,-1.65088139,0.91537810,0.06138749,0.33262468,0.32172620,0.22490791,0.14858748,-0.30305046,0.15315136,-0.11817037,-0.28578458,-0.21029648,0.10350471,-0.29853667,-0.24635823,-0.15788596,-0.26018803,2.60021229,3.94911079,0.00126137,0.00346985,0.99999270,0.00098799,2.37500992,3.80096998,0.01867574,2.44729576,4.06758490,0.03594162,2.81030293,3.84518890,0.02318954,2.84688339,4.10650749,0.06153817,1.50322585,-3.26977301,-5.82245731,-0.51585460,2.72693872,-1.11250011,-0.78466836,-4.32364216,-0.89505235,-0.30921630,2.42264819,-0.20556163
0.84766325,-0.03722848,0.01755836,-0.51360696,-0.13396642,-0.03399195,0.10774473,0.87620409,-1.78662488,0.00523343,0.71863307,-1.53937418,-0.07671434,0.97954812,-1.76493340,-0.14533064,0.93251235,-1.64331608,0.91537810,0.06138749,0.33262468,0.32197039,0.20887857,0.14880193,-0.30256163,0.19758365,-0.10811111,-0.27720969,-0.22563625,0.10435311,-0.29722613,-0.21972773,-0.15785525,-0.26371841,2.58322468,3.94989109,-0.00021693,0.00856478,0.99996258,0.00119580,2.37399139,3.80158834,0.01940876,2.38589973,4.05847368,0.04476070,2.80861111,3.84499950,0.02474426,2.80332870,4.10722122,0.05825198,1.49929371,-6.07788687,-4.49746933,-0.46691653,2.75515127,-0.52531239,-0.42160438,-5.13053064,-0.03235673,-0.37407032,2.27061219,0.48045154
0.82846567,-0.03413960,0.05381021,-0.50723879,0.00624652,-0.14800352,0.13416858,0.70875585,-1.83216095,-0.00258416,0.77281529,-1.53794444,-0.07956266,0.86591953,-1.74729836,-0.15315950,0.97705245,-1.62430501,0.91537810,0.06138749,0.33262468,0.32291749,0.19199136,0.14952336,-0.30255458,0.24659211,-0.09992560,-0.26736189,-0.24173544,0.10494307,-0.29733124,-0.19149173,-0.15613561,-0.26926048,2.56660366,3.95068836,-0.00034898,0.01365767,0.99990349,0.00252123,2.37386227,3.80213308,0.02036291,2.32051754,4.05185366,0.05555560,2.80780792,3.84453011,0.02558625,2.75887871,4.10585833,0.05365701,1.28754568,-8.72859097,-1.88999164,-0.37707829,2.69723272,0.17033099,-0.09851217,-5.76255751,1.03317261,-0.39312240,2.22605109,1.01391792
0.81437149,-0.02512574,0.08333399,-0.42080906,0.18820275,-0.21321809,0.14996428,0.52507813,-1.81062415,-0.00740992,0.82085675,-1.51989794,-0.07383256,0.75172009,-1.70921981,-0.16117826,1.02369373,-1.60214288,0.91537810,0.06138749,0.33262468,0.32459720,0.17544330,0.15069505,-0.30317123,0.29176246,-0.09530177,-0.25817176,-0.25801942,0.10508570,-0.29784077,-0.16382562,-0.15246938,-0.27634153,2.55032425,3.95140505,0.00150384,0.01790289,0.99982791,0.00462251,2.37348747,3.80234766,0.02142597,2.25946045,4.04941530,0.06642544,2.80735550,3.84392500,0.02675642,2.71556034,4.10234470,0.04825567,0.77826185,-9.14839306,1.14089861,-0.23767409,2.39137511,0.92574112,0.29796014,-5.70234890,1.92300639,-0.40077975,2.33611798,1.10748625
0.81661781,-0.01268065,0.09635060,-0.31600184,0.33747099,-0.20439356,0.15483194,0.37017266,-1.74764159,-0.00957213,0.86172615,-1.48551679,-0.06028036,0.64140887,-1.65761559,-0.16929554,1.07484910,-1.58126419,0.91537810,0.06138749,0.33262468,0.32665971,0.15898621,0.15211773,-0.30474470,0.32782191,-0.09327409,-0.25212376,-0.27463315,0.10479339,-0.29794269,-0.13700018,-0.14701047,-0.28409721,2.53402977,3.95197268,0.00484515,0.02112566,0.99974299,0.00664755,2.37300491,3.80201464,0.02191501,2.20749664,4.04966288,0.07453595,2.80722351,3.84348211,0.02871702,2.67300167,4.09712067,0.04256250,0.19171894,-7.63501396,3.24329267,-0.09954514,2.02523870,1.76532261,0.69855696,-5.51479149,2.62007165,-0.40764049,2.58263803,1.03420112
0.83364261,0.00183842,0.09001083,-0.25502913,0.43551914,-0.08769488,0.14195713,0.25502462,-1.65247724,-0.01027972,0.89870044,-1.43701136,-0.04164669,0.53660198,-1.59423299,-0.17751786,1.13340816,-1.56070187,0.91537810,0.06138749,0.33262468,0.32876097,0.14138631,0.15364999,-0.30691423,0.35409099,-0.09453304,-0.25221944,-0.29281058,0.10436241,-0.29701383,-0.11142957,-0.14021284,-0.29223806,2.51742954,3.95230370,0.00912504,0.02372337,0.99964811,0.00758865,2.37366238,3.80087910,0.02184674,2.16485710,4.05235167,0.07654153,2.80857563,3.84338398,0.03174714,2.63103390,4.09076033,0.03652291,-0.71783745,-5.58034544,4.89170523,-0.03796394,1.84622586,2.47398362,0.94060365,-5.18683901,3.20719218,-0.40861306,2.95225072,1.04441926
0.85037836,0.00636374,0.05545282,-0.24600632,0.45841799,0.10811518,0.11967885,0.19215536,-1.54582040,-0.01306731,0.93560752,-1.38200705,-0.02464847,0.46184283,-1.53436685,-0.18399846,1.19317317,-1.53656037,0.91537810,0.06138749,0.33262468,0.33041923,0.12225298,0.15445339,-0.30876299,0.36785579,-0.09683301,-0.26013239,-0.31181609,0.10456511,-0.29521329,-0.09311579,-0.13369355,-0.30004638,2.50049152,3.95248127,0.01368354,0.02622244,0.99954034,0.00665305,2.37608471,3.79975739,0.02165624,2.13402977,4.05446310,0.07028684,2.81081066,3.84355392,0.03520594,2.59547291,4.08485594,0.03037285,-1.13385191,-2.79773130,5.31427813,-0.15759523,1.84717000,2.76649165,0.82463602,-3.49098501,2.92007995,-0.30911562,2.97601151,1.22656336
0.85680290,-0.00763838,-0.00883326,-0.24655026,0.43073586,0.24692417,0.09353118,0.18800224,-1.45765901,-0.01967267,0.97343993,-1.32926917,-0.01162164,0.43897286,-1.50052118,-0.18935777,1.24946010,-1.51752055,0.91537810,0.06138749,0.33262468,0.33101487,0.10258347,0.15399350,-0.30946079,0.36698544,-0.09979564,-0.27347618,-0.32888088,0.10529634,-0.29207090,-0.08707861,-0.12816262,-0.30670896,2.48338032,3.95276260,0.01795438,0.02874678,0.99941631,0.00427786,2.37932491,3.79975986,0.02155408,2.11736870,4.05607271,0.05753870,2.81123638,3.84431744,0.03894398,2.57168388,4.08008432,0.02430591,-1.33610797,0.20664005,4.23239708,-0.35933742,1.89996588,2.60609126,0.62426496,-0.74809307,1.46869171,-0.26421010,2.78568482,0.89123005
0.85460066,-0.02881459,-0.07504318,-0.25325212,0.36175855,0.26874673,0.06824214,0.22061683,-1.40208433,-0.02824457,1.01193922,-1.29366639,-0.00316646,0.47307534,-1.50992248,-0.19262930,1.30651352,-1.52569258,0.91537810,0.06138749,0.33262468,0.33024845,0.08531411,0.15281810,-0.30770487,0.35643182,-0.10339184,-0.28652885,-0.34071142,0.10698270,-0.28564405,-0.09384950,-0.12398127,-0.31037200,2.46624584,3.95331345,0.02152755,0.03135002,0.99927545,0.00151878,2.38026180,3.80087128,0.02254358,2.11027126,4.05826874,0.04371960,2.80648441,3.84483633,0.04460441,2.56063862,4.07688160,0.01987645,-1.24718440,1.66137247,2.71875551,-0.42639889,1.93027773,1.75087872,0.41589965,1.75512371,-0.51354930,-0.15767651,2.85858941,-0.45983359
0.86645166,-0.04386089,-0.13235138,-0.18944560,0.17570054,0.19605401,0.05730960,0.27411991,-1.38891804,-0.03423574,1.05185530,-1.27565954,0.00126615,0.53594971,-1.54230955,-0.19113354,1.36200750,-1.56209443,0.91537810,0.06138749,0.33262468,0.32841200,0.06999022,0.15203399,-0.30396387,0.34112948,-0.10418933,-0.29578047,-0.34689365,0.10977886,-0.27617061,-0.10777234,-0.12148939,-0.31127001,2.44883900,3.95401764,-0.02333818,-0.03336953,-0.99917042,0.00052624,2.37877178,3.80201912,0.02444812,2.10776234,4.05837975,0.03263152,2.79567699,3.84406309,0.05224138,2.55667286,4.07545242,0.01714199,-0.48940070,2.73082247,0.53412147,-0.28473334,1.98340411,0.87068508,0.21570290,3.18143797,-1.63178861,0.09296232,2.72951150,-1.84623091
0.89870713,-0.04546013,-0.15740422,-0.02142323,-0.03362662,0.06061576,0.06153133,0.34446145,-1.41545503,-0.03450154,1.08684833,-1.26991346,0.00526153,0.60877579,-1.58275540,-0.18315025,1.39614329,-1.60245681,0.91537810,0.06138749,0.33262468,0.32604838,0.05759723,0.15203000,-0.29970774,0.32271168,-0.10216974,-0.30073984,-0.34746896,0.11292867,-0.26811165,-0.12476559,-0.12023521,-0.30976325,2.43080311,3.95470572,-0.02314213,-0.03376298,-0.99916113,0.00123935,2.37334499,3.80262308,0.02634064,2.10799809,4.05658016,0.02530854,2.77837524,3.84209499,0.05793673,2.55545864,4.07505503,0.01628513,0.24817656,3.57412457,-1.47549675,0.01431357,1.72522104,0.22401092,0.20725160,3.66538143,-2.07800941,0.42769074,1.58358183,-2.00544684
0.94110871,-0.03349590,-0.14222162,0.16830004,-0.20948816,-0.06063670,0.07140829,0.42129118,-1.46527321,-0.02908168,1.11741784,-1.28796446,0.01092984,0.67923232,-1.62025673,-0.17039179,1.40379472,-1.64847498,0.91537810,0.06138749,0.33262468,0.32391987,0.05065687,0.15260336,-0.29472930,0.30354857,-0.10015862,-0.30192449,-0.34099189,0.11580321,-0.26250216,-0.14212856,-0.11966633,-0.30680954,2.41196728,3.95521517,-0.02124757,-0.03227953,-0.99925275,0.00072379,2.36132183,3.80260801,0.02919058,2.10841122,4.05535107,0.02199539,2.75296783,3.83943748,0.06141771,2.55408688,4.07489214,0.01711034,0.51331049,3.84932055,-2.57507353,0.30024641,1.50867021,-1.07722797,0.29266255,3.47505331,-1.78990445,0.65714831,0.24093532,-2.37013843
0.97639875,-0.01238495,-0.12661108,0.32133807,-0.33997661,-0.12206979,0.08841084,0.50232458,-1.52410054,-0.01929757,1.13684916,-1.33492076,0.01819416,0.74486381,-1.64535129,-0.15491755,1.37985933,-1.70390236,0.91537810,0.06138749,0.33262468,0.32205537,0.05254884,0.15355702,-0.28998710,0.28359612,-0.09727701,-0.30130474,-0.32556023,0.11816027,-0.25959088,-0.16001090,-0.11948761,-0.30407630,2.39245129,3.95540428,-0.01805666,-0.02924897,-0.99940894,-0.00046413,2.33959770,3.80195189,0.03206827,2.10904884,4.05324411,0.02075063,2.71777630,3.83659792,0.06246449,2.55269909,4.07457399,0.01797907,0.91165197,4.08978939,-2.98937535,0.51822108,0.87008709,-2.54952884,0.37455237,3.25721002,-1.17324102,0.79125696,-1.44181955,-2.83084607
0.98486283,0.00623249,-0.12624303,0.40695298,-0.44990089,-0.11949912,0.11093481,0.58825570,-1.58742366,-0.01073776,1.14498854,-1.42450576,0.02800112,0.80606040,-1.66143064,-0.13557207,1.31851981,-1.75766389,0.91537810,0.06138749,0.33262468,0.32008114,0.06588921,0.15346349,-0.28454370,0.26260319,-0.09374873,-0.29920331,-0.30218909,0.12068793,-0.25897837,-0.17820581,-0.11915889,-0.30100974,2.37268276,3.95524092,0.01361577,0.02516057,0.99958920,0.00172970,2.30615807,3.80205183,0.03553744,2.11047039,4.05007725,0.02087783,2.67436905,3.83330154,0.06110278,2.55138092,4.07366018,0.01907140,1.12882380,4.29346485,-3.15712571,0.41582475,0.39524028,-4.53763237,0.49240350,3.04907703,-0.79042191,0.97155371,-3.11134796,-2.66836147
0.96308836,0.01744602,-0.12169360,0.39598283,-0.48607458,-0.05410825,0.13451488,0.67069124,-1.64223752,-0.01173224,1.14079218,-1.54614539,0.03894758,0.85944895,-1.66840272,-0.11364048,1.22733486,-1.79500382,0.91537810,0.06138749,0.33262468,0.31799390,0.08850419,0.15063693,-0.27770359,0.24217094,-0.08999990,-0.29699417,-0.27492869,0.12385540,-0.26006350,-0.19545172,-0.11841139,-0.29823622,2.35333843,3.95489321,0.00876365,0.02115505,0.99973493,0.00239429,2.26405830,3.80471487,0.04029031,2.11163502,4.04614124,0.02099973,2.62762451,3.82962112,0.05793040,2.54939842,4.07229471,0.01975768,1.17643781,4.10227680,-2.70074964,-0.08443777,-0.27453373,-6.11061382,0.54844011,2.64510775,-0.32525966,1.10104179,-4.63584118,-1.80135436
0.91876294,0.01777602,-0.09776236,0.33609690,-0.43881000,0.05704677,0.15678472,0.74736043,-1.68167207,-0.02746194,1.10612745,-1.67773113,0.05017945,0.90545090,-1.66804802,-0.09049539,1.10907419,-1.80690238,0.91537810,0.06138749,0.33262468,0.31616982,0.12025745,0.14422797,-0.27062497,0.22249683,-0.08619565,-0.29550676,-0.24491720,0.12768762,-0.26309353,-0.21129918,-0.11719970,-0.29602612,2.33485622,3.95453730,0.00431761,0.01773514,0.99983142,0.00199069,2.21400356,3.81080770,0.04554485,2.11271763,4.04165201,0.02066306,2.57924347,3.82583828,0.05307629,2.54663811,4.07086248,0.02014370,1.10552106,3.81479549,-1.89782078,-0.86441008,-1.90848811,-6.62148237,0.56221336,2.27487078,0.04431438,1.16046531,-6.03060246,-0.47179837
0.86320209,0.00822613,-0.05469894,0.29563123,-0.37767185,0.17133614,0.17770239,0.81868414,-1.70310614,-0.06236347,1.01259518,-1.80700178,0.06217720,0.94472822,-1.66081269,-0.06790727,0.96947606,-1.79081662,0.91537810,0.06138749,0.33262468,0.31500491,0.16460889,0.13341274,-0.26298083,0.20290195,-0.08225597,-0.29526231,-0.21279203,0.13174609,-0.26766612,-0.22592139,-0.11545118,-0.29457088,2.31746273,3.95433340,0.00045540,0.01474629,0.99989106,0.00045489,2.15273075,3.82107267,0.05202408,2.11463680,4.03677664,0.01974260,2.53013306,3.82239094,0.04733879,2.54349060,4.06957598,0.02043403,1.04033227,3.53139400,-0.96560519,-1.85886927,-5.09003692,-6.39818525,0.60692617,1.92184629,0.40399358,1.12062504,-7.07571125,0.96100178
0.81297770,-0.00923722,0.01865901,0.32416302,-0.17157189,0.25147890,0.19120340,0.87623996,-1.70026958,-0.11719263,0.84279716,-1.88934243,0.07751182,0.98079938,-1.64969862,-0.04991543,0.82357150,-1.75024045,0.91537810,0.06138749,0.33262468,0.31511301,0.21797006,0.11823898,-0.25584101,0.18511478,-0.08003326,-0.29656510,-0.18020822,0.13465058,-0.27347261,-0.23924560,-0.11280986,-0.29406507,2.30106640,3.95441723,0.00162165,-0.01155981,-0.99993001,0.00192701,2.08355808,3.83533096,0.05927200,2.11564159,4.03372955,0.01854791,2.48179722,3.82046890,0.04164040,2.53987122,4.06815720,0.02104793,0.60365969,2.75750732,0.33148524,-2.88383770,-9.04584599,-3.68040538,0.79658026,1.79250586,0.57337755,0.85801941,-7.31038904,2.19535589
0.77779850,-0.03956826,0.07421015,0.30009799,0.10370814,0.21019713,0.19323022,0.91926548,-1.67770727,-0.16560714,0.64032338,-1.88082860,0.09542197,1.02211409,-1.63772852,-0.04214879,0.68487931,-1.68749137,0.91537810,0.06138749,0.33262468,0.31653944,0.26735436,0.10552005,-0.25049728,0.17012261,-0.08066871,-0.29843870,-0.14886889,0.13495775,-0.28069760,-0.25252564,-0.10941054,-0.29433118,2.28548622,3.95508728,0.00068198,-0.00852714,-0.99995511,0.00407331,2.01900158,3.84738970,0.06604215,2.11471119,4.03436546,0.01810074,2.43545113,3.82134848,0.03584184,2.53711090,4.06655426,0.02220825,0.08990513,2.13892219,1.14615581,-2.39244351,-10.09077454,0.52406640,0.89333621,2.06875706,0.61629581,0.37158996,-6.92558193,3.16259027
0.75409253,-0.07640766,0.10867305,0.21685881,0.29947197,0.04038012,0.18926130,0.95438020,-1.64363563,-0.19356612,0.46585830,-1.81183407,0.11183125,1.06503172,-1.61436017,-0.04506160,0.55810190,-1.61211915,0.91537810,0.06138749,0.33262468,0.31872898,0.30661377,0.09769403,-0.24869513,0.15639079,-0.08242836,-0.30064123,-0.11960092,0.13265518,-0.28859469,-0.26719465,-0.10591095,-0.29623292,2.27038651,3.95646133,-0.00224319,-0.00631204,-0.99996682,0.00463508,1.96468868,3.85593786,0.07003385,2.11324062,4.03744087,0.01808774,2.39120827,3.82491713,0.03013429,2.53659096,4.06483707,0.02249606,-0.20122395,1.73839891,1.72847402,-1.33480358,-8.60773678,3.56265845,0.81631213,2.14680290,1.19344420,-0.16872457,-6.26485729,3.76915860
0.75224139,-0.10842580,0.12585662,0.18138926,0.36258504,-0.22318286,0.18561860,0.98389162,-1.60298471,-0.20082101,0.33711150,-1.71462924,0.12622427,1.10672805,-1.58472805,-0.05305302,0.46385455,-1.54356961,0.91537810,0.06138749,0.33262468,0.32137723,0.33502132,0.09411255,-0.25115614,0.14317482,-0.08386494,-0.30308645,-0.09735986,0.12904339,-0.29549790,-0.28242157,-0.10279800,-0.29841065,2.25537128,3.95851984,-0.00585282,-0.00447328,-0.99996931,0.00266890,1.92085209,3.86263781,0.07022109,2.11175518,4.04162683,0.01829078,2.35341187,3.82999287,0.02587933,2.53724556,4.06280918,0.02296658,-0.17331665,1.45421135,2.04855390,-0.28199420,-6.21118946,4.91647863,0.70779182,2.07076120,1.49419057,-0.40418845,-4.53509226,3.35815406
0.76500413,-0.12527437,0.12234104,0.19236846,0.38257338,-0.48258024,0.18289288,1.01005450,-1.56062188,-0.19208121,0.25883046,-1.61626604,0.13737188,1.15020401,-1.55828614,-0.06055597,0.41047060,-1.49490943,0.91537810,0.06138749,0.33262468,0.32411457,0.35210305,0.09368049,-0.25732502,0.13035830,-0.08521443,-0.30519085,-0.08427742,0.12549563,-0.30112349,-0.29757546,-0.10091157,-0.29917784,2.24015903,3.96105337,-0.00967490,-0.00253568,-0.99994826,-0.00185548,1.88770618,3.86869764,0.06678956,2.11012211,4.04675741,0.01892373,2.32396393,3.83524170,0.02299109,2.53811188,4.06084518,0.02493674,-0.13593489,1.29601824,2.11925268,0.51618643,-3.63554459,4.87350607,0.53678547,2.20564985,1.27760828,-0.36564546,-2.43783827,2.30343814
0.78012942,-0.12631266,0.09302207,0.21272349,0.37418309,-0.66090874,0.17867523,1.03099024,-1.51582193,-0.17168792,0.22282684,-1.52812481,0.14398851,1.19330549,-1.53414440,-0.06532202,0.39586470,-1.46749556,0.91537810,0.06138749,0.33262468,0.32646501,0.35916271,0.09582873,-0.26640347,0.11826320,-0.08722502,-0.30717365,-0.08031372,0.12261214,-0.30623692,-0.31227936,-0.10065503,-0.29867798,2.22469234,3.96381235,0.01345509,0.00038170,0.99987574,0.00820521,1.86400414,3.87389565,0.06006154,2.10787773,4.05296803,0.01929136,2.30298138,3.83989763,0.02022809,2.53858280,4.05932474,0.02778703,-0.22597699,1.00057840,2.26381302,1.09660149,-1.51666033,4.32716846,0.29581901,2.13540316,1.20632875,-0.21568446,-0.45819458,1.22301567
0.79756604,-0.11331972,0.03882755,0.23569640,0.30305688,-0.72404320,0.17289411,1.05056453,-1.47576258,-0.14396030,0.22316185,-1.46203730,0.14501624,1.23443236,-1.51908410,-0.06651710,0.41884633,-1.47015057,0.91537810,0.06138749,0.33262468,0.32780810,0.35695332,0.10026702,-0.27662337,0.10669688,-0.09008530,-0.30815145,-0.08491708,0.12074274,-0.30941135,-0.32500396,-0.10230301,-0.29618709,2.20886517,3.96656723,0.01653808,-0.00205106,0.99974233,0.01541262,1.84899597,3.87732983,0.05118473,2.10499039,4.05989256,0.01965665,2.29002724,3.84326906,0.01839675,2.53686275,4.05882263,0.03162101,-0.28803793,0.99223130,1.97929857,1.38808637,0.05365670,3.27387834,0.04501336,2.05654907,0.73494667,-0.05727311,1.19704690,-0.18342732
0.82207879,-0.09625687,-0.01900838,0.21910187,0.18389436,-0.69846546,0.16743138,1.07929668,-1.45154874,-0.11692812,0.24853494,-1.41849625,0.14162492,1.27694278,-1.51946032,-0.06610410,0.47113578,-1.50151210,0.91537810,0.06138749,0.33262468,0.32811006,0.34794879,0.10527618,-0.28679317,0.09452265,-0.09326780,-0.30660065,-0.09598293,0.11964110,-0.30970317,-0.33552203,-0.10531888,-0.29105836,2.19255962,3.96923218,0.01846824,-0.00435631,0.99956896,0.02240188,1.84025688,3.87959843,0.04131689,2.10229607,4.06662779,0.02150940,2.28310432,3.84542437,0.01840689,2.53244991,4.05946350,0.03705170,-0.27504354,1.46060073,1.17058172,1.33612552,1.33450369,2.10407190,-0.18188970,2.13832855,-0.08283376,0.02432558,2.66772346,-1.60175645
0.85676603,-0.08239410,-0.07000702,0.14286251,0.04634266,-0.60163139,0.16162513,1.11615317,-1.44127023,-0.09771199,0.29741998,-1.40399137,0.13326494,1.32386069,-1.54788108,-0.06493727,0.53834054,-1.54102032,0.91537810,0.06138749,0.33262468,0.32746407,0.33300051,0.10908433,-0.29544280,0.08178033,-0.09653026,-0.30289837,-0.11125061,0.11922796,-0.30877824,-0.34199067,-0.10954351,-0.28228485,2.17557030,3.97186489,0.01905333,-0.00598059,0.99939451,0.02849230,1.83691463,3.88185892,0.03202128,2.09940128,4.07288170,0.02456570,2.27987366,3.84651413,0.01868583,2.52322769,4.06181898,0.04517922,-0.28993353,1.87608142,0.45479247,0.91361301,2.54767323,0.58084340,-0.44303815,2.36435494,-1.57343814,0.05852937,3.40288906,-1.98951812
0.89952095,-0.07603501,-0.10317405,-0.01413458,-0.10747299,-0.46548908,0.15465721,1.15613968,-1.44254487,-0.08837158,0.36642787,-1.42226706,0.11678098,1.36618133,-1.61222839,-0.06466469,0.61165028,-1.58065712,0.91537810,0.06138749,0.33262468,0.32613747,0.31369622,0.11138461,-0.30089182,0.06959657,-0.09949734,-0.29792027,-0.12895038,0.11941439,-0.30672946,-0.34037592,-0.11509475,-0.27065396,2.15775909,3.97458744,0.01812589,-0.00615985,0.99926217,0.03329603,1.83736248,3.88426657,0.02524565,2.09491901,4.07848415,0.02821719,2.27850037,3.84687862,0.01940801,2.50502281,4.06683969,0.05548351,-0.36039194,1.99736872,-0.12013005,0.41545689,3.54820156,-1.09718933,-0.88039843,2.05159936,-3.42423086,0.00449824,3.68388510,-1.96901884
0.94201296,-0.07548882,-0.11267124,-0.19947569,-0.27273678,-0.34071588,0.14358367,1.17562771,-1.44144595,-0.08548433,0.44249117,-1.46127045,0.08836744,1.37031078,-1.66776454,-0.06680441,0.68209940,-1.61266065,0.91537810,0.06138749,0.33262468,0.32451800,0.29322376,0.11318679,-0.30308089,0.06208678,-0.10225828,-0.29561003,-0.14738582,0.11986581,-0.30405477,-0.33160529,-0.12193543,-0.26311150,2.13913441,3.97747660,0.01555021,-0.00457426,0.99918807,0.03688444,1.83837509,3.88617897,0.02143711,2.08474255,4.08402729,0.02890797,2.27729797,3.84708786,0.02046323,2.47881508,4.07467413,0.06140649,-0.58873498,0.77039474,0.10688066,0.10561242,3.82481551,-2.06574440,-1.51187265,-0.14322279,-2.58526301,-0.12654349,3.48465061,-1.53025377
0.97298783,-0.07844114,-0.10161179,-0.34007966,-0.47255649,-0.29399529,0.12890124,1.15382125,-1.46037731,-0.08363463,0.51532789,-1.50387955,0.05208816,1.32622690,-1.71867909,-0.07137478,0.74321308,-1.62962043,0.91537810,0.06138749,0.33262468,0.32290512,0.27297331,0.11579825,-0.30372387,0.06932652,-0.10463739,-0.29747541,-0.16602038,0.12039237,-0.30138512,-0.31308843,-0.12947284,-0.25944915,2.11983681,3.98059034,0.01074140,-0.00142090,0.99914706,0.03984658,1.83851089,3.88689194,0.01918125,2.05906086,4.09041491,0.02542971,2.27574539,3.84736271,0.02152000,2.44223919,4.08472624,0.06345597,-0.72618927,-1.07519807,-1.09473599,0.09908706,3.62824821,-2.12608194,-1.81249523,-2.24465556,-2.53967547,-0.22910203,3.04521680,-0.83624549
0.99989409,-0.08122305,-0.07637706,-0.41043392,-0.60721277,-0.33332815,0.11967226,1.13069704,-1.56113830,-0.07826337,0.57839011,-1.54151163,0.01891623,1.25675125,-1.76212554,-0.07636771,0.79766850,-1.63956177,0.91537810,0.06138749,0.33262468,0.32152078,0.25454493,0.11985105,-0.30357761,0.09201848,-0.10594953,-0.29309470,-0.18433515,0.12109941,-0.29799125,-0.29061685,-0.13595212,-0.25701708,2.10006561,3.98391771,0.00452165,0.00238323,0.99905470,0.04316912,1.83612900,3.88647614,0.01794317,2.01753178,4.09741163,0.02842608,2.27326469,3.84736519,0.02352954,2.40132885,4.09428797,0.06450371,-0.44657491,-1.24501129,-5.11550570,0.27076881,3.12330341,-1.85369821,-1.63486595,-3.52539229,-2.12789993,-0.25095435,2.70852304,-0.48560141
1.01080102,-0.07931084,-0.03820456,-0.43827226,-0.55081131,-0.41879514,0.11644892,1.07543430,-1.67772205,-0.07349160,0.63384199,-1.56936769,-0.00600978,1.16843398,-1.78915083,-0.08218295,0.84837019,-1.64559081,0.91537810,0.06138749,0.33262468,0.32062482,0.23775928,0.12377623,-0.30334019,0.12550886,-0.10565544,-0.28728982,-0.20173142,0.12171908,-0.29426394,-0.26631317,-0.14029479,-0.25685807,2.08008308,3.98738785,-0.00127885,0.00648431,0.99885856,0.04730631,1.83169212,3.88663092,0.01728462,1.96511898,4.10442972,0.03333500,2.26941090,3.84715204,0.02636088,2.35846100,4.10189142,0.06376674,-0.13085933,-2.90692077,-5.83250093,0.22818256,2.75610471,-1.35085475,-1.21130238,-4.50105963,-1.27589742,-0.29636977,2.52604270,-0.28525970
0.98968357,-0.07526889,0.00882008,-0.44784726,-0.36392693,-0.51506316,0.11839516,0.97953773,-1.78155067,-0.07121493,0.68832955,-1.58800392,-0.02330707,1.05917051,-1.79683502,-0.08826626,0.89760039,-1.64683769,0.91537810,0.06138749,0.33262468,0.32044168,0.22135772,0.12697505,-0.30297870,0.16614634,-0.10411995,-0.28004957,-0.21829381,0.12237645,-0.29095557,-0.23891473,-0.14263767,-0.25969657,2.06048660,3.99094734,-0.00532602,0.01078141,0.99855577,0.05236192,1.82707558,3.88779116,0.01746297,1.90612621,4.11185408,0.04039210,2.26480198,3.84643641,0.02948610,2.31299477,4.10784636,0.06074510,0.11870016,-5.05738263,-5.06056547,0.09928831,2.73122382,-0.88156121,-0.82357521,-5.58743858,-0.26616524,-0.30123815,2.45583606,-0.03071451
0.95076341,-0.07099254,0.05501081,-0.42046639,-0.13873940,-0.60119950,0.12190370,0.83506876,-1.84839630,-0.07036404,0.74544704,-1.59677732,-0.03380607,0.93350375,-1.78249681,-0.09414833,0.94585592,-1.64184380,0.91537810,0.06138749,0.33262468,0.32107776,0.20429005,0.12963932,-0.30253842,0.21189773,-0.10245018,-0.27188585,-0.23425315,0.12303960,-0.28859504,-0.20900111,-0.14324953,-0.26504281,2.04163837,3.99458599,-0.00718652,0.01497033,0.99816436,0.05824222,1.82368183,3.88953495,0.01853934,1.84306431,4.12093878,0.04919191,2.26002693,3.84518814,0.03248273,2.26585388,4.11260843,0.05603495,0.18035619,-7.57789469,-3.03788400,0.03555939,2.87875032,-0.36516663,-0.47761166,-6.38523769,0.87811226,-0.29355478,2.40586615,0.29628751
0.91551500,-0.06301849,0.07935600,-0.32245351,0.12705755,-0.65194348,0.12528725,0.65563749,-1.85951183,-0.06858199,0.80420811,-1.59126451,-0.03732673,0.80542765,-1.74455688,-0.10098574,0.99230142,-1.63113227,0.91537810,0.06138749,0.33262468,0.32233999,0.18646427,0.13218553,-0.30209548,0.25853338,-0.10152759,-0.26239487,-0.24894190,0.12307477,-0.28777650,-0.17898589,-0.14241522,-0.27211417,2.02361355,3.99825382,-0.00608179,0.01834335,0.99771752,0.06470147,1.82166634,3.89120588,0.02024451,1.78032360,4.13225889,0.05994513,2.25461464,3.84411764,0.03456349,2.21946335,4.11641006,0.05022582,0.16029354,-8.98144913,-0.47905252,0.09210517,2.93541503,0.29604146,-0.16664045,-6.39291334,1.91885648,-0.34348938,2.32514811,0.53573513
0.89253139,-0.05403440,0.09349057,-0.20894161,0.36835107,-0.65687146,0.12243381,0.47823795,-1.82039926,-0.06466276,0.85953863,-1.57079585,-0.03383632,0.68501830,-1.69257309,-0.10947627,1.04283009,-1.62185268,0.91537810,0.06138749,0.33262468,0.32400485,0.16864128,0.13489237,-0.30192481,0.30083361,-0.10219943,-0.25357372,-0.26314128,0.12225781,-0.28737530,-0.15019008,-0.13998772,-0.27981622,2.00607738,4.00193348,-0.00252805,0.02076555,0.99724313,0.07119368,1.82000198,3.89233522,0.02208003,1.72278919,4.14578543,0.07043113,2.24920845,3.84357443,0.03662954,2.17461128,4.11919365,0.04418862,-0.16062345,-8.80022774,2.07429011,0.20231929,2.74541163,1.07098666,0.19766708,-5.99825659,2.63032699,-0.43296304,2.55289841,0.44886588
0.88760468,-0.04281381,0.08902508,-0.13151440,0.52984722,-0.58881821,0.11194907,0.32812101,-1.74281268,-0.05843013,0.90769204,-1.53229091,-0.02223864,0.57018660,-1.62889953,-0.12164709,1.10364063,-1.61595018,0.91537810,0.06138749,0.33262468,0.32578685,0.15060796,0.13799444,-0.30263174,0.33569341,-0.10412044,-0.24791787,-0.27861592,0.12024330,-0.28637470,-0.12204165,-0.13542203,-0.28786560,1.98868752,4.00559101,0.00267691,0.02250298,0.99677042,0.07704008,1.81865902,3.89238529,0.02315511,1.67298679,4.16007137,0.07786898,2.24551086,3.84395237,0.03941216,2.13009377,4.12064562,0.03792125,-0.56464672,-7.37251806,4.02674494,0.32204960,2.37812724,2.01050215,0.61466379,-5.73022881,3.23830009,-0.62847114,3.09041524,0.29158114
0.89713359,-0.02814975,0.07346371,-0.14003446,0.66056974,-0.39399433,0.09233883,0.21353871,-1.63064985,-0.05093836,0.94956404,-1.47552474,-0.00649879,0.47028564,-1.56006064,-0.13819285,1.17348721,-1.60604036,0.91537810,0.06138749,0.33262468,0.32748801,0.13141851,0.14168017,-0.30402466,0.36235119,-0.10686925,-0.24893202,-0.29649121,0.11731754,-0.28497926,-0.09684141,-0.12931032,-0.29590748,1.97113495,4.00913944,0.00910622,0.02434631,0.99636782,0.08108950,1.81849422,3.89062824,0.02346334,1.63089123,4.17331505,0.07855598,2.24469604,3.84532623,0.04250875,2.08765106,4.12104750,0.03158052,-1.03135748,-5.50709696,5.80648708,0.37676166,2.06032920,2.93566537,0.79363419,-4.85709629,3.43897510,-0.85110698,3.53280091,0.53910823
0.90443218,-0.02042534,0.03880567,-0.19992292,0.67146879,-0.10701927,0.07112403,0.15734699,-1.51215243,-0.04518731,0.98415107,-1.41087759,0.00675282,0.41403741,-1.50713229,-0.15489036,1.24135101,-1.58673775,0.91537810,0.06138749,0.33262468,0.32879975,0.11240992,0.14529129,-0.30524889,0.37515618,-0.10870015,-0.25868075,-0.31533499,0.11486775,-0.28341144,-0.08182321,-0.12337163,-0.30324748,1.95341492,4.01257992,0.01569486,0.02678232,0.99611429,0.08241788,1.81856060,3.88784075,0.02355087,1.60135269,4.18172503,0.07011901,2.24545860,3.84722805,0.04538831,2.05448341,4.12074995,0.02555227,-1.05136240,-2.33668852,5.88904333,0.26905885,1.67313683,3.26248860,0.63437736,-2.44486022,2.48879647,-0.82448328,3.35312581,1.03724957
0.91431990,-0.02723815,-0.02971046,-0.23114361,0.60828385,0.07156053,0.04926310,0.16756011,-1.42484207,-0.04419624,1.01559889,-1.35419774,0.01488178,0.42517185,-1.49711730,-0.16675608,1.29959192,-1.57467945,0.91537810,0.06138749,0.33262468,0.32890204,0.09484127,0.14763602,-0.30501544,0.37112116,-0.11058433,-0.27354871,-0.33027640,0.11413872,-0.28044290,-0.08248843,-0.11873084,-0.30869976,1.93545551,4.01607561,0.02158444,0.02959339,0.99599220,0.08159589,1.81769466,3.88598471,0.02388661,1.58748379,4.18600349,0.05535333,2.24255238,3.84933729,0.04845915,2.03629208,4.11967745,0.02020229,-1.09163418,0.55510798,4.31700711,0.04600972,1.57340515,2.81008940,0.40106429,0.63068780,0.44033856,-0.58690680,2.90228295,0.57163806
0.92647637,-0.03636470,-0.09091116,-0.23319125,0.42610627,0.10714219,0.03185212,0.20676323,-1.37484851,-0.04451843,1.04826872,-1.31440787,0.01954418,0.48183730,-1.52423494,-0.17354386,1.34978223,-1.58251646,0.91537810,0.06138749,0.33262468,0.32795000,0.07888161,0.14937712,-0.30283714,0.35916264,-0.11214035,-0.28691552,-0.33974133,0.11477469,-0.27530142,-0.09388659,-0.11544975,-0.31115921,1.91722202,4.01967707,0.02575003,0.03232300,0.99590388,0.08042158,1.81518040,3.88505411,0.02511286,1.58097401,4.18852768,0.04103448,2.23387852,3.85137358,0.05264858,2.02857342,4.11838980,0.01679079,-0.83311032,2.02779481,2.36906271,-0.01152277,1.64064205,1.94010682,0.22537282,2.91875362,-1.42515421,-0.32050589,2.47782168,-0.43441769
0.94769172,-0.03932626,-0.14014544,-0.14875893,0.12341233,0.01782855,0.03023536,0.27145826,-1.37681503,-0.04181502,1.08183181,-1.29337971,0.02270786,0.55914749,-1.56965275,-0.17351633,1.38498876,-1.60613348,0.91537810,0.06138749,0.33262468,0.32609128,0.06469403,0.15122309,-0.29905372,0.34139740,-0.11059394,-0.29599790,-0.34333268,0.11640857,-0.26917742,-0.11096085,-0.11359485,-0.31049688,1.89854698,4.02333174,0.02712339,0.03403963,0.99583413,0.08012493,1.81026287,3.88455257,0.02703757,1.57951202,4.18764820,0.03009338,2.21855202,3.85296431,0.05691387,2.02640820,4.11749973,0.01559441,0.00222679,3.35439272,-0.35669658,0.15625275,1.67278564,0.96256391,0.15869085,3.90099459,-2.31534705,0.03176361,1.67387574,-1.25351706
0.98504827,-0.02934585,-0.15456915,0.02222257,-0.18184113,-0.12929550,0.04211020,0.35541185,-1.42118487,-0.03395646,1.10934522,-1.29291780,0.02713644,0.64012953,-1.61549087,-0.16691042,1.39712970,-1.64404633,0.91537810,0.06138749,0.33262468,0.32387037,0.05507850,0.15331685,-0.29487745,0.31975370,-0.10685765,-0.30059127,-0.33945851,0.11833187,-0.26372844,-0.13034117,-0.11274677,-0.30782762,1.87914658,4.02694731,0.02567146,0.03387908,0.99578346,0.08129259,1.79969730,3.88472385,0.02899292,1.58121643,4.18474026,0.02327910,2.19463577,3.85460730,0.06014193,2.02619610,4.11681995,0.01604275,0.64559286,4.27062368,-2.38415458,0.42339690,1.32054222,-0.09372283,0.23357141,4.05033493,-2.25165219,0.36569181,0.46284195,-1.96593473
1.02370143,-0.00579592,-0.13664221,0.21653135,-0.39991970,-0.23664847,0.05904258,0.44517407,-1.48631167,-0.02377300,1.13123286,-1.32684183,0.03362464,0.71476597,-1.65013111,-0.15517382,1.37990105,-1.69219148,0.91537810,0.06138749,0.33262468,0.32188624,0.05338663,0.15469627,-0.29023077,0.29744390,-0.10350375,-0.30122578,-0.32719911,0.12006872,-0.26042092,-0.14984067,-0.11261098,-0.30458343,1.85896969,4.03037024,0.02220127,0.03163205,0.99575057,0.08359023,1.78035259,3.88684177,0.03165548,1.58314228,4.18237400,0.02066046,2.16134644,3.85703802,0.06146532,2.02559948,4.11620712,0.01730281,0.87126929,4.50972462,-3.38107800,0.51718777,1.06568813,-1.98165166,0.33893475,3.66774893,-1.64015996,0.62043869,-1.08302593,-2.47443414
1.04297118,0.02826438,-0.11863269,0.39132139,-0.50971097,-0.22319792,0.07674380,0.53446283,-1.55096455,-0.01694389,1.14165049,-1.41275458,0.04094904,0.77820191,-1.66693096,-0.13736030,1.32965188,-1.73991008,0.91537810,0.06138749,0.33262468,0.32017766,0.06536590,0.15373172,-0.28510758,0.27524039,-0.10155397,-0.29991343,-0.30758260,0.12197093,-0.25966068,-0.16852769,-0.11336978,-0.30180743,1.83824368,4.03329725,0.01753104,0.02729689,0.99577426,0.08591376,1.74739056,3.89311218,0.03507008,1.58459301,4.18071442,0.02026424,2.12023926,3.86020060,0.06051699,2.02377090,4.11596489,0.01837023,0.87884592,4.45833263,-3.21412015,0.33464248,0.50019116,-4.34604397,0.36543137,3.15756273,-0.82433934,0.89611812,-2.54550052,-2.37371759
1.03702581,0.06008361,-0.09889571,0.49494271,-0.51913296,-0.09581414,0.08967637,0.61741183,-1.60081420,-0.01556335,1.13554621,-1.52515383,0.04734068,0.83164060,-1.67272072,-0.11681858,1.25741892,-1.77791467,0.91537810,0.06138749,0.33262468,0.31868278,0.08712829,0.15061993,-0.27959620,0.25395220,-0.10165373,-0.29853439,-0.28452891,0.12399448,-0.26047427,-0.18561537,-0.11495325,-0.29928973,1.81754055,4.03567019,0.01278656,0.02192394,0.99588323,0.08701970,1.70554371,3.90249958,0.03908657,1.58513889,4.17994308,0.02014839,2.07616730,3.86407900,0.05820851,2.02032013,4.11658840,0.01939304,0.63001598,4.11457920,-2.43706636,0.04860658,-0.36698196,-5.63279438,0.31419815,2.64313364,-0.25765370,1.02715712,-3.66627488,-1.86414952
1.01171326,0.08132603,-0.06165509,0.50076831,-0.43422667,0.10471251,0.09686970,0.68880647,-1.63090000,-0.02332164,1.10517616,-1.63769102,0.05177337,0.87706717,-1.66843519,-0.09756907,1.16678507,-1.80160329,0.91537810,0.06138749,0.33262468,0.31773980,0.11507529,0.14511905,-0.27444742,0.23469011,-0.10323173,-0.29781449,-0.25910452,0.12572654,-0.26273797,-0.20133259,-0.11700423,-0.29757957,1.79725819,4.03754759,0.00877588,0.01653604,0.99610265,0.08619201,1.65893478,3.91438713,0.04329239,1.58382454,4.17961206,0.01992531,2.03087273,3.86912384,0.05500183,2.01571674,4.11817427,0.02016024,0.33549873,3.51992917,-1.41748376,-0.43846236,-1.63762376,-5.60257339,0.21281213,2.24880829,0.25136087,0.94941164,-4.60644693,-1.11343137
0.97457125,0.09075510,-0.01333438,0.46517625,-0.28437849,0.33857934,0.09847891,0.75191625,-1.64143786,-0.04325486,1.03253756,-1.74336677,0.05506028,0.91970114,-1.65603189,-0.08149231,1.05658553,-1.80662577,0.91537810,0.06138749,0.33262468,0.31761605,0.15207879,0.13687659,-0.26932812,0.21643533,-0.10584289,-0.29807997,-0.23090410,0.12694228,-0.26672487,-0.21675344,-0.11899044,-0.29688469,1.77764683,4.03902521,0.00611627,0.01162312,0.99645542,0.08309086,1.60498505,3.92924786,0.04828793,1.58174782,4.17927694,0.01953608,1.98431740,3.87556782,0.05089118,2.01112423,4.12044439,0.02073136,0.04878723,3.12244296,-0.41822004,-1.06786228,-3.93549442,-5.23945808,0.16171041,2.12629223,0.66425795,0.78517445,-5.63087893,-0.13546228
0.93516800,0.09048432,0.03618675,0.43400660,-0.07431235,0.57258169,0.09312657,0.80760306,-1.63068020,-0.07210875,0.89355516,-1.81734228,0.06079267,0.96590734,-1.64436793,-0.07016005,0.93423778,-1.79149389,0.91537810,0.06138749,0.33262468,0.31841299,0.19990443,0.12694383,-0.26426806,0.19854289,-0.10985960,-0.29949346,-0.20104314,0.12723587,-0.27210553,-0.23209574,-0.11993476,-0.29632512,1.75879097,4.04018784,0.00537418,0.00720150,0.99693693,0.07769185,1.54162693,3.94576168,0.05414493,1.57967472,4.17949247,0.01891953,1.93768406,3.88332939,0.04630746,2.00667095,4.12270021,0.02208787,-0.32139567,2.72663331,0.69650167,-1.49630022,-7.46077490,-3.40393758,0.31239149,2.34873509,0.55375814,0.52849931,-6.17841816,0.90030664
0.90460259,0.07813052,0.07594403,0.37760311,0.07644809,0.71855428,0.08138583,0.85272310,-1.60149930,-0.09522795,0.70392892,-1.81881955,0.06957702,1.01274002,-1.63185570,-0.06639528,0.80908310,-1.75277195,0.91537810,0.06138749,0.33262468,0.32014797,0.25001005,0.11940499,-0.25966793,0.18165416,-0.11525298,-0.30162244,-0.17159727,0.12597937,-0.27867766,-0.24689497,-0.11958999,-0.29613610,1.74066505,4.04119434,0.00635043,0.00350315,0.99748481,0.07050855,1.47634029,3.95815821,0.06048004,1.57703648,4.18086243,0.01852554,1.89282742,3.89232178,0.04147031,2.00193176,4.12485199,0.02401187,-0.58948672,2.24297526,1.47195899,-1.13503563,-9.47656116,0.01941347,0.44471703,2.34457517,0.62895721,0.17747157,-6.25719194,1.96496329
0.88153629,0.05608551,0.10101157,0.28205579,0.18351747,0.70859358,0.06907596,0.88976221,-1.56365607,-0.10396577,0.52312303,-1.76036108,0.08120448,1.06031830,-1.61332181,-0.07065123,0.68345919,-1.69411955,0.91537810,0.06138749,0.33262468,0.32243322,0.29265734,0.11592606,-0.25718901,0.16582938,-0.12026351,-0.30396043,-0.14260971,0.12293233,-0.28615427,-0.26252901,-0.11780998,-0.29672463,1.72304611,4.04229984,0.00831203,0.00080449,0.99795577,0.06336047,1.41807575,3.96432390,0.06524421,1.57376118,4.18257351,0.01847279,1.84896030,3.90231590,0.03627895,1.99836845,4.12595558,0.02570858,-0.60893614,1.83627808,1.91421597,-0.39770050,-8.97584095,3.05589724,0.58230662,2.37166333,0.97018281,-0.23916845,-6.28859472,2.98759294
0.86945598,0.03010686,0.11063070,0.20119704,0.24211107,0.54749845,0.06028680,0.92169859,-1.51993184,-0.10084859,0.37281001,-1.66458890,0.09347429,1.10628071,-1.58430159,-0.08203936,0.56410010,-1.62278552,0.91537810,0.06138749,0.33262468,0.32501960,0.32637698,0.11548639,-0.25808434,0.15034171,-0.12376768,-0.30657641,-0.11513319,0.11816127,-0.29369148,-0.27944349,-0.11531583,-0.29817193,1.70574093,4.04366970,0.01083426,-0.00105827,0.99827537,0.05768696,1.36823444,3.96654377,0.06693526,1.57065525,4.18392992,0.01844319,1.80649815,3.91303387,0.03132811,1.99660664,4.12603197,0.02684766,-0.41736569,1.57714665,2.20091200,0.19602869,-7.33962822,4.89579792,0.61804706,2.29646277,1.46889770,-0.58798648,-5.89050770,3.58357120
0.86858427,0.00901286,0.09832339,0.18220776,0.26744956,0.27764386,0.05667104,0.95015841,-1.47519369,-0.09055421,0.26725785,-1.55545247,0.10580778,1.15102673,-1.55380528,-0.09456151,0.47195327,-1.55576558,0.91537810,0.06138749,0.33262468,0.32748801,0.34907851,0.11662946,-0.26325895,0.13538782,-0.12561844,-0.30896574,-0.09376143,0.11310207,-0.30015194,-0.29633713,-0.11275135,-0.29901014,1.68851147,4.04533634,0.01358479,-0.00268615,0.99841365,0.05457483,1.32880459,3.96743126,0.06422905,1.56761494,4.18495684,0.01852226,1.76939297,3.92269268,0.02733606,1.99536839,4.12513227,0.02847787,-0.15114654,1.40789711,2.23234606,0.54632122,-5.00602150,5.48327446,0.61275452,2.22679420,1.52168930,-0.61886766,-4.41266499,3.29098582
0.87137342,0.00148969,0.07008748,0.22368736,0.28600475,0.00155201,0.05703602,0.97731668,-1.43427157,-0.07416552,0.20801049,-1.45570982,0.11604889,1.19782102,-1.53042412,-0.10396293,0.41834059,-1.50716662,0.91537810,0.06138749,0.33262468,0.32954225,0.36069029,0.11913918,-0.27132643,0.12127531,-0.12654433,-0.31036398,-0.08100134,0.10874936,-0.30540997,-0.31239759,-0.11124052,-0.29792827,1.67124557,4.04715824,0.01653506,-0.00469208,0.99838442,0.05415828,1.29979420,3.96768808,0.05821582,1.56435299,4.18606520,0.01917827,1.74002266,3.93029356,0.02413228,1.99383354,4.12399387,0.03161398,0.04323586,1.35244477,2.01022625,0.86457604,-2.63511276,4.87996769,0.49309146,2.36545062,1.09946966,-0.44248354,-2.39263034,2.27574348
0.87524981,0.00670866,0.02054749,0.26804629,0.24497297,-0.17968399,0.05894940,1.00096765,-1.39477639,-0.05187323,0.19177466,-1.37689552,0.12184203,1.24070380,-1.51162937,-0.10785990,0.41219562,-1.48567479,0.91537810,0.06138749,0.33262468,0.33066672,0.36137080,0.12326451,-0.28142246,0.10799679,-0.12737466,-0.31112809,-0.07949994,0.10571706,-0.30999446,-0.32660933,-0.11145282,-0.29542724,1.65386658,4.04896908,0.01913766,-0.00725720,0.99822716,0.05588930,1.28101444,3.96672382,0.04924426,1.56072979,4.18758059,0.01953863,1.72109623,3.93505459,0.02067226,1.99085789,4.12334814,0.03523948,0.09525744,1.18375814,1.96757553,1.11786749,-0.76383788,3.90128942,0.28431949,2.14119101,0.92263699,-0.19024076,-0.25169129,1.02532330
0.88090518,0.01771145,-0.04250028,0.27518465,0.16213051,-0.25575193,0.06045915,1.02602415,-1.36090016,-0.02943081,0.20859456,-1.32818265,0.12385277,1.28210852,-1.50815036,-0.10897420,0.44534389,-1.49962480,0.91537810,0.06138749,0.33262468,0.33063703,0.35376706,0.12779699,-0.29123434,0.09466902,-0.12850943,-0.31071622,-0.08659936,0.10373856,-0.31185961,-0.33763974,-0.11296525,-0.29079130,1.63632202,4.05068703,0.02095004,-0.00997529,0.99802383,0.05839537,1.27009716,3.96488171,0.03940269,1.55723400,4.18933039,0.01992081,1.71027470,3.93758469,0.01877742,1.98480473,4.12363596,0.03984572,0.07350884,1.26083124,1.67353952,1.10735683,0.93178238,2.33175497,0.08940070,2.07019472,0.10629559,-0.05092665,1.77255955,-0.80557674
0.89466634,0.02661423,-0.10279695,0.22049502,0.04940664,-0.22017095,0.06152495,1.05696425,-1.33857911,-0.01593087,0.25818900,-1.32068756,0.12160572,1.32598996,-1.53658028,-0.10876945,0.51170446,-1.54170358,0.91537810,0.06138749,0.33262468,0.32946388,0.33877183,0.13024060,-0.29907351,0.08097377,-0.12964147,-0.30846630,-0.10125280,0.10272397,-0.31105492,-0.34319538,-0.11561847,-0.28273135,1.61846237,4.05236788,0.02165248,-0.01225874,0.99785080,0.06061904,1.26645908,3.96392212,0.03039037,1.55370979,4.19082642,0.02099758,1.70659142,3.93818550,0.01840896,1.97309399,4.12576485,0.04673253,0.05280782,1.58982885,1.04104463,0.61510071,2.62589283,0.17035388,-0.13265776,2.21892200,-1.60527549,0.01385084,3.41985846,-2.16907434
0.92293133,0.02752338,-0.14270165,0.08043685,-0.07735510,-0.10937690,0.06058846,1.09176178,-1.33424070,-0.01660042,0.33572013,-1.35509994,0.11106692,1.36319189,-1.59591784,-0.10859971,0.59437841,-1.58942225,0.91537810,0.06138749,0.33262468,0.32747728,0.31824054,0.12922573,-0.30372349,0.06889299,-0.13076067,-0.30437891,-0.12059516,0.10250240,-0.30909332,-0.34110919,-0.11976930,-0.27254375,1.60005188,4.05415316,0.02106882,-0.01331394,0.99777608,0.06182016,1.26834011,3.96502609,0.02375379,1.54775467,4.19239063,0.02309837,1.70713272,3.93760433,0.01838396,1.95329647,4.13108444,0.05493353,-0.06636522,1.73562658,0.11210202,-0.11527574,4.00975194,-1.93529319,-0.58955217,1.76845107,-3.09217477,0.00452372,4.19500132,-2.37719655
0.96513501,0.01690028,-0.14898649,-0.11899056,-0.25326573,0.00638768,0.05829894,1.10973263,-1.34679782,-0.02650762,0.42510933,-1.41501391,0.08738165,1.36309731,-1.65411115,-0.10942926,0.67765576,-1.63121843,0.91537810,0.06138749,0.33262468,0.32525638,0.29572328,0.12656168,-0.30502456,0.06446583,-0.13120236,-0.30166966,-0.14143026,0.10303687,-0.30608038,-0.33060991,-0.12577349,-0.26563913,1.58087730,4.05622673,0.01874094,-0.01255445,0.99782725,0.06190261,1.27181816,3.96704960,0.02023182,1.53306103,4.19436979,0.02358672,1.70854092,3.93655586,0.01917600,1.92446041,4.14032507,0.05961725,-0.11823601,0.73240036,-0.74440235,-0.54683781,4.52144241,-3.14337707,-1.28442180,-0.33187148,-2.83557391,-0.04948899,4.13924932,-2.03495264
1.00521402,-0.00640733,-0.13159856,-0.33121225,-0.46867881,0.01446248,0.06354627,1.11330836,-1.43613186,-0.03675528,0.50995251,-1.47671814,0.05339311,1.32092552,-1.70948102,-0.11116841,0.74669346,-1.65389895,0.91537810,0.06138749,0.33262468,0.32319388,0.27369721,0.12524691,-0.30452534,0.07844120,-0.12826049,-0.29703105,-0.16156567,0.10434460,-0.30294082,-0.31166882,-0.13295832,-0.26127233,1.56090069,4.05886412,0.01390957,-0.00957658,0.99794937,0.06174032,1.27387524,3.96823664,0.01866855,1.49883289,4.19579973,0.02616283,1.70840359,3.93543739,0.02025307,1.88655796,4.15247345,0.06192155,0.27478943,0.14176797,-4.53543797,-0.50638294,4.22079926,-3.06507516,-1.69921391,-2.14688573,-2.75125527,-0.08763876,3.42924476,-1.10813417
1.04296443,-0.02931202,-0.08827224,-0.46008678,-0.56696445,-0.07178994,0.07650994,1.08920443,-1.56263475,-0.04345402,0.58086671,-1.52385316,0.02122326,1.25453424,-1.75166848,-0.11354712,0.80222338,-1.66122994,0.91537810,0.06138749,0.33262468,0.32173856,0.25399272,0.12574490,-0.30402448,0.10636533,-0.12264521,-0.29135319,-0.18030422,0.10595901,-0.30013611,-0.29002621,-0.13911490,-0.25873348,1.54027996,4.06203794,0.00794149,-0.00539126,0.99800484,0.06240361,1.27260914,3.96889067,0.01771408,1.45001011,4.19697046,0.03038537,1.70599079,3.93445721,0.02160245,1.84536839,4.16396542,0.06300508,0.66323317,-1.29690024,-6.35315132,-0.32944673,3.51321764,-2.31173925,-1.59137189,-3.37027621,-2.06374006,-0.12192329,2.75461841,-0.34251307
1.05915121,-0.04321511,-0.04054565,-0.51842754,-0.45925264,-0.18670960,0.09470094,1.02998254,-1.68970802,-0.04871226,0.64295845,-1.55572774,-0.00421063,1.17183409,-1.77818322,-0.11734177,0.85465138,-1.66578219,0.91537810,0.06138749,0.33262468,0.32099112,0.23600983,0.12703256,-0.30366337,0.14268657,-0.11563653,-0.28428117,-0.19789791,0.10759704,-0.29687909,-0.26678453,-0.14330278,-0.25862432,1.51937962,4.06558504,0.00287826,-0.00055571,0.99793387,0.06418259,1.26904144,3.96983166,0.01732775,1.39268150,4.19854689,0.03670995,1.70186405,3.93352394,0.02411203,1.80232315,4.17353239,0.06236680,0.93172312,-3.12886605,-6.30335236,-0.25948748,3.08134651,-1.53114784,-1.23857543,-4.19667139,-1.26027480,-0.19791616,2.63413572,-0.24789761
1.04785367,-0.05049498,0.00914825,-0.55119475,-0.24559138,-0.30515618,0.11510765,0.92170212,-1.79231579,-0.05354473,0.70315325,-1.57417343,-0.02293389,1.07535000,-1.78860288,-0.12276984,0.90669384,-1.66948259,0.91537810,0.06138749,0.33262468,0.32104392,0.21831493,0.12869910,-0.30330335,0.18607128,-0.10835136,-0.27596544,-0.21424884,0.10913182,-0.29353288,-0.24166760,-0.14555653,-0.26108256,1.49870090,4.06937113,-0.00018374,0.00473023,0.99773433,0.06711032,1.26511765,3.97106686,0.01774057,1.32881546,4.20166426,0.04507848,1.69640560,3.93253117,0.02751104,1.75768394,4.18125372,0.05996136,1.02031932,-5.73683429,-4.93604374,-0.24079034,3.01401091,-0.85057633,-0.90217531,-4.90037975,-0.42549418,-0.27955455,2.58553123,-0.15621613
1.01852184,-0.05176602,0.05568076,-0.52942035,-0.02634657,-0.41492635,0.13360512,0.75955921,-1.84796703,-0.05766113,0.76417828,-1.57977986,-0.03682856,0.96529937,-1.78043354,-0.12845089,0.95635927,-1.66459513,0.91537810,0.06138749,0.33262468,0.32194400,0.20002218,0.13058672,-0.30296700,0.23446634,-0.10215952,-0.26665148,-0.22993378,0.11058116,-0.29149900,-0.21446372,-0.14651812,-0.26579539,1.47859097,4.07329130,-0.00108583,0.01002133,0.99741829,0.07109955,1.26207161,3.97238970,0.01897700,1.26098156,4.20766830,0.05529252,1.69051933,3.93122053,0.03044499,1.71166515,4.18791533,0.05614860,0.90578955,-8.48436356,-2.41016841,-0.19907622,3.05741763,-0.18778323,-0.66344160,-5.60010862,0.54661274,-0.28250635,2.46779656,0.31584975
0.98542966,-0.04484435,0.08396138,-0.42488306,0.17061157,-0.48744705,0.14541024,0.57168719,-1.83816438,-0.05876278,0.82312109,-1.56914308,-0.04394029,0.84689078,-1.75002551,-0.13399660,1.00346546,-1.64989753,0.91537810,0.06138749,0.33262468,0.32354863,0.18128538,0.13293989,-0.30285823,0.28095378,-0.09854684,-0.25721235,-0.24519893,0.11160606,-0.29116951,-0.18607835,-0.14612363,-0.27235526,1.45923328,4.07721138,0.00030754,0.01442135,0.99700890,0.07592880,1.25990925,3.97325306,0.02069040,1.19643993,4.21716194,0.06633628,1.68470669,3.92976589,0.03237912,1.66529121,4.19347572,0.05119338,0.57778085,-9.37718964,0.56342120,-0.05039490,2.93926382,0.55414579,-0.34338996,-5.91881371,1.54501953,-0.27823108,2.35513663,0.74168724
0.96221442,-0.03373800,0.10374504,-0.30811767,0.34510271,-0.50170056,0.14824075,0.40201390,-1.78189969,-0.05686541,0.87586923,-1.54169548,-0.04228262,0.73053858,-1.70396576,-0.14114165,1.05230393,-1.63274097,0.91537810,0.06138749,0.33262468,0.32566062,0.16257132,0.13566397,-0.30336236,0.32027005,-0.09715119,-0.24987512,-0.26040236,0.11172543,-0.29144969,-0.15815246,-0.14372814,-0.27993616,1.44035854,4.08106232,0.00351233,0.01780113,0.99655680,0.08090323,1.25802517,3.97341156,0.02229826,1.13996410,4.22862396,0.07578550,1.67931805,3.92877865,0.03421093,1.61963234,4.19738464,0.04572446,0.11415356,-8.38373299,2.91141105,0.10142124,2.61484385,1.42895503,0.10959559,-5.80512104,2.33641281,-0.36851850,2.46011043,0.84838051
0.96018675,-0.01627064,0.10536444,-0.24716070,0.43689470,-0.41100953,0.13781032,0.26749888,-1.69086452,-0.05287925,0.92124133,-1.49555326,-0.03152480,0.61668940,-1.64572735,-0.15266311,1.10877452,-1.61603703,0.91537810,0.06138749,0.33262468,0.32797227,0.14304767,0.13876757,-0.30486612,0.35080428,-0.09806316,-0.24756368,-0.27717105,0.11048987,-0.29115194,-0.13057792,-0.13887583,-0.28790101,1.42154217,4.08474531,0.00769777,0.02062624,0.99613347,0.08504950,1.25701237,3.97227745,0.02310615,1.09247856,4.24094124,0.08040859,1.67593174,3.92880383,0.03682033,1.57380161,4.19943686,0.04007126,-0.59938695,-6.57402954,4.70310936,0.20709035,2.23996987,2.38090734,0.57546782,-5.69240618,2.96685624,-0.59730501,2.86347604,0.84956497
0.96648786,0.00241136,0.08211545,-0.22641804,0.48131737,-0.18359322,0.11759160,0.18126363,-1.57881455,-0.04825689,0.96008894,-1.43808098,-0.01566003,0.51613309,-1.58080678,-0.16688802,1.17289162,-1.59568233,0.91537810,0.06138749,0.33262468,0.33006116,0.12313286,0.14204697,-0.30644625,0.37006331,-0.09994441,-0.25330446,-0.29649612,0.10862438,-0.28990021,-0.10614540,-0.13239973,-0.29586196,1.40256901,4.08816805,0.01229786,0.02328716,0.99585195,0.08709401,1.25658932,3.96972408,0.02361491,1.05555344,4.25100517,0.07675670,1.67562962,3.92958965,0.04016095,1.53014126,4.20006914,0.03419920,-1.03095293,-3.98068542,5.66129446,0.22969806,1.90577092,2.91311765,0.80673125,-4.89493876,3.25791383,-0.71704775,3.24237275,1.03987454
0.96860514,0.00647483,0.01727286,-0.22582743,0.49420990,0.06797031,0.09555392,0.16140467,-1.47866440,-0.04660036,0.99357331,-1.37774694,-0.00128296,0.46259490,-1.53078759,-0.17933352,1.23517013,-1.57082319,0.91537810,0.06138749,0.33262468,0.33115512,0.10381488,0.14447188,-0.30746442,0.37335253,-0.10138422,-0.26667847,-0.31603832,0.10747141,-0.28789547,-0.09293158,-0.12613505,-0.30330116,1.38350010,4.09143305,0.01700451,0.02596712,0.99575325,0.08667193,1.25618553,3.96717262,0.02369070,1.03341103,4.25607967,0.06447665,1.67608833,3.93073940,0.04325965,1.49691391,4.19952393,0.02785396,-1.11006522,-0.49472359,4.85911083,0.05387820,1.63889039,3.02556729,0.69722986,-2.27316666,2.34600282,-0.60158008,3.07728028,1.27693164
0.96417664,-0.00370118,-0.05673637,-0.21616135,0.47477933,0.18036723,0.07169441,0.18949755,-1.41085973,-0.04835030,1.02572165,-1.32801051,0.00879188,0.47172578,-1.52162044,-0.18878590,1.29573622,-1.57060769,0.91537810,0.06138749,0.33262468,0.33078799,0.08639506,0.14574627,-0.30665270,0.36430049,-0.10390078,-0.28136628,-0.33003394,0.10753288,-0.28282758,-0.09378348,-0.12117837,-0.30823940,1.36446686,4.09472189,0.02152884,0.02856254,0.99575643,0.08479281,1.25452385,3.96580868,0.02413529,1.02316875,4.25911722,0.04942171,1.67138023,3.93258028,0.04796041,1.47750854,4.19816809,0.02254859,-1.18557298,1.43660302,3.34206800,-0.08855554,1.61104620,2.46121624,0.49599009,0.52290415,0.40616366,-0.46544694,3.02530837,-0.03227235
0.96041955,-0.01791219,-0.12253659,-0.19896213,0.32142981,0.16984428,0.05613948,0.23996775,-1.38154159,-0.04970036,1.06052203,-1.29677773,0.01387890,0.52209963,-1.54518025,-0.19227613,1.34927931,-1.59243109,0.91537810,0.06138749,0.33262468,0.32922544,0.07080290,0.14686834,-0.30361280,0.34961567,-0.10528150,-0.29284647,-0.33810466,0.10913471,-0.27561263,-0.10423335,-0.11810325,-0.31006584,1.34547806,4.09813128,0.02463850,0.03090297,0.99576497,0.08300644,1.25114326,3.96514893,0.02561264,1.01835308,4.26031809,0.03637897,1.66061020,3.93406763,0.05361281,1.46797028,4.19716978,0.01915960,-0.73171364,2.58748670,1.32186842,-0.05821225,1.74839246,1.50462761,0.24323329,2.59932227,-1.24429170,-0.15074871,2.62190423,-1.09632111
0.97368691,-0.02451475,-0.16570905,-0.09162995,0.05450316,0.06345342,0.05676551,0.31130556,-1.39943535,-0.04682669,1.09382520,-1.28413107,0.01670183,0.59253571,-1.58194590,-0.18776886,1.38254507,-1.62167947,0.91537810,0.06138749,0.33262468,0.32681726,0.05804917,0.14838287,-0.29933347,0.33069218,-0.10360736,-0.29957772,-0.34038037,0.11172829,-0.26891227,-0.12046245,-0.11669699,-0.30951513,1.32622910,4.10163403,0.02531695,0.03202318,0.99577438,0.08226145,1.24440670,3.96491432,0.02748379,1.01726303,4.25857916,0.02723954,1.64340458,3.93507557,0.05790499,1.46435509,4.19676867,0.01730213,0.10104556,3.64761314,-1.07873004,0.16733912,1.63343942,0.56049440,0.14074052,3.56116657,-1.83773792,0.25781230,1.57101481,-1.52636712
1.00568391,-0.01529432,-0.16275077,0.08331447,-0.20501358,-0.06586302,0.06678670,0.39494636,-1.44801853,-0.03894339,1.12244692,-1.29677861,0.02096845,0.66779447,-1.61956291,-0.17642570,1.39039776,-1.66324661,0.91537810,0.06138749,0.33262468,0.32435548,0.05077427,0.15010370,-0.29443186,0.30947696,-0.10100607,-0.30230940,-0.33481447,0.11455824,-0.26350811,-0.13906357,-0.11620745,-0.30714404,1.30637360,4.10510349,0.02361125,0.03124103,0.99579484,0.08281997,1.23130665,3.96555386,0.02992363,1.01804390,4.25624647,0.02204608,1.61742954,3.93637733,0.06084737,1.46285057,4.19652452,0.01721145,0.52526747,4.22434721,-2.55201080,0.42060589,1.41599023,-0.81348038,0.22817393,3.77180147,-1.88990867,0.60306800,0.23077724,-2.13759611
1.03682957,0.00761236,-0.13798646,0.26256986,-0.40668282,-0.13827987,0.08084752,0.48226577,-1.51123989,-0.02957179,1.14116406,-1.34583712,0.02750590,0.73717701,-1.64821577,-0.15985708,1.36650348,-1.71227288,0.91537810,0.06138749,0.33262468,0.32228225,0.05326990,0.15099348,-0.28971069,0.28789859,-0.09897632,-0.30187785,-0.32081769,0.11722190,-0.26053591,-0.15768456,-0.11627963,-0.30404738,1.28588581,4.10834646,0.02006707,0.02852617,0.99584057,0.08417320,1.20787907,3.96851921,0.03257157,1.01883984,4.25452566,0.02040441,1.58229637,3.93862391,0.06174634,1.46094418,4.19632339,0.01823488,0.73133284,4.38160276,-3.24602342,0.47024229,0.84435934,-2.72648311,0.34215945,3.40593314,-1.33847225,0.86273068,-1.43125522,-2.49628520
1.04620399,0.03931976,-0.12048400,0.40561765,-0.51029356,-0.09209083,0.09432602,0.56909692,-1.57042232,-0.02391555,1.14681356,-1.44756045,0.03489904,0.79603921,-1.66145086,-0.13851614,1.30936785,-1.75709260,0.91537810,0.06138749,0.33262468,0.32046396,0.06985836,0.14967046,-0.28416144,0.26609005,-0.09845701,-0.30029726,-0.30017274,0.11989559,-0.26005536,-0.17551354,-0.11708148,-0.30125404,1.26505547,4.11104517,0.01535749,0.02406212,0.99595597,0.08518728,1.17070332,3.97547560,0.03630252,1.01964626,4.25342503,0.02016670,1.54039345,3.94173002,0.06040859,1.45796013,4.19649029,0.01920992,0.66738406,4.33183746,-2.93852639,0.27564478,0.25772236,-5.11907768,0.36856317,2.92886114,-0.64532514,1.06891692,-2.89096618,-2.22626474
1.03203264,0.06639404,-0.09533186,0.46668852,-0.49767084,0.05371634,0.10303394,0.64775877,-1.61378617,-0.02433610,1.13319256,-1.56491308,0.04120251,0.84578019,-1.66422124,-0.11684511,1.22967825,-1.79042771,0.91537810,0.06138749,0.33262468,0.31895750,0.09453798,0.14633614,-0.27839763,0.24560460,-0.09962703,-0.29890664,-0.27614374,0.12232535,-0.26124680,-0.19192057,-0.11848549,-0.29889631,1.24442062,4.11319304,0.01073789,0.01899907,0.99615871,0.08480308,1.12646084,3.98498545,0.04055987,1.01924114,4.25298347,0.02005085,1.49585304,3.94585924,0.05771070,1.45363808,4.19745674,0.02006119,0.42039610,3.89999905,-2.11298113,-0.04595886,-0.74999278,-5.85936737,0.30974466,2.46707916,-0.11601878,1.07750266,-4.03909478,-1.62551296
1.00148361,0.08218898,-0.05396099,0.46036167,-0.38077086,0.25792933,0.10665327,0.71573828,-1.63760161,-0.03478329,1.08993804,-1.67747624,0.04579909,0.89002763,-1.65846114,-0.09793688,1.13103511,-1.80754786,0.91537810,0.06138749,0.33262468,0.31809620,0.12568857,0.14052395,-0.27304723,0.22693781,-0.10191100,-0.29829794,-0.24960812,0.12418964,-0.26411191,-0.20734860,-0.12019509,-0.29735182,1.22432079,4.11487446,0.00716723,0.01408223,0.99647087,0.08243857,1.07722721,3.99694195,0.04504897,1.01724014,4.25273027,0.01979826,1.45009785,3.95131407,0.05398429,1.44861755,4.19932127,0.02074438,0.16008022,3.35833859,-1.10571090,-0.57276353,-2.32117491,-5.59678984,0.22361786,2.19737568,0.32830952,0.92988060,-5.01246185,-0.77634280
0.96157613,0.08826479,-0.00179894,0.43682173,-0.20204213,0.48854575,0.10474690,0.77685069,-1.64081683,-0.05643569,0.99291761,-1.77585757,0.05018283,0.93472339,-1.64800138,-0.08291858,1.01424491,-1.80476241,0.91537810,0.06138749,0.33262468,0.31815395,0.16742748,0.13224604,-0.26776929,0.20872860,-0.10521130,-0.29884366,-0.22043133,0.12531706,-0.26872604,-0.22273397,-0.12164944,-0.29646553,1.20495815,4.11615925,0.00523621,0.00954850,0.99690724,0.07782912,1.01902599,4.01151600,0.05038466,1.01509895,4.25250635,0.01931029,1.40325603,3.95813303,0.04942791,1.44388046,4.20174627,0.02168842,-0.12968936,3.02758574,-0.03981971,-1.14426787,-5.23023152,-4.80861521,0.22326961,2.25426722,0.52967977,0.72754691,-5.94067497,0.25866364
0.92490364,0.08466873,0.04573861,0.40437863,0.00485564,0.70493038,0.09574718,0.82915217,-1.62270975,-0.08296983,0.83070481,-1.82768714,0.05765348,0.98244274,-1.63790119,-0.07371883,0.88995385,-1.78182709,0.91537810,0.06138749,0.33262468,0.31913900,0.21756144,0.12328874,-0.26276600,0.19110189,-0.11000024,-0.30051629,-0.19049132,0.12520951,-0.27454785,-0.23790010,-0.12187705,-0.29586309,1.18631935,4.11715317,0.00524950,0.00548392,0.99744208,0.07107506,0.95346928,4.02597237,0.05637301,1.01275349,4.25314903,0.01862271,1.35712337,3.96618843,0.04459116,1.43910217,4.20405149,0.02327591,-0.50373405,2.54098153,1.05810642,-1.34470022,-8.57295799,-2.18118668,0.40236062,2.40646338,0.49806830,0.41348574,-6.23897886,1.28856885
0.89704023,0.06880889,0.08101121,0.33586991,0.12822314,0.79257027,0.08222166,0.87067778,-1.58979008,-0.09860997,0.63803107,-1.80465219,0.06863214,1.03142319,-1.62633579,-0.07264473,0.76389441,-1.73509350,0.91537810,0.06138749,0.33262468,0.32098370,0.26585245,0.11794820,-0.25854228,0.17476340,-0.11566649,-0.30263472,-0.16112685,0.12339775,-0.28151826,-0.25294803,-0.12065767,-0.29560717,1.16835728,4.11805201,0.00669904,0.00223597,0.99798004,0.06313447,0.88975754,4.03455658,0.06244142,1.00956821,4.25482559,0.01834897,1.31264400,3.97532778,0.03946544,1.43449707,4.20586195,0.02537653,-0.67624905,2.06595681,1.65821731,-0.76208169,-9.61305885,1.23666563,0.55313886,2.44714141,0.59330176,0.04163494,-6.30698252,2.36705298
0.87672223,0.04518621,0.10424942,0.24493957,0.21995788,0.72385897,0.06978883,0.90536044,-1.54885118,-0.10107398,0.46439917,-1.72835963,0.08191419,1.07912316,-1.60423644,-0.07987852,0.63729265,-1.66923881,0.91537810,0.06138749,0.33262468,0.32336465,0.30585417,0.11614582,-0.25712003,0.15911415,-0.12049880,-0.30504194,-0.13200118,0.11962146,-0.28926204,-0.26911683,-0.11816837,-0.29661467,1.15085278,4.11909189,0.00900186,-0.00007248,0.99840131,0.05580138,0.83396034,4.03775425,0.06624463,1.00615826,4.25657196,0.01832271,1.26870098,3.98550520,0.03410261,1.43146210,4.20653353,0.02674998,-0.61084945,1.71732247,2.06596749,-0.09106476,-8.59431515,3.92261376,0.66610545,2.38159823,1.13514796,-0.38441784,-6.31545687,3.33207870
0.86892849,0.02055196,0.10682626,0.18734009,0.25778208,0.50987251,0.06205988,0.93516693,-1.50362570,-0.09434744,0.32798801,-1.62363696,0.09587738,1.12559297,-1.57521265,-0.09223679,0.52508751,-1.59675994,0.91537810,0.06138749,0.33262468,0.32591389,0.33604431,0.11655750,-0.25956084,0.14389620,-0.12360879,-0.30762584,-0.10613155,0.11456316,-0.29649554,-0.28615775,-0.11514311,-0.29783691,1.13356934,4.12039738,0.01167490,-0.00177460,0.99865605,0.05046421,0.78748932,4.03829956,0.06635305,1.00286293,4.25787859,0.01828805,1.22761497,3.99572163,0.02941836,1.42987423,4.20611553,0.02807698,-0.36099260,1.47518337,2.26609468,0.36396099,-6.62290869,5.30446196,0.70096480,2.31798911,1.46007288,-0.62370170,-5.49555264,3.61149621
0.86948813,0.00436825,0.08944935,0.19609950,0.27694206,0.21901968,0.05966431,0.96327462,-1.46080997,-0.08177347,0.23928385,-1.51646514,0.10872629,1.17149007,-1.54823391,-0.10356179,0.44656092,-1.53615007,0.91537810,0.06138749,0.33262468,0.32824864,0.35476075,0.11820225,-0.26578564,0.12928513,-0.12520671,-0.30949991,-0.08771983,0.10974357,-0.30228246,-0.30267583,-0.11261487,-0.29789369,1.11631088,4.12193794,0.01451551,-0.00353417,0.99873911,0.04792705,0.75186882,4.03821850,0.06246300,0.99959755,4.25893927,0.01874873,1.19312897,4.00430546,0.02596619,1.42837238,4.20507870,0.03035495,-0.09189945,1.40353763,2.11186838,0.65953827,-4.15578661,5.31475306,0.62849742,2.29462886,1.31960237,-0.55012892,-3.70424767,2.92424989
0.87075051,0.00123640,0.05585222,0.24757707,0.28197751,-0.03731939,0.06050742,0.98733479,-1.41867113,-0.06343207,0.19448406,-1.42004502,0.11860003,1.21576476,-1.52453315,-0.11050304,0.40889472,-1.49456632,0.91537810,0.06138749,0.33262468,0.33006611,0.36263191,0.12114585,-0.27510630,0.11576950,-0.12615392,-0.31090452,-0.07882734,0.10589901,-0.30754732,-0.31808493,-0.11138873,-0.29667999,1.09902668,4.12355661,0.01744422,-0.00579464,0.99868151,0.04793073,0.72647476,4.03763056,0.05495981,0.99584675,4.26019955,0.01916160,1.16736984,4.01060724,0.02251880,1.42630291,4.20402861,0.03338613,0.06060294,1.16345632,2.11463213,0.95932466,-1.94065678,4.73540735,0.47090915,2.19762325,1.16692531,-0.31128553,-1.58574688,1.94204795
0.87364335,0.00881613,-0.00163735,0.27933982,0.22652216,-0.18817185,0.06185025,1.01064198,-1.38087428,-0.04026916,0.19099388,-1.35095496,0.12380214,1.25782375,-1.51042514,-0.11242813,0.41825866,-1.48485806,0.91537810,0.06138749,0.33262468,0.33077316,0.36005177,0.12561834,-0.28534776,0.10270238,-0.12729226,-0.31122894,-0.08086760,0.10340788,-0.31147787,-0.33119431,-0.11191636,-0.29351439,1.08164005,4.12511492,0.01985380,-0.00850570,0.99852786,0.04975531,0.71091118,4.03579893,0.04542540,0.99205894,4.26195908,0.01954422,1.15186100,4.01420155,0.01929528,1.42229557,4.20365639,0.03725877,0.06620572,1.16815698,1.88140714,1.15747445,-0.12720268,3.40863967,0.25462297,2.09970045,0.68179746,-0.09352254,0.53184270,0.41915843
0.88142493,0.01911627,-0.06630159,0.26435272,0.12874737,-0.22329897,0.06256264,1.03643067,-1.34977286,-0.02022489,0.22059415,-1.31674671,0.12500323,1.29890852,-1.51694803,-0.11262098,0.46807052,-1.51477306,0.91537810,0.06138749,0.33262468,0.33027815,0.34942481,0.12964228,-0.29465425,0.08939782,-0.12868351,-0.31028496,-0.09151184,0.10191719,-0.31187095,-0.34021015,-0.11368504,-0.28790623,1.06404591,4.12659082,0.02131864,-0.01115627,0.99835921,0.05196094,0.70309143,4.03376474,0.03562390,0.98842964,4.26382637,0.01999319,1.14453182,4.01575966,0.01840720,1.41418552,4.20449772,0.04237192,0.03399275,1.30026186,1.53029382,0.97438176,1.57438664,1.59090886,0.04745739,2.06074190,-0.41443773,-0.00598007,2.57684317,-1.56070940
0.90028206,0.02484825,-0.12134929,0.16934176,0.00320011,-0.15384024,0.06257302,1.07105398,-1.33644457,-0.01256404,0.28303370,-1.32816427,0.12053172,1.34336960,-1.56204448,-0.11203460,0.54274733,-1.56178439,0.91537810,0.06138749,0.33262468,0.32872138,0.33185409,0.13066251,-0.30120776,0.07603016,-0.12993666,-0.30687867,-0.10830548,0.10135961,-0.31035686,-0.34265442,-0.11676261,-0.27835568,1.04605064,4.12807312,0.02153498,-0.01298475,0.99824852,0.05354932,0.70217247,4.03348122,0.02751362,0.98428516,4.26536531,0.02184272,1.14295025,4.01575966,0.01836452,1.39918804,4.20769434,0.05036570,-0.00324771,1.79785676,0.53823705,0.31487140,3.26162429,-0.78812878,-0.25510703,2.24381003,-2.46397142,0.02978665,3.80998983,-2.39161048
0.93463389,0.02035977,-0.14691927,0.00372195,-0.13084208,-0.03560299,0.05981158,1.09844575,-1.33204646,-0.01782676,0.36687311,-1.37450035,0.10482900,1.36695526,-1.61907902,-0.11204431,0.62645266,-1.60746801,0.91537810,0.06138749,0.33262468,0.32659782,0.31022853,0.12872159,-0.30452079,0.06588598,-0.13114896,-0.30366566,-0.12836357,0.10153485,-0.30803241,-0.33779815,-0.12162364,-0.26956934,1.02740784,4.12973080,0.02038475,-0.01329712,0.99824310,0.05402187,0.70514832,4.03507462,0.02207703,0.97598934,4.26719770,0.02293216,1.14412327,4.01499615,0.01856541,1.37631512,4.21436892,0.05702848,-0.16202329,1.23058176,0.25878093,-0.32420047,4.26632190,-2.44873788,-0.86591646,0.94977226,-2.76195836,-0.00691438,4.19940214,-2.22985978
0.97635678,0.00490103,-0.14453436,-0.20407001,-0.33440710,0.05135163,0.05825033,1.11444902,-1.36884117,-0.02911447,0.45580712,-1.43709767,0.07616644,1.35103500,-1.67490220,-0.11299526,0.70445061,-1.64124513,0.91537810,0.06138749,0.33262468,0.32440251,0.28776666,0.12618461,-0.30502896,0.06656157,-0.13091637,-0.30012250,-0.14893013,0.10243062,-0.30519369,-0.32427252,-0.12828845,-0.26395112,1.00800705,4.13173389,0.01725874,-0.01171125,0.99834388,0.05361414,0.70841789,4.03697872,0.01937355,0.95579624,4.26900578,0.02428001,1.14515591,4.01399517,0.01920882,1.34411812,4.22468519,0.06045139,-0.05408495,0.75578207,-2.27110147,-0.59410322,4.46047068,-3.22651124,-1.52233636,-1.07631683,-2.82392955,-0.05374521,3.83575535,-1.59695137
1.01438753,-0.02099449,-0.11721359,-0.38747405,-0.52649777,0.01675979,0.06594126,1.10865808,-1.47562330,-0.03785870,0.53501779,-1.49366889,0.04084347,1.29792826,-1.72518177,-0.11459849,0.76690083,-1.65691421,0.91537810,0.06138749,0.33262468,0.32254295,0.26668188,0.12571164,-0.30443740,0.08632576,-0.12695219,-0.29531329,-0.16833299,0.10404548,-0.30221418,-0.30398410,-0.13549271,-0.26033866,0.98785076,4.13433857,0.01182111,-0.00815393,0.99846862,0.05342461,0.70929489,4.03775043,0.01810556,0.91553974,4.26976423,0.02722966,1.14414253,4.01295347,0.02032877,1.30453854,4.23667850,0.06220430,0.39405966,-0.33127496,-5.38353491,-0.43201515,3.93997679,-2.80618982,-1.76164377,-2.68654752,-2.49363308,-0.08133736,3.10381484,-0.76165719
1.04528153,-0.04047612,-0.07078093,-0.48303875,-0.54596702,-0.08669310,0.08008632,1.07267294,-1.60437610,-0.04355968,0.60117794,-1.53461466,0.00987562,1.22495787,-1.76096883,-0.11714318,0.81985776,-1.66190856,0.91537810,0.06138749,0.33262468,0.32135495,0.24794297,0.12670884,-0.30396940,0.11764929,-0.12090453,-0.28936477,-0.18648364,0.10581746,-0.29934337,-0.28180545,-0.14120301,-0.25867808,0.96715794,4.13739853,0.00604539,-0.00366368,0.99850314,0.05423561,0.70695343,4.03828011,0.01738555,0.86329098,4.27033052,0.03199018,1.14108810,4.01201200,0.02201158,1.26259518,4.24725952,0.06267686,0.72422903,-1.89256079,-6.43520117,-0.28059865,3.28028488,-2.00288911,-1.52736304,-3.69110141,-1.74615378,-0.13077046,2.64639306,-0.25195455
1.05148352,-0.05154584,-0.02377063,-0.52940537,-0.38748455,-0.20844092,0.09921795,0.99837965,-1.72457519,-0.04823051,0.66062195,-1.56087685,-0.01380251,1.13757350,-1.78167834,-0.12117849,0.87245384,-1.66702693,0.91537810,0.06138749,0.33262468,0.32087975,0.23059208,0.12829973,-0.30359815,0.15636638,-0.11365984,-0.28195596,-0.20357457,0.10758142,-0.29589323,-0.25796290,-0.14485223,-0.25945998,0.94636173,4.14076138,0.00170870,0.00135791,0.99841545,0.05623011,0.70282154,4.03916559,0.01728160,0.80374680,4.27126036,0.03892379,1.13656883,4.01100149,0.02498652,1.21895828,4.25573158,0.06141978,0.97249479,-3.91113758,-5.92929363,-0.23214012,2.96048403,-1.25507207,-1.15306814,-4.42819376,-0.97109834,-0.20959978,2.62910247,-0.25268411
1.03261201,-0.05683857,0.02606896,-0.54979470,-0.16450792,-0.32886382,0.11934053,0.87112480,-1.81261759,-0.05271222,0.71965165,-1.57450175,-0.03127492,1.03657424,-1.78585739,-0.12645117,0.92421199,-1.66862285,0.91537810,0.06138749,0.33262468,0.32124606,0.21317379,0.13013843,-0.30320838,0.20190248,-0.10655718,-0.27335369,-0.21960776,0.10924330,-0.29287693,-0.23208887,-0.14673497,-0.26271348,0.92593060,4.14432678,-0.00049401,0.00672713,0.99821184,0.05939376,0.69883022,4.04038210,0.01803768,0.73808670,4.27407160,0.04789237,1.13103638,4.00981550,0.02836913,1.17378044,4.26250820,0.05853258,1.00012496,-6.69588423,-4.16121311,-0.22359604,2.95905781,-0.61290979,-0.84240196,-5.12713575,-0.10802507,-0.26817333,2.58022904,-0.04780626
1.00039032,-0.05464723,0.06540356,-0.50412138,0.04488616,-0.43237243,0.13671622,0.69706595,-1.84900975,-0.05599535,0.77928281,-1.57525218,-0.04391905,0.92326266,-1.77081275,-0.13206238,0.97290397,-1.65914464,0.91537810,0.06138749,0.33262468,0.32237300,0.19508549,0.13219572,-0.30291732,0.25053113,-0.10087015,-0.26375907,-0.23527837,0.11060261,-0.29161432,-0.20433296,-0.14744755,-0.26799822,0.90612698,4.14797306,-0.00060586,0.01185084,0.99790718,0.06356455,0.69584846,4.04159164,0.01945569,0.67041492,4.27980804,0.05861393,1.12547493,4.00841904,0.03075868,1.12751293,4.26831007,0.05437478,0.84431732,-9.00441170,-1.42355907,-0.15241517,2.98378563,0.05705595,-0.59953290,-5.75011587,0.89400524,-0.28167576,2.40777588,0.56865692
0.96797696,-0.04530678,0.09139546,-0.38800359,0.23721992,-0.49201773,0.14586839,0.51111592,-1.82081494,-0.05566817,0.83589927,-1.55912020,-0.04825801,0.80496632,-1.73426986,-0.13787048,1.02028883,-1.64276235,0.91537810,0.06138749,0.33262468,0.32417232,0.17657530,0.13480174,-0.30297519,0.29522344,-0.09799086,-0.25474199,-0.25049558,0.11139073,-0.29165940,-0.17596458,-0.14646850,-0.27497569,0.88706970,4.15157423,0.00152255,0.01590995,0.99752717,0.06844046,0.69373665,4.04215450,0.02119713,0.60799789,4.28897152,0.06943033,1.12000256,4.00701208,0.03251292,1.08139133,4.27263479,0.04919663,0.44769519,-9.26114635,1.47105355,0.01987798,2.82161283,0.83125155,-0.20404131,-5.90868235,1.84836946,-0.29310929,2.37307239,0.81847566
0.95091277,-0.03150456,0.10516502,-0.28791759,0.38287392,-0.47662078,0.14565925,0.35323170,-1.75238495,-0.05294662,0.88576783,-1.52512572,-0.04344761,0.69038190,-1.68395777,-0.14636388,1.07146490,-1.62659523,0.91537810,0.06138749,0.33262468,0.32638663,0.15778812,0.13766508,-0.30391153,0.33153338,-0.09712346,-0.24869283,-0.26594242,0.11106700,-0.29175153,-0.14831674,-0.14328932,-0.28269193,0.86836967,4.15506563,0.00517889,0.01906689,0.99712309,0.07317901,0.69215736,4.04193745,0.02247510,0.55458908,4.29959621,0.07769380,1.11522579,4.00632658,0.03463510,1.03603420,4.27514181,0.04369470,-0.05450195,-7.79532433,3.51728568,0.14242641,2.47199879,1.75508444,0.26748073,-5.72277308,2.54717135,-0.43800328,2.57756686,0.80939764
0.95244161,-0.01155046,0.10018241,-0.24141237,0.45172027,-0.33999161,0.13108817,0.23402100,-1.65225480,-0.04843211,0.92870874,-1.47460334,-0.03024947,0.57855048,-1.62191570,-0.15893910,1.13050854,-1.60856321,0.91537810,0.06138749,0.33262468,0.32867354,0.13814282,0.14090376,-0.30558862,0.35851307,-0.09858752,-0.24889955,-0.28357283,0.10954063,-0.29121600,-0.12117795,-0.13774392,-0.29069148,0.84964428,4.15832233,0.00952181,0.02181177,0.99677307,0.07666176,0.69153824,4.04025545,0.02308491,0.51047668,4.31069183,0.07977398,1.11307831,4.00661469,0.03745753,0.99050159,4.27586679,0.03798206,-0.78408393,-5.77157202,5.13193674,0.23095688,2.12062740,2.58067689,0.68986311,-5.57693586,3.15626884,-0.64291223,2.99333072,0.91816658
0.95806763,0.00374451,0.06266347,-0.23412243,0.46876648,-0.08691262,0.11066152,0.16960186,-1.54174130,-0.04453637,0.96532750,-1.41637628,-0.01441191,0.48999121,-1.55848033,-0.17203316,1.19410927,-1.58532650,0.91537810,0.06138749,0.33262468,0.33048853,0.11854230,0.14397154,-0.30706679,0.37256678,-0.10015994,-0.25746090,-0.30332153,0.10803341,-0.28974007,-0.09971948,-0.13123131,-0.29857055,0.83076534,4.16131687,0.01404804,0.02448585,0.99657262,0.07775678,0.69125061,4.03756018,0.02342174,0.47833939,4.31826897,0.07302763,1.11356468,4.00736980,0.04074847,0.94970303,4.27541971,0.03191798,-1.02435822,-2.86200418,5.50407839,0.18336822,1.79413452,2.93384147,0.78831594,-4.20987635,3.13153529,-0.64573997,3.18445849,1.19731654
0.95747236,0.00152597,-0.00805209,-0.22420617,0.47549277,0.12757070,0.08817887,0.16705148,-1.45175207,-0.04434982,0.99819118,-1.35876870,-0.00118326,0.45459068,-1.51817012,-0.18268804,1.25297284,-1.56202018,0.91537810,0.06138749,0.33262468,0.33114275,0.09968844,0.14588687,-0.30772458,0.37145452,-0.10184772,-0.27170639,-0.32167946,0.10738077,-0.28739688,-0.09075412,-0.12533838,-0.30549195,0.81184387,4.16422749,0.01857326,0.02712161,0.99651384,0.07667865,0.69088936,4.03542233,0.02341817,0.46049118,4.32203341,0.05943636,1.11316299,4.00861549,0.04374588,0.92080784,4.27410412,0.02565081,-1.14317977,0.31169233,4.30501699,-0.02205536,1.62403452,2.86293960,0.63712460,-1.34748268,1.80437553,-0.51283389,2.89359546,1.14827144
0.95112808,-0.01156974,-0.07908433,-0.22551414,0.42663676,0.19838760,0.06531741,0.20227299,-1.39534025,-0.04691706,1.03117385,-1.31535349,0.00733740,0.47962306,-1.52131124,-0.19006989,1.31131988,-1.56925356,0.91537810,0.06138749,0.33262468,0.33035735,0.08291333,0.14685679,-0.30626542,0.36045393,-0.10447386,-0.28549808,-0.33373330,0.10804116,-0.28150482,-0.09529399,-0.12091941,-0.30946207,0.79300613,4.16721792,0.02264319,0.02974099,0.99651119,0.07462040,0.68897667,4.03447981,0.02409193,0.45233192,4.32464380,0.04485927,1.10672703,4.01027842,0.04885253,0.90538025,4.27245340,0.02089528,-1.12891774,1.78894820,2.76768043,-0.12749652,1.65353239,2.14520051,0.41836673,1.30901089,-0.20218132,-0.36041126,2.90954423,-0.39751049
0.95089601,-0.02500777,-0.13745427,-0.18205628,0.23017618,0.15203918,0.05465373,0.25817661,-1.38040361,-0.04778395,1.06647563,-1.29019046,0.01124769,0.53895967,-1.55061307,-0.19089434,1.36001382,-1.59506943,0.91537810,0.06138749,0.33262468,0.32849284,0.06786332,0.14789713,-0.30278680,0.34455739,-0.10494377,-0.29553948,-0.34008236,0.11009983,-0.27400494,-0.10827688,-0.11843570,-0.31058956,0.77415085,4.17033949,0.02489080,0.03183158,0.99651184,0.07301609,0.68524857,4.03404799,0.02570605,0.44880333,4.32487745,0.03295337,1.09431286,4.01136065,0.05448791,0.89868774,4.27153959,0.01790328,-0.48198191,2.86263776,0.59663053,-0.03066762,1.76628530,1.20342913,0.18774123,3.02291226,-1.50107133,-0.01905334,2.37720232,-1.29741085
0.97145407,-0.02691186,-0.16633350,-0.04328458,-0.03228710,0.03174669,0.05907938,0.33333390,-1.41028950,-0.04363047,1.09898121,-1.28344960,0.01428792,0.61200109,-1.59035146,-0.18424748,1.38710084,-1.62752309,0.91537810,0.06138749,0.33262468,0.32602033,0.05611354,0.14941362,-0.29834029,0.32501062,-0.10273175,-0.30077335,-0.34050520,0.11281238,-0.26744540,-0.12536593,-0.11737821,-0.30912902,0.75490074,4.17351151,0.02473612,0.03241110,0.99652709,0.07260440,0.67751007,4.03392696,0.02768004,0.44843998,4.32273455,0.02524698,1.07521267,4.01204729,0.05857493,0.89610538,4.27126379,0.01689131,0.26977233,3.81548729,-1.64211700,0.23252413,1.59492433,0.26226566,0.15885730,3.67695498,-2.01932569,0.36271778,1.25327102,-1.67582548
1.00580128,-0.01320384,-0.15187494,0.13606030,-0.26703250,-0.08564982,0.07029714,0.41619887,-1.46296833,-0.03496813,1.12623155,-1.30536308,0.01927114,0.68455720,-1.62590716,-0.17166700,1.38720040,-1.67081203,0.91537810,0.06138749,0.33262468,0.32373179,0.05088067,0.15098771,-0.29331535,0.30411776,-0.10028960,-0.30251679,-0.33294971,0.11552235,-0.26265390,-0.14369975,-0.11703032,-0.30641340,0.73498955,4.17658367,0.02242531,0.03106084,0.99656736,0.07338817,0.66235390,4.03477325,0.03041643,0.44903240,4.32071600,0.02121500,1.04721088,4.01312494,0.06107789,0.89440670,4.27109232,0.01731839,0.58031874,4.16270247,-2.71404772,0.45335531,1.34031904,-1.30744018,0.26174500,3.59806800,-1.70355167,0.65798498,-0.16381644,-2.21965721
1.03422113,0.01217472,-0.12765838,0.30702803,-0.44044918,-0.12964903,0.08460140,0.50188458,-1.52557564,-0.02611108,1.14141643,-1.36263525,0.02610972,0.74998534,-1.64965510,-0.15444355,1.35610211,-1.71983099,0.91537810,0.06138749,0.33262468,0.32182437,0.05595456,0.15145450,-0.28884815,0.28286612,-0.09852960,-0.30173359,-0.31738366,0.11805026,-0.26028378,-0.16193355,-0.11723122,-0.30352356,0.71448803,4.17935944,0.01851074,0.02789952,0.99664363,0.07470237,0.63644600,4.03801298,0.03297623,0.44960403,4.31920862,0.02009078,1.01057053,4.01503229,0.06154059,0.89217567,4.27097130,0.01830082,0.73636287,4.30276537,-3.18959689,0.43468043,0.64968818,-3.11131215,0.35419050,3.21499562,-1.10643625,0.89312190,-1.78249586,-2.48064256
1.03810367,0.04343675,-0.11215506,0.43515804,-0.50783152,-0.05765565,0.09679002,0.58657848,-1.58096633,-0.02150107,1.14313354,-1.46973674,0.03354405,0.80562708,-1.65982485,-0.13337473,1.29390852,-1.76270850,0.91537810,0.06138749,0.33262468,0.32011827,0.07467684,0.14970091,-0.28329185,0.26139392,-0.09850997,-0.30018596,-0.29589675,0.12053809,-0.26025385,-0.17925126,-0.11811864,-0.30087046,0.69376297,4.18155136,0.01378612,0.02318906,0.99679020,0.07537579,0.59734440,4.04483833,0.03682642,0.45023441,4.31839008,0.01993231,0.96807384,4.01772871,0.05986442,0.88879032,4.27125845,0.01924780,0.60270054,4.22343469,-2.74731140,0.22277104,0.05949211,-5.37714767,0.37024778,2.76849151,-0.49241347,1.05372140,-3.14144301,-2.12869546
1.01864855,0.06761053,-0.08660028,0.47699349,-0.46366817,0.10275658,0.10416541,0.66234716,-1.61969633,-0.02355641,1.12447977,-1.58630917,0.03970029,0.85315928,-1.66030383,-0.11290454,1.21063807,-1.79358060,0.91537810,0.06138749,0.33262468,0.31873394,0.10051867,0.14593341,-0.27761747,0.24145610,-0.10000712,-0.29894057,-0.27128644,0.12268853,-0.26180515,-0.19522164,-0.11953403,-0.29874372,0.67335281,4.18321552,0.00943896,0.01809082,0.99701207,0.07450204,0.55222263,4.05387859,0.04111646,0.44948215,4.31806507,0.01979337,0.92334347,4.02149515,0.05692878,0.88419857,4.27234430,0.01999022,0.35428975,3.75548148,-1.88100810,-0.13077404,-1.00457946,-5.81296158,0.30237511,2.36349235,-0.00741004,1.01612079,-4.21547093,-1.49945061
0.98482509,0.08125549,-0.04336557,0.46167654,-0.32959301,0.31300367,0.10658231,0.72821496,-1.63904192,-0.03637986,1.07297993,-1.69649782,0.04427290,0.89724060,-1.65375967,-0.09535185,1.10828662,-1.80725415,0.91537810,0.06138749,0.33262468,0.31804835,0.13331209,0.13957160,-0.27231804,0.22312941,-0.10250687,-0.29852728,-0.24411156,0.12427490,-0.26508356,-0.21051960,-0.12118035,-0.29732539,0.65355282,4.18443604,0.00631415,0.01323349,0.99732700,0.07158121,0.50165749,4.06535559,0.04573030,0.44736900,4.31778755,0.01952106,0.87739143,4.02654057,0.05296478,0.87923355,4.27427692,0.02072296,0.10021912,3.26028562,-0.88441939,-0.69283897,-2.75967102,-5.47691298,0.22366797,2.19579220,0.36436129,0.86323702,-5.20448494,-0.60000086
0.94392879,0.08513359,0.00846073,0.43589696,-0.13906249,0.54245878,0.10321003,0.78747375,-1.63746417,-0.05981985,0.96293879,-1.78763800,0.04931377,0.94328672,-1.64389167,-0.08187063,0.98953977,-1.80073316,0.91537810,0.06138749,0.33262468,0.31829915,0.17709391,0.13092891,-0.26709693,0.20509816,-0.10610499,-0.29930883,-0.21458359,0.12506657,-0.27001647,-0.22593741,-0.12238663,-0.29644399,0.63452625,4.18529301,0.00494315,0.00877049,0.99774088,0.06642124,0.44163132,4.07900953,0.05120222,0.44531326,4.31766357,0.01899032,0.83062592,4.03287029,0.04828268,0.87470016,4.27663136,0.02185516,-0.20587993,2.92995334,0.20526121,-1.22649840,-5.90279059,-4.39904299,0.26168847,2.33022718,0.48948524,0.64774334,-6.01438351,0.44431825
0.90824927,0.07985037,0.05303536,0.39593066,0.05058083,0.74448476,0.09300185,0.83742881,-1.61585045,-0.08548972,0.79191166,-1.82640409,0.05760896,0.99086452,-1.63413668,-0.07437854,0.86529303,-1.77401626,0.91537810,0.06138749,0.33262468,0.31944013,0.22759005,0.12229679,-0.26212816,0.18779690,-0.11116434,-0.30108964,-0.18475022,0.12455745,-0.27604552,-0.24080780,-0.12230928,-0.29590847,0.61621571,4.18589783,0.00539495,0.00481019,0.99821755,0.05924079,0.37575340,4.09139061,0.05731197,0.44289207,4.31850290,0.01835048,0.78492928,4.04035425,0.04339461,0.86980438,4.27885342,0.02353166,-0.56013507,2.42120838,1.21785867,-1.27854276,-8.96084881,-1.49354684,0.44248021,2.38024569,0.48857686,0.32787186,-6.22881508,1.47866952
0.88186291,0.06306389,0.08591641,0.31664418,0.16273397,0.79794024,0.07939587,0.87681594,-1.58124242,-0.09853016,0.60258480,-1.79132707,0.06920869,1.04044368,-1.62273347,-0.07492522,0.73930607,-1.72347269,0.91537810,0.06138749,0.33262468,0.32139454,0.27407086,0.11767813,-0.25834435,0.17186948,-0.11676467,-0.30322046,-0.15544842,0.12236863,-0.28318818,-0.25587098,-0.12081317,-0.29565822,0.59855576,4.18644943,0.00714686,0.00175633,0.99865957,0.05123384,0.31387844,4.09744492,0.06305019,0.43954182,4.32019424,0.01817409,0.74066124,4.04881105,0.03820637,0.86544971,4.28043556,0.02573633,-0.67910397,1.96089718,1.74233141,-0.63305510,-9.44229603,1.83183990,0.58390543,2.47504497,0.59126184,-0.04009250,-6.30540180,2.55786872
0.86460699,0.03904553,0.10683051,0.22336922,0.23871044,0.70105014,0.06774816,0.91034050,-1.53920808,-0.09912145,0.43537429,-1.70794704,0.08300525,1.08771927,-1.59843075,-0.08363572,0.61331449,-1.65473819,0.91537810,0.06138749,0.33262468,0.32385140,0.31230014,0.11636965,-0.25754373,0.15635613,-0.12126860,-0.30568052,-0.12644764,0.11823117,-0.29094515,-0.27226800,-0.11805997,-0.29691653,0.58129158,4.18717632,0.00961518,-0.00034343,0.99898054,0.04410579,0.25995083,4.09878292,0.06630767,0.43623142,4.32175293,0.01817088,0.69682732,4.05826120,0.03290625,0.86290493,4.28078156,0.02693487,-0.56877704,1.65989888,2.11633015,0.00009192,-8.25959454,4.26208701,0.69220245,2.36030936,1.23862262,-0.45337062,-6.26935425,3.46518207
0.85911090,0.01565433,0.10432899,0.17857148,0.26326695,0.46302571,0.06128893,0.93931669,-1.49420505,-0.09134001,0.30851501,-1.60120492,0.09731225,1.13358340,-1.56902266,-0.09595158,0.50655869,-1.58306663,0.91537810,0.06138749,0.33262468,0.32637343,0.34017035,0.11700770,-0.26083288,0.14133856,-0.12398838,-0.30820759,-0.10180875,0.11317849,-0.29791421,-0.28923714,-0.11492574,-0.29807209,0.56419010,4.18817654,0.01231906,-0.00197758,0.99915256,0.03922357,0.21589737,4.09818296,0.06554054,0.43300133,4.32285843,0.01816584,0.65681763,4.06736870,0.02845922,0.86154308,4.28008547,0.02830134,-0.29829399,1.43598378,2.25061226,0.41348709,-6.14131231,5.38455486,0.71570532,2.28603163,1.47448528,-0.61615442,-5.20588083,3.55603385
0.85940479,0.00212511,0.08412414,0.20010044,0.28086963,0.17241823,0.05989103,0.96672202,-1.45211730,-0.07786922,0.22892166,-1.49590664,0.10991506,1.17889409,-1.54286423,-0.10629258,0.43589925,-1.52571676,0.91537810,0.06138749,0.33262468,0.32862403,0.35667699,0.11884081,-0.26768564,0.12700459,-0.12534864,-0.30995187,-0.08522408,0.10858090,-0.30352277,-0.30544806,-0.11254652,-0.29790398,0.54710484,4.18937721,0.01518173,-0.00379696,0.99918687,0.03715767,0.18259544,4.09732008,0.06093839,0.42974777,4.32380104,0.01867215,0.62404022,4.07477398,0.02510126,0.86005955,4.27895727,0.03072005,-0.04394906,1.36738360,2.07477379,0.70601773,-3.70865908,5.20302582,0.61274302,2.26717472,1.27134407,-0.49694008,-3.30391665,2.75182033
0.86105735,0.00163944,0.04652794,0.24825118,0.27947629,-0.06949321,0.06111827,0.99039418,-1.41105652,-0.05858054,0.19148114,-1.40386105,0.11910127,1.22241259,-1.52038884,-0.11196288,0.40667057,-1.48810637,0.91537810,0.06138749,0.33262468,0.33028063,0.36270597,0.12207307,-0.27719554,0.11371662,-0.12624252,-0.31118034,-0.07841285,0.10504346,-0.30880262,-0.32044396,-0.11158720,-0.29643780,0.52998161,4.19061852,0.01807030,-0.00611048,0.99911440,0.03750388,0.15916348,4.09600687,0.05308510,0.42602253,4.32501030,0.01910029,0.60032082,4.08000612,0.02147801,0.85787201,4.27793360,0.03384283,0.07464028,1.14771712,2.05757618,1.00637376,-1.58600175,4.50069666,0.43384326,2.15718269,1.10522747,-0.24686290,-1.16165388,1.74096096
0.86352180,0.01019374,-0.01338520,0.27568373,0.21364242,-0.19780009,0.06240258,1.01387181,-1.37476323,-0.03546353,0.19416246,-1.34073904,0.12375576,1.26350844,-1.50886834,-0.11339525,0.42406420,-1.48695946,0.91537810,0.06138749,0.33262468,0.33075830,0.35855808,0.12662211,-0.28734775,0.10073327,-0.12743103,-0.31128223,-0.08211004,0.10277716,-0.31193997,-0.33285678,-0.11229451,-0.29297683,0.51275845,4.19177761,0.02032208,-0.00882062,0.99897672,0.03943005,0.14536819,4.09368858,0.04341055,0.42233772,4.32672186,0.01947607,0.58654842,4.08287287,0.01881832,0.85340214,4.27760048,0.03778147,0.06318529,1.17733514,1.80568731,1.15281353,0.17996781,3.10811498,0.22743398,2.05216167,0.54914470,-0.06885757,0.93169208,-0.00433874
0.87306353,0.01983451,-0.07707399,0.24906826,0.10974278,-0.21199776,0.06305070,1.04079032,-1.34592202,-0.01723031,0.22936498,-1.31425879,0.12451435,1.30466006,-1.52080638,-0.11322023,0.48015257,-1.52242117,0.91537810,0.06138749,0.33262468,0.33004221,0.34666413,0.13024228,-0.29623303,0.08734445,-0.12879940,-0.31001801,-0.09418246,0.10153017,-0.31177134,-0.34089123,-0.11415570,-0.28682900,0.49529591,4.19286175,0.02156811,-0.01134876,0.99883970,0.04153644,0.13906174,4.09168720,0.03380918,0.41888428,4.32843313,0.02002420,0.58077374,4.08390188,0.01827087,0.84444866,4.27848129,0.04321321,0.03119521,1.36306703,1.41242540,0.87800696,1.85582693,1.19752114,0.02542341,2.07129328,-0.69708533,0.01102021,2.88131166,-1.83074982
0.89487871,0.02378143,-0.12704737,0.14167079,-0.01840116,-0.12728237,0.06259180,1.07574837,-1.33610578,-0.01238444,0.29621482,-1.33357770,0.11909692,1.34826870,-1.57110431,-0.11258665,0.55680746,-1.57001922,0.91537810,0.06138749,0.33262468,0.32835177,0.32829204,0.13058884,-0.30209263,0.07441471,-0.13005790,-0.30633141,-0.11160757,0.10115788,-0.31002899,-0.34215700,-0.11734294,-0.27689419,0.47738247,4.19397326,0.02154028,-0.01291427,0.99876491,0.04287060,0.13916187,4.09181681,0.02625914,0.41431408,4.32989597,0.02202036,0.57996979,4.08367815,0.01832278,0.82828960,4.28175116,0.05145758,-0.03159303,1.79401433,0.35983225,0.17572844,3.46756353,-1.17095511,-0.30761949,2.17757750,-2.69812899,0.03172633,3.88462305,-2.38593698
0.93155263,0.01736457,-0.14584459,-0.03428753,-0.15982386,-0.00785047,0.05941778,1.10096424,-1.33528957,-0.01943522,0.38088277,-1.38344052,0.10133068,1.36600776,-1.62686617,-0.11274777,0.63868881,-1.61239312,0.91537810,0.06138749,0.33262468,0.32621833,0.30660470,0.12834795,-0.30483406,0.06550499,-0.13116459,-0.30323775,-0.13161774,0.10147671,-0.30779500,-0.33621797,-0.12243984,-0.26870497,0.45878010,4.19527082,0.02009868,-0.01285262,0.99878728,0.04306773,0.14231548,4.09363527,0.02138427,0.40474148,4.33156052,0.02298058,0.58122978,4.08290167,0.01842333,0.80424366,4.28848543,0.05751336,-0.17720442,1.11725943,0.08178948,-0.40494071,4.28650684,-2.59357002,-0.97505233,0.63111161,-2.65949941,-0.01605078,4.09445353,-2.06041846
0.97168315,-0.00046909,-0.14023191,-0.23594996,-0.36953226,0.06214343,0.05834135,1.11490846,-1.37990177,-0.03100353,0.46875352,-1.44617820,0.07107237,1.34427941,-1.68166220,-0.11384802,0.71448839,-1.64453769,0.91537810,0.06138749,0.33262468,0.32407251,0.28434668,0.12598054,-0.30503730,0.06821427,-0.13056726,-0.29964365,-0.15189278,0.10255191,-0.30474005,-0.32163718,-0.12926381,-0.26353821,0.43944073,4.19693136,0.01663355,-0.01091289,0.99889721,0.04252769,0.14545059,4.09547234,0.01903521,0.38252354,4.33280420,0.02442886,0.58210754,4.08189011,0.01933246,0.77086544,4.29850531,0.06053430,-0.02359405,0.65626138,-2.70538306,-0.59738994,4.39901018,-3.21541762,-1.59446585,-1.35317075,-2.79443955,-0.06040603,3.72896767,-1.53407323
1.00812335,-0.02589196,-0.10932618,-0.40134484,-0.54878092,0.01126496,0.06644875,1.10528610,-1.49058316,-0.03917539,0.54513161,-1.50017359,0.03582806,1.28770418,-1.72983000,-0.11542358,0.77367510,-1.65686264,0.91537810,0.06138749,0.33262468,0.32232926,0.26379820,0.12583895,-0.30441860,0.08969621,-0.12635538,-0.29483466,-0.17086196,0.10427429,-0.30193790,-0.30099371,-0.13633124,-0.26021721,0.41936989,4.19917173,0.01099685,-0.00716177,0.99901484,0.04239261,0.14587498,4.09609184,0.01791067,0.34068031,4.33265972,0.02749460,0.58080177,4.08082190,0.02039136,0.73081436,4.30956087,0.06211205,0.41401466,-0.52362297,-5.56951857,-0.40380242,3.79903412,-2.67712049,-1.75623188,-2.85753798,-2.38764074,-0.07993679,2.94369125,-0.59829993
1.03544868,-0.04445738,-0.06293854,-0.48189821,-0.53716363,-0.09834556,0.08064610,1.06498625,-1.61811869,-0.04457831,0.60902278,-1.53846138,0.00572941,1.21269946,-1.76343472,-0.11812219,0.82552596,-1.66098862,0.91537810,0.06138749,0.33262468,0.32126337,0.24557738,0.12699256,-0.30395709,0.12187498,-0.12026300,-0.28883685,-0.18870962,0.10607190,-0.29908682,-0.27861521,-0.14177650,-0.25889995,0.39881554,4.20183916,0.00534447,-0.00261510,0.99904350,0.04332073,0.14316998,4.09657421,0.01730627,0.28780479,4.33219757,0.03242652,0.57763824,4.07983503,0.02217655,0.68865433,4.31897364,0.06236342,0.72754377,-2.10924180,-6.36807013,-0.26640851,3.16904116,-1.87055821,-1.48339338,-3.79064641,-1.63835037,-0.14036857,2.59740448,-0.21404742
1.03735792,-0.05433208,-0.01713161,-0.52599274,-0.36164853,-0.22303461,0.09975662,0.98524046,-1.73472998,-0.04911451,0.66710495,-1.56244755,-0.01714152,1.12370684,-1.78219030,-0.12214666,0.87804129,-1.66584141,0.91537810,0.06138749,0.33262468,0.32089955,0.22859199,0.12866410,-0.30357344,0.16132274,-0.11302894,-0.28134140,-0.20560170,0.10789602,-0.29567378,-0.25448302,-0.14518852,-0.26001599,0.37823391,4.20478401,0.00131814,0.00243289,0.99896224,0.04546184,0.13889961,4.09741621,0.01732612,0.22784519,4.33199959,0.03955815,0.57318478,4.07865801,0.02522578,0.64485321,4.32625608,0.06088356,0.96930547,-4.19324932,-5.73873377,-0.22561789,2.89705229,-1.14395419,-1.11434785,-4.50868864,-0.87305824,-0.20360593,2.62268806,-0.23441075
1.01543719,-0.05847839,0.03255010,-0.54238334,-0.13818782,-0.34155153,0.11944549,0.85221972,-1.81680481,-0.05344091,0.72523667,-1.57415514,-0.03413350,1.02054007,-1.78386648,-0.12733617,0.92994716,-1.66593044,0.91537810,0.06138749,0.33262468,0.32138960,0.21142354,0.13054572,-0.30317534,0.20736093,-0.10608552,-0.27265902,-0.22169081,0.10957304,-0.29291313,-0.22816880,-0.14695004,-0.26359116,0.35806980,4.20791817,-0.00055348,0.00777047,0.99878026,0.04875772,0.13493767,4.09858313,0.01821426,0.16202602,4.33369389,0.04873058,0.56803570,4.07727594,0.02847646,0.59946518,4.33194876,0.05779843,0.97644749,-6.97782583,-3.85020704,-0.21541378,2.91413689,-0.51794811,-0.82000769,-5.24102163,0.02226448,-0.26874304,2.59227681,0.03495741
0.98144454,-0.05522277,0.06836706,-0.49114649,0.06508903,-0.44140749,0.13614975,0.67592621,-1.84645545,-0.05631729,0.78382337,-1.57325482,-0.04618835,0.90547776,-1.76590776,-0.13251379,0.97819114,-1.65475321,0.91537810,0.06138749,0.33262468,0.32259575,0.19359763,0.13266711,-0.30288436,0.25574682,-0.10064035,-0.26301835,-0.23734156,0.11099100,-0.29192778,-0.20006611,-0.14755963,-0.26911186,0.33856869,4.21112394,-0.00038854,0.01278418,0.99851131,0.05302436,0.13201237,4.09970093,0.01971139,0.09491539,4.33827734,0.05957740,0.56282425,4.07562685,0.03066796,0.55313396,4.33667088,0.05348389,0.80936456,-9.08400822,-1.08505726,-0.12977198,2.93010926,0.13737917,-0.56816715,-5.83072853,1.04124784,-0.25412858,2.37708783,0.65181965
0.94975014,-0.04575293,0.09298238,-0.37690694,0.25816387,-0.49615041,0.14423410,0.49246917,-1.81279888,-0.05561245,0.83921281,-1.55546403,-0.04947635,0.78717375,-1.72681231,-0.13842690,1.02576087,-1.63822238,0.91537810,0.06138749,0.33262468,0.32444953,0.17535236,0.13531145,-0.30299001,0.29959150,-0.09802446,-0.25419901,-0.25248660,0.11168636,-0.29205709,-0.17167161,-0.14635904,-0.27623972,0.31980686,4.21429529,0.00200689,0.01671840,0.99817782,0.05794406,0.12997150,4.10018930,0.02145952,0.03357468,4.34633694,0.07025051,0.55766945,4.07413568,0.03239244,0.50726490,4.33980064,0.04820980,0.39467201,-9.13138542,1.74004540,0.03855617,2.76025391,0.91495364,-0.15143671,-5.90764141,1.97416434,-0.29920202,2.38361239,0.82290882
0.93483698,-0.03066692,0.10334449,-0.28400231,0.38981460,-0.46740466,0.14281943,0.33934400,-1.74080577,-0.05259572,0.88795444,-1.51958690,-0.04358884,0.67289500,-1.67467051,-0.14740613,1.07757318,-1.62231100,0.91537810,0.06138749,0.33262468,0.32665558,0.15663155,0.13820606,-0.30406988,0.33478353,-0.09736731,-0.24869185,-0.26800918,0.11118176,-0.29209135,-0.14403931,-0.14292176,-0.28395093,0.30135975,4.21733522,0.00577722,0.01979585,0.99782566,0.06259947,0.12866192,4.09982004,0.02258570,-0.01860466,4.35583858,0.07796373,0.55334587,4.07348356,0.03456423,0.46215458,4.34110508,0.04270465,-0.11799611,-7.56026936,3.69693627,0.15738401,2.41669235,1.84764988,0.32131494,-5.71147823,2.64059377,-0.46188976,2.60741019,0.80753654
0.93652969,-0.01060534,0.09492714,-0.24234658,0.45026745,-0.31327657,0.12735905,0.22550249,-1.63838279,-0.04778946,0.92997282,-1.46814170,-0.02972306,0.56201570,-1.61098185,-0.16002163,1.13705156,-1.60348868,0.91537810,0.06138749,0.33262468,0.32887071,0.13707569,0.14149496,-0.30578415,0.36052283,-0.09893065,-0.24976192,-0.28589512,0.10961076,-0.29151371,-0.11713117,-0.13720364,-0.29192823,0.28288097,4.22012386,0.01013546,0.02250128,0.99752542,0.06583308,0.12835007,4.09793234,0.02308656,-0.06145535,4.36571398,0.07910879,0.55183296,4.07378397,0.03735700,0.41707573,4.34069052,0.03694248,-0.81895065,-5.49121590,5.23088503,0.24511358,2.07446401,2.62035346,0.71919299,-5.51488733,3.23289418,-0.64128125,3.01698995,0.94629043
0.94047439,0.00209306,0.04900799,-0.26165109,0.43006222,-0.05651619,0.10601684,0.16614984,-1.52774293,-0.04708421,0.96770864,-1.41392694,-0.01574748,0.47683265,-1.54655004,-0.17203469,1.19973128,-1.57873144,0.91537810,0.06138749,0.33262468,0.33044811,0.11765482,0.14362872,-0.30704482,0.37315168,-0.10062947,-0.25926015,-0.30587654,0.10846157,-0.28982997,-0.09677731,-0.13114931,-0.29977116,0.26428204,4.22266579,0.01434238,0.02533850,0.99735290,0.06662914,0.12848358,4.09605360,0.02340328,-0.09206905,4.37227316,0.07118796,0.55291481,4.07428961,0.04061814,0.37772217,4.33970137,0.03067695,-1.07999749,-2.62360306,5.50442457,-0.01054814,1.87042010,2.69033980,0.67397283,-4.03126688,3.18056035,-0.58412235,3.12292790,1.29203643
0.93492132,0.00279615,-0.02662043,-0.27850361,0.41455632,0.18600570,0.08151908,0.16392776,-1.43804157,-0.05449337,1.00441945,-1.36795402,-0.00742555,0.44487756,-1.50611448,-0.18125014,1.25702083,-1.55664849,0.91537810,0.06138749,0.33262468,0.33073026,0.09950319,0.14335820,-0.30709007,0.37149726,-0.10279885,-0.27384310,-0.32391373,0.10839647,-0.28689390,-0.08913825,-0.12649740,-0.30653160,0.24571419,4.22504711,0.01826226,0.02840008,0.99731162,0.06503435,0.12831116,4.09593868,0.02364019,-0.10914135,4.37556410,0.05688716,0.55266285,4.07520580,0.04383636,0.35063553,4.33879566,0.02419866,-1.24999964,0.28818724,4.28946733,-0.42869699,1.83347571,2.22642660,0.37196302,-1.17941725,1.80232990,-0.44106153,2.81610465,1.05031729
0.92289069,-0.00045097,-0.10391921,-0.26056456,0.31450524,0.31675472,0.05863714,0.19880060,-1.38564937,-0.06630719,1.04352999,-1.34314835,-0.00566068,0.47297423,-1.50998154,-0.18641478,1.31357732,-1.56847994,0.91537810,0.06138749,0.33262468,0.32939869,0.08396928,0.14152376,-0.30473514,0.36008271,-0.10558073,-0.28752959,-0.33515642,0.10969531,-0.27998547,-0.09521887,-0.12403631,-0.31001805,0.22731724,4.22724133,0.02119163,0.03128522,0.99737002,0.06184811,0.12634373,4.09730225,0.02466355,-0.11677551,4.37693110,0.04186910,0.54616508,4.07657967,0.04941322,0.33727016,4.33842583,0.01938064,-1.12946662,1.78013120,2.55946093,-0.58971848,1.96088924,1.21477021,0.08061092,1.45786495,-0.23523471,-0.24893401,2.81444955,-0.61921258
0.91999416,0.00575695,-0.15721297,-0.15582959,0.08638988,0.35140813,0.04782526,0.25823635,-1.37829549,-0.07597411,1.08494925,-1.33544214,-0.00850894,0.53058214,-1.53569012,-0.18502516,1.35778680,-1.59563859,0.91537810,0.06138749,0.33262468,0.32704911,0.06996379,0.13964447,-0.30070887,0.34289332,-0.10655490,-0.29739214,-0.34076193,0.11197532,-0.27207710,-0.10899320,-0.12382866,-0.31081084,0.20891094,4.22912045,0.02200046,0.03308003,0.99750628,0.05833450,0.12296734,4.09870110,0.02634024,-0.11902390,4.37536860,0.02965697,0.53409004,4.07774105,0.05497201,0.33174648,4.33923168,0.01623828,-0.49304511,3.03496861,0.21805429,-0.46673815,2.06723928,0.34188076,-0.15038248,2.91034889,-1.29443395,0.08853400,2.15387659,-1.37300336
0.93597082,0.02790536,-0.16847090,0.04052951,-0.18795613,0.33201083,0.04848206,0.32994404,-1.41020806,-0.07917385,1.12551541,-1.34814157,-0.01280784,0.59442837,-1.56573472,-0.17707760,1.38029454,-1.63049200,0.91537810,0.06138749,0.33262468,0.32439591,0.05912943,0.13848962,-0.29539634,0.32361643,-0.10624216,-0.30225099,-0.34028837,0.11443124,-0.26516468,-0.12551194,-0.12544724,-0.30933820,0.19015408,4.23048830,0.02023505,0.03283572,0.99773803,0.05505618,0.11598244,4.09943781,0.02899957,-0.11963158,4.37207870,0.02214492,0.51559696,4.07890463,0.05923123,0.32884483,4.34119120,0.01505771,0.05242874,3.58174129,-1.68901348,-0.12853091,2.02722502,-0.75216858,-0.21351229,3.19478750,-1.52758014,0.42485136,1.02156392,-1.78947532
0.95855324,0.06395753,-0.14274551,0.24223865,-0.43470487,0.34577758,0.05150960,0.40071692,-1.45909274,-0.07568102,1.15576029,-1.38623037,-0.01686174,0.65207677,-1.58910432,-0.16374234,1.37620485,-1.67571037,0.91537810,0.06138749,0.33262468,0.32212880,0.05562403,0.13806155,-0.29006700,0.30494718,-0.10708940,-0.30355827,-0.33211214,0.11672248,-0.25994209,-0.14213706,-0.12831664,-0.30661524,0.17091694,4.23113813,0.01617327,0.03048178,0.99806485,0.05172845,0.10119820,4.09963026,0.03206180,-0.12119942,4.36944561,0.01857053,0.48904552,4.08041716,0.06218670,0.32566071,4.34393206,0.01551355,0.15549565,3.53293872,-2.52056961,0.21011066,1.41011372,-2.04113672,-0.20167732,2.81796503,-1.07637970,0.69316663,-0.36663576,-2.31776311
0.97239394,0.10673050,-0.11296780,0.41513473,-0.59488795,0.42285692,0.05407906,0.47223109,-1.51196969,-0.06678107,1.16338718,-1.44885230,-0.01960390,0.69985652,-1.59786010,-0.14737578,1.33822894,-1.72444367,0.91537810,0.06138749,0.33262468,0.32028988,0.06311796,0.13812934,-0.28639734,0.28582894,-0.10938899,-0.30336788,-0.31572541,0.11845076,-0.25764333,-0.15841803,-0.13181669,-0.30421698,0.15134621,4.23089743,0.01051115,0.02634070,0.99845717,0.04773857,0.07527256,4.09945774,0.03389254,-0.12267494,4.36719322,0.01692200,0.45425701,4.08271456,0.06264655,0.32167530,4.34691429,0.01607290,0.12183308,3.58597374,-2.64560199,0.48133400,0.20622967,-3.30807900,-0.12449964,2.32252812,-0.33770081,0.83543921,-2.15658188,-2.44339204
0.95952098,0.14916044,-0.09006935,0.53817345,-0.50371866,0.56067324,0.05239401,0.54258535,-1.55544441,-0.04998914,1.15174055,-1.54700096,-0.01986034,0.74270841,-1.59881568,-0.13190838,1.27182298,-1.77014112,0.91537810,0.06138749,0.33262468,0.31878424,0.08338906,0.13973722,-0.28110588,0.26695652,-0.11373013,-0.30228458,-0.29277244,0.11920435,-0.25802325,-0.17376561,-0.13538174,-0.30208429,0.13193359,4.22950735,0.00553558,0.02079714,0.99887478,0.04226110,0.03701363,4.09733162,0.03767835,-0.12443600,4.36542997,0.01649965,0.41356297,4.08594456,0.06076099,0.31653690,4.34969187,0.01669995,-0.09159940,3.50974393,-2.14860799,0.84496872,-0.62209649,-4.91223860,-0.01063891,2.14245343,-0.04489374,0.76873803,-3.34903316,-2.27121999
0.91897537,0.18525928,-0.06309540,0.58524905,-0.31369774,0.73621426,0.04528456,0.60646360,-1.58099444,-0.03040678,1.11092358,-1.64430196,-0.01911253,0.78484207,-1.59756222,-0.12001259,1.18633184,-1.80459590,0.91537810,0.06138749,0.33262468,0.31767215,0.11169991,0.14190169,-0.27584838,0.24938588,-0.11964244,-0.30133412,-0.26642091,0.11886669,-0.26038158,-0.18813134,-0.13881735,-0.30018347,0.11327286,4.22711802,0.00239114,0.01484674,0.99927260,0.03504464,-0.00810089,4.09339676,0.04182377,-0.12711124,4.36395044,0.01633803,0.37070446,4.08986511,0.05729057,0.31067371,4.35240393,0.01748868,-0.37298287,3.16899610,-1.22389402,0.98016217,-2.13372643,-4.83254213,0.03651830,2.10020614,0.07033682,0.58223189,-4.32173233,-1.67857349
0.86065546,0.21238938,-0.02480529,0.56300984,-0.12458495,0.94010676,0.03096465,0.66126910,-1.58720794,-0.00993462,1.03483846,-1.72630203,-0.01902830,0.82406645,-1.59309738,-0.11280806,1.08427551,-1.82137730,0.91537810,0.06138749,0.33262468,0.31721181,0.14633604,0.14438816,-0.27049319,0.23331394,-0.12733937,-0.30086862,-0.23805194,0.11741124,-0.26441532,-0.20110020,-0.14223449,-0.29880247,0.09575367,4.22382927,0.00105225,0.00914368,0.99962387,0.02583426,-0.05784721,4.08719492,0.04671862,-0.13066921,4.36305351,0.01634319,0.32742119,4.09427509,0.05279649,0.30393429,4.35548325,0.01840934,-0.75307961,2.69937992,-0.22452448,1.03041754,-3.97118101,-4.01200948,-0.00067992,1.94507997,0.24002836,0.33842878,-5.17411661,-0.75066655
0.79687025,0.23235123,0.02368264,0.48900165,0.05481688,1.15630978,0.00818230,0.70708617,-1.57305951,0.01346735,0.91352828,-1.78003709,-0.01955097,0.85950801,-1.58399074,-0.11095112,0.96841300,-1.81600935,0.91537810,0.06138749,0.33262468,0.31765730,0.18769691,0.14792352,-0.26459998,0.21810127,-0.13706641,-0.30120801,-0.20843046,0.11479395,-0.27004176,-0.21276161,-0.14535416,-0.29841307,0.07953777,4.21973877,0.00143494,0.00416946,0.99988508,0.01450480,-0.11237259,4.07732420,0.05305732,-0.13449421,4.36307640,0.01644930,0.28454933,4.09894485,0.04761555,0.29642773,4.35885773,0.01924424,-1.18665726,2.24186392,0.82489014,1.19258690,-6.35083389,-2.49209685,-0.02731099,1.75038874,0.48496341,0.06116921,-5.85988684,0.40148731
0.74177805,0.24645425,0.06517215,0.38197832,0.17487725,1.33218082,-0.02067647,0.74524742,-1.54180515,0.04512141,0.75700355,-1.78606343,-0.01906203,0.89517862,-1.57439947,-0.11491080,0.84562624,-1.78825963,0.91537810,0.06138749,0.33262468,0.31894100,0.23119942,0.15396507,-0.25860664,0.20307779,-0.14814907,-0.30226500,-0.17878891,0.11095237,-0.27667696,-0.22399528,-0.14753849,-0.29849546,0.06453037,4.21494818,0.00303750,0.00023569,0.99999437,0.00140470,-0.16710091,4.06163359,0.06033435,-0.13813019,4.36366749,0.01667599,0.24300671,4.10349369,0.04226404,0.28893948,4.36185646,0.02044554,-1.47993267,1.85599911,1.67504299,1.65397966,-8.03571892,0.07844209,0.03515180,1.79666507,0.46959397,-0.24031161,-6.17519951,1.54475915
0.71049295,0.25504477,0.08296600,0.27660687,0.21940959,1.42320771,-0.05175534,0.77419641,-1.49608085,0.08816462,0.59428185,-1.73236761,-0.01529431,0.93950334,-1.57122548,-0.12726521,0.71634811,-1.73525908,0.91537810,0.06138749,0.33262468,0.32072054,0.27021886,0.16380034,-0.25407947,0.18839754,-0.15965552,-0.30396656,-0.14880276,0.10531216,-0.28413070,-0.23646119,-0.14810378,-0.29778825,0.05045891,4.20949144,-0.00524201,0.00250572,-0.99990086,0.01282590,-0.21546497,4.03880672,0.06664106,-0.14197598,4.36425686,0.01675397,0.20191669,4.10803480,0.03658984,0.28303928,4.36361799,0.02293229,-1.55341334,1.43612468,2.30091329,2.16194482,-8.13084335,2.74872618,0.19195613,2.23035903,0.15702151,-0.63045045,-6.47954206,2.68664193
0.69480805,0.26306286,0.07923514,0.21344508,0.18830483,1.43442198,-0.08188325,0.79465199,-1.44083264,0.13508626,0.44249809,-1.63990126,-0.00844497,0.99358544,-1.56905797,-0.14756708,0.58265585,-1.66078703,0.91537810,0.06138749,0.33262468,0.32246458,0.30413767,0.17517648,-0.25194666,0.17396316,-0.17083913,-0.30624508,-0.11866357,0.09735248,-0.29196631,-0.25180608,-0.14737459,-0.29619538,0.03687248,4.20349798,-0.00716234,0.00460087,-0.99959388,0.02719557,-0.25727749,4.01202393,0.07051792,-0.14613323,4.36461315,0.01621950,0.16065998,4.11274996,0.03049827,0.28028202,4.36436243,0.02626919,-1.49953618,0.99446716,2.78415704,2.33594394,-7.50601406,4.69134645,0.35543196,2.73106360,0.10670184,-1.03091797,-6.65057268,3.75524268
0.68513731,0.27519000,0.06020361,0.21810896,0.13044416,1.37067639,-0.10896676,0.80629760,-1.38088813,0.17555649,0.32733783,-1.53319933,0.00187472,1.05325065,-1.56600146,-0.17075707,0.47211633,-1.58468540,0.91537810,0.06138749,0.33262468,0.32385800,0.32810340,0.18549155,-0.25383438,0.16053464,-0.18136875,-0.30869314,-0.09421819,0.08828182,-0.29871314,-0.26918644,-0.14560773,-0.29353430,0.02365742,4.19692879,-0.00852421,0.00668324,-0.99910143,0.04097555,-0.28813019,3.98515663,0.07002363,-0.15120926,4.36452246,0.01516487,0.12479763,4.11667042,0.02514487,0.27999706,4.36412010,0.03032370,-1.33745029,0.55080410,3.00069499,1.97927344,-5.55812521,5.34139347,0.52475804,2.98517394,0.16506242,-1.15673099,-5.36352863,3.75809655
0.67408092,0.29517956,0.03873168,0.29421758,0.04384809,1.29771595,-0.13184545,0.81382009,-1.32516322,0.20635509,0.25815299,-1.43705194,0.01255496,1.10710769,-1.56034307,-0.19066301,0.40576355,-1.52702796,0.91537810,0.06138749,0.33262468,0.32479519,0.34030438,0.19365222,-0.25971237,0.14810032,-0.19108349,-0.31034259,-0.08043244,0.07968352,-0.30414471,-0.28573240,-0.14410588,-0.28999423,0.01085644,4.18967323,-0.00903493,0.00942188,-0.99845396,0.05403040,-0.30652466,3.96037540,0.06508282,-0.15702858,4.36363077,0.01445260,0.09942989,4.11914959,0.02065048,0.27934017,4.36381683,0.03480096,-1.11861174,0.36636969,2.74057937,1.48745143,-3.19937563,4.69552650,0.52884380,2.63285613,0.29670093,-0.96522522,-3.03921795,2.74541450
0.66698018,0.32110919,0.01503561,0.37059279,-0.01228437,1.29104335,-0.15043636,0.81934309,-1.27524436,0.22800484,0.22587357,-1.35943151,0.02126528,1.14994299,-1.55159640,-0.20599478,0.39070117,-1.50616825,0.91537810,0.06138749,0.33262468,0.32521513,0.34300951,0.19953031,-0.26849600,0.13654592,-0.19988706,-0.31112571,-0.07830031,0.07232057,-0.30736089,-0.29999377,-0.14358695,-0.28611687,-0.00155258,4.18163347,-0.00890351,0.01289975,-0.99763376,0.06694174,-0.31477737,3.93799829,0.05671913,-0.16361809,4.36145115,0.01408942,0.08572102,4.12044096,0.01785424,0.27652931,4.36407232,0.03909826,-0.89932853,0.26103258,2.46071553,1.01723850,-1.37484932,3.75167346,0.41840124,2.06154585,0.46132562,-0.73588276,-0.37942526,0.74373716
0.67330831,0.34657208,-0.01392843,0.39365820,-0.03090731,1.37200629,-0.16746835,0.82830690,-1.23164604,0.23790973,0.22516839,-1.31051862,0.02728646,1.18503385,-1.54915645,-0.21577800,0.41954029,-1.52001936,0.91537810,0.06138749,0.33262468,0.32490657,0.33821259,0.20193189,-0.27819377,0.12452624,-0.20828950,-0.31042460,-0.08586413,0.06683338,-0.30847957,-0.31087186,-0.14404073,-0.28131811,-0.01373520,4.17265968,-0.00852969,0.01668508,-0.99656837,0.08062464,-0.31502533,3.91891079,0.04671280,-0.17017097,4.35818367,0.01448197,0.08176880,4.12052202,0.01642700,0.26989117,4.36487083,0.04358846,-0.85437703,0.45299361,2.17955446,0.47251363,0.00583720,2.39795902,0.29601454,1.75125635,0.10363626,-0.48200279,1.47510004,-0.71388524
0.69111069,0.36568943,-0.04105997,0.37319173,-0.14529009,1.50945326,-0.18671672,0.84011742,-1.18796985,0.22966285,0.25453755,-1.29933541,0.02982833,1.21590343,-1.56034949,-0.22058318,0.46777447,-1.54667418,0.91537810,0.06138749,0.33262468,0.32396608,0.32696687,0.19870459,-0.28818091,0.11059829,-0.21699655,-0.30876488,-0.09847983,0.06330702,-0.30843337,-0.31833094,-0.14516545,-0.27473363,-0.02592621,4.16292305,-0.00713330,0.02016840,-0.99518738,0.09562653,-0.30901794,3.90553246,0.03578517,-0.17586250,4.35485687,0.01520120,0.08281593,4.11955023,0.01553271,0.25889416,4.36611004,0.04923245,-0.97069588,0.59497759,2.18639517,-0.48020801,1.56371914,0.42028852,0.11752145,1.51769674,-0.60417507,-0.22626773,2.43993778,-1.35413063
0.71080308,0.37380861,-0.06202262,0.30911197,-0.31909344,1.65402655,-0.20787684,0.85185330,-1.14447694,0.19924917,0.31292576,-1.33904748,0.02837078,1.23510146,-1.58452613,-0.22109136,0.52071897,-1.57630801,0.91537810,0.06138749,0.33262468,0.32245634,0.31097868,0.18836644,-0.29588820,0.09552714,-0.22551947,-0.30659744,-0.11304655,0.06189766,-0.30709783,-0.32071944,-0.14679068,-0.26735170,-0.03813877,4.15257215,-0.00413044,0.02289703,-0.99343095,0.11204291,-0.29933167,3.89965334,0.02656814,-0.18151131,4.35113897,0.01585889,0.08585720,4.11741762,0.01535851,0.24181328,4.36713057,0.05510464,-1.06056812,0.57714412,2.16764116,-1.60662415,3.01907821,-2.21681197,-0.09372751,0.89475051,-1.24962180,-0.01042181,2.63786979,-1.46870172
0.72824672,0.36346592,-0.05126756,0.16283364,-0.35380637,1.73086174,-0.22664420,0.85788248,-1.10465269,0.15740803,0.38107135,-1.40716109,0.02212687,1.23869748,-1.61608298,-0.21932015,0.56953466,-1.60078716,0.91537810,0.06138749,0.33262468,0.32097462,0.29500093,0.17487729,-0.29939003,0.08288169,-0.23226444,-0.30506607,-0.12694176,0.06214185,-0.30539114,-0.31747817,-0.14886653,-0.26112557,-0.05035992,4.14189386,-0.00078471,0.02423089,-0.99131478,0.12925657,-0.29068375,3.89724703,0.02158459,-0.19000435,4.34515619,0.01590856,0.08826885,4.11436415,0.01558348,0.21835709,4.36715994,0.05984905,-0.91187823,0.25404166,1.96153011,-2.12039130,3.40518546,-3.45848727,-0.33920891,0.08893203,-1.61085451,0.09636694,2.40885129,-1.18540046
0.73899931,0.34044198,-0.03825371,0.04971335,-0.32658255,1.73439725,-0.23691167,0.86327016,-1.09273982,0.11355691,0.45066962,-1.48190451,0.01193966,1.22446549,-1.65421176,-0.21626922,0.61330283,-1.62033176,0.91537810,0.06138749,0.33262468,0.31969586,0.27996426,0.16156231,-0.29965461,0.07651509,-0.23521428,-0.30380614,-0.13943068,0.06349822,-0.30359035,-0.30795656,-0.15139138,-0.25663891,-0.06254292,4.13114405,0.00214851,0.02442052,-0.98890440,0.14651656,-0.28369808,3.89540529,0.02004125,-0.20391750,4.33410597,0.01588972,0.08930397,4.11076117,0.01610551,0.18835068,4.36525726,0.06305695,-0.44161943,0.28667805,0.33137080,-2.19848871,3.49548674,-3.77706504,-0.53528678,-0.84444517,-1.95565212,0.16144036,2.15389967,-0.94716305
0.73749990,0.31284161,-0.02621007,0.00886723,-0.30160416,1.69896339,-0.22606205,0.88270798,-1.15151770,0.06542456,0.52565222,-1.55574801,-0.00229016,1.18177447,-1.69420643,-0.21145715,0.65380398,-1.63364551,0.91537810,0.06138749,0.33262468,0.31862668,0.26411393,0.14759177,-0.29858847,0.08019539,-0.22992223,-0.30160912,-0.15128874,0.06548973,-0.30213510,-0.29045282,-0.15460715,-0.25429756,-0.07449493,4.12049847,0.00473194,0.02410477,-0.98625736,0.16337990,-0.27699642,3.89570379,0.02003821,-0.22447205,4.31233797,0.01701756,0.08982506,4.10722713,0.01649158,0.15068226,4.36041813,0.06432912,0.58353975,0.99775665,-3.05007048,-2.41453228,3.75500236,-3.68595719,-0.71502926,-2.17765031,-1.99088571,0.24153041,2.02096579,-0.65850014
0.72418073,0.28214228,-0.01385488,-0.00511406,-0.31411030,1.64760457,-0.18678823,0.91526237,-1.28120487,0.01285749,0.60318570,-1.62355702,-0.01806141,1.10955324,-1.72495532,-0.20653561,0.69046499,-1.64181006,0.91537810,0.06138749,0.33262468,0.31775053,0.24745020,0.13297327,-0.29728304,0.09372974,-0.21447637,-0.29804416,-0.16259814,0.06760242,-0.30090255,-0.26705456,-0.15822633,-0.25397693,-0.08607330,4.11010418,0.00738857,0.02361895,-0.98340649,0.17971986,-0.27060413,3.89829798,0.02046749,-0.24951859,4.27764826,0.01970637,0.08992233,4.10429230,0.01684797,0.10787830,4.35246029,0.06377359,2.04263954,1.62955487,-6.63756704,-2.63312521,3.87282062,-3.36119390,-0.78628583,-3.69086537,-1.48922532,0.24253892,1.81510794,-0.39267109
0.69339355,0.25191102,0.01192791,-0.01847356,-0.37075701,1.57506132,-0.12089964,0.94009959,-1.45508940,-0.03969978,0.67786301,-1.67880166,-0.03256493,1.01199851,-1.73594100,-0.20259790,0.72293441,-1.64645765,0.91537810,0.06138749,0.33262468,0.31731987,0.23056578,0.11901063,-0.29631789,0.11726175,-0.19073470,-0.29265351,-0.17336901,0.06964501,-0.29953143,-0.24054968,-0.16150944,-0.25561382,-0.09701729,4.10010319,0.01058637,0.02290624,-0.98041214,0.19533374,-0.26448555,3.90191517,0.02100198,-0.27834625,4.23144188,0.02466636,0.08980675,4.10210819,0.01778844,0.06341057,4.34137554,0.06170605,3.40267987,1.16101805,-8.82978153,-2.61822114,3.71301031,-2.69510055,-0.71705190,-4.97146339,-0.44809055,0.19412290,1.61743987,-0.22832250
0.65034767,0.23086244,0.04224940,-0.06883677,-0.36155098,1.51221010,-0.03102619,0.93570331,-1.64283741,-0.08883719,0.74490758,-1.71623833,-0.04513298,0.89807653,-1.72311084,-0.20052480,0.75520687,-1.64915240,0.91537810,0.06138749,0.33262468,0.31746343,0.21442252,0.10650243,-0.29606575,0.14978286,-0.16132411,-0.28447777,-0.18417893,0.07143744,-0.29813059,-0.21291035,-0.16421881,-0.25915927,-0.10709038,4.09047985,0.01370137,0.02174721,-0.97730158,0.21028780,-0.25885429,3.90531101,0.02139769,-0.30991364,4.17605495,0.03298566,0.09017792,4.10098724,0.01933285,0.01959076,4.32765179,0.05830417,4.62527013,-0.43130561,-9.39047871,-2.43231397,3.29675579,-1.76088510,-0.61717149,-5.76604366,0.77847285,0.08777153,1.61768448,-0.11926602
0.61042989,0.22241758,0.05752282,-0.18839884,-0.24752766,1.48100626,0.08272363,0.88052309,-1.81401289,-0.13402653,0.80250055,-1.73498273,-0.05699254,0.77963102,-1.68835962,-0.20122010,0.79030854,-1.65050864,0.91537810,0.06138749,0.33262468,0.31795514,0.19980199,0.09538714,-0.29644540,0.18976685,-0.12840260,-0.27312331,-0.19512397,0.07281287,-0.29707278,-0.18567225,-0.16654772,-0.26433115,-0.11625957,4.08106899,0.01561087,0.01972904,-0.97406769,0.22485372,-0.25414181,3.90784073,0.02150974,-0.34308720,4.11344051,0.04483183,0.09104919,4.10102272,0.02088235,-0.02223301,4.31209135,0.05362399,5.86045504,-3.16110468,-8.39150906,-2.23226428,2.81286812,-0.80577129,-0.59150887,-5.93253803,1.88828933,-0.05450695,1.78134429,-0.06216287
0.58867343,0.22517657,0.05312448,-0.32314515,-0.10936300,1.50139483,0.21239992,0.75339972,-1.92121029,-0.17632751,0.85349858,-1.73953638,-0.06886804,0.66707656,-1.63596299,-0.20616300,0.83124093,-1.65261919,0.91537810,0.06138749,0.33262468,0.31846085,0.18663694,0.08515412,-0.29675630,0.23341198,-0.09590110,-0.25992675,-0.20633987,0.07336032,-0.29626819,-0.16004461,-0.16837595,-0.27053554,-0.12461967,4.07158222,0.01568994,0.01659424,-0.97062639,0.23950547,-0.25029812,3.90944185,0.02170455,-0.37586212,4.04801521,0.05853410,0.09217606,4.10252552,0.02219267,-0.06116543,4.29505100,0.04792531,6.47286491,-6.41713543,-5.24619012,-2.11205544,2.54547763,-0.21729612,-0.59281404,-5.61414576,2.63507342,-0.24925087,2.04935575,-0.10216140
0.58125306,0.23487668,0.03557421,-0.42310406,0.01479634,1.58914187,0.32995024,0.60098125,-1.95334444,-0.21591358,0.90055323,-1.73680611,-0.08005594,0.56583068,-1.57425516,-0.21134248,0.87429703,-1.65258887,0.91537810,0.06138749,0.33262468,0.31870505,0.17452891,0.07571298,-0.29660454,0.27225687,-0.06929316,-0.24854642,-0.21749542,0.07403611,-0.29598092,-0.13687026,-0.16997149,-0.27718306,-0.13245316,4.06177540,0.01433454,0.01281929,-0.96677830,0.25489194,-0.24701214,3.90989046,0.02210051,-0.40350571,3.98791161,0.07015864,0.09328537,4.10452728,0.02272413,-0.09711094,4.27712326,0.04152199,5.81100407,-7.56903744,-1.42447315,-1.96712255,2.33541713,0.15742062,-0.55732305,-5.01709166,3.10229278,-0.25081120,2.16036201,0.00609398
0.58270343,0.24945584,0.02931962,-0.52707709,0.09160989,1.74663379,0.41634476,0.48146781,-1.93105528,-0.25115204,0.94050988,-1.72574968,-0.09127971,0.48524820,-1.51120257,-0.21279643,0.92074939,-1.65165002,0.91537810,0.06138749,0.33262468,0.31890552,0.16385816,0.06753300,-0.29645869,0.29954282,-0.04925701,-0.24241764,-0.22896423,0.07619247,-0.29571589,-0.11835969,-0.17145523,-0.28400319,-0.13982658,4.05146656,0.01193036,0.00829104,-0.96228630,0.27165053,-0.24420033,3.90823135,0.02244684,-0.42092361,3.93685150,0.07648788,0.09518795,4.10622129,0.02318963,-0.12856960,4.25950308,0.03490233,4.14119077,-5.75039244,1.29422235,-1.74280834,1.96148293,0.59426875,-0.56569154,-3.91289387,3.13227344,-0.05176770,2.34146676,0.04687214
0.58243163,0.26370609,0.04636215,-0.60761579,0.02972984,1.94417436,0.46084317,0.40468208,-1.87768867,-0.28421075,0.97370623,-1.70667391,-0.10459693,0.43144768,-1.45551963,-0.20861553,0.96787044,-1.64601696,0.91537810,0.06138749,0.33262468,0.31953087,0.15379989,0.06020259,-0.29681214,0.31661198,-0.03561468,-0.24284328,-0.24124793,0.08055695,-0.29534688,-0.10639152,-0.17313092,-0.29048883,-0.14666443,4.04065571,0.00972124,0.00285235,-0.95692647,0.29015358,-0.24113026,3.90517521,0.02271873,-0.42973938,3.89443626,0.07668759,0.09869709,4.10764608,0.02418399,-0.15434055,4.24371862,0.02904204,1.98449445,-3.63728838,2.79934053,-1.65025277,1.62856424,0.99253463,-0.68229234,-2.53843632,2.73080611,0.24446366,2.34388995,0.32866571
0.57643485,0.26894377,0.04667156,-0.60496250,-0.07577677,2.11138011,0.46374890,0.37450099,-1.81171572,-0.31649500,0.99926317,-1.68249500,-0.12102462,0.40814817,-1.41178000,-0.19630143,1.00944793,-1.63497007,0.91537810,0.06138749,0.33262468,0.32035175,0.14447397,0.05319442,-0.29774000,0.32303578,-0.02788805,-0.25035456,-0.25323919,0.08761405,-0.29466215,-0.10254761,-0.17549620,-0.29662389,-0.15290546,4.02954626,0.00848469,-0.00293717,-0.95065000,0.31013540,-0.23820591,3.90138149,0.02261175,-0.43022728,3.86155081,0.06999719,0.10327530,4.10814476,0.02568960,-0.17359352,4.23175144,0.02372786,-0.15042721,-1.14400673,3.35920548,-1.60780895,1.21707904,1.24060380,-0.84427351,-0.93576008,2.09421873,0.67932749,2.02952027,0.58297628
0.55510608,0.26561668,0.00881086,-0.53169262,-0.05441332,2.19777147,0.43420755,0.38927698,-1.75608389,-0.35069489,1.03224030,-1.67910089,-0.13908909,0.42623230,-1.39489331,-0.17694153,1.04055116,-1.63501964,0.91537810,0.06138749,0.33262468,0.32054233,0.13638363,0.04612360,-0.29534099,0.31881412,-0.02699060,-0.26145397,-0.26041116,0.09636225,-0.29242185,-0.10851640,-0.17871563,-0.30099592,-0.15827942,4.01846189,0.00741195,-0.00801011,-0.94357409,0.33098163,-0.23595486,3.89724140,0.02520134,-0.42407894,3.84035645,0.05908836,0.10525799,4.10591297,0.02812048,-0.18520069,4.22580299,0.01954641,-1.49049878,0.75800436,2.76748872,-1.70034873,1.64976585,0.16335868,-0.90042645,0.93793266,0.81953282,0.96951389,1.54290807,-0.01661968
0.54235136,0.26036537,0.00415201,-0.37821465,-0.08697762,2.21456252,0.39641799,0.41691698,-1.71171229,-0.37709941,1.06475182,-1.68017387,-0.15490597,0.46419778,-1.39323912,-0.15719963,1.06254923,-1.64327769,0.91537810,0.06138749,0.33262468,0.32069742,0.12862926,0.04110170,-0.29247007,0.31065638,-0.02980649,-0.27247272,-0.26405884,0.10457720,-0.28916781,-0.11960705,-0.18179622,-0.30382242,-0.16303673,4.00740805,0.00708889,-0.01180861,-0.93596499,0.35182359,-0.23273449,3.89174881,0.02822735,-0.41639423,3.82518349,0.04822471,0.10451946,4.10268211,0.03152961,-0.19281139,4.22297516,0.01687500,-1.90480428,1.41461551,2.17649012,-1.29050009,1.61637199,-0.06658744,-0.78235132,1.92845600,0.05439233,0.98331976,1.07011833,-0.42428110
0.54725218,0.25556144,0.01213700,-0.16311286,-0.18052942,2.18173697,0.35314816,0.45521077,-1.68034282,-0.39202365,1.09643035,-1.68718259,-0.16720359,0.51001040,-1.39951613,-0.13932604,1.07527843,-1.65573008,0.91537810,0.06138749,0.33262468,0.32104146,0.12109024,0.03925304,-0.28936442,0.29866724,-0.03612275,-0.28299358,-0.26541881,0.11151543,-0.28515599,-0.13344472,-0.18426164,-0.30503756,-0.16744728,3.99617796,0.00834180,-0.01398217,-0.92801484,0.37218728,-0.22784901,3.88412762,0.03167704,-0.40829296,3.81589947,0.03804788,0.10146446,4.09898510,0.03588547,-0.19832115,4.22158127,0.01600390,-2.18764114,1.95599580,1.52263200,-0.69086121,1.59400451,-0.38391637,-0.59667382,2.30873852,-0.33652780,0.88254648,0.60334106,-0.64180609
0.56233988,0.25127771,0.00944707,0.06419218,-0.25692928,2.12483258,0.30307564,0.50106974,-1.65801840,-0.39258637,1.13049483,-1.69976046,-0.17448228,0.55734911,-1.40941231,-0.12450770,1.07897515,-1.67234828,0.91537810,0.06138749,0.33262468,0.32132360,0.11289223,0.04137109,-0.28592418,0.28340862,-0.04627003,-0.29289461,-0.26463337,0.11685758,-0.28053108,-0.14853264,-0.18566471,-0.30488745,-0.17164307,3.98463163,0.01111524,-0.01438240,-0.91985178,0.39184473,-0.22000523,3.87455292,0.03539943,-0.40133076,3.81228046,0.02842900,0.09594879,4.09454575,0.04079253,-0.20266151,4.22036705,0.01643615,-2.54750328,2.32729354,1.07161186,0.06012868,1.71700561,-0.65110440,-0.33195269,2.36408844,-0.50832366,0.72149738,0.12763022,-0.85338157
0.58374584,0.24887790,0.00916407,0.25086034,-0.21042808,2.06126735,0.25012895,0.54462540,-1.64791310,-0.37561649,1.16171217,-1.70977390,-0.17555968,0.60196203,-1.41927493,-0.11317947,1.07288718,-1.69364560,0.91537810,0.06138749,0.33262468,0.32151088,0.10458128,0.04754774,-0.28312936,0.26857846,-0.05976457,-0.29965187,-0.26095274,0.12030379,-0.27592704,-0.16339924,-0.18593151,-0.30394202,-0.17567730,3.97265577,0.01432628,-0.01293321,-0.91154709,0.41074248,-0.20930958,3.86280632,0.03838152,-0.39832401,3.81099367,0.02185901,0.08728027,4.08851194,0.04558384,-0.20678139,4.21822119,0.01756886,-2.65413690,2.13757753,0.40537831,0.97968751,1.52550447,-0.46392199,-0.00784814,2.20481157,-0.48603770,0.54122061,-0.37364241,-1.10042095
0.59646988,0.24725651,0.00662500,0.39588690,-0.07852865,1.99984996,0.19956764,0.58282037,-1.64464142,-0.33740498,1.16696177,-1.71293371,-0.16970389,0.64276481,-1.42547626,-0.10678601,1.04354870,-1.70859721,0.91537810,0.06138749,0.33262468,0.32152656,0.10170323,0.05754015,-0.28302969,0.25541832,-0.07499591,-0.30325752,-0.25226789,0.12109549,-0.27405113,-0.17774107,-0.18539211,-0.30278498,-0.17939854,3.96029463,0.01695750,-0.00938731,-0.90317513,0.42883448,-0.19905167,3.84510708,0.03849686,-0.39890118,3.80969086,0.01826904,0.07384739,4.07933121,0.04747543,-0.21080894,4.21519756,0.01874158,-2.51747737,1.90787375,0.15872382,1.92983675,0.21858071,-0.17307186,0.30042618,2.03844020,-0.30590198,0.30886850,-1.49497595,-0.75194257
0.60200234,0.24931244,0.01415794,0.43280208,0.06712633,1.93894775,0.15665472,0.62071006,-1.64303224,-0.28628157,1.14423113,-1.73564737,-0.15868250,0.68322673,-1.42940235,-0.10762779,0.99421942,-1.72393148,0.91537810,0.06138749,0.33262468,0.32159421,0.11000519,0.07045321,-0.28257969,0.24263669,-0.08907622,-0.30509083,-0.23790341,0.11913529,-0.27380851,-0.19202445,-0.18399190,-0.30174319,-0.18269711,3.94768248,0.01848841,-0.00485448,-0.89471774,0.44622279,-0.19255524,3.81742268,0.03901452,-0.39977474,3.80738125,0.01650338,0.05555134,4.06612625,0.04778570,-0.21423492,4.21175022,0.01985102,-2.12210345,1.90080416,0.08813380,2.58898211,-1.19683877,-1.25581446,0.56454219,2.02818053,-0.19437645,-0.06042033,-2.52611151,-0.74872965
0.59628776,0.25312762,0.01958945,0.31672306,0.21433418,1.88053441,0.12029517,0.66178495,-1.63855925,-0.22400624,1.09319305,-1.79290752,-0.14395841,0.72644892,-1.43399637,-0.11402078,0.92601106,-1.73169408,0.91537810,0.06138749,0.33262468,0.32168329,0.13238911,0.08676284,-0.27802327,0.22945360,-0.10158435,-0.30585317,-0.21880802,0.11524824,-0.27565245,-0.20608294,-0.18164513,-0.30094054,-0.18541508,3.93499956,0.01822059,-0.00060670,-0.88619452,0.46295455,-0.18977547,3.77677298,0.04366002,-0.39982395,3.80462637,0.01583012,0.03413315,4.04883137,0.04603084,-0.21687336,4.20790157,0.02074276,-1.79952834,2.07295699,0.23693845,3.15966234,-2.71436386,-2.96820951,0.74628651,2.17854309,-0.24023580,-0.33849833,-3.47991347,-0.34838101
0.58541146,0.25688454,0.02998119,0.13263260,0.29046389,1.82983722,0.08661005,0.70616466,-1.62838602,-0.14956111,0.99181747,-1.84876256,-0.12727570,0.77261772,-1.44036124,-0.12375193,0.84242933,-1.72582879,0.91537810,0.06138749,0.33262468,0.32195556,0.16755299,0.10598856,-0.27113077,0.21552367,-0.11312868,-0.30600626,-0.19646186,0.11046080,-0.27926681,-0.21963204,-0.17834137,-0.30041407,-0.18750896,3.92235460,0.01640526,0.00241619,-0.87759830,0.47910986,-0.18892937,3.72409830,0.05082478,-0.39919834,3.80220404,0.01594930,0.01163063,4.02791157,0.04268875,-0.21880054,4.20353909,0.02154148,-1.67596061,2.23282099,0.55237479,3.79805832,-5.40969329,-2.67349839,0.84363964,2.32047253,-0.32541702,-0.50109046,-4.26332469,0.38979435
0.58008896,0.26046982,0.04316814,-0.03050657,0.30715414,1.78946288,0.05264394,0.75177354,-1.60860443,-0.06192120,0.83583444,-1.86584020,-0.10887151,0.82162219,-1.44954324,-0.13540734,0.74952936,-1.70240355,0.91537810,0.06138749,0.33262468,0.32248849,0.21077107,0.12783097,-0.26305228,0.20049552,-0.12443250,-0.30616727,-0.17285827,0.10525915,-0.28430252,-0.23265215,-0.17398037,-0.29994705,-0.18904018,3.90970850,0.01363097,0.00410338,-0.86890468,0.49477472,-0.18663979,3.66321421,0.05943621,-0.39835453,3.80076170,0.01632121,-0.01031685,4.00466871,0.03818597,-0.21996689,4.19856787,0.02254143,-1.70526326,2.28581762,1.06330633,4.47604179,-8.17476845,-0.52573442,0.93267196,2.47256374,-0.48368451,-0.59474671,-4.69606113,1.29859674
0.59258208,0.26694618,0.05590525,-0.06104235,0.30422984,1.74712799,0.01637975,0.79363409,-1.57448995,0.03763059,0.64869447,-1.81693225,-0.08625632,0.87805144,-1.46355088,-0.14790790,0.64805157,-1.65617540,0.91537810,0.06138749,0.33262468,0.32333577,0.25475591,0.15198617,-0.25474327,0.18426810,-0.13662630,-0.30677951,-0.14864347,0.09977365,-0.29068370,-0.24671860,-0.16819763,-0.29863902,-0.19006653,3.89674234,0.01060513,0.00530573,-0.86015958,0.50988712,-0.17899628,3.60030041,0.06859249,-0.39836655,3.80065603,0.01655625,-0.03119507,3.97926216,0.03265207,-0.21921654,4.19391365,0.02469675,-1.81412382,2.07958457,1.72316828,4.98251877,-9.35131779,2.52725315,1.13278744,2.83211493,-0.70076174,-0.62607634,-5.08046389,2.33633704
0.61443418,0.27254251,0.05372996,-0.01398207,0.31186569,1.66761182,-0.01971893,0.82524914,-1.52856343,0.13673930,0.47095648,-1.71494241,-0.06167954,0.94114372,-1.47643740,-0.16086337,0.54589303,-1.59524014,0.91537810,0.06138749,0.33262468,0.32414262,0.29348425,0.17555944,-0.24885309,0.16838325,-0.14924023,-0.30785688,-0.12529783,0.09363908,-0.29738783,-0.26300751,-0.16202975,-0.29614855,-0.19075851,3.88332205,0.00776865,0.00691520,-0.85153201,0.52419946,-0.16620102,3.54221935,0.07528954,-0.39984436,3.80020361,0.01628574,-0.05072060,3.95301571,0.02675480,-0.21696320,4.19112053,0.02799408,-1.79870615,1.54551303,2.32722464,4.92635593,-8.82128010,5.22103195,1.23831551,3.16797900,-0.63121601,-0.64708054,-5.08186007,3.06918502
0.62852493,0.27778379,0.05546648,0.01979846,0.36466799,1.52959299,-0.05299253,0.84457309,-1.47288005,0.21970888,0.32625724,-1.58056216,-0.03626801,1.00483477,-1.48245006,-0.17291873,0.46197034,-1.53278265,0.91537810,0.06138749,0.33262468,0.32496186,0.32318188,0.19577221,-0.24820524,0.15388110,-0.16172628,-0.30928030,-0.10672791,0.08712971,-0.30382177,-0.28049592,-0.15609173,-0.29311636,-0.19107323,3.86957655,0.00470375,0.00908404,-0.84336485,0.53724397,-0.15028458,3.49393101,0.07675662,-0.40269108,3.79849443,0.01568156,-0.06699238,3.92946291,0.02114009,-0.21394768,4.18976297,0.03184550,-1.64788475,0.91376487,2.81993985,4.04524598,-7.03581181,6.79983568,1.25997109,3.16380978,-0.25811433,-0.59515247,-4.06590924,3.09325194
0.62799271,0.28505323,0.04892407,0.02987071,0.40128116,1.38553367,-0.08266783,0.85359466,-1.41373818,0.27714592,0.23127491,-1.44398246,-0.01574270,1.06099000,-1.48145885,-0.18352875,0.42189726,-1.49772253,0.91537810,0.06138749,0.33262468,0.32568125,0.34023724,0.21117691,-0.25387907,0.14141365,-0.17369041,-0.31051505,-0.09778034,0.08098685,-0.30801140,-0.29672499,-0.15198690,-0.28974104,-0.19088402,3.85576639,0.00136739,0.01153675,-0.83576568,0.54896335,-0.13227386,3.45963268,0.07180218,-0.40646267,3.79500437,0.01516620,-0.07771397,3.91331987,0.01766985,-0.21246490,4.18845243,0.03594021,-1.46357718,0.40048739,2.95590711,2.71975951,-4.45109653,6.77015543,0.98800869,2.75314569,0.07708025,-0.52366304,-1.69538236,1.50865455
0.62245277,0.29474939,0.02518737,0.03410644,0.41296389,1.30483200,-0.10886251,0.85663730,-1.35954666,0.31115645,0.18186347,-1.32761836,-0.00164836,1.11092973,-1.48108459,-0.19172740,0.42550510,-1.49233711,0.91537810,0.06138749,0.33262468,0.32595351,0.34567741,0.22185850,-0.26388574,0.13126368,-0.18485815,-0.31084573,-0.09866183,0.07571486,-0.31046713,-0.31078026,-0.14994724,-0.28536919,-0.19013214,3.84200144,-0.00203947,0.01409510,-0.82847241,0.55984877,-0.11329174,3.43850470,0.06206777,-0.41061974,3.78920078,0.01510778,-0.08306980,3.90528297,0.01548638,-0.21327782,4.18628740,0.04058433,-1.28502166,0.11763810,2.66066527,1.54230762,-2.16387296,5.64546299,0.65953523,2.46213889,-0.00121593,-0.38923767,0.46306548,0.09469985
0.62783528,0.30187332,-0.01882028,0.01323152,0.36452109,1.31446773,-0.13321386,0.86291984,-1.31600254,0.31940525,0.17688396,-1.25489471,0.00662551,1.15635266,-1.49279153,-0.19504298,0.46414952,-1.51229362,0.91537810,0.06138749,0.33262468,0.32527371,0.34079839,0.22584151,-0.27564932,0.12174155,-0.19514533,-0.30939478,-0.10728049,0.07251271,-0.31111591,-0.32082959,-0.14939689,-0.27954232,-0.18887329,3.82814789,-0.00519554,0.01621378,-0.82103520,0.57062362,-0.09606056,3.42998495,0.04962439,-0.41422348,3.78210449,0.01587893,-0.08349991,3.90340509,0.01415780,-0.21700459,4.18093634,0.04573140,-1.21580739,0.31840035,2.17669201,0.37607105,-0.20761602,3.57906656,0.40828946,2.25922515,-0.59803246,-0.15942638,1.95633483,-1.01686757
0.64831198,0.30286879,-0.04773948,0.08344231,0.27125034,1.36427870,-0.15625793,0.87286431,-1.27343934,0.30222125,0.20304235,-1.22829607,0.01089627,1.19304862,-1.51406944,-0.19429590,0.51701496,-1.54318399,0.91537810,0.06138749,0.33262468,0.32399330,0.32979693,0.22177012,-0.28805089,0.11034642,-0.20458424,-0.30748906,-0.11943999,0.07122347,-0.31016709,-0.32675736,-0.14962245,-0.27305833,-0.18737488,3.81396503,-0.00725798,0.01835186,-0.81316158,0.58170334,-0.08407784,3.43019724,0.03594240,-0.41664124,3.77565079,0.01650424,-0.08137550,3.90398073,0.01382620,-0.22337742,4.17154169,0.05093497,-1.14793100,0.51247640,2.12092209,-0.93168455,1.41250067,1.15426112,0.20052699,1.80713499,-1.09617940,0.04621822,2.66491218,-1.55864799
0.67130649,0.29274172,-0.06187888,0.14119600,0.13055947,1.40179875,-0.17667623,0.88638511,-1.23479414,0.26307325,0.26451764,-1.26266282,0.01032085,1.21880598,-1.54584897,-0.19128477,0.57466614,-1.57522516,0.91537810,0.06138749,0.33262468,0.32236970,0.31345100,0.20991379,-0.29758416,0.09765144,-0.21232983,-0.30530849,-0.13335093,0.07143736,-0.30828346,-0.32791627,-0.15057514,-0.26634561,-0.18580933,3.79946251,-0.00786737,0.02021775,-0.80490048,0.59301312,-0.07829800,3.43785963,0.02478555,-0.41754704,3.76917400,0.01706122,-0.07803841,3.90562840,0.01408624,-0.23236160,4.15728207,0.05602409,-1.00320172,0.68129677,1.90755551,-2.03207040,3.21777053,-1.97664913,-0.05121072,1.23380752,-1.62942398,0.15546834,2.88713527,-1.58530700
0.69607803,0.26174802,-0.03852493,-0.02844954,-0.01012507,1.35227648,-0.18996827,0.90003715,-1.20780125,0.21739162,0.34466024,-1.32967551,0.00419169,1.23306713,-1.58476069,-0.18775203,0.63199718,-1.60167952,0.91537810,0.06138749,0.33262468,0.32113549,0.29559291,0.19594745,-0.30187806,0.08765913,-0.21651907,-0.30348765,-0.14701989,0.07284054,-0.30667129,-0.32393845,-0.15209192,-0.26113861,-0.18451691,3.78469601,-0.00819498,0.02013888,-0.79675042,0.60391724,-0.07581501,3.44712458,0.01925743,-0.41667461,3.75886135,0.01764784,-0.07462921,3.90653725,0.01446420,-0.24333153,4.13769588,0.05999689,-0.61105280,0.67865747,1.25782583,-2.27474737,4.04979672,-3.41878200,-0.33955569,0.65215588,-1.97646043,0.17694138,2.85877395,-1.28360069
0.71654219,0.21778039,-0.01134621,-0.20669007,-0.12584169,1.22499769,-0.18788214,0.91556644,-1.21355546,0.17493562,0.42648119,-1.39473701,-0.00828474,1.23265123,-1.62878883,-0.18414629,0.68894207,-1.62277532,0.91537810,0.06138749,0.33262468,0.32053739,0.27828184,0.18374382,-0.30290384,0.08454870,-0.21449081,-0.30228841,-0.16010881,0.07519761,-0.30551213,-0.31429487,-0.15446781,-0.25795935,-0.18375587,3.76975918,-0.00868284,0.01790310,-0.78922130,0.61378647,-0.07424259,3.45478392,0.01763355,-0.41246605,3.74066544,0.01824898,-0.07142735,3.90640402,0.01502526,-0.25602245,4.11242390,0.06257804,0.23131369,0.79720968,-0.56927204,-2.09521008,4.08649731,-3.19948888,-0.67074513,-0.13711452,-2.23713398,0.18086492,2.84727192,-1.02076292
0.72640304,0.16919013,0.00467395,-0.26410709,-0.20144181,1.05836266,-0.15705138,0.93805064,-1.28683560,0.13547196,0.50548948,-1.44945140,-0.02742042,1.20707312,-1.67230105,-0.17957878,0.74614928,-1.63799510,0.91537810,0.06138749,0.33262468,0.32044992,0.26157349,0.17303749,-0.30257092,0.09313280,-0.20208479,-0.30074855,-0.17346367,0.07833927,-0.30464070,-0.29795899,-0.15802865,-0.25693186,-0.18371811,3.75483875,-0.00891646,0.01449679,-0.78270933,0.62215467,-0.07417965,3.46096125,0.01787899,-0.40160809,3.70971737,0.01970137,-0.06825104,3.90614653,0.01580922,-0.27042313,4.08077564,0.06351806,1.57340288,1.11910261,-3.74130507,-1.96676810,3.94278622,-2.71971250,-0.96088202,-1.30717561,-2.16427801,0.22902165,2.85726905,-0.75452608
0.73003179,0.12296897,0.01178243,-0.23953270,-0.25608464,0.87581004,-0.10729905,0.95286812,-1.40530045,0.10099093,0.57809266,-1.49254975,-0.04811714,1.16268806,-1.70693355,-0.17560611,0.80071812,-1.65021296,0.91537810,0.06138749,0.33262468,0.32060007,0.24568265,0.16423427,-0.30185705,0.11260049,-0.18351635,-0.29761330,-0.18646171,0.08162119,-0.30345115,-0.27872227,-0.16187153,-0.25721322,-0.18431854,3.74003887,-0.00858358,0.01092430,-0.77722211,0.62907295,-0.07488689,3.46552553,0.01874302,-0.38727055,3.66815281,0.02298677,-0.06563301,3.90539827,0.01714893,-0.28455429,4.04637413,0.06338685,2.51750822,0.68974181,-5.98859835,-1.70629952,3.60424852,-2.11879187,-1.02995670,-2.26597292,-1.69949329,0.18945371,2.71751237,-0.61318868
0.72926003,0.08852131,0.01633815,-0.15975960,-0.31594812,0.71014536,-0.04964802,0.94418956,-1.53766482,0.07263834,0.64171090,-1.52276266,-0.06587259,1.10249429,-1.73030553,-0.17399508,0.85102152,-1.65994723,0.91537810,0.06138749,0.33262468,0.32090451,0.23073042,0.15762294,-0.30137005,0.14017733,-0.16305924,-0.29229379,-0.19896036,0.08445695,-0.30175098,-0.25793569,-0.16487496,-0.25851703,-0.18537884,3.72537212,-0.00729028,0.00761348,-0.77269381,0.63469139,-0.07557182,3.46842089,0.01953445,-0.37255917,3.61953487,0.02861071,-0.06388664,3.90413971,0.01915353,-0.29701576,4.01041908,0.06238747,2.90175419,-0.56662417,-6.62650061,-1.39184914,3.14288282,-1.45404184,-0.86811768,-3.07433486,-1.12025634,0.07529407,2.49437404,-0.45728584
0.72126035,0.06758322,0.02169031,-0.11866508,-0.36985430,0.57117924,0.01225763,0.89653889,-1.66408379,0.04970863,0.69768832,-1.53992865,-0.07852053,1.02678084,-1.74225335,-0.17399187,0.89773926,-1.65891011,0.91537810,0.06138749,0.33262468,0.32134011,0.21628790,0.15298571,-0.30139007,0.17539755,-0.14237166,-0.28465924,-0.21224280,0.08684700,-0.30090928,-0.23523600,-0.16643111,-0.26098483,-0.18666401,3.71091557,-0.00529010,0.00431611,-0.76899269,0.63922111,-0.07577820,3.47031336,0.01995004,-0.35869007,3.56448803,0.03668087,-0.06249466,3.90371437,0.02043083,-0.30730629,3.97260380,0.06035528,3.11862593,-2.63955812,-6.25321150,-1.11803689,2.76049137,-0.78443377,-0.60097684,-3.87622256,-0.53149220,-0.01065999,2.32082582,0.13014221
0.71049285,0.05574871,0.03255490,-0.15116225,-0.40982040,0.44638644,0.07714421,0.79569852,-1.76438820,0.03121030,0.74878132,-1.54486251,-0.08512607,0.93663490,-1.74145913,-0.17653762,0.94402319,-1.64826012,0.91537810,0.06138749,0.33262468,0.32200587,0.20183362,0.14998383,-0.30182475,0.21789513,-0.12228986,-0.27477587,-0.22679519,0.08859054,-0.30092451,-0.21040871,-0.16624044,-0.26478657,-0.18802357,3.69669628,-0.00312719,0.00058989,-0.76604190,0.64278277,-0.07536507,3.47188520,0.02018112,-0.34629154,3.50334597,0.04723000,-0.06139755,3.90466309,0.02108136,-0.31520271,3.93277502,0.05721930,3.26246595,-5.44540262,-4.78794289,-0.89482701,2.52499557,-0.16130446,-0.28556317,-4.60634661,0.13418198,-0.14736681,2.31738901,0.58948511
0.70619766,0.05216033,0.04808820,-0.22446246,-0.39457015,0.34189321,0.13821739,0.64136801,-1.80525072,0.01797291,0.79379169,-1.53605733,-0.08301378,0.83358878,-1.72228804,-0.18237341,0.99331031,-1.63151376,0.91537810,0.06138749,0.33262468,0.32306021,0.18763788,0.14858624,-0.30265459,0.26332293,-0.10508879,-0.26379640,-0.24284841,0.08939199,-0.30125564,-0.18380151,-0.16366127,-0.27033845,-0.18935699,3.68260546,-0.00152116,-0.00366878,-0.76383209,0.64540280,-0.07417374,3.47279921,0.02040562,-0.33692284,3.44051676,0.05926381,-0.06068516,3.90712681,0.02180457,-0.32004414,3.89114532,0.05272176,3.03665142,-7.73632870,-1.95649176,-0.65517157,2.24148111,0.45646616,0.11829274,-5.16168480,0.98253100,-0.29433685,2.47065973,0.83696789
0.71275940,0.05499946,0.06336773,-0.30544049,-0.32918342,0.28966230,0.18454144,0.48429815,-1.78975990,0.00922776,0.83261214,-1.51531301,-0.07221375,0.72527953,-1.68689723,-0.18978691,1.04655695,-1.61383507,0.91537810,0.06138749,0.33262468,0.32448913,0.17383343,0.14826564,-0.30395461,0.30280891,-0.09272644,-0.25477949,-0.25977802,0.08963248,-0.30117267,-0.15663743,-0.15891117,-0.27709018,-0.19058952,3.66839437,-0.00091178,-0.00812671,-0.76194205,0.64759357,-0.07229576,3.47292738,0.02053452,-0.33093185,3.38450098,0.06970964,-0.06023960,3.91031895,0.02331646,-0.32216244,3.84860706,0.04739895,2.25374999,-7.78186989,0.90490579,-0.42582370,1.92430825,1.07557145,0.56348881,-5.42119694,1.81185572,-0.37371662,2.67040634,0.89500660
0.73375780,0.06092687,0.06993896,-0.36861215,-0.29866244,0.31681411,0.20552114,0.35570046,-1.73225727,0.00306890,0.86797410,-1.48115132,-0.05484861,0.61735928,-1.63703575,-0.19741150,1.10170245,-1.59047375,0.91537810,0.06138749,0.33262468,0.32616717,0.15899589,0.14859134,-0.30600814,0.33286981,-0.08620483,-0.25056119,-0.27796877,0.08978639,-0.30096415,-0.13001417,-0.15230995,-0.28455508,-0.19169445,3.65378628,-0.00097494,-0.01282730,-0.75988496,0.64993027,-0.06958065,3.47365494,0.02015904,-0.32851772,3.33832951,0.07560598,-0.05985394,3.91445141,0.02520302,-0.32197990,3.80586424,0.04161209,0.92044594,-6.28840818,3.03451953,-0.30494800,1.76694191,1.76554716,0.88693302,-5.38065252,2.55314956,-0.37725714,2.76011443,1.20274820
0.76292061,0.06214084,0.06406850,-0.43323085,-0.34750893,0.41580490,0.20055788,0.26228775,-1.64446273,-0.00547599,0.90457708,-1.43625095,-0.03707156,0.52405646,-1.57880406,-0.20255108,1.15582395,-1.55971880,0.91537810,0.06138749,0.33262468,0.32787328,0.14182808,0.14848683,-0.30837632,0.35399454,-0.08430471,-0.25300594,-0.29704037,0.09108382,-0.30050824,-0.10725009,-0.14507641,-0.29241398,-0.19274349,3.63861942,-0.00110645,-0.01827438,-0.75719744,0.65292945,-0.06678600,3.47645206,0.01949696,-0.32831020,3.30091972,0.07486735,-0.05886745,3.91898785,0.02736504,-0.32042503,3.76608381,0.03545930,-0.37905349,-4.46026106,4.53325753,-0.45409977,1.84371459,2.29494216,0.87429562,-4.53432646,2.93521047,-0.23610072,2.69299483,1.57700145
0.78715475,0.04828183,0.03667422,-0.39766603,-0.41044054,0.51223844,0.17904758,0.21644673,-1.55093133,-0.01874608,0.94378638,-1.38674068,-0.02496840,0.46622720,-1.52643788,-0.20415948,1.20672691,-1.52828825,0.91537810,0.06138749,0.33262468,0.32922050,0.12233415,0.14722965,-0.31033953,0.36343050,-0.08491179,-0.26231165,-0.31560159,0.09392065,-0.29876532,-0.09363311,-0.13890790,-0.30017019,-0.19394684,3.62299013,-0.00061972,-0.02397342,-0.75384544,0.65661400,-0.06497765,3.48153639,0.01888098,-0.32812500,3.27472591,0.06690885,-0.05743599,3.92264032,0.03045519,-0.31862831,3.73486996,0.02905031,-1.17553973,-1.92152107,4.66217232,-0.69732881,1.97974551,2.49664998,0.55569744,-2.60213423,2.54784083,-0.05554765,2.51950240,1.55865657
0.79148105,0.02059996,-0.01388730,-0.37224011,-0.40759797,0.52854404,0.14552641,0.22017953,-1.47517838,-0.03428898,0.98372281,-1.34357748,-0.01796431,0.46435329,-1.50641520,-0.20426703,1.25676587,-1.51444457,0.91537810,0.06138749,0.33262468,0.32960578,0.10317455,0.14515451,-0.31047117,0.36022793,-0.08855045,-0.27539903,-0.33052770,0.09747386,-0.29443111,-0.09308370,-0.13403557,-0.30620752,-0.19553623,3.60723801,0.00012816,-0.02947970,-0.75026099,0.66048420,-0.06473541,3.48638287,0.01913461,-0.32933388,3.26125603,0.05420676,-0.05667839,3.92262383,0.03517467,-0.31659679,3.71666584,0.02339826,-1.67803535,0.22618923,3.75221133,-0.77605379,1.99429748,2.13426015,0.34542701,-0.02850723,0.95040884,-0.00186270,2.49962687,0.66181035
0.79600682,-0.00462607,-0.07118417,-0.26356480,-0.36495825,0.47866504,0.11462973,0.25068349,-1.42846565,-0.04823914,1.02284787,-1.31771102,-0.01435139,0.50276788,-1.51852009,-0.20137522,1.30546024,-1.52264121,0.91537810,0.06138749,0.33262468,0.32892764,0.08691632,0.14324683,-0.30838989,0.35001840,-0.09277821,-0.28729343,-0.34089474,0.10170841,-0.28765399,-0.10171064,-0.13049402,-0.30939099,-0.19742947,3.59140034,0.00124050,-0.03397024,-0.74696947,0.66398878,-0.06547546,3.48814220,0.02053774,-0.33097878,3.25482159,0.04163421,-0.05609245,3.91786270,0.04127364,-0.31496944,3.70783958,0.01953665,-1.50870485,1.59516363,2.22241383,-0.68703530,1.96075766,1.23985567,0.17062156,1.99767268,-0.67289538,0.15701025,2.43287635,-0.47836733
0.81550941,-0.02027872,-0.11762108,-0.07055232,-0.24892346,0.36349181,0.09962643,0.30282050,-1.42017133,-0.05741839,1.06440623,-1.30872118,-0.01293768,0.56043392,-1.54544096,-0.19419423,1.35360560,-1.55773215,0.91537810,0.06138749,0.33262468,0.32734610,0.07225797,0.14205395,-0.30428755,0.33480132,-0.09424376,-0.29595813,-0.34617658,0.10643208,-0.27803354,-0.11545353,-0.12844627,-0.31021825,-0.19951000,3.57517920,0.00274248,-0.03636344,-0.74443951,0.66669333,-0.06636639,3.48758173,0.02305855,-0.33037796,3.25292559,0.03138797,-0.05526505,3.90738306,0.04931256,-0.31432972,3.70419235,0.01712785,-0.66348987,2.68325000,0.25697705,-0.43219889,2.09324169,0.38766000,0.06874222,2.92192965,-1.35890138,0.37710212,2.40546203,-1.88641963
0.85058774,-0.02331803,-0.12865208,0.11109715,-0.06540402,0.22045645,0.09815032,0.36846256,-1.44390371,-0.05909409,1.10457137,-1.31169980,-0.01035001,0.62351445,-1.57808843,-0.18220292,1.38678374,-1.60185919,0.91537810,0.06138749,0.33262468,0.32546840,0.05967854,0.14201431,-0.29911652,0.31711061,-0.09368074,-0.30075383,-0.34624928,0.11093285,-0.26904460,-0.13095616,-0.12729014,-0.30889134,-0.20164204,3.55829000,0.00409949,-0.03625042,-0.74289076,0.66841785,-0.06679096,3.48382673,0.02635188,-0.32856140,3.25295954,0.02471457,-0.05446548,3.89075613,0.05642380,-0.31426182,3.70205746,0.01657706,-0.02520838,3.34075379,-1.34914674,-0.03551316,1.97900095,-0.20678327,0.14306627,3.16954327,-1.67678106,0.62961597,1.51104054,-2.16484017
0.89177121,-0.01646081,-0.11078103,0.25739570,0.11729268,0.10281875,0.10189635,0.43657723,-1.48494160,-0.05317704,1.13919950,-1.32838404,-0.00554180,0.68321258,-1.60643160,-0.16695069,1.39369237,-1.64312458,0.91537810,0.06138749,0.33262468,0.32386214,0.05113339,0.14309052,-0.29354812,0.29957177,-0.09333483,-0.30218462,-0.34076635,0.11460516,-0.26336451,-0.14648934,-0.12666371,-0.30663210,-0.20371819,3.54061508,0.00504555,-0.03386266,-0.74218665,0.66931819,-0.06672478,3.47487068,0.03031401,-0.32771683,3.25238085,0.02167752,-0.05427837,3.86760712,0.06049763,-0.31445217,3.69948864,0.01723003,0.21522401,3.40113378,-2.14368582,0.34764421,1.69066417,-0.94234222,0.25577477,2.94332361,-1.35191190,0.78019553,0.15666960,-2.05540895
0.92750681,-0.00186469,-0.09038441,0.36654787,0.24951580,0.06071552,0.10896499,0.50555853,-1.53150434,-0.04279127,1.15774431,-1.36327596,0.00141016,0.73872100,-1.62531562,-0.15155642,1.37239454,-1.69335525,0.91537810,0.06138749,0.33262468,0.32262793,0.05080169,0.14447536,-0.28933038,0.28195106,-0.09333293,-0.30188859,-0.32710505,0.11707741,-0.26024541,-0.16237338,-0.12638129,-0.30427517,-0.20558052,3.52212429,0.00568049,-0.02950082,-0.74190977,0.66982634,-0.06708317,3.45676050,0.03329754,-0.32736282,3.25124331,0.02073933,-0.05554409,3.83548336,0.06238252,-0.31462650,3.69661303,0.01835276,0.35453498,3.45902267,-2.32553082,0.51952398,0.90300893,-1.78297076,0.34938760,2.77321362,-0.92925453,0.76901609,-1.11018414,-2.51294065
0.94345781,0.01638847,-0.08039672,0.39504433,0.34704868,0.09053742,0.11617848,0.58087305,-1.57597532,-0.03333132,1.15945020,-1.42847710,0.00926015,0.79295844,-1.63570771,-0.13654692,1.32139957,-1.74338405,0.91537810,0.06138749,0.33262468,0.32149107,0.06159666,0.14499782,-0.28592983,0.26250196,-0.09392529,-0.30120775,-0.30647143,0.11871529,-0.25983851,-0.17896508,-0.12638791,-0.30218061,-0.20711136,3.50327911,0.00581459,-0.02425644,-0.74145656,0.67053708,-0.06905499,3.42739134,0.03556124,-0.32699852,3.25157232,0.02028333,-0.05813160,3.79623489,0.06165257,-0.31483097,3.69406404,0.01931046,0.35660923,3.77926774,-2.21566200,0.46256074,0.03806447,-3.37127337,0.39253126,2.71019816,-0.50941657,0.75011402,-2.62025776,-2.49238420
0.92938813,0.03404957,-0.07518503,0.34382880,0.38398463,0.19604860,0.12127579,0.65711809,-1.61374540,-0.02871509,1.14428663,-1.52602224,0.01645283,0.84554722,-1.64093695,-0.12204858,1.24548376,-1.78565087,0.91537810,0.06138749,0.33262468,0.32033772,0.08373424,0.14392418,-0.28178758,0.24275004,-0.09534237,-0.30001463,-0.28112156,0.11998037,-0.26118785,-0.19539950,-0.12678684,-0.30003223,-0.20822144,3.48464184,0.00536239,-0.01907740,-0.74031554,0.67196741,-0.07308617,3.38735847,0.03855014,-0.32663231,3.25227013,0.02032309,-0.06157112,3.75281773,0.05914988,-0.31548214,3.69140501,0.02030550,0.24183402,3.79447365,-1.83726876,0.20324813,-0.83241318,-4.97826405,0.35299727,2.61629939,-0.23020933,0.72052711,-3.90398016,-2.05383236
0.89355420,0.04719901,-0.05053606,0.24015790,0.36895220,0.36279992,0.12266470,0.72720159,-1.63648815,-0.03164659,1.10476899,-1.63530536,0.02207765,0.89632094,-1.63991852,-0.10931266,1.14427650,-1.80966806,0.91537810,0.06138749,0.33262468,0.31952758,0.11448465,0.14088656,-0.27676806,0.22390300,-0.09752558,-0.29924734,-0.25229459,0.12083835,-0.26454063,-0.21160538,-0.12749296,-0.29826159,-0.20890923,3.46665649,0.00437426,-0.01468828,-0.73807050,0.67454952,-0.07888985,3.33996506,0.04275951,-0.32617645,3.25243187,0.02028024,-0.06587029,3.70706100,0.05498695,-0.31685467,3.68887053,0.02126599,0.04539281,3.46033764,-1.03809922,-0.19448912,-2.14518766,-5.48052788,0.27219896,2.53367448,0.08214569,0.62356170,-5.20508728,-1.07787173
0.84759098,0.05413960,-0.00791595,0.10112339,0.33772873,0.57002645,0.11928523,0.79104900,-1.64070427,-0.04566415,1.02024269,-1.73999596,0.02716181,0.94624501,-1.63328600,-0.09975819,1.01947546,-1.80901003,0.91537810,0.06138749,0.33262468,0.31946900,0.15541925,0.13514326,-0.27118400,0.20537746,-0.10057981,-0.29947713,-0.22050816,0.12099742,-0.26990093,-0.22768650,-0.12808335,-0.29705110,-0.20921898,3.44954157,0.00274251,-0.01146238,-0.73444187,0.67856925,-0.08678913,3.28392220,0.04828501,-0.32572460,3.25276089,0.01999187,-0.07116318,3.65979099,0.04956807,-0.31889629,3.68664360,0.02241790,-0.20463108,3.15192795,-0.07505893,-0.78778172,-4.59174824,-5.18041801,0.25332245,2.49021268,0.37215468,0.45252573,-6.40362692,0.21816014
0.81482730,0.05347389,0.02912255,-0.04563214,0.30515211,0.76196617,0.10912622,0.84278373,-1.62206144,-0.06798186,0.86404287,-1.79804268,0.03699532,0.99572723,-1.62518864,-0.09611833,0.88804278,-1.78256419,0.91537810,0.06138749,0.33262468,0.32025936,0.20601958,0.12783383,-0.26582737,0.18794154,-0.10514690,-0.30102945,-0.18891963,0.11991847,-0.27617379,-0.24296450,-0.12707182,-0.29633165,-0.20920677,3.43320618,0.00028324,-0.00967479,-0.72927544,0.68415178,-0.09479408,3.21944160,0.05443199,-0.32614422,3.25236502,0.01922990,-0.07746544,3.61407986,0.04408556,-0.32049904,3.68379154,0.02392771,-0.51416513,2.57011609,0.95161622,-1.11119953,-7.87416344,-2.81195191,0.49537657,2.47085643,0.40646264,0.17449744,-6.56915236,1.35310640
0.79384208,0.04584474,0.05578290,-0.13168894,0.24036269,0.85401654,0.09584957,0.88394822,-1.59191084,-0.08412066,0.67618133,-1.79344053,0.04952805,1.04377563,-1.61540952,-0.09781833,0.75758069,-1.73400815,0.91537810,0.06138749,0.33262468,0.32160410,0.25571628,0.12263734,-0.26073152,0.17194869,-0.11023545,-0.30300779,-0.15872644,0.11761950,-0.28313968,-0.25766203,-0.12492048,-0.29587784,-0.20904579,3.41730366,-0.00230301,-0.00893292,-0.72339669,0.69037101,-0.09850273,3.15613136,0.06087258,-0.32720280,3.25069895,0.01859631,-0.08413124,3.57035522,0.03846442,-0.32177849,3.68052635,0.02572625,-0.66393484,2.03562136,1.52523410,-0.76857972,-9.38883057,0.40467595,0.63512279,2.40435195,0.49780079,-0.10092052,-6.52580500,2.49483194
0.77767336,0.03106395,0.07903564,-0.19804062,0.15788457,0.80042617,0.08380024,0.91859020,-1.55534024,-0.08719673,0.49728634,-1.73370152,0.06372639,1.09099267,-1.59803839,-0.10531452,0.62830136,-1.66482124,0.91537810,0.06138749,0.33262468,0.32345044,0.29820944,0.12112476,-0.25731887,0.15675576,-0.11453268,-0.30514126,-0.12944286,0.11393875,-0.29084249,-0.27316567,-0.12182023,-0.29617441,-0.20890045,3.40174456,-0.00475346,-0.00920292,-0.71775541,0.69621827,-0.09693375,3.09997721,0.06613157,-0.32816410,3.24855747,0.01830918,-0.09106407,3.52764959,0.03260795,-0.32232666,3.67850103,0.02727603,-0.58998852,1.71208036,1.85732162,-0.09989699,-8.86357536,3.18918209,0.70960087,2.34867358,0.92678680,-0.40093041,-6.44673777,3.53159356
0.77029917,0.01414357,0.08775913,-0.25204069,0.11846333,0.59247526,0.07634520,0.94828357,-1.51409888,-0.08022981,0.34992402,-1.63738995,0.07779846,1.13687909,-1.57241015,-0.11571602,0.51559057,-1.58958087,0.91537810,0.06138749,0.33262468,0.32557399,0.33139928,0.12208281,-0.25762436,0.14214188,-0.11722446,-0.30744963,-0.10379227,0.10954706,-0.29798397,-0.28957704,-0.11852678,-0.29691151,-0.20888519,3.38637438,-0.00728421,-0.01016589,-0.71339026,0.70065536,-0.09280853,3.05282393,0.06794962,-0.32865810,3.24637318,0.01812436,-0.09748116,3.48817091,0.02759002,-0.32216187,3.67804518,0.02866247,-0.33928726,1.45520055,2.07998369,0.39486951,-7.13396225,4.97907214,0.70265681,2.29319263,1.30575216,-0.52300724,-5.48708181,3.75030446
0.77500733,0.00378328,0.08213404,-0.27382288,0.15116353,0.28647455,0.07369874,0.97392505,-1.47092855,-0.06758243,0.24981214,-1.52759612,0.09052228,1.18058538,-1.54286623,-0.12358489,0.43740126,-1.52472985,0.91537810,0.06138749,0.33262468,0.32769012,0.35274315,0.12409183,-0.26306541,0.12816434,-0.11867812,-0.30960380,-0.08592048,0.10572541,-0.30407578,-0.30609044,-0.11585577,-0.29720265,-0.20897484,3.37094736,-0.01018882,-0.01110763,-0.71102940,0.70300071,-0.08890438,3.01681519,0.06462472,-0.32910347,3.24414158,0.01808633,-0.10227871,3.45565939,0.02361435,-0.32134056,3.67833614,0.03048748,-0.10096907,1.25628936,2.16884851,0.66591197,-4.65016603,5.54276657,0.62318170,2.16407776,1.50418270,-0.36665079,-3.63847899,3.14451432
0.78441100,0.00496828,0.05577043,-0.27199621,0.23259021,0.01204766,0.07392103,0.99775138,-1.43008471,-0.04835878,0.20228577,-1.43036196,0.09964094,1.22485812,-1.51925817,-0.12563983,0.40752516,-1.48523824,0.91537810,0.06138749,0.33262468,0.32938798,0.36110492,0.12748988,-0.27220625,0.11479893,-0.11989849,-0.31080178,-0.07922754,0.10316217,-0.30934570,-0.32165263,-0.11494396,-0.29543761,-0.20904541,3.35531588,-0.01374647,-0.01142773,-0.71084603,0.70312045,-0.08548908,2.99284620,0.05718173,-0.33018494,3.24182730,0.01858620,-0.10502796,3.43341713,0.02004228,-0.32048550,3.67819920,0.03395037,0.01172018,1.18703547,2.04124975,0.96771533,-2.32171354,4.83674059,0.45229480,2.21071529,1.17215384,-0.09711957,-1.42909982,1.92339562
0.79749402,0.01354538,0.00086240,-0.22589058,0.29229422,-0.15467925,0.07428095,1.02006922,-1.39152541,-0.02585741,0.19225441,-1.35467589,0.10589561,1.26687725,-1.50461102,-0.12440327,0.42330803,-1.48417537,0.91537810,0.06138749,0.33262468,0.33011562,0.35980977,0.13179071,-0.28290893,0.10181109,-0.12152303,-0.31120500,-0.08247712,0.10154894,-0.31217409,-0.33496930,-0.11530837,-0.29201506,-0.20899887,3.33939753,-0.01744738,-0.01099971,-0.71182525,0.70205370,-0.08212948,2.97782316,0.04720669,-0.33189964,3.23925390,0.01891063,-0.10633411,3.42048149,0.01794153,-0.31972637,3.67590885,0.03810056,0.01634377,1.12221045,1.90983148,1.12518041,-0.39964306,3.69365635,0.30228332,2.09302711,0.68399473,0.06660604,0.92220742,-0.07522057
0.81772572,0.02231000,-0.06153690,-0.12795703,0.29837200,-0.19351125,0.07407314,1.04502456,-1.35952587,-0.00697638,0.21743220,-1.31502576,0.10845543,1.30808141,-1.51277015,-0.12199681,0.47797616,-1.51757960,0.91537810,0.06138749,0.33262468,0.32967756,0.34995344,0.13534938,-0.29287595,0.08851662,-0.12349290,-0.31029304,-0.09431938,0.10061312,-0.31225247,-0.34375339,-0.11689512,-0.28603442,-0.20885925,3.32304621,-0.02057497,-0.00983934,-0.71311951,0.70067140,-0.07958031,2.97080507,0.03680162,-0.33386402,3.23667784,0.01938453,-0.10663052,3.41561203,0.01742509,-0.31979389,3.66876917,0.04364314,-0.01276383,1.26150501,1.57064569,0.90762429,1.40713155,1.80344143,0.11194333,2.06791735,-0.53929425,0.12246626,2.85613041,-1.75815434
0.84843439,0.02550503,-0.11251224,0.01182015,0.21688235,-0.12054569,0.07326253,1.07888725,-1.34408545,-0.00046836,0.27619789,-1.32247305,0.10481843,1.35110953,-1.55831821,-0.11957759,0.55221658,-1.56359015,0.91537810,0.06138749,0.33262468,0.32825856,0.33298410,0.13578577,-0.30012702,0.07485615,-0.12536672,-0.30696267,-0.11122191,0.10030286,-0.31071369,-0.34579121,-0.11988981,-0.27640508,-0.20872421,3.30606852,-0.02225643,-0.00823994,-0.71399337,0.69975012,-0.07953377,2.97047052,0.02813154,-0.33554325,3.23370008,0.02129588,-0.10624676,3.41529007,0.01754487,-0.32176914,3.65415754,0.05185348,-0.04418537,1.76846969,0.63576074,0.23809803,3.12592144,-0.66427374,-0.22777057,2.16193628,-2.51995449,0.11894506,3.78501940,-2.33864717
0.89173733,0.01999435,-0.13408989,0.14713932,0.05492050,0.00240244,0.07001954,1.11455500,-1.34605372,-0.00622513,0.35649329,-1.36904180,0.09025814,1.37206149,-1.60742748,-0.11787964,0.63136345,-1.60782123,0.91537810,0.06138749,0.33262468,0.32634538,0.31235930,0.13344049,-0.30341500,0.06342927,-0.12712746,-0.30216341,-0.13019102,0.10074879,-0.30817084,-0.34187819,-0.12452464,-0.26837376,-0.20871544,3.28826189,-0.02191977,-0.00676570,-0.71409212,0.69967578,-0.08153725,2.97330093,0.02293038,-0.33708382,3.22738314,0.02418198,-0.10538769,3.41641569,0.01817454,-0.32639027,3.63255787,0.05797163,-0.18464549,1.76377046,-0.20437001,-0.36683452,4.13624859,-2.57369733,-0.81428689,0.82157129,-2.36979938,0.07869243,3.96990871,-2.17469931
0.93280636,0.00420835,-0.12933501,0.32722870,-0.12979681,0.08282285,0.06634090,1.12184067,-1.36043351,-0.01713100,0.44063871,-1.42625420,0.06203344,1.35403619,-1.66056771,-0.11746916,0.70277780,-1.63661242,0.91537810,0.06138749,0.33262468,0.32439590,0.29076028,0.13082953,-0.30449784,0.06219414,-0.12761494,-0.30076426,-0.14942911,0.10186321,-0.30560145,-0.32831528,-0.13111478,-0.26323525,-0.20901375,3.26954746,-0.01877432,-0.00536153,-0.71355927,0.70032274,-0.08355694,2.97642889,0.01989806,-0.33775158,3.20971222,0.02363163,-0.10441799,3.41707678,0.01879444,-0.33406467,3.60021992,0.06116064,-0.17294650,0.36512086,-0.83491940,-0.54372119,4.20463085,-2.86555457,-1.42385275,-0.95255752,-2.65834641,0.02012729,3.55496311,-1.41904296
0.96388468,-0.01820572,-0.10893777,0.51377371,-0.29673084,0.07663812,0.07070911,1.12271953,-1.44779856,-0.02579123,0.51960080,-1.48187478,0.02739448,1.30273747,-1.71168132,-0.11745480,0.76338338,-1.65149059,0.91537810,0.06138749,0.33262468,0.32266009,0.26985143,0.13001887,-0.30420142,0.07653585,-0.12491592,-0.29653311,-0.16814119,0.10367545,-0.30289566,-0.30793593,-0.13838698,-0.25988983,-0.20970802,3.25026340,-0.01316316,-0.00379492,-0.71306290,0.70096622,-0.08428211,2.97824678,0.01845867,-0.33590336,3.17585602,0.02612697,-0.10319729,3.41662302,0.01976443,-0.34285526,3.56050091,0.06277026,0.24395047,-0.02431297,-4.51845469,-0.41841742,3.90946846,-2.74043632,-1.73300231,-2.64120760,-2.52873921,-0.00125957,3.00096178,-0.70736070
0.99090615,-0.03806937,-0.07170027,0.57301495,-0.40211304,-0.00843856,0.08262146,1.09702597,-1.57149560,-0.03083127,0.58590053,-1.52339823,-0.00449879,1.22904217,-1.75102382,-0.11830734,0.81593103,-1.65590308,0.91537810,0.06138749,0.33262468,0.32143003,0.25114910,0.13097034,-0.30383327,0.10461856,-0.11964787,-0.29123607,-0.18620927,0.10574988,-0.30019560,-0.28469334,-0.14452347,-0.25818838,-0.21079006,3.23048229,-0.00630457,-0.00246796,-0.71311560,0.70101377,-0.08412876,2.97713270,0.01759676,-0.33220749,3.12792273,0.03019395,-0.10187492,3.41485806,0.02123443,-0.35042953,3.51760273,0.06324164,0.61997873,-1.41389027,-6.24776697,-0.24498839,3.26563430,-2.01638587,-1.56509781,-3.75618687,-1.90329535,-0.04734099,2.60543680,-0.18906354
1.00230917,-0.04871568,-0.03291231,0.47230903,-0.45634708,-0.12415332,0.09994493,1.03798442,-1.69668100,-0.03509251,0.64358824,-1.55188820,-0.02812625,1.14120529,-1.77552438,-0.12174221,0.86766455,-1.65975749,0.91537810,0.06138749,0.33262468,0.32075518,0.23431139,0.13244859,-0.30345563,0.14082574,-0.11299428,-0.28447816,-0.20350101,0.10745585,-0.29688405,-0.26015859,-0.14837997,-0.25854303,-0.21212482,3.21046658,0.00033296,-0.00215100,-0.71391573,0.70022824,-0.08423748,2.97363482,0.01729955,-0.32782440,3.07185488,0.03627702,-0.10074921,3.41184902,0.02387113,-0.35544014,3.47344913,0.06221215,0.89592365,-3.15634468,-6.21123743,-0.21228731,2.84761739,-1.35395038,-1.12828021,-4.46183825,-1.14043806,-0.19285260,2.60048008,-0.21870089
0.99185906,-0.05359850,0.01099070,0.29685109,-0.50298501,-0.24553571,0.11898221,0.93090957,-1.79935741,-0.03965233,0.70039320,-1.56974280,-0.04373714,1.04052186,-1.78378975,-0.12679376,0.91851866,-1.66140020,0.91537810,0.06138749,0.33262468,0.32077250,0.21758359,0.13405833,-0.30300078,0.18399049,-0.10623022,-0.27644862,-0.21980835,0.10898093,-0.29361945,-0.23408995,-0.14999503,-0.26118371,-0.21364880,3.19062138,0.00612937,-0.00332808,-0.71550705,0.69857069,-0.08483410,2.96989298,0.01777172,-0.32425022,3.00922489,0.04432388,-0.09944057,3.40775967,0.02715304,-0.35800076,3.42823267,0.05958879,0.95412695,-5.73194122,-4.93274641,-0.23136443,2.84980392,-0.82164997,-0.72692490,-5.12763929,-0.29321191,-0.25818944,2.52700901,-0.04702806
0.96394186,-0.05120893,0.05353152,0.09839246,-0.49430469,-0.35370351,0.13544118,0.76415980,-1.84849832,-0.04391891,0.76009128,-1.57432456,-0.05239978,0.92499540,-1.76981518,-0.13301267,0.96482756,-1.64905670,0.91537810,0.06138749,0.33262468,0.32167670,0.19957613,0.13575691,-0.30265690,0.23245449,-0.10091489,-0.26734254,-0.23575139,0.11004591,-0.29246410,-0.20588224,-0.14983689,-0.26626863,-0.21529217,3.17136059,0.01039842,-0.00607250,-0.71792059,0.69602085,-0.08576584,2.96768560,0.01901980,-0.32334042,2.94213476,0.05433417,-0.09801540,3.40359964,0.02921260,-0.35869694,3.38177366,0.05540807,0.81724328,-8.37948818,-2.37535695,-0.21067342,2.98450732,-0.20887754,-0.42452795,-5.78580570,0.72793863,-0.31066164,2.31211834,0.62766265
0.93467319,-0.04317846,0.08318857,-0.12037938,-0.41454329,-0.42434253,0.14656981,0.57724891,-1.84104640,-0.04604952,0.81824169,-1.56430116,-0.05458194,0.80614023,-1.73651669,-0.13925467,1.00976079,-1.63094628,0.91537810,0.06138749,0.33262468,0.32319141,0.18107641,0.13765876,-0.30261659,0.27897288,-0.09759481,-0.25805789,-0.25114479,0.11069357,-0.29243749,-0.17746946,-0.14826613,-0.27288579,-0.21694355,3.15267925,0.01264215,-0.00982222,-0.72079191,0.69296661,-0.08650284,2.96633596,0.02057482,-0.32541981,2.87775469,0.06513352,-0.09647160,3.39928274,0.03075392,-0.35812511,3.33583498,0.05030562,0.53165312,-9.33715687,0.53008315,-0.09844757,2.89402604,0.54616926,-0.08732440,-5.92863083,1.71211331,-0.31375012,2.24953651,0.91075224
0.91707193,-0.03102394,0.10358798,-0.32124929,-0.31447730,-0.43631658,0.14979157,0.40658190,-1.78670664,-0.04559066,0.87002892,-1.53722165,-0.04886875,0.69320697,-1.68894904,-0.14697645,1.05823953,-1.61354847,0.91537810,0.06138749,0.33262468,0.32522585,0.16272840,0.13980431,-0.30325937,0.31865107,-0.09625988,-0.25063980,-0.26637464,0.11050654,-0.29259064,-0.15031715,-0.14490605,-0.28041099,-0.21853199,3.13438072,0.01279949,-0.01432596,-0.72373992,0.68980538,-0.08670139,2.96512804,0.02196648,-0.32997913,2.82071848,0.07458605,-0.09536438,3.39514284,0.03263521,-0.35605431,3.29148140,0.04481486,0.13157593,-8.38768606,2.87089186,0.03267127,2.55271816,1.43453827,0.32104591,-5.61569843,2.42669663,-0.39758685,2.45364175,0.85230154
0.92223667,-0.01422016,0.10390255,-0.43907196,-0.25440585,-0.35376435,0.13972198,0.27015551,-1.69687591,-0.04282819,0.91434262,-1.49181316,-0.03507107,0.58385390,-1.62953885,-0.15798779,1.11540201,-1.59725246,0.91537810,0.06138749,0.33262468,0.32745994,0.14382534,0.14234262,-0.30485885,0.34977098,-0.09730905,-0.24784998,-0.28320872,0.10924536,-0.29206186,-0.12369750,-0.13940872,-0.28841714,-0.21995144,3.11603050,0.01166357,-0.01926680,-0.72615775,0.68715913,-0.08578854,2.96454630,0.02260108,-0.33647289,2.77218237,0.07960996,-0.09519653,3.39275770,0.03539808,-0.35229912,3.24725533,0.03904279,-0.60688050,-6.62457705,4.69254212,0.15143179,2.17759247,2.37315109,0.73534206,-5.46281548,3.04062057,-0.57196439,2.91525626,0.82137102
0.93749757,0.00329321,0.08698974,-0.53242042,-0.23841974,-0.13186130,0.11853489,0.18178359,-1.58237600,-0.03947219,0.95371896,-1.43388486,-0.01792035,0.49020889,-1.56515956,-0.17064169,1.18047106,-1.57802916,0.91537810,0.06138749,0.33262468,0.32959175,0.12411550,0.14504091,-0.30652769,0.36985675,-0.09955042,-0.25316188,-0.30226469,0.10769196,-0.29063849,-0.10053398,-0.13278842,-0.29644748,-0.22111034,3.09739590,0.00980658,-0.02470591,-0.72715501,0.68595848,-0.08361053,2.96497488,0.02306406,-0.34221458,2.73402548,0.07642987,-0.09584904,3.39281273,0.03895326,-0.34776402,3.20555639,0.03314427,-1.11882937,-4.03642225,5.87118340,0.16708082,1.93848956,2.97024941,0.86833739,-4.52758837,3.23359942,-0.63842201,3.30395198,0.98715299
0.94594749,0.00203911,0.02189043,-0.50203357,-0.24463158,0.09216397,0.09534611,0.16863739,-1.48345563,-0.03942625,0.98854835,-1.37355025,-0.00378621,0.45277026,-1.52346115,-0.18090128,1.24235563,-1.55633357,0.91537810,0.06138749,0.33262468,0.33062300,0.10454503,0.14676905,-0.30746168,0.37161996,-0.10140817,-0.26695149,-0.32088767,0.10708008,-0.28809781,-0.09078720,-0.12679904,-0.30351172,-0.22217102,3.07852964,0.00816133,-0.03002722,-0.72638942,0.68657859,-0.08161221,2.96577311,0.02316132,-0.34463730,2.71330776,0.06367151,-0.09693947,3.39277811,0.04252519,-0.34357815,3.17641029,0.02711128,-1.16361549,-0.59050329,4.90526061,-0.00293148,1.73960555,3.00586200,0.70098957,-1.79335928,2.03364066,-0.51007765,3.09030509,1.05887308
0.94547190,-0.01079731,-0.05132349,-0.45743323,-0.24957464,0.19595975,0.07112882,0.19563243,-1.41403015,-0.04240097,1.02292492,-1.32362139,0.00596360,0.46810598,-1.51800475,-0.18867748,1.30312014,-1.55820425,0.91537810,0.06138749,0.33262468,0.33038375,0.08647049,0.14753292,-0.30664257,0.36285543,-0.10412114,-0.28157420,-0.33442786,0.10754838,-0.28270228,-0.09299641,-0.12208535,-0.30833837,-0.22332611,3.05962877,0.00684887,-0.03508367,-0.72488847,0.68793818,-0.08062382,2.96539946,0.02374118,-0.34668503,2.70285454,0.04880955,-0.09806366,3.38783293,0.04768147,-0.34026852,3.15901508,0.02204538,-1.20026572,1.41713111,3.38011241,-0.15280061,1.72361958,2.44672661,0.47223516,0.90166778,0.16679763,-0.37848596,3.04664016,-0.19966504
0.94662165,-0.02638951,-0.11830938,-0.29474183,-0.22012298,0.17988594,0.05553886,0.24572697,-1.38431334,-0.04500935,1.05985572,-1.29262364,0.01091090,0.52301096,-1.54450047,-0.19102322,1.35791774,-1.58351929,0.91537810,0.06138749,0.33262468,0.32892845,0.07027426,0.14816133,-0.30350500,0.34828448,-0.10559893,-0.29295826,-0.34205227,0.10944231,-0.27499297,-0.10445058,-0.11914770,-0.31003921,-0.22463646,3.04066477,0.00639815,-0.03889925,-0.72348105,0.68921774,-0.08016834,2.96308117,0.02542345,-0.34749184,2.69808664,0.03597020,-0.09825363,3.37682657,0.05393548,-0.33842087,3.15093355,0.01888924,-0.71442232,2.60096369,1.27107657,-0.11862591,1.86250007,1.46000857,0.22985048,2.87117724,-1.43226233,-0.08363021,2.66338038,-1.28793371
0.96532373,-0.03316944,-0.16417577,-0.03801727,-0.08403367,0.06737762,0.05656717,0.31728295,-1.40238552,-0.04335782,1.09430110,-1.27974446,0.01391034,0.59612874,-1.58252785,-0.18570459,1.39219794,-1.61714408,0.91537810,0.06138749,0.33262468,0.32657390,0.05711890,0.14922538,-0.29921706,0.32932560,-0.10387103,-0.29962533,-0.34362954,0.11223347,-0.26785715,-0.12131861,-0.11774485,-0.30947379,-0.22601509,3.02133131,0.00670298,-0.04009722,-0.72288039,0.68977621,-0.07972775,2.95706005,0.02735684,-0.34569664,2.69741640,0.02694857,-0.09728889,3.35912886,0.05871676,-0.33775291,3.14820414,0.01710011,0.15252242,3.69617643,-1.16673508,0.11338255,1.68145454,0.55265234,0.14800779,3.71208835,-1.90920913,0.30891857,1.58533559,-1.74215543
1.00155560,-0.02361675,-0.15989061,0.18738508,0.12222115,-0.06732956,0.06630348,0.40148941,-1.45135176,-0.03633579,1.12285221,-1.29014850,0.01869819,0.67271912,-1.62066054,-0.17378367,1.40049934,-1.66171134,0.91537810,0.06138749,0.33262468,0.32417563,0.04946617,0.15062607,-0.29450832,0.30805271,-0.10142514,-0.30218689,-0.33744770,0.11516007,-0.26235679,-0.14017256,-0.11715184,-0.30712025,-0.22729206,3.00132322,0.00710055,-0.03832439,-0.72328380,0.68945005,-0.07928562,2.94449711,0.02966730,-0.34376907,2.69864082,0.02198873,-0.09564877,3.33268833,0.06181884,-0.33739662,3.14709663,0.01705538,0.52334189,4.27763844,-2.62568927,0.38940352,1.38901937,-0.70738071,0.25825861,3.83614516,-1.90376747,0.64057493,0.21961926,-2.30732894
1.03331101,0.00079115,-0.13677432,0.35020448,0.31176581,-0.13069149,0.08043512,0.48929523,-1.51485958,-0.02823276,1.14217789,-1.34800646,0.02592375,0.74281590,-1.64961019,-0.15715925,1.37185340,-1.71448641,0.91537810,0.06138749,0.33262468,0.32218490,0.05363208,0.15096068,-0.28942825,0.28646773,-0.09956777,-0.30136630,-0.32151593,0.11764478,-0.25980963,-0.15888553,-0.11717917,-0.30378490,-0.22820072,2.98060036,0.00722081,-0.03370525,-0.72433304,0.68858802,-0.08020992,2.91924686,0.03275666,-0.34242382,2.69965448,0.02081861,-0.09411545,3.29561453,0.06237527,-0.33702164,3.14532309,0.01840000,0.70737251,4.39134808,-3.17213035,0.40109780,0.95018435,-2.96206827,0.36242993,3.49156928,-1.42484654,0.83731210,-1.47668109,-2.63446689
1.04299802,0.03154712,-0.12009101,0.43416488,0.45358272,-0.08157090,0.09382270,0.57603816,-1.57312202,-0.02351959,1.14888847,-1.44877989,0.03350584,0.80366316,-1.66417785,-0.13703459,1.31372743,-1.76211815,0.91537810,0.06138749,0.33262468,0.32038805,0.06984973,0.14944498,-0.28380337,0.26476592,-0.09897530,-0.29976757,-0.29997975,0.12007374,-0.25945274,-0.17693904,-0.11786338,-0.30089587,-0.22859478,2.95966702,0.00692085,-0.02749298,-0.72510005,0.68805971,-0.08306751,2.88198433,0.03658468,-0.34148235,2.70052710,0.02062048,-0.09276962,3.25285139,0.06093531,-0.33690147,3.14261198,0.01949218,0.65798606,4.32123184,-2.87697005,0.22202822,0.28987742,-5.12197447,0.37691045,3.01621461,-0.69774051,1.01078165,-2.97917867,-2.35158620
1.02919987,0.05855617,-0.09504056,0.42171741,0.50712919,0.06436098,0.10275657,0.65482512,-1.61618536,-0.02497922,1.13627400,-1.56656749,0.03982975,0.85532719,-1.66772344,-0.11663206,1.23154218,-1.79706383,0.91537810,0.06138749,0.33262468,0.31890059,0.09444646,0.14591753,-0.27797604,0.24433451,-0.09997001,-0.29833987,-0.27500453,0.12224203,-0.26084462,-0.19366450,-0.11917380,-0.29846806,-0.22846260,2.93897581,0.00619555,-0.02092039,-0.72489729,0.68851134,-0.08763714,2.83709230,0.04092455,-0.34096394,2.70015202,0.02056071,-0.09212933,3.20727386,0.05805596,-0.33743706,3.13855762,0.02043253,0.42494208,3.89161692,-2.07347901,-0.10744896,-0.73267078,-5.89291430,0.30800216,2.54366517,-0.12834405,1.01380746,-4.20409403,-1.68042462
1.00033111,0.07454726,-0.05239321,0.31740471,0.48990318,0.27150693,0.10657413,0.72309811,-1.63971083,-0.03651721,1.09389529,-1.68099353,0.04442813,0.90095493,-1.66161149,-0.09884849,1.12837899,-1.81410093,0.91537810,0.06138749,0.33262468,0.31807888,0.12576630,0.13987050,-0.27253972,0.22559101,-0.10211203,-0.29775591,-0.24740366,0.12383549,-0.26401147,-0.20949111,-0.12080459,-0.29693016,-0.22792015,2.91883574,0.00495138,-0.01510442,-0.72328317,0.69036859,-0.09408054,2.78666964,0.04553915,-0.34046421,2.69826374,0.02032296,-0.09265690,3.16018124,0.05406740,-0.33880157,3.13374405,0.02114872,0.16146656,3.35624075,-1.06058257,-0.64321555,-2.31463032,-5.68415117,0.22085705,2.26055999,0.35323761,0.86930773,-5.27310658,-0.73962877
0.96255071,0.08038447,-0.00084514,0.15185266,0.44501592,0.50519519,0.10462024,0.78481603,-1.64274037,-0.05925458,0.99713314,-1.78238797,0.04877851,0.94622451,-1.65003669,-0.08492897,1.00584626,-1.80976546,0.91537810,0.06138749,0.33262468,0.31816137,0.16792022,0.13133951,-0.26715063,0.20716802,-0.10534833,-0.29833458,-0.21709797,0.12467339,-0.26891588,-0.22523605,-0.12218656,-0.29609007,-0.22707081,2.89942884,0.00296818,-0.01069155,-0.72005508,0.69382820,-0.10206699,2.72674036,0.05101074,-0.34005070,2.69632196,0.01982678,-0.09440994,3.11174011,0.04924549,-0.34079647,3.12905312,0.02207130,-0.14070332,3.04904914,-0.00436306,-1.21570396,-5.28409433,-4.95798063,0.21956986,2.27031112,0.60954803,0.66727054,-6.26285744,0.37438628
0.93032921,0.07489962,0.04425760,-0.03895813,0.39019162,0.71228831,0.09470599,0.83555913,-1.62181377,-0.08603817,0.82681360,-1.82652755,0.05722241,0.99430296,-1.63912513,-0.07791169,0.87809919,-1.78178821,0.91537810,0.06138749,0.33262468,0.31925699,0.21886904,0.12261097,-0.26215013,0.18961136,-0.11034355,-0.30016066,-0.18673640,0.12412619,-0.27498077,-0.24056533,-0.12208193,-0.29551738,-0.22601147,2.88078966,-0.00002844,-0.00820490,-0.71512242,0.69895107,-0.10845280,2.65916595,0.05710686,-0.34067497,2.69375906,0.01909632,-0.09763489,3.06462994,0.04427622,-0.34254360,3.12409182,0.02373961,-0.50201776,2.52295928,1.06547921,-1.32598927,-8.56864262,-2.10945921,0.42674623,2.40510798,0.54585171,0.34120593,-6.38681288,1.42887917
0.90582254,0.05991158,0.07783931,-0.15446213,0.30901286,0.79665461,0.08152975,0.87687640,-1.58897095,-0.10201310,0.63360167,-1.80409021,0.06874921,1.04289768,-1.62620165,-0.07800810,0.75039667,-1.73260989,0.91537810,0.06138749,0.33262468,0.32105052,0.26733530,0.11717304,-0.25791911,0.17323195,-0.11586171,-0.30230721,-0.15724603,0.12195776,-0.28204207,-0.25581141,-0.12065705,-0.29530761,-0.22494030,2.86266298,-0.00326397,-0.00707060,-0.70951426,0.70464805,-0.10962048,2.59452305,0.06313142,-0.34199829,2.69023714,0.01874331,-0.10189705,3.01906109,0.03900845,-0.34382381,3.11930342,0.02574292,-0.65990472,2.04258366,1.66555583,-0.75661213,-9.62618961,1.30003871,0.58441310,2.42897034,0.66492460,-0.02766609,-6.38738203,2.52084293
0.88668142,0.03714616,0.10059495,-0.23694476,0.21012039,0.72393520,0.06964785,0.91116054,-1.54838662,-0.10409987,0.45900720,-1.72822390,0.08218687,1.09013653,-1.60334923,-0.08608038,0.62401752,-1.66457512,0.91537810,0.06138749,0.33262468,0.32336711,0.30752608,0.11547301,-0.25630737,0.15766104,-0.12049171,-0.30471777,-0.12841173,0.11789492,-0.28987350,-0.27206116,-0.11809638,-0.29624257,-0.22403965,2.84494953,-0.00639088,-0.00720005,-0.70428394,0.70985312,-0.10615120,2.53834128,0.06705974,-0.34328747,2.68634558,0.01864935,-0.10715847,2.97428465,0.03349362,-0.34427242,3.11607332,0.02712454,-0.57896641,1.69043529,2.05980201,-0.04972511,-8.61236153,3.97126112,0.67484481,2.34991384,1.20440903,-0.43768168,-6.30121031,3.46644807
0.88024529,0.01327562,0.10305522,-0.26889564,0.15124875,0.50105601,0.06255575,0.94080279,-1.50354772,-0.09642485,0.32222625,-1.62321458,0.09624533,1.13564086,-1.57289932,-0.09858364,0.51418524,-1.59151599,0.91537810,0.06138749,0.33262468,0.32586028,0.33774753,0.11611941,-0.25865767,0.14248457,-0.12339015,-0.30729671,-0.10324964,0.11274952,-0.29709400,-0.28915175,-0.11503106,-0.29749454,-0.22341099,2.82740326,-0.00935303,-0.00800950,-0.70047715,0.71356859,-0.10104942,2.49186673,0.06720261,-0.34413815,2.68265543,0.01856357,-0.11259518,2.93272562,0.02876628,-0.34378338,3.11437254,0.02836574,-0.32183539,1.45946491,2.25390530,0.42675516,-6.57827301,5.36394978,0.70616925,2.26989980,1.53668249,-0.63540462,-5.34389219,3.63848996
0.88245395,-0.00157494,0.08823142,-0.28942116,0.16123099,0.20064766,0.06063753,0.96734673,-1.45880270,-0.08304691,0.23371559,-1.51300561,0.10906920,1.17943561,-1.54337442,-0.10938528,0.43833417,-1.52952981,0.91537810,0.06138749,0.33262468,0.32818925,0.35626040,0.11791057,-0.26542936,0.12793839,-0.12481826,-0.30949222,-0.08572182,0.10801829,-0.30314773,-0.30562548,-0.11248610,-0.29778436,-0.22299385,2.80982828,-0.01248681,-0.00890687,-0.69869677,0.71525351,-0.09674454,2.45643687,0.06275989,-0.34477139,2.67899227,0.01869704,-0.11701965,2.89806461,0.02504152,-0.34263039,3.11272621,0.03040490,-0.06055690,1.30753744,2.23033190,0.70442450,-4.07321692,5.50570202,0.62722427,2.17530012,1.45990121,-0.51794529,-3.52660227,2.99581265
0.88514603,-0.00181975,0.05239844,-0.29468757,0.21710152,-0.04540927,0.06183988,0.99259276,-1.41834311,-0.06281821,0.19617737,-1.42107689,0.11815582,1.22509940,-1.52285008,-0.11504740,0.40972325,-1.49396260,0.91537810,0.06138749,0.33262468,0.32990113,0.36235906,0.12135631,-0.27489190,0.11423493,-0.12574360,-0.31052679,-0.07893004,0.10450066,-0.30806424,-0.32086474,-0.11163245,-0.29575481,-0.22261963,2.79218149,-0.01611446,-0.00942634,-0.69892769,0.71494864,-0.09301968,2.43268838,0.05500924,-0.34572163,2.67510471,0.01937435,-0.11994877,2.87347746,0.02183689,-0.34155064,3.11041317,0.03414632,0.06081229,1.25803244,2.02181623,1.01808422,-1.82569119,4.56780009,0.44863501,2.27741699,1.02021359,-0.27566874,-1.37383380,1.74533261
0.89014637,0.00678516,-0.00510337,-0.23919108,0.26216827,-0.19151366,0.06319733,1.01625042,-1.38011241,-0.03919463,0.19394687,-1.35249188,0.12326130,1.26729877,-1.51017303,-0.11635963,0.42244748,-1.48795946,0.91537810,0.06138749,0.33262468,0.33059248,0.35937131,0.12589468,-0.28536098,0.10086458,-0.12694488,-0.31081873,-0.08170509,0.10216972,-0.31161100,-0.33378759,-0.11226702,-0.29223729,-0.22214890,2.77440500,-0.01969930,-0.00923402,-0.70019378,0.71362128,-0.08934078,2.41753078,0.04523149,-0.34712315,2.67110882,0.01977375,-0.12157536,2.85806704,0.01898148,-0.34083805,3.10596333,0.03835518,0.06594961,1.18834507,1.89506137,1.18188069,-0.01454793,3.33899093,0.24394206,2.10418510,0.58539529,-0.05929872,0.76600380,0.16965576
0.90061572,0.01705796,-0.07033042,-0.13910821,0.25753180,-0.22253678,0.06389684,1.04264057,-1.34864860,-0.01916417,0.22551338,-1.31974962,0.12426379,1.30987437,-1.52127044,-0.11586928,0.47562578,-1.52010076,0.91537810,0.06138749,0.33262468,0.33007025,0.34819488,0.12984977,-0.29482711,0.08719029,-0.12841180,-0.30977983,-0.09320739,0.10084779,-0.31183512,-0.34231418,-0.11419302,-0.28593439,-0.22157269,2.75638399,-0.02260636,-0.00837369,-0.70172335,0.71204155,-0.08649979,2.41018181,0.03524314,-0.34865837,2.66727190,0.02029042,-0.12213840,2.85109787,0.01823513,-0.34090214,3.09694166,0.04413586,0.03224176,1.33590734,1.53846920,0.96418817,1.72234166,1.45920454,0.03175870,2.14410925,-0.69570058,0.02991798,2.80387096,-1.72750711
0.92217699,0.02251411,-0.12721685,-0.00434082,0.17624124,-0.14605722,0.06396136,1.07774327,-1.33527970,-0.01213500,0.29016229,-1.33208444,0.11869209,1.35533006,-1.57391317,-0.11471251,0.55421224,-1.56824906,0.91537810,0.06138749,0.33262468,0.32844666,0.32994605,0.13060264,-0.30165643,0.07357776,-0.12972071,-0.30624329,-0.11108636,0.10041014,-0.31030729,-0.34346867,-0.11763982,-0.27559103,-0.22096043,2.73791285,-0.02408242,-0.00714161,-0.70280021,0.71094367,-0.08639030,2.40956497,0.02679022,-0.34978485,2.66277685,0.02220337,-0.12189655,2.85020142,0.01813937,-0.34273167,3.07993860,0.05285563,-0.00039035,1.82586038,0.52221675,0.25878041,3.41925330,-0.88960353,-0.32596088,2.28625612,-2.90675905,0.05910238,4.03844800,-2.44704275
0.95893964,0.01792468,-0.15201625,0.15361553,0.01641366,-0.02538727,0.06113336,1.10386324,-1.33006096,-0.01798763,0.37741351,-1.38354993,0.10020179,1.37132800,-1.62720764,-0.11417438,0.63984978,-1.61470270,0.91537810,0.06138749,0.33262468,0.32625049,0.30770363,0.12848886,-0.30450049,0.06356887,-0.13096199,-0.30317466,-0.13167522,0.10077284,-0.30773433,-0.33747787,-0.12306327,-0.26777263,-0.22044182,2.71873903,-0.02343441,-0.00592327,-0.70310165,0.71067842,-0.08850384,2.41249847,0.02175000,-0.35068130,2.65370274,0.02307583,-0.12115479,2.85153818,0.01851617,-0.34728909,3.05481291,0.05847786,-0.16851714,1.18080842,0.25254965,-0.37511048,4.49518013,-2.82814956,-1.03001332,0.49858329,-2.53392911,0.02008796,4.29782486,-2.28592134
1.00256906,0.00015940,-0.14367626,0.38816963,-0.16307447,0.04470501,0.06208479,1.11717575,-1.38470984,-0.02896631,0.46672446,-1.44753227,0.06832713,1.34468553,-1.68429954,-0.11483852,0.71688100,-1.64658639,0.91537810,0.06138749,0.33262468,0.32404774,0.28503870,0.12622110,-0.30462141,0.06836235,-0.12987614,-0.29911838,-0.15242319,0.10189493,-0.30454025,-0.32134526,-0.13032031,-0.26264541,-0.22024612,2.69862347,-0.01960748,-0.00437610,-0.70283142,0.71107270,-0.09060669,2.41512313,0.01942633,-0.34929085,2.62870436,0.02492937,-0.12019138,2.85226088,0.01950749,-0.35442104,3.01837845,0.06140234,0.06126125,0.63823409,-2.83247271,-0.54480194,4.45227079,-3.18970704,-1.60294595,-1.38072534,-2.84679198,-0.03385010,3.83005261,-1.56854857
1.04148957,-0.02454932,-0.11095692,0.58447146,-0.31877582,0.00557767,0.07181167,1.10826380,-1.49864998,-0.03687631,0.54528297,-1.50243344,0.03279687,1.28727658,-1.73314507,-0.11609142,0.77934581,-1.66140854,0.91537810,0.06138749,0.33262468,0.32226244,0.26395243,0.12595999,-0.30412394,0.09026415,-0.12541968,-0.29393048,-0.17196458,0.10357665,-0.30146174,-0.30034702,-0.13761080,-0.25925095,-0.22049561,2.67778568,-0.01329691,-0.00253469,-0.70282560,0.71123339,-0.09136086,2.41537185,0.01813850,-0.34481735,2.58601522,0.02833197,-0.11900082,2.85098715,0.02080070,-0.36171932,2.97645092,0.06301149,0.50565007,-0.53088565,-5.78977442,-0.38547313,3.88678255,-2.70129609,-1.76700301,-2.93510175,-2.39882741,-0.06531760,3.08511662,-0.69867177
1.07046112,-0.04242117,-0.06409522,0.59460338,-0.41134345,-0.09476842,0.08784171,1.06786044,-1.63034644,-0.04225747,0.61167766,-1.54210410,0.00247554,1.21061604,-1.76652749,-0.11852206,0.83310826,-1.66703196,0.91537810,0.06138749,0.33262468,0.32115117,0.24507005,0.12700971,-0.30370616,0.12309014,-0.11897820,-0.28755368,-0.19019756,0.10537573,-0.29832116,-0.27767702,-0.14320527,-0.25792137,-0.22110901,2.65638666,-0.00616157,-0.00117743,-0.70348153,0.71068586,-0.09160004,2.41262813,0.01744501,-0.33882236,2.53208637,0.03359749,-0.11768360,2.84765177,0.02283001,-0.36714611,2.93258486,0.06322980,0.82592124,-2.16450529,-6.57685041,-0.26382323,3.28038216,-1.91875203,-1.48299656,-3.89623394,-1.60138743,-0.12796407,2.67734575,-0.27405451
1.07436052,-0.05174124,-0.01695287,0.44041338,-0.47786462,-0.21270571,0.10810405,0.98620985,-1.74989038,-0.04693065,0.67268652,-1.56773205,-0.01995372,1.12049215,-1.78445318,-0.12284423,0.88523040,-1.67199907,0.91537810,0.06138749,0.33262468,0.32075023,0.22724884,0.12856562,-0.30333819,0.16317124,-0.11159729,-0.27977470,-0.20709358,0.10704249,-0.29475227,-0.25358910,-0.14657418,-0.25902186,-0.22198334,2.63488417,0.00042706,-0.00126834,-0.70491560,0.70928993,-0.09201469,2.40843482,0.01741204,-0.33256931,2.47102585,0.04097553,-0.11622372,2.84263582,0.02599796,-0.37012310,2.88756189,0.06172837,1.03102080,-4.35066419,-5.86364317,-0.23181383,3.03593636,-1.20575092,-1.07561235,-4.57762060,-0.80945055,-0.22859161,2.60048008,-0.24890898
1.05484350,-0.05592066,0.03328112,0.22477682,-0.53157969,-0.33240929,0.12809953,0.84793347,-1.83296931,-0.05162367,0.73441738,-1.58079696,-0.03595985,1.01833081,-1.78587234,-0.12867683,0.93544865,-1.67304099,0.91537810,0.06138749,0.33262468,0.32119325,0.20899550,0.13034057,-0.30293426,0.21010926,-0.10469806,-0.27093178,-0.22272585,0.10854470,-0.29171374,-0.22783307,-0.14808202,-0.26250401,-0.22308159,2.61372137,0.00593332,-0.00318939,-0.70713991,0.70704156,-0.09276485,2.40471101,0.01825899,-0.32780361,2.40362406,0.05026147,-0.11451149,2.83643484,0.02947950,-0.37113762,2.84157133,0.05868924,0.98815346,-7.34600878,-3.84607291,-0.23577219,3.10101604,-0.56543827,-0.75900072,-5.19272757,0.05069017,-0.30049276,2.49468660,-0.01256704
1.02377982,-0.05207298,0.06944719,0.01455808,-0.49214017,-0.42367278,0.14359725,0.66206278,-1.85228715,-0.05459153,0.79623724,-1.57783585,-0.04605650,0.90424224,-1.76577239,-0.13464280,0.98239994,-1.66151695,0.91537810,0.06138749,0.33262468,0.32245136,0.18987902,0.13242262,-0.30273634,0.25902919,-0.09988442,-0.26122836,-0.23806134,0.10972019,-0.29071101,-0.20027575,-0.14827203,-0.26815275,-0.22432709,2.59323158,0.00956484,-0.00656986,-0.71007660,0.70402881,-0.09352398,2.40223331,0.01971502,-0.32641068,2.33506117,0.06122300,-0.11258640,2.83035126,0.03174036,-0.37089062,2.79476099,0.05429862,0.76318157,-9.30756474,-0.87993758,-0.14338713,3.08664513,0.17060136,-0.49417297,-5.71025019,1.03164618,-0.29788002,2.34761071,0.58341693
0.99535483,-0.04244590,0.09761304,-0.19974875,-0.40237761,-0.47754104,0.15115717,0.47686275,-1.81630907,-0.05428886,0.85357763,-1.55845780,-0.04830349,0.78837937,-1.72804508,-0.14089881,1.03010225,-1.64566684,0.91537810,0.06138749,0.33262468,0.32432907,0.17064679,0.13495351,-0.30295013,0.30280659,-0.09743135,-0.25255092,-0.25322772,0.11034068,-0.29062158,-0.17257110,-0.14676224,-0.27524175,-0.22559586,2.57331924,0.01110186,-0.01082653,-0.71336452,0.70062157,-0.09373798,2.40026932,0.02137894,-0.32846565,2.27231674,0.07177815,-0.11071186,2.82451839,0.03370748,-0.36922588,2.74850588,0.04908731,0.35713915,-9.18313923,1.92209084,0.02281067,2.84396315,1.02034227,-0.08714948,-5.78177595,1.92939503,-0.31779310,2.39239430,0.79969019
0.98504860,-0.02731101,0.10998827,-0.35559351,-0.33530759,-0.44772501,0.14772005,0.32242436,-1.74102139,-0.05157527,0.90285746,-1.52025864,-0.04152446,0.67620360,-1.67740340,-0.15006977,1.08234210,-1.62799287,0.91537810,0.06138749,0.33262468,0.32661350,0.15128970,0.13782892,-0.30407042,0.33802374,-0.09717421,-0.24726064,-0.26918311,0.10985028,-0.29073739,-0.14549888,-0.14298870,-0.28307583,-0.22677402,2.55365400,0.01104351,-0.01572633,-0.71645192,0.69737175,-0.09309597,2.39868445,0.02254308,-0.33307362,2.21838803,0.07935287,-0.10966873,2.81976109,0.03587611,-0.36576691,2.70297470,0.04353767,-0.24011261,-7.56802597,3.91110554,0.14443395,2.42949748,1.99528866,0.37881178,-5.59465218,2.57516789,-0.47771178,2.64280963,0.88756794
0.99311345,-0.00644243,0.10725282,-0.44119624,-0.30013493,-0.29066181,0.13008175,0.20997933,-1.63446274,-0.04747338,0.94513665,-1.46607687,-0.02683614,0.56773957,-1.61581488,-0.16325441,1.14393992,-1.60900898,0.91537810,0.06138749,0.33262468,0.32902744,0.13118685,0.14098190,-0.30576068,0.36342011,-0.09902565,-0.24896847,-0.28756178,0.10824208,-0.29001524,-0.11907968,-0.13695358,-0.29121229,-0.22769604,2.53386965,0.01015298,-0.02097762,-0.71851711,0.69511870,-0.09117680,2.39804482,0.02326677,-0.33881092,2.17396169,0.08005897,-0.10990486,2.81765366,0.03901220,-0.36059380,2.65745945,0.03781515,-0.95566977,-5.35621109,5.49392042,0.21022317,2.07844729,2.78358340,0.77364855,-5.40021973,3.14581037,-0.68020530,3.14265323,0.95842403
0.99991182,0.00743353,0.06065851,-0.45514368,-0.29671713,-0.02710825,0.10883319,0.15864746,-1.52402699,-0.04449128,0.98093212,-1.40553105,-0.01052136,0.48763850,-1.55615604,-0.17649209,1.20958054,-1.58523548,0.91537810,0.06138749,0.33262468,0.33084163,0.11137554,0.14382266,-0.30710953,0.37445865,-0.10046206,-0.25934519,-0.30783258,0.10683014,-0.28820853,-0.09951898,-0.13023961,-0.29906783,-0.22834206,2.51393223,0.00910870,-0.02631301,-0.71883613,0.69462168,-0.08848763,2.39761281,0.02373210,-0.34179115,2.14320159,0.07149644,-0.11085033,2.81785536,0.04263310,-0.35503483,2.61792898,0.03177380,-1.06165314,-2.08848143,5.47756386,0.13534248,1.74269187,3.05368400,0.81238753,-3.73291421,2.93045259,-0.65192783,3.29107738,1.23195636
0.99585517,0.00220816,-0.01736228,-0.46788098,-0.28629425,0.15151501,0.08544385,0.17317901,-1.44199255,-0.04560372,1.01322646,-1.34819438,0.00197439,0.47027326,-1.52762277,-0.18671503,1.27127588,-1.57245440,0.91537810,0.06138749,0.33262468,0.33118564,0.09274250,0.14534858,-0.30724938,0.36912940,-0.10235448,-0.27462135,-0.32459513,0.10656263,-0.28448832,-0.09446533,-0.12453165,-0.30544915,-0.22891369,2.49401937,0.00795087,-0.03165602,-0.71763939,0.69564961,-0.08661060,2.39666839,0.02393627,-0.34304028,2.12835822,0.05656429,-0.11200771,2.81503429,0.04669732,-0.35035534,2.59242544,0.02573650,-1.17070177,0.76897018,4.06027360,-0.05875329,1.61511743,2.84658885,0.61803747,-0.79374961,1.37173166,-0.50652390,3.08307528,0.59745165
0.98738087,-0.01170485,-0.09100377,-0.39070248,-0.27351370,0.20124078,0.06440732,0.21436837,-1.39168370,-0.04801528,1.04665742,-1.30641410,0.00945930,0.50158017,-1.53530409,-0.19259506,1.32892478,-1.58468418,0.91537810,0.06138749,0.33262468,0.33022535,0.07611217,0.14635529,-0.30526069,0.35667954,-0.10456258,-0.28816111,-0.33530046,0.10769629,-0.27819687,-0.10036876,-0.12046582,-0.30899329,-0.22958355,2.47421918,0.00720959,-0.03643099,-0.71607427,0.69703547,-0.08543301,2.39400973,0.02496466,-0.34416370,2.12063041,0.04206425,-0.11247387,2.80634899,0.05202848,-0.34717083,2.57794542,0.02123207,-1.02212453,2.11408217,2.40542917,-0.11791210,1.68091238,2.03467064,0.35788611,1.67950367,-0.47155376,-0.27368669,2.85043693,-0.65358780
0.98767910,-0.02408221,-0.15131278,-0.17417965,-0.18250818,0.13623484,0.05722673,0.27738910,-1.38743730,-0.04792293,1.08199584,-1.28517787,0.01268612,0.56450983,-1.56654282,-0.19093618,1.37176201,-1.61115837,0.91537810,0.06138749,0.33262468,0.32813645,0.06173093,0.14754919,-0.30126303,0.33933347,-0.10427299,-0.29728655,-0.33999832,0.11019326,-0.27120955,-0.11426192,-0.11835770,-0.30965010,-0.23036518,2.45438242,0.00729104,-0.03917954,-0.71497422,0.69801409,-0.08443623,2.38891325,0.02687342,-0.34324760,2.11781502,0.03084990,-0.11154747,2.79146366,0.05692690,-0.34577408,2.57162199,0.01848635,-0.27987392,3.26012135,-0.02827836,0.02432531,1.76726663,0.96505729,0.15147880,3.23439407,-1.62253463,0.11770338,2.05776055,-1.38195555
1.01137665,-0.02329960,-0.17283570,0.07776845,0.01498143,0.00640053,0.06365137,0.35909628,-1.42490058,-0.04243084,1.11241810,-1.28580377,0.01624032,0.63939112,-1.60380993,-0.18151775,1.39146249,-1.64981513,0.91537810,0.06138749,0.33262468,0.32554924,0.05202263,0.14918141,-0.29659780,0.31832583,-0.10184663,-0.30180355,-0.33741553,0.11326647,-0.26501809,-0.13223554,-0.11742031,-0.30823122,-0.23112049,2.43410473,0.00772191,-0.03888816,-0.71483908,0.69816415,-0.08328838,2.37836323,0.02895144,-0.34090538,2.11842871,0.02374569,-0.10944138,2.76857853,0.06053115,-0.34519310,2.56923876,0.01731802,0.37812859,4.16313810,-2.04966239,0.30889417,1.47160566,-0.15316199,0.19084622,3.77566957,-1.86304080,0.51375760,0.83775752,-1.99641750
1.04446319,-0.00597436,-0.15333696,0.28385316,0.23345819,-0.10179286,0.07571846,0.44870386,-1.48601067,-0.03383344,1.13725424,-1.32243407,0.02230403,0.71427321,-1.63919747,-0.16652237,1.38008678,-1.69826710,0.91537810,0.06138749,0.33262468,0.32322276,0.05050487,0.15037497,-0.29138581,0.29618012,-0.09969802,-0.30230656,-0.32615827,0.11614161,-0.26107296,-0.15127598,-0.11713791,-0.30507841,-0.23164749,2.41320825,0.00802469,-0.03564267,-0.71556238,0.69759278,-0.08267021,2.35871840,0.03183694,-0.33919430,2.11978698,0.02091619,-0.10686493,2.73615932,0.06214979,-0.34471703,2.56754875,0.01814435,0.63133073,4.52049303,-3.20372319,0.44377771,1.21069896,-2.13062525,0.32171217,3.72830963,-1.75073850,0.78412050,-0.80591434,-2.48876071
1.06233521,0.02401566,-0.13352240,0.41557683,0.41651610,-0.10112590,0.08994755,0.53905203,-1.55002470,-0.02711564,1.14884000,-1.41313291,0.03005217,0.77924341,-1.65888598,-0.14625649,1.33190515,-1.74666338,0.91537810,0.06138749,0.33262468,0.32121965,0.06334599,0.14971276,-0.28576982,0.27379849,-0.09856893,-0.30080189,-0.30681845,0.11889405,-0.25987604,-0.16991178,-0.11753346,-0.30200953,-0.23164673,2.39188204,0.00792048,-0.02981031,-0.71645136,0.69695485,-0.08379307,2.32431045,0.03544983,-0.33795052,2.12099285,0.02041776,-0.10408840,2.69520073,0.06134361,-0.34430809,2.56506271,0.01921013,0.70670962,4.51103468,-3.18493485,0.32968284,0.55788369,-4.58664026,0.38741140,3.23278904,-0.96474552,1.01712775,-2.44723601,-2.40709858
1.05580909,0.05448572,-0.11110097,0.44455739,0.51949599,0.01101062,0.10034869,0.62299104,-1.60085616,-0.02555006,1.14302025,-1.53085818,0.03736747,0.83362697,-1.66594360,-0.12436497,1.25839231,-1.78480515,0.91537810,0.06138749,0.33262468,0.31947724,0.08608692,0.14700353,-0.27972342,0.25232397,-0.09921695,-0.29917534,-0.28351805,0.12144560,-0.26050457,-0.18716717,-0.11858721,-0.29935984,-0.23108559,2.37067623,0.00732507,-0.02300984,-0.71659512,0.69707124,-0.08655758,2.28049502,0.03975382,-0.33734932,2.12123804,0.02030190,-0.10172596,2.65067196,0.05897267,-0.34436989,2.56109982,0.02011741,0.50550140,4.16472807,-2.48857913,0.05779404,-0.35802124,-5.89803553,0.36141553,2.69191408,-0.32497213,1.09166331,-3.73818097,-1.86811919
1.03052265,0.07529064,-0.07206571,0.36609304,0.52606571,0.20055313,0.10571138,0.69562125,-1.63228943,-0.03296215,1.11064391,-1.64776065,0.04301455,0.88028550,-1.66364419,-0.10447834,1.16439018,-1.80755894,0.91537810,0.06138749,0.33262468,0.31831647,0.11529948,0.14189033,-0.27412868,0.23281180,-0.10119192,-0.29819806,-0.25754472,0.12345438,-0.26282753,-0.20305913,-0.12011222,-0.29735270,-0.23006763,2.34996343,0.00620102,-0.01661970,-0.71543355,0.69845556,-0.09101448,2.23125768,0.04418779,-0.33687439,2.11967349,0.02011842,-0.10040531,2.60443926,0.05548894,-0.34522133,2.55587502,0.02096378,0.24686084,3.58286667,-1.48366928,-0.41941155,-1.75031517,-5.81335068,0.27437047,2.31020370,0.15272282,0.98010784,-4.77992077,-1.06174842
0.99369911,0.08450361,-0.02012015,0.21390322,0.48206592,0.43031787,0.10575508,0.76013286,-1.64318917,-0.05193915,1.03243246,-1.75479062,0.04742303,0.92459743,-1.65351231,-0.08823066,1.05033698,-1.81072276,0.91537810,0.06138749,0.33262468,0.31803763,0.15382900,0.13413693,-0.26873128,0.21418655,-0.10416174,-0.29830180,-0.22872785,0.12476208,-0.26699258,-0.21866602,-0.12168237,-0.29629485,-0.22872105,2.32997098,0.00439712,-0.01152614,-0.71266601,0.70139502,-0.09707069,2.17400861,0.04930634,-0.33630753,2.11748405,0.01973583,-0.10030346,2.55666666,0.05104505,-0.34687767,2.55056210,0.02174278,-0.02973139,3.19303799,-0.42764568,-1.01569176,-4.23742495,-5.28454494,0.21602152,2.21485305,0.54716629,0.79021782,-5.82335567,-0.03823184
0.95505886,0.08368900,0.03128527,0.00360808,0.42842946,0.66156865,0.09889626,0.81695229,-1.63160217,-0.07848884,0.88628685,-1.82535660,0.05442802,0.97203577,-1.64329076,-0.07737125,0.92579031,-1.79354393,0.91537810,0.06138749,0.33262468,0.31872651,0.20273813,0.12497729,-0.26356537,0.19586210,-0.10853822,-0.29965828,-0.19858616,0.12493708,-0.27250968,-0.23412526,-0.12219658,-0.29552484,-0.22714901,2.31076026,0.00159920,-0.00819824,-0.70825312,0.70590917,-0.10285759,2.10760093,0.05516114,-0.33634853,2.11526608,0.01906823,-0.10154152,2.50892305,0.04621683,-0.34855366,2.54529715,0.02320167,-0.39600801,2.78032041,0.74554676,-1.36979067,-7.82319498,-3.19713569,0.37841585,2.40355229,0.49168822,0.50017071,-6.27191973,1.00238800
0.92518744,0.07129254,0.07158293,-0.13590782,0.35082397,0.79452700,0.08603203,0.86221015,-1.60141449,-0.09797498,0.69237542,-1.82113001,0.06525161,1.02048802,-1.63173318,-0.07440737,0.79951744,-1.75274999,0.91537810,0.06138749,0.33262468,0.32037072,0.25311844,0.11849402,-0.25894219,0.17876385,-0.11419520,-0.30173952,-0.16905235,0.12346773,-0.27918413,-0.24921063,-0.12121269,-0.29521697,-0.22549782,2.29227877,-0.00178458,-0.00663135,-0.70261707,0.71153503,-0.10383110,2.04066997,0.06142854,-0.33743668,2.11209345,0.01863120,-0.10416508,2.46286993,0.04118659,-0.34983387,2.53994589,0.02515376,-0.64516804,2.24941971,1.52248466,-0.95377074,-9.68655167,0.30470891,0.54578979,2.42396283,0.58313369,0.13718836,-6.31380892,2.06946216
0.90165812,0.04922379,0.09871774,-0.22799066,0.24636565,0.77364541,0.07293208,0.89894030,-1.56236787,-0.10358524,0.50989237,-1.75718820,0.07861122,1.06903315,-1.61347938,-0.07958959,0.67274382,-1.69170845,0.91537810,0.06138749,0.33262468,0.32261142,0.29575190,0.11582944,-0.25664311,0.16280671,-0.11940955,-0.30405279,-0.13993063,0.12011033,-0.28680754,-0.26504790,-0.11892365,-0.29574116,-0.22399445,2.27429361,-0.00510276,-0.00642280,-0.69702464,0.71700025,-0.09986076,1.98193002,0.06596830,-0.33875961,2.10818033,0.01855862,-0.10788288,2.41755972,0.03580387,-0.35035419,2.53587809,0.02687025,-0.64757113,1.81859696,1.97541611,-0.24443381,-9.05496407,3.32734523,0.67028880,2.42143369,0.95337859,-0.28554367,-6.34285975,3.10572743
0.88971701,0.02359388,0.10808900,-0.27555976,0.16537010,0.59714675,0.06372160,0.92996734,-1.51740839,-0.09848776,0.36002406,-1.65716197,0.09287301,1.11584413,-1.58471944,-0.09157306,0.55395089,-1.61893325,0.91537810,0.06138749,0.33262468,0.32515572,0.32920642,0.11583699,-0.25789227,0.14735757,-0.12305421,-0.30665644,-0.11265171,0.11506703,-0.29440688,-0.28212331,-0.11589972,-0.29710679,-0.22277050,2.25657430,-0.00821820,-0.00714399,-0.69255509,0.72128280,-0.09364948,1.93234777,0.06726346,-0.33973408,2.10433726,0.01849928,-0.11237698,2.37380953,0.03074884,-0.35004063,2.53375406,0.02804893,-0.43648170,1.53014147,2.26093183,0.28979273,-7.30564365,5.10164566,0.71749407,2.33485198,1.46168077,-0.61431998,-5.85148106,3.64879537
0.88871689,0.00409045,0.09588375,-0.29513160,0.14809690,0.31400891,0.05999547,0.95728842,-1.47186081,-0.08714493,0.25719381,-1.54601090,0.10671118,1.16081703,-1.55461733,-0.10386299,0.46454171,-1.55210190,0.91537810,0.06138749,0.33262468,0.32758453,0.35118633,0.11716638,-0.26354860,0.13257303,-0.12499196,-0.30901279,-0.09196543,0.10994710,-0.30086412,-0.29897501,-0.11298506,-0.29783287,-0.22180843,2.23888717,-0.01133239,-0.00813376,-0.69000610,0.72366912,-0.08803463,1.89368525,0.06403593,-0.34033871,2.10050664,0.01857174,-0.11637020,2.33598909,0.02672041,-0.34891682,2.53213644,0.02975166,-0.15550557,1.35020459,2.27030177,0.59467602,-4.85890331,5.56846714,0.68326765,2.23596091,1.49484289,-0.60241491,-4.26478653,3.27209306
0.88954753,-0.00221720,0.06796556,-0.31821768,0.19145038,0.03373766,0.06024658,0.98326117,-1.43015659,-0.07000212,0.20139416,-1.44618297,0.11791880,1.20737648,-1.53188014,-0.11231061,0.41497362,-1.50504160,0.91537810,0.06138749,0.33262468,0.32960826,0.36189571,0.11979769,-0.27204521,0.11864100,-0.12603911,-0.31039256,-0.08020037,0.10573810,-0.30611581,-0.31480970,-0.11130505,-0.29661693,-0.22095776,2.22117519,-0.01487776,-0.00898002,-0.68943346,0.72414053,-0.08348942,1.86561584,0.05756305,-0.34100342,2.09647322,0.01921570,-0.11929607,2.30648375,0.02349246,-0.34762573,2.53012371,0.03299133,0.03692731,1.29307854,2.05031633,0.90137285,-2.46098113,4.87270784,0.53839576,2.35017991,1.06834173,-0.38999853,-2.18282986,2.19004154
0.89155454,0.00325963,0.01603302,-0.28349111,0.23932338,-0.14599445,0.06159858,1.00629179,-1.39035473,-0.04731373,0.18871101,-1.36891537,0.12451442,1.25043275,-1.51476181,-0.11508049,0.41327928,-1.48620703,0.91537810,0.06138749,0.33262468,0.33065683,0.36164426,0.12399230,-0.28238862,0.10545350,-0.12713251,-0.31103826,-0.07974972,0.10293411,-0.31062135,-0.32869448,-0.11139725,-0.29388619,-0.22006283,2.20339584,-0.01860407,-0.00919936,-0.69040283,0.72312737,-0.07936897,1.84791603,0.04826821,-0.34214821,2.09213815,0.01961857,-0.12095299,2.28785110,0.02003548,-0.34664135,2.52654796,0.03677064,0.06687856,1.15343854,1.98233840,1.13665509,-0.58529159,3.82091613,0.32371614,2.14949083,0.83594651,-0.13429542,-0.02529645,0.88595429
0.89762123,0.01392036,-0.04937562,-0.19805979,0.25339795,-0.21697962,0.06239896,1.03129389,-1.35653682,-0.02528693,0.20985329,-1.32395163,0.12687788,1.29213407,-1.51542766,-0.11531027,0.45240718,-1.50531642,0.91537810,0.06138749,0.33262468,0.33050503,0.35299157,0.12840196,-0.29222381,0.09209105,-0.12854186,-0.31044254,-0.08813115,0.10122862,-0.31206605,-0.33892802,-0.11288734,-0.28886553,-0.21904697,2.18546000,-0.02185558,-0.00872811,-0.69189950,0.72161017,-0.07578087,1.83823538,0.03828121,-0.34356499,2.08799701,0.02006249,-0.12164955,2.27780757,0.01843898,-0.34621563,2.51929212,0.04163950,0.03811034,1.26028335,1.66982877,1.08354692,1.15103990,2.13746724,0.10617541,2.08813047,-0.11128377,-0.00707987,2.06751592,-1.05603927
0.91350324,0.02144373,-0.11037647,-0.07149679,0.20024970,-0.17564599,0.06260257,1.06394360,-1.33697872,-0.01337933,0.26449623,-1.32247376,0.12390734,1.33680637,-1.55189626,-0.11443445,0.52346122,-1.55072930,0.91537810,0.06138749,0.33262468,0.32919080,0.33692569,0.13043712,-0.29978122,0.07834543,-0.12991273,-0.30766105,-0.10384351,0.10052877,-0.31088325,-0.34301530,-0.11573686,-0.28010783,-0.21795864,2.16717663,-0.02391279,-0.00776618,-0.69316277,0.72034245,-0.07449112,1.83558979,0.02940957,-0.34471970,2.08382821,0.02152975,-0.12155285,2.27485871,0.01830754,-0.34697437,2.50542130,0.04908297,0.00803071,1.68860424,0.87743991,0.52977428,2.87930136,-0.13952633,-0.17787157,2.25719533,-2.02547534,0.04602840,3.64972105,-2.33253889
0.94362512,0.02062100,-0.14755434,0.08416410,0.07028678,-0.06256732,0.06059026,1.09582541,-1.33137155,-0.01573523,0.34577375,-1.36205754,0.11049560,1.36683156,-1.60851562,-0.11386012,0.60811212,-1.59866445,0.91537810,0.06138749,0.33262468,0.32710684,0.31565507,0.12905631,-0.30401051,0.06680736,-0.13120915,-0.30390848,-0.12377381,0.10059838,-0.30871457,-0.33968463,-0.12038269,-0.27080469,-0.21690083,2.14830046,-0.02404386,-0.00666214,-0.69369838,0.71983336,-0.07609482,1.83770857,0.02309633,-0.34551163,2.07661834,0.02319836,-0.12101612,2.27576070,0.01839227,-0.34994068,2.48323035,0.05630215,-0.12062492,1.53029239,0.24131439,-0.19482428,4.18306727,-2.17638568,-0.74565443,1.33120818,-2.83042979,0.02346405,4.27149420,-2.36008477
0.98552492,0.00764548,-0.15135458,0.30396867,-0.10879380,0.04037629,0.05844804,1.11293852,-1.35441780,-0.02637444,0.43639845,-1.42413759,0.08352660,1.35879910,-1.66524422,-0.11442978,0.69025052,-1.63744116,0.91537810,0.06138749,0.33262468,0.32482737,0.29284828,0.12638820,-0.30499156,0.06462688,-0.13142256,-0.30081160,-0.14472499,0.10138701,-0.30576686,-0.32766263,-0.12695113,-0.26458271,-0.21603298,2.12862682,-0.02150917,-0.00538109,-0.69354083,0.72007605,-0.07861614,1.84078884,0.01983581,-0.34490681,2.05905628,0.02401577,-0.12021446,2.27709723,0.01906051,-0.35533428,2.45123267,0.06024466,-0.09840555,0.73986763,-1.41932476,-0.57627881,4.56511068,-3.23036647,-1.44648838,-0.69717401,-2.83779120,-0.03729656,4.06231976,-1.86558712
1.02514319,-0.01728629,-0.12866916,0.54269168,-0.27108028,0.03363080,0.06525125,1.11250589,-1.45449307,-0.03585048,0.51981535,-1.48436270,0.04772569,1.31048417,-1.71792862,-0.11576454,0.75733278,-1.65786200,0.91537810,0.06138749,0.33262468,0.32279704,0.27099783,0.12545125,-0.30443710,0.08175953,-0.12791555,-0.29596137,-0.16468409,0.10292707,-0.30257376,-0.30789568,-0.13446383,-0.26060785,-0.21561966,2.10808392,-0.01577054,-0.00358278,-0.69335289,0.72041670,-0.07982483,1.84211850,0.01835994,-0.34029160,2.02145877,0.02683567,-0.11911125,2.27660975,0.02022328,-0.36184139,2.41057272,0.06218919,0.35103103,-0.06171657,-5.06087589,-0.46781812,4.14880490,-2.98912072,-1.78770525,-2.45048184,-2.61474733,-0.06754920,3.33180189,-0.99466457
1.06029776,-0.03883490,-0.08190148,0.62373218,-0.37671580,-0.06061827,0.07904536,1.08260825,-1.58399565,-0.04187924,0.58918946,-1.52901149,0.01499950,1.24024153,-1.75635855,-0.11783109,0.81221375,-1.66415682,0.91537810,0.06138749,0.33262468,0.32143909,0.25157766,0.12622990,-0.30394783,0.11173015,-0.12203190,-0.29006374,-0.18328373,0.10471753,-0.29971784,-0.28596509,-0.14070785,-0.25849331,-0.21560326,2.08686810,-0.00867008,-0.00190915,-0.69380724,0.72010603,-0.08008728,1.84016843,0.01749127,-0.33338737,1.97066865,0.03137535,-0.11778755,2.27392631,0.02172125,-0.36686840,2.36739187,0.06294579,0.70526124,-1.58910789,-6.48383713,-0.29688490,3.43847728,-2.18734770,-1.61726372,-3.55773187,-1.87631459,-0.10658982,2.73359060,-0.30536697
1.07271205,-0.05137302,-0.03395040,0.50415557,-0.45079910,-0.17691097,0.09794493,1.01574725,-1.70868797,-0.04671107,0.65062635,-1.55861936,-0.01048386,1.15531149,-1.77951217,-0.12154020,0.86513853,-1.66948991,0.91537810,0.06138749,0.33262468,0.32080055,0.23374659,0.12770492,-0.30356682,0.14944307,-0.11484523,-0.28278377,-0.20068133,0.10648561,-0.29626777,-0.26256317,-0.14487830,-0.25876044,-0.21588135,2.06538768,-0.00184200,-0.00150144,-0.69503814,0.71896894,-0.08033962,1.83609648,0.01723373,-0.32560368,1.91214385,0.03801678,-0.11624775,2.26955752,0.02453278,-0.36956177,2.32289782,0.06204011,0.96492186,-3.52423143,-6.16909599,-0.23872831,3.05292797,-1.42016733,-1.23983099,-4.30217590,-1.09528104,-0.19535645,2.64759254,-0.27578542
1.05893249,-0.05742393,0.01651445,0.29532384,-0.51488997,-0.29831608,0.11849552,0.89711515,-1.80478959,-0.05123473,0.71086249,-1.57505140,-0.02914142,1.05768542,-1.78680277,-0.12692201,0.91680505,-1.67259831,0.91537810,0.06138749,0.33262468,0.32098700,0.21601412,0.12951481,-0.30318199,0.19416079,-0.10757032,-0.27429135,-0.21675524,0.10810160,-0.29299577,-0.23740462,-0.14709230,-0.26150094,-0.21640968,2.04413896,0.00399021,-0.00292638,-0.69708396,0.71697243,-0.08086948,1.83185368,0.01780501,-0.31847553,1.84702897,0.04669565,-0.11444836,2.26384940,0.02799123,-0.37012215,2.27731180,0.05948606,1.02409639,-6.26813393,-4.58469334,-0.22596438,3.01871586,-0.75007002,-0.89895670,-4.95258913,-0.26829956,-0.27591658,2.56938934,-0.12404250
1.02929082,-0.05676518,0.05950493,0.07963086,-0.52043341,-0.40471552,0.13671193,0.72643429,-1.85088599,-0.05496568,0.77204561,-1.57846558,-0.04288110,0.94756538,-1.77582920,-0.13268566,0.96624911,-1.66689157,0.91537810,0.06138749,0.33262468,0.32197699,0.19755861,0.13152820,-0.30286786,0.24318400,-0.10154538,-0.26476264,-0.23228677,0.10954401,-0.29110293,-0.21030585,-0.14803013,-0.26636481,-0.21712589,2.02344251,0.00839699,-0.00591810,-0.69984888,0.71421706,-0.08160400,1.82860184,0.01910913,-0.31370068,1.77824211,0.05721435,-0.11233234,2.25791073,0.03087406,-0.36940575,2.23069191,0.05561218,0.88919473,-8.88626575,-1.91496122,-0.17872988,3.06517100,-0.07629632,-0.65476608,-5.59529877,0.68320507,-0.28858778,2.45694613,0.35779950
0.99671728,-0.04852829,0.08833021,-0.13115258,-0.44281256,-0.47752331,0.14731820,0.53685347,-1.83065033,-0.05535356,0.83068190,-1.56466894,-0.04885648,0.83059212,-1.74333694,-0.13840742,1.01312685,-1.65044270,0.91537810,0.06138749,0.33262468,0.32368392,0.17857803,0.13406636,-0.30288610,0.28918247,-0.09825507,-0.25546701,-0.24758027,0.11047852,-0.29106552,-0.18224754,-0.14737880,-0.27306172,-0.21793098,2.00348196,0.01059193,-0.01001979,-0.70319192,0.71085058,-0.08193645,1.82636790,0.02079782,-0.31304512,1.71325126,0.06821691,-0.11014309,2.25224543,0.03261841,-0.36727695,2.18412099,0.05062220,0.51943136,-9.45085545,1.07982721,-0.01518479,2.92253041,0.71408985,-0.28609965,-5.84519053,1.64791908,-0.28800254,2.34698844,0.82384580
0.97685347,-0.03525242,0.10707352,-0.31131477,-0.36222431,-0.48039450,0.14874444,0.37170342,-1.76676178,-0.05302240,0.88240745,-1.53309188,-0.04574917,0.71642951,-1.69614222,-0.14628976,1.06335592,-1.63355355,0.91537810,0.06138749,0.33262468,0.32589328,0.15954509,0.13693697,-0.30365589,0.32718530,-0.09705629,-0.24876099,-0.26299233,0.11042478,-0.29124833,-0.15476731,-0.14458948,-0.28073669,-0.21869926,1.98394642,0.01094803,-0.01481311,-0.70653999,0.70743336,-0.08157673,1.82456079,0.02223739,-0.31537476,1.65664840,0.07713229,-0.10858059,2.24706707,0.03464495,-0.36346874,2.13854537,0.04515658,0.03392370,-8.15411854,3.29073415,0.12270202,2.56358790,1.63536780,0.18284632,-5.69738436,2.39022865,-0.40614883,2.52945876,0.84185022
0.97742107,-0.01548181,0.10737140,-0.40162312,-0.31879884,-0.36789908,0.13586112,0.24505939,-1.66981258,-0.04889365,0.92670710,-1.48390017,-0.03366806,0.60455461,-1.63724513,-0.15835802,1.12159047,-1.61598001,0.91537810,0.06138749,0.33262468,0.32827671,0.13975335,0.14012738,-0.30528089,0.35586059,-0.09826185,-0.24784233,-0.28032975,0.10910157,-0.29080939,-0.12760344,-0.13933890,-0.28875840,-0.21925488,1.96444383,0.01035928,-0.01992739,-0.70913625,0.70471368,-0.08004494,1.82377658,0.02299582,-0.31984310,1.60923381,0.08043438,-0.10832138,2.24405370,0.03746732,-0.35775585,2.09295626,0.03951831,-0.71248515,-6.15390902,4.98545237,0.21212552,2.18610253,2.52270255,0.63883207,-5.59235964,3.00089240,-0.62120887,2.95577121,0.89073509
0.98399277,0.00262519,0.07679923,-0.43194190,-0.30737402,-0.12485800,0.11549522,0.17142508,-1.55813723,-0.04493211,0.96443067,-1.42566104,-0.01754354,0.50953541,-1.57354522,-0.17181076,1.18598704,-1.59360342,0.91537810,0.06138749,0.33262468,0.33032271,0.11989366,0.14325137,-0.30680187,0.37213728,-0.09990700,-0.25527882,-0.30010352,0.10752633,-0.28940919,-0.10453526,-0.13275713,-0.29673613,-0.21950397,1.94481626,0.00948019,-0.02515984,-0.71010486,0.70358240,-0.07743034,1.82352929,0.02352084,-0.32304058,1.57367244,0.07504389,-0.10905190,2.24385533,0.04091352,-0.35123386,2.05064306,0.03358658,-1.02480158,-3.32991037,5.59303617,0.19071667,1.84929719,2.93931317,0.81188316,-4.58378763,3.17698550,-0.66868609,3.23740458,1.15480174
0.98373361,0.00441826,0.00598296,-0.44033756,-0.29849193,0.10725174,0.09347139,0.16286077,-1.46419203,-0.04428533,0.99755245,-1.36628783,-0.00335016,0.46407104,-1.52790022,-0.18284303,1.24648368,-1.56888533,0.91537810,0.06138749,0.33262468,0.33123761,0.10070339,0.14534896,-0.30763769,0.37261273,-0.10134749,-0.26935108,-0.31915043,0.10679024,-0.28721924,-0.09324886,-0.12657364,-0.30401087,-0.21960068,1.92515492,0.00853925,-0.03038185,-0.70941895,0.70408010,-0.07510281,1.82323408,0.02359992,-0.32407475,1.55340672,0.06188653,-0.11013317,2.24339700,0.04401837,-0.34538651,2.01946378,0.02722675,-1.11451721,0.04658192,4.51532364,0.00287153,1.62851202,2.96632266,0.68752909,-1.86125624,2.10570574,-0.52938402,2.97704434,1.24133337
0.97599610,-0.00755828,-0.06683425,-0.41251349,-0.29089055,0.19815484,0.07015864,0.19613433,-1.40278351,-0.04674629,1.03002930,-1.31928678,0.00612371,0.48002063,-1.52392390,-0.19071365,1.30567341,-1.57283871,0.91537810,0.06138749,0.33262468,0.33069064,0.08354460,0.14639136,-0.30649289,0.36218670,-0.10385998,-0.28372581,-0.33198092,0.10733593,-0.28169933,-0.09570120,-0.12182390,-0.30855787,-0.21975651,1.90559468,0.00773791,-0.03537158,-0.70786308,0.70542104,-0.07375488,1.82137084,0.02419775,-0.32529812,1.54389443,0.04696483,-0.11087933,2.23707333,0.04899131,-0.34113445,2.00186086,0.02213277,-1.15503181,1.69235168,3.02058055,-0.12301544,1.62826383,2.32371404,0.46547514,0.85958178,0.15045688,-0.38508669,2.95163417,-0.23334932
0.97136819,-0.02197152,-0.13088419,-0.24469205,-0.23312939,0.17059038,0.05703216,0.25029598,-1.38118193,-0.04806672,1.06520696,-1.29128370,0.01055498,0.53422199,-1.54960282,-0.19212373,1.35574951,-1.59622686,0.91537810,0.06138749,0.33262468,0.32896805,0.06823071,0.14741408,-0.30316045,0.34664834,-0.10477232,-0.29451097,-0.33897223,0.10936486,-0.27447695,-0.10728033,-0.11905331,-0.31008351,-0.22004337,1.88607831,0.00768180,-0.03887348,-0.70651254,0.70659032,-0.07272110,1.81764960,0.02580760,-0.32528133,1.53957105,0.03445708,-0.11022320,2.22490330,0.05449111,-0.33895245,1.99351850,0.01888455,-0.60749031,2.77359586,0.93123573,-0.05477790,1.76378191,1.34186544,0.21222763,2.78207536,-1.33870263,-0.04812079,2.45192795,-1.18535466
0.98689784,-0.02660142,-0.16820000,-0.00224678,-0.06803373,0.05804397,0.05951038,0.32435784,-1.40440800,-0.04469879,1.09820235,-1.28257446,0.01353623,0.60589341,-1.58610504,-0.18578424,1.38531775,-1.62832611,0.91537810,0.06138749,0.33262468,0.32649057,0.05616977,0.14888185,-0.29870428,0.32710478,-0.10281413,-0.30068181,-0.33989422,0.11221455,-0.26782207,-0.12408998,-0.11778221,-0.30934289,-0.22035408,1.86625414,0.00814898,-0.03963796,-0.70600417,0.70705059,-0.07147369,1.81008048,0.02778629,-0.32317677,1.53915205,0.02580876,-0.10813065,2.20614543,0.05866849,-0.33813305,1.99034719,0.01714768,0.18229039,3.77106819,-1.31189338,0.19279266,1.61814868,0.35909984,0.15323452,3.61425638,-1.82383049,0.34970388,1.37708751,-1.66017854
1.01935019,-0.01495492,-0.15942306,0.21544718,0.15135849,-0.06592183,0.07002648,0.40965168,-1.45764010,-0.03665569,1.12593033,-1.30278945,0.01839717,0.68045684,-1.62317884,-0.17318288,1.38769555,-1.67192090,0.91537810,0.06138749,0.33262468,0.32407663,0.05060700,0.15042249,-0.29365858,0.30570393,-0.10040102,-0.30258133,-0.33270006,0.11509886,-0.26282355,-0.14266883,-0.11733258,-0.30667979,-0.22049332,1.84582882,0.00860114,-0.03738282,-0.70646277,0.70670991,-0.07012024,1.79507518,0.03041805,-0.32119236,1.54022293,0.02149529,-0.10507011,2.17841649,0.06125308,-0.33768673,1.98861198,0.01739683,0.54780447,4.30903664,-2.81107500,0.42451048,1.36534584,-1.22362938,0.25767187,3.72640562,-1.86068618,0.65995747,-0.05169009,-2.23947837
1.04822246,0.00990348,-0.13613605,0.37430687,0.35533778,-0.12175170,0.08407310,0.49818823,-1.52220619,-0.02802654,1.14310038,-1.36286891,0.02542144,0.74897975,-1.65025759,-0.15577328,1.35781515,-1.72157454,0.91537810,0.06138749,0.33262468,0.32202649,0.05576479,0.15090248,-0.28874494,0.28387683,-0.09862652,-0.30174571,-0.31722824,0.11776451,-0.26030450,-0.16129564,-0.11742534,-0.30349462,-0.22026062,1.82485628,0.00874088,-0.03258087,-0.70743169,0.70597626,-0.06952858,1.76863241,0.03328155,-0.31975079,1.54128098,0.02028078,-0.10153103,2.14172459,0.06172200,-0.33719444,1.98650861,0.01853187,0.72663677,4.43708181,-3.26690888,0.42614031,0.76344961,-3.29617715,0.36553401,3.36662269,-1.25048864,0.90361738,-1.73131216,-2.51340127
1.05230931,0.04153105,-0.11906823,0.43898204,0.50198008,-0.05460959,0.09649616,0.58474650,-1.57941165,-0.02346419,1.14578085,-1.47185044,0.03312788,0.80633941,-1.66135802,-0.13435906,1.29571164,-1.76502805,0.91537810,0.06138749,0.33262468,0.32020489,0.07458355,0.14916277,-0.28293453,0.26202875,-0.09853658,-0.30009927,-0.29567648,0.12035608,-0.26016058,-0.17897133,-0.11822234,-0.30077552,-0.21941376,1.80374675,0.00828335,-0.02594926,-0.70801614,0.70567072,-0.07054462,1.72857881,0.03727036,-0.31897717,1.54210644,0.02010562,-0.09789906,2.09894896,0.06004431,-0.33693333,1.98318033,0.01942937,0.61398826,4.31551037,-2.83708315,0.22018234,0.10556461,-5.47057152,0.38380844,2.85545444,-0.54259152,1.07111576,-3.13806558,-2.15655324
1.03403754,0.06702763,-0.09059049,0.39941063,0.54178487,0.10630013,0.10392726,0.66170485,-1.61936483,-0.02576382,1.12689729,-1.58995323,0.03954796,0.85538311,-1.66337781,-0.11351184,1.21179698,-1.79588675,0.91537810,0.06138749,0.33262468,0.31875784,0.10071731,0.14533606,-0.27716102,0.24181590,-0.10004391,-0.29879118,-0.27098858,0.12258655,-0.26166234,-0.19520521,-0.11958545,-0.29839802,-0.21806641,1.78300357,0.00732308,-0.01924900,-0.70747752,0.70643570,-0.07291088,1.68202624,0.04159682,-0.31854305,1.54136715,0.01996667,-0.09499493,2.05377226,0.05709550,-0.33730221,1.97842255,0.02035982,0.35745842,3.81393433,-1.94108529,-0.14392577,-1.01752416,-5.88887596,0.31571001,2.43166695,-0.07233381,1.03466737,-4.24939265,-1.49759667
1.00075347,0.08103105,-0.04549295,0.27243370,0.51188532,0.31827362,0.10644581,0.72850541,-1.63950000,-0.03900341,1.07437434,-1.70140731,0.04440975,0.89953735,-1.65627346,-0.09570008,1.10843987,-1.80926776,0.91537810,0.06138749,0.33262468,0.31804010,0.13388142,0.13885486,-0.27178956,0.22323289,-0.10256380,-0.29835069,-0.24371017,0.12419926,-0.26492834,-0.21066752,-0.12117628,-0.29701189,-0.21636009,1.76292176,0.00574146,-0.01356827,-0.70544329,0.70861323,-0.07692661,1.62964306,0.04625055,-0.31795597,1.53924670,0.01968941,-0.09321766,2.00716763,0.05311176,-0.33844776,1.97306242,0.02102822,0.10499524,3.30641532,-0.92172567,-0.71349076,-2.81584864,-5.53874254,0.23809414,2.19985342,0.38914775,0.87562121,-5.25495911,-0.58495044
0.96083625,0.08507993,0.00750613,0.08556646,0.45774510,0.55073290,0.10302310,0.78867496,-1.63835526,-0.06267328,0.96218343,-1.79275539,0.04970882,0.94556935,-1.64596882,-0.08215435,0.98872361,-1.80239367,0.91537810,0.06138749,0.33262468,0.31827604,0.17807323,0.13015982,-0.26651695,0.20492739,-0.10622007,-0.29911416,-0.21407642,0.12496821,-0.26985295,-0.22620458,-0.12233708,-0.29613547,-0.21440086,1.74364038,0.00330067,-0.00948647,-0.70175070,0.71235179,-0.08160000,1.56752796,0.05175909,-0.31755314,1.53715177,0.01916188,-0.09263897,1.95955658,0.04842309,-0.34009762,1.96799545,0.02214057,-0.20961607,2.97577977,0.18500375,-1.23628509,-6.01652360,-4.40030470,0.27432175,2.32823591,0.51330471,0.64959236,-6.06229992,0.46215530
0.92477369,0.07963125,0.05410719,-0.10126902,0.39117393,0.75278972,0.09274223,0.83946967,-1.61660910,-0.08808594,0.78841609,-1.83016992,0.05833162,0.99325264,-1.63573289,-0.07469737,0.86375260,-1.77516234,0.91537810,0.06138749,0.33262468,0.31943601,0.22889937,0.12160003,-0.26153776,0.18731722,-0.11133986,-0.30091220,-0.18418119,0.12440803,-0.27590105,-0.24121696,-0.12220019,-0.29561560,-0.21229172,1.72510910,0.00001556,-0.00713994,-0.69656425,0.71745890,-0.08399296,1.49989605,0.05789825,-0.31805801,1.53458929,0.01852381,-0.09337044,1.91287971,0.04353496,-0.34155369,1.96261668,0.02382042,-0.56338459,2.46233559,1.22943866,-1.26166499,-9.10064220,-1.41494024,0.45969328,2.38735890,0.51207304,0.32580879,-6.26285410,1.50591362
0.89817529,0.06182407,0.08677660,-0.20256871,0.29162629,0.80667193,0.07906281,0.87927407,-1.58157642,-0.10045766,0.59777805,-1.79289942,0.07024744,1.04292195,-1.62371418,-0.07554218,0.73745863,-1.72407312,0.91537810,0.06138749,0.33262468,0.32141024,0.27539171,0.11715424,-0.25784046,0.17116167,-0.11697340,-0.30307277,-0.15489383,0.12211763,-0.28308340,-0.25643346,-0.12062440,-0.29540161,-0.21023693,1.70723429,-0.00342101,-0.00642030,-0.69072422,0.72308169,-0.08061371,1.43748713,0.06356978,-0.31926212,1.53090334,0.01833747,-0.09532909,1.86754961,0.03832684,-0.34245987,1.95788436,0.02600863,-0.68243787,1.98128054,1.76375475,-0.59944356,-9.50652027,1.94125543,0.59968808,2.47863698,0.62395902,-0.05518099,-6.32023335,2.58482385
0.88052622,0.03753873,0.10743982,-0.26759321,0.19101195,0.70486711,0.06752037,0.91287860,-1.53901780,-0.10032297,0.43033500,-1.70761404,0.08435012,1.09019706,-1.59854801,-0.08463604,0.61156609,-1.65502491,0.91537810,0.06138749,0.33262468,0.32388358,0.31352826,0.11599106,-0.25718828,0.15551332,-0.12147800,-0.30555919,-0.12596068,0.11783208,-0.29088328,-0.27299032,-0.11781221,-0.29671926,-0.20841465,1.68973265,-0.00665044,-0.00686890,-0.68550648,0.72800375,-0.07379684,1.38373928,0.06669530,-0.32033024,1.52720203,0.01832439,-0.09836292,1.82254496,0.03300030,-0.34241486,1.95515189,0.02716432,-0.56341845,1.66292441,2.14258575,0.03608616,-8.26711006,4.35576406,0.70751643,2.36395574,1.27466428,-0.47248119,-6.26293697,3.48018384
0.87497363,0.01382761,0.10437759,-0.28781154,0.14178949,0.46424005,0.06117710,0.94172436,-1.49354455,-0.09198137,0.30439819,-1.59969339,0.09887896,1.13653469,-1.56934240,-0.09724479,0.50539694,-1.58336122,0.91537810,0.06138749,0.33262468,0.32641303,0.34112348,0.11671929,-0.26068780,0.14044340,-0.12419230,-0.30809865,-0.10147792,0.11265633,-0.29788949,-0.29004900,-0.11465534,-0.29777337,-0.20688744,1.67235265,-0.00969561,-0.00782320,-0.68190897,0.73133095,-0.06660938,1.34022212,0.06572523,-0.32095909,1.52357183,0.01831438,-0.10159988,1.78145695,0.02852354,-0.34153652,1.95367789,0.02863966,-0.29257905,1.42930400,2.27349901,0.44044578,-6.09186201,5.43939352,0.72593838,2.30710592,1.46796358,-0.63001026,-5.17460270,3.55379224
0.87526980,0.00059297,0.08372779,-0.30998125,0.15634313,0.17225269,0.05979238,0.96895095,-1.45101435,-0.07817035,0.22626284,-1.49408693,0.11155747,1.18216238,-1.54324610,-0.10777893,0.43556463,-1.52621996,0.91537810,0.06138749,0.33262468,0.32866527,0.35726536,0.11860903,-0.26773332,0.12608574,-0.12555491,-0.30984914,-0.08509415,0.10798558,-0.30353812,-0.30631502,-0.11227385,-0.29753565,-0.20555687,1.65495887,-0.01296699,-0.00881645,-0.68036732,0.73270351,-0.06080761,1.30746169,0.06093196,-0.32142639,1.51991849,0.01881613,-0.10417175,1.74781876,0.02512716,-0.34021397,1.95211501,0.03112962,-0.04423503,1.35812175,2.09724283,0.72187924,-3.63373060,5.21381903,0.61592599,2.28406029,1.26603830,-0.50638779,-3.26210136,2.74123025
0.87620501,0.00030555,0.04550480,-0.31358778,0.21038357,-0.07046160,0.06102714,0.99249655,-1.40953803,-0.05852871,0.19024214,-1.40244234,0.12084535,1.22592270,-1.52099669,-0.11333103,0.40758991,-1.48968899,0.91537810,0.06138749,0.33262468,0.33031362,0.36294522,0.12189322,-0.27736409,0.11274806,-0.12647866,-0.31107019,-0.07854207,0.10445295,-0.30875008,-0.32132090,-0.11133299,-0.29597570,-0.20425701,1.63753319,-0.01664627,-0.00946331,-0.68058772,0.73241634,-0.05602741,1.28452444,0.05294953,-0.32211018,1.51579738,0.01924343,-0.10585690,1.72353721,0.02156354,-0.33889675,1.94980597,0.03433792,0.07543243,1.14207387,2.07791090,1.02472401,-1.51640642,4.47586298,0.43948707,2.16800451,1.09338999,-0.23794456,-1.09491706,1.67836177
0.87927170,0.00917064,-0.01552640,-0.25388532,0.24208607,-0.19585558,0.06215290,1.01610103,-1.37294240,-0.03528027,0.19441624,-1.34017789,0.12537590,1.26751268,-1.51046872,-0.11452661,0.42518736,-1.48723314,0.91537810,0.06138749,0.33262468,0.33076160,0.35843966,0.12646666,-0.28757249,0.09966514,-0.12772662,-0.31111968,-0.08240870,0.10221444,-0.31214076,-0.33363753,-0.11210481,-0.29235176,-0.20285587,1.62001004,-0.02019110,-0.00940555,-0.68194305,0.73106602,-0.05168209,1.27127047,0.04318911,-0.32331543,1.51167388,0.01964192,-0.10664196,1.70935135,0.01862084,-0.33797188,1.94501028,0.03840984,0.05521023,1.18378246,1.82063758,1.15888841,0.25502763,3.06414678,0.22086847,2.07710981,0.49794669,-0.05757540,0.94688663,0.05027390
0.88895113,0.01885408,-0.07982297,-0.14359379,0.23039671,-0.20726615,0.06264108,1.04330482,-1.34398103,-0.01723623,0.23144558,-1.31533592,0.12574128,1.30938256,-1.52485962,-0.11428150,0.48343498,-1.52529056,0.91537810,0.06138749,0.33262468,0.33000590,0.34612790,0.13002776,-0.29644454,0.08614229,-0.12914654,-0.30977309,-0.09486605,0.10103128,-0.31167403,-0.34134551,-0.11410176,-0.28590254,-0.20134525,1.60225949,-0.02290540,-0.00868562,-0.68341530,0.72961868,-0.04882412,1.26543751,0.03356136,-0.32454376,1.50780606,0.02023281,-0.10677509,1.70356779,0.01833187,-0.33766022,1.93535738,0.04410335,0.02342158,1.37838924,1.41744511,0.86782732,1.94840617,1.11324971,0.00491291,2.10823774,-0.82647509,0.01564479,2.98381109,-1.94540961
0.91151005,0.02268118,-0.13056417,-0.00169435,0.14116754,-0.12138377,0.06205393,1.07842803,-1.33343880,-0.01282532,0.29991376,-1.33496161,0.11915544,1.35146728,-1.57553027,-0.11352629,0.56176292,-1.57242234,0.91537810,0.06138749,0.33262468,0.32825854,0.32728140,0.13023739,-0.30246609,0.07300970,-0.13043363,-0.30605336,-0.11280725,0.10068862,-0.31008517,-0.34211013,-0.11756440,-0.27607757,-0.19979515,1.58404450,-0.02405812,-0.00764689,-0.68433442,0.72873118,-0.04909649,1.26566610,0.02579245,-0.32534428,1.50292258,0.02220519,-0.10645123,1.70300074,0.01817337,-0.33878517,1.91802430,0.05218097,-0.03813538,1.79895532,0.40416670,0.15296289,3.54391813,-1.16826289,-0.37209195,2.07689660,-2.68246918,0.03608322,3.97433901,-2.36225486
0.94816989,0.01595631,-0.14918884,0.17792422,-0.01514060,-0.00454347,0.05900363,1.10238276,-1.33555076,-0.02024920,0.38675913,-1.38800111,0.09993239,1.36607127,-1.63235295,-0.11362421,0.64528421,-1.61662667,0.91537810,0.06138749,0.33262468,0.32606736,0.30520165,0.12793025,-0.30488015,0.06502300,-0.13146362,-0.30295879,-0.13312815,0.10110837,-0.30749197,-0.33521098,-0.12295906,-0.26806455,-0.19833221,1.56511846,-0.02294694,-0.00654358,-0.68447130,0.72864920,-0.05143871,1.26857758,0.02118720,-0.32544079,1.49194684,0.02310857,-0.10580692,1.70434875,0.01857539,-0.34215393,1.89192214,0.05800281,-0.16836895,1.04325621,-0.10919522,-0.42195907,4.40553112,-2.79913452,-1.04472468,0.48273179,-2.75371718,-0.01174968,4.17005606,-2.17527575
0.98856283,-0.00305005,-0.14290939,0.42021385,-0.18994395,0.06266343,0.05912989,1.11550283,-1.38911164,-0.03168969,0.47577849,-1.45210016,0.06828223,1.34081507,-1.68809891,-0.11469102,0.72079545,-1.64732027,0.91537810,0.06138749,0.33262468,0.32386625,0.28266228,0.12569409,-0.30488878,0.06970237,-0.13044482,-0.29905756,-0.15356785,0.10224506,-0.30448426,-0.31967367,-0.13004928,-0.26298515,-0.19713783,1.54540730,-0.01900322,-0.00512595,-0.68412928,0.72909514,-0.05363369,1.27135706,0.01897746,-0.32286072,1.46750975,0.02480869,-0.10491753,1.70519638,0.01938199,-0.34735394,1.85611486,0.06088109,0.04600592,0.62489742,-3.19073415,-0.58680826,4.44107628,-3.24196792,-1.66499281,-1.53767812,-2.82023883,-0.05960270,3.69846559,-1.41704309
1.02676334,-0.02860773,-0.10768024,0.61694457,-0.31687813,0.00256540,0.06868273,1.10311038,-1.50580480,-0.03936581,0.55145942,-1.50508165,0.03297728,1.28169363,-1.73498654,-0.11632182,0.78016992,-1.65977950,0.91537810,0.06138749,0.33262468,0.32214365,0.26216222,0.12572350,-0.30430230,0.09300272,-0.12582877,-0.29396480,-0.17263937,0.10397976,-0.30149982,-0.29874889,-0.13711905,-0.25976909,-0.19641457,1.52485232,-0.01235955,-0.00320536,-0.68416241,0.72921791,-0.05421162,1.27125077,0.01784135,-0.31604958,1.42400665,0.02817885,-0.10366783,1.70377741,0.02064383,-0.35232544,1.81423845,0.06237456,0.48574533,-0.66387744,-5.86236858,-0.37971619,3.76509676,-2.62631159,-1.75851467,-2.98350167,-2.32251527,-0.08270555,2.95254397,-0.60261721
1.05279772,-0.04611710,-0.05966076,0.59555657,-0.40059276,-0.10843008,0.08403093,1.05869205,-1.63459995,-0.04466236,0.61535586,-1.54232869,0.00327631,1.20493171,-1.76677666,-0.11916781,0.83224671,-1.66355953,0.91537810,0.06138749,0.33262468,0.32112890,0.24389282,0.12692640,-0.30385891,0.12634651,-0.11945544,-0.28767486,-0.19053161,0.10575451,-0.29862396,-0.27624146,-0.14245431,-0.25866816,-0.19602623,1.50378051,-0.00524392,-0.00196151,-0.68495503,0.72856383,-0.05430088,1.26817927,0.01726999,-0.30746269,1.37030783,0.03345405,-0.10222282,1.70047121,0.02250495,-0.35524483,1.77071123,0.06246074,0.78484631,-2.31990035,-6.42222214,-0.26148086,3.17172480,-1.81882234,-1.46267207,-3.87735114,-1.54786193,-0.14862298,2.61175752,-0.20393084
1.05248164,-0.05543637,-0.01265893,0.42071884,-0.47122913,-0.23089836,0.10387421,0.97254772,-1.74902477,-0.04919638,0.67429608,-1.56538131,-0.01902802,1.11463304,-1.78359468,-0.12342745,0.88503852,-1.66878011,0.91537810,0.06138749,0.33262468,0.32083933,0.22664996,0.12861472,-0.30348018,0.16681043,-0.11209750,-0.27993656,-0.20733098,0.10754654,-0.29511689,-0.25202676,-0.14571173,-0.26002676,-0.19590492,1.48268247,0.00113531,-0.00233931,-0.68657649,0.72705293,-0.05453320,1.26376243,0.01735916,-0.29827480,1.30973167,0.04090277,-0.10039692,1.69582705,0.02572245,-0.35579758,1.72595954,0.06081257,1.00224206,-4.52650843,-5.61260700,-0.22576858,2.94364262,-1.09774581,-1.08600312,-4.57178993,-0.77446742,-0.21447201,2.63090420,-0.24557588
1.02951948,-0.05902246,0.03678786,0.20323219,-0.51900694,-0.35085614,0.12362225,0.83186631,-1.82559953,-0.05345310,0.73365165,-1.57604148,-0.03556411,1.01069450,-1.78329513,-0.12881176,0.93634188,-1.66780021,0.91537810,0.06138749,0.33262468,0.32141024,0.20907818,0.13053083,-0.30308366,0.21363786,-0.10523730,-0.27105835,-0.22330230,0.10917248,-0.29249983,-0.22571753,-0.14735104,-0.26378837,-0.19602928,1.46199384,0.00632416,-0.00452899,-0.68901644,0.72470397,-0.05511227,1.25977025,0.01832658,-0.29034977,1.24331675,0.05035188,-0.09826641,1.69052167,0.02891041,-0.35458488,1.67998662,0.05762187,0.97637126,-7.36014843,-3.55887051,-0.21099551,2.97529984,-0.46396919,-0.79833521,-5.27646828,0.11971951,-0.27897233,2.55896950,0.09554671
0.99585972,-0.05465177,0.07157059,-0.00821215,-0.49185976,-0.44645949,0.13982511,0.65088081,-1.84759092,-0.05603938,0.79308766,-1.57335103,-0.04698605,0.89584285,-1.76363540,-0.13416775,0.98457885,-1.65677893,0.91537810,0.06138749,0.33262468,0.32268238,0.19083320,0.13271393,-0.30284704,0.26206512,-0.10002161,-0.26135729,-0.23881510,0.11052811,-0.29150292,-0.19776670,-0.14781703,-0.26943792,-0.19630623,1.44194698,0.00988311,-0.00801813,-0.69211354,0.72167643,-0.05572605,1.25683212,0.01983534,-0.28527832,1.17592740,0.06132510,-0.09586430,1.68517637,0.03117946,-0.35226631,1.63335752,0.05324446,0.78020626,-9.28927612,-0.68866962,-0.11352963,2.96884394,0.23350953,-0.53419054,-5.81194258,1.12421751,-0.26263744,2.38428330,0.62820190
0.96533993,-0.04476646,0.09677782,-0.21604039,-0.40808247,-0.49329764,0.14679501,0.46840824,-1.80708373,-0.05494044,0.84847875,-1.55300369,-0.04937549,0.77859758,-1.72333002,-0.14032154,1.03240845,-1.64004207,0.91537810,0.06138749,0.33262468,0.32462112,0.17225146,0.13545270,-0.30305419,0.30516321,-0.09767670,-0.25280452,-0.25395923,0.11114054,-0.29167259,-0.16964048,-0.14639249,-0.27668871,-0.19664993,1.42261324,0.01115907,-0.01249241,-0.69559939,0.71823458,-0.05575943,1.25478039,0.02156693,-0.28452034,1.11448321,0.07181661,-0.09368553,1.67999592,0.03294854,-0.34839115,1.58748670,0.04793242,0.33820025,-9.07695761,2.07914529,0.05797925,2.75927329,1.04389279,-0.10617801,-5.85504436,2.03367505,-0.31192604,2.39666009,0.83548445
0.95340750,-0.02877085,0.10571364,-0.35235930,-0.34425741,-0.45586769,0.14340987,0.31902545,-1.72970603,-0.05173131,0.89667454,-1.51412787,-0.04241842,0.66501819,-1.67047482,-0.14992671,1.08506343,-1.62319593,0.91537810,0.06138749,0.33262468,0.32688987,0.15317667,0.13843911,-0.30426927,0.33932901,-0.09733594,-0.24798289,-0.26981420,0.11049606,-0.29173976,-0.14214675,-0.14261607,-0.28448889,-0.19689026,1.40355482,0.01100644,-0.01745662,-0.69881772,0.71500204,-0.05500984,1.25356007,0.02262059,-0.28649864,1.06210380,0.07890698,-0.09254723,1.67580767,0.03515010,-0.34269619,1.54242768,0.04240098,-0.22133283,-7.37159224,3.96866193,0.16639700,2.38924012,1.99644454,0.37484977,-5.67840347,2.67622638,-0.49359061,2.65510201,0.85019296
0.95720735,-0.00814366,0.09494366,-0.41171553,-0.31254078,-0.28226976,0.12626094,0.21127555,-1.62370455,-0.04703006,0.93807529,-1.46075342,-0.02786769,0.55599154,-1.60677593,-0.16292888,1.14592919,-1.60363734,0.91537810,0.06138749,0.33262468,0.32913223,0.13338490,0.14173884,-0.30597621,0.36360927,-0.09906725,-0.25021342,-0.28819011,0.10888430,-0.29101109,-0.11567740,-0.13664851,-0.29250342,-0.19685364,1.38445621,0.01024542,-0.02258332,-0.70085981,0.71286783,-0.05292358,1.25343876,0.02315602,-0.28988094,1.01925497,0.07891881,-0.09276066,1.67441134,0.03812114,-0.33540058,1.49785295,0.03662881,-0.89093261,-5.16625996,5.38675642,0.23810264,2.04318588,2.70840144,0.74948058,-5.40693617,3.22644830,-0.65741402,3.08068919,0.98928163
0.96244232,0.00373647,0.04723570,-0.41994322,-0.31104125,-0.02330692,0.10550578,0.16441956,-1.51685803,-0.04393854,0.97346393,-1.40196254,-0.01233822,0.47889904,-1.54688265,-0.17520173,1.20852408,-1.57816823,0.91537810,0.06138749,0.33262468,0.33070799,0.11389345,0.14456975,-0.30731763,0.37342913,-0.10049441,-0.26075243,-0.30809680,0.10764344,-0.28944137,-0.09700466,-0.13017873,-0.30029874,-0.19655609,1.36525254,0.00940234,-0.02774849,-0.70110229,0.71245856,-0.05025215,1.25359554,0.02339035,-0.29129658,0.99032230,0.06995556,-0.09366283,1.67496810,0.04126662,-0.32821102,1.46024404,0.03040925,-1.04033399,-1.95509567,5.26409292,0.13543841,1.73616230,2.95402884,0.76431680,-3.57967958,2.91510320,-0.59904343,3.10963416,1.32120886
0.95962835,-0.00147623,-0.02432074,-0.42462924,-0.30019088,0.16094877,0.08215701,0.17324126,-1.43398249,-0.04470085,1.00593269,-1.34634840,0.00010683,0.45695239,-1.51529896,-0.18511647,1.26729608,-1.56057715,0.91537810,0.06138749,0.33262468,0.33107263,0.09540283,0.14617930,-0.30762166,0.36937003,-0.10252311,-0.27543906,-0.32528870,0.10730116,-0.28632075,-0.09108490,-0.12451717,-0.30672553,-0.19621086,1.34605169,0.00854416,-0.03285744,-0.69996519,0.71336956,-0.04834270,1.25328803,0.02345097,-0.29208755,0.97490096,0.05563356,-0.09476566,1.67321396,0.04475188,-0.32234287,1.43488693,0.02434710,-1.19208670,0.80400997,3.94318318,-0.06708518,1.61087382,2.74169660,0.59748656,-0.68334633,1.33586872,-0.47945556,2.91042542,0.77689642
0.95223806,-0.01630399,-0.09402751,-0.34611508,-0.28678933,0.20026862,0.06107506,0.21423780,-1.38726153,-0.04728041,1.03976128,-1.30782766,0.00733371,0.49226943,-1.52681546,-0.19094394,1.32467577,-1.57447188,0.91537810,0.06138749,0.33262468,0.33000919,0.07907155,0.14708890,-0.30556410,0.35689095,-0.10495506,-0.28844047,-0.33583922,0.10840503,-0.27969520,-0.09801016,-0.12056581,-0.30990742,-0.19599609,1.32694449,0.00812526,-0.03736045,-0.69838008,0.71470515,-0.04722157,1.25109205,0.02444509,-0.29316101,0.96785440,0.04156871,-0.09492397,1.66506290,0.05031398,-0.31866589,1.42230816,0.02010176,-1.03565882,2.08105645,2.27110986,-0.12635569,1.69826448,1.89645193,0.35450857,1.81565332,-0.61712403,-0.28108654,2.85295177,-0.71796505
0.95596076,-0.02776716,-0.14826402,-0.13476174,-0.18102913,0.13067490,0.05463515,0.27639316,-1.38562989,-0.04707598,1.07536972,-1.28800855,0.01070654,0.55607606,-1.55975728,-0.18953846,1.36817381,-1.60165255,0.91537810,0.06138749,0.33262468,0.32792524,0.06464341,0.14823236,-0.30163868,0.33972649,-0.10462587,-0.29719379,-0.34080636,0.11077026,-0.27234348,-0.11226511,-0.11849510,-0.31033686,-0.19588051,1.30772634,0.00844740,-0.03975206,-0.69732555,0.71560149,-0.04611874,1.24670982,0.02628656,-0.29220695,0.96555405,0.03073145,-0.09343777,1.65112772,0.05558176,-0.31707287,1.41707420,0.01758839,-0.26776727,3.16320901,-0.04462193,0.02494995,1.76404512,0.95186510,0.16427851,3.22621984,-1.65484846,0.09116828,2.11624985,-1.37574852
0.98108201,-0.02572320,-0.16576050,0.09319611,0.01662998,0.00322976,0.06178792,0.35430816,-1.42289093,-0.04160317,1.10615511,-1.28671050,0.01405882,0.62981646,-1.59878786,-0.18115540,1.38931270,-1.63721199,0.91537810,0.06138749,0.33262468,0.32543045,0.05425101,0.14982099,-0.29713777,0.31967097,-0.10206594,-0.30146707,-0.33936234,0.11355042,-0.26605266,-0.12990618,-0.11766947,-0.30854354,-0.19569855,1.28803220,0.00900958,-0.03923131,-0.69725102,0.71569598,-0.04458694,1.23748732,0.02829268,-0.28986092,0.96594458,0.02396337,-0.09054012,1.63008804,0.05937779,-0.31653156,1.41500111,0.01688691,0.38510851,3.94246368,-1.99957018,0.29686773,1.52379215,-0.04212714,0.17613406,3.71458030,-1.99690099,0.44714087,0.95065637,-1.82832952
1.01525621,-0.00841388,-0.14493629,0.27905986,0.23027151,-0.09751015,0.07383824,0.43772267,-1.47880547,-0.03246265,1.13084126,-1.31669178,0.01962258,0.70118597,-1.63201373,-0.16737653,1.38156261,-1.68266463,0.91537810,0.06138749,0.33262468,0.32325410,0.05128315,0.15122751,-0.29220284,0.29875724,-0.09980562,-0.30244277,-0.32964555,0.11619617,-0.26188030,-0.14833760,-0.11744270,-0.30568871,-0.19524956,1.26770720,0.00938908,-0.03594877,-0.69799724,0.71513592,-0.04288101,1.21992073,0.03105127,-0.28814774,0.96673050,0.02081134,-0.08667660,1.59994154,0.06137380,-0.31607761,1.41330051,0.01756539,0.62402133,4.17900648,-2.84574342,0.47047594,1.18879220,-1.70482778,0.29178285,3.51720548,-1.55787411,0.71491362,-0.57010598,-2.32120638
1.03946411,0.01897897,-0.12349366,0.40315068,0.41815579,-0.11935217,0.08809967,0.52345133,-1.54076767,-0.02440058,1.14357162,-1.38654685,0.02682493,0.76476616,-1.65279889,-0.14920020,1.34286165,-1.73136473,0.91537810,0.06138749,0.33262468,0.32140362,0.05955847,0.15120532,-0.28755216,0.27741567,-0.09836262,-0.30139530,-0.31244391,0.11869175,-0.26009353,-0.16649532,-0.11776258,-0.30279757,-0.19436455,1.24692488,0.00937536,-0.03044714,-0.69900634,0.71440550,-0.04194546,1.19054508,0.03385146,-0.28689766,0.96751070,0.02000833,-0.08224010,1.56178522,0.06131010,-0.31558704,1.41091824,0.01860605,0.72443020,4.30543327,-3.13357806,0.38559425,0.53971767,-3.78860927,0.36970606,3.12675095,-0.96656078,0.93980575,-2.15325594,-2.44319177
1.03731161,0.04914151,-0.10696572,0.42213849,0.53465575,-0.01883873,0.09907919,0.60638510,-1.59238243,-0.02107453,1.14077559,-1.49899600,0.03417406,0.81807017,-1.66009715,-0.12803659,1.27476215,-1.77180417,0.91537810,0.06138749,0.33262468,0.31975362,0.08054041,0.14897901,-0.28187849,0.25621494,-0.09880552,-0.29985766,-0.28998497,0.12109779,-0.26049100,-0.18347707,-0.11876991,-0.30027320,-0.19286804,1.22615256,0.00866145,-0.02367723,-0.69933567,0.71434864,-0.04225044,1.14871974,0.03787513,-0.28633766,0.96794324,0.01989597,-0.07781143,1.51858706,0.05926262,-0.31541824,1.40712652,0.01948043,0.54192805,4.13299489,-2.55624511,0.15692643,-0.16896914,-5.63254690,0.36552647,2.65475583,-0.35482261,1.05715950,-3.43499832,-2.00465152
1.01293954,0.07105774,-0.07749311,0.34752332,0.54351530,0.15721495,0.10511257,0.67933112,-1.62618890,-0.02557781,1.11538396,-1.61456573,0.04002258,0.86462195,-1.65954010,-0.10830008,1.18660698,-1.79882019,0.91537810,0.06138749,0.33262468,0.31850789,0.10789627,0.14459522,-0.27630655,0.23679308,-0.10060988,-0.29877726,-0.26470056,0.12309222,-0.26246489,-0.19915411,-0.12024592,-0.29817281,-0.19092979,1.20587716,0.00741023,-0.01729201,-0.69841271,0.71544794,-0.04380302,1.10145926,0.04220134,-0.28586502,0.96675248,0.01973063,-0.07418404,1.47343745,0.05604300,-0.31589012,1.40210752,0.02033507,0.28744615,3.61589074,-1.63470404,-0.25657777,-1.34969898,-5.75924158,0.28706890,2.31229005,0.05595445,0.97765930,-4.45819740,-1.30316868
0.97625821,0.08180292,-0.03068421,0.20477619,0.49734920,0.37412814,0.10615156,0.74351420,-1.64044158,-0.04150153,1.05136371,-1.72227008,0.04438107,0.90829389,-1.65045729,-0.09181463,1.07914495,-1.80743394,0.91537810,0.06138749,0.33262468,0.31804506,0.14330378,0.13753958,-0.27100508,0.21859575,-0.10336264,-0.29863607,-0.23676076,0.12447441,-0.26621844,-0.21449526,-0.12186100,-0.29710588,-0.18869476,1.18633709,0.00552148,-0.01215280,-0.69593308,0.71798257,-0.04677048,1.04737449,0.04703998,-0.28521786,0.96463633,0.01940899,-0.07163429,1.42684984,0.05182663,-0.31715927,1.39694381,0.02093919,0.03045138,3.18434477,-0.62833498,-0.84756262,-3.42706347,-5.34505272,0.21373838,2.18539596,0.48319383,0.81009448,-5.46529150,-0.34192941
0.93601034,0.08362671,0.02014846,0.00955386,0.43826937,0.60406652,0.10090382,0.80080044,-1.63326776,-0.06664260,0.92396584,-1.80280812,0.05036650,0.95508060,-1.64089980,-0.07985311,0.95792165,-1.79571986,0.91537810,0.06138749,0.33262468,0.31853016,0.18958387,0.12860846,-0.26583347,0.20064400,-0.10737081,-0.29971137,-0.20690927,0.12493586,-0.27148834,-0.22979848,-0.12272541,-0.29628066,-0.18625145,1.16761665,0.00272836,-0.00869496,-0.69179283,0.72203852,-0.04966583,0.98369670,0.05269669,-0.28495770,0.96257133,0.01881879,-0.07026367,1.37967148,0.04704182,-0.31867638,1.39196572,0.02224950,-0.30375648,2.82015228,0.48865696,-1.29785042,-6.77761850,-3.79540272,0.31972677,2.36868434,0.45356795,0.56701448,-6.10658712,0.70022387
0.90248284,0.07611056,0.06299594,-0.14733020,0.36243627,0.77787055,0.08942332,0.84844720,-1.60786140,-0.09032917,0.74226665,-1.82468450,0.05982688,1.00308192,-1.63145089,-0.07419531,0.83323729,-1.76366818,0.91537810,0.06138749,0.33262468,0.31988150,0.24038944,0.12064757,-0.26085565,0.18355855,-0.11270615,-0.30161344,-0.17721410,0.12400141,-0.27776588,-0.24455701,-0.12222489,-0.29577233,-0.18370914,1.14960456,-0.00070874,-0.00685734,-0.68631356,0.72727310,-0.04935551,0.91659808,0.05902585,-0.28560638,0.95983267,0.01826806,-0.07016850,1.33369613,0.04211561,-0.31987858,1.38668036,0.02410917,-0.61566752,2.30802274,1.38766038,-1.14938509,-9.42410851,-0.62295192,0.49754125,2.39753699,0.48351285,0.23538350,-6.24611712,1.74870002
0.87791740,0.05663931,0.09157475,-0.23558761,0.25690790,0.79460971,0.07584459,0.88597220,-1.57115564,-0.09978601,0.55722496,-1.77441616,0.07244917,1.05218263,-1.61691377,-0.07689180,0.70713590,-1.70797005,0.91537810,0.06138749,0.33262468,0.32196793,0.28463984,0.11701718,-0.25778608,0.16784899,-0.11817383,-0.30378886,-0.14800779,0.12131335,-0.28513442,-0.25991682,-0.12027461,-0.29596583,-0.18128319,1.13219657,-0.00414270,-0.00657688,-0.68047248,0.73273241,-0.04356861,0.85697384,0.06418185,-0.28674107,0.95608020,0.01817906,-0.07122936,1.28875771,0.03683351,-0.32042084,1.38252325,0.02600210,-0.67576009,1.86816490,1.84683599,-0.45475307,-9.22236767,2.58180285,0.63295139,2.45129132,0.74756377,-0.14767402,-6.31003017,2.81378579
0.86354558,0.03209381,0.10818193,-0.28097975,0.16099955,0.65832717,0.06540039,0.91805600,-1.52777314,-0.09775490,0.39873796,-1.68257689,0.08636322,1.09917469,-1.59062579,-0.08727073,0.58363353,-1.63653202,0.91537810,0.06138749,0.33262468,0.32448253,0.32048308,0.11636049,-0.25789583,0.15246651,-0.12223435,-0.30631989,-0.11958186,0.11675022,-0.29282727,-0.27657990,-0.11739243,-0.29730829,-0.17912178,1.11508889,-0.00727839,-0.00730767,-0.67551374,0.73727526,-0.03523540,0.80598392,0.06658670,-0.28758335,0.95253625,0.01816264,-0.07325344,1.24440374,0.03165526,-0.32020454,1.38036814,0.02717424,-0.50674695,1.59020221,2.17815113,0.12599023,-7.80738468,4.66574316,0.69943405,2.34723592,1.32836854,-0.53152348,-6.12432251,3.58490300
0.86069363,0.01049925,0.10022217,-0.29143296,0.12788016,0.39603295,0.06039637,0.94616458,-1.48297925,-0.08851560,0.28411263,-1.57379093,0.10070417,1.14481437,-1.56160614,-0.09955657,0.48511844,-1.56698484,0.91537810,0.06138749,0.33262468,0.32695258,0.34535831,0.11730267,-0.26231536,0.13763818,-0.12451529,-0.30875046,-0.09681609,0.11170101,-0.29947242,-0.29344638,-0.11426486,-0.29818926,-0.17724094,1.09803591,-0.01025664,-0.00835500,-0.67236926,0.74009768,-0.02741508,0.76549344,0.06463722,-0.28800793,0.94910975,0.01820212,-0.07532139,1.20510073,0.02748016,-0.31907330,1.37919569,0.02876332,-0.22672555,1.39365208,2.23575640,0.48517770,-5.52657919,5.46120453,0.71385307,2.27319422,1.45035970,-0.60820729,-4.77747278,3.43244624
0.86109757,0.00057823,0.07626330,-0.31655080,0.15928828,0.10880918,0.05995213,0.97269659,-1.44145184,-0.07353319,0.21623565,-1.47116570,0.11264245,1.18988054,-1.53668659,-0.10886098,0.42497370,-1.51454964,0.91537810,0.06138749,0.33262468,0.32908107,0.35900322,0.11947384,-0.26997021,0.12360951,-0.12566319,-0.31032607,-0.08265265,0.10733648,-0.30488852,-0.30934138,-0.11218705,-0.29765223,-0.17551556,1.08095961,-0.01360021,-0.00933307,-0.67128610,0.74101478,-0.02121696,0.73548999,0.05911086,-0.28837490,0.94555902,0.01875500,-0.07685413,1.17379551,0.02419255,-0.31766491,1.37772818,0.03142884,-0.00008972,1.32261145,2.04764414,0.78333846,-3.13105249,5.04774666,0.57608180,2.25636292,1.20559919,-0.44149085,-2.77181501,2.49555278
0.86261254,0.00230936,0.03320813,-0.30898621,0.20734318,-0.10879349,0.06137679,0.99608171,-1.40137982,-0.05295536,0.18838552,-1.38488173,0.12088478,1.23296332,-1.51602471,-0.11330406,0.40656918,-1.48403573,0.91537810,0.06138749,0.33262468,0.33051163,0.36262263,0.12308999,-0.27975182,0.11047695,-0.12657931,-0.31131332,-0.07834646,0.10411846,-0.30988948,-0.32389691,-0.11160059,-0.29576899,-0.17379189,1.06383944,-0.01726050,-0.00992284,-0.67181994,0.74044688,-0.01604176,0.71489644,0.05075981,-0.28903484,0.94158340,0.01919831,-0.07778072,1.15193415,0.02062215,-0.31634331,1.37535667,0.03474264,0.07886096,1.13978148,2.00340986,1.06773663,-1.12363636,4.19254303,0.38557333,2.13277817,1.01070642,-0.18540545,-0.62053436,1.36958587
0.86604153,0.01207061,-0.02963768,-0.23703394,0.24071308,-0.21065893,0.06253078,1.01999369,-1.36661296,-0.03004314,0.19952528,-1.33005598,0.12463700,1.27345483,-1.50877500,-0.11412822,0.43499345,-1.49398522,0.91537810,0.06138749,0.33262468,0.33068075,0.35638174,0.12767219,-0.28974905,0.09747270,-0.12785310,-0.31110827,-0.08434673,0.10213446,-0.31206110,-0.33536239,-0.11261778,-0.29178696,-0.17195053,1.04661202,-0.02067789,-0.00971442,-0.67330598,0.73901090,-0.01161499,0.70368252,0.04093170,-0.29016132,0.93764620,0.01957247,-0.07812290,1.14011173,0.01861964,-0.31533794,1.37001696,0.03889378,0.05651075,1.19985282,1.72850692,1.13866594,0.60220113,2.68972042,0.18216749,2.02363729,0.33004761,-0.03887281,1.47611213,-0.54761549
0.87813846,0.02093266,-0.09121649,-0.11704846,0.21212414,-0.19495909,0.06297066,1.04902711,-1.34196119,-0.01461089,0.24286593,-1.31450593,0.12416192,1.31534040,-1.52959847,-0.11363493,0.49741886,-1.53344741,0.91537810,0.06138749,0.33262468,0.32968746,0.34270352,0.13063030,-0.29804885,0.08403496,-0.12921143,-0.30924290,-0.09803234,0.10113445,-0.31152040,-0.34188937,-0.11477291,-0.28471156,-0.17000122,1.02911334,-0.02307531,-0.00891793,-0.67471794,0.73766097,-0.00924301,0.69946690,0.03163861,-0.29117870,0.93385849,0.02044455,-0.07804012,1.13579826,0.01816706,-0.31489277,1.35936718,0.04497589,0.02079713,1.48161495,1.18061819,0.73153763,2.26297586,0.64258142,-0.03881058,2.11290979,-1.15971563,0.02616414,3.18678784,-2.01753170
0.90377337,0.02255938,-0.13456460,0.03113965,0.10935300,-0.09649813,0.06188526,1.08470800,-1.33582344,-0.01328688,0.31527368,-1.34212067,0.11595618,1.35428414,-1.58288524,-0.11310615,0.57697155,-1.58074749,0.91537810,0.06138749,0.33262468,0.32783121,0.32319164,0.13013888,-0.30327084,0.07142671,-0.13045614,-0.30518985,-0.11644965,0.10094980,-0.30965168,-0.34144950,-0.11841962,-0.27491757,-0.16802483,1.01109676,-0.02376386,-0.00787889,-0.67547641,0.73695646,-0.01012993,0.70051961,0.02456037,-0.29173717,0.92853870,0.02264135,-0.07764187,1.13592587,0.01817953,-0.31584148,1.34088640,0.05291364,-0.06712862,1.79063118,0.22568748,0.00526769,3.71917124,-1.54254339,-0.45748032,1.88050597,-2.75188766,0.02379468,4.01787252,-2.35453725
0.94310432,0.01337793,-0.14594376,0.21857420,-0.04491747,0.01822260,0.05863301,1.10566776,-1.34118657,-0.02220759,0.40194292,-1.39775651,0.09500525,1.36343336,-1.63954852,-0.11344472,0.65830023,-1.62184737,0.91537810,0.06138749,0.33262468,0.32566971,0.30125457,0.12763311,-0.30512117,0.06484077,-0.13130712,-0.30238142,-0.13662465,0.10149747,-0.30705644,-0.33338263,-0.12397054,-0.26733996,-0.16615028,0.99231911,-0.02214005,-0.00675472,-0.67545274,0.73703988,-0.01264534,0.70338874,0.02054853,-0.29127979,0.91623697,0.02328829,-0.07699757,1.13730125,0.01861327,-0.31881809,1.31357479,0.05832974,-0.17142238,0.89418976,-0.30196521,-0.48754942,4.37729321,-2.90019588,-1.12780486,0.22619675,-2.77937913,-0.02295783,4.04395580,-2.00345836
0.98122338,-0.00745355,-0.13689970,0.46947509,-0.21561819,0.06479204,0.05950861,1.11531138,-1.40318191,-0.03362893,0.48918974,-1.46133876,0.06228381,1.33287048,-1.69465303,-0.11458687,0.73047251,-1.64955568,0.91537810,0.06138749,0.33262468,0.32354450,0.27903341,0.12567081,-0.30486420,0.07205210,-0.12983149,-0.29855371,-0.15665318,0.10281802,-0.30398114,-0.31687692,-0.13109612,-0.26257227,-0.16455841,0.97278166,-0.01764710,-0.00525406,-0.67507312,0.73752102,-0.01467514,0.70597124,0.01868030,-0.28750038,0.88951707,0.02499080,-0.07601452,1.13792324,0.01956336,-0.32319641,1.27680659,0.06097223,0.08946351,0.44591901,-3.64918447,-0.57531637,4.34620142,-3.19937444,-1.71364808,-1.80963266,-2.76653028,-0.06212845,3.52828836,-1.27726781
1.01743425,-0.03250427,-0.09815283,0.63446473,-0.32264587,-0.01066074,0.06937268,1.09859018,-1.52195594,-0.04074736,0.56180637,-1.51132963,0.02770864,1.27071028,-1.73936524,-0.11629990,0.78684958,-1.65902073,0.91537810,0.06138749,0.33262468,0.32196627,0.25913586,0.12600342,-0.30427852,0.09683865,-0.12502563,-0.29348617,-0.17528958,0.10461684,-0.30116077,-0.29566751,-0.13788389,-0.25968238,-0.16342144,0.95243540,-0.01080189,-0.00333281,-0.67520005,0.73754803,-0.01505222,0.70542359,0.01768775,-0.27941818,0.84494638,0.02848010,-0.07467365,1.13626943,0.02080549,-0.32684708,1.23478856,0.06228388,0.50118887,-0.88008063,-5.95902538,-0.35228126,3.61279297,-2.47687747,-1.72094042,-3.13315320,-2.21385648,-0.08707907,2.80690074,-0.45873928
1.03942630,-0.04823981,-0.05147465,0.58061778,-0.39984217,-0.12750230,0.08494438,1.04964070,-1.64870875,-0.04579293,0.62342405,-1.54573519,-0.00073743,1.19208035,-1.76913695,-0.11930796,0.83816420,-1.66244042,0.91537810,0.06138749,0.33262468,0.32107692,0.24140495,0.12733878,-0.30384491,0.13092875,-0.11857713,-0.28712062,-0.19286862,0.10641719,-0.29825523,-0.27292094,-0.14286151,-0.25895769,-0.16258793,0.93163958,-0.00378204,-0.00226259,-0.67613539,0.73676422,-0.01503506,0.70203195,0.01723201,-0.26951180,0.79103317,0.03395630,-0.07308598,1.13291631,0.02282169,-0.32830658,1.19131742,0.06211923,0.79573369,-2.54965336,-6.31580639,-0.24975035,3.06108475,-1.67775381,-1.40010149,-3.97047744,-1.44794934,-0.15621658,2.57487035,-0.18309687
1.03451154,-0.05670209,-0.00501115,0.39495373,-0.47292681,-0.25140979,0.10460440,0.95744867,-1.75878983,-0.05025693,0.68105278,-1.56645050,-0.02205542,1.09970350,-1.78391578,-0.12373835,0.89086792,-1.66673038,0.91537810,0.06138749,0.33262468,0.32091852,0.22450516,0.12909006,-0.30346363,0.17213486,-0.11128447,-0.27929065,-0.20955855,0.10820485,-0.29489413,-0.24828750,-0.14582942,-0.26069492,-0.16202259,0.91089988,0.00241519,-0.00290453,-0.67792025,0.73512575,-0.01520786,0.69756389,0.01745489,-0.25902901,0.73033299,0.04162788,-0.07111073,1.12851906,0.02602439,-0.32744427,1.14658732,0.06022361,0.98958602,-4.83766756,-5.38100290,-0.22244103,2.88114500,-0.98391143,-1.03902230,-4.67834873,-0.67028473,-0.22411536,2.63079762,-0.19897555
1.00821051,-0.05907775,0.04306531,0.17694672,-0.51316836,-0.36928776,0.12374334,0.81143117,-1.82861061,-0.05432390,0.73939974,-1.57513180,-0.03790761,0.99314356,-1.78080838,-0.12879438,0.94211195,-1.66424043,0.91537810,0.06138749,0.33262468,0.32161318,0.20719849,0.13103956,-0.30306547,0.21926974,-0.10465043,-0.27034612,-0.22553706,0.10989918,-0.29251957,-0.22144129,-0.14730400,-0.26481127,-0.16170254,0.89063172,0.00734985,-0.00530584,-0.68051994,0.73267349,-0.01574306,0.69365859,0.01854771,-0.24990158,0.66424298,0.05126706,-0.06873112,1.12365770,0.02909361,-0.32493229,1.10060973,0.05680191,0.94515147,-7.61106300,-3.21148653,-0.20013703,2.92482138,-0.36557864,-0.76482859,-5.41032143,0.26557587,-0.25646174,2.55199218,0.17677402
0.97324018,-0.05411214,0.07498388,-0.03286069,-0.47944437,-0.46004513,0.13896298,0.62924343,-1.84340370,-0.05646939,0.79771239,-1.57067716,-0.04835741,0.87617809,-1.75784218,-0.13395852,0.98951268,-1.65014720,0.91537810,0.06138749,0.33262468,0.32297114,0.18922621,0.13327254,-0.30283883,0.26725571,-0.09976010,-0.26067472,-0.24114650,0.11119645,-0.29202253,-0.19305383,-0.14758092,-0.27074954,-0.16154289,0.87103319,0.01060251,-0.00892605,-0.68375107,0.72958370,-0.01628685,0.69084215,0.02013230,-0.24377251,0.59787393,0.06229642,-0.06620884,1.11887932,0.03094861,-0.32132530,1.05411649,0.05222160,0.72768682,-9.31599426,-0.32915351,-0.08966535,2.91155195,0.31984803,-0.48235682,-5.91116619,1.29179466,-0.25745809,2.33670807,0.79455608
0.94420069,-0.04322562,0.09776565,-0.23553072,-0.39641880,-0.49779229,0.14497581,0.45101168,-1.79825294,-0.05506646,0.85170984,-1.54871192,-0.04946359,0.75899905,-1.71500494,-0.14036688,1.03787467,-1.63426211,0.91537810,0.06138749,0.33262468,0.32495277,0.17093609,0.13599493,-0.30311687,0.30920368,-0.09765783,-0.25241004,-0.25617583,0.11165573,-0.29212633,-0.16490754,-0.14589083,-0.27809959,-0.16144161,0.85212402,0.01159550,-0.01346804,-0.68730663,0.72614996,-0.01627445,0.68890557,0.02183590,-0.24199047,0.53802874,0.07254273,-0.06400700,1.11403918,0.03282644,-0.31615906,1.00878015,0.04685318,0.28945521,-8.86278896,2.30841203,0.07310968,2.68981266,1.12535613,-0.04218381,-5.85149765,2.15911098,-0.32523927,2.42387986,0.79211420
0.93482545,-0.02698280,0.10090479,-0.33734713,-0.34861814,-0.44511247,0.14040541,0.30537784,-1.71671164,-0.05349300,0.90005696,-1.51007352,-0.04234276,0.64372524,-1.65863931,-0.15017065,1.09181025,-1.61761010,0.91537810,0.06138749,0.33262468,0.32715389,0.15178510,0.13845284,-0.30436997,0.34241029,-0.09748419,-0.24834474,-0.27241582,0.11095294,-0.29193431,-0.13713200,-0.14207378,-0.28590776,-0.16122341,0.83344326,0.01148194,-0.01837366,-0.69048702,0.72302022,-0.01596661,0.68815608,0.02278391,-0.24292889,0.48692892,0.07880915,-0.06285877,1.11065316,0.03521958,-0.30942650,0.96392694,0.04124612,-0.27842203,-7.19970226,4.18659892,0.06556293,2.41115189,1.96318095,0.37268605,-5.78190746,2.86731982,-0.50003596,2.72361207,0.85097119
0.93811163,-0.00462901,0.07928611,-0.33672493,-0.35993624,-0.23438610,0.12394918,0.19906406,-1.60624418,-0.05676353,0.94576259,-1.46407306,-0.03186659,0.53068955,-1.58834927,-0.16237037,1.15358732,-1.59544725,0.91537810,0.06138749,0.33262468,0.32910171,0.13158851,0.13949966,-0.30572321,0.36597226,-0.09870888,-0.25196322,-0.29193542,0.10977316,-0.29069814,-0.11034618,-0.13703179,-0.29389994,-0.16067352,0.81472359,0.01147430,-0.02330499,-0.69224890,0.72119115,-0.01595860,0.68889322,0.02337850,-0.24447842,0.44505363,0.07713849,-0.06281471,1.11086559,0.03840356,-0.30206223,0.91942902,0.03520177,-0.84186560,-5.08646660,5.59356546,-0.18574676,2.27127376,2.31112132,0.52407279,-5.59296837,3.55566907,-0.61425030,3.11360097,1.12650912
0.93619574,0.01307031,0.01993817,-0.35010263,-0.35916374,0.10038182,0.10399409,0.15801114,-1.50027561,-0.06595988,0.98756149,-1.41977684,-0.02396592,0.45577514,-1.52458446,-0.17320384,1.21407130,-1.57049584,0.91537810,0.06138749,0.33262468,0.33012966,0.11249956,0.13874959,-0.30629947,0.37398814,-0.09960199,-0.26381544,-0.31155774,0.10917434,-0.28849876,-0.09290734,-0.13252550,-0.30159010,-0.15970192,0.79603291,0.01147959,-0.02830641,-0.69167574,0.72156195,-0.01639462,0.68939981,0.02383019,-0.24366741,0.41822677,0.06631422,-0.06357651,1.11186066,0.04163090,-0.29597588,0.88334951,0.02853955,-1.01368903,-1.62925930,5.18324614,-0.49685530,2.06488538,2.18666978,0.36901424,-3.42332325,3.08182073,-0.52374687,2.98652005,1.25708902
0.92396069,0.02106050,-0.06195413,-0.33468270,-0.31239981,0.37159301,0.08116952,0.17067789,-1.42286980,-0.08036593,1.02747786,-1.38613021,-0.02084954,0.43959323,-1.49363959,-0.18082556,1.27042162,-1.56123614,0.91537810,0.06138749,0.33262468,0.32972375,0.09566269,0.13616675,-0.30549848,0.36860706,-0.10150494,-0.27863619,-0.32686066,0.10953696,-0.28425492,-0.08906333,-0.12961410,-0.30753003,-0.15836525,0.77753568,0.01135080,-0.03291002,-0.68910632,0.72382358,-0.01775265,0.68853664,0.02422526,-0.24201393,0.40447092,0.05108755,-0.06468487,1.10928893,0.04546882,-0.29211521,0.86025834,0.02219371,-1.16195607,0.95884049,3.64225364,-0.75388038,1.98952305,1.58990610,0.12098550,-0.38296935,1.27225387,-0.35793182,2.79501891,0.30130860
0.91022404,0.02730730,-0.12566378,-0.18437639,-0.23119581,0.49845648,0.06256578,0.21866508,-1.38898182,-0.09490754,1.06907556,-1.37152140,-0.02315917,0.47930173,-1.50572557,-0.18328723,1.32400768,-1.58476110,0.91537810,0.06138749,0.33262468,0.32793103,0.08106631,0.13312596,-0.30252520,0.35403785,-0.10372673,-0.29127697,-0.33527002,0.11116210,-0.27638705,-0.09829541,-0.12889493,-0.30994078,-0.15661011,0.75932446,0.01176447,-0.03587439,-0.68540464,0.72718299,-0.01901340,0.68610277,0.02540584,-0.23966236,0.39987438,0.03665407,-0.06504822,1.10046873,0.05154398,-0.29098053,0.84999132,0.01799025,-0.91194428,2.43444853,1.62412977,-0.72005365,2.08290625,0.71007724,-0.12001666,2.02586484,-0.63663907,-0.11309390,2.65452557,-1.18205297
0.91494767,0.04240507,-0.15492877,0.04657647,-0.03774591,0.51098693,0.05626995,0.28640719,-1.39953947,-0.10357488,1.11271336,-1.37299783,-0.02791283,0.54010521,-1.53236804,-0.17887951,1.35901573,-1.61363945,0.91537810,0.06138749,0.33262468,0.32555833,0.06780891,0.13098606,-0.29788257,0.33511416,-0.10437699,-0.29927580,-0.33865904,0.11339847,-0.26899897,-0.11366127,-0.13002202,-0.30996292,-0.15434036,0.74106131,0.01254997,-0.03596094,-0.68167239,0.73066549,-0.01904049,0.68233023,0.02767575,-0.23565311,0.39961689,0.02628253,-0.06426849,1.08665676,0.05655936,-0.29180107,0.84560394,0.01559541,-0.28292538,3.40921078,-0.62099213,-0.40976017,2.18718481,-0.13285731,-0.23944649,3.04892440,-1.31598890,0.23913162,1.68850708,-1.46842420
0.93690396,0.06916698,-0.14647427,0.25698912,0.20381689,0.49371838,0.05690058,0.35740196,-1.43607388,-0.10318645,1.15159717,-1.39370012,-0.03259365,0.60163877,-1.55703635,-0.16843368,1.37100484,-1.65158863,0.91537810,0.06138749,0.33262468,0.32325658,0.05882493,0.13036989,-0.29234340,0.31595847,-0.10499583,-0.30295066,-0.33536712,0.11569198,-0.26283129,-0.13071180,-0.13246192,-0.30842719,-0.15137520,0.72245893,0.01325066,-0.03290162,-0.67815853,0.73405920,-0.01681061,0.67399192,0.03091318,-0.23138275,0.39926755,0.02030592,-0.06221943,1.06583481,0.06042529,-0.29363785,0.84243007,0.01482939,0.03706401,3.53805380,-1.90026851,0.06276619,1.88606064,-1.10930147,-0.22978591,3.06647778,-1.24594247,0.54518182,0.49305725,-1.93915410
0.95729101,0.10457556,-0.11814175,0.42153361,0.41800899,0.51944701,0.05798037,0.42767509,-1.48496981,-0.09517945,1.17335486,-1.43584261,-0.03598190,0.65586367,-1.57384310,-0.15384085,1.35519435,-1.69849172,0.91537810,0.06138749,0.33262468,0.32138218,0.05850853,0.13084469,-0.28773372,0.29724079,-0.10709604,-0.30364921,-0.32427256,0.11768865,-0.25859858,-0.14750540,-0.13566833,-0.30597862,-0.14756432,0.70356617,0.01370813,-0.02718963,-0.67454182,0.73760839,-0.01205368,0.65687089,0.03364847,-0.22792549,0.39801137,0.01773297,-0.05904522,1.03698435,0.06278360,-0.29575844,0.83848186,0.01540357,0.05294859,3.51812458,-2.49486332,0.43319086,0.97475331,-2.24733903,-0.16074151,2.64835787,-0.74919455,0.74822110,-0.96212187,-2.39299803
0.96261564,0.14339363,-0.09392876,0.45221321,0.57800720,0.60261975,0.05731115,0.49900275,-1.53256118,-0.07948264,1.17018771,-1.50303638,-0.03705172,0.70200527,-1.57916903,-0.13829529,1.30591655,-1.74510312,0.91537810,0.06138749,0.33262468,0.31982374,0.07015591,0.13257991,-0.28438741,0.27799214,-0.11069544,-0.30332245,-0.30544113,0.11881888,-0.25762190,-0.16365709,-0.13905789,-0.30380854,-0.14282608,0.68467593,0.01344162,-0.01995342,-0.67036107,0.74164495,-0.00387001,0.62819147,0.03543633,-0.22503948,0.39697111,0.01650129,-0.05528736,1.00050688,0.06220184,-0.29761887,0.83353806,0.01601520,-0.05043067,3.57469416,-2.34148955,0.84531778,-0.35104033,-3.54009366,-0.03464252,2.25769043,-0.19706009,0.77751511,-2.71276450,-2.30373120
0.93703474,0.17991178,-0.07189373,0.28663572,0.63379954,0.73650718,0.05180786,0.56670697,-1.56674180,-0.05694607,1.14600124,-1.59954305,-0.03560001,0.74712789,-1.58208532,-0.12553250,1.23078401,-1.78643932,0.91537810,0.06138749,0.33262468,0.31858378,0.09379240,0.13579551,-0.27906918,0.25963379,-0.11617072,-0.30234311,-0.28071622,0.11879304,-0.25906798,-0.17892096,-0.14225656,-0.30151255,-0.13706875,0.66644454,0.01150024,-0.01319174,-0.66504274,0.74660021,0.00861893,0.58890400,0.03951460,-0.22258644,0.39516597,0.01624067,-0.05137253,0.95896726,0.05951580,-0.29897194,0.82780437,0.01707123,-0.28266820,3.37562203,-1.68390217,1.12994196,-1.25553122,-4.82180738,0.07370290,2.25417423,-0.14036893,0.63251222,-3.78453236,-2.04879138
0.88792710,0.20961854,-0.04419257,0.09719484,0.61001247,0.90350188,0.04051743,0.62693856,-1.58301482,-0.03264627,1.08854556,-1.68992600,-0.03387833,0.79015172,-1.58095465,-0.11689890,1.13668802,-1.81348019,0.91537810,0.06138749,0.33262468,0.31777527,0.12523317,0.13938638,-0.27377152,0.24269084,-0.12316245,-0.30157412,-0.25301881,0.11766273,-0.26234051,-0.19306180,-0.14533723,-0.29977337,-0.13057232,0.64932656,0.00832556,-0.00780171,-0.65842095,0.75256340,0.02421494,0.54371967,0.04400375,-0.22040367,0.39242549,0.01620115,-0.04756393,0.91573348,0.05543475,-0.30026817,0.82137041,0.01800190,-0.58487322,2.98479486,-0.76021814,1.21705568,-2.97443652,-4.47553797,0.08319765,2.13998795,0.06977605,0.41852435,-4.75490551,-1.29918327
0.82717269,0.23222634,-0.00389355,-0.06757281,0.52834016,1.09838185,0.02137234,0.67786988,-1.57982378,-0.00687045,0.99120612,-1.76043041,-0.03300519,0.82895763,-1.57521050,-0.11317316,1.02649808,-1.81998873,0.91537810,0.06138749,0.33262468,0.31768370,0.16322257,0.14351488,-0.26804149,0.22702107,-0.13206709,-0.30140299,-0.22364412,0.11541391,-0.26722338,-0.20572195,-0.14832100,-0.29881066,-0.12347698,0.63357549,0.00445720,-0.00402502,-0.65027985,0.75967102,0.04349594,0.49444184,0.04964221,-0.21894798,0.38890107,0.01628070,-0.04393902,0.87234478,0.05046032,-0.30175362,0.81395864,0.01887304,-0.99509776,2.50713205,0.24732682,1.29941931,-5.06250391,-3.41365371,0.04094387,1.92052310,0.30685756,0.16351952,-5.57022381,-0.22582339
0.76771866,0.24928944,0.04087870,-0.19972532,0.41279284,1.29097154,-0.00534626,0.72082273,-1.55740385,0.02424326,0.84886627,-1.79342034,-0.03170022,0.86525762,-1.56658666,-0.11458065,0.90633826,-1.80358524,0.91537810,0.06138749,0.33262468,0.31845756,0.20669665,0.14929182,-0.26180518,0.21171771,-0.14277455,-0.30202432,-0.19382415,0.11207267,-0.27337002,-0.21733371,-0.15063202,-0.29865390,-0.11587658,0.61921039,0.00030864,-0.00194640,-0.64058317,0.76788627,0.06805649,0.44263129,0.05665238,-0.21837654,0.38532426,0.01643323,-0.04037266,0.82998810,0.04508754,-0.30303535,0.80601387,0.01980366,-1.37382205,2.10729141,1.22551049,1.59843597,-7.37146378,-1.38591805,0.07228012,1.80971277,0.44033858,-0.09893927,-6.04696198,0.94969072
0.72297002,0.26151121,0.07306109,-0.26811136,0.28696510,1.42727277,-0.03590531,0.75606483,-1.51996315,0.06446603,0.68621391,-1.77372408,-0.02886601,0.90501237,-1.56166232,-0.12155926,0.78211349,-1.76546872,0.91537810,0.06138749,0.33262468,0.31990626,0.24872210,0.15776100,-0.25608528,0.19659190,-0.15424770,-0.30326296,-0.16440050,0.10753692,-0.28026593,-0.22893990,-0.15182032,-0.29828092,-0.10782623,0.60600352,-0.00361370,-0.00126950,-0.62968625,0.77684011,0.09800148,0.39532328,0.06382099,-0.21804047,0.38174129,0.01664330,-0.03664780,0.78910279,0.03964034,-0.30374718,0.79855967,0.02162534,-1.54741061,1.70517313,1.96998584,2.08085394,-8.20850658,1.37988555,0.15348716,2.02492833,0.20464896,-0.39035928,-6.23240185,2.05819845
0.70181172,0.26998479,0.08029426,-0.25483162,0.20204367,1.47956367,-0.06701527,0.78162673,-1.46927614,0.11389647,0.52431604,-1.69840894,-0.02243997,0.95547723,-1.56021333,-0.13745832,0.64809914,-1.69987910,0.91537810,0.06138749,0.33262468,0.32161564,0.28596798,0.16945119,-0.25234427,0.18179394,-0.16579387,-0.30518493,-0.13384824,0.10084471,-0.28810772,-0.24307412,-0.15140480,-0.29713695,-0.09927101,0.59364300,-0.00686728,-0.00136311,-0.61810921,0.78606106,0.13285561,0.35571733,0.06927137,-0.21750240,0.37787001,0.01643071,-0.03284588,0.74750237,0.03350792,-0.30374222,0.79414229,0.02447869,-1.55360632,1.26418723,2.54745030,2.47257404,-8.07228889,3.81417103,0.32740217,2.53734374,0.07054710,-0.80577738,-6.70206041,3.30811763
0.69183075,0.27919433,0.06917266,-0.19744105,0.17915173,1.45229956,-0.09622583,0.79751885,-1.41068521,0.16140191,0.38573003,-1.59546366,-0.01216080,1.01450053,-1.55921135,-0.15933504,0.52169365,-1.62070401,0.91537810,0.06138749,0.33262468,0.32313200,0.31599386,0.18120934,-0.25164738,0.16773412,-0.17687765,-0.30758245,-0.10566451,0.09226333,-0.29557487,-0.25989819,-0.14961929,-0.29493358,-0.09024658,0.58177023,-0.00951761,-0.00130073,-0.60657936,0.79496490,0.16799469,0.32486482,0.07148462,-0.21653614,0.37327230,0.01554954,-0.02917080,0.70805268,0.02755713,-0.30320244,0.79291663,0.02819841,-1.45099320,0.76744505,2.94308400,2.35076065,-6.80920486,5.18149376,0.52198828,2.96624398,0.05514049,-1.09948928,-6.23747091,3.95142436
0.68216981,0.29452329,0.04944988,-0.14000660,0.22879074,1.37737165,-0.12178246,0.80571300,-1.35048456,0.19897240,0.29136966,-1.48944588,-0.00016442,1.07287838,-1.55513668,-0.18082051,0.43228566,-1.55130739,0.91537810,0.06138749,0.33262468,0.32425565,0.33445696,0.19101925,-0.25559122,0.15485087,-0.18724688,-0.30981532,-0.08636179,0.08340980,-0.30175063,-0.27733575,-0.14750092,-0.29187935,-0.08068104,0.57039981,-0.01199651,-0.00054990,-0.59549458,0.80326956,0.19934464,0.30594673,0.06866443,-0.21480408,0.36778886,0.01444032,-0.02599049,0.67728524,0.02250501,-0.30245800,0.79285569,0.03237629,-1.26036139,0.38704990,2.99905419,1.82819717,-4.51595178,5.26315308,0.60093192,2.88228011,0.22437713,-1.05905441,-4.26603026,3.38670564
0.67215731,0.31692252,0.02960764,-0.08148872,0.31783512,1.33504643,-0.14325223,0.81175917,-1.29711652,0.22643324,0.24073166,-1.40067582,0.01057690,1.12195003,-1.54898572,-0.19876635,0.39168317,-1.51085725,0.91537810,0.06138749,0.33262468,0.32494041,0.34181173,0.19847837,-0.26296531,0.14290772,-0.19676467,-0.31095528,-0.07846920,0.07529370,-0.30614585,-0.29279005,-0.14614393,-0.28809671,-0.07048206,0.55959926,-0.01451539,0.00123959,-0.58465428,0.81115174,0.22594643,0.29814358,0.06197510,-0.21192398,0.36177828,0.01398512,-0.02388325,0.65785966,0.01879456,-0.30175457,0.79110970,0.03684370,-1.05008960,0.30348656,2.61105371,1.32227318,-2.29674296,4.30376091,0.52340211,2.39713216,0.30766723,-0.87711483,-1.74643836,1.81616721
0.66970019,0.34280846,0.00277812,-0.07118385,0.37200049,1.36912386,-0.16147238,0.81816936,-1.25016081,0.24411964,0.22205898,-1.33296287,0.01913649,1.16154218,-1.54337108,-0.21221313,0.39976758,-1.50990939,0.91537810,0.06138749,0.33262468,0.32505012,0.34117650,0.20337752,-0.27227677,0.13144678,-0.20549656,-0.31098118,-0.08122963,0.06869070,-0.30802353,-0.30552531,-0.14570590,-0.28389901,-0.05956268,0.54929256,-0.01724633,0.00358975,-0.57348992,0.81902319,0.24829388,0.29831815,0.05277334,-0.20766640,0.35545659,0.01406893,-0.02281857,0.64912510,0.01702659,-0.30102921,0.78650522,0.04115111,-0.89021081,0.32356021,2.31233573,0.81196004,-0.73155904,3.24244714,0.41299391,1.91303718,0.27530909,-0.63743675,0.74924642,-0.24446009
0.68238830,0.36507549,-0.02388184,-0.01374578,0.38085559,1.48301282,-0.18006523,0.82835999,-1.20615685,0.24565974,0.23540484,-1.29912586,0.02412322,1.19629288,-1.54853981,-0.21984856,0.44050592,-1.53121133,0.91537810,0.06138749,0.33262468,0.32446190,0.33317735,0.20340864,-0.28243705,0.11861760,-0.21421723,-0.30971455,-0.09172577,0.06406063,-0.30868297,-0.31493227,-0.14626119,-0.27812736,-0.04777203,0.53929467,-0.01962343,0.00633987,-0.56124481,0.82739289,0.26446476,0.30500765,0.04202485,-0.20290775,0.34984267,0.01474735,-0.02219067,0.64821196,0.01577893,-0.30016613,0.77777295,0.04633454,-0.93353851,0.51293417,2.20240688,0.04558110,0.71427436,1.63040819,0.24510613,1.72847402,-0.28176354,-0.37455133,2.05690050,-1.07973711
0.70220406,0.37953322,-0.05164121,0.15794651,0.38073185,1.62980803,-0.20103914,0.84032493,-1.16146457,0.22465719,0.28075184,-1.31210804,0.02576518,1.22272091,-1.56855004,-0.22263164,0.49256758,-1.56078353,0.91537810,0.06138749,0.33262468,0.32319965,0.31890582,0.19625711,-0.29213158,0.10382067,-0.22311297,-0.30770787,-0.10561518,0.06156933,-0.30788045,-0.31978120,-0.14730440,-0.27087857,-0.03527737,0.52942076,-0.02064537,0.00998636,-0.54766325,0.83638448,0.27214298,0.31562061,0.03106807,-0.19824810,0.34503348,0.01549178,-0.02108593,0.65084543,0.01531921,-0.29818058,0.76360126,0.05232109,-1.05302489,0.59897655,2.23045349,-1.11843497,2.35245306,-0.81009007,0.06980312,1.28347912,-1.03228990,-0.12673168,2.61639786,-1.48811090
0.72075722,0.37780884,-0.05736996,0.29828268,0.30499856,1.74619823,-0.22178671,0.84919285,-1.11732593,0.18536192,0.34636373,-1.36937985,0.02279189,1.23466697,-1.59758127,-0.22186692,0.54388791,-1.58804901,0.91537810,0.06138749,0.33262468,0.32165030,0.30240685,0.18332570,-0.29809481,0.08933343,-0.23101787,-0.30581779,-0.12006956,0.06103765,-0.30629678,-0.31934672,-0.14887577,-0.26389543,-0.02232666,0.51964951,-0.02011227,0.01385139,-0.53293474,0.84580388,0.27355919,0.32597508,0.02355549,-0.19216785,0.33936172,0.01583251,-0.01908550,0.65430384,0.01535352,-0.29444695,0.74347281,0.05775487,-1.02645650,0.41096661,2.20971680,-2.01107574,3.31303687,-2.98452458,-0.17022748,0.52832792,-1.47821462,0.04886931,2.53197365,-1.32120454
0.73512803,0.35943881,-0.04361766,0.31661187,0.16473427,1.77985574,-0.23682518,0.85436794,-1.08837028,0.14073478,0.41579323,-1.44371581,0.01526904,1.22998347,-1.63306744,-0.21939763,0.58933834,-1.60936940,0.91537810,0.06138749,0.33262468,0.32026265,0.28703021,0.16936014,-0.29974278,0.07934154,-0.23599656,-0.30447439,-0.13310476,0.06190084,-0.30457130,-0.31298558,-0.15090274,-0.25853452,-0.00920219,0.50993152,-0.01863994,0.01670959,-0.51772023,0.85518367,0.27388458,0.33405919,0.02051986,-0.18156490,0.33026361,0.01578825,-0.01602840,0.65656710,0.01569134,-0.28796043,0.71735730,0.06172813,-0.70575476,0.25425552,1.29316807,-2.23836322,3.47720876,-3.76650500,-0.40007512,-0.33149526,-1.81220472,0.12987703,2.24786491,-1.04863784
0.74012166,0.33274786,-0.03152341,0.30137906,0.08454661,1.75427898,-0.23960902,0.86431646,-1.10285079,0.09428176,0.48811087,-1.52002454,0.00382565,1.20453680,-1.67350471,-0.21535511,0.63107121,-1.62570643,0.91537810,0.06138749,0.33262468,0.31906062,0.27172078,0.15562069,-0.29916775,0.07702005,-0.23593928,-0.30298142,-0.14517357,0.06369169,-0.30296341,-0.29999277,-0.15359856,-0.25496347,0.00387192,0.50032926,-0.01682270,0.01875281,-0.50252937,0.86419301,0.27346039,0.34104323,0.01989287,-0.16316032,0.31675458,0.01607920,-0.01251793,0.65801048,0.01609721,-0.27793312,0.68519163,0.06409715,-0.03972977,0.54741025,-1.08108044,-2.33740640,3.64189601,-3.81031013,-0.59940863,-1.43130529,-2.05242634,0.21465181,2.06179619,-0.77570909
0.73218356,0.30274713,-0.02065274,0.28940436,0.05255646,1.70911357,-0.21430461,0.89367964,-1.20269046,0.04218237,0.56569965,-1.59236331,-0.01141962,1.14692609,-1.71044037,-0.21022296,0.67085721,-1.63831513,0.91537810,0.06138749,0.33262468,0.31805660,0.25534908,0.14082812,-0.29788121,0.08578359,-0.22521536,-0.30002034,-0.15677875,0.06591253,-0.30138842,-0.27914125,-0.15702302,-0.25369173,0.01668091,0.49101732,-0.01491121,0.02036458,-0.48760733,0.87269814,0.27038994,0.34725556,0.02017539,-0.13024139,0.29998167,0.01803626,-0.00928574,0.65909400,0.01666818,-0.26328545,0.64656444,0.06436487,1.30714483,1.48077309,-5.08402338,-2.60989318,3.88049541,-3.60545087,-0.76327201,-2.92222428,-1.82922351,0.25586307,1.97914479,-0.61680788
0.70911786,0.27032203,-0.00263629,0.33564648,0.05265609,1.64410947,-0.16055398,0.92613442,-1.36046090,-0.01198665,0.64285669,-1.65495305,-0.02668112,1.06116931,-1.73230026,-0.20563945,0.70471129,-1.64373996,0.91537810,0.06138749,0.33262468,0.31735535,0.23846766,0.12611637,-0.29665516,0.10448304,-0.20490015,-0.29566419,-0.16770309,0.06801622,-0.30023515,-0.25381347,-0.16045536,-0.25435803,0.02903290,0.48214300,-0.01260124,0.02218530,-0.47307696,0.88065159,0.26576881,0.35280519,0.02070019,-0.08423958,0.28196776,0.02169117,-0.00674248,0.65954270,0.01712020,-0.24481010,0.60533881,0.06299732,2.76237183,1.59058344,-8.00762815,-2.70452895,3.84825158,-3.08943391,-0.75819408,-4.36085238,-1.03003398,0.22741197,1.68416178,-0.26753709
0.66965976,0.24314021,0.02913363,0.37322632,0.03465253,1.57037346,-0.08161004,0.93934788,-1.54655478,-0.06351124,0.71445172,-1.70144911,-0.04003376,0.95385674,-1.73104599,-0.20229827,0.73679606,-1.64759905,0.91537810,0.06138749,0.33262468,0.31723655,0.22179698,0.11274030,-0.29602187,0.13282335,-0.17762725,-0.28897028,-0.17841965,0.07005137,-0.29878978,-0.22646753,-0.16337408,-0.25703495,0.04080830,0.47395711,-0.00984628,0.02407955,-0.45904733,0.88803084,0.26096745,0.35805101,0.02121468,-0.02744255,0.26292322,0.02826627,-0.00508995,0.66005955,0.01844677,-0.22337818,0.56442332,0.06020159,4.04944820,0.53257007,-9.34971542,-2.55762901,3.54333162,-2.24397166,-0.65830457,-5.43515863,0.16793487,0.15816270,1.60362899,-0.18470620
0.62562188,0.22772113,0.05254692,0.32431570,-0.06360571,1.51921913,0.02133757,0.91207448,-1.72995145,-0.11059166,0.77651281,-1.72872066,-0.05201565,0.83672262,-1.70649588,-0.20160815,0.77049648,-1.64954355,0.91537810,0.06138749,0.33262468,0.31760449,0.20645725,0.10097902,-0.29611612,0.16926429,-0.14581225,-0.27918716,-0.18930622,0.07162652,-0.29758353,-0.19891074,-0.16581377,-0.26148196,0.05207577,0.46661568,-0.00703922,0.02501474,-0.44538313,0.89496289,0.25705471,0.36266861,0.02148837,0.03767166,0.24367144,0.03841732,-0.00480576,0.66086216,0.02002096,-0.20010433,0.52547898,0.05612253,5.28516607,-1.64043546,-9.09783974,-2.32817984,3.04413462,-1.25216386,-0.59471421,-5.88539057,1.35524215,0.01689148,1.70178640,-0.08632707
0.59322073,0.22436245,0.05958726,0.22279277,-0.22384025,1.50706897,0.14650233,0.82412827,-1.87896073,-0.15404196,0.83001643,-1.73975813,-0.06395133,0.72048056,-1.66264260,-0.20429726,0.80809999,-1.65108955,0.91537810,0.06138749,0.33262468,0.31817374,0.19270423,0.09046616,-0.29654853,0.21190315,-0.11199815,-0.26654261,-0.20032304,0.07266564,-0.29670554,-0.17241378,-0.16800547,-0.26725641,0.06307888,0.46006489,-0.00439965,0.02416839,-0.43178963,0.90163975,0.25431252,0.36653018,0.02162521,0.10852528,0.22473288,0.05163113,-0.00577164,0.66173100,0.02146819,-0.17588329,0.48920989,0.05091733,6.41151619,-4.86565542,-7.14258623,-2.14913416,2.61906600,-0.44523951,-0.59851211,-5.78883982,2.32182717,-0.15944032,1.91082346,-0.07876395
0.58055961,0.22990137,0.04544372,0.12121534,-0.36625383,1.55807752,0.27395173,0.67551100,-1.94669626,-0.19525655,0.87898607,-1.74037342,-0.07572681,0.61357540,-1.60484688,-0.21014743,0.85087308,-1.65268281,0.91537810,0.06138749,0.33262468,0.31856067,0.18014078,0.08059733,-0.29658393,0.25422553,-0.08189816,-0.25379429,-0.21158449,0.07309805,-0.29613031,-0.14799433,-0.16971722,-0.27370839,0.07414455,0.45421827,-0.00209684,0.02136293,-0.41769538,0.90833353,0.25255089,0.36985116,0.02197674,0.17734699,0.20787058,0.06476638,-0.00799885,0.66245799,0.02243036,-0.15102730,0.45619159,0.04485227,6.34588308,-7.44169188,-3.28116254,-2.05560296,2.44206524,-0.02107858,-0.58737075,-5.32798176,2.90196967,-0.29026094,2.14162731,-0.07821035
0.57996021,0.24244639,0.02902252,0.03818172,-0.48245870,1.67868776,0.37803332,0.53475051,-1.94740250,-0.23249515,0.92245176,-1.73373485,-0.08684405,0.52211921,-1.54134095,-0.21359108,0.89599689,-1.65292017,0.91537810,0.06138749,0.33262468,0.31871247,0.16890207,0.07186008,-0.29631014,0.28749903,-0.05855370,-0.24471298,-0.22281680,0.07449512,-0.29581337,-0.12698747,-0.17121355,-0.28050447,0.08554478,0.44891274,-0.00010406,0.01717285,-0.40246793,0.91527299,0.25265388,0.37297640,0.02240233,0.23667126,0.19742713,0.07399949,-0.01012020,0.66349387,0.02289910,-0.12647285,0.42681251,0.03820800,5.10333452,-6.90531168,0.10691212,-1.84780214,2.15032678,0.35603854,-0.55629575,-4.50469904,3.17147803,-0.15935450,2.26483431,-0.00557184
0.58309244,0.25736127,0.03605502,0.05633497,-0.57763167,1.85948981,0.44326460,0.43831549,-1.90593448,-0.26626562,0.95810422,-1.71781754,-0.09896191,0.45579909,-1.48159285,-0.21209590,0.94289353,-1.64872177,0.91537810,0.06138749,0.33262468,0.31907630,0.15873585,0.06421154,-0.29649581,0.30901686,-0.04174595,-0.24214850,-0.23481728,0.07778790,-0.29566704,-0.11193191,-0.17270964,-0.28721063,0.09737740,0.44417210,0.00233032,0.01213258,-0.38551649,0.92261823,0.25460339,0.37634747,0.02258049,0.28480968,0.19496679,0.07692780,-0.01227283,0.66590829,0.02340926,-0.10415974,0.40245690,0.03186567,3.07455025,-4.64392109,2.21069508,-1.68209791,1.75040519,0.84043262,-0.61503209,-3.20086551,2.95746350,0.09849053,2.34527254,0.24168489
0.58541894,0.26776063,0.05752155,0.16552892,-0.58284757,2.04879886,0.46773100,0.38376159,-1.84371142,-0.29888580,0.98694175,-1.69540920,-0.11381389,0.41620991,-1.43016772,-0.20439008,0.98820958,-1.63680999,0.91537810,0.06138749,0.33262468,0.31998545,0.14899615,0.05707944,-0.29728423,0.32092511,-0.03074144,-0.24628149,-0.24792609,0.08330214,-0.29548471,-0.10393057,-0.17468472,-0.29365592,0.10956612,0.44001684,0.00575215,0.00734844,-0.36668967,0.93029651,0.25743961,0.38008902,0.02270122,0.32321568,0.19857984,0.07370396,-0.01485348,0.67007413,0.02450074,-0.08560085,0.38321748,0.02632953,1.00268474,-2.48671341,3.18140864,-1.62593174,1.40594518,1.14075985,-0.76080104,-1.82728982,2.51796746,0.42366615,2.24955578,0.64095778
0.56929404,0.26918255,0.03805149,0.19862653,-0.56069771,2.16771159,0.45484033,0.37810916,-1.78061807,-0.33176452,1.01272082,-1.67793894,-0.13145307,0.41180331,-1.39714301,-0.18896733,1.02512002,-1.62575185,0.91537810,0.06138749,0.33262468,0.32075188,0.14060008,0.05013181,-0.29716676,0.32168114,-0.02567975,-0.25618260,-0.25867346,0.09122894,-0.29459886,-0.10476012,-0.17747486,-0.29926322,0.12173748,0.43657911,0.00948884,0.00294878,-0.34652355,0.93798864,0.26116562,0.38327456,0.02358511,0.34948349,0.20795286,0.06456928,-0.01551914,0.67405605,0.02615301,-0.07323742,0.36981988,0.02148865,-0.90778643,0.08590221,3.12824225,-1.64905953,1.27633440,0.81396097,-0.90072954,0.05541086,1.49387586,0.82911903,1.76958907,0.52168608
0.53951174,0.26328328,0.01702124,0.16974247,-0.49860846,2.19379210,0.42197387,0.40163290,-1.72781830,-0.35962052,1.04450839,-1.67639220,-0.14842813,0.44274217,-1.38976097,-0.16998104,1.05275846,-1.62674675,0.91537810,0.06138749,0.33262468,0.32114375,0.13314385,0.04500107,-0.29446724,0.31499723,-0.02572929,-0.26775951,-0.26469686,0.09979364,-0.29229843,-0.11370094,-0.18038333,-0.30307429,0.13348408,0.43405497,0.01275716,-0.00097864,-0.32579981,0.94535220,0.26608658,0.38748291,0.02667651,0.36576481,0.21973999,0.05338425,-0.01354809,0.67572570,0.02884533,-0.06720219,0.36200585,0.01806946,-1.65303993,1.19510362,2.62080269,-1.37763503,1.57979524,0.07677841,-0.84583974,1.56907320,0.35040090,0.95043427,1.36785069,-0.05553388
0.52889194,0.25419550,0.02839642,0.22917876,-0.31232986,2.14114410,0.38288746,0.43693735,-1.68783889,-0.37603151,1.07145612,-1.67772987,-0.16308962,0.48632461,-1.39343233,-0.15052452,1.07025676,-1.63028083,0.91537810,0.06138749,0.33262468,0.32182190,0.12661719,0.04298341,-0.29199772,0.30427952,-0.02916846,-0.27905004,-0.26827421,0.10792511,-0.28939965,-0.12633641,-0.18289572,-0.30528993,0.14503880,0.43200147,0.01598196,-0.00305177,-0.30539954,0.95208528,0.27303619,0.39332135,0.02982418,0.37558956,0.23129480,0.04277186,-0.01041584,0.67583079,0.03242225,-0.06410809,0.35670662,0.01653197,-1.96793489,1.78844678,1.96669574,-0.78192436,1.34690225,-0.09293460,-0.72450554,2.19490690,-0.20059775,0.97192913,0.84386873,-0.17315053
0.53272560,0.24304178,0.03075711,0.31418502,-0.06584634,2.03915151,0.33783718,0.48009205,-1.65799305,-0.37847741,1.09938514,-1.68687921,-0.17408597,0.53365448,-1.40198715,-0.13187335,1.07828128,-1.63398349,0.91537810,0.06138749,0.33262468,0.32256936,0.11993868,0.04505144,-0.28909727,0.29000831,-0.03608969,-0.29007320,-0.27043878,0.11523636,-0.28593482,-0.14097960,-0.18456900,-0.30602748,0.15659676,0.43019295,0.01926604,-0.00262000,-0.28582863,0.95808348,0.28161755,0.40218008,0.03347208,0.37944908,0.24113178,0.03249616,-0.00652657,0.67474833,0.03663454,-0.06245556,0.35301104,0.01654188,-2.28492365,2.18978887,1.45550525,-0.05989408,1.40723264,-0.48348136,-0.53030397,2.37239718,-0.44251584,0.92629832,0.36858129,-0.19392585
0.54818513,0.23221608,0.03041861,0.32455878,0.14822778,1.91730677,0.28936297,0.52371417,-1.64010699,-0.36524799,1.12807877,-1.69691234,-0.17958056,0.57990949,-1.41203349,-0.11507380,1.07790530,-1.64045599,0.91537810,0.06138749,0.33262468,0.32325081,0.11231236,0.05117115,-0.28634015,0.27479900,-0.04624407,-0.29902716,-0.27074498,0.12136940,-0.28201439,-0.15618105,-0.18500266,-0.30569380,0.16834717,0.42848892,0.02210353,-0.00009064,-0.26730669,0.96335796,0.29097233,0.41450245,0.03691065,0.38007317,0.24731193,0.02422365,-0.00120964,0.67197170,0.04123642,-0.06081181,0.35035653,0.01755700,-2.42554007,2.15372572,0.81149189,0.75582285,1.43154562,-0.48447987,-0.23922531,2.29609818,-0.50245714,0.82772144,-0.07015943,-0.34253022
0.56820215,0.21895436,0.00797178,0.21145080,0.29468100,1.78617340,0.24438122,0.55989283,-1.63341177,-0.33505425,1.14804757,-1.69906688,-0.17919952,0.62614876,-1.42247796,-0.10034847,1.06961775,-1.65211773,0.91537810,0.06138749,0.33262468,0.32347849,0.10535406,0.06075198,-0.28494236,0.26182382,-0.05782123,-0.30459034,-0.26828390,0.12598893,-0.27814215,-0.17170409,-0.18446076,-0.30460648,0.18037128,0.42681038,0.02358012,0.00358042,-0.24994041,0.96796743,0.30196667,0.42901111,0.03853613,0.38154316,0.24953973,0.01888815,0.00652409,0.66686583,0.04533634,-0.05914116,0.34844041,0.01887201,-2.21324801,1.74818861,0.26425838,1.63215446,0.91275924,-0.03752946,0.06005644,2.32013202,-0.52613497,0.72165233,-0.46781299,-0.62552685
0.59832529,0.20715242,-0.00575683,0.01782465,0.33088885,1.64971516,0.20594982,0.59805095,-1.63994024,-0.29430448,1.14467750,-1.70675631,-0.17152479,0.67796574,-1.43561161,-0.09109271,1.04466445,-1.66481776,0.91537810,0.06138749,0.33262468,0.32324336,0.10588404,0.07175698,-0.28440186,0.24986448,-0.06975186,-0.30641825,-0.26074567,0.12789347,-0.27638476,-0.18818302,-0.18286882,-0.30278004,0.19289665,0.42506282,0.02291335,0.00725304,-0.23398275,0.97194364,0.31982861,0.44083533,0.03884150,0.38373203,0.24933736,0.01682511,0.01880341,0.65752053,0.04685860,-0.05785313,0.34774268,0.02046332,-1.90810354,1.91703405,-0.33585262,2.04366446,-0.20262909,-0.41450213,0.39284595,2.59918618,-0.65916389,0.45218563,-1.26470220,-0.65604684
0.62681833,0.19960560,-0.00950830,-0.17555856,0.25812773,1.53087668,0.17625531,0.64294741,-1.65060012,-0.24888864,1.11862946,-1.73959103,-0.15794316,0.73510468,-1.44934480,-0.08913146,1.00578718,-1.68828497,0.91537810,0.06138749,0.33262468,0.32284407,0.11770410,0.08357354,-0.28206733,0.23730276,-0.08008895,-0.30630710,-0.24679978,0.12702865,-0.27542430,-0.20526480,-0.18018015,-0.30084664,0.20590782,0.42331908,0.02054498,0.00981207,-0.21909663,0.97543749,0.34803333,0.44860010,0.04077674,0.38625355,0.24953110,0.01653697,0.03702774,0.64360509,0.04741977,-0.05665646,0.34809592,0.02199743,-1.46468794,2.26656523,-0.52716349,2.28657169,-1.35855384,-1.74303522,0.69260246,2.86847854,-0.68024677,0.07812890,-1.99791510,-1.17580593
0.64703955,0.19422461,-0.00752882,-0.30676984,0.09279469,1.44394685,0.15190543,0.69535052,-1.65823197,-0.19870840,1.06434062,-1.79682901,-0.14033623,0.79622979,-1.46274226,-0.09297992,0.94776303,-1.70990529,0.91537810,0.06138749,0.33262468,0.32244809,0.14178115,0.09665803,-0.27636364,0.22344104,-0.08905578,-0.30533611,-0.22703224,0.12421410,-0.27616806,-0.22229197,-0.17647336,-0.29912714,0.21929226,0.42168100,0.01723600,0.01051884,-0.20498579,0.97855664,0.38793373,0.45337837,0.04608444,0.38827572,0.25050442,0.01711198,0.06111641,0.62650576,0.04628002,-0.05510807,0.34914806,0.02332094,-1.20412314,2.65173674,-0.36297366,2.52509675,-2.88454609,-2.90333295,0.89355731,3.07305384,-0.67934126,-0.21065274,-2.98457313,-1.05765573
0.66027664,0.18768629,-0.00690726,-0.36206792,-0.08775985,1.39693854,0.12915899,0.75192012,-1.65778265,-0.14538849,0.96328804,-1.84740431,-0.12026228,0.85968606,-1.47622912,-0.09945702,0.86823784,-1.71889019,0.91537810,0.06138749,0.33262468,0.32208178,0.17677428,0.11014388,-0.26916252,0.20841314,-0.09734180,-0.30420366,-0.20246574,0.12064096,-0.27863843,-0.23869979,-0.17185546,-0.29756932,0.23291416,0.42019122,0.01370797,0.00935872,-0.19128535,0.98139412,0.43810387,0.45594041,0.05291926,0.38956051,0.25174720,0.01787812,0.09052467,0.60799923,0.04344335,-0.05283489,0.35048206,0.02451246,-1.13465822,2.83856297,0.08465909,2.68130746,-5.35016112,-2.42070432,1.01515648,3.17932653,-0.66576856,-0.33191163,-4.10790372,-0.34625099
0.67485675,0.18096617,0.00367782,-0.35923708,-0.21733438,1.38187033,0.10606262,0.80643350,-1.64461398,-0.08982475,0.81162643,-1.86348593,-0.09815802,0.92438376,-1.48925996,-0.10612869,0.77036691,-1.70588946,0.91537810,0.06138749,0.33262468,0.32194400,0.21936655,0.12365960,-0.26143428,0.19278919,-0.10537033,-0.30367590,-0.17519325,0.11706071,-0.28275047,-0.25455377,-0.16634637,-0.29606858,0.24678612,0.41884172,0.01041923,0.00688789,-0.17769616,0.98400613,0.49554253,0.45800328,0.06050972,0.39056969,0.25271869,0.01826809,0.12357521,0.58976555,0.03919353,-0.04986095,0.35198927,0.02587542,-1.15964937,2.70006514,0.75453037,2.79296899,-7.94040394,-0.51317453,1.11978686,3.24404216,-0.65126890,-0.33150089,-5.01118135,0.81839556
0.68959509,0.17296829,0.02290073,-0.31894025,-0.24006040,1.35168092,0.08166312,0.85407066,-1.61669166,-0.03369204,0.63330013,-1.82124302,-0.07244211,0.99078670,-1.50192273,-0.11321888,0.65780241,-1.66240275,0.91537810,0.06138749,0.33262468,0.32229133,0.26229212,0.13705178,-0.25487555,0.17672767,-0.11364894,-0.30413838,-0.14683744,0.11349445,-0.28856223,-0.27048578,-0.15965610,-0.29410407,0.26095181,0.41763201,0.00760476,0.00409238,-0.16435520,0.98636342,0.55350857,0.46225133,0.06741578,0.39129200,0.25282853,0.01815295,0.15883751,0.57259941,0.03372910,-0.04668407,0.35428538,0.02818725,-1.21875124,2.36932306,1.41405618,2.80197120,-8.91308002,2.18187747,1.29040544,3.31944156,-0.62787576,-0.35651982,-5.63805246,2.21110139
0.69706917,0.16386095,0.04180395,-0.30336230,-0.23192365,1.24820310,0.05918648,0.89242346,-1.57665923,0.01706607,0.46051739,-1.73299005,-0.04411695,1.05583081,-1.50975173,-0.12125633,0.54398758,-1.59757111,0.91537810,0.06138749,0.33262468,0.32307178,0.30136031,0.14879442,-0.25114726,0.16084864,-0.12139608,-0.30559189,-0.11965865,0.10938657,-0.29527989,-0.28661951,-0.15231566,-0.29195068,0.27523746,0.41655345,0.00495011,0.00141071,-0.15193511,0.98837707,0.60737286,0.46797228,0.07192452,0.39220219,0.25245426,0.01747988,0.19395447,0.55682707,0.02779188,-0.04389515,0.35734887,0.03112110,-1.11072159,1.88747115,2.03302128,2.50747991,-8.59987392,4.52408805,1.41929958,3.24214244,-0.36942529,-0.40129197,-5.65410414,3.27120185
0.69530805,0.15418754,0.05905035,-0.34790672,-0.25373982,1.04083047,0.04177259,0.92031894,-1.52808371,0.05571072,0.31569694,-1.61422105,-0.01642483,1.11548364,-1.51059201,-0.12716985,0.45345439,-1.53068876,0.91537810,0.06138749,0.33262468,0.32426967,0.33310592,0.15748884,-0.25223621,0.14625716,-0.12798354,-0.30767112,-0.09832251,0.10547919,-0.30182583,-0.30198528,-0.14559068,-0.28994114,0.28945503,0.41560724,0.00192475,-0.00152848,-0.14142219,0.98994632,0.65333405,0.47352402,0.07203346,0.39402523,0.25179021,0.01659855,0.22460060,0.54439807,0.02244384,-0.04121666,0.36039865,0.03432853,-0.84628811,1.35053790,2.45140719,1.87194879,-7.03992376,6.02073050,1.37219255,2.94885468,-0.01617622,-0.27559803,-4.36711702,3.30538392
0.69301424,0.14542247,0.06593391,-0.40359529,-0.27555159,0.77893003,0.02918724,0.94061172,-1.47705679,0.08118055,0.22024658,-1.48917136,0.00661178,1.16692355,-1.50508263,-0.12881735,0.40325277,-1.48169799,0.91537810,0.06138749,0.33262468,0.32570352,0.35281188,0.16320479,-0.25927992,0.13323092,-0.13358559,-0.30964656,-0.08622526,0.10252426,-0.30745595,-0.31575374,-0.14069878,-0.28809862,0.30358696,0.41474540,-0.00162082,-0.00478219,-0.13339982,0.99104944,0.68699532,0.47885516,0.06642359,0.39675503,0.25068657,0.01605696,0.24753876,0.53641963,0.01824757,-0.03813133,0.36254218,0.03760490,-0.60538812,0.98284786,2.55322814,1.20202658,-4.47991495,6.23300982,1.11768835,2.52365232,0.31312749,-0.05979269,-2.26630735,2.30935616
0.69325829,0.13835642,0.05040407,-0.43737829,-0.26258100,0.54261666,0.01947054,0.95976782,-1.42936957,0.09894166,0.17149091,-1.38015735,0.02418884,1.21324813,-1.49937892,-0.12879570,0.40146974,-1.47147930,0.91537810,0.06138749,0.33262468,0.32696825,0.36095044,0.16725859,-0.26981676,0.12071380,-0.13870452,-0.31067736,-0.08443926,0.10013452,-0.31053538,-0.32792665,-0.13773283,-0.28560084,0.31768703,0.41392136,-0.00553335,-0.00799534,-0.12768484,0.99176713,0.70922661,0.48433030,0.05715149,0.39934444,0.24917054,0.01629089,0.26135540,0.53217387,0.01643287,-0.03442860,0.36371374,0.04136741,-0.46908817,0.96233362,2.35002255,0.84670091,-2.11713815,5.30008030,0.84132838,2.28924727,0.26829958,0.00648290,0.27314723,0.19330500
0.70397531,0.13235552,0.01070842,-0.42776408,-0.19736305,0.40608542,0.01303294,0.97766032,-1.38691208,0.11156124,0.15974392,-1.29831767,0.03656973,1.25406663,-1.49937110,-0.12869176,0.43858203,-1.48942626,0.91537810,0.06138749,0.33262468,0.32748716,0.35954027,0.17005837,-0.28150434,0.10880116,-0.14301506,-0.31092199,-0.09174464,0.09784963,-0.31227952,-0.33759318,-0.13643561,-0.28201913,0.33196774,0.41304460,-0.00950007,-0.01055144,-0.12361363,0.99222885,0.72222824,0.48976350,0.04598282,0.40238495,0.24771941,0.01656517,0.26701317,0.53040104,0.01520764,-0.02877216,0.36354146,0.04546803,-0.31903484,0.89908571,2.11113021,0.62276277,-0.54516270,4.04197879,0.61164789,2.02840374,-0.00815964,0.00477040,1.88437152,-0.91958706
0.73032515,0.12519746,-0.02738744,-0.35637135,-0.08024946,0.37148375,0.00814926,0.99939914,-1.35227859,0.11624495,0.17938367,-1.25573149,0.04343261,1.28724630,-1.50784469,-0.12859263,0.49398631,-1.52155335,0.91537810,0.06138749,0.33262468,0.32731227,0.35078804,0.17050437,-0.29213537,0.09617027,-0.14662681,-0.31004699,-0.10370465,0.09598181,-0.31252264,-0.34396969,-0.13646955,-0.27756725,0.34672031,0.41200142,-0.01294855,-0.01191224,-0.11990586,0.99262935,0.72799339,0.49418917,0.03517690,0.40526047,0.24671018,0.01726528,0.26881752,0.52989254,0.01478963,-0.01983585,0.36125045,0.04974502,-0.24287063,1.10310097,1.71215475,0.19590657,1.08492183,1.98680003,0.32494870,1.64520109,-0.46574017,0.00704098,2.80934806,-1.63695991
0.76825717,0.11395002,-0.06384959,-0.21150073,0.05211732,0.41536212,0.00327856,1.02602425,-1.32488530,0.10696256,0.23472052,-1.26674607,0.04354724,1.31381555,-1.53234828,-0.12796361,0.55985861,-1.56120920,0.91537810,0.06138749,0.33262468,0.32644849,0.33492056,0.16676863,-0.30009451,0.08229659,-0.14955568,-0.30809687,-0.11873802,0.09510985,-0.31106166,-0.34600335,-0.13774303,-0.27173480,0.36215782,0.41067641,-0.01518980,-0.01182377,-0.11580305,0.99308566,0.72643242,0.49604368,0.02635399,0.40789604,0.24621472,0.01835162,0.26844501,0.53052011,0.01538684,-0.00623512,0.35610447,0.05471369,-0.24603205,1.34779775,1.33630216,-0.52722204,2.91794438,-0.80171866,-0.02536064,1.28992219,-1.30135765,0.03258097,3.32002664,-1.99686952
0.81143863,0.09406021,-0.07744403,-0.02139074,0.08346288,0.47532730,-0.00290063,1.05338283,-1.30593832,0.08926207,0.31202344,-1.31652529,0.03622721,1.32961226,-1.57116935,-0.12818887,0.62623243,-1.59782300,0.91537810,0.06138749,0.33262468,0.32526545,0.31565067,0.16097290,-0.30390752,0.06933545,-0.15177888,-0.30539669,-0.13447843,0.09507221,-0.30885575,-0.34259529,-0.14002024,-0.26590176,0.37833977,0.40893462,-0.01566348,-0.01110514,-0.11112498,0.99362094,0.72172089,0.49632468,0.02135793,0.41249199,0.24560103,0.01986876,0.26814175,0.53132567,0.01640970,0.01329880,0.34792404,0.05936369,-0.31954710,1.35872114,0.89624827,-0.90610263,3.93370442,-2.62561777,-0.40925607,0.72065015,-2.00805042,-0.02093554,3.29729438,-1.78619232
0.84478985,0.06725595,-0.07754576,0.16345820,0.09004534,0.49789046,-0.00783661,1.07209516,-1.30708373,0.06980350,0.39470771,-1.37363315,0.02112113,1.32583976,-1.61960173,-0.12930301,0.68866271,-1.62438655,0.91537810,0.06138749,0.33262468,0.32407251,0.29543662,0.15559568,-0.30545793,0.06298900,-0.15249216,-0.30296887,-0.15020362,0.09574387,-0.30690220,-0.33237971,-0.14332008,-0.26159304,0.39509106,0.40670800,-0.01433379,-0.01015044,-0.10619940,0.99418972,0.71670055,0.49648631,0.01861458,0.42449760,0.24436045,0.02110364,0.26846218,0.53198028,0.01717031,0.03995895,0.33672154,0.06247947,-0.22907327,0.85375780,-0.23264407,-0.97997051,4.15374756,-2.86035037,-0.81153703,-0.34972426,-2.48423314,-0.05975961,3.09277630,-1.24992359
0.86211941,0.03449425,-0.07262622,0.32491762,0.16817974,0.46149640,0.00080881,1.08301921,-1.36456225,0.05039423,0.47875309,-1.43269694,-0.00259668,1.28963480,-1.67158642,-0.13058416,0.74504377,-1.64134519,0.91537810,0.06138749,0.33262468,0.32292081,0.27479556,0.15118849,-0.30510332,0.06999495,-0.14803738,-0.30014131,-0.16579264,0.09723303,-0.30474067,-0.31386573,-0.14793871,-0.25927930,0.41213150,0.40388408,-0.01126776,-0.00823120,-0.10159216,0.99472826,0.71179886,0.49645855,0.01781749,0.45078602,0.24476089,0.02277949,0.26939278,0.53259740,0.01818014,0.07485542,0.32238314,0.06364150,0.45608652,0.52550549,-2.96097679,-0.96568532,4.19050350,-2.93845773,-1.19352176,-1.84855113,-2.58825994,-0.06476050,2.80786419,-0.82974381
0.87845891,0.00051430,-0.05354882,0.44532166,0.23941574,0.35741880,0.02328872,1.07708821,-1.47318771,0.03448573,0.55287261,-1.48036788,-0.02962593,1.22945342,-1.71445575,-0.13252421,0.79470931,-1.64733603,0.91537810,0.06138749,0.33262468,0.32204630,0.25575958,0.14858361,-0.30431202,0.09152002,-0.13895993,-0.29637033,-0.18131293,0.09900338,-0.30293887,-0.29166675,-0.15296564,-0.25823828,0.42935791,0.40048232,-0.00709363,-0.00546666,-0.09797584,0.99514850,0.70917549,0.49635813,0.01773427,0.49203358,0.24634752,0.02567597,0.27082291,0.53293118,0.01910743,0.11346779,0.30730822,0.06380802,1.14326210,-0.36161468,-5.50748730,-0.78430791,3.66554308,-2.34327631,-1.34642098,-3.05731606,-2.10718470,-0.10007733,2.47206450,-0.28080509
0.89413776,-0.02172270,-0.03403350,0.49951228,0.23102124,0.23350484,0.05125136,1.04619904,-1.59705863,0.02194676,0.61456882,-1.51484370,-0.05277323,1.15537760,-1.74485247,-0.13625185,0.84300113,-1.65148115,0.91537810,0.06138749,0.33262468,0.32145230,0.23923917,0.14741784,-0.30339189,0.12197884,-0.12838897,-0.29102306,-0.19665302,0.10063189,-0.30057772,-0.26839647,-0.15679593,-0.25832210,0.44681988,0.39667380,-0.00235672,-0.00265721,-0.09555591,0.99541773,0.70973339,0.49589014,0.01806040,0.54214840,0.24742556,0.03042924,0.27290058,0.53287683,0.02087458,0.15349751,0.29379711,0.06313020,1.41442578,-1.66391084,-6.19357061,-0.61548706,3.04144239,-1.67238081,-1.12862818,-3.74624038,-1.46767318,-0.19810777,2.42327833,-0.22627256
0.89561064,-0.03305118,-0.01183779,0.52921602,0.14356257,0.10407974,0.08204802,0.97836065,-1.71434169,0.01141059,0.67081555,-1.53790417,-0.06897005,1.07026370,-1.76249850,-0.14264210,0.89206231,-1.65532532,0.91537810,0.06138749,0.33262468,0.32117840,0.22362256,0.14715037,-0.30254055,0.15966790,-0.11748890,-0.28386041,-0.21173236,0.10179596,-0.29783533,-0.24413239,-0.15866543,-0.25990603,0.46429996,0.39267461,0.00273001,-0.00061553,-0.09438049,0.99553227,0.71159115,0.49517999,0.01863785,0.59904461,0.24727392,0.03731799,0.27546940,0.53244596,0.02334307,0.19470043,0.28271356,0.06127237,1.55187938,-3.64195919,-5.79824877,-0.51824201,2.80120945,-1.09027998,-0.76907260,-4.32362647,-0.80695717,-0.33441297,2.45206451,-0.17018222
0.88035481,-0.03652412,0.02618255,0.54760640,0.01999240,-0.02894932,0.11269645,0.85482329,-1.80411506,0.00198909,0.72754771,-1.54893672,-0.07830782,0.97019458,-1.76409829,-0.15045865,0.93799198,-1.64641559,0.91537810,0.06138749,0.33262468,0.32154801,0.20705366,0.14748768,-0.30206819,0.20530012,-0.10731000,-0.27508374,-0.22718847,0.10259955,-0.29669641,-0.21778343,-0.15856922,-0.26354368,0.48150444,0.38863683,0.00812489,0.00027297,-0.09448636,0.99549296,0.71260643,0.49454105,0.01947983,0.66295242,0.24462223,0.04646427,0.27767277,0.53214264,0.02485161,0.23777962,0.27386737,0.05800433,1.52491617,-6.60883760,-4.24652338,-0.46421111,2.84702516,-0.46272036,-0.41868252,-5.11904192,0.04280090,-0.39764014,2.26566553,0.56201220
0.85924470,-0.03172074,0.06018378,0.49602936,-0.11696674,-0.14197588,0.13826917,0.67724042,-1.83351176,-0.00512947,0.78194625,-1.54383948,-0.08005600,0.85734544,-1.74314339,-0.15855153,0.98256671,-1.62500284,0.91537810,0.06138749,0.33262468,0.32268485,0.18979536,0.14844857,-0.30220461,0.25434156,-0.09955671,-0.26521905,-0.24351533,0.10310939,-0.29708861,-0.18991566,-0.15655614,-0.26936803,0.49825878,0.38469887,0.01320250,-0.00038832,-0.09586257,0.99530694,0.71289539,0.49419947,0.02048024,0.72892704,0.23843431,0.05746580,0.27889576,0.53238478,0.02559624,0.28195686,0.26726265,0.05331681,1.26487929,-8.89991531,-1.38078252,-0.35172259,2.71107078,0.27615306,-0.07568236,-5.64384079,1.07371609,-0.40455291,2.23219724,1.07316256
0.84504596,-0.02103800,0.08975974,0.37211116,-0.27583970,-0.20374423,0.15466735,0.49651625,-1.80555761,-0.00946113,0.82971950,-1.52326849,-0.07359858,0.74534595,-1.70549014,-0.16657603,1.02950041,-1.60235865,0.91537810,0.06138749,0.33262468,0.32446685,0.17300565,0.14975920,-0.30301269,0.29820574,-0.09473925,-0.25654538,-0.25990596,0.10324360,-0.29761300,-0.16270584,-0.15268990,-0.27647048,0.51474209,0.38092318,0.01723884,-0.00271290,-0.09783694,0.99504944,0.71360645,0.49411211,0.02145416,0.78878002,0.22990861,0.06792147,0.27992687,0.53281841,0.02685385,0.32540932,0.26285329,0.04799637,0.79694682,-8.96375999,1.52595364,-0.20974280,2.36669097,1.07683316,0.34629508,-5.58455620,1.91978924,-0.40099737,2.35297227,1.13189936
0.84892734,-0.00620359,0.10182848,0.24890154,-0.39527526,-0.18635582,0.15859075,0.34680053,-1.73773270,-0.01120208,0.87034144,-1.48594143,-0.05916819,0.63652033,-1.65471570,-0.17488072,1.08124795,-1.58100955,0.91537810,0.06138749,0.33262468,0.32663000,0.15613543,0.15133258,-0.30480885,0.33280817,-0.09276058,-0.25137735,-0.27675548,0.10293905,-0.29764229,-0.13616738,-0.14695291,-0.28422762,0.53130054,0.37733438,0.02018227,-0.00635648,-0.09967545,0.99479499,0.71437778,0.49464827,0.02182115,0.83906078,0.22033298,0.07525265,0.28049793,0.53318076,0.02898771,0.36866341,0.26034775,0.04240237,0.11734591,-7.32059612,3.53346052,-0.07482048,2.00352638,1.93734593,0.75440068,-5.44037781,2.59568009,-0.41849127,2.62293983,1.05512381
0.86809070,0.00967477,0.09525715,0.18042411,-0.49029201,-0.05403669,0.14441466,0.23739877,-1.63801870,-0.01236940,0.90779583,-1.43513372,-0.03985647,0.53286422,-1.59200475,-0.18317877,1.14044175,-1.55902112,0.91537810,0.06138749,0.33262468,0.32884430,0.13800146,0.15280037,-0.30707147,0.35768044,-0.09399161,-0.25274372,-0.29532000,0.10259464,-0.29670096,-0.11079008,-0.13987738,-0.29242868,0.54824314,0.37394612,0.02250630,-0.01095067,-0.10031159,0.99464121,0.71402531,0.49604702,0.02177283,0.87988682,0.21029346,0.07610057,0.27942028,0.53355136,0.03214334,0.41170769,0.25906272,0.03641562,-0.81097514,-5.23213749,5.16237507,-0.06485697,1.86861479,2.60419874,0.98151832,-5.13201256,3.19795394,-0.41157940,2.99858928,1.11814632
0.88434257,0.01333139,0.05304134,0.16621633,-0.49720130,0.14967844,0.12241032,0.18349297,-1.53217518,-0.01621291,0.94515836,-1.37900579,-0.02278778,0.46105716,-1.53323472,-0.18909872,1.20038009,-1.53397918,0.91537810,0.06138749,0.33262468,0.33049512,0.11847151,0.15333486,-0.30890796,0.36933657,-0.09593487,-0.26182047,-0.31454223,0.10307183,-0.29475944,-0.09320878,-0.13327237,-0.30029746,0.56554413,0.37065339,0.02468449,-0.01571647,-0.09901831,0.99465524,0.71200752,0.49752164,0.02158716,0.90860367,0.20355117,0.06867465,0.27760792,0.53391194,0.03573568,0.44781303,0.25845361,0.03019766,-1.12741423,-2.25930500,5.26513290,-0.21569155,1.86925995,2.82769179,0.82303756,-3.29725909,2.86788917,-0.27387768,2.98491216,1.27326953
0.88504007,-0.00417167,-0.01514160,0.16800357,-0.46683709,0.26540074,0.09586581,0.19209794,-1.45165126,-0.02405790,0.98313136,-1.32789540,-0.01048723,0.44965920,-1.50697980,-0.19354227,1.25675490,-1.51940346,0.91537810,0.06138749,0.33262468,0.33083997,0.09896465,0.15246793,-0.30920677,0.36527048,-0.09898590,-0.27572668,-0.33070527,0.10418145,-0.29096390,-0.08980528,-0.12792255,-0.30658358,0.58290329,0.36718276,0.02685546,-0.02014213,-0.09629978,0.99478612,0.70940628,0.49771039,0.02163321,0.92223701,0.19963171,0.05511329,0.27848797,0.53316789,0.03987607,0.47012005,0.25897412,0.02425640,-1.32846832,0.47265617,3.98804278,-0.39429378,1.89784873,2.53341560,0.60887132,-0.49622796,1.25639811,-0.21955614,2.81897140,0.69419856
0.88149352,-0.02552856,-0.08125978,0.18345651,-0.38033701,0.27878897,0.07216808,0.22722743,-1.40078914,-0.03253724,1.02124524,-1.29284663,-0.00280145,0.48549293,-1.51727462,-0.19557407,1.31485422,-1.53281493,0.91537810,0.06138749,0.33262468,0.32999353,0.08183761,0.15131902,-0.30731571,0.35413431,-0.10217684,-0.28839681,-0.34177277,0.10629535,-0.28386528,-0.09709352,-0.12400151,-0.31006987,0.60019417,0.36347992,0.02911086,-0.02376235,-0.09343589,0.99491590,0.70894852,0.49677408,0.02267782,0.92889481,0.19672530,0.04159672,0.28440800,0.53196263,0.04612825,0.48157558,0.25987897,0.01992366,-1.15020428,1.80968111,2.43725376,-0.42008904,1.91110814,1.70234008,0.36892332,1.89565361,-0.59850020,-0.09058016,2.92105556,-0.77750869
0.89240876,-0.04025430,-0.13837078,0.13944668,-0.17909028,0.19687687,0.06328297,0.28360190,-1.39324005,-0.03797559,1.06044955,-1.27537580,0.00078545,0.54873693,-1.54880617,-0.19253634,1.36840327,-1.57101638,0.91537810,0.06138749,0.33262468,0.32806797,0.06677209,0.15062960,-0.30350524,0.33830500,-0.10250795,-0.29708071,-0.34710771,0.10941308,-0.27438615,-0.11129425,-0.12186337,-0.31085890,0.61769562,0.35958564,0.03081137,-0.02554728,-0.09135449,0.99501375,0.71098270,0.49539914,0.02456273,0.93143597,0.19672022,0.03098726,0.29656963,0.53085470,0.05368182,0.48592319,0.26022208,0.01720907,-0.36549352,2.92475958,0.15602874,-0.24926384,1.96029127,0.79795926,0.16908762,3.22836809,-1.62142599,0.18056218,2.59976983,-1.94410224
0.92502491,-0.04085845,-0.15726519,0.00247604,0.05505930,0.06233867,0.06767200,0.35676786,-1.42529867,-0.03744473,1.09596376,-1.27297444,0.00436058,0.62157874,-1.58941653,-0.18278744,1.39827888,-1.61119354,0.91537810,0.06138749,0.33262468,0.32571013,0.05485403,0.15074159,-0.29890818,0.31945276,-0.10066836,-0.30125678,-0.34667966,0.11282064,-0.26680946,-0.12832409,-0.12088586,-0.30901051,0.63581200,0.35560415,0.03100610,-0.02521076,-0.09059267,0.99508593,0.71719036,0.49384146,0.02680195,0.93160152,0.19846492,0.02445334,0.31546268,0.52964897,0.05890067,0.48762608,0.26009815,0.01669962,0.27343098,3.72017622,-1.77758216,0.06358158,1.73873365,0.04495525,0.18889617,3.67190027,-2.07645748,0.52588082,1.33472867,-1.99458494
0.96646575,-0.02699106,-0.13689895,-0.15294418,0.26942820,-0.04995699,0.07367627,0.43244714,-1.47448289,-0.03349886,1.12853551,-1.29958749,0.00973174,0.68894792,-1.62218225,-0.16910540,1.40275896,-1.65857327,0.91537810,0.06138749,0.33262468,0.32365999,0.04902078,0.15072450,-0.29344986,0.30046887,-0.10005005,-0.30210076,-0.33923986,0.11575567,-0.26141781,-0.14541885,-0.12051638,-0.30640428,0.65472698,0.35168231,0.02947164,-0.02295141,-0.09098367,0.99515156,0.73044395,0.49092257,0.03021012,0.93187714,0.19845259,0.02155923,0.34232521,0.52743268,0.06224218,0.48974800,0.25974333,0.01725571,0.28937590,3.77815771,-2.54314160,0.21292402,1.61765087,-1.58323991,0.28144839,3.29882717,-1.53686988,0.70421571,0.04957437,-2.44814849
0.99546859,0.00729909,-0.11493700,-0.30312162,0.41168724,-0.02598138,0.07702951,0.50769780,-1.52529905,-0.02993982,1.14527378,-1.36069403,0.01465116,0.74706321,-1.63975437,-0.15351802,1.37495182,-1.71525719,0.91537810,0.06138749,0.33262468,0.32203557,0.05458602,0.14947812,-0.28914490,0.28131212,-0.10170212,-0.30133830,-0.32280083,0.11779397,-0.25863670,-0.16219719,-0.12136441,-0.30398880,0.67440510,0.34827507,0.02611527,-0.01915567,-0.09132560,0.99529427,0.75540905,0.48524842,0.03289068,0.93237152,0.19683809,0.02069727,0.37859287,0.52312050,0.06339887,0.49274693,0.25862265,0.01804677,0.15975763,3.76117539,-2.52668648,0.17765033,0.81879897,-3.12207956,0.24362354,2.89404106,-0.85969157,0.78007162,-1.43763385,-2.82659173
0.99661169,0.05201153,-0.10532654,-0.44206071,0.44932075,0.11456461,0.07444982,0.58024068,-1.56574628,-0.02610777,1.14823828,-1.46262736,0.01781318,0.79750531,-1.64579222,-0.13829220,1.31750839,-1.76710742,0.91537810,0.06138749,0.33262468,0.32049613,0.07235733,0.14752655,-0.28389288,0.26213330,-0.10593750,-0.30036299,-0.30041940,0.11882210,-0.25861355,-0.17822580,-0.12349787,-0.30186881,0.69427128,0.34572599,0.02138474,-0.01504376,-0.09032761,0.99556883,0.79207668,0.47776299,0.03660325,0.93296814,0.19419899,0.02013314,0.42024403,0.51683874,0.06188258,0.49667606,0.25643830,0.01862732,-0.14879115,3.60685391,-1.98927779,0.19584125,0.10105991,-5.17116976,0.15226348,2.50398922,-0.28112123,0.75416112,-2.93214917,-2.58219457
0.96955423,0.09645567,-0.08083498,-0.51372143,0.39528661,0.33551755,0.06752278,0.64572785,-1.59274998,-0.02227601,1.12865493,-1.57880564,0.01797571,0.84266480,-1.64385681,-0.12564583,1.23786938,-1.80871391,0.91537810,0.06138749,0.33262468,0.31927596,0.09899797,0.14528054,-0.27796591,0.24416722,-0.11171381,-0.29933100,-0.27446999,0.11881842,-0.26026787,-0.19345185,-0.12685446,-0.29995072,0.71378689,0.34420686,0.01596948,-0.01144233,-0.08720286,0.99599684,0.83656731,0.47003214,0.04131005,0.93477459,0.19168787,0.01994496,0.46419621,0.50899789,0.05900809,0.50120335,0.25297139,0.01932524,-0.35021216,3.24438119,-1.28191705,0.18310760,-1.11031572,-5.80235577,-0.01019335,2.24137964,0.13496016,0.62078320,-4.08394995,-1.99852021
0.92916373,0.12903423,-0.03592786,-0.50620764,0.28265833,0.57930645,0.05999181,0.70520599,-1.60451245,-0.02245509,1.07630255,-1.68410678,0.01460817,0.88544086,-1.63323154,-0.11582084,1.13501894,-1.82985349,0.91537810,0.06138749,0.33262468,0.31881725,0.13177183,0.14213181,-0.27252051,0.22687560,-0.11732239,-0.29903387,-0.24594125,0.11807775,-0.26399565,-0.20874354,-0.13106667,-0.29871626,0.73263683,0.34363813,0.01069995,-0.00884695,-0.08168892,0.99656117,0.88581696,0.46238625,0.04629675,0.93735065,0.19089870,0.01978338,0.50923557,0.50023100,0.05482160,0.50531864,0.24835551,0.02010099,-0.37872745,2.94379354,-0.50397918,-0.04058155,-2.81416061,-5.16284275,-0.18535801,2.13156366,0.57997221,0.47457117,-5.27263603,-0.93411391
0.88397551,0.14612010,0.01171885,-0.46824172,0.13443179,0.81197609,0.05029595,0.76136351,-1.60039353,-0.02840691,0.97520864,-1.76740623,0.01078598,0.92895097,-1.61688352,-0.10908247,1.00904417,-1.82679582,0.91537810,0.06138749,0.33262468,0.31921738,0.17254874,0.13781932,-0.26748532,0.20922187,-0.12307199,-0.29959682,-0.21443067,0.11667697,-0.26958360,-0.22453266,-0.13504438,-0.29809469,0.75066948,0.34381878,0.00591669,-0.00760211,-0.07388897,0.99721995,0.94165611,0.45468509,0.05173206,0.93945408,0.19123805,0.01962057,0.55578995,0.49084258,0.04963379,0.50867653,0.24336326,0.02112269,-0.50535250,2.78972602,0.32268760,-0.33950496,-5.44383955,-3.99606204,-0.18716520,2.18646526,0.85027450,0.31439152,-6.46492434,0.33342358
0.85281205,0.14842594,0.03980188,-0.41422217,-0.01372114,0.99472209,0.03570902,0.80969553,-1.57677197,-0.03491023,0.81020305,-1.79781389,0.01335964,0.97756014,-1.60685880,-0.10739860,0.87504473,-1.79692836,0.91537810,0.06138749,0.33262468,0.32028328,0.22101398,0.13410977,-0.26273908,0.19172062,-0.12983976,-0.30105651,-0.18278840,0.11438686,-0.27612026,-0.24001245,-0.13675610,-0.29692316,0.76795940,0.34457357,0.00184650,-0.00796828,-0.06396736,0.99791847,1.00429115,0.44935865,0.05754420,0.94152775,0.19131174,0.01922677,0.60127659,0.48136828,0.04416302,0.51244678,0.23959019,0.02336012,-0.73354865,2.40520172,1.19921062,-0.31000828,-8.29819946,-1.43319932,0.13491677,2.42890024,0.49975490,0.07757753,-6.69552231,1.52504816
0.84099424,0.14210141,0.05920192,-0.32844675,-0.09791943,1.07351878,0.01948414,0.85007005,-1.54145870,-0.03028496,0.62330642,-1.76812010,0.02000653,1.02711115,-1.59800165,-0.11042842,0.74302311,-1.74437051,0.91537810,0.06138749,0.33262468,0.32174683,0.26789736,0.13376348,-0.25849080,0.17472139,-0.13664556,-0.30297518,-0.15278195,0.11110783,-0.28331716,-0.25520305,-0.13675100,-0.29567074,0.78497143,0.34560721,-0.00135037,-0.00909884,-0.05322249,0.99854031,1.06556816,0.45014014,0.06325603,0.94418011,0.19116573,0.01877164,0.64486370,0.47232382,0.03842966,0.51667957,0.23675449,0.02607609,-0.80661205,1.99614711,1.79191725,0.26676132,-9.32414017,1.64978443,0.34190773,2.49475956,0.43858621,-0.16554879,-6.60355034,2.69641962
0.83689200,0.12987601,0.07701368,-0.23730613,-0.18351400,1.01126276,0.00638695,0.88302460,-1.49779785,-0.01620032,0.44878282,-1.68729277,0.02926736,1.08056207,-1.58467972,-0.11783547,0.61345407,-1.67133768,0.91537810,0.06138749,0.33262468,0.32361050,0.30824863,0.13623800,-0.25645286,0.15848541,-0.14201518,-0.30539318,-0.12381543,0.10687426,-0.29121070,-0.27192393,-0.13543325,-0.29466277,0.80184174,0.34676449,-0.00360049,-0.01100469,-0.04300279,0.99900785,1.12064972,0.45603242,0.06715764,0.94754810,0.19166584,0.01821732,0.68766003,0.46387515,0.03239979,0.51929340,0.23517942,0.02894773,-0.63284657,1.61868513,2.21401105,0.72783035,-8.64383011,4.22251186,0.47005419,2.67712617,0.71928687,-0.38600892,-6.44898643,3.71933675
0.83890620,0.11793931,0.08416859,-0.19713568,-0.23723444,0.81125815,-0.00148191,0.91018915,-1.44989965,0.00078150,0.30626345,-1.57557764,0.03997951,1.13404465,-1.56256812,-0.12581345,0.50274411,-1.59282563,0.91537810,0.06138749,0.33262468,0.32571260,0.33979324,0.13962814,-0.25827978,0.14309180,-0.14558091,-0.30801681,-0.09900324,0.10259128,-0.29857835,-0.28999338,-0.13344818,-0.29406820,0.81868935,0.34797456,-0.00540716,-0.01344866,-0.03461800,0.99929550,1.16731491,0.46380062,0.06743282,0.95138454,0.19285831,0.01769579,0.72700825,0.45715876,0.02713425,0.52017155,0.23487415,0.03164440,-0.36317236,1.32936990,2.40631461,0.85446450,-6.88827477,5.71348810,0.54310808,2.66986489,1.14028634,-0.38895184,-5.37637177,3.91269898
0.84202135,0.11133749,0.07366079,-0.21816587,-0.23704401,0.53235329,-0.00466688,0.93425882,-1.40272522,0.01681683,0.21159035,-1.45777869,0.05041781,1.18434536,-1.53656352,-0.12989604,0.42892790,-1.52678967,0.91537810,0.06138749,0.33262468,0.32772312,0.35928535,0.14281358,-0.26508651,0.12836577,-0.14784357,-0.31021398,-0.08256934,0.09936259,-0.30487633,-0.30791748,-0.13168863,-0.29295364,0.83557034,0.34924269,-0.00738731,-0.01593173,-0.02888342,0.99942851,1.20247650,0.47115064,0.06263661,0.95521832,0.19425929,0.01750913,0.75885391,0.45319080,0.02284678,0.52058697,0.23548615,0.03476948,-0.12754507,1.18696320,2.34578109,0.78961438,-4.37403917,5.88691902,0.51542622,2.48534894,1.32180679,-0.17014949,-3.40143609,3.18348861
0.84088509,0.11323575,0.03510923,-0.26883224,-0.21554377,0.28338715,-0.00432671,0.95891912,-1.36240258,0.03407915,0.16990984,-1.36030290,0.05858177,1.23386126,-1.51518831,-0.12924997,0.40604465,-1.49041810,0.91537810,0.06138749,0.33262468,0.32903156,0.36551114,0.14636634,-0.27510350,0.11421301,-0.14938127,-0.31101111,-0.07785036,0.09734255,-0.31007952,-0.32480810,-0.13103123,-0.28986263,0.85244656,0.35064814,-0.00995234,-0.01819676,-0.02597414,0.99944743,1.22502232,0.47796192,0.05392806,0.95880051,0.19557328,0.01802045,0.77972202,0.45187755,0.01895204,0.52131081,0.23654907,0.03916894,0.02027716,1.23114955,2.01151083,0.86446041,-2.03199593,4.84061584,0.40458634,2.46783381,1.05891179,0.03376919,-1.07204846,1.75140810
0.84344059,0.11732147,-0.02194166,-0.30801624,-0.14757892,0.13847612,-0.00194690,0.98347661,-1.32682843,0.05100603,0.16464992,-1.29084499,0.06393418,1.27804184,-1.50483193,-0.12772706,0.43128136,-1.49847884,0.91537810,0.06138749,0.33262468,0.32927907,0.36252399,0.14982694,-0.28590665,0.10038460,-0.15052141,-0.31090998,-0.08337881,0.09581732,-0.31209348,-0.33821892,-0.13142999,-0.28518544,0.86940365,0.35215776,-0.01295556,-0.01981952,-0.02450351,0.99941929,1.23876820,0.48422437,0.04337242,0.96236916,0.19694443,0.01836908,0.79077053,0.45190654,0.01718558,0.52520790,0.23728755,0.04409363,0.12304337,1.23617351,1.75432765,0.83626755,-0.15893661,3.35858335,0.25756375,2.19547892,0.45687243,0.07758611,1.38246588,-0.51150937
0.85854396,0.11899321,-0.07910475,-0.28373988,-0.02818978,0.11350053,0.00102981,1.01181076,-1.30027750,0.06010789,0.19725046,-1.26702998,0.06514456,1.31702385,-1.51837716,-0.12588811,0.49069315,-1.53471599,0.91537810,0.06138749,0.33262468,0.32842519,0.35095021,0.15107824,-0.29534713,0.08627210,-0.15134528,-0.30940307,-0.09681735,0.09482170,-0.31184843,-0.34574818,-0.13288486,-0.27839341,0.88667793,0.35369456,-0.01581296,-0.02030299,-0.02333951,0.99939632,1.24421272,0.48845196,0.03307806,0.96588936,0.19853716,0.01902212,0.79432964,0.45287392,0.01657676,0.53517742,0.23687170,0.05003179,0.14669886,1.43787563,1.28607411,0.39699557,1.80051239,0.96294584,0.03921210,1.92421525,-0.79438441,0.09222668,3.07107949,-1.87667651
0.88995502,0.11242998,-0.12358894,-0.16229709,0.10846919,0.19082573,0.00229194,1.04367111,-1.28541329,0.05453501,0.26757559,-1.29965270,0.05966557,1.34498711,-1.55093975,-0.12461680,0.56863964,-1.58260417,0.91537810,0.06138749,0.33262468,0.32667456,0.33212227,0.14829067,-0.30129282,0.07250806,-0.15199039,-0.30647351,-0.11505935,0.09454112,-0.30980621,-0.34696549,-0.13544919,-0.27087994,0.90455780,0.35511863,-0.01758541,-0.01944131,-0.02149212,0.99942527,1.24265671,0.48922477,0.02538174,0.97057037,0.20019660,0.02020104,0.79360142,0.45444314,0.01686835,0.55217228,0.23447049,0.05579461,0.04809755,1.60711086,0.66781569,-0.36729403,3.72301664,-1.96770840,-0.31953654,1.31286037,-1.70117986,0.05760973,3.98218093,-2.44610004
0.93764498,0.09331390,-0.12690798,0.03446302,0.19579688,0.28885188,0.00126863,1.07178879,-1.28736663,0.03926348,0.35733092,-1.36168635,0.04591000,1.35302758,-1.59920859,-0.12469432,0.64902133,-1.62295437,0.91537810,0.06138749,0.33262468,0.32474074,0.30975139,0.14350461,-0.30404660,0.06286119,-0.15218249,-0.30300979,-0.13500713,0.09492356,-0.30752831,-0.34018066,-0.13905326,-0.26447277,0.92331028,0.35625041,-0.01751325,-0.01764022,-0.01870839,0.99951594,1.23813343,0.48825753,0.02069414,0.98052788,0.20185745,0.02173094,0.79188824,0.45607853,0.01721243,0.57824230,0.22981155,0.06026797,-0.06651575,1.36141050,-0.22814511,-0.81623751,4.57868767,-3.22750545,-0.74775046,0.24544714,-2.53397918,-0.01438603,4.00100803,-1.91628444
0.97805106,0.06089643,-0.10987148,0.23853508,0.33918577,0.31033633,0.01100559,1.08949907,-1.34499152,0.02024188,0.45048015,-1.43159747,0.02331287,1.32669678,-1.65812531,-0.12548515,0.72094625,-1.64978404,0.91537810,0.06138749,0.33262468,0.32306765,0.28669314,0.13896347,-0.30418542,0.06713125,-0.14773122,-0.29949787,-0.15459478,0.09631686,-0.30480277,-0.32335940,-0.14363927,-0.26025805,0.94293861,0.35681808,-0.01518326,-0.01430616,-0.01557166,0.99966111,1.23376427,0.48691127,0.01888223,1.00550117,0.20709486,0.02356977,0.79137478,0.45783732,0.01826488,0.61532040,0.22317736,0.06280960,0.50884328,0.86228656,-2.98314114,-0.94688846,4.64572496,-3.48118949,-1.13782558,-1.36025472,-2.94210696,-0.04019522,3.57710886,-1.31743945
1.00848937,0.02283685,-0.08194531,0.38961887,0.47419818,0.22977007,0.03381105,1.08826277,-1.46295731,0.00459992,0.53306928,-1.48948531,-0.00276190,1.27187386,-1.71133075,-0.12692410,0.78000058,-1.66070461,0.91537810,0.06138749,0.33262468,0.32178394,0.26522070,0.13648617,-0.30370450,0.08829758,-0.13865615,-0.29504608,-0.17307111,0.09819290,-0.30242709,-0.30138548,-0.14840205,-0.25767862,0.96311150,0.35674255,-0.01137813,-0.00959749,-0.01318932,0.99980221,1.23181190,0.48624384,0.01807944,1.04775162,0.21582398,0.02673786,0.79266834,0.45942938,0.01935686,0.65794697,0.21627553,0.06410532,1.16098208,-0.13514327,-5.99221325,-0.76926030,4.08253746,-2.84599090,-1.29866972,-2.80749440,-2.62180123,-0.07515978,2.91969585,-0.50715776
1.03116856,-0.00506750,-0.05014913,0.46605471,0.49440775,0.10069840,0.06254650,1.05879481,-1.59963617,-0.00753997,0.60140710,-1.53129523,-0.02538663,1.19672172,-1.74994054,-0.12992325,0.83252167,-1.66449246,0.91537810,0.06138749,0.33262468,0.32094244,0.24647450,0.13559563,-0.30318552,0.11981940,-0.12789896,-0.28907349,-0.19069265,0.10002161,-0.29982348,-0.27738739,-0.15199363,-0.25691060,0.98370857,0.35616534,-0.00681448,-0.00456495,-0.01205475,0.99989370,1.23337231,0.48579509,0.01775692,1.10041790,0.22542222,0.03186896,0.79547615,0.46074338,0.02111896,0.70274658,0.21088564,0.06403185,1.45465415,-1.60905788,-6.83322525,-0.59764895,3.36821485,-2.02651818,-1.10687368,-3.82820168,-1.86147444,-0.15913545,2.62676215,-0.19580697
1.03590820,-0.02128549,-0.01719324,0.52154767,0.37932431,-0.03655863,0.09407672,0.98897145,-1.72737260,-0.01788839,0.66284165,-1.55934579,-0.04181036,1.10776150,-1.77242956,-0.13525239,0.88510364,-1.66955252,0.91537810,0.06138749,0.33262468,0.32056294,0.22907393,0.13557608,-0.30268727,0.15889135,-0.11684136,-0.28134205,-0.20744140,0.10161147,-0.29643112,-0.25229707,-0.15377875,-0.25820412,1.00441475,0.35526211,-0.00170828,-0.00054947,-0.01225888,0.99992325,1.23674335,0.48518193,0.01787567,1.16039410,0.23456080,0.03922089,0.79952660,0.46192827,0.02413183,0.74842377,0.20771439,0.06235882,1.58657711,-3.75906210,-6.29811382,-0.50885150,3.05137086,-1.32891214,-0.78353903,-4.51549635,-1.03225844,-0.28057871,2.62899947,-0.25931024
1.01993363,-0.02896330,0.02670261,0.56709740,0.19828447,-0.17242131,0.12458742,0.85983872,-1.82173216,-0.02704233,0.72446924,-1.57437801,-0.05267964,1.00681698,-1.77734470,-0.14200714,0.93586445,-1.66840315,0.91537810,0.06138749,0.33262468,0.32090449,0.21114888,0.13617650,-0.30229901,0.20573156,-0.10676099,-0.27224999,-0.22351362,0.10301660,-0.29375124,-0.22600975,-0.15389389,-0.26167068,1.02484417,0.35414386,0.00387457,0.00176482,-0.01379230,0.99989582,1.23966694,0.48444760,0.01860549,1.22755432,0.24175179,0.04865450,0.80425549,0.46328318,0.02715325,0.79467773,0.20653915,0.05923381,1.51030624,-6.91578245,-4.42856312,-0.45003688,3.09348798,-0.65823549,-0.50674349,-5.13332558,-0.11611461,-0.34493294,2.51987791,0.12271642
0.99282844,-0.02648884,0.06463034,0.53291485,0.00505778,-0.27862946,0.14987047,0.67641064,-1.85053642,-0.03414079,0.78531826,-1.57259853,-0.05833393,0.89342231,-1.75908792,-0.14860830,0.98138406,-1.65098007,0.91537810,0.06138749,0.33262468,0.32208506,0.19242397,0.13725863,-0.30230582,0.25535262,-0.09919025,-0.26230768,-0.23949283,0.10414534,-0.29348937,-0.19822445,-0.15276505,-0.26738868,1.04469242,0.35293388,0.00923342,0.00193128,-0.01654246,0.99981866,1.24154682,0.48375919,0.01977925,1.29662800,0.24536004,0.05977739,0.80877171,0.46493604,0.02859570,0.84152832,0.20680230,0.05469638,1.25102586,-9.19120750,-1.34949580,-0.35028893,3.03622818,0.11095475,-0.27296075,-5.67545671,0.94090884,-0.33036122,2.27751584,0.87624687
0.96824714,-0.01715544,0.09579928,0.43916423,-0.19146534,-0.34230914,0.16601245,0.49035146,-1.82081139,-0.03802763,0.84072943,-1.55480120,-0.05682403,0.77874292,-1.72261994,-0.15571463,1.02834918,-1.63065054,0.91537810,0.06138749,0.33262468,0.32393637,0.17388405,0.13879019,-0.30279364,0.29975382,-0.09449992,-0.25350315,-0.25541993,0.10470696,-0.29377282,-0.17065231,-0.15008002,-0.27453727,1.06404705,0.35176229,0.01371967,0.00016400,-0.01991981,0.99970743,1.24332027,0.48351772,0.02114273,1.35979977,0.24540009,0.07043322,0.81299953,0.46655791,0.03016356,0.88755341,0.20859730,0.04939910,0.78132173,-9.23025093,1.61795985,-0.18539664,2.74729061,0.94014207,0.09836826,-5.71820021,1.86516230,-0.35885128,2.35503507,1.02007624
0.96240787,-0.00257410,0.11190027,0.35521355,-0.34293290,-0.32715854,0.16873995,0.33534889,-1.75018804,-0.03877566,0.88824962,-1.51879179,-0.04703539,0.66892538,-1.67348166,-0.16476743,1.07967951,-1.60996513,0.91537810,0.06138749,0.33262468,0.32625791,0.15531886,0.14081763,-0.30417886,0.33514249,-0.09272203,-0.24812741,-0.27189238,0.10440670,-0.29395549,-0.14409004,-0.14537330,-0.28237387,1.08324795,0.35072296,0.01739646,-0.00314656,-0.02318637,0.99957484,1.24494190,0.48417189,0.02207906,1.41372032,0.24252927,0.07813051,0.81650028,0.46764989,0.03230242,0.93255901,0.21220155,0.04388405,0.05378437,-7.58497677,3.67673340,-0.02390434,2.34363546,1.88203950,0.52647359,-5.47379532,2.50009046,-0.46503513,2.59660983,1.03062916
0.97681470,0.01645170,0.11062568,0.31057245,-0.43353873,-0.18631248,0.15294259,0.22229900,-1.64704583,-0.03785744,0.93023609,-1.46706865,-0.03025016,0.56344912,-1.61342316,-0.17634316,1.13872035,-1.58826609,0.91537810,0.06138749,0.33262468,0.32873622,0.13571057,0.14313930,-0.30612807,0.36064481,-0.09403731,-0.24961607,-0.29028628,0.10337271,-0.29329461,-0.11838702,-0.13869100,-0.29055829,1.10269718,0.34993689,0.02063324,-0.00735099,-0.02518649,0.99944278,1.24548397,0.48601830,0.02260815,1.45811577,0.23775256,0.07912014,0.81801968,0.46788077,0.03544160,0.97743702,0.21742058,0.03817793,-0.89252543,-5.39811878,5.33673296,0.04907651,2.07636023,2.66172533,0.87218522,-5.24748116,3.06895041,-0.59162070,2.99905276,1.09873009
0.98902782,0.02730742,0.06603238,0.30281351,-0.43594687,0.05259945,0.13006805,0.16786218,-1.53760457,-0.03820761,0.96782595,-1.40846062,-0.01293108,0.48585510,-1.55533290,-0.18736924,1.20215297,-1.56422818,0.91537810,0.06138749,0.33262468,0.33063951,0.11563647,0.14505219,-0.30776533,0.37234642,-0.09566854,-0.25954750,-0.31028532,0.10272417,-0.29121579,-0.09950569,-0.13165553,-0.29840373,1.12241077,0.34939182,0.02377622,-0.01164518,-0.02493935,0.99933834,1.24521255,0.48843014,0.02287418,1.48946095,0.23507428,0.07109201,0.81769848,0.46762741,0.03942372,1.01639462,0.22291994,0.03223578,-1.16317022,-2.26289821,5.44524145,-0.03177546,1.84700835,2.96146607,0.85483098,-3.61404395,2.85181737,-0.53939044,3.19204307,1.21839511
0.98478117,0.01786464,-0.00941136,0.28586049,-0.44069952,0.21017634,0.10400202,0.17882188,-1.45517592,-0.04253716,1.00321822,-1.35223467,-0.00000913,0.46826198,-1.52669694,-0.19586447,1.26182494,-1.55008020,0.91537810,0.06138749,0.33262468,0.33111139,0.09610380,0.14560620,-0.30813672,0.36783845,-0.09801136,-0.27443027,-0.32708875,0.10301848,-0.28736259,-0.09459861,-0.12581541,-0.30479414,1.14210415,0.34884784,0.02676829,-0.01593230,-0.02278667,0.99925492,1.24486256,0.48983655,0.02297467,1.50499706,0.23386922,0.05668112,0.82014942,0.46693683,0.04374880,1.04176788,0.22755873,0.02631725,-1.30463924,0.59129579,4.08125491,-0.21885608,1.76879156,2.79291320,0.63888463,-0.80873779,1.38013020,-0.42174676,2.98749995,0.66134830
0.97230911,0.00068916,-0.08183422,0.27498925,-0.38073292,0.24969344,0.08021677,0.21696076,-1.40332851,-0.04775324,1.03889623,-1.31026561,0.00748250,0.49716821,-1.53224142,-0.20110502,1.32230320,-1.56690760,0.91537810,0.06138749,0.33262468,0.33029299,0.07865953,0.14577653,-0.30637577,0.35615458,-0.10075014,-0.28776860,-0.33778936,0.10456777,-0.28016688,-0.10012494,-0.12170806,-0.30851979,1.16159611,0.34816053,0.02966234,-0.01968682,-0.02022059,0.99916150,1.24625263,0.49053817,0.02391722,1.51325054,0.23267965,0.04252439,0.82844982,0.46669164,0.05012611,1.05649414,0.23072360,0.02177321,-1.15976527,1.96218204,2.48744469,-0.25777566,1.79086721,2.04780273,0.35634069,1.55571297,-0.36069059,-0.24455396,3.01246810,-0.92087167
0.96952394,-0.01532144,-0.14303775,0.19230864,-0.19036117,0.18803356,0.07009497,0.27630798,-1.39488370,-0.05022324,1.07607186,-1.28713145,0.01002839,0.55763577,-1.56149194,-0.19910368,1.37017720,-1.59872303,0.91537810,0.06138749,0.33262468,0.32832538,0.06338744,0.14626783,-0.30256979,0.33968155,-0.10110818,-0.29694031,-0.34267692,0.10746307,-0.27216264,-0.11346534,-0.11971126,-0.30938199,1.18105850,0.34731023,0.03177898,-0.02168525,-0.01823660,0.99909323,1.24993706,0.49107389,0.02575559,1.51666946,0.23341687,0.03138507,0.84269485,0.46766732,0.05616274,1.06314316,0.23197966,0.01894339,-0.42844951,3.06896763,0.19806575,-0.10209569,1.85982358,1.06965915,0.11431905,3.11818867,-1.53265278,0.13753901,2.29054625,-1.58164775
0.98988555,-0.01834627,-0.16692666,0.01180774,0.03909230,0.06437909,0.07370105,0.35355557,-1.42821720,-0.04696924,1.11058071,-1.28482966,0.01225906,0.62930242,-1.59721639,-0.18913579,1.39467633,-1.63644056,0.91537810,0.06138749,0.33262468,0.32582233,0.05200658,0.14739164,-0.29764018,0.31987770,-0.09932848,-0.30134495,-0.34128729,0.11095260,-0.26555571,-0.13050768,-0.11898970,-0.30816981,1.20089874,0.34643419,0.03213780,-0.02151398,-0.01745602,0.99909939,1.25822067,0.49184113,0.02818215,1.51696053,0.23556111,0.02447738,0.86386337,0.46970079,0.06026662,1.06615829,0.23225970,0.01765252,0.23994208,3.93977661,-1.86028289,0.19853577,1.69773233,-0.00618553,0.12135699,3.60051203,-1.78083503,0.54058773,1.09436123,-1.95402143
1.02243005,-0.00573021,-0.14795558,-0.19337251,0.24331001,-0.04632805,0.08301798,0.43733868,-1.48096061,-0.03885015,1.13864458,-1.31319785,0.01705822,0.70116240,-1.62984943,-0.17346604,1.39059162,-1.68373930,0.91537810,0.06138749,0.33262468,0.32357338,0.04802025,0.14869326,-0.29225619,0.29888306,-0.09765880,-0.30255844,-0.33179924,0.11429408,-0.26106094,-0.14881961,-0.11879913,-0.30561056,1.22134304,0.34571648,0.03044682,-0.01939901,-0.01780590,0.99918948,1.27480125,0.49254239,0.03131719,1.51643085,0.23712778,0.02101494,0.89397335,0.47214019,0.06251244,1.06825352,0.23247290,0.01796282,0.49313572,4.21581173,-2.73446536,0.43668753,1.35259855,-1.66447151,0.26073071,3.58634210,-1.60343158,0.81940943,-0.42477605,-2.42667651
1.04429341,0.01931061,-0.12774665,-0.36580709,0.38940945,-0.06410568,0.09631458,0.52513955,-1.54304209,-0.03085231,1.14940748,-1.38392823,0.02409659,0.76536036,-1.65033071,-0.15335440,1.34887915,-1.73452587,0.91537810,0.06138749,0.33262468,0.32167587,0.05722859,0.14873527,-0.28777811,0.27715887,-0.09650240,-0.30128959,-0.31336575,0.11727159,-0.25945648,-0.16703962,-0.11911579,-0.30271008,1.24229851,0.34543273,0.02673586,-0.01561916,-0.01851009,0.99934909,1.30511551,0.49189541,0.03389776,1.51560631,0.23850942,0.02038629,0.93359585,0.47448075,0.06221940,1.07087021,0.23272450,0.01896580,0.67034891,4.39200840,-3.10098386,0.39679834,0.52655263,-3.61461039,0.35221568,3.20192862,-1.00988244,1.01093025,-2.13107285,-2.53015113
1.04103812,0.04334265,-0.11899895,-0.43349644,0.46976342,0.00712256,0.11287291,0.61210907,-1.60096493,-0.02628466,1.14977398,-1.49870532,0.03136076,0.82287984,-1.66071103,-0.13012449,1.27613473,-1.77675438,0.91537810,0.06138749,0.33262468,0.31977837,0.07772077,0.14733579,-0.28143459,0.25542780,-0.09496538,-0.29939219,-0.28953563,0.12051680,-0.25981039,-0.18491819,-0.11974244,-0.29983251,1.26320724,0.34560091,0.02231911,-0.01103721,-0.01854703,0.99951791,1.34640961,0.48991210,0.03834378,1.51488609,0.24110432,0.02038618,0.97840481,0.47691257,0.05996799,1.07392006,0.23289177,0.01994586,0.83294046,4.33033619,-2.87000489,0.20954855,-0.02767610,-5.78886175,0.36398155,2.84903431,-0.48891302,1.16593676,-3.72029386,-2.07172947
1.01480704,0.05548284,-0.09821300,-0.41871518,0.47387660,0.12022532,0.13076660,0.69169993,-1.64731028,-0.03122365,1.12992320,-1.62418134,0.03914403,0.87196062,-1.66236670,-0.10571280,1.17736413,-1.80161223,0.91537810,0.06138749,0.33262468,0.31806567,0.10493625,0.14341356,-0.27463439,0.23512371,-0.09296262,-0.29762045,-0.26248109,0.12413352,-0.26171930,-0.20154841,-0.12009529,-0.29731808,1.28361263,0.34604867,0.01802263,-0.00631786,-0.01751455,0.99966420,1.39353867,0.48567436,0.04343128,1.51531353,0.24485626,0.02044522,1.02567005,0.47935688,0.05634638,1.07795639,0.23313210,0.02074760,0.89799021,3.94203601,-2.25376637,-0.30434812,-1.10270969,-6.28077459,0.39280806,2.42353082,-0.05574274,1.22351971,-5.03264494,-1.14857761
0.97168701,0.05397204,-0.06084625,-0.37542879,0.39410018,0.25693172,0.14862510,0.76609616,-1.67740438,-0.05116262,1.06751266,-1.75074337,0.04806778,0.91502845,-1.65639036,-0.08061204,1.05511997,-1.80186973,0.91537810,0.06138749,0.33262468,0.31688756,0.14216877,0.13592377,-0.26770599,0.21531449,-0.09050599,-0.29672600,-0.23286638,0.12825221,-0.26543358,-0.21715667,-0.11979375,-0.29561523,1.30318356,0.34657190,0.01415882,-0.00229769,-0.01515013,0.99978234,1.44941330,0.47811692,0.04918157,1.51565113,0.24957089,0.02016157,1.07431812,0.48183458,0.05145398,1.08249016,0.23342602,0.02127233,0.88926712,3.70537210,-1.40569341,-1.08954986,-3.43595388,-6.33198690,0.45394766,2.12377019,0.34809635,1.25899353,-6.25282812,0.13881396
0.92261003,0.04212523,-0.01157454,-0.34530254,0.29611758,0.38396627,0.16490477,0.83551669,-1.68767238,-0.08819129,0.92943919,-1.85601711,0.06019003,0.95498627,-1.64750040,-0.05673521,0.91687804,-1.77659500,0.91537810,0.06138749,0.33262468,0.31651551,0.19255598,0.12469173,-0.26054081,0.19520772,-0.08794422,-0.29724126,-0.20157619,0.13239760,-0.27044496,-0.23182108,-0.11833125,-0.29434557,1.32178974,0.34701085,0.01062939,0.00079772,-0.01152024,0.99987682,1.51716518,0.46723676,0.05597469,1.51492119,0.25459611,0.01927425,1.12331486,0.48401380,0.04607055,1.08730602,0.23404765,0.02216993,0.80002421,3.42848873,-0.36464450,-1.97602928,-7.50258875,-5.04886103,0.63421720,1.98160160,0.44899461,1.17962408,-7.00176334,1.44321430
0.87455306,0.01552514,0.03794510,-0.31052230,0.16887783,0.40409520,0.17776122,0.89194208,-1.67929366,-0.13498281,0.71846621,-1.88619192,0.07618628,0.99185746,-1.63556857,-0.03914592,0.77070612,-1.72431214,0.91537810,0.06138749,0.33262468,0.31715654,0.24777151,0.11223316,-0.25362674,0.17693999,-0.08584667,-0.29867606,-0.16943188,0.13531550,-0.27650809,-0.24541294,-0.11550233,-0.29377872,1.33931293,0.34706891,0.00748929,0.00258058,-0.00746739,0.99994074,1.58872871,0.45559895,0.06352980,1.51495457,0.25859616,0.01848048,1.17191544,0.48489316,0.04064844,1.09220676,0.23523493,0.02337781,0.63173026,2.79997492,0.44254014,-2.32817831,-10.54607258,-1.38861468,0.80599643,1.85103884,0.59753889,0.86577826,-7.30371141,2.64544606
0.83055147,-0.02736770,0.08703761,-0.26935819,-0.13705841,0.23679959,0.18301052,0.93484236,-1.65450037,-0.17128706,0.51985028,-1.83977678,0.09505684,1.03363111,-1.61980877,-0.03225539,0.62975248,-1.65220931,0.91537810,0.06138749,0.33262468,0.31879663,0.29333516,0.10256005,-0.24982591,0.16155637,-0.08540609,-0.30049769,-0.13771721,0.13554140,-0.28412283,-0.25941371,-0.11159736,-0.29448104,1.35596523,0.34638984,0.00475639,0.00137690,-0.00497002,0.99997539,1.65030403,0.44603298,0.06897072,1.51666584,0.25938423,0.01829894,1.21960030,0.48329165,0.03467380,1.09545650,0.23737311,0.02431559,0.24185441,2.11623483,1.28578944,-1.76732779,-9.82010403,2.48602850,0.94135267,2.10030842,0.82153126,0.30597024,-7.01992216,3.64682422
0.80594993,-0.07301167,0.11371546,-0.20696097,-0.34673778,-0.04395756,0.18352179,0.96873744,-1.61794107,-0.18856972,0.36833533,-1.74954970,0.11307853,1.07831485,-1.59678605,-0.03631293,0.50906817,-1.57448905,0.91537810,0.06138749,0.33262468,0.32109342,0.32698310,0.09690102,-0.25041165,0.14778810,-0.08581603,-0.30267064,-0.10958669,0.13297634,-0.29190692,-0.27436777,-0.10758658,-0.29626249,1.37208138,0.34482908,0.00264882,-0.00199782,-0.00512945,0.99998134,1.70004234,0.43836708,0.07068177,1.51898041,0.25749989,0.01842279,1.26386604,0.47892380,0.02918650,1.09662323,0.24006577,0.02483093,0.01940381,1.66225922,1.85337484,-0.76968610,-7.32612171,4.61892948,0.89694601,2.24003649,1.15668290,-0.23524545,-5.88704062,3.85882173
0.80470344,-0.10638299,0.11807487,-0.17464113,-0.42348045,-0.36017547,0.18328907,0.99700170,-1.57664263,-0.18683304,0.27270998,-1.64726031,0.12840251,1.12265389,-1.57318747,-0.04390663,0.42967910,-1.51121218,0.91537810,0.06138749,0.33262468,0.32363443,0.34814825,0.09501374,-0.25555679,0.13493110,-0.08626530,-0.30479585,-0.09041423,0.12955778,-0.29848371,-0.28896024,-0.10428352,-0.29767487,1.38810387,0.34250412,0.00089138,-0.00618648,-0.00836998,0.99994544,1.73779488,0.43167257,0.06807764,1.52157097,0.25399065,0.01883858,1.29987259,0.47355828,0.02515072,1.09743729,0.24307570,0.02595955,-0.01291644,1.38939917,2.08690307,0.18258063,-4.47199688,5.12751627,0.74336025,2.20765543,1.18014038,-0.38267772,-3.70367556,3.04660010
0.81271392,-0.12000084,0.10299379,-0.17250898,-0.43380210,-0.60527493,0.18130668,1.02225530,-1.53434324,-0.17083320,0.22426745,-1.55415845,0.13906738,1.16898417,-1.55435872,-0.05037969,0.39454758,-1.47225797,0.91537810,0.06138749,0.33262468,0.32606900,0.35852147,0.09629585,-0.26358163,0.12251363,-0.08735010,-0.30646421,-0.08125510,0.12648605,-0.30384564,-0.30315570,-0.10256875,-0.29753143,1.40421963,0.33970785,-0.00083259,-0.01054103,-0.01408596,0.99984488,1.76531029,0.42587090,0.06248737,1.52422523,0.24894285,0.01960479,1.32655811,0.46843159,0.02222335,1.09829617,0.24571550,0.02853757,-0.11597603,1.24448049,2.11398840,0.89475000,-2.10493326,4.55669403,0.49807188,2.34107471,0.89363331,-0.31095049,-1.44688892,1.76310527
0.82564846,-0.11573869,0.05755884,-0.19115545,-0.38440901,-0.72679586,0.17671825,1.04269404,-1.49190569,-0.14527828,0.21467836,-1.47916353,0.14389602,1.21271720,-1.53899906,-0.05357406,0.40297128,-1.46163321,0.91537810,0.06138749,0.33262468,0.32773963,0.35914074,0.10022070,-0.27348171,0.11086199,-0.08942822,-0.30777758,-0.08236414,0.12429114,-0.30812081,-0.31616557,-0.10276771,-0.29600611,1.42057018,0.33670046,-0.00276580,-0.01443068,-0.02132191,0.99966468,1.78365154,0.42154257,0.05425792,1.52752495,0.24263418,0.01996205,1.34357147,0.46438498,0.01961883,1.10031662,0.24748430,0.03173352,-0.23055177,1.02743762,2.10766838,1.28294826,-0.43928231,3.71957707,0.23422033,2.18601894,0.75433154,-0.15607536,0.46821853,0.48961539
0.84413471,-0.10268768,-0.00270353,-0.19187625,-0.27615575,-0.74621429,0.17126676,1.06880164,-1.46174808,-0.11762531,0.23205856,-1.42595823,0.14371670,1.25674801,-1.53519280,-0.05455496,0.44329815,-1.47993670,0.91537810,0.06138749,0.33262468,0.32835177,0.35249417,0.10538113,-0.28366544,0.09898258,-0.09221333,-0.30707488,-0.09067326,0.12288444,-0.30996651,-0.32743770,-0.10461861,-0.29215517,1.43727093,0.33367989,-0.00474595,-0.01728843,-0.02877763,0.99942505,1.79523220,0.41865666,0.04468634,1.53079796,0.23593767,0.02127689,1.35379982,0.46156578,0.01838526,1.10436859,0.24802632,0.03619660,-0.27555208,1.33456552,1.45612755,1.37761860,0.93784059,2.59321241,-0.02298706,2.20767975,0.14303682,-0.04512517,2.10020673,-0.99634261
0.87304750,-0.08898342,-0.05866501,-0.14584206,-0.12966785,-0.67903099,0.16527268,1.10443232,-1.44790659,-0.09480016,0.27345757,-1.39921546,0.13818924,1.30363660,-1.55329192,-0.05442575,0.50703974,-1.51842747,0.91537810,0.06138749,0.33262468,0.32794340,0.33942010,0.11007839,-0.29303761,0.08644464,-0.09541106,-0.30383838,-0.10462324,0.12215787,-0.30950038,-0.33563605,-0.10798109,-0.28496363,1.45453377,0.33065343,-0.00634814,-0.01872136,-0.03562751,0.99916960,1.80091362,0.41635203,0.03490579,1.53398514,0.22934487,0.02410501,1.35884895,0.45993214,0.01844302,1.11207733,0.24677813,0.04297977,-0.29917482,1.81839311,0.63241907,1.10303847,2.17247739,1.20661775,-0.30181233,2.36072860,-1.02945750,0.00972198,3.25349975,-1.96407504
0.91034865,-0.08103895,-0.10071687,-0.02167914,0.03573288,-0.55263958,0.15867953,1.14582698,-1.44694095,-0.08210847,0.33900003,-1.40708685,0.12531483,1.35237541,-1.61066473,-0.05456234,0.58246800,-1.56229353,0.91537810,0.06138749,0.33262468,0.32671580,0.32069965,0.11304011,-0.29978831,0.07381570,-0.09843789,-0.29889850,-0.12219148,0.12203802,-0.30756675,-0.33686683,-0.11290343,-0.27353175,1.47251892,0.32752638,-0.00684674,-0.01852880,-0.04129391,0.99895176,1.80143433,0.41378756,0.02692749,1.53798218,0.22334702,0.02781730,1.36078644,0.45920739,0.01914905,1.12750244,0.24273207,0.05318406,-0.33617714,2.09051368,-0.02082109,0.57146865,3.41603069,-0.60919043,-0.69175079,2.43914342,-3.13687541,-0.01274912,3.82185903,-2.20751953
0.95142186,-0.07951898,-0.11878355,0.16122493,0.20781459,-0.41382125,0.14826287,1.17296290,-1.44679284,-0.07792190,0.41722986,-1.44238627,0.10019064,1.36736453,-1.66511142,-0.05697203,0.65806693,-1.59968626,0.91537810,0.06138749,0.33262468,0.32504600,0.29953543,0.11488927,-0.30299672,0.06462555,-0.10138838,-0.29554953,-0.14126181,0.12218033,-0.30497000,-0.33077704,-0.11934002,-0.26511277,1.49127769,0.32421088,-0.00565700,-0.01660485,-0.04563207,0.99880428,1.80002689,0.41135991,0.02204928,1.54640675,0.21736121,0.02949648,1.36172295,0.45874155,0.02007600,1.15101147,0.23547316,0.05993323,-0.55580825,1.20381820,0.03378153,0.15583543,3.96891093,-1.93144071,-1.35469210,0.41085717,-2.55895591,-0.14025584,3.75642991,-1.79779518
0.98581176,-0.08280048,-0.11233621,0.32406050,0.41976636,-0.33397041,0.13257163,1.15198720,-1.45305088,-0.07700396,0.49446253,-1.48640540,0.06431874,1.33226995,-1.71522355,-0.06260152,0.72435243,-1.62203345,0.91537810,0.06138749,0.33262468,0.32329286,0.27828214,0.11704331,-0.30405030,0.06936372,-0.10410498,-0.29797245,-0.16053245,0.12229127,-0.30223970,-0.31441663,-0.12696273,-0.26076658,1.51077061,0.32062805,-0.00270185,-0.01230310,-0.04899903,0.99871939,1.79916878,0.40988376,0.01924257,1.56961632,0.21023622,0.02532042,1.36297283,0.45803852,0.02105316,1.18544083,0.22503576,0.06252628,-0.77697001,-1.02664651,-0.47513726,0.05036982,3.85000577,-2.20062733,-1.79552665,-1.80133710,-2.50113606,-0.28287777,3.30236912,-1.10374392
1.01804551,-0.08778376,-0.08776882,0.42187540,0.57493665,-0.35152108,0.12234173,1.13318679,-1.54918220,-0.07336269,0.56220456,-1.52707694,0.02960111,1.26841540,-1.75911598,-0.06895435,0.78262606,-1.63499656,0.91537810,0.06138749,0.33262468,0.32176331,0.25882358,0.12058471,-0.30401632,0.09011853,-0.10569596,-0.29351986,-0.17947364,0.12262058,-0.29893821,-0.29314864,-0.13380956,-0.25794813,1.53082256,0.31676366,0.00116527,-0.00637337,-0.05250563,0.99859961,1.80086632,0.40953591,0.01774699,1.60935783,0.20219841,0.02824345,1.36520023,0.45753241,0.02282510,1.22525597,0.21443977,0.06381519,-0.49484259,-1.02896112,-4.89412146,0.18693145,3.35033174,-2.00174613,-1.71467972,-3.24728370,-2.15477495,-0.31785815,2.89309120,-0.62239118
1.03743721,-0.08779931,-0.04837921,0.45816312,0.53914909,-0.43051330,0.11838747,1.08190260,-1.66494763,-0.06942118,0.62007666,-1.55687628,0.00276650,1.18582790,-1.78802419,-0.07593283,0.83629774,-1.64256446,0.91537810,0.06138749,0.33262468,0.32074114,0.24146719,0.12432933,-0.30384089,0.12257946,-0.10552267,-0.28779154,-0.19753859,0.12295327,-0.29533220,-0.26997641,-0.13855700,-0.25729172,1.55123539,0.31269114,0.00540651,-0.00065578,-0.05676094,0.99837294,1.80523853,0.40885034,0.01690025,1.66106453,0.19395480,0.03294960,1.36890583,0.45724194,0.02540894,1.26729412,0.20562732,0.06344942,-0.16826086,-2.71116524,-5.80950117,0.19034241,2.86844492,-1.44490659,-1.30530403,-4.20759192,-1.37526078,-0.35474670,2.67874408,-0.37597129
1.02372009,-0.08440158,0.00117098,0.47587586,0.36112349,-0.52437821,0.11985474,0.99052696,-1.77130682,-0.06746534,0.67514102,-1.57677598,-0.01646352,1.08297985,-1.79898434,-0.08314578,0.88760608,-1.64592993,0.91537810,0.06138749,0.33262468,0.32046725,0.22491160,0.12756137,-0.30351407,0.16270581,-0.10397851,-0.28057576,-0.21446706,0.12339901,-0.29191994,-0.24382592,-0.14126539,-0.25959081,1.57139874,0.30849802,0.00992865,0.00341945,-0.06190716,0.99802667,1.81034298,0.40730481,0.01695317,1.72001686,0.18522043,0.03989148,1.37381420,0.45744026,0.02854730,1.31199245,0.19842818,0.06087643,0.09812647,-4.82274013,-5.20266676,0.08466857,2.75030041,-0.94104903,-0.92188156,-5.26679096,-0.43867636,-0.35716963,2.54662347,-0.12867307
0.98747327,-0.07943237,0.05159458,0.45256440,0.13979595,-0.61308462,0.12293700,0.84999055,-1.84220481,-0.06685974,0.73150736,-1.58670175,-0.02897889,0.96192122,-1.78897309,-0.08999012,0.93876576,-1.64386380,0.91537810,0.06138749,0.33262468,0.32107776,0.20805799,0.13032787,-0.30308305,0.20828799,-0.10223920,-0.27244675,-0.23087779,0.12395901,-0.28921375,-0.21472443,-0.14223739,-0.26455642,1.59086895,0.30423105,0.01440417,0.00534779,-0.06790305,0.99757360,1.81465054,0.40520275,0.01799472,1.78340435,0.17474413,0.04863101,1.37889099,0.45829511,0.03186402,1.35887051,0.19236159,0.05652134,0.15788151,-7.39144897,-3.24793315,0.02333924,2.83279514,-0.42351720,-0.57843167,-6.17284250,0.65561050,-0.34026948,2.56589389,0.13782263
0.95151083,-0.07196547,0.07709787,0.35347142,-0.11253697,-0.67182467,0.12578730,0.67094815,-1.85737641,-0.06511394,0.78992978,-1.58268013,-0.03446803,0.83493158,-1.75516043,-0.09709658,0.98706255,-1.63430781,0.91537810,0.06138749,0.33262468,0.32233505,0.19032655,0.13306136,-0.30264834,0.25535246,-0.10128509,-0.26298437,-0.24603655,0.12409749,-0.28814606,-0.18485980,-0.14175770,-0.27140632,1.60950069,0.29992592,0.01807629,0.00444022,-0.07455611,0.99704309,1.81747875,0.40324411,0.01968671,1.84697819,0.16183903,0.05935068,1.38462391,0.45918860,0.03418899,1.40563717,0.18719592,0.05092873,0.13458787,-8.96647949,-0.68093483,0.09065017,2.92016006,0.22118710,-0.26521811,-6.34286528,1.71500144,-0.35688388,2.41640615,0.47848031
0.92475851,-0.06204431,0.09233503,0.23496687,-0.34783436,-0.68711535,0.12287383,0.49093285,-1.82139266,-0.06107652,0.84621726,-1.56408110,-0.03296763,0.71315669,-1.70573950,-0.10574305,1.03805833,-1.62529011,0.91537810,0.06138749,0.33262468,0.32400650,0.17228451,0.13600183,-0.30241158,0.29845077,-0.10187126,-0.25400824,-0.26048424,0.12339709,-0.28761950,-0.15582638,-0.13971565,-0.27906202,1.62757053,0.29562733,0.02077195,0.00112681,-0.08133742,0.99646951,1.81961765,0.40191164,0.02159492,1.90556736,0.14673684,0.06999826,1.39052677,0.45960641,0.03638700,1.45116215,0.18301115,0.04494448,-0.16367553,-8.93869171,1.92251570,0.20798598,2.79782844,0.97519532,0.09872088,-6.06967783,2.50528741,-0.43991990,2.56894302,0.44209668
0.91367963,-0.05003211,0.08970332,0.14838296,-0.50379097,-0.63224746,0.11261673,0.33706115,-1.74627028,-0.05495041,0.89620577,-1.52795925,-0.02301860,0.59563123,-1.64361610,-0.11809131,1.09751811,-1.61863129,0.91537810,0.06138749,0.33262468,0.32582563,0.15387981,0.13923954,-0.30297742,0.33413278,-0.10372258,-0.24796436,-0.27590613,0.12143109,-0.28674026,-0.12720042,-0.13549253,-0.28710385,1.64537525,0.29136627,0.02271239,-0.00379666,-0.08760424,0.99588917,1.82120953,0.40158856,0.02284820,1.95625553,0.13087783,0.07786127,1.39491959,0.45912104,0.03908536,1.49646473,0.18017352,0.03872178,-0.55028750,-7.55629320,3.90084877,0.31496186,2.46952605,1.89083285,0.53453656,-5.87191105,3.16471171,-0.63923779,3.01932025,0.32692906
0.91735157,-0.03407453,0.07510239,0.13649396,-0.62327322,-0.45415230,0.09323323,0.21852661,-1.63649173,-0.04745328,0.93953644,-1.47340984,-0.00761472,0.48893718,-1.57331657,-0.13514767,1.16613622,-1.60856936,0.91537810,0.06138749,0.33262468,0.32757462,0.13440788,0.14299387,-0.30429941,0.36156427,-0.10651028,-0.24834359,-0.29371509,0.11835034,-0.28544877,-0.10063656,-0.12945026,-0.29522951,1.66322842,0.28722904,0.02458313,-0.00986325,-0.09223458,0.99538493,1.82166691,0.40303047,0.02327521,1.99899998,0.11596718,0.07923102,1.39632607,0.45763588,0.04212585,1.54047756,0.17852156,0.03234511,-1.02300608,-5.71064634,5.69075880,0.37991056,2.12985415,2.82700520,0.78765717,-5.23075008,3.53819537,-0.87807419,3.47615695,0.54313940
0.91977202,-0.02257174,0.04252255,0.19339023,-0.64650056,-0.16413715,0.07186951,0.15628350,-1.51759493,-0.04127625,0.97517377,-1.41010976,0.00633905,0.42248037,-1.51544738,-0.15282753,1.23353088,-1.58850050,0.91537810,0.06138749,0.33262468,0.32896474,0.11514809,0.14677270,-0.30549636,0.37570379,-0.10844922,-0.25740218,-0.31278733,0.11558270,-0.28405485,-0.08342060,-0.12329111,-0.30267788,1.68116379,0.28325725,0.02699422,-0.01617108,-0.09414598,0.99506097,1.82188988,0.40572143,0.02346838,2.02972507,0.10600150,0.07156256,1.39573669,0.45567143,0.04490989,1.57601929,0.17788017,0.02628686,-1.06107295,-2.65728140,5.93510580,0.29312363,1.72327268,3.20274329,0.67445594,-2.97244358,2.75754666,-0.87759995,3.33487248,1.08349085
0.92596949,-0.02725433,-0.02453458,0.21659459,-0.59715161,0.03317258,0.05008425,0.16287001,-1.42796197,-0.03970918,1.00671399,-1.35272841,0.01544614,0.42425859,-1.49867880,-0.16581053,1.29159386,-1.57310162,0.91537810,0.06138749,0.33262468,0.32917759,0.09732033,0.14929518,-0.30542947,0.37253464,-0.11029177,-0.27225695,-0.32848424,0.11447296,-0.28144428,-0.08210137,-0.11835363,-0.30843081,1.69925823,0.27927470,0.02971475,-0.02193018,-0.09371512,0.99491385,1.82289982,0.40762210,0.02374812,2.04443054,0.10094240,0.05692064,1.39813728,0.45343592,0.04773331,1.59637890,0.17845774,0.02074678,-1.08962762,0.37648556,4.43507295,0.07391412,1.57731616,2.84670901,0.44990590,0.16695073,0.77605525,-0.64345349,2.89719892,0.73292251
0.93462809,-0.03577296,-0.08658346,0.22349055,-0.44315451,0.08862239,0.03152215,0.19955574,-1.37392559,-0.04016047,1.03917181,-1.31151228,0.02090933,0.47454674,-1.52126615,-0.17399023,1.34306052,-1.57957296,0.91537810,0.06138749,0.33262468,0.32832125,0.08119090,0.15101075,-0.30347223,0.36116903,-0.11209091,-0.28594029,-0.33855975,0.11474298,-0.27642165,-0.09201284,-0.11479285,-0.31120063,1.71755962,0.27520118,0.03239885,-0.02623681,-0.09273354,0.99481779,1.82547665,0.40843077,0.02484902,2.05150414,0.09775116,0.04238097,1.40632248,0.45104229,0.05189961,1.60576153,0.17957196,0.01712062,-0.89404895,1.89947803,2.57872705,-0.02055193,1.63053977,2.01094418,0.26396181,2.60930719,-1.21105949,-0.38943475,2.53711925,-0.35716149
0.95102802,-0.03972645,-0.13768342,0.15502612,-0.15742075,0.01444486,0.02802178,0.26091173,-1.36996443,-0.03828050,1.07314103,-1.28901098,0.02415973,0.54925485,-1.56462030,-0.17521283,1.37980371,-1.60062394,0.91537810,0.06138749,0.33262468,0.32653183,0.06670274,0.15268113,-0.29981585,0.34409032,-0.11094765,-0.29553100,-0.34296491,0.11613922,-0.27047563,-0.10840565,-0.11280089,-0.31090517,1.73620892,0.27106164,0.03421269,-0.02791445,-0.09247437,0.99473553,1.83016186,0.40866115,0.02671597,2.05363903,0.09801352,0.03100083,1.42085075,0.44900117,0.05605620,1.60870380,0.18040695,0.01562666,-0.09251369,3.18411875,-0.05651097,0.11328626,1.69827735,1.03764144,0.15878783,3.78980532,-2.21199112,-0.03065926,1.76235144,-1.13115683
0.98539195,-0.03114372,-0.15809073,-0.00000547,0.15844405,-0.12860666,0.03929934,0.34253655,-1.41037514,-0.03145041,1.10166981,-1.28633354,0.02812572,0.63009562,-1.61078415,-0.16969055,1.39527168,-1.63675466,0.91537810,0.06138749,0.33262468,0.32427464,0.05640086,0.15457885,-0.29568361,0.32288930,-0.10719244,-0.30065677,-0.34019133,0.11794454,-0.26483561,-0.12762705,-0.11196021,-0.30842025,1.75552502,0.26693857,0.03425999,-0.02670231,-0.09363198,0.99465888,1.84002399,0.40813205,0.02859102,2.05245419,0.10086391,0.02361786,1.44362793,0.44683094,0.05943903,1.60909901,0.18101315,0.01585438,0.62915259,4.16760988,-2.20968513,0.37171782,1.37221801,0.02305698,0.20918766,4.04896545,-2.29200549,0.31309191,0.63545461,-1.87872493
1.02450925,-0.00845518,-0.14108402,-0.18410830,0.39024064,-0.23909279,0.05621311,0.43198484,-1.47507000,-0.02179256,1.12463820,-1.31592202,0.03406851,0.70501769,-1.64671946,-0.15869720,1.38242459,-1.68364525,0.91537810,0.06138749,0.33262468,0.32222450,0.05350206,0.15593422,-0.29108882,0.30062612,-0.10364739,-0.30159701,-0.32919650,0.11966580,-0.26114722,-0.14704815,-0.11185237,-0.30520227,1.77562141,0.26297140,0.03228757,-0.02334469,-0.09595006,0.99458842,1.85814381,0.40568793,0.03113568,2.05066872,0.10338497,0.02062748,1.47562218,0.44377708,0.06107728,1.60978985,0.18152201,0.01702223,0.86941344,4.50746441,-3.38300920,0.49606347,1.11992598,-1.74667585,0.31146324,3.68345237,-1.70257318,0.58588916,-0.85653299,-2.41603351
1.04734246,0.02510478,-0.12248563,-0.36286289,0.51876736,-0.23954621,0.07453720,0.52127753,-1.54139328,-0.01480013,1.13693740,-1.39666238,0.04119071,0.76956483,-1.66627114,-0.14117848,1.33633630,-1.73179221,0.91537810,0.06138749,0.33262468,0.32046642,0.06384866,0.15508815,-0.28605185,0.27848028,-0.10140971,-0.30033582,-0.31048827,0.12159713,-0.26002067,-0.16575349,-0.11261223,-0.30218866,1.79634533,0.25945201,0.02816572,-0.01862492,-0.09843940,0.99457000,1.88948898,0.39892690,0.03441457,2.04939747,0.10518014,0.02013060,1.51588821,0.43982005,0.06044575,1.61165886,0.18169186,0.01827776,0.91062959,4.46059942,-3.29973912,0.34322379,0.59657473,-4.09251852,0.35589021,3.21119547,-0.95690488,0.88255024,-2.33808513,-2.39644985
1.04482288,0.05809555,-0.10377658,-0.48112220,0.54500260,-0.12373841,0.08834555,0.60544327,-1.59407330,-0.01287464,1.13404891,-1.50739708,0.04771665,0.82305068,-1.67225125,-0.12022001,1.26791418,-1.77115641,0.91537810,0.06138749,0.33262468,0.31890388,0.08437042,0.15207639,-0.28053883,0.25698333,-0.10128672,-0.29889238,-0.28814859,0.12372316,-0.26051911,-0.18291043,-0.11416149,-0.29976824,1.81712742,0.25648317,0.02284090,-0.01369978,-0.09982842,0.99464813,1.93010941,0.38869765,0.03836504,2.04877415,0.10601981,0.02001150,1.55941124,0.43514318,0.05838477,1.61513672,0.18105886,0.01913564,0.67313393,4.17719355,-2.57969127,0.07759324,-0.20437430,-5.55917311,0.32143251,2.64448690,-0.26668595,1.04925060,-3.47609115,-1.93487258
1.02131448,0.08109676,-0.06963367,-0.49905093,0.46888501,0.07086471,0.09628037,0.67819873,-1.62723420,-0.01939627,1.10839698,-1.62033238,0.05235315,0.86854273,-1.66898861,-0.10017180,1.18133726,-1.79731417,0.91537810,0.06138749,0.33262468,0.31782724,0.11118165,0.14678623,-0.27534571,0.23751946,-0.10276741,-0.29801410,-0.26339087,0.12559979,-0.26243626,-0.19860485,-0.11623541,-0.29796403,1.83754253,0.25403378,0.01738967,-0.00943106,-0.09934619,0.99485627,1.97558937,0.37589693,0.04248153,2.05000839,0.10626743,0.01981314,1.60423889,0.42930348,0.05539097,1.61985340,0.17942815,0.01986320,0.37257287,3.58585644,-1.57147257,-0.37319072,-1.39033117,-5.62389374,0.22266017,2.25427499,0.19092033,0.99065346,-4.40042315,-1.24249784
0.98515147,0.09173423,-0.02261251,-0.47084049,0.32327094,0.30221602,0.09884583,0.74199280,-1.64103076,-0.03781359,1.04486101,-1.72772617,0.05570558,0.91103219,-1.65827470,-0.08312429,1.07578702,-1.80586448,0.91537810,0.06138749,0.33262468,0.31753024,0.14626474,0.13877668,-0.27022636,0.21932774,-0.10525275,-0.29805362,-0.23597337,0.12698275,-0.26605202,-0.21384353,-0.11832104,-0.29704314,1.85731907,0.25200694,0.01234919,-0.00646902,-0.09661754,0.99522394,2.02756081,0.36003513,0.04730388,2.05228615,0.10650561,0.01947662,1.65020027,0.42203591,0.05147822,1.62469959,0.17705960,0.02048710,0.09874776,3.15200520,-0.58275743,-0.99271353,-3.44790437,-5.33714485,0.16394563,2.11477447,0.58241982,0.83412510,-5.39566708,-0.31683109
0.94347445,0.09331314,0.02833136,-0.44004464,0.11758362,0.53904667,0.09475522,0.79911524,-1.63386917,-0.06630806,0.91668230,-1.80960906,0.06072639,0.95637697,-1.64581251,-0.07040168,0.95566136,-1.79443216,0.91537810,0.06138749,0.33262468,0.31816551,0.19273735,0.12878583,-0.26506142,0.20137625,-0.10901988,-0.29925430,-0.20641920,0.12757666,-0.27118975,-0.22921801,-0.11954094,-0.29656439,1.87631798,0.25034106,0.00781664,-0.00537004,-0.09156842,0.99575363,2.08931732,0.34180009,0.05310409,2.05442333,0.10640979,0.01891121,1.69664001,0.41343772,0.04697576,1.62913704,0.17462766,0.02160113,-0.25632843,2.80825472,0.51412582,-1.48957098,-6.91980934,-3.85530686,0.26956221,2.30064130,0.61722988,0.60200655,-6.09295940,0.71609968
0.91106856,0.08272260,0.07080281,-0.39376702,-0.05216931,0.70147298,0.08366643,0.84565804,-1.60668778,-0.09164147,0.73157648,-1.82121279,0.06885518,1.00318565,-1.63401725,-0.06504132,0.83150401,-1.75974143,0.91537810,0.06138749,0.33262468,0.31978992,0.24299033,0.12054839,-0.26040084,0.18437837,-0.11430725,-0.30130733,-0.17697604,0.12668838,-0.27756377,-0.24394373,-0.11947704,-0.29629619,1.89455452,0.24889071,0.00395189,-0.00616699,-0.08457354,0.99639032,2.15439053,0.32674611,0.05938908,2.05702171,0.10513418,0.01848258,1.74147110,0.40360312,0.04222614,1.63395939,0.17225206,0.02349372,-0.55798289,2.31381562,1.37312210,-1.24689738,-9.26277866,-0.48531535,0.41221519,2.34375691,0.59052080,0.25743142,-6.20821209,1.76345716
0.88623622,0.06154048,0.09903139,-0.30488298,-0.16505748,0.71725514,0.07122372,0.88382957,-1.57010722,-0.10299180,0.54850786,-1.77092912,0.08001498,1.05101190,-1.61759975,-0.06761624,0.70614371,-1.70482738,0.91537810,0.06138749,0.33262468,0.32202237,0.28676662,0.11633613,-0.25753237,0.16845641,-0.11946050,-0.30358920,-0.14791216,0.12404037,-0.28488206,-0.25930605,-0.11795364,-0.29666700,1.91224785,0.24738057,0.00103563,-0.00799432,-0.07736183,0.99697049,2.21353016,0.31807821,0.06449001,2.06025543,0.10335929,0.01843318,1.78524513,0.39275708,0.03714032,1.63784771,0.17084787,0.02535537,-0.61795937,1.89148438,1.85275548,-0.52655120,-9.09561825,2.65869982,0.55942087,2.38487267,0.86330787,-0.15516560,-6.27831841,2.80333304
0.87245178,0.03566344,0.11244997,-0.21910645,-0.23331212,0.58005411,0.06163434,0.91633830,-1.52685299,-0.10175078,0.39334106,-1.67954025,0.09199738,1.09721062,-1.58966115,-0.07796737,0.58422741,-1.63499546,0.91537810,0.06138749,0.33262468,0.32462606,0.32179280,0.11540660,-0.25792117,0.15294593,-0.12326984,-0.30620270,-0.11980239,0.11953149,-0.29248094,-0.27607240,-0.11561043,-0.29811670,1.92958965,0.24563684,-0.00098901,-0.01045664,-0.07138915,0.99739324,2.26453819,0.31403837,0.06670490,2.06342087,0.10184145,0.01842336,1.82803173,0.38101180,0.03214513,1.63986645,0.17052221,0.02650937,-0.45928727,1.60299242,2.18199348,0.10603434,-7.59494505,4.69146214,0.60448413,2.30653930,1.42727554,-0.54247898,-6.04076710,3.52551246
0.87085464,0.01297719,0.10184225,-0.18963255,-0.26263770,0.32304104,0.05708078,0.94524093,-1.48189735,-0.09272988,0.28100830,-1.57129135,0.10439851,1.14210112,-1.55873177,-0.09063337,0.48602661,-1.56636181,0.91537810,0.06138749,0.33262468,0.32715222,0.34616360,0.11624985,-0.26247404,0.13789215,-0.12540602,-0.30866622,-0.09701385,0.11444358,-0.29912105,-0.29306053,-0.11300674,-0.29919406,1.94682484,0.24358668,-0.00266913,-0.01318684,-0.06783477,0.99760585,2.30553551,0.31192350,0.06467818,2.06647835,0.10067430,0.01848600,1.86619015,0.37010572,0.02803116,1.64116764,0.17127709,0.02795816,-0.19750181,1.43151414,2.24551392,0.48486024,-5.35169153,5.45902586,0.61887953,2.23483939,1.54603088,-0.63152599,-4.72793236,3.38578296
0.87321833,0.00263544,0.07536953,-0.22213412,-0.28265947,0.04198528,0.05685306,0.97293276,-1.44072270,-0.07767005,0.21487620,-1.46983671,0.11509758,1.18914557,-1.53501415,-0.10077944,0.42529356,-1.51446509,0.91537810,0.06138749,0.33262468,0.32929474,0.35949809,0.11844017,-0.27004435,0.12363196,-0.12645671,-0.31015974,-0.08256792,0.10993553,-0.30447230,-0.30924592,-0.11128649,-0.29835880,1.96407795,0.24134505,-0.00462985,-0.01612830,-0.06700565,0.99761149,2.33617783,0.31068933,0.05925040,2.06970501,0.09950328,0.01913500,1.89693928,0.36132705,0.02482244,1.64273548,0.17237592,0.03093594,0.01678415,1.37929189,2.02205658,0.79647297,-2.97707129,4.98149824,0.51852149,2.37860417,1.11398220,-0.48299161,-2.75302815,2.45041585
0.87663838,0.00635671,0.02872871,-0.26959019,-0.25441143,-0.15753030,0.05864540,0.99658628,-1.40060236,-0.05626337,0.19294384,-1.38734443,0.12142753,1.23235481,-1.51494465,-0.10547534,0.41207391,-1.48840292,0.91537810,0.06138749,0.33262468,0.33057516,0.36168236,0.12228548,-0.27993561,0.11037272,-0.12727294,-0.31107349,-0.07934687,0.10670097,-0.30922185,-0.32372373,-0.11128124,-0.29621091,1.98142681,0.23908694,-0.00716678,-0.01885710,-0.06850876,0.99744654,2.35641575,0.31085854,0.05063955,2.07339382,0.09793947,0.01950166,1.91738720,0.35561998,0.02135331,1.64554329,0.17303526,0.03436424,0.08928948,1.18310082,1.99941013,1.07502780,-1.04854765,4.08751769,0.31070152,2.15740442,0.98954915,-0.22909230,-0.61016747,1.26791372
0.88139904,0.01676086,-0.03308212,-0.28116248,-0.17630081,-0.25289349,0.06008735,1.02114234,-1.36570342,-0.03343359,0.20405791,-1.33313000,0.12377451,1.27366011,-1.50760059,-0.10688846,0.43720877,-1.49370859,0.91537810,0.06138749,0.33262468,0.33073521,0.35552176,0.12686300,-0.28978013,0.09716281,-0.12840696,-0.31086587,-0.08479870,0.10454205,-0.31192803,-0.33542751,-0.11265951,-0.29209427,1.99892330,0.23691099,-0.00990509,-0.02084506,-0.07097279,0.99721123,2.36880131,0.31227813,0.04095507,2.07697201,0.09606583,0.01986933,1.92974339,0.35238392,0.01880718,1.65094452,0.17276623,0.03864094,0.07023283,1.23470366,1.72576749,1.13225045,0.64581580,2.61342411,0.10649889,2.06151438,0.30957839,-0.06634032,1.38621203,-0.40298650
0.89336854,0.02662332,-0.09399800,-0.23356225,-0.06520476,-0.23532804,0.06106100,1.05033336,-1.34037070,-0.01780110,0.24759651,-1.31765001,0.12218778,1.31642218,-1.52781050,-0.10697129,0.49907374,-1.53358274,0.91537810,0.06138749,0.33262468,0.32974520,0.34182717,0.12985142,-0.29804176,0.08356330,-0.12959816,-0.30906679,-0.09825568,0.10336652,-0.31130318,-0.34230654,-0.11513159,-0.28488623,2.01670628,0.23478253,-0.01229688,-0.02174394,-0.07332903,0.99699491,2.37381554,0.31339664,0.03170344,2.08047676,0.09438369,0.02067841,1.93457508,0.35137277,0.01844202,1.66126938,0.17080078,0.04485897,0.04772843,1.49209917,1.20933286,0.72812899,2.32095075,0.58124968,-0.09697401,2.16017246,-1.17078630,0.00053036,3.20161152,-2.06398611
0.91817789,0.02950438,-0.13865699,-0.10301593,0.06200940,-0.13019420,0.06048466,1.08618202,-1.33463860,-0.01624340,0.32101812,-1.34555733,0.11363855,1.35811605,-1.58662345,-0.10687082,0.57966760,-1.58143148,0.91537810,0.06138749,0.33262468,0.32786586,0.32204037,0.12937026,-0.30331911,0.07098079,-0.13073237,-0.30498304,-0.11692315,0.10298916,-0.30947146,-0.34144634,-0.11896358,-0.27433149,2.03498173,0.23257272,-0.01356486,-0.02133933,-0.07473272,0.99688297,2.37266846,0.31266227,0.02454675,2.08575211,0.09274571,0.02288281,1.93465710,0.35179000,0.01839440,1.67965050,0.16565747,0.05353437,-0.04336296,1.82646120,0.14790200,-0.00936749,3.82588968,-1.63648929,-0.47944879,2.05194283,-3.16638687,0.00218457,4.10861864,-2.40190434
0.95920098,0.02088381,-0.15064371,0.08962487,0.21950666,-0.01302925,0.05775404,1.10564399,-1.33977759,-0.02502283,0.40940484,-1.40301931,0.09245964,1.36542118,-1.64333832,-0.10756860,0.66284275,-1.62363422,0.91537810,0.06138749,0.33262468,0.32564825,0.29970860,0.12684104,-0.30506166,0.06474677,-0.13148527,-0.30239142,-0.13757443,0.10335461,-0.30680224,-0.33295107,-0.12458890,-0.26689781,2.05399418,0.23008597,-0.01310173,-0.01932662,-0.07500847,0.99690950,2.36927032,0.31080055,0.02058659,2.09840298,0.09041357,0.02325682,1.93337631,0.35280609,0.01884601,1.70618343,0.15655708,0.05875044,-0.15080048,0.79221720,-0.29630896,-0.49871674,4.49158239,-3.04808354,-1.15924847,0.03774404,-2.70189261,-0.04145220,4.14510727,-2.04894304
1.00104161,-0.00131318,-0.13668245,0.31558727,0.43139910,0.01862866,0.06130852,1.11300735,-1.41825726,-0.03577869,0.49584836,-1.46610451,0.05966656,1.32928753,-1.69975083,-0.10949351,0.73475319,-1.65001009,0.91537810,0.06138749,0.33262468,0.32352718,0.27744846,0.12520636,-0.30469839,0.07560925,-0.12916188,-0.29790006,-0.15795557,0.10451043,-0.30356445,-0.31509943,-0.13162260,-0.26220011,2.07383518,0.22703454,-0.01031810,-0.01484768,-0.07480794,0.99703403,2.36683712,0.30952179,0.01882878,2.12936401,0.08805218,0.02562711,1.93320694,0.35390491,0.01996273,1.74264660,0.14381027,0.06132707,0.19081234,0.33336926,-4.00226326,-0.53191995,4.30195532,-3.13645768,-1.64213178,-1.84779153,-2.80659318,-0.09696489,3.57198763,-1.29156436
1.03992750,-0.02533647,-0.09684994,0.46195403,0.55424603,-0.05816109,0.07299313,1.09404483,-1.54044425,-0.04292684,0.56868523,-1.51582031,0.02711211,1.26714344,-1.74469726,-0.11207865,0.79214875,-1.65956929,0.91537810,0.06138749,0.33262468,0.32194647,0.25740463,0.12549713,-0.30418778,0.10144820,-0.12392091,-0.29246356,-0.17694468,0.10601421,-0.30071033,-0.29394091,-0.13793131,-0.25925837,2.09432087,0.22341254,-0.00618228,-0.00897265,-0.07533375,0.99709884,2.36765041,0.30883873,0.01775870,2.17601280,0.08566437,0.02948291,1.93529968,0.35479250,0.02123614,1.78300228,0.13117890,0.06268811,0.60008882,-1.03738971,-6.15502262,-0.35069469,3.60687895,-2.44110618,-1.61294782,-3.16176200,-2.20282011,-0.13226222,2.84229946,-0.44593759
1.06023805,-0.04099544,-0.04943371,0.52699378,0.46885557,-0.17300882,0.09029433,1.04184024,-1.66840844,-0.04831428,0.63158100,-1.55011768,0.00070379,1.18779068,-1.77424154,-0.11582257,0.84513063,-1.66438375,0.91537810,0.06138749,0.33262468,0.32106538,0.23928505,0.12672170,-0.30380198,0.13631943,-0.11708314,-0.28568876,-0.19481211,0.10761923,-0.29754236,-0.27110628,-0.14238046,-0.25868878,2.11514740,0.21937299,-0.00133188,-0.00375826,-0.07696770,0.99702561,2.37104588,0.30786984,0.01726340,2.23188286,0.08275571,0.03537662,1.93915977,0.35561547,0.02352302,1.82540150,0.12028656,0.06237660,0.88950933,-2.76412277,-6.36463404,-0.26519083,3.11530614,-1.65005200,-1.28850353,-4.03060904,-1.41219509,-0.19277392,2.65991354,-0.25732038
1.05311932,-0.04962629,0.00004757,0.55827898,0.25955123,-0.29296371,0.11078428,0.94394381,-1.77652421,-0.05305269,0.69129436,-1.57044411,-0.01903350,1.09424877,-1.78800020,-0.12102127,0.89749463,-1.66862540,0.91537810,0.06138749,0.33262468,0.32096638,0.22176701,0.12840794,-0.30344531,0.17828928,-0.10965253,-0.27759117,-0.21136225,0.10919796,-0.29416322,-0.24637116,-0.14489590,-0.26071799,2.13582191,0.21506858,0.00397774,-0.00048492,-0.07976642,0.99680553,2.37518711,0.30657547,0.01752107,2.29440460,0.07845864,0.04337521,1.94451485,0.35648923,0.02680317,1.86954365,0.11119628,0.06024839,1.03193551,-5.19784617,-5.24087858,-0.23461106,2.98332572,-0.94142811,-0.95206640,-4.75601540,-0.59509559,-0.26890486,2.60120106,-0.18975733
1.02447270,-0.05222286,0.04910006,0.54033349,0.03638588,-0.40546988,0.13010526,0.79138929,-1.84139895,-0.05726742,0.75161320,-1.57821059,-0.03374807,0.98652494,-1.78362167,-0.12681949,0.94890666,-1.66665089,0.91537810,0.06138749,0.33262468,0.32174599,0.20381306,0.13030576,-0.30307439,0.22590809,-0.10307457,-0.26849965,-0.22724132,0.11067980,-0.29170527,-0.21943500,-0.14603432,-0.26510240,2.15594196,0.21062100,0.00934734,0.00060205,-0.08365588,0.99645068,2.37862587,0.30512619,0.01867160,2.36150551,0.07132828,0.05324634,1.95033169,0.35763478,0.03004073,1.91523266,0.10321164,0.05664359,0.95064008,-8.02279472,-2.89378142,-0.20665413,3.02316761,-0.30017135,-0.70290053,-5.48855019,0.35387990,-0.29142109,2.56958103,0.14972447
0.99000576,-0.04648480,0.07862766,0.44176087,-0.15763505,-0.48603931,0.14363590,0.60568135,-1.84205041,-0.05875289,0.81063510,-1.57023349,-0.04238318,0.86860793,-1.75673718,-0.13252329,0.99562871,-1.65114532,0.91537810,0.06138749,0.33262468,0.32324998,0.18530675,0.13264960,-0.30290130,0.27297570,-0.09890625,-0.25894423,-0.24266958,0.11172982,-0.29148798,-0.19102176,-0.14595311,-0.27140968,2.17528114,0.20617177,0.01391928,-0.00059160,-0.08846265,0.99598206,2.38106461,0.30408845,0.02034868,2.42655411,0.06070673,0.06430576,1.95609989,0.35891881,0.03176200,1.96152763,0.09616697,0.05184031,0.66361422,-9.28180294,0.04571915,-0.06931038,2.94507885,0.42008969,-0.42016767,-5.89754629,1.37053432,-0.28565972,2.33860207,0.77474350
0.96301253,-0.03604711,0.10023121,0.31797247,-0.33187334,-0.51424004,0.14850034,0.43126390,-1.79326215,-0.05714290,0.86451546,-1.54623370,-0.04256659,0.75122347,-1.71313353,-0.13938309,1.04433181,-1.63529449,0.91537810,0.06138749,0.33262468,0.32528112,0.16671748,0.13538175,-0.30323553,0.31375997,-0.09704641,-0.25107471,-0.25774938,0.11202036,-0.29157850,-0.16285658,-0.14399066,-0.27884371,2.19406662,0.20179899,0.01743192,-0.00360477,-0.09354360,0.99545604,2.38309364,0.30373878,0.02204559,2.48424377,0.04797914,0.07420641,1.96170940,0.35989208,0.03370262,2.00722847,0.09068158,0.04643741,0.22114847,-8.62593365,2.54235060,0.08663691,2.67268229,1.25404350,0.01740861,-5.85541639,2.21582355,-0.35220137,2.44246721,0.79867023
0.95643656,-0.01942459,0.10403848,0.24298599,-0.42921138,-0.44702054,0.14109694,0.28999650,-1.70862372,-0.05338506,0.91116973,-1.50350726,-0.03344214,0.63650907,-1.65699790,-0.15023874,1.09853046,-1.61797636,0.91537810,0.06138749,0.33262468,0.32755565,0.14740073,0.13844770,-0.30460315,0.34592090,-0.09744826,-0.24756396,-0.27407300,0.11095897,-0.29155556,-0.13510296,-0.13959395,-0.28670722,2.21270390,0.19758356,0.02027212,-0.00768295,-0.09802232,0.99494806,2.38431358,0.30456419,0.02295250,2.53291893,0.03442791,0.07999169,1.96559181,0.35995202,0.03600009,2.05293102,0.08707604,0.04084843,-0.44870099,-6.92174559,4.38454733,0.19709577,2.30312338,2.21548014,0.49614247,-5.73663101,2.86081958,-0.56431795,2.75026250,0.86832184
0.96193005,0.00040646,0.08820814,0.21179904,-0.48033442,-0.23907251,0.12189665,0.19311774,-1.59830854,-0.04848446,0.95124232,-1.44767063,-0.01795557,0.53025340,-1.59144795,-0.16435207,1.16108191,-1.59784987,0.91537810,0.06138749,0.33262468,0.32972375,0.12747780,0.14179502,-0.30624583,0.36766269,-0.09934053,-0.25170136,-0.29298078,0.10905769,-0.29060079,-0.10932439,-0.13327301,-0.29469741,2.23147678,0.19362123,0.02285569,-0.01224615,-0.10059815,0.99458919,2.38481979,0.30694528,0.02347791,2.57171974,0.02250979,0.07802238,1.96634636,0.35926294,0.03912296,2.09762821,0.08500228,0.03502633,-0.99945222,-4.54167528,5.61989975,0.24725380,1.96740236,2.84377503,0.79802952,-5.22728443,3.31760192,-0.71670747,3.17076993,1.03199242
0.96550117,0.00802220,0.02955262,0.21419658,-0.48845475,0.02563442,0.10022379,0.16072601,-1.49367559,-0.04593749,0.98538190,-1.38776350,-0.00301246,0.46548286,-1.53595769,-0.17729159,1.22378194,-1.57201111,0.91537810,0.06138749,0.33262468,0.33103138,0.10807714,0.14448877,-0.30742320,0.37398435,-0.10076455,-0.26399772,-0.31292483,0.10770397,-0.28883576,-0.09354367,-0.12686999,-0.30231085,2.25037861,0.18984818,0.02546691,-0.01689187,-0.10062513,0.99445497,2.38530159,0.30965412,0.02360818,2.59646320,0.01594234,0.06703366,1.96550179,0.35827410,0.04219562,2.13323498,0.08437884,0.02872053,-1.08864999,-1.12584734,5.12275410,0.10270043,1.66576254,3.01008916,0.72987038,-2.86642480,2.65386319,-0.62971735,3.11488843,1.33622634
0.96198417,-0.00071108,-0.04381825,0.20467389,-0.47987499,0.16200632,0.07600688,0.18266592,-1.42019067,-0.04738115,1.01750953,-1.33565762,0.00774011,0.46484030,-1.51934679,-0.18737109,1.28350899,-1.56489673,0.91537810,0.06138749,0.33262468,0.33090597,0.09024820,0.14587670,-0.30702623,0.36650867,-0.10321831,-0.27885604,-0.32816718,0.10749550,-0.28451440,-0.09229334,-0.12168252,-0.30775024,2.26926594,0.18607309,0.02801411,-0.02143699,-0.09893834,0.99446813,2.38662624,0.31117828,0.02387973,2.60806007,0.01228828,0.05204993,1.96890068,0.35645411,0.04639157,2.15469437,0.08508768,0.02315573,-1.20700653,1.13254106,3.62910151,-0.07411015,1.60861003,2.58156233,0.53079382,0.03906012,0.77495956,-0.49828612,2.98593640,0.31157109
0.95734345,-0.01492866,-0.11110437,0.19483850,-0.35675835,0.17508341,0.05776644,0.22871797,-1.38294210,-0.04916377,1.05198848,-1.30127723,0.01371494,0.50909172,-1.53819563,-0.19238951,1.33915751,-1.58338666,0.91537810,0.06138749,0.33262468,0.32956782,0.07430928,0.14692884,-0.30439684,0.35284412,-0.10514533,-0.29100955,-0.33740762,0.10874520,-0.27752493,-0.10127692,-0.11825035,-0.31010974,2.28809223,0.18218534,0.03037590,-0.02486205,-0.09710560,0.99449972,2.38960476,0.31182005,0.02517098,2.61368790,0.01030755,0.03855827,1.97833862,0.35458639,0.05204289,2.16571655,0.08593383,0.01945808,-0.87145176,2.36599529,1.72578605,-0.08288472,1.73631752,1.66042185,0.28513662,2.30557091,-1.01911063,-0.22875593,2.74371934,-0.95979873
0.96661424,-0.02361041,-0.16044458,0.11400891,-0.09768087,0.08248742,0.05563153,0.29587399,-1.39218678,-0.04742226,1.08625960,-1.28494973,0.01654297,0.57705804,-1.57367647,-0.18962705,1.37739444,-1.61241724,0.91537810,0.06138749,0.33262468,0.32728091,0.06068830,0.14828747,-0.30030526,0.33468528,-0.10396251,-0.29870059,-0.34087011,0.11115062,-0.27042038,-0.11675728,-0.11663566,-0.30994060,2.30710258,0.17818570,0.03175626,-0.02593115,-0.09617378,0.99451984,2.39528847,0.31195974,0.02697566,2.61540680,0.01153951,0.02858033,1.99411831,0.35307920,0.05686054,2.17001667,0.08629668,0.01734031,-0.02683018,3.44205513,-0.65388244,0.10982407,1.68673742,0.75304125,0.13714350,3.44946432,-1.78702486,0.17160181,1.81514294,-1.48633134
0.99652983,-0.01738525,-0.16537819,-0.04496504,0.16521804,-0.04649694,0.06460671,0.37696724,-1.43553047,-0.04038902,1.11567488,-1.28996482,0.02016823,0.65179137,-1.61156008,-0.17961989,1.39132710,-1.65134456,0.91537810,0.06138749,0.33262468,0.32479107,0.05174915,0.15000427,-0.29564684,0.31391745,-0.10131283,-0.30222420,-0.33718602,0.11394291,-0.26459204,-0.13504691,-0.11608266,-0.30788418,2.32667465,0.17417440,0.03136268,-0.02459402,-0.09653093,0.99453170,2.40650330,0.31131172,0.02914424,2.61501808,0.01396666,0.02256687,2.01795025,0.35128071,0.06019903,2.17169781,0.08645308,0.01690690,0.47994457,4.10978041,-2.31652572,0.38183089,1.44902360,-0.40084644,0.19349347,3.75318766,-1.90522516,0.53932620,0.55029340,-2.01053092
1.03041494,0.00293430,-0.14102365,-0.21687132,0.38533543,-0.13616597,0.07796354,0.46229178,-1.49680519,-0.03087529,1.13792479,-1.33030283,0.02603761,0.72181988,-1.64249468,-0.16439469,1.37495613,-1.69922614,0.91537810,0.06138749,0.33262468,0.32267413,0.05146008,0.15117042,-0.29072157,0.29277253,-0.09917771,-0.30222850,-0.32511366,0.11655321,-0.26103556,-0.15352336,-0.11612857,-0.30480225,2.34692097,0.17031813,0.02906811,-0.02128415,-0.09783555,0.99455027,2.42700863,0.30847239,0.03195256,2.61458015,0.01568782,0.02044562,2.05095291,0.34832501,0.06163856,2.17361641,0.08652794,0.01787188,0.69606495,4.28098059,-3.16837525,0.48540694,1.05171204,-2.29508376,0.30979478,3.44611621,-1.47171724,0.79395616,-1.04841471,-2.45153880
1.04629800,0.03370312,-0.12160517,-0.36255906,0.51162670,-0.11165894,0.09209358,0.54855045,-1.55777149,-0.02410795,1.14598901,-1.41911254,0.03322756,0.78214207,-1.65847590,-0.14384615,1.32429276,-1.74563811,0.91537810,0.06138749,0.33262468,0.32086491,0.06478998,0.15035442,-0.28570869,0.27120316,-0.09826424,-0.30075763,-0.30567522,0.11920902,-0.26009379,-0.17144226,-0.11682821,-0.30191237,2.36764793,0.16693521,0.02496742,-0.01659402,-0.09904480,0.99463129,2.46091614,0.30149090,0.03515622,2.61403580,0.01693509,0.02010728,2.09161568,0.34428887,0.06077112,2.17647343,0.08635240,0.01895254,0.70082150,4.30767250,-3.03125215,0.33209313,0.38242865,-4.49166145,0.35908447,3.00193524,-0.78100914,1.03116698,-2.56844735,-2.30833750
1.03768389,0.06198679,-0.10117414,-0.44601264,0.52139350,0.01301121,0.10189334,0.62916526,-1.60505147,-0.02261041,1.13760431,-1.53441153,0.03974517,0.83298802,-1.66275313,-0.12182566,1.25018291,-1.78220155,0.91537810,0.06138749,0.33262468,0.31927925,0.08776964,0.14755880,-0.28003033,0.25040245,-0.09911763,-0.29928443,-0.28245095,0.12175369,-0.26088917,-0.18804126,-0.11814834,-0.29954144,2.38830872,0.16409388,0.02002281,-0.01182137,-0.09906722,0.99480904,2.50350761,0.29139793,0.03924892,2.61418571,0.01744711,0.01999482,2.13548851,0.33926363,0.05839008,2.18062763,0.08543568,0.01973781,0.47508823,4.00060606,-2.31244879,0.05354743,-0.47981214,-5.77396011,0.32122267,2.51840520,-0.18708084,1.09704366,-3.76356254,-1.79099030
1.01015771,0.08064110,-0.06483891,-0.45355109,0.42564765,0.20547455,0.10657663,0.69918171,-1.63356471,-0.03015660,1.10387020,-1.64861827,0.04461251,0.87789510,-1.65940838,-0.10199976,1.15692837,-1.80393367,0.91537810,0.06138749,0.33262468,0.31822986,0.11691311,0.14242397,-0.27459663,0.23146853,-0.10121242,-0.29844317,-0.25665814,0.12380258,-0.26329385,-0.20346968,-0.11985398,-0.29771493,2.40851326,0.16175885,0.01508508,-0.00789294,-0.09723430,0.99511589,2.55080833,0.27882881,0.04363323,2.61598244,0.01761248,0.01978669,2.18070927,0.33294828,0.05493601,2.18567562,0.08360341,0.02051493,0.21279957,3.45510697,-1.34109445,-0.42508752,-1.81904540,-5.68139172,0.23618002,2.23375001,0.18989611,0.97731117,-4.73803253,-1.01265613
0.97152082,0.08853419,-0.01443967,-0.43638279,0.26062512,0.43176585,0.10612827,0.76169897,-1.64218683,-0.04913303,1.02395263,-1.75318069,0.04850439,0.92154552,-1.64897532,-0.08561725,1.04435298,-1.80646615,0.91537810,0.06138749,0.33262468,0.31804340,0.15560360,0.13468695,-0.26928496,0.21331002,-0.10424190,-0.29865248,-0.22807362,0.12521120,-0.26750187,-0.21878814,-0.12152629,-0.29680546,2.42802582,0.15984974,0.01047442,-0.00547147,-0.09320415,0.99557689,2.60593491,0.26329737,0.04875845,2.61826706,0.01780818,0.01939092,2.22717190,0.32523754,0.05054154,2.19047527,0.08106759,0.02123795,-0.05236950,3.09658647,-0.31676244,-1.01534550,-4.32537274,-5.16062260,0.19202648,2.18155789,0.56987710,0.79867498,-5.74667168,-0.00857735
0.93240676,0.08778880,0.03482934,-0.40968556,0.04736148,0.65881339,0.09876317,0.81652004,-1.62913930,-0.07577055,0.87733781,-1.82091582,0.05495052,0.96881181,-1.63929975,-0.07459991,0.92138869,-1.78885305,0.91537810,0.06138749,0.33262468,0.31879663,0.20441141,0.12554748,-0.26416440,0.19550785,-0.10866008,-0.30006678,-0.19816710,0.12552918,-0.27305029,-0.23398002,-0.12211968,-0.29608178,2.44679165,0.15829206,0.00631633,-0.00501720,-0.08694165,0.99618075,2.66986656,0.24651778,0.05463223,2.62051201,0.01739645,0.01872985,2.27337551,0.31626236,0.04574634,2.19518948,0.07856619,0.02271485,-0.42244700,2.67872906,0.81190103,-1.37522507,-7.83296537,-3.05223203,0.34913284,2.39995456,0.45209166,0.50744039,-6.19315243,1.02308750
0.90234155,0.07494847,0.07337484,-0.36260160,-0.09633103,0.78048625,0.08582263,0.86042012,-1.59866507,-0.09503758,0.68595660,-1.81494653,0.06523731,1.01714339,-1.62855899,-0.07139851,0.79630727,-1.74800439,0.91537810,0.06138749,0.33262468,0.32047220,0.25420529,0.11913015,-0.25957455,0.17886898,-0.11428427,-0.30212485,-0.16875796,0.12419169,-0.27973125,-0.24879776,-0.12123837,-0.29577221,2.46484489,0.15691783,0.00279695,-0.00621730,-0.07914627,0.99683970,2.73466702,0.23443134,0.06089764,2.62343330,0.01583374,0.01834735,2.31780453,0.30618925,0.04074095,2.20002975,0.07646902,0.02469999,-0.64894450,2.18249915,1.53626621,-0.94332150,-9.55899563,0.38977715,0.51891775,2.41802907,0.54263018,0.14913358,-6.25551033,2.07193980
0.87931392,0.05286637,0.09927591,-0.27256846,-0.19747198,0.75551690,0.07267344,0.89643604,-1.55971167,-0.10080990,0.50644362,-1.75068038,0.07804015,1.06547408,-1.61058967,-0.07626741,0.67006313,-1.68714476,0.91537810,0.06138749,0.33262468,0.32272279,0.29626725,0.11645453,-0.25734408,0.16320633,-0.11945311,-0.30442160,-0.13960916,0.12100365,-0.28729190,-0.26446827,-0.11904054,-0.29635583,2.48238869,0.15546834,0.00022463,-0.00833973,-0.07152824,0.99740368,2.79224262,0.22845109,0.06537871,2.62687759,0.01394694,0.01830118,2.36147671,0.29515691,0.03543089,2.20363922,0.07538807,0.02636696,-0.64995821,1.78447926,1.96968834,-0.25381948,-8.90729008,3.33971200,0.64240968,2.40927434,0.94278995,-0.26946552,-6.31663475,3.09555650
0.86846525,0.02740913,0.10825921,-0.20170525,-0.24648041,0.57639799,0.06346423,0.92727811,-1.51521533,-0.09624006,0.35899116,-1.65150995,0.09177312,1.11201391,-1.58218672,-0.08782623,0.55172392,-1.61485851,0.91537810,0.06138749,0.33262468,0.32526709,0.32924749,0.11637785,-0.25863252,0.14790223,-0.12304936,-0.30700050,-0.11233513,0.11615986,-0.29475259,-0.28140352,-0.11611012,-0.29774128,2.49964352,0.15377519,-0.00160763,-0.01093240,-0.06555833,0.99778755,2.84128628,0.22607965,0.06663457,2.63017693,0.01243432,0.01826659,2.40347023,0.28363278,0.03051450,2.20546856,0.07547705,0.02752581,-0.43606293,1.52299821,2.23620987,0.26232065,-7.18873367,5.05475492,0.69141496,2.32360244,1.43583572,-0.59279908,-5.82905436,3.62342811
0.86772688,0.00814846,0.09519398,-0.18989824,-0.26713324,0.29672790,0.05968743,0.95468199,-1.47032282,-0.08539670,0.25746128,-1.54149246,0.10511461,1.15675478,-1.55266306,-0.09983384,0.46278132,-1.54861934,0.91537810,0.06138749,0.33262468,0.32767940,0.35095680,0.11764234,-0.26423924,0.13320577,-0.12496939,-0.30931066,-0.09169419,0.11119010,-0.30108770,-0.29809780,-0.11329253,-0.29846076,2.51682606,0.15182436,-0.00328859,-0.01369819,-0.06225050,0.99796113,2.87967701,0.22496519,0.06344016,2.63347855,0.01127784,0.01836874,2.43965225,0.27354233,0.02659170,2.20696507,0.07643430,0.02921864,-0.15891323,1.35491741,2.23719406,0.57107455,-4.80115700,5.51311064,0.65839323,2.22244258,1.47170150,-0.59001011,-4.24106932,3.24237132
0.86879566,0.00125046,0.06591847,-0.23826352,-0.28124115,0.02156557,0.05990255,0.98081219,-1.42952013,-0.06868536,0.20197456,-1.44275141,0.11588742,1.20292306,-1.53011692,-0.10825279,0.41383490,-1.50229132,0.91537810,0.06138749,0.33262468,0.32965776,0.36161561,0.12023105,-0.27256819,0.11939385,-0.12600068,-0.31062235,-0.08002827,0.10704684,-0.30625211,-0.31380662,-0.11169029,-0.29730836,2.53401852,0.14974427,-0.00540710,-0.01663255,-0.06163719,0.99794538,2.90767002,0.22461689,0.05708957,2.63702011,0.01002407,0.01903541,2.46775436,0.26581585,0.02340565,2.20886326,0.07747138,0.03234941,0.03571138,1.30141127,2.00295210,0.87979358,-2.45157290,4.81816959,0.51729393,2.32998824,1.05977297,-0.39024618,-2.15038943,2.15208292
0.87115831,0.00729679,0.01448015,-0.27985812,-0.24012355,-0.15487851,0.06133301,1.00385029,-1.39056549,-0.04632192,0.18911332,-1.36627178,0.12218014,1.24545660,-1.51268220,-0.11121836,0.41252912,-1.48427713,0.91537810,0.06138749,0.33262468,0.33066425,0.36143614,0.12440406,-0.28270915,0.10638135,-0.12704099,-0.31123971,-0.07960900,0.10424298,-0.31065792,-0.32762642,-0.11181636,-0.29471428,2.55129395,0.14770274,-0.00807274,-0.01921409,-0.06311904,0.99778837,2.92550449,0.22567015,0.04795509,2.64085598,0.00829310,0.01942454,2.48542500,0.26112881,0.02000633,2.21220760,0.07797167,0.03594997,0.07077808,1.15357149,1.94007242,1.12041206,-0.59527476,3.78237672,0.30893010,2.12281036,0.85334439,-0.14440663,-0.00628102,0.84442940
0.87698346,0.01731025,-0.04933099,-0.27695946,-0.15079433,-0.22485525,0.06220761,1.02863586,-1.35753727,-0.02464929,0.20930545,-1.32141972,0.12448863,1.28612680,-1.51162696,-0.11182964,0.45129306,-1.50385425,0.91537810,0.06138749,0.33262468,0.33049760,0.35303279,0.12877603,-0.29237609,0.09323931,-0.12838894,-0.31067027,-0.08785297,0.10247344,-0.31199969,-0.33797314,-0.11324934,-0.28997679,2.56873779,0.14574056,-0.01080407,-0.02093617,-0.06531956,0.99758624,2.93551502,0.22753224,0.03812152,2.64449635,0.00632057,0.01982734,2.49495106,0.25876474,0.01849792,2.21891079,0.07738616,0.04052081,0.04189677,1.24842012,1.63044393,1.06552324,1.10120518,2.13435011,0.10411199,2.03421021,-0.01907586,-0.02638015,2.04385352,-1.07336850
0.89245371,0.02482179,-0.10813625,-0.20358327,-0.03330814,-0.18139963,0.06254295,1.06064327,-1.33823338,-0.01297203,0.26219958,-1.31912174,0.12209244,1.32960212,-1.54390044,-0.11134662,0.52007382,-1.54742727,0.91537810,0.06138749,0.33262468,0.32921059,0.33737760,0.13079440,-0.29986690,0.07972280,-0.12967791,-0.30802858,-0.10312456,0.10165810,-0.31098503,-0.34267706,-0.11586648,-0.28167579,2.58652763,0.14379292,-0.01293511,-0.02149221,-0.06716079,0.99742679,2.93835087,0.22835786,0.02934369,2.64821739,0.00462949,0.02118202,2.49790363,0.25831292,0.01822556,2.23144608,0.07472992,0.04753480,0.01504143,1.65430486,0.86988538,0.52012576,2.78852916,-0.09413625,-0.14423158,2.20041690,-1.80328543,0.02672678,3.52789288,-2.22958498
0.92228420,0.02387177,-0.14305933,-0.04970688,0.09361858,-0.06673774,0.06058291,1.09441435,-1.33486929,-0.01529093,0.34102859,-1.35704899,0.11042158,1.36334851,-1.60142837,-0.11122403,0.60257320,-1.59483981,0.91537810,0.06138749,0.33262468,0.32719595,0.31666936,0.12945536,-0.30412892,0.06805112,-0.13094594,-0.30397235,-0.12251492,0.10160685,-0.30883285,-0.34015604,-0.12010247,-0.27192760,2.60488853,0.14171257,-0.01369943,-0.02073523,-0.06794225,0.99737968,2.93614292,0.22720354,0.02306704,2.65462685,0.00277412,0.02322360,2.49722233,0.25893819,0.01836311,2.25162621,0.06866150,0.05526836,-0.11923066,1.65225637,0.10411548,-0.19216913,4.05697665,-2.08957938,-0.65186749,1.56337867,-2.93932891,-0.00005078,4.17330027,-2.35808778
0.96454632,0.01147165,-0.14652955,0.15283755,0.26685750,0.03923561,0.05769303,1.11067069,-1.35001457,-0.02580388,0.42963254,-1.41760671,0.08551309,1.35974133,-1.65749824,-0.11201433,0.68312895,-1.63338959,0.91537810,0.06138749,0.33262468,0.32500476,0.29435801,0.12679418,-0.30520203,0.06457821,-0.13138930,-0.30136850,-0.14300404,0.10229210,-0.30599386,-0.32930958,-0.12622366,-0.26543693,2.62400913,0.13931513,-0.01262164,-0.01824549,-0.06768353,0.99746014,2.93276024,0.22531605,0.01980273,2.67030621,0.00042641,0.02363625,2.49608231,0.25993252,0.01901089,2.28070164,0.05858612,0.05956782,-0.14317787,0.65581793,-0.91031307,-0.56947595,4.47018385,-3.15758204,-1.34363866,-0.49192426,-2.75744653,-0.04555374,3.98418522,-1.84513080
1.00226963,-0.01334025,-0.12809237,0.36285672,0.47096642,0.03642915,0.06261926,1.11225791,-1.44127228,-0.03591235,0.51310334,-1.47840438,0.05076104,1.31506670,-1.71081860,-0.11359178,0.74962358,-1.65361869,0.91537810,0.06138749,0.33262468,0.32299092,0.27260778,0.12568147,-0.30463100,0.07946801,-0.12838522,-0.29684435,-0.16275847,0.10376972,-0.30299369,-0.31020077,-0.13346576,-0.26136295,2.64387569,0.13632755,-0.00934851,-0.01335020,-0.06730220,0.99759951,2.93087368,0.22432182,0.01835992,2.70541172,-0.00155373,0.02614657,2.49650078,0.26098351,0.01999724,2.31858044,0.04565990,0.06162797,0.25799143,0.04165078,-4.62601509,-0.49895018,4.15147495,-3.01820874,-1.73674920,-2.26987548,-2.64892511,-0.07950559,3.30368590,-0.98793697
1.03719408,-0.03561585,-0.08398152,0.48052365,0.54784198,-0.05552299,0.07493884,1.08599629,-1.56638377,-0.04224138,0.58228772,-1.52384562,0.01821517,1.24756219,-1.75122592,-0.11578341,0.80393374,-1.66021698,0.91537810,0.06138749,0.33262468,0.32160328,0.25330557,0.12638314,-0.30411865,0.10775685,-0.12285059,-0.29132997,-0.18118093,0.10553359,-0.30021372,-0.28854232,-0.13964862,-0.25905356,2.66433125,0.13282285,-0.00496773,-0.00752973,-0.06780026,0.99765813,2.93240032,0.22379196,0.01748463,2.75448589,-0.00347075,0.03027331,2.49908524,0.26188726,0.02138956,2.35955524,0.03347499,0.06254972,0.63151182,-1.40301701,-6.27846432,-0.31102372,3.42667770,-2.22686987,-1.60949748,-3.42280459,-1.97669930,-0.11255648,2.69888997,-0.31119631
1.05077854,-0.04908516,-0.03734176,0.53225752,0.42628534,-0.17626204,0.09267953,1.02505922,-1.69106128,-0.04712356,0.64260738,-1.55406396,-0.00753486,1.16459925,-1.77668474,-0.11938200,0.85631167,-1.66472352,0.91537810,0.06138749,0.33262468,0.32091275,0.23580157,0.12785135,-0.30373523,0.14419505,-0.11587870,-0.28438439,-0.19862304,0.10731247,-0.29697396,-0.26525664,-0.14386785,-0.25909047,2.68501301,0.12896104,0.00000894,-0.00275757,-0.06946277,0.99758073,2.93625813,0.22289846,0.01717753,2.81175671,-0.00578361,0.03652836,2.50317936,0.26276538,0.02393880,2.40237732,0.02324390,0.06182228,0.91018028,-3.21373544,-6.18375444,-0.24049637,2.99241734,-1.44907224,-1.25513439,-4.20757189,-1.21078912,-0.18804913,2.63280892,-0.24184511
1.03800732,-0.05598282,0.01146195,0.55794695,0.21002137,-0.29940311,0.11287017,0.91537127,-1.79119623,-0.05163008,0.70093284,-1.57120907,-0.02666752,1.06791317,-1.78640330,-0.12459147,0.90881969,-1.66802466,0.91537810,0.06138749,0.33262468,0.32101505,0.21865460,0.12966376,-0.30334550,0.18768119,-0.10857297,-0.27614146,-0.21500202,0.10896609,-0.29372674,-0.23999724,-0.14619343,-0.26162787,2.70544338,0.12487688,0.00538280,-0.00002231,-0.07232411,0.99736666,2.94051685,0.22163942,0.01766955,2.87549763,-0.00963659,0.04487359,2.50841084,0.26372087,0.02728831,2.44686584,0.01483665,0.05938718,1.01088526,-5.80502391,-4.81144228,-0.22518212,2.91989613,-0.78836768,-0.92282615,-4.91210995,-0.39067695,-0.26846301,2.61278892,-0.13648509
1.00778224,-0.05617713,0.05697890,0.52615940,-0.00519822,-0.40830825,0.13134673,0.75311553,-1.84454775,-0.05539845,0.76020008,-1.57597852,-0.04078776,0.95739901,-1.77737367,-0.13008384,0.95883119,-1.66184509,0.91537810,0.06138749,0.33262468,0.32195637,0.20090455,0.13166367,-0.30299589,0.23597595,-0.10234017,-0.26684624,-0.23085198,0.11046728,-0.29192375,-0.21258269,-0.14722015,-0.26640168,2.72528648,0.12068832,0.01067322,0.00058220,-0.07624690,0.99703167,2.94387245,0.22027814,0.01896048,2.94296074,-0.01633751,0.05511013,2.51391220,0.26496780,0.03003262,2.49279308,0.00749826,0.05555469,0.90601081,-8.47815132,-2.29739404,-0.18110900,2.97096825,-0.14915942,-0.67279166,-5.62508535,0.59133762,-0.27345300,2.48191571,0.38949963
0.97342839,-0.04876078,0.08379606,0.41899764,-0.19681163,-0.48220317,0.14330379,0.56603709,-1.83305209,-0.05607421,0.81784129,-1.56477127,-0.04770126,0.83891902,-1.74609270,-0.13567777,1.00607252,-1.64620020,0.91537810,0.06138749,0.33262468,0.32357914,0.18257167,0.13414483,-0.30291027,0.28232626,-0.09864463,-0.25741987,-0.24620453,0.11147026,-0.29177085,-0.18407630,-0.14678672,-0.27300120,2.74435120,0.11652944,0.01503918,-0.00105973,-0.08101538,0.99659882,2.94619179,0.21942563,0.02066887,3.00703850,-0.02641902,0.06615927,2.51938286,0.26630106,0.03180829,2.53898392,0.00140035,0.05057794,0.58630169,-9.33586922,0.64694303,-0.02951918,2.87504816,0.58277032,-0.33332633,-5.92111397,1.58819809,-0.28118848,2.36375618,0.78352827
0.94926980,-0.03634491,0.10250412,0.30173780,-0.36045889,-0.49582833,0.14658845,0.39795970,-1.77576125,-0.05401009,0.86986887,-1.53678641,-0.04579839,0.72311764,-1.69947386,-0.14316492,1.05545592,-1.62994058,0.91537810,0.06138749,0.33262468,0.32569279,0.16403775,0.13692509,-0.30350841,0.32136669,-0.09708611,-0.25019633,-0.26135437,0.11150801,-0.29194386,-0.15619538,-0.14433720,-0.28055085,2.76292000,0.11247871,0.01837869,-0.00441552,-0.08592246,0.99612251,2.94799309,0.21927204,0.02218438,3.06289902,-0.03823576,0.07549646,2.52453690,0.26711907,0.03374893,2.58430328,-0.00296085,0.04514194,0.13526539,-8.30412045,2.96169353,0.10926170,2.58030272,1.45497890,0.12156575,-5.77770805,2.36357250,-0.38582894,2.48214102,0.81270784
0.94615267,-0.01784622,0.10279156,0.23632617,-0.44146043,-0.40221593,0.13654293,0.26561162,-1.68448668,-0.04986326,0.91473293,-1.49081249,-0.03478717,0.60932839,-1.64045038,-0.15473764,1.11162839,-1.61266587,0.91537810,0.06138749,0.33262468,0.32797970,0.14469559,0.14006910,-0.30507163,0.35145378,-0.09787696,-0.24810754,-0.27813915,0.11023342,-0.29170057,-0.12860571,-0.13944366,-0.28847608,2.78141479,0.10862477,0.02113164,-0.00864317,-0.08997916,0.99568193,2.94890976,0.22043533,0.02290807,3.10958118,-0.05076933,0.07987215,2.52759018,0.26700993,0.03627913,2.62986050,-0.00545967,0.03950362,-0.57764318,-6.45960922,4.70926199,0.21605706,2.21371999,2.36711435,0.58879962,-5.69406176,3.00995898,-0.59654863,2.85057139,0.87443298
0.95125800,0.00102034,0.07735229,0.21733546,-0.47795016,-0.16905680,0.11692587,0.18149124,-1.57349553,-0.04522205,0.95315821,-1.43426509,-0.01897969,0.50908196,-1.57461023,-0.16815974,1.17445807,-1.59088199,0.91537810,0.06138749,0.33262468,0.33000095,0.12504359,0.14334021,-0.30667987,0.37021546,-0.09963048,-0.25397192,-0.29742468,0.10854899,-0.29057587,-0.10429486,-0.13301878,-0.29643206,2.80005226,0.10504992,0.02371656,-0.01320939,-0.09188378,0.99539962,2.94928665,0.22299657,0.02332107,3.14568348,-0.06085601,0.07602903,2.52761192,0.26635890,0.03942508,2.67310886,-0.00656006,0.03356889,-1.00120118,-3.88153648,5.60118866,0.22828847,1.88635888,2.86468625,0.80009764,-4.87229300,3.30138850,-0.67168623,3.16610789,1.12358798
0.95381669,0.00398837,0.01350411,0.21123493,-0.47540460,0.07401839,0.09534809,0.16225193,-1.47530639,-0.04366294,0.98681998,-1.37557614,-0.00473633,0.45619377,-1.52431202,-0.17939618,1.23450971,-1.56455064,0.91537810,0.06138749,0.33262468,0.33102724,0.10587667,0.14567484,-0.30770792,0.37328596,-0.10106938,-0.26716124,-0.31677366,0.10763558,-0.28872471,-0.09135017,-0.12686628,-0.30382505,2.81878948,0.10161555,0.02627246,-0.01774869,-0.09138785,0.99531051,2.94952869,0.22546339,0.02331932,3.16728687,-0.06603587,0.06386600,2.52705193,0.26538420,0.04230253,2.70577240,-0.00639856,0.02720219,-1.08832192,-0.47539559,4.75562048,0.04902094,1.65290582,2.93720460,0.69166476,-2.24084067,2.35480046,-0.53967476,2.96248889,1.34484518
0.94876447,-0.00725160,-0.05745494,0.20960060,-0.45105234,0.18572246,0.07144169,0.18958857,-1.40908394,-0.04583893,1.01934307,-1.32735522,0.00517663,0.46633388,-1.51575406,-0.18800218,1.29274194,-1.56200361,0.91537810,0.06138749,0.33262468,0.33064032,0.08848443,0.14677614,-0.30695558,0.36435155,-0.10370294,-0.28156207,-0.33079124,0.10783119,-0.28388115,-0.09259008,-0.12199999,-0.30868742,2.83747616,0.09813457,0.02880505,-0.02202644,-0.08946252,0.99532988,2.95086880,0.22664464,0.02368474,3.17729645,-0.06928265,0.04907825,2.53141212,0.26358914,0.04675917,2.72449169,-0.00526481,0.02195290,-1.18785951,1.39800215,3.26430826,-0.10990494,1.62943685,2.38640907,0.48830177,0.57318805,0.37537047,-0.42421046,2.91372275,0.07813737
0.94529550,-0.02150770,-0.11999907,0.19351026,-0.30319120,0.17394852,0.05586115,0.23881511,-1.38031878,-0.04765677,1.05436475,-1.29692376,0.01030876,0.51746898,-1.53985612,-0.19130940,1.34671285,-1.58481045,0.91537810,0.06138749,0.33262468,0.32911409,0.07285612,0.14770851,-0.30403117,0.34993520,-0.10516381,-0.29286412,-0.33892336,0.10945433,-0.27639922,-0.10335152,-0.11894318,-0.31048856,2.85612049,0.09452920,0.03108804,-0.02494651,-0.08764260,0.99535420,2.95386219,0.22709005,0.02508292,3.18205185,-0.07064593,0.03624997,2.54178467,0.26198750,0.05271486,2.73342876,-0.00434322,0.01862553,-0.73307037,2.52437468,1.29775572,-0.08178484,1.75965631,1.46686211,0.24553047,2.63579173,-1.26906530,-0.14281923,2.64537606,-1.14781089
0.95912561,-0.02808039,-0.16146109,0.09209216,-0.04501011,0.07040510,0.05635562,0.30823493,-1.39715748,-0.04529634,1.08786204,-1.28359461,0.01319017,0.58778354,-1.57790186,-0.18703889,1.38074815,-1.61376286,0.91537810,0.06138749,0.33262468,0.32677025,0.05981064,0.14905125,-0.29990878,0.33140861,-0.10353968,-0.29962608,-0.34153640,0.11198734,-0.26954249,-0.11951322,-0.11753483,-0.30973913,2.87503242,0.09082725,0.03220296,-0.02551193,-0.08683850,0.99537490,2.95996189,0.22713783,0.02686147,3.18325691,-0.06901579,0.02714417,2.55831165,0.26075733,0.05722776,2.73682423,-0.00402179,0.01703112,0.09356023,3.54682789,-1.01696913,0.14158978,1.64247596,0.60485597,0.14371496,3.54944854,-1.91379964,0.24421869,1.60874741,-1.49413764
0.99108180,-0.01907900,-0.15813721,-0.07758254,0.20467679,-0.05510885,0.06608660,0.38916970,-1.44569526,-0.03768510,1.11729977,-1.29407058,0.01725511,0.66092173,-1.61599929,-0.17629293,1.39112747,-1.65386038,0.91537810,0.06138749,0.33262468,0.32438436,0.05180004,0.15070617,-0.29505028,0.31098076,-0.10103435,-0.30210621,-0.33689525,0.11471377,-0.26393822,-0.13749077,-0.11708334,-0.30723248,2.89455147,0.08715241,0.03146859,-0.02379594,-0.08729476,0.99540098,2.97198772,0.22643349,0.02933408,3.18298378,-0.06687284,0.02227814,2.58300648,0.25919130,0.06044613,2.73865223,-0.00399389,0.01715188,0.51007758,4.08605099,-2.56884506,0.40950203,1.46367919,-0.70024820,0.21543790,3.65142465,-1.89387548,0.57135946,0.37542340,-2.06980989
1.02433780,0.00307272,-0.13241127,-0.24066680,0.40258017,-0.13181178,0.07977957,0.47259340,-1.50451529,-0.02815985,1.13774085,-1.33744895,0.02349349,0.72833389,-1.64309740,-0.16079561,1.37061679,-1.70150161,0.91537810,0.06138749,0.33262468,0.32240599,0.05258439,0.15173207,-0.29030487,0.29009291,-0.09893423,-0.30222449,-0.32395420,0.11721725,-0.26081669,-0.15575786,-0.11711071,-0.30445991,2.91473770,0.08368301,0.02893501,-0.02028153,-0.08857912,0.99544220,2.99343872,0.22366118,0.03210112,3.18264294,-0.06520844,0.02018151,2.61675739,0.25658166,0.06158930,2.74065399,-0.00389719,0.01794608,0.71250373,4.17641735,-2.97284579,0.48093256,0.93619102,-2.40971780,0.32755828,3.31608987,-1.25040996,0.80534840,-1.26266229,-2.42503142
1.03716495,0.03340348,-0.11516241,-0.38221469,0.50926475,-0.09102982,0.09323855,0.55734279,-1.56328115,-0.02190490,1.14361796,-1.42833645,0.03078692,0.78628886,-1.65657623,-0.14072710,1.31748872,-1.74734719,0.91537810,0.06138749,0.33262468,0.32068918,0.06694331,0.15069635,-0.28543200,0.26878435,-0.09828361,-0.30078002,-0.30402951,0.11968933,-0.26013736,-0.17333353,-0.11781843,-0.30177295,2.93533840,0.08071468,0.02468597,-0.01558438,-0.08958471,0.99555126,3.02820358,0.21697493,0.03525718,3.18215866,-0.06414545,0.01990917,2.65767956,0.25295012,0.06055182,2.74369717,-0.00413420,0.01891623,0.66703529,4.23183403,-2.92061210,0.30657133,0.27296446,-4.59160414,0.36426388,2.88508320,-0.65830274,1.00619614,-2.69065452,-2.27963283
1.02576605,0.06052614,-0.09569741,-0.45501592,0.50185072,0.04018372,0.10231233,0.63629770,-1.60809712,-0.02097582,1.13300357,-1.54323003,0.03741065,0.83588409,-1.65986421,-0.11973189,1.24165807,-1.78308289,0.91537810,0.06138749,0.33262468,0.31918107,0.09044712,0.14774957,-0.27982472,0.24830042,-0.09931074,-0.29938757,-0.28046793,0.12199342,-0.26113895,-0.18966670,-0.11908509,-0.29949277,2.95580769,0.07828758,0.01971472,-0.01095040,-0.08933630,0.99574617,3.07115898,0.20753422,0.03935635,3.18241158,-0.06372087,0.01979349,2.70159817,0.24835279,0.05804212,2.74794102,-0.00505607,0.01968830,0.43940626,3.91797829,-2.18970375,0.02407627,-0.59117889,-5.74859285,0.32652562,2.45948896,-0.14068365,1.04517524,-3.84730325,-1.74891603
0.99615376,0.07785060,-0.06003456,-0.45763644,0.39179768,0.23501117,0.10644364,0.70498618,-1.63435187,-0.02940763,1.09653525,-1.65585449,0.04241131,0.88048691,-1.65590284,-0.10107365,1.14710183,-1.80373948,0.91537810,0.06138749,0.33262468,0.31820346,0.12003363,0.14241579,-0.27444786,0.22964229,-0.10148620,-0.29862305,-0.25437959,0.12379273,-0.26374420,-0.20498587,-0.12070155,-0.29779245,2.97577133,0.07635074,0.01480217,-0.00730193,-0.08720434,0.99605370,3.11874809,0.19571562,0.04375560,3.18425922,-0.06353433,0.01958041,2.74680347,0.24250529,0.05445925,2.75291462,-0.00685358,0.02041101,0.18570603,3.39129329,-1.22931424,-0.47044431,-1.96103654,-5.60070229,0.24312467,2.22076178,0.22313116,0.91871259,-4.80352564,-0.95777599
0.95587803,0.08502415,-0.00936355,-0.43758221,0.22294518,0.45914256,0.10537453,0.76660546,-1.64071140,-0.04929324,1.01183252,-1.75769818,0.04662339,0.92469710,-1.64596899,-0.08581599,1.03350234,-1.80484374,0.91537810,0.06138749,0.33262468,0.31810611,0.15950826,0.13448533,-0.26918831,0.21160868,-0.10461396,-0.29893452,-0.22554932,0.12495475,-0.26813708,-0.22025133,-0.12223902,-0.29687642,2.99500046,0.07482643,0.01023353,-0.00520604,-0.08288995,0.99649256,3.17454605,0.18109293,0.04891780,3.18640385,-0.06332948,0.01917159,2.79321079,0.23534782,0.04996903,2.75757198,-0.00932074,0.02122968,-0.08460000,3.05340219,-0.20244740,-1.05996428,-4.57985950,-5.01489639,0.20962647,2.21596241,0.53135485,0.74307621,-5.79469252,0.06525707
0.91730031,0.08368420,0.03832951,-0.41217166,0.01533750,0.68095126,0.09748504,0.82007098,-1.62566352,-0.07599398,0.86124414,-1.82011509,0.05359526,0.97229701,-1.63667250,-0.07589521,0.91061354,-1.78583908,0.91537810,0.06138749,0.33262468,0.31893274,0.20857404,0.12534274,-0.26413593,0.19402640,-0.10915389,-0.30042563,-0.19563778,0.12499178,-0.27379699,-0.23535666,-0.12266709,-0.29616839,3.01348114,0.07363224,0.00608461,-0.00503817,-0.07639100,0.99704664,3.23872089,0.16572452,0.05479681,3.18860626,-0.06381595,0.01850711,2.83917713,0.22697890,0.04513575,2.76217937,-0.01173401,0.02276435,-0.44710588,2.60551906,0.90870374,-1.37034678,-8.01591396,-2.76522136,0.37667981,2.41116619,0.44111964,0.45257401,-6.17997360,1.09108686
0.88813308,0.07060562,0.07485877,-0.35189483,-0.11819227,0.79440114,0.08435195,0.86263170,-1.59449494,-0.09430682,0.67083108,-1.80917022,0.06418098,1.02099855,-1.62641704,-0.07362290,0.78554049,-1.74338405,0.91537810,0.06138749,0.33262468,0.32064214,0.25768820,0.11921012,-0.25963066,0.17770283,-0.11478482,-0.30246975,-0.16624346,0.12344012,-0.28055462,-0.25013765,-0.12164582,-0.29581837,3.03126411,0.07259922,0.00267650,-0.00641222,-0.06844457,0.99763072,3.30282173,0.15548904,0.06101148,3.19162025,-0.06538541,0.01817239,2.88344231,0.21759255,0.04008752,2.76685352,-0.01373494,0.02482377,-0.65782869,2.11678431,1.57048690,-0.89579281,-9.50745373,0.63593525,0.53409637,2.43643260,0.51948878,0.10273620,-6.25634861,2.15267930
0.86669666,0.04876877,0.09993847,-0.26138100,-0.21175317,0.75270324,0.07150707,0.89798586,-1.55520360,-0.09933379,0.49414226,-1.74184883,0.07740440,1.06944973,-1.60824239,-0.07923650,0.65908365,-1.68096378,0.91537810,0.06138749,0.33262468,0.32291420,0.29897414,0.11673542,-0.25760223,0.16218416,-0.11982622,-0.30476484,-0.13703697,0.12005965,-0.28815316,-0.26584327,-0.11928191,-0.29643661,3.04857178,0.07147532,0.00020454,-0.00865018,-0.06084192,0.99810991,3.35951233,0.15102823,0.06531196,3.19499893,-0.06716492,0.01814936,2.92713394,0.20729249,0.03476104,2.77020741,-0.01462982,0.02647758,-0.63349087,1.75190079,1.98550408,-0.21773358,-8.76318951,3.48637519,0.66349756,2.41327548,0.95434419,-0.30514463,-6.32319641,3.17102599
0.85709582,0.02411786,0.10745276,-0.19246272,-0.25177201,0.56372496,0.06290462,0.92842886,-1.51082649,-0.09449495,0.35039096,-1.64165502,0.09151768,1.11565747,-1.57964218,-0.09093494,0.54236976,-1.60838878,0.91537810,0.06138749,0.33262468,0.32545108,0.33107301,0.11672739,-0.25917482,0.14698125,-0.12322196,-0.30733140,-0.11013171,0.11517607,-0.29551255,-0.28273014,-0.11621920,-0.29782952,3.06562119,0.07010732,-0.00155504,-0.01127235,-0.05498864,0.99842214,3.40750885,0.14977818,0.06627627,3.19818439,-0.06850774,0.01811968,2.96880131,0.19667916,0.02993853,2.77183990,-0.01436632,0.02762156,-0.40520474,1.50465262,2.22783852,0.27337027,-7.00069094,5.09780331,0.70990943,2.30651927,1.44304264,-0.59684075,-5.73755445,3.63027167
0.85668897,0.00614652,0.09318400,-0.18786563,-0.26837056,0.27976259,0.05974609,0.95559559,-1.46654167,-0.08350942,0.25262405,-1.53238783,0.10501151,1.15984225,-1.55018089,-0.10245637,0.45660378,-1.54331748,0.91537810,0.06138749,0.33262468,0.32783037,0.35188140,0.11801669,-0.26501895,0.13242227,-0.12497805,-0.30957550,-0.09022861,0.11031765,-0.30171570,-0.29927737,-0.11337919,-0.29851273,3.08261757,0.06849570,-0.00323524,-0.01403478,-0.05184461,0.99855130,3.44482307,0.14946256,0.06281141,3.20139484,-0.06951563,0.01825487,3.00429020,0.18755875,0.02611467,2.77321358,-0.01330254,0.02931764,-0.12840498,1.34307063,2.20433521,0.57931480,-4.61537466,5.46597958,0.66425124,2.19287677,1.46864307,-0.56238276,-4.07695971,3.17700553
