vx,vy,vz,wx,wy,wz,base1,shoulder1,elbow1,base2,shoulder2,elbow2,base3,shoulder3,elbow3,base4,shoulder4,elbow4,com_vx,com_vy,com_wz,height,e1x,e1y,e1z,e2x,e2y,e2z,e3x,e3y,e3z,e4x,e4y,e4z,com_x,com_y,quat_x,quat_y,quat_z,quat_w,e1x_w,e1y_w,e1z_w,e2x_w,e2y_w,e2z_w,e3x_w,e3y_w,e3z_w,e4x_w,e4y_w,e4z_w,jv_base1,jv_shoulder1,jv_elbow1,jv_base2,jv_shoulder2,jv_elbow2,jv_base3,jv_shoulder3,jv_elbow3,jv_base4,jv_shoulder4,jv_elbow4
0.00000000,0.00000000,0.00000000,0.00000000,0.00000000,0.00000000,0.06440102,1.09275770,-1.37671256,-0.00963333,0.35450080,-1.35487378,0.07316876,1.34273589,-1.58708405,-0.09150548,0.61840093,-1.58625627,0.87214413,0.04586163,0.33071442,0.32670012,0.31092540,0.13461450,-0.30563561,0.07587429,-0.12655536,-0.30353415,-0.12947271,0.11054801,-0.30867879,-0.33894593,-0.12669028,-0.27287318,0.00000000,0.00000000,-0.00954645,-0.01839087,-0.14069295,0.98983642,0.33610916,0.04273522,0.02106451,0.03764343,-0.14267494,0.02316597,-0.09357929,0.14222153,0.01802133,-0.36081600,-0.02732368,0.05382694,0.00000000,0.00000000,0.00000000,0.00000000,0.00000000,0.00000000,0.00000000,0.00000000,0.00000000,0.00000000,0.00000000,0.00000000
0.78492463,0.02804740,-0.08222019,0.22990755,0.23581743,0.01593266,0.05834916,1.10978522,-1.38129725,-0.02100286,0.42300150,-1.40536492,0.05709232,1.34013336,-1.62883337,-0.09279205,0.67461556,-1.60881374,0.87214413,0.04586163,0.33071442,0.32556740,0.29354008,0.13204595,-0.30612644,0.06985811,-0.12760507,-0.30149723,-0.14499884,0.11122044,-0.30671708,-0.33137803,-0.13017174,-0.26769647,0.01526489,-0.00384534,-0.00764543,-0.01576647,-0.14055847,0.98991731,0.33395195,0.04132622,0.01944096,0.04686604,-0.14584737,0.02407017,-0.09306889,0.14332273,0.01885032,-0.33924503,-0.03669030,0.05787093,-0.30008851,0.81104994,-0.23539494,-0.57149020,3.43109021,-2.52753043,-0.81403170,-0.17157267,-2.09737153,-0.06541004,2.80780697,-1.11471308
0.80492094,0.00746971,-0.06652380,0.40881837,0.32997208,0.01602246,0.05532860,1.10623679,-1.40872912,-0.03332629,0.49424856,-1.45603974,0.03438389,1.30770161,-1.67476923,-0.09493881,0.72684766,-1.62128766,0.87214413,0.04586163,0.33071442,0.32463349,0.27481709,0.13013101,-0.30613516,0.07393190,-0.12681158,-0.30115835,-0.16128290,0.11238983,-0.30482188,-0.31615058,-0.13446500,-0.26451609,0.03078918,-0.00816180,-0.00414887,-0.01199693,-0.14040977,0.99001210,0.33094978,0.04043996,0.01849833,0.06655293,-0.15052773,0.02347514,-0.09289150,0.14463459,0.01981162,-0.31028042,-0.04943593,0.06011741,-0.13323886,-0.18155049,-1.56926382,-0.61064256,3.55954003,-2.52070975,-1.15069280,-1.71264822,-2.28912864,-0.11053124,2.58640099,-0.58866259
0.82247284,-0.01475119,-0.05478963,0.52458201,0.38387811,-0.05656117,0.05781301,1.09287481,-1.49002931,-0.04242459,0.55933568,-1.49962313,0.00963699,1.25099964,-1.71724226,-0.09806626,0.77253237,-1.62587109,0.87214413,0.04586163,0.33071442,0.32377220,0.25696285,0.12987350,-0.30568215,0.09095837,-0.12395750,-0.29829319,-0.17714806,0.11380805,-0.30274430,-0.29604844,-0.13875471,-0.26276624,0.04649448,-0.01299256,0.00046028,-0.00747119,-0.14092868,0.98999145,0.32949238,0.04000959,0.01809005,0.09924583,-0.15740925,0.02547901,-0.09185467,0.14573116,0.02102790,-0.27651463,-0.06361532,0.06100596,0.14369236,-0.75797653,-4.20835123,-0.43372180,3.19838166,-2.13431723,-1.22718697,-2.89567828,-2.10435247,-0.15979295,2.26916876,-0.22033309
0.83661981,-0.02995553,-0.03866358,0.54062203,0.30946080,-0.16741274,0.06512089,1.05627375,-1.59402688,-0.04789587,0.61309135,-1.53100579,-0.01148658,1.17921724,-1.75137794,-0.10238101,0.81942267,-1.63117208,0.87214413,0.04586163,0.33071442,0.32305941,0.24171123,0.13092281,-0.30497304,0.11857291,-0.11970545,-0.29390811,-0.19288381,0.11513937,-0.29991944,-0.27353440,-0.14198229,-0.26229029,0.06237316,-0.01824081,0.00535198,-0.00352141,-0.14249558,0.98977471,0.33120174,0.03917254,0.01808637,0.14235840,-0.16653542,0.02915130,-0.09019260,0.14663770,0.02313997,-0.24010601,-0.07728647,0.06076912,0.39415676,-1.97256660,-5.28350925,-0.25848711,2.63044286,-1.49197757,-1.03010311,-3.67934394,-1.64270916,-0.22419010,2.37163763,-0.28106401
0.82821620,-0.03870119,-0.00937820,0.51743286,0.15124186,-0.28535090,0.07829216,0.98792642,-1.70056522,-0.05173642,0.66117114,-1.55011606,-0.02826644,1.08827126,-1.77229369,-0.10669218,0.87016487,-1.63512218,0.87214413,0.04586163,0.33071442,0.32276899,0.22772078,0.13253154,-0.30442025,0.15458640,-0.11403618,-0.28756447,-0.20897794,0.11661644,-0.29697724,-0.24771144,-0.14401033,-0.26392253,0.07806110,-0.02371223,0.01025409,-0.00106748,-0.14518104,0.98935139,0.33425713,0.03780980,0.01834874,0.19336891,-0.17735244,0.03520451,-0.08860397,0.14802574,0.02579175,-0.20058060,-0.09048597,0.05884646,0.70281607,-3.66357183,-5.31050873,-0.18325856,2.37590051,-0.87136739,-0.80859369,-4.69382238,-0.94562525,-0.21129636,2.56206727,-0.17598866
0.79562722,-0.04174199,0.03124567,0.45816845,-0.03436399,-0.39650032,0.09437050,0.86779392,-1.77877545,-0.05483145,0.71031574,-1.55839248,-0.04011576,0.97328466,-1.76979756,-0.11245581,0.92402267,-1.63161097,0.87214413,0.04586163,0.33071442,0.32330196,0.21335231,0.13433831,-0.30390508,0.19818898,-0.10820067,-0.27953997,-0.22581564,0.11765493,-0.29502975,-0.21796291,-0.14482681,-0.26827399,0.09303761,-0.02922075,0.01485971,-0.00073081,-0.14907497,0.98871397,0.33651180,0.03624912,0.01939688,0.25051994,-0.19104031,0.04376199,-0.08805637,0.14977745,0.02827221,-0.15793438,-0.10335373,0.05502797,0.80511507,-6.06502790,-3.84922452,-0.15271276,2.45995522,-0.40000103,-0.58533741,-5.76696997,0.15969371,-0.28741691,2.68422008,0.19188736
0.76025824,-0.03953639,0.05924291,0.33595053,-0.21135519,-0.47506839,0.11031359,0.71238976,-1.81270638,-0.05641739,0.76059564,-1.55677714,-0.04692339,0.84956478,-1.74413610,-0.11833198,0.97272286,-1.61969075,0.87214413,0.04586163,0.33071442,0.32441901,0.19842808,0.13620399,-0.30348058,0.24354948,-0.10319581,-0.27038261,-0.24139085,0.11824418,-0.29457261,-0.18745522,-0.14461982,-0.27426228,0.10730839,-0.03464354,0.01855776,-0.00228955,-0.15370866,0.98793928,0.33773632,0.03484169,0.02093843,0.30799675,-0.20695113,0.05403640,-0.08675175,0.15134541,0.02984640,-0.11522198,-0.11548034,0.05015673,0.78981107,-7.83090982,-1.56018862,-0.07439960,2.51172113,0.11058568,-0.32560572,-6.18512430,1.34028903,-0.29875695,2.42678237,0.59846729
0.73232299,-0.03283772,0.07165595,0.19534581,-0.35415586,-0.50155419,0.12207681,0.54719359,-1.79954467,-0.05610081,0.80897540,-1.54419136,-0.04753006,0.72858735,-1.70117984,-0.12569056,1.02033451,-1.60857139,0.87214413,0.04586163,0.33071442,0.32585698,0.18337065,0.13812138,-0.30334896,0.28589820,-0.09985207,-0.26124657,-0.25553889,0.11795809,-0.29445637,-0.15795133,-0.14312770,-0.28088919,0.12102470,-0.03992518,0.02112830,-0.00546969,-0.15859617,0.98710229,0.33843956,0.03378432,0.02250802,0.36123867,-0.22433088,0.06461041,-0.08468552,0.15216215,0.03140060,-0.07381954,-0.12635366,0.04496779,0.56104897,-8.23632336,0.85629696,0.02505992,2.40453362,0.67935557,0.00212427,-6.02318525,2.20632915,-0.37285563,2.38615012,0.54304643
0.71754858,-0.02322158,0.07055827,0.07248907,-0.44152367,-0.46095249,0.12744820,0.40134650,-1.74836731,-0.05340215,0.85258635,-1.51757231,-0.03986218,0.60997173,-1.64307094,-0.13475354,1.07140224,-1.59955978,0.87214413,0.04586163,0.33071442,0.32741457,0.16801771,0.14024958,-0.30407432,0.32091765,-0.09812156,-0.25448309,-0.26959740,0.11678166,-0.29412289,-0.12901225,-0.13970260,-0.28801111,0.13444443,-0.04506362,0.02263058,-0.00971379,-0.16312079,0.98629869,0.33869324,0.03356411,0.02334025,0.40662632,-0.24136186,0.07293148,-0.08314171,0.15236229,0.03329168,-0.03270321,-0.13574242,0.03940345,0.23176296,-7.12234783,2.74081256,0.14952299,2.14731355,1.42121876,0.43368141,-5.93284845,2.99845481,-0.46526632,2.58237910,0.44242427
0.71422227,-0.01076972,0.05140859,0.03093377,-0.49252869,-0.30982917,0.11919451,0.28306317,-1.66407633,-0.04811669,0.89135540,-1.47535324,-0.02586310,0.49632844,-1.57085252,-0.14587158,1.12874937,-1.58888447,0.87214413,0.04586163,0.33071442,0.32876676,0.15151682,0.14303990,-0.30572094,0.34839968,-0.09894283,-0.25260797,-0.28531645,0.11498824,-0.29327989,-0.10141636,-0.13446065,-0.29565381,0.14782143,-0.05002907,0.02373477,-0.01452608,-0.16629839,0.98568276,0.33792686,0.03528026,0.02304582,0.44436264,-0.25796014,0.07615879,-0.08386707,0.15232758,0.03548688,0.00785351,-0.14369831,0.03311296,-0.53053200,-5.72353172,4.45471287,0.28284565,1.90664995,2.22182035,0.73812264,-5.63140678,3.70551085,-0.57039410,2.91565394,0.55448055
0.71306548,-0.00575135,0.02154978,0.07575787,-0.52521282,-0.04476249,0.10030930,0.21147153,-1.55905771,-0.04413419,0.92528011,-1.42383220,-0.01380061,0.42440654,-1.50846195,-0.15658986,1.18492727,-1.56799469,0.87214413,0.04586163,0.33071442,0.32964042,0.13442449,0.14582197,-0.30739776,0.36435642,-0.10088969,-0.25890157,-0.30242828,0.11371149,-0.29246181,-0.08372932,-0.12928148,-0.30281836,0.16121788,-0.05485208,0.02533605,-0.01960991,-0.16668475,0.98548959,0.33620129,0.03850101,0.02224266,0.47194366,-0.27022110,0.07073885,-0.08681488,0.15220570,0.03717861,0.03954849,-0.14930238,0.02682206,-0.95005295,-3.49517353,5.23289490,0.19286579,1.69368470,2.57307076,0.59725009,-3.51521959,3.07837467,-0.53317540,2.79708028,1.05391495
0.72152345,-0.01584566,-0.02504320,0.12849200,-0.45116552,0.14024225,0.07706566,0.19395572,-1.47041755,-0.04438054,0.95836903,-1.37725446,-0.00528470,0.40917896,-1.47914715,-0.16557912,1.23492360,-1.54656405,0.87214413,0.04586163,0.33071442,0.32972953,0.11750714,0.14744530,-0.30810767,0.36663071,-0.10353347,-0.27054028,-0.31836526,0.11315982,-0.29071664,-0.07964262,-0.12490148,-0.30873348,0.17475853,-0.05983454,0.02737413,-0.02385067,-0.16527412,0.98557915,0.33405476,0.04102554,0.02162186,0.48730354,-0.27767135,0.05918925,-0.08902893,0.15129992,0.03901289,0.05862007,-0.15178662,0.02099605,-1.17680261,-0.75707453,4.35840044,-0.02331023,1.65884173,2.29435854,0.41970108,-0.59881241,1.34074973,-0.44586590,2.49707341,1.02981081
0.73277311,-0.03021208,-0.07568291,0.15481753,-0.35365601,0.20169433,0.05268027,0.21149048,-1.41084468,-0.04708745,0.99337718,-1.34461899,0.00130115,0.44372919,-1.49056427,-0.17281404,1.28391590,-1.54218783,0.87214413,0.04586163,0.33071442,0.32888803,0.10176513,0.14822041,-0.30692933,0.35981687,-0.10711098,-0.28251175,-0.33102776,0.11329691,-0.28642108,-0.08681574,-0.12122200,-0.31196029,0.18849545,-0.06505105,0.02953063,-0.02712574,-0.16323063,0.98577274,0.33276386,0.04224320,0.02195870,0.49426098,-0.28287754,0.04637628,-0.08802872,0.14930835,0.04246694,0.06711159,-0.15164034,0.01692774,-1.20144582,0.98981158,2.83518496,-0.13796594,1.76080859,1.56140745,0.32218090,1.90015652,-0.72819465,-0.35139689,2.44506001,0.13170861
0.75213897,-0.03929591,-0.10875930,0.14620393,-0.17993893,0.15216077,0.03960542,0.25121010,-1.38546169,-0.04858116,1.02791896,-1.32191730,0.00622953,0.50453507,-1.52381542,-0.17690738,1.33058982,-1.55824480,0.87214413,0.04586163,0.33071442,0.32742613,0.08706650,0.14898817,-0.30455808,0.34748642,-0.10849982,-0.29248824,-0.33950003,0.11413947,-0.27964197,-0.10042643,-0.11851110,-0.31286876,0.20257359,-0.07047882,0.03137345,-0.02882948,-0.16162574,0.98593189,0.33284130,0.04269526,0.02286805,0.49687328,-0.28473734,0.03493789,-0.08235245,0.14655861,0.04778416,0.06943130,-0.15050059,0.01455736,-0.55846071,2.09475582,1.07070918,-0.05993288,1.71202385,1.10611293,0.23695562,3.13020539,-1.72355878,-0.18360005,2.31506658,-0.92007780
0.78173048,-0.03775812,-0.12682853,0.07767760,0.05127630,0.03369951,0.04304524,0.30930510,-1.39681304,-0.04609141,1.05919468,-1.30548489,0.01015603,0.57447523,-1.56974673,-0.17614450,1.36491430,-1.58654153,0.87214413,0.04586163,0.33071442,0.32560289,0.07349892,0.15016918,-0.30174692,0.33122790,-0.10631900,-0.29942392,-0.34296466,0.11546024,-0.27244461,-0.11635083,-0.11710135,-0.31068469,0.21721363,-0.07603761,0.03223052,-0.02848986,-0.16115189,0.98599168,0.33489704,0.04272050,0.02385597,0.49701118,-0.28274751,0.02617897,-0.07077885,0.14308828,0.05315828,0.06951141,-0.14975529,0.01491820,0.28949660,3.03411651,-0.83569044,0.15694609,1.53865802,0.77341312,0.19103798,3.54339457,-2.39286637,0.07617294,1.60204399,-1.47861946
0.81519208,-0.02524865,-0.10709619,-0.02790163,0.22391564,-0.08077417,0.05490218,0.37271037,-1.43237350,-0.03838582,1.08750672,-1.30263810,0.01370975,0.63454342,-1.60195374,-0.17029149,1.37661321,-1.61170535,0.87214413,0.04586163,0.33071442,0.32410136,0.06278963,0.15183961,-0.29812078,0.31454830,-0.10313975,-0.30252780,-0.34189197,0.11680030,-0.26770652,-0.13149001,-0.11680335,-0.30845598,0.23259449,-0.08163654,0.03160269,-0.02639014,-0.16199002,0.98593309,0.34085026,0.04196967,0.02598059,0.49731083,-0.28039191,0.02157356,-0.05362492,0.13884221,0.05639485,0.07054234,-0.14998670,0.01564538,0.59462565,3.16342649,-1.78958549,0.39089386,1.40752876,0.12038756,0.17738492,2.98809290,-1.59209478,0.29720806,0.56119962,-1.26966894
0.84470756,-0.00742829,-0.08376865,-0.10959525,0.37158849,-0.14378662,0.06783987,0.43133204,-1.47432020,-0.02737001,1.11012721,-1.31541920,0.01701601,0.68443966,-1.62157245,-0.16136449,1.37178514,-1.64405541,0.87214413,0.04586163,0.33071442,0.32300411,0.05654954,0.15372251,-0.29430394,0.29937608,-0.10071470,-0.30341753,-0.33572969,0.11808095,-0.26418052,-0.14558923,-0.11723225,-0.30652472,0.24858036,-0.08716512,0.02993379,-0.02301825,-0.16347550,0.98582447,0.35187206,0.03995406,0.02870017,0.49919605,-0.27941824,0.01958658,-0.03080425,0.13329297,0.05882360,0.07286816,-0.15092125,0.01647939,0.64879876,2.91743135,-2.10338545,0.55582020,1.11447420,-0.68557404,0.16434266,2.46967421,-0.94633045,0.45430110,-0.28794334,-1.63197458
0.86935179,0.01148251,-0.06456865,-0.17394915,0.48645955,-0.15213392,0.08081554,0.48710868,-1.51676412,-0.01583273,1.12593436,-1.34480727,0.02005244,0.72733959,-1.63042996,-0.14981855,1.34941015,-1.68094380,0.87214413,0.04586163,0.33071442,0.32218985,0.05544898,0.15513866,-0.29080372,0.28478971,-0.09906057,-0.30339157,-0.32476351,0.11935456,-0.26192769,-0.15938952,-0.11824229,-0.30498580,0.26509819,-0.09257491,0.02744618,-0.01862090,-0.16509005,0.98572067,0.36817646,0.03594538,0.03138613,0.50191517,-0.27921868,0.01879828,-0.00287209,0.12630583,0.06026216,0.07583046,-0.15227401,0.01720405,0.64533471,2.78768539,-2.11506701,0.57201906,0.75532430,-1.54243462,0.15106361,2.12530875,-0.40447280,0.58758380,-1.20113888,-1.86085927
0.88599392,0.02994272,-0.04984562,-0.24317641,0.52385225,-0.10672570,0.09216080,0.54685411,-1.55607767,-0.00669683,1.12983174,-1.39321597,0.02334683,0.76792485,-1.63275983,-0.13585263,1.30447116,-1.71735418,0.87214413,0.04586163,0.33071442,0.32155295,0.06180439,0.15539696,-0.28828463,0.26885367,-0.09837926,-0.30328829,-0.30843103,0.12068868,-0.26173694,-0.17343697,-0.11959333,-0.30361091,0.28202438,-0.09781108,0.02424620,-0.01388830,-0.16630611,0.98567820,0.39145794,0.02864956,0.03326832,0.50362415,-0.27906867,0.01826466,0.03037529,0.11752167,0.05981601,0.07892113,-0.15377548,0.01794204,0.55440732,3.02810574,-1.94150295,0.43762592,0.11080455,-2.53760984,0.16805702,2.02580380,-0.08962011,0.71220887,-2.39019992,-1.79929864
0.88209387,0.04605105,-0.05370727,-0.31862263,0.45444278,-0.00714785,0.10026801,0.61278766,-1.59122872,-0.00177801,1.12485659,-1.47391260,0.02756925,0.80860716,-1.63209569,-0.12009533,1.24102318,-1.75170088,0.87214413,0.04586163,0.33071442,0.32077661,0.07765470,0.15407128,-0.28480312,0.25141724,-0.09894896,-0.30272436,-0.28754078,0.12219525,-0.26295522,-0.18745425,-0.12097223,-0.30229473,0.29901886,-0.10275134,0.02042945,-0.00981037,-0.16659212,0.98576542,0.42302322,0.01721170,0.03597349,0.50391006,-0.27887948,0.01805225,0.06765842,0.10720992,0.05782139,0.08220768,-0.15534685,0.01848188,0.37940827,3.33814120,-1.72801483,0.21335486,-0.29545066,-4.29912329,0.21873246,2.03681588,0.04971027,0.79882258,-3.28586316,-1.70730817
0.85324014,0.05770971,-0.04820359,-0.33922924,0.32495394,0.14056397,0.10405002,0.67643284,-1.61496041,-0.00346025,1.09728441,-1.56714010,0.03198569,0.84976704,-1.63000603,-0.10509552,1.16136923,-1.77595129,0.87214413,0.04586163,0.33071442,0.31998711,0.10260344,0.15099146,-0.28120227,0.23448149,-0.10059741,-0.30197934,-0.26370703,0.12363522,-0.26536932,-0.20098881,-0.12222252,-0.30106132,0.31556339,-0.10721150,0.01654798,-0.00710944,-0.16528477,0.98608142,0.46180973,0.00204917,0.03878485,0.50440121,-0.27879731,0.01800777,0.10661411,0.09568567,0.05461779,0.08569870,-0.15718218,0.01892579,0.18310358,3.17223835,-1.16702546,-0.09537334,-1.41530070,-4.65405426,0.21952073,2.05945587,0.10675191,0.74720875,-4.00345640,-1.19282330
0.81112266,0.06447900,-0.01881038,-0.33623962,0.18799210,0.30876458,0.10378387,0.73340725,-1.62446301,-0.01409902,1.04162230,-1.65750599,0.03554821,0.89171083,-1.62523236,-0.09213857,1.06632328,-1.78502860,0.87214413,0.04586163,0.33071442,0.31971815,0.13433687,0.14577247,-0.27742414,0.21859845,-0.10299165,-0.30177958,-0.23769515,0.12479501,-0.26906627,-0.21444246,-0.12345655,-0.30016189,0.33139515,-0.11120729,0.01292748,-0.00569055,-0.16234605,0.98663279,0.50536633,-0.01618077,0.04229401,0.50545216,-0.27882805,0.01793857,0.14623699,0.08318725,0.05065188,0.08869667,-0.15942074,0.01955626,-0.02380469,2.83211279,-0.43063255,-0.56519706,-2.88054490,-4.52628117,0.17609389,2.09771919,0.25418041,0.64132749,-4.80242281,-0.40062043
0.76710628,0.06686246,0.01679255,-0.33868995,0.05012398,0.48323603,0.09934852,0.78355483,-1.61796963,-0.03588298,0.94210699,-1.73826494,0.03982579,0.93522803,-1.61923158,-0.08227623,0.95778501,-1.77598255,0.87214413,0.04586163,0.33071442,0.32014879,0.17530303,0.13789499,-0.27266261,0.20328799,-0.10618582,-0.30252676,-0.20989001,0.12533164,-0.27400604,-0.22782008,-0.12425282,-0.29949844,0.34644814,-0.11475825,0.00951302,-0.00557396,-0.15770785,0.98742426,0.55598869,-0.03834533,0.04748618,0.50653362,-0.27899610,0.01762203,0.18605442,0.06972940,0.04614275,0.09125500,-0.16184556,0.02065035,-0.24246559,2.47232556,0.39563366,-1.13413265,-5.21941814,-3.92590394,0.22509396,2.19053435,0.28131578,0.47521051,-5.46158504,0.52704616
0.73444581,0.06427907,0.04345270,-0.32336839,-0.07607539,0.62566575,0.08991851,0.82497591,-1.59760878,-0.06197730,0.79464266,-1.77853794,0.04668113,0.98044089,-1.61463573,-0.07712089,0.84300272,-1.74899766,0.87214413,0.04586163,0.33071442,0.32114375,0.22166706,0.12937109,-0.26776346,0.18902556,-0.11047619,-0.30395389,-0.18161334,0.12482501,-0.27971694,-0.24080410,-0.12403280,-0.29883014,0.36089096,-0.11797643,0.00642282,-0.00665231,-0.15164375,0.98839196,0.61115150,-0.06103061,0.05338028,0.50808887,-0.28005180,0.01718986,0.22506695,0.05556470,0.04142680,0.09397488,-0.16409099,0.02231361,-0.50074908,2.01884208,1.08575238,-1.30288494,-7.60905333,-1.72083364,0.35732954,2.26292539,0.23446654,0.22860323,-5.76688194,1.45388879
0.71348961,0.05438848,0.06604242,-0.28010166,-0.17299074,0.67610460,0.07760257,0.86000854,-1.56902778,-0.08052377,0.62785834,-1.76516449,0.05693180,1.02818894,-1.60834277,-0.07718427,0.72295916,-1.70216787,0.87214413,0.04586163,0.33071442,0.32263288,0.26581085,0.12335553,-0.26323333,0.17555588,-0.11527506,-0.30556168,-0.15297302,0.12313498,-0.28627662,-0.25432127,-0.12246139,-0.29845774,0.37490368,-0.12104951,0.00387668,-0.00862749,-0.14497618,0.98938994,0.66493416,-0.07916494,0.05939955,0.50999355,-0.28185664,0.01707120,0.26370239,0.04080611,0.03635626,0.09613609,-0.16537483,0.02417514,-0.63003165,1.71385276,1.47739637,-0.85276049,-8.41449738,1.05872869,0.53920555,2.41161323,0.32928225,-0.04077449,-6.04090643,2.48761630
0.69878183,0.03827144,0.08687220,-0.21194427,-0.23526979,0.58329498,0.06705827,0.89254459,-1.53342938,-0.08611514,0.47031099,-1.69810388,0.06850463,1.07466214,-1.58831861,-0.08426616,0.60062232,-1.63455086,0.87214413,0.04586163,0.33071442,0.32467227,0.30326706,0.12118876,-0.26112675,0.16157330,-0.11911177,-0.30751170,-0.12434750,0.11988622,-0.29342459,-0.26964232,-0.11998839,-0.29952306,0.38851166,-0.12416230,0.00215925,-0.01123945,-0.13912392,0.99020884,0.71343479,-0.09125967,0.06354552,0.51099434,-0.28319543,0.01716057,0.30202618,0.02535448,0.03124768,0.09624157,-0.16517925,0.02514921,-0.51977292,1.62211120,1.78568876,-0.26453275,-7.83897848,3.40004950,0.58011618,2.32162266,1.01210682,-0.35903439,-6.09123993,3.38590026
0.69429971,0.02174314,0.08891305,-0.19447529,-0.23591863,0.36965255,0.06186076,0.92189564,-1.49501519,-0.08194970,0.34364811,-1.60342581,0.08076240,1.11920025,-1.56208599,-0.09361881,0.50069366,-1.56724544,0.87214413,0.04586163,0.33071442,0.32683542,0.33177132,0.12131717,-0.26291489,0.14765850,-0.12125887,-0.30963520,-0.10097165,0.11598252,-0.29958942,-0.28569137,-0.11723628,-0.30058039,0.40195389,-0.12744994,0.00061431,-0.01383922,-0.13528574,0.99070978,0.75410671,-0.09954917,0.06392052,0.51168518,-0.28386537,0.01720021,0.33578434,0.01136221,0.02724600,0.09528751,-0.16377677,0.02625503,-0.24361823,1.45915878,1.92002237,0.23066325,-6.21624403,4.77498274,0.61236401,2.21773911,1.31922042,-0.46563986,-4.90036068,3.33690524
0.69865357,0.01282994,0.07279315,-0.23789028,-0.22584990,0.10308791,0.06158632,0.94920102,-1.45856733,-0.07030731,0.25889817,-1.50351067,0.09170400,1.16159203,-1.53640144,-0.10122301,0.43680648,-1.51444476,0.87214413,0.04586163,0.33071442,0.32878326,0.34966194,0.12299992,-0.26853983,0.13438276,-0.12221456,-0.31119259,-0.08590128,0.11232393,-0.30473395,-0.30111890,-0.11520992,-0.30069993,0.41542816,-0.13089395,-0.00136950,-0.01639658,-0.13401239,0.99084305,0.78520203,-0.10520848,0.06024342,0.51251316,-0.28441798,0.01759066,0.36245480,0.00021486,0.02404930,0.09452248,-0.16196575,0.02808333,0.00299424,1.36159933,1.80410373,0.61210608,-4.05216656,4.96596861,0.53496701,2.11645889,1.26356781,-0.36671060,-3.02608881,2.55171766
0.70584575,0.01412035,0.03626325,-0.29227693,-0.19332392,-0.11450164,0.06371588,0.97377101,-1.42397223,-0.05254257,0.21406403,-1.41334858,0.09970745,1.20208428,-1.51388433,-0.10517584,0.41170572,-1.48163235,0.87214413,0.04586163,0.33071442,0.33013296,0.35744127,0.12608284,-0.27695535,0.12193490,-0.12285598,-0.31216587,-0.08003608,0.10938177,-0.30944878,-0.31552784,-0.11450975,-0.29952890,0.42905121,-0.13438272,-0.00396317,-0.01874126,-0.13488584,0.99067597,0.80718842,-0.10843280,0.05317760,0.51370945,-0.28536183,0.01796709,0.38116550,-0.00758720,0.02068418,0.09439583,-0.16038425,0.03060405,0.11380183,1.20481527,1.72951686,0.91947361,-2.02787886,4.44036188,0.38290399,2.00874701,1.11484048,-0.17462691,-1.03544345,1.52905359
0.71463437,0.02248850,-0.01706987,-0.31991109,-0.12305765,-0.24161593,0.06606536,0.99769598,-1.39241064,-0.03103530,0.20363204,-1.34385955,0.10464108,1.24023056,-1.49806082,-0.10654899,0.42601550,-1.48102283,0.87214413,0.04586163,0.33071442,0.33054051,0.35637716,0.13026020,-0.28651994,0.10970713,-0.12378293,-0.31236190,-0.08294700,0.10713843,-0.31217077,-0.32824338,-0.11506075,-0.29684323,0.44289589,-0.13783934,-0.00696316,-0.02048206,-0.13706771,0.99032542,0.82125092,-0.10920591,0.04402056,0.51488400,-0.28675401,0.01817861,0.39214516,-0.01220809,0.01836974,0.09574413,-0.15948070,0.03369728,0.11601134,1.20164025,1.54786336,1.09717071,-0.28449208,3.30159163,0.22461756,1.89178693,0.72974676,-0.05436837,0.99979693,-0.23576973
0.73115276,0.03086205,-0.06632057,-0.27218104,-0.02562276,-0.24358785,0.06783175,1.02350852,-1.36734037,-0.01405888,0.22858490,-1.31122217,0.10673849,1.27601132,-1.50054731,-0.10684385,0.47658482,-1.51348317,0.87214413,0.04586163,0.33071442,0.32987968,0.34672854,0.13355415,-0.29529192,0.09727570,-0.12488678,-0.31144086,-0.09393961,0.10563532,-0.31202885,-0.33710744,-0.11643310,-0.29194074,0.45714664,-0.14130780,-0.00969958,-0.02112189,-0.13944379,0.98995718,0.82726669,-0.10861929,0.03458777,0.51618271,-0.28818875,0.01843882,0.39600468,-0.01385141,0.01785083,0.10099869,-0.16019499,0.03793894,0.08746719,1.29765260,1.23929490,0.83147225,1.29112940,1.57356109,0.10041976,1.79312885,-0.16002131,-0.01426855,2.55357575,-1.63945618
0.75710604,0.03348531,-0.10218139,-0.14710012,0.06602959,-0.15658469,0.06859253,1.05625751,-1.35704918,-0.00949234,0.28198830,-1.31935439,0.10516153,1.31500149,-1.53015738,-0.10690878,0.54161196,-1.55432465,0.87214413,0.04586163,0.33071442,0.32852831,0.33119798,0.13377925,-0.30162150,0.08483004,-0.12586437,-0.30853998,-0.10886297,0.10487734,-0.31064116,-0.34174073,-0.11845940,-0.28399654,0.47190456,-0.14492702,-0.01136783,-0.02071609,-0.14101782,0.98972501,0.82727318,-0.10884184,0.02690682,0.51825905,-0.28945811,0.01998834,0.39661694,-0.01384621,0.01788716,0.11068497,-0.16335962,0.04453177,0.03224391,1.67168558,0.43785950,0.19096998,2.73724375,-0.52276751,-0.09333783,1.96114819,-1.57325497,-0.00331905,3.27038503,-2.04368734
0.79301104,0.02743092,-0.11600860,0.02790934,0.14017232,-0.04179971,0.06631562,1.09356153,-1.36437562,-0.01530581,0.35151043,-1.35864124,0.09677103,1.34985583,-1.58594968,-0.10695776,0.60932937,-1.59139214,0.87214413,0.04586163,0.33071442,0.32686018,0.31306284,0.13175130,-0.30466392,0.07388671,-0.12699355,-0.30376242,-0.12541326,0.10499155,-0.30871139,-0.34028814,-0.12150398,-0.27411188,0.48729343,-0.14886773,-0.01144553,-0.01935844,-0.14150990,0.98968136,0.82472000,-0.11000826,0.02219626,0.52268162,-0.29146606,0.02309776,0.39627991,-0.01296979,0.01814879,0.12659798,-0.17026917,0.05274830,-0.13263254,1.84227836,-0.38909767,-0.31975954,3.50314574,-2.04357557,-0.45868070,1.67807858,-2.86593366,-0.00214425,3.37471652,-1.81240790
0.83043397,0.01354819,-0.10554521,0.22135717,0.22452487,0.04083651,0.06104663,1.10820453,-1.36363151,-0.02612365,0.42521210,-1.40994229,0.07783726,1.35480797,-1.63779738,-0.10721960,0.67372985,-1.61933751,0.87214413,0.04586163,0.33071442,0.32532402,0.29431083,0.12923609,-0.30557534,0.06763243,-0.12789795,-0.30231864,-0.14251800,0.10592659,-0.30656292,-0.33248964,-0.12598071,-0.26726539,0.50330563,-0.15324196,-0.00976945,-0.01696141,-0.14119227,0.98978867,0.82200203,-0.11136793,0.01974868,0.53251667,-0.29494146,0.02300538,0.39605255,-0.01171952,0.01876111,0.14885979,-0.18132481,0.05805863,-0.27458327,0.52846237,0.14068649,-0.56184922,3.69983888,-2.60596108,-1.01296524,0.01322365,-2.47661996,-0.01552525,3.19800830,-1.34701383
0.85575457,-0.00633177,-0.09068826,0.42774891,0.34800179,0.05550002,0.05861738,1.11285698,-1.40690005,-0.03834626,0.50088435,-1.46330822,0.04946898,1.32154572,-1.68555188,-0.10794666,0.73110926,-1.63421202,0.87214413,0.04586163,0.33071442,0.32396525,0.27449545,0.12736909,-0.30562383,0.07244239,-0.12702024,-0.30011369,-0.15996246,0.10753501,-0.30455907,-0.31678211,-0.13167459,-0.26376075,0.51970196,-0.15808918,-0.00627821,-0.01313686,-0.14068169,0.98994781,0.81880856,-0.11219928,0.01834142,0.55390644,-0.30025843,0.02385156,0.39601326,-0.01026200,0.01940618,0.17878246,-0.19633837,0.06020451,-0.08749790,0.23456095,-2.65529370,-0.61469990,3.79594064,-2.66849017,-1.47962081,-1.92806470,-2.40467525,-0.03978833,2.80976748,-0.63814396
0.87865621,-0.02906646,-0.07039356,0.54619296,0.42554226,-0.03041999,0.06263588,1.09653575,-1.50327888,-0.04576106,0.56617056,-1.50806978,0.01906833,1.26051900,-1.72901425,-0.10930257,0.77836415,-1.63884008,0.87214413,0.04586163,0.33071442,0.32283830,0.25648988,0.12775367,-0.30494132,0.09300495,-0.12370155,-0.29651796,-0.17648877,0.10954977,-0.30222448,-0.29577244,-0.13729801,-0.26158102,0.53642578,-0.16354742,-0.00148056,-0.00814084,-0.14099103,0.98997629,0.81838303,-0.11247719,0.01789698,0.59119930,-0.30829498,0.02632034,0.39753685,-0.00908286,0.02061382,0.21408329,-0.21281604,0.06125728,0.20805988,-0.85206692,-4.85044765,-0.36607242,3.24597836,-2.21699646,-1.51276360,-3.07298732,-2.15579364,-0.06865740,2.35982013,-0.22587347
0.89330816,-0.04335297,-0.04096391,0.55952643,0.33486002,-0.14876061,0.07201509,1.05363767,-1.61585126,-0.05047699,0.62019168,-1.53850043,-0.00604004,1.18429811,-1.76018558,-0.11158498,0.82537006,-1.64161131,0.87214413,0.04586163,0.33071442,0.32210569,0.24094275,0.12913246,-0.30435091,0.12355924,-0.11890544,-0.29136646,-0.19268431,0.11153549,-0.29953828,-0.27292493,-0.14146518,-0.26118781,0.55333328,-0.16939675,0.00357433,-0.00394863,-0.14242994,0.98979056,0.82091179,-0.11344726,0.01775478,0.63834858,-0.31831884,0.03073923,0.39991989,-0.00805320,0.02256741,0.25159283,-0.22815995,0.06091788,0.48689311,-2.23064501,-5.63302040,-0.23214375,2.68006372,-1.48363059,-1.23883877,-3.85472760,-1.52228010,-0.11907720,2.36242509,-0.14764165
0.88395938,-0.05140820,-0.00487770,0.54195124,0.15351125,-0.27310480,0.08657502,0.97445500,-1.72192919,-0.05440963,0.66975121,-1.55689952,-0.02571791,1.09117210,-1.77703879,-0.11504766,0.87652572,-1.64478798,0.87214413,0.04586163,0.33071442,0.32193987,0.22644838,0.13086762,-0.30384843,0.16177622,-0.11291967,-0.28445074,-0.20894542,0.11341760,-0.29656060,-0.24732975,-0.14414036,-0.26304078,0.57001190,-0.17544574,0.00870824,-0.00149943,-0.14504857,0.98938508,0.82449551,-0.11508599,0.01809144,0.69256725,-0.33005034,0.03748913,0.40241528,-0.00682453,0.02537928,0.29171581,-0.24252580,0.05889910,0.74393791,-4.15049706,-5.23014832,-0.19610518,2.47534466,-0.87544295,-0.96274859,-4.73798532,-0.77205127,-0.17502297,2.57502127,-0.14472770
0.85302390,-0.05447886,0.03819097,0.48834081,-0.03818529,-0.38808471,0.10254803,0.84750335,-1.79759185,-0.05794081,0.72040803,-1.56555502,-0.04041325,0.97949417,-1.77433193,-0.11919698,0.92887160,-1.64039288,0.87214413,0.04586163,0.33071442,0.32254213,0.21158844,0.13270843,-0.30335140,0.20620604,-0.10702034,-0.27624519,-0.22553700,0.11508208,-0.29460162,-0.21873283,-0.14552128,-0.26726884,0.58607712,-0.18152867,0.01363974,-0.00098888,-0.14876718,0.98877768,0.82734585,-0.11694852,0.01919073,0.75166798,-0.34448249,0.04629695,0.40438290,-0.00518232,0.02794051,0.33421040,-0.25625249,0.05527329,0.79683963,-6.63390799,-3.55272789,-0.17307127,2.54644537,-0.37985083,-0.70608639,-5.68773031,0.26033447,-0.21244355,2.61195707,0.28136728
0.81612734,-0.05101349,0.06717470,0.37296022,-0.21038561,-0.47475618,0.11735059,0.68362910,-1.82697368,-0.05994448,0.77246106,-1.56412566,-0.04981811,0.85704130,-1.74930263,-0.12386836,0.97696322,-1.62622690,0.87214413,0.04586163,0.33071442,0.32375899,0.19603931,0.13465774,-0.30293429,0.25247058,-0.10218011,-0.26692492,-0.24140873,0.11620670,-0.29424585,-0.18882508,-0.14577867,-0.27327746,0.60141277,-0.18751203,0.01777275,-0.00232014,-0.15332275,0.98801360,0.82904148,-0.11859693,0.02082470,0.81104469,-0.36139885,0.05683407,0.40657330,-0.00361057,0.02951314,0.37728882,-0.26921138,0.05048153,0.72932923,-8.41977596,-1.12148523,-0.08665211,2.60981059,0.14585494,-0.43167871,-6.17847538,1.41219366,-0.23630081,2.36470675,0.77520126
0.78634532,-0.04268325,0.08143791,0.22540465,-0.34971999,-0.50696428,0.12537794,0.51273544,-1.79965587,-0.05897382,0.82239630,-1.54860773,-0.05116191,0.73766501,-1.70516632,-0.13022760,1.02469437,-1.61378753,0.87214413,0.04586163,0.33071442,0.32541147,0.18005121,0.13690747,-0.30294775,0.29451797,-0.09976385,-0.25816860,-0.25580523,0.11635777,-0.29409496,-0.15997169,-0.14443145,-0.28012052,0.61606503,-0.19330816,0.02056058,-0.00548952,-0.15827370,0.98716592,0.82989902,-0.11957138,0.02246373,0.86461468,-0.38016834,0.06724288,0.40947571,-0.00279227,0.03131652,0.41895065,-0.28047071,0.04529096,0.39437893,-8.50676794,1.41884847,0.05224053,2.48918986,0.79789631,-0.05443382,-5.96055679,2.22443099,-0.32075623,2.38933444,0.61977191
0.77364809,-0.03020415,0.08162323,0.10765486,-0.42387121,-0.46330640,0.12627458,0.36921419,-1.73706093,-0.05518059,0.86681075,-1.51717968,-0.04356243,0.62159040,-1.64747236,-0.13884140,1.07581980,-1.60242765,0.87214413,0.04586163,0.33071442,0.32720008,0.16350507,0.13950550,-0.30397660,0.32817625,-0.09891798,-0.25252022,-0.27037913,0.11545557,-0.29376473,-0.13183187,-0.14095232,-0.28738438,0.63047962,-0.19893343,0.02230695,-0.00957680,-0.16281612,0.98635774,0.83016682,-0.11943050,0.02322348,0.90940151,-0.39814938,0.07467986,0.41160278,-0.00264844,0.03343534,0.46031723,-0.28999363,0.03981570,0.00846738,-7.09191122,3.21772799,0.19934994,2.20337520,1.62050335,0.40562705,-5.81199970,2.93219638,-0.43926303,2.57632804,0.56818199
0.77410589,-0.01497800,0.06465029,0.06449865,-0.47369925,-0.29600121,0.11458385,0.25774041,-1.64401546,-0.04913992,0.90582623,-1.47062011,-0.02970035,0.51114089,-1.57738681,-0.14965320,1.13314791,-1.58784788,0.87214413,0.04586163,0.33071442,0.32880883,0.14589591,0.14267351,-0.30576764,0.35367284,-0.10018585,-0.25262214,-0.28695749,0.11389365,-0.29296211,-0.10514678,-0.13564007,-0.29509221,0.64494724,-0.20436073,0.02369340,-0.01415307,-0.16582746,0.98576852,0.82953854,-0.11736991,0.02304119,0.94626637,-0.41490400,0.07618669,0.41115189,-0.00272717,0.03584672,0.50116005,-0.29805874,0.03371663,-0.63768131,-5.42151585,4.78081627,0.30513116,1.93147867,2.38109193,0.70442324,-5.44968462,3.53319573,-0.54542434,2.88831830,0.76081177
0.77713875,-0.00803804,0.03021891,0.09942409,-0.48697905,-0.03627395,0.09567391,0.19255586,-1.53863163,-0.04462285,0.94023426,-1.41691203,-0.01684278,0.43603554,-1.51445179,-0.16010254,1.19019608,-1.56508014,0.87214413,0.04586163,0.33071442,0.32992424,0.12792374,0.14563172,-0.30746024,0.36787061,-0.10198781,-0.26017698,-0.30492361,0.11271909,-0.29189565,-0.08700571,-0.13022148,-0.30249004,0.65952816,-0.20965870,0.02541306,-0.01882810,-0.16637934,0.98555446,0.82824764,-0.11422906,0.02246400,0.97335529,-0.42701286,0.06974726,0.40867386,-0.00288316,0.03802859,0.53451881,-0.30400005,0.02743420,-0.96454403,-2.94850807,5.26403141,0.20751977,1.69362175,2.70377517,0.62151444,-3.47461634,3.04632688,-0.51400816,2.82769608,1.18844308
0.78465631,-0.01771377,-0.02639996,0.12189094,-0.45326488,0.15047043,0.07295906,0.18243448,-1.45133269,-0.04454375,0.97351515,-1.36716771,-0.00719192,0.41756138,-1.48318958,-0.16867860,1.24196529,-1.54310954,0.87214413,0.04586163,0.33071442,0.33009914,0.11030468,0.14732270,-0.30812542,0.36833190,-0.10442726,-0.27274253,-0.32143473,0.11229732,-0.28990971,-0.08216542,-0.12555042,-0.30861482,0.67424297,-0.21506783,0.02738150,-0.02311421,-0.16503300,0.98563690,0.82663727,-0.11188314,0.02197371,0.98822212,-0.43413526,0.05735660,0.40715790,-0.00388892,0.04018943,0.55555820,-0.30687192,0.02148432,-1.16426814,-0.11079668,4.18667793,-0.03125802,1.66616309,2.43839240,0.46115780,-0.49772140,1.29659402,-0.41429934,2.54802680,1.06553078
0.79168308,-0.03257712,-0.08137127,0.14533473,-0.37079053,0.20012623,0.05036909,0.20888163,-1.39728963,-0.04707516,1.00770533,-1.33296394,-0.00023845,0.45605513,-1.49754109,-0.17520384,1.29382954,-1.54400122,0.87214413,0.04586163,0.33071442,0.32912976,0.09452410,0.14811717,-0.30667540,0.35929843,-0.10759144,-0.28503717,-0.33367406,0.11272618,-0.28476409,-0.09012209,-0.12179665,-0.31167718,0.68909836,-0.22071000,0.02947862,-0.02652110,-0.16298126,0.98583201,0.82642117,-0.11109271,0.02245437,0.99433937,-0.43865311,0.04409259,0.40976601,-0.00618958,0.04436567,0.56444817,-0.30684212,0.01745259,-1.11359818,1.35737557,2.64444187,-0.12497981,1.71353662,1.68794763,0.34375822,1.97058201,-0.75772903,-0.32086852,2.59535098,-0.08706952
0.80837781,-0.04157018,-0.11857117,0.13142869,-0.17888594,0.13991172,0.04089549,0.25746064,-1.38267653,-0.04764535,1.04283040,-1.31138558,0.00446662,0.52002173,-1.53422160,-0.17748494,1.34229593,-1.56791928,0.87214413,0.04586163,0.33071442,0.32747645,0.07981054,0.14904882,-0.30373755,0.34507612,-0.10814752,-0.29438828,-0.34094749,0.11405804,-0.27706180,-0.10429054,-0.11930551,-0.31196592,0.70426064,-0.22654186,0.03115773,-0.02815021,-0.16152092,0.98597553,0.82764301,-0.11094747,0.02373890,0.99645042,-0.43961120,0.03308817,0.41787643,-0.00919762,0.05041465,0.56722603,-0.30611471,0.01551052,-0.42201693,2.47517762,0.62490886,-0.01685084,1.74546278,1.06386700,0.23234686,3.22358561,-1.85654776,-0.09858244,2.37864571,-1.21374030
0.83804323,-0.03946754,-0.13376933,0.05603265,0.05226138,0.02024368,0.04642106,0.32028137,-1.40246809,-0.04379444,1.07343733,-1.29654059,0.00836128,0.58896253,-1.57568762,-0.17441785,1.37234154,-1.59421487,0.87214413,0.04586163,0.33071442,0.32549644,0.06675374,0.15046085,-0.30052618,0.32807873,-0.10562390,-0.30025574,-0.34366613,0.11575387,-0.27044702,-0.12033941,-0.11803350,-0.31015406,0.71999111,-0.23249624,0.03174278,-0.02771037,-0.16124493,0.98601450,0.83138924,-0.11131462,0.02497026,0.99700718,-0.43756735,0.02524070,0.43144970,-0.01283919,0.05504942,0.56820450,-0.30580588,0.01534238,0.32294395,3.19099855,-1.12213174,0.21343878,1.50674617,0.70501754,0.19244180,3.44627004,-2.07611132,0.17589176,1.40742011,-1.30287969
0.87296259,-0.02618036,-0.11700051,-0.04853730,0.24951671,-0.08986496,0.05794708,0.38720538,-1.44324992,-0.03506142,1.10174391,-1.30039415,0.01229894,0.65153544,-1.60883977,-0.16695682,1.38224440,-1.62499666,0.87214413,0.04586163,0.33071442,0.32378045,0.05743979,0.15233540,-0.29631059,0.31083427,-0.10271847,-0.30267082,-0.34100092,0.11743192,-0.26552202,-0.13609873,-0.11770863,-0.30774120,0.73640575,-0.23847796,0.03099329,-0.02553226,-0.16208285,0.98595977,0.83976631,-0.11269244,0.02746986,0.99772243,-0.43566473,0.02110963,0.45125332,-0.01766136,0.05825843,0.56969223,-0.30618902,0.01603925,0.58964016,3.33727121,-2.11644027,0.46457884,1.41592586,-0.34243155,0.19960421,3.06573606,-1.57165852,0.39445386,0.38857554,-1.59585130
0.90455792,-0.00704968,-0.09255580,-0.13937510,0.42103674,-0.14822160,0.07135461,0.45110917,-1.49151170,-0.02348459,1.12359619,-1.32278895,0.01666546,0.70485228,-1.62991178,-0.15638894,1.37260401,-1.66366124,0.87214413,0.04586163,0.33071442,0.32247612,0.05333971,0.15416892,-0.29210098,0.29461947,-0.10045924,-0.30288947,-0.33248988,0.11893602,-0.26202594,-0.15111496,-0.11803448,-0.30546165,0.75347233,-0.24438880,0.02905756,-0.02186312,-0.16356531,0.98586208,0.85387993,-0.11581394,0.03037514,0.99965858,-0.43487507,0.01958665,0.47744370,-0.02415372,0.06045018,0.57226849,-0.30710272,0.01701447,0.68252158,3.16945171,-2.44921422,0.59331566,1.02777243,-1.23027551,0.22125418,2.60473585,-0.97577327,0.54876119,-0.62416786,-1.98367584
0.92778546,0.01603004,-0.07290013,-0.22107308,0.52006008,-0.13333554,0.08456971,0.51612927,-1.53903625,-0.01362656,1.13427944,-1.37115235,0.02144004,0.75167066,-1.63881376,-0.14271946,1.33702955,-1.70610685,0.87214413,0.04586163,0.33071442,0.32150427,0.05764032,0.15471803,-0.28863136,0.27783631,-0.09917675,-0.30238862,-0.31730372,0.12035466,-0.26060666,-0.16611544,-0.11888905,-0.30362727,0.77116356,-0.25008102,0.02602550,-0.01714002,-0.16499776,0.98580152,0.87613430,-0.12263999,0.03287291,1.00143032,-0.43448889,0.01911565,0.51050014,-0.03277599,0.06089762,0.57534637,-0.30825814,0.01787700,0.65776434,3.26047301,-2.36805277,0.48697075,0.51498265,-2.45932956,0.23980119,2.33594279,-0.43314886,0.68735588,-1.81722436,-2.11421726
0.93173728,0.03779055,-0.06587276,-0.31252364,0.51650536,-0.05386734,0.09519210,0.58631235,-1.58051636,-0.00799386,1.13189516,-1.44872460,0.02682306,0.79541947,-1.64051964,-0.12675672,1.27744350,-1.74358845,0.87214413,0.04586163,0.33071442,0.32055718,0.07187146,0.15352137,-0.28529212,0.25943885,-0.09915879,-0.30180687,-0.29707432,0.12180107,-0.26143259,-0.18095445,-0.12003438,-0.30212142,0.78906250,-0.25543735,0.02211354,-0.01254279,-0.16567574,0.98585253,0.90721874,-0.13389140,0.03526506,1.00176296,-0.43404166,0.01875030,0.54820919,-0.04312077,0.05912459,0.57878952,-0.30964103,0.01843576,0.52014608,3.51344180,-2.05443330,0.26903667,-0.15399026,-3.96490254,0.26987358,2.18162370,-0.07308339,0.80165911,-3.02691054,-1.86475599
0.91222387,0.05506393,-0.06130192,-0.36098170,0.42654746,0.08565385,0.10183758,0.65477434,-1.61229997,-0.00776584,1.11399295,-1.54623563,0.03207538,0.83827577,-1.63996611,-0.11062672,1.20163984,-1.77452319,0.87214413,0.04586163,0.33071442,0.31957459,0.09460729,0.15066436,-0.28123737,0.24137453,-0.10037380,-0.30093810,-0.27358459,0.12321914,-0.26328518,-0.19527086,-0.12135195,-0.30054973,0.80673447,-0.26034217,0.01785792,-0.00882205,-0.16501508,0.98608990,0.94526348,-0.14871780,0.03833723,1.00224190,-0.43387432,0.01863650,0.58821659,-0.05471770,0.05628942,0.58258266,-0.31145944,0.01902486,0.31445152,3.39731288,-1.53135955,-0.01744929,-0.98073713,-4.90235806,0.25986370,2.14552331,0.02584934,0.80112832,-3.85714235,-1.49991548
0.87637361,0.06629721,-0.03658357,-0.36515809,0.29208381,0.26109607,0.10412631,0.71614410,-1.62933955,-0.01561401,1.07227690,-1.64457371,0.03639016,0.88075669,-1.63559265,-0.09630530,1.10962782,-1.79163778,0.87214413,0.04586163,0.33071442,0.31895914,0.12380854,0.14582261,-0.27700165,0.22458499,-0.10247688,-0.30048764,-0.24773441,0.12435827,-0.26644748,-0.20932689,-0.12272284,-0.29938637,0.82384529,-0.26475396,0.01376063,-0.00635062,-0.16266346,0.98656521,0.98792553,-0.16641543,0.04195749,1.00362473,-0.43392631,0.01847150,0.62916965,-0.06742501,0.05251166,0.58619480,-0.31375279,0.01957277,0.08869144,3.02335143,-0.76235955,-0.44432046,-2.23831394,-4.89836693,0.20911577,2.11758399,0.25869939,0.70335698,-4.69572506,-0.76434939
0.83218252,0.07144587,0.00669337,-0.36709387,0.13598300,0.45886547,0.10188747,0.77181375,-1.62943125,-0.03518894,0.98831415,-1.73784268,0.04026702,0.92427254,-1.62738311,-0.08456787,1.00050354,-1.78977048,0.87214413,0.04586163,0.33071442,0.31912249,0.16265418,0.13817799,-0.27221020,0.20816306,-0.10539667,-0.30097902,-0.21950000,0.12503242,-0.27117391,-0.22348839,-0.12392671,-0.29876740,0.84020996,-0.26867667,0.00991275,-0.00532952,-0.15840802,0.98730959,1.03793335,-0.18833365,0.04691230,1.00494003,-0.43391687,0.01814348,0.67085648,-0.08123934,0.04794858,0.58916664,-0.31644845,0.02035509,-0.14434485,2.74904943,0.12008428,-1.07005763,-4.54434872,-4.62202501,0.19277526,2.18937278,0.42882439,0.56738824,-5.57977390,0.23749350
0.79555948,0.06937742,0.04038145,-0.36846736,-0.02068566,0.63594835,0.09198849,0.81648840,-1.60948174,-0.06191328,0.84120691,-1.78888345,0.04766347,0.97067404,-1.62169149,-0.07869385,0.88412303,-1.76742949,0.87214413,0.04586163,0.33071442,0.32009022,0.21020147,0.12933208,-0.26730116,0.19293993,-0.11014965,-0.30250248,-0.19069585,0.12446841,-0.27686946,-0.23714359,-0.12388300,-0.29809829,0.85580158,-0.27215427,0.00632706,-0.00601805,-0.15213761,0.98832075,1.09517193,-0.21204368,0.05278906,1.00667076,-0.43524091,0.01758774,0.71137981,-0.09608711,0.04322076,0.59237614,-0.31896363,0.02199193,-0.51298460,2.21447804,1.01849120,-1.32448549,-7.39699421,-2.46994523,0.37718352,2.31778746,0.28411672,0.27965263,-5.81622391,1.13757274
0.77516815,0.06121656,0.07028894,-0.32946506,-0.15435459,0.73493156,0.07015449,0.84872917,-1.57619402,-0.07767023,0.67416141,-1.78303609,0.05977184,1.01608992,-1.61621506,-0.08342508,0.76970934,-1.73083053,0.87214413,0.04586163,0.33071442,0.32169898,0.25505697,0.12393475,-0.26258585,0.17968955,-0.11810007,-0.30417380,-0.16273585,0.12130860,-0.28305621,-0.24979625,-0.12207568,-0.29791842,0.87099743,-0.27544029,0.00329351,-0.00794713,-0.14487590,0.98941244,1.15088253,-0.22985288,0.05911313,1.00927277,-0.44010934,0.01752518,0.74988384,-0.11255925,0.03864277,0.59668522,-0.32075532,0.02378055,-1.12087311,1.58397019,1.69268835,-0.73683268,-8.34349537,0.45078418,0.61573435,2.27237453,0.27399158,-0.27237116,-5.71502247,1.86991160
0.76335253,0.05143521,0.09654211,-0.24763656,-0.23662593,0.76016044,0.04063455,0.87323605,-1.53282642,-0.07557372,0.51452339,-1.72653840,0.07396156,1.06025274,-1.60534124,-0.10116998,0.65644863,-1.68072128,0.87214413,0.04586163,0.33071442,0.32390420,0.29353978,0.12358872,-0.25959240,0.16701405,-0.12796983,-0.30596771,-0.13534707,0.11485218,-0.28965722,-0.26269391,-0.11910069,-0.29854930,0.88593941,-0.27861037,0.00116860,-0.01059355,-0.13731436,0.99047018,1.20203190,-0.23955512,0.06431180,1.01183224,-0.44719555,0.01793649,0.78694954,-0.13126431,0.03424698,0.60075016,-0.32173991,0.02535490,-1.49450986,1.20414157,2.21257334,0.18133036,-7.92538490,3.01455526,0.70966731,2.19244900,0.59732434,-0.94576252,-5.66282883,2.56063828
0.76312303,0.04414566,0.10250856,-0.21453962,-0.25418496,0.68450383,0.00959405,0.89264675,-1.47976890,-0.05869185,0.37825913,-1.63406284,0.08824292,1.10246203,-1.58551407,-0.12947455,0.55109305,-1.62372446,0.87214413,0.04586163,0.33071442,0.32635940,0.32437706,0.12706369,-0.26000279,0.15379058,-0.13829473,-0.30813200,-0.10989199,0.10537043,-0.29583880,-0.27662824,-0.11585255,-0.29981614,0.90084343,-0.28170144,-0.00054297,-0.01339755,-0.13038628,0.99137260,1.24704533,-0.24284396,0.06635661,1.01363964,-0.45506231,0.01822739,0.82193832,-0.15149713,0.03052059,0.60366535,-0.32207700,0.02654326,-1.54871757,0.94077582,2.70558190,0.91544251,-6.63599129,4.79388528,0.71480294,2.10662127,1.02725886,-1.46230769,-5.18893337,2.86354041
0.76664170,0.04987848,0.08107255,-0.27574301,-0.25017593,0.53487957,-0.01898164,0.90785623,-1.42031097,-0.03300542,0.28000003,-1.52582812,0.10182460,1.14563894,-1.56357682,-0.16034566,0.46763417,-1.57002640,0.87214413,0.04586163,0.33071442,0.32853988,0.34528336,0.13254917,-0.26469050,0.14023467,-0.14845057,-0.31019679,-0.08950028,0.09463369,-0.30111307,-0.29126267,-0.11320868,-0.30034648,0.91586685,-0.28455848,-0.00277243,-0.01623222,-0.12482879,0.99204163,1.28322315,-0.24167226,0.06384937,1.01495743,-0.46312049,0.01834309,0.85259819,-0.17070369,0.02742681,0.60563850,-0.32208870,0.02819340,-1.40579021,0.73334092,3.01054692,1.33669245,-4.62151384,5.48427296,0.67171985,2.17044353,1.10001326,-1.54568100,-3.99339962,2.64506555
0.76201109,0.07772807,0.03293904,-0.35829223,-0.16909542,0.41946367,-0.04249419,0.92106576,-1.36316791,-0.00140850,0.22783690,-1.43008301,0.11148079,1.18990242,-1.54849386,-0.18531007,0.42311139,-1.53431959,0.87214413,0.04586163,0.33071442,0.32979634,0.35454770,0.13948646,-0.27211884,0.12682921,-0.15796521,-0.31120191,-0.07841226,0.08489556,-0.30518234,-0.30525472,-0.11258533,-0.29846764,0.93099995,-0.28670827,-0.00602504,-0.01840780,-0.12059565,0.99251274,1.30862751,-0.23613192,0.05767750,1.01633625,-0.47043734,0.01859443,0.87518520,-0.18551315,0.02461400,0.60767117,-0.32296292,0.03132870,-1.16812748,0.65287179,2.85809875,1.57937369,-2.56153810,4.75956593,0.47706395,2.20714760,0.74863523,-1.23356128,-2.17366136,1.76466453
0.75642816,0.11790443,-0.02334427,-0.39501371,-0.02737659,0.39088916,-0.05989350,0.93166013,-1.30839748,0.02860895,0.20702201,-1.35670850,0.11658226,1.23059180,-1.53811884,-0.20011323,0.41707731,-1.51804085,0.87214413,0.04586163,0.33071442,0.32996960,0.35561825,0.14601850,-0.28069671,0.11351675,-0.16608584,-0.31193967,-0.07730989,0.07761502,-0.30891950,-0.31802290,-0.11373747,-0.29472758,0.94625874,-0.28797661,-0.00983095,-0.01924152,-0.11665243,0.99293773,1.32601795,-0.22823818,0.04927290,1.01824894,-0.47582753,0.01802993,0.88901386,-0.19457460,0.02105010,0.61054592,-0.32501285,0.03524203,-0.84633249,0.54159089,2.71006656,1.48743854,-0.96035377,3.58346548,0.23825238,2.02886004,0.49923415,-0.71184160,-0.17920445,0.72303479
0.76071914,0.15603805,-0.08037393,-0.36963818,0.06065840,0.42731713,-0.06990394,0.94818765,-1.26547348,0.05081600,0.21563465,-1.31577005,0.11638948,1.27153561,-1.53945458,-0.20554642,0.45277104,-1.53497117,0.87214413,0.04586163,0.33071442,0.32901919,0.34979388,0.15054787,-0.28872046,0.09970499,-0.17175446,-0.31141456,-0.08579225,0.07357862,-0.31035380,-0.32892222,-0.11645186,-0.28865185,0.96179810,-0.28843369,-0.01352402,-0.01917063,-0.11237255,0.99338915,1.33635082,-0.21965377,0.04029873,1.02070484,-0.47809305,0.01760463,0.89456768,-0.19758109,0.01866539,0.61519279,-0.32862855,0.04036734,-0.47389892,0.86196253,2.08464415,1.05911658,0.56412578,1.89308150,-0.02893880,2.06095214,-0.14486074,-0.23459296,1.95696571,-0.99680178
0.78222716,0.18140769,-0.12981285,-0.28374880,0.13268945,0.49860786,-0.07618844,0.97232002,-1.23644221,0.05675241,0.25683941,-1.31564417,0.11177765,1.31903250,-1.57038171,-0.20394043,0.51825725,-1.57506502,0.87214413,0.04586163,0.33071442,0.32705075,0.33706524,0.15056871,-0.29564146,0.08546631,-0.17561384,-0.30924956,-0.10111258,0.07254331,-0.30954404,-0.33579524,-0.12017077,-0.27868204,0.97786293,-0.28836450,-0.01650107,-0.01833764,-0.10743192,0.99390635,1.33927364,-0.21309025,0.03140929,1.02393894,-0.47815837,0.01780119,0.89453373,-0.19593869,0.01750670,0.62417145,-0.33420983,0.04836870,-0.30358848,1.24708047,1.37419212,0.18534984,2.25266557,-0.24799058,-0.25548244,2.42661362,-1.76419687,0.11362498,3.39995542,-2.08604190
0.82233297,0.18824123,-0.14674458,-0.13513350,0.17527471,0.58511474,-0.08235819,0.99864918,-1.22087538,0.04531913,0.32552117,-1.35833275,0.09965238,1.35428154,-1.61036694,-0.19826004,0.59303355,-1.61751842,0.87214413,0.04586163,0.33071442,0.32464588,0.31959650,0.14590139,-0.29952335,0.07273750,-0.17842611,-0.30597232,-0.11904373,0.07368416,-0.30769973,-0.33767316,-0.12490612,-0.26891051,0.99469376,-0.28812328,-0.01813892,-0.01690934,-0.10167811,0.99450823,1.33715534,-0.20970644,0.02512252,1.02993488,-0.47755581,0.01867355,0.89296532,-0.19193549,0.01694614,0.63876343,-0.34232938,0.05573536,-0.31265837,1.31819475,0.68238252,-0.68962538,3.61264396,-2.43543124,-0.66895229,1.61408889,-1.98092210,0.30810085,3.76889324,-2.10559130
0.87438191,0.17387090,-0.11503787,0.03125998,0.16828888,0.62703615,-0.08301354,1.02004743,-1.22566512,0.02552418,0.40470365,-1.41760123,0.07723043,1.35716498,-1.65155044,-0.19179510,0.66546998,-1.65086813,0.87214413,0.04586163,0.33071442,0.32280859,0.30064416,0.13970829,-0.30064483,0.06571146,-0.17831065,-0.30321411,-0.13707258,0.07604007,-0.30563218,-0.33102525,-0.13079813,-0.26280070,1.01255798,-0.28809991,-0.01793197,-0.01533250,-0.09541170,0.99515826,1.33422604,-0.20788158,0.02216376,1.04329681,-0.47563074,0.01959448,0.89237442,-0.18746743,0.01717641,0.66274719,-0.35381349,0.06000789,-0.00652868,1.07063913,-0.30614803,-0.99489605,3.96380796,-2.96045613,-1.13132477,0.09595296,-2.06733799,0.32307866,3.61408830,-1.64546432
0.91557323,0.14413128,-0.08289787,0.18401968,0.22046570,0.59530332,-0.06410391,1.04076972,-1.28700674,0.00362192,0.48604905,-1.47503951,0.04849560,1.32700183,-1.69639344,-0.18560637,0.73103514,-1.66984568,0.87214413,0.04586163,0.33071442,0.32157109,0.28078416,0.13382836,-0.30103142,0.07026361,-0.17111666,-0.30040148,-0.15495749,0.07886768,-0.30420239,-0.31578296,-0.13734204,-0.25951093,1.03109512,-0.28854122,-0.01629829,-0.01313882,-0.08942749,0.99577330,1.33119564,-0.20675213,0.02053967,1.06982460,-0.46942216,0.02116962,0.89262352,-0.18338633,0.01736870,0.69592857,-0.36756715,0.06206017,1.00993700,1.02572105,-3.29929278,-1.09044363,4.06547728,-2.86844850,-1.44873328,-1.59752932,-2.23792934,0.30751577,3.24820924,-0.91525981
0.94745106,0.10724997,-0.05435457,0.31342904,0.33282722,0.48660474,-0.02706065,1.05193923,-1.41442683,-0.01528692,0.56125567,-1.52597501,0.01848569,1.26842124,-1.73602254,-0.18004777,0.78564981,-1.67698536,0.87214413,0.04586163,0.33071442,0.32080137,0.26171886,0.12967811,-0.30073742,0.09026292,-0.15778840,-0.29595185,-0.17183215,0.08199855,-0.30280425,-0.29519638,-0.14366580,-0.25803149,1.05011120,-0.28959047,-0.01347405,-0.00974098,-0.08445518,0.99628856,1.32990131,-0.20574141,0.02006395,1.11257229,-0.46030422,0.02484952,0.89450378,-0.17988002,0.01799712,0.73496895,-0.38160203,0.06276988,1.90458832,0.48373457,-6.56736469,-0.92484645,3.70252819,-2.48867788,-1.48926289,-3.03445935,-1.93775790,0.27546983,2.68132544,-0.30584046
0.97153662,0.07737274,-0.02743579,0.38867133,0.36051733,0.34936364,0.01881483,1.03945892,-1.56435373,-0.02975349,0.62494130,-1.56323898,-0.00714380,1.18959687,-1.76367285,-0.17543416,0.83572446,-1.68008204,0.87214413,0.04586163,0.33071442,0.32044004,0.24461330,0.12735524,-0.30054820,0.12019317,-0.14204731,-0.28946819,-0.18819279,0.08529058,-0.30076326,-0.27202786,-0.14865976,-0.25815763,1.06950550,-0.29115196,-0.00994100,-0.00585518,-0.08080713,0.99666298,1.33142948,-0.20483365,0.01989184,1.16526546,-0.45069463,0.03097185,0.89749641,-0.17667976,0.01967677,0.77709503,-0.39408395,0.06228240,2.32967038,-0.78577280,-7.52505207,-0.69950153,3.12687397,-1.78458014,-1.24890254,-4.03822656,-1.30642450,0.22369068,2.50774002,-0.16554736
0.97964809,0.05778110,-0.00194228,0.44747772,0.26041229,0.20953422,0.06819885,0.98592991,-1.70598698,-0.04002393,0.68301111,-1.58689177,-0.02633121,1.09830046,-1.77767456,-0.17404583,0.88644314,-1.68399751,0.87214413,0.04586163,0.33071442,0.32045901,0.22826518,0.12670515,-0.30051768,0.15807115,-0.12598448,-0.28119642,-0.20409547,0.08819783,-0.29799214,-0.24756911,-0.15175177,-0.25997163,1.08902931,-0.29303816,-0.00577063,-0.00276802,-0.07852078,0.99689193,1.33431339,-0.20362392,0.01994133,1.22543240,-0.44221181,0.03926259,0.90125465,-0.17398147,0.02246687,0.82075882,-0.40416875,0.06048737,2.48633814,-3.00605869,-6.98437166,-0.48347396,2.87603593,-1.08583689,-0.91123587,-4.64103651,-0.60164446,0.04065871,2.54036999,-0.19860505
0.96535070,0.04664886,0.03395629,0.49610581,0.08833323,0.07420647,0.11746511,0.86139520,-1.80585093,-0.04785453,0.74175361,-1.59531162,-0.03896115,0.99550915,-1.77424242,-0.17607068,0.93601437,-1.67611144,0.87214413,0.04586163,0.33071442,0.32117592,0.21093700,0.12721465,-0.30077370,0.20493293,-0.11101848,-0.27160552,-0.22037869,0.09039843,-0.29669226,-0.22165827,-0.15275163,-0.26386973,1.10825977,-0.29510787,-0.00089537,-0.00145995,-0.07775031,0.99697139,1.33636837,-0.20213233,0.02040222,1.29350414,-0.43655444,0.04957040,0.90455971,-0.17163753,0.02448366,0.86560059,-0.41164955,0.05730619,2.46131001,-6.30818691,-4.91028743,-0.39026073,2.93601799,-0.40228129,-0.62486304,-5.15474606,0.19864939,-0.10188942,2.47262311,0.41702412
0.94007572,0.04512862,0.06412490,0.47393286,-0.07108245,-0.04468593,0.16339539,0.68929127,-1.84588814,-0.05460393,0.79852339,-1.59092572,-0.04630239,0.88407788,-1.75240138,-0.17895404,0.98292284,-1.65580323,0.87214413,0.04586163,0.33071442,0.32249593,0.19331657,0.12803589,-0.30129791,0.25345849,-0.09815490,-0.26162411,-0.23708011,0.09221570,-0.29699868,-0.19470660,-0.15234385,-0.26950615,1.12699604,-0.29716071,0.00391517,-0.00171271,-0.07814260,0.99693303,1.33790188,-0.20081128,0.02119801,1.36206417,-0.43361057,0.06087181,0.90718079,-0.16912959,0.02549724,0.91092949,-0.41730459,0.05298977,2.27316685,-8.67362728,-1.81814274,-0.33300468,2.82429504,0.25379705,-0.34734390,-5.58205700,1.14092723,-0.14951866,2.34848619,1.02603003
0.91877499,0.05138368,0.08112807,0.38791839,-0.21928854,-0.11974621,0.19951090,0.51211279,-1.82788594,-0.05965043,0.84956590,-1.57453356,-0.04585447,0.77326020,-1.71621151,-0.18387919,1.03140717,-1.63388593,0.87214413,0.04586163,0.33071442,0.32420614,0.17636914,0.12899141,-0.30207235,0.29653746,-0.08862192,-0.25286196,-0.25378826,0.09323802,-0.29741173,-0.16814737,-0.15007596,-0.27614233,1.14531460,-0.29909121,0.00803034,-0.00347923,-0.07928906,0.99681325,1.33986225,-0.19961222,0.02213379,1.42410717,-0.43348992,0.07134417,0.90946331,-0.16689446,0.02679440,0.95555115,-0.42068959,0.04806381,1.75432177,-8.77280579,1.11306947,-0.24422611,2.52323961,0.87066650,0.06085141,-5.51375952,1.85523171,-0.25597337,2.43384910,1.09071636
0.91573148,0.06488953,0.08881608,0.31102178,-0.32818879,-0.11557817,0.21842337,0.36643581,-1.76980221,-0.06227129,0.89450077,-1.54393721,-0.03653265,0.66716176,-1.67020259,-0.19156240,1.08272705,-1.61341331,0.87214413,0.04586163,0.33071442,0.32619109,0.15939018,0.13028946,-0.30350892,0.32985894,-0.08303503,-0.24771974,-0.27049806,0.09332712,-0.29735376,-0.14247274,-0.14554561,-0.28317361,1.16356182,-0.30081605,0.01144887,-0.00640435,-0.08045781,0.99667169,1.34180088,-0.19780435,0.02268217,1.47581234,-0.43572842,0.07847135,0.91155453,-0.16527463,0.02883733,0.99957161,-0.42160188,0.04301748,0.82504654,-7.05495148,3.09204175,-0.11488562,2.21455259,1.62080088,0.51637450,-5.28485346,2.35289793,-0.40202537,2.58471656,1.01433277
0.93644645,0.08173744,0.09142728,0.28865773,-0.42667374,0.00917357,0.21333395,0.25818411,-1.67744577,-0.06372388,0.93735945,-1.49754393,-0.01964825,0.56275350,-1.61257017,-0.20233849,1.14124858,-1.59138942,0.87214413,0.04586163,0.33071442,0.32837901,0.14046448,0.13187381,-0.30555521,0.35415284,-0.08156385,-0.24917680,-0.28904440,0.09273299,-0.29652120,-0.11704146,-0.13874556,-0.29083634,1.18219280,-0.30230041,0.01467763,-0.01028588,-0.08053485,0.99659064,1.34204006,-0.19473729,0.02282380,1.51861477,-0.43976733,0.07920220,0.91182804,-0.16428240,0.03185780,1.04435825,-0.42041337,0.03754266,-0.43420133,-5.15278053,4.86662102,-0.06902575,2.13826776,2.43214107,0.89470416,-5.21354532,2.97162986,-0.56080073,2.98873162,1.12135649
0.95245608,0.08759819,0.05455557,0.30532058,-0.45180312,0.23205243,0.19163561,0.20579910,-1.57262046,-0.06768258,0.97772515,-1.44059498,-0.00400736,0.48965108,-1.55646935,-0.21157724,1.20233655,-1.56453254,0.87214413,0.04586163,0.33071442,0.33006366,0.11991386,0.13284318,-0.30739568,0.36528055,-0.08211802,-0.25912184,-0.30904445,0.09299496,-0.29453906,-0.09929769,-0.13189365,-0.29839552,1.20123653,-0.30358764,0.01811021,-0.01451388,-0.07823446,0.99666481,1.34046574,-0.19115155,0.02266798,1.54916096,-0.44186939,0.07094182,0.91055756,-0.16336544,0.03552460,1.08251801,-0.41831287,0.03166814,-1.09969366,-2.53138151,5.21428261,-0.20238365,2.01500199,2.85244966,0.77356750,-3.58002131,2.77486877,-0.45667073,3.04696202,1.33900726
0.94863312,0.07400734,-0.00867655,0.29900483,-0.42450493,0.37145852,0.16097482,0.20738250,-1.48886969,-0.07382131,1.01535208,-1.38377287,0.00601022,0.46843814,-1.52543340,-0.21740900,1.25872536,-1.54621613,0.87214413,0.04586163,0.33071442,0.33066096,0.09951263,0.13312443,-0.30819101,0.36295810,-0.08479156,-0.27310925,-0.32610071,0.09444490,-0.29095309,-0.09388952,-0.12660269,-0.30471983,1.22022839,-0.30494378,0.02148972,-0.01845828,-0.07453577,0.99681588,1.33852177,-0.18818954,0.02246994,1.56643467,-0.44303577,0.05755170,0.91190834,-0.16281615,0.03970787,1.10846977,-0.41609007,0.02594112,-1.54878089,0.17951133,4.11170473,-0.30649143,1.87037289,2.81482434,0.48702908,-0.91724890,1.45200920,-0.28385279,2.80962873,0.84959786
0.93283908,0.05147595,-0.07472126,0.27963196,-0.34433856,0.39845698,0.12968537,0.23872012,-1.43385916,-0.07932010,1.05047808,-1.33992813,0.01082020,0.49303699,-1.52758868,-0.21971367,1.31353869,-1.55404031,0.87214413,0.04586163,0.33071442,0.33007191,0.08165653,0.13348668,-0.30698967,0.35276256,-0.08885895,-0.28623120,-0.33756138,0.09706822,-0.28453445,-0.09890937,-0.12307566,-0.30846703,1.23892002,-0.30648191,0.02463300,-0.02170215,-0.07052702,0.99696949,1.33868084,-0.18592378,0.02308224,1.57551670,-0.44446746,0.04384071,0.91853504,-0.16252571,0.04553745,1.12355709,-0.41428764,0.02160487,-1.53927543,1.66374063,2.61479177,-0.26943029,1.75323761,2.11502535,0.21612296,1.40126423,-0.24009987,-0.09543245,2.74453473,-0.52016973
0.92824236,0.03004352,-0.13112780,0.21203876,-0.15614415,0.33341901,0.11059779,0.29191369,-1.41851931,-0.08229417,1.08839550,-1.31646011,0.01085290,0.54847375,-1.55338023,-0.21609934,1.36661749,-1.59473794,0.87214413,0.04586163,0.33071442,0.32839550,0.06590141,0.13418360,-0.30336203,0.33735740,-0.09127195,-0.29576737,-0.34234224,0.10103214,-0.27484721,-0.11151937,-0.12160453,-0.30943059,1.25750523,-0.30823709,0.02705292,-0.02325776,-0.06710834,0.99710766,1.34094448,-0.18419627,0.02503347,1.57942371,-0.44428513,0.03262813,0.93196735,-0.16184448,0.05354829,1.13056774,-0.41364633,0.01896491,-0.85755718,2.78137841,0.50602054,-0.12896570,1.92684734,1.04684536,-0.02176168,2.90889516,-1.39360417,0.22010511,2.63272595,-2.23465471
0.94560104,0.01857591,-0.15641245,0.05345131,0.06524871,0.20764756,0.10662138,0.36152804,-1.44105601,-0.07894108,1.12760782,-1.31580698,0.01001553,0.61553919,-1.58292925,-0.20394951,1.39519501,-1.63150668,0.87214413,0.04586163,0.33071442,0.32614738,0.05333743,0.13578591,-0.29776332,0.31874826,-0.09132641,-0.30098160,-0.34236468,0.10552987,-0.26739097,-0.12817726,-0.12148576,-0.30898725,1.27638340,-0.31015578,0.02785415,-0.02280128,-0.06488123,0.99724354,1.34702206,-0.18251223,0.02838406,1.58044910,-0.44238669,0.02516578,0.95076180,-0.16075464,0.05875641,1.13341808,-0.41383374,0.01716013,-0.09611963,3.58407474,-1.37511480,0.22105737,1.95807683,-0.13221502,-0.03887068,3.40103006,-1.46301258,0.67315215,1.19446981,-1.69926155
0.97820490,0.02351193,-0.13828864,-0.12956331,0.24856478,0.09511094,0.10936188,0.43712337,-1.48780286,-0.06768034,1.15586576,-1.33581896,0.01251906,0.68336327,-1.61451919,-0.18528259,1.39456203,-1.67520466,0.87214413,0.04586163,0.33071442,0.32413356,0.04756023,0.13831288,-0.29241298,0.29957627,-0.09161107,-0.30197253,-0.33454810,0.10980844,-0.26238790,-0.14564049,-0.12185126,-0.30629962,1.29593525,-0.31207196,0.02646868,-0.02042216,-0.06395390,0.99739272,1.36090679,-0.18103332,0.03172057,1.58122387,-0.44148964,0.02216103,0.97830868,-0.16010590,0.06174566,1.13581905,-0.41415862,0.01783394,0.14310451,3.77990937,-2.34775825,0.56690353,1.39344682,-1.03553145,0.12942874,3.38114309,-1.56333721,0.93735833,-0.07264568,-2.19564910
1.00580751,0.03745432,-0.11519583,-0.26972768,0.39747245,0.05193977,0.11549001,0.51385195,-1.53904197,-0.05498654,1.16875849,-1.38255568,0.01762589,0.74425552,-1.63401287,-0.16400704,1.36330326,-1.72292848,0.87214413,0.04586163,0.33071442,0.32246540,0.05131386,0.14027082,-0.28827393,0.28007643,-0.09212460,-0.30150161,-0.31916462,0.11349403,-0.25994020,-0.16307499,-0.12230382,-0.30379516,1.31603260,-0.31380761,0.02360420,-0.01667415,-0.06348672,0.99756416,1.38481350,-0.18122479,0.03419147,1.58207607,-0.44089270,0.02096379,1.01394482,-0.16054340,0.06252521,1.13869381,-0.41431946,0.01867024,0.30988497,3.84704680,-2.55479884,0.62968715,0.58823486,-2.42941887,0.26011247,3.02559662,-0.93451872,1.06980157,-1.66421261,-2.37269769
1.01565006,0.05686461,-0.10135251,-0.36636052,0.45935385,0.09561885,0.12135898,0.59265575,-1.58690310,-0.04534639,1.16551595,-1.46620512,0.02366630,0.79927131,-1.64340560,-0.14125341,1.30144258,-1.76561708,0.87214413,0.04586163,0.33071442,0.32093585,0.06698400,0.14070550,-0.28435148,0.25974294,-0.09341820,-0.30048404,-0.29770551,0.11677547,-0.26000700,-0.18026878,-0.12304569,-0.30146194,1.33637447,-0.31518854,0.01973365,-0.01231018,-0.06265197,0.99776439,1.42049274,-0.18400542,0.03658437,1.58233471,-0.44047586,0.02045180,1.05568428,-0.16196289,0.06092885,1.14208469,-0.41462975,0.01947390,0.28389947,3.93970633,-2.37358880,0.46147617,-0.21067713,-4.36643276,0.30181406,2.73005581,-0.44895740,1.14041440,-3.19650483,-2.11106443
1.00122390,0.07368804,-0.08573154,-0.39808786,0.41135161,0.22199666,0.12407074,0.66709425,-1.62452703,-0.04188512,1.14639077,-1.57595701,0.02895740,0.84900926,-1.64684942,-0.11942070,1.21665926,-1.79776587,0.87214413,0.04586163,0.33071442,0.31953831,0.09205574,0.13921856,-0.27928022,0.24025018,-0.09575860,-0.29917243,-0.27242819,0.11966089,-0.26167687,-0.19641662,-0.12416805,-0.29911410,1.35650311,-0.31615154,0.01553171,-0.00833031,-0.06063431,0.99800444,1.46476612,-0.18912720,0.04025808,1.58336391,-0.44034507,0.02036588,1.10060120,-0.16432908,0.05786144,1.14647541,-0.41557769,0.02042421,0.11356472,3.67875528,-1.79829154,0.13180616,-1.06653489,-5.56465769,0.25726879,2.45485258,-0.13338088,1.07969348,-4.36492105,-1.52540722
0.97077888,0.08435712,-0.04825465,-0.39029270,0.28331238,0.40411672,0.12254646,0.73282939,-1.64464152,-0.04709730,1.09846580,-1.68723917,0.03307185,0.89550787,-1.64363992,-0.10079382,1.11185610,-1.81212986,0.87214413,0.04586163,0.33071442,0.31870174,0.12466032,0.13550085,-0.27393252,0.22220448,-0.09894324,-0.29852897,-0.24454545,0.12184561,-0.26511778,-0.21189170,-0.12547153,-0.29736499,1.37608242,-0.31671707,0.01146717,-0.00549142,-0.05687723,0.99830022,1.51533985,-0.19626774,0.04476923,1.58559704,-0.44028172,0.02017277,1.14697552,-0.16785856,0.05358396,1.15129948,-0.41728458,0.02133675,-0.10756283,3.22130775,-0.87208265,-0.32671449,-2.62910819,-5.54087830,0.19759889,2.30855918,0.20760296,0.90525621,-5.37747812,-0.58136696
0.93227835,0.08625065,0.00328968,-0.36895098,0.10447994,0.61237105,0.11545097,0.79178606,-1.64167099,-0.06436749,0.98853182,-1.77979896,0.03788790,0.94224186,-1.63496675,-0.08710902,0.98806355,-1.80191948,0.87214413,0.04586163,0.33071442,0.31892533,0.16906061,0.12908866,-0.26847405,0.20429978,-0.10319046,-0.29925031,-0.21411406,0.12307606,-0.27045406,-0.22721797,-0.12632933,-0.29644820,1.39482594,-0.31690353,0.00774292,-0.00453570,-0.05081347,0.99866785,1.57612324,-0.20565309,0.05045128,1.58758869,-0.44031014,0.01967502,1.19431934,-0.17271736,0.04847127,1.15595226,-0.41950214,0.02247713,-0.36342168,2.93500662,0.17941188,-0.87178338,-5.59491949,-4.56012254,0.24706961,2.34061050,0.43182847,0.67493502,-6.19328451,0.53796668
0.89926138,0.08052195,0.04282007,-0.33550088,-0.07309215,0.79057444,0.10287616,0.84137930,-1.61931276,-0.08406611,0.81791788,-1.81964524,0.04661140,0.99106879,-1.62696199,-0.08010944,0.86248913,-1.77231944,0.87214413,0.04586163,0.33071442,0.31994172,0.22001405,0.12250355,-0.26329347,0.18713703,-0.10858828,-0.30097246,-0.18408340,0.12280049,-0.27659314,-0.24208186,-0.12579579,-0.29579463,1.41290455,-0.31685904,0.00442813,-0.00531163,-0.04296977,0.99905244,1.64262943,-0.21370972,0.05664825,1.59002094,-0.44112273,0.01896926,1.24005146,-0.17869801,0.04334858,1.16091061,-0.42139260,0.02414708,-0.64029646,2.45016060,1.15736095,-0.96784713,-8.64639215,-1.80451140,0.44391290,2.44271898,0.40270326,0.32965124,-6.27825270,1.53665822
0.87320641,0.06553750,0.07229170,-0.26581906,-0.17805437,0.85555226,0.08776332,0.88175269,-1.58578322,-0.09476735,0.62707278,-1.79513686,0.05869223,1.04085803,-1.61700306,-0.08050948,0.73605051,-1.72209547,0.87214413,0.04586163,0.33071442,0.32159008,0.26811111,0.11862160,-0.25894845,0.17111670,-0.11433844,-0.30301670,-0.15467087,0.12078953,-0.28365259,-0.25701054,-0.12389243,-0.29547760,1.43043919,-0.31675390,0.00181448,-0.00710373,-0.03440157,0.99938120,1.70607548,-0.21685753,0.06264163,1.59328480,-0.44259312,0.01857338,1.28444424,-0.18561023,0.03793748,1.16551456,-0.42267226,0.02611248,-0.75791079,1.98547332,1.70929086,-0.47925556,-9.51317482,1.49336086,0.62213939,2.49633956,0.51255797,-0.05334243,-6.33150864,2.60412583
0.85358777,0.04373166,0.09537456,-0.18270409,-0.25264025,0.77620777,0.07433460,0.91557778,-1.54480875,-0.09362903,0.45262707,-1.71861455,0.07299373,1.08952117,-1.59743071,-0.08879846,0.60967066,-1.65297983,0.87214413,0.04586163,0.33071442,0.32376808,0.30850164,0.11794117,-0.25700227,0.15572985,-0.11916603,-0.30533323,-0.12564724,0.11684714,-0.29141122,-0.27298366,-0.12084676,-0.29622613,1.44753666,-0.31676415,0.00003561,-0.00960463,-0.02649363,0.99960284,1.76185322,-0.21533200,0.06676581,1.59673481,-0.44401289,0.01843485,1.32825603,-0.19342472,0.03235686,1.16853428,-0.42297945,0.02754194,-0.65232581,1.65896761,2.09035919,0.11950518,-8.58737106,4.07831235,0.71918403,2.41501784,1.06014051,-0.45999768,-6.30882626,3.55177093
0.84572050,0.02134499,0.09645765,-0.13466334,-0.27248811,0.54459676,0.06607251,0.94452041,-1.50030470,-0.08465105,0.31595850,-1.61291313,0.08777808,1.13626063,-1.57023728,-0.10092872,0.50077224,-1.57969785,0.87214413,0.04586163,0.33071442,0.32611024,0.33879419,0.11914283,-0.25913229,0.14086690,-0.12221617,-0.30779263,-0.10055863,0.11196896,-0.29840180,-0.28977679,-0.11740177,-0.29723969,1.46442318,-0.31699631,-0.00124171,-0.01235148,-0.02068330,0.99970901,1.80785275,-0.21195990,0.06697796,1.60011768,-0.44493097,0.01831761,1.36857891,-0.20096631,0.02770844,1.17004108,-0.42231935,0.02887055,-0.37099329,1.41445029,2.23968029,0.49600121,-6.52311420,5.45076323,0.74199104,2.32680535,1.39512050,-0.62215132,-5.27518940,3.65776753
0.84746366,0.00925782,0.08022645,-0.16965704,-0.28442598,0.24267275,0.06361538,0.97014177,-1.45644917,-0.07034987,0.23402475,-1.50391426,0.10035819,1.17986748,-1.54245420,-0.11014476,0.43309255,-1.52158239,0.87214413,0.04586163,0.33071442,0.32824370,0.35572050,0.12136994,-0.26620642,0.12673616,-0.12379279,-0.30974048,-0.08482800,0.10776810,-0.30412157,-0.30583798,-0.11491952,-0.29732084,1.48130932,-0.31741423,-0.00283270,-0.01522691,-0.01816219,0.99971509,1.84119511,-0.20901702,0.06203728,1.60347538,-0.44571919,0.01850322,1.40044308,-0.20664237,0.02412213,1.17150707,-0.42117324,0.03092285,-0.11820190,1.28005517,2.18630505,0.72282025,-4.03230247,5.42757893,0.62454045,2.18526502,1.37582150,-0.45403180,-3.32395673,2.87306051
0.85048728,0.00904803,0.04499646,-0.23343267,-0.28299300,-0.00794163,0.06375937,0.99431608,-1.41606417,-0.05085735,0.19486587,-1.41140256,0.10964739,1.22490394,-1.52217417,-0.11461295,0.40698398,-1.48681896,0.87214413,0.04586163,0.33071442,0.32980955,0.36214397,0.12479638,-0.27551248,0.11338144,-0.12502593,-0.31073982,-0.07867728,0.10460816,-0.30907876,-0.32084819,-0.11394695,-0.29540757,1.49826336,-0.31784016,-0.00508390,-0.01811277,-0.01810410,0.99965910,1.86466923,-0.20617489,0.05429707,1.60706577,-0.44687065,0.01906973,1.42340679,-0.21046476,0.02073079,1.17351742,-0.42015115,0.03440198,0.00993884,1.19930713,2.01690097,0.98773254,-1.85212102,4.57253380,0.45387614,2.24150691,1.00563381,-0.20978198,-1.18985538,1.66821241
0.85678910,0.01657523,-0.01157002,-0.27701036,-0.22759705,-0.15611118,0.06426155,1.01721570,-1.37860386,-0.02839456,0.19155853,-1.34263344,0.11515512,1.26657131,-1.50978014,-0.11550337,0.42410976,-1.48694470,0.87214413,0.04586163,0.33071442,0.33038127,0.35940278,0.12915709,-0.28581633,0.10042936,-0.12649755,-0.31093798,-0.08213289,0.10249533,-0.31194552,-0.33353853,-0.11441735,-0.29203015,1.51537685,-0.31818502,-0.00781665,-0.02049514,-0.01954186,0.99956839,1.87951794,-0.20306253,0.04456494,1.61082516,-0.44848201,0.01944329,1.43728046,-0.21258171,0.01843575,1.17765217,-0.41958184,0.03835112,0.02321175,1.15105097,1.84846675,1.12662873,-0.01849703,3.30713210,0.25873981,2.07030916,0.55757614,-0.03599900,1.05748695,-0.21526051
0.87026428,0.02537865,-0.07338621,-0.26547355,-0.12240351,-0.18490235,0.06422236,1.04257023,-1.34771531,-0.00982152,0.22194753,-1.30989947,0.11669605,1.30704386,-1.51886256,-0.11490762,0.47910232,-1.52155297,0.87214413,0.04586163,0.33071442,0.32980377,0.34851721,0.13278841,-0.29517335,0.08720291,-0.12819988,-0.30989993,-0.09392273,0.10123722,-0.31189921,-0.34192163,-0.11610299,-0.28619767,1.53279171,-0.31845231,-0.01051699,-0.02188735,-0.02135177,0.99947708,1.88660946,-0.20051161,0.03463042,1.61449871,-0.45022303,0.01990384,1.44323139,-0.21333617,0.01790456,1.18626881,-0.42000123,0.04360610,-0.00547609,1.28620565,1.50325859,0.88626533,1.70954355,1.40767045,0.05402523,2.02473879,-0.60675998,0.03612739,2.92709734,-1.86626530
0.89485191,0.02861315,-0.12574317,-0.17230253,0.02442411,-0.10792934,0.06361576,1.07768166,-1.33498561,-0.00419974,0.28588414,-1.32481158,0.11217989,1.35134447,-1.56798136,-0.11378770,0.55551422,-1.56936908,0.87214413,0.04586163,0.33071442,0.32820988,0.33059887,0.13318759,-0.30169260,0.07362160,-0.12971436,-0.30630043,-0.11128796,0.10080530,-0.31023153,-0.34361031,-0.11917399,-0.27620646,1.55070972,-0.31873477,-0.01241304,-0.02188233,-0.02251509,0.99942991,1.88690853,-0.20039243,0.02651728,1.61848545,-0.45159712,0.02190945,1.44401836,-0.21307648,0.01797835,1.20213604,-0.42249832,0.05200341,-0.03424555,1.84390056,0.47548053,0.17276934,3.43725967,-1.10755205,-0.27486831,2.25275517,-2.77998424,0.05806803,3.94605327,-2.45495772
0.93531260,0.02095440,-0.14328709,0.00487706,0.17104009,0.01370596,0.05989600,1.10587668,-1.33834820,-0.01199148,0.37090491,-1.37626576,0.09407955,1.36591737,-1.62097147,-0.11379266,0.63727005,-1.61136527,0.87214413,0.04586163,0.33071442,0.32610530,0.30881505,0.13067490,-0.30447937,0.06453533,-0.13106145,-0.30249154,-0.13140084,0.10113030,-0.30792264,-0.33749416,-0.12428338,-0.26841116,1.56949253,-0.31920915,-0.01245187,-0.02022868,-0.02238275,0.99946724,1.88379040,-0.20233521,0.02162593,1.62816181,-0.45299939,0.02361375,1.44269810,-0.21236024,0.01818266,1.22682667,-0.42842807,0.05769414,-0.18514675,1.37626065,-0.19569396,-0.39706926,4.25807314,-2.59623361,-0.92301631,0.67341901,-2.65199494,-0.00172743,4.08038516,-2.08979270
0.97628525,0.00240321,-0.13680469,0.19594821,0.37176276,0.08122524,0.05911481,1.11524463,-1.37801733,-0.02318170,0.45821129,-1.43898640,0.06440959,1.34266274,-1.67513893,-0.11461222,0.71131179,-1.64244199,0.87214413,0.04586163,0.33071442,0.32401806,0.28663737,0.12834870,-0.30475523,0.06754889,-0.13040532,-0.29970429,-0.15136871,0.10222762,-0.30484899,-0.32270000,-0.13098374,-0.26334529,1.58904438,-0.32002981,-0.01066612,-0.01659958,-0.02156833,0.99957266,1.88091106,-0.20406340,0.01926283,1.65095158,-0.45320600,0.02431377,1.44218845,-0.21141900,0.01916907,1.26103535,-0.43708580,0.06067277,-0.01388047,0.44757839,-2.20869824,-0.55608399,4.35300055,-3.13107324,-1.50919762,-1.26487538,-2.70769620,-0.04172864,3.66197753,-1.49472561
1.01174958,-0.02280873,-0.10786980,0.35948807,0.54763794,0.04752036,0.06696485,1.10947301,-1.48184593,-0.03171413,0.53655071,-1.49411623,0.02988539,1.28819973,-1.72412679,-0.11588126,0.77216854,-1.65624878,0.87214413,0.04586163,0.33071442,0.32227566,0.26571172,0.12790109,-0.30430052,0.08675699,-0.12640434,-0.29503073,-0.17048006,0.10391326,-0.30208225,-0.30221209,-0.13801397,-0.26002668,1.60923061,-0.32132391,-0.00728519,-0.01117443,-0.02102591,0.99968994,1.88006649,-0.20466485,0.01797514,1.69061680,-0.45125128,0.02724493,1.44325275,-0.21036100,0.02019341,1.30150280,-0.44655808,0.06224898,0.42845667,-0.39833876,-5.38254089,-0.40689704,3.85193801,-2.69050002,-1.72335334,-2.83094630,-2.39895048,-0.06644546,2.99120641,-0.63586088
1.03937611,-0.04223079,-0.06442887,0.45013667,0.55664371,-0.05584358,0.08159364,1.07499793,-1.60925353,-0.03721325,0.60174131,-1.53385746,-0.00065038,1.21398742,-1.75952833,-0.11803929,0.82481604,-1.66056726,0.87214413,0.04586163,0.33071442,0.32114871,0.24722560,0.12892593,-0.30388037,0.11756252,-0.12020402,-0.28923945,-0.18853618,0.10579328,-0.29929882,-0.27963197,-0.14364641,-0.25857565,1.62992764,-0.32302676,-0.00298382,-0.00545232,-0.02146159,0.99975035,1.88245449,-0.20482109,0.01726833,1.74222736,-0.44816159,0.03190925,1.44610157,-0.20924589,0.02184988,1.34439297,-0.45454971,0.06257305,0.76327214,-1.90103101,-6.41505814,-0.26434764,3.19307446,-1.89916692,-1.48976073,-3.80031228,-1.68465605,-0.11379754,2.60191274,-0.17551945
1.04532184,-0.05258905,-0.02184652,0.50053833,0.41198652,-0.17913105,0.10143957,1.00433731,-1.73078239,-0.04172621,0.65942949,-1.55964601,-0.02349810,1.12601662,-1.78035343,-0.12265808,0.87790424,-1.66578436,0.87214413,0.04586163,0.33071442,0.32065701,0.23035864,0.13051534,-0.30350421,0.15568457,-0.11275069,-0.28192535,-0.20572879,0.10736421,-0.29582229,-0.25554127,-0.14712663,-0.25937745,1.65075970,-0.32500602,0.00185511,-0.00099799,-0.02309107,0.99973115,1.88689899,-0.20526636,0.01715280,1.80107212,-0.44482496,0.03873166,1.45020771,-0.20825711,0.02483472,1.38869762,-0.46017650,0.06127957,1.02855110,-3.80624747,-5.99531603,-0.22109023,2.84261203,-1.19384754,-1.08401895,-4.49127674,-0.93820089,-0.25259927,2.67404771,-0.29004332
1.02623134,-0.05624160,0.02558533,0.53716278,0.20035329,-0.29955968,0.12157890,0.87299329,-1.81512861,-0.04618971,0.71749614,-1.57223351,-0.03890069,1.02337260,-1.78235729,-0.12804047,0.92895890,-1.66514950,0.87214413,0.04586163,0.33071442,0.32107445,0.21321273,0.13238615,-0.30305495,0.20151618,-0.10575797,-0.27332645,-0.22179503,0.10900727,-0.29303198,-0.22936923,-0.14851536,-0.26285205,1.67121601,-0.32720240,0.00718063,0.00117785,-0.02605973,0.99963390,1.89103451,-0.20610083,0.01801950,1.86695042,-0.44331253,0.04774800,1.45539951,-0.20679119,0.02804247,1.43442287,-0.46356980,0.05822240,1.00319707,-6.64269333,-4.14468484,-0.22229964,2.90589285,-0.61202855,-0.76298053,-5.15157604,-0.07278585,-0.27058070,2.54756474,0.04985904
0.99499818,-0.05281100,0.06318793,0.50080024,-0.00104581,-0.40223751,0.13827664,0.69707652,-1.84635944,-0.04944247,0.77657267,-1.57209394,-0.04887977,0.90904443,-1.76496303,-0.13408127,0.97666014,-1.65313606,0.87214413,0.04586163,0.33071442,0.32220966,0.19518438,0.13444541,-0.30277050,0.24992879,-0.10039247,-0.26388054,-0.23758177,0.11020734,-0.29203502,-0.20143582,-0.14861318,-0.26827376,1.69105701,-0.32948059,0.01224133,0.00137734,-0.03002356,0.99947328,1.89395428,-0.20698484,0.01943915,1.93451405,-0.44468356,0.05832912,1.46051350,-0.20522103,0.03017464,1.48106976,-0.46574364,0.05393590,0.81931841,-8.86410179,-1.39351688,-0.15490771,2.95112276,0.04751730,-0.48046473,-5.73637066,0.92665807,-0.30131879,2.37736964,0.62387748
0.96425791,-0.04355437,0.09036955,0.40279763,-0.20033249,-0.46320561,0.14832067,0.51223851,-1.82194891,-0.04990806,0.83294362,-1.55709260,-0.05161809,0.79208031,-1.72910240,-0.14040666,1.02315145,-1.63560843,0.87214413,0.04586163,0.33071442,0.32392977,0.17677789,0.13683061,-0.30285644,0.29466866,-0.09723960,-0.25493662,-0.25291092,0.11084365,-0.29210652,-0.17337581,-0.14715995,-0.27512278,1.71028080,-0.33174531,0.01642372,-0.00039489,-0.03458625,0.99926668,1.89609547,-0.20746358,0.02107333,1.99752178,-0.44912409,0.06899315,1.46563816,-0.20368194,0.03182325,1.52714596,-0.46656686,0.04880700,0.46680160,-9.19458542,1.44089112,-0.01086840,2.79689789,0.81760739,-0.10148633,-5.83464050,1.86380477,-0.32055721,2.32784963,0.88511175
0.94766798,-0.02923887,0.10492612,0.31081752,-0.36179212,-0.45594274,0.14946622,0.35237512,-1.75594826,-0.04796446,0.88280340,-1.52422721,-0.04576619,0.67957447,-1.67990110,-0.14912579,1.07318921,-1.61810336,0.87214413,0.04586163,0.33071442,0.32608303,0.15812060,0.13947227,-0.30381424,0.33146328,-0.09607135,-0.24868467,-0.26839049,0.11043791,-0.29228939,-0.14620533,-0.14366277,-0.28271195,1.72913609,-0.33391047,0.01974310,-0.00381785,-0.03911630,0.99903231,1.89769306,-0.20724878,0.02226879,2.05205822,-0.45564339,0.07739836,1.47021809,-0.20279428,0.03379364,1.57212963,-0.46568286,0.04337108,0.00369251,-7.79073792,3.49556899,0.10886049,2.44952679,1.75436916,0.34306753,-5.59427452,2.52269821,-0.45560607,2.53406787,0.86629766
0.95309332,-0.00907458,0.10207590,0.26142977,-0.43857762,-0.33485139,0.13486138,0.22898215,-1.65585530,-0.04411336,0.92561865,-1.47421706,-0.03122918,0.56803471,-1.61809683,-0.16153939,1.13201642,-1.59955597,0.87214413,0.04586163,0.33071442,0.32837486,0.13864810,0.14247143,-0.30560015,0.35941688,-0.09763648,-0.24832211,-0.28610813,0.10890275,-0.29174879,-0.11910259,-0.13778307,-0.29073267,1.74804974,-0.33584751,0.02256928,-0.00807605,-0.04257875,0.99880551,1.89836216,-0.20574148,0.02277471,2.09781170,-0.46383166,0.08005275,1.47229099,-0.20290096,0.03662607,1.61761189,-0.46295208,0.03764219,-0.86095327,-5.90615940,5.24780226,0.20578979,2.09204793,2.61640525,0.78846550,-5.58283520,3.18492627,-0.64779991,3.01316476,0.94227070
0.96168212,0.00574113,0.06517922,0.24889603,-0.47941432,-0.07546750,0.11341626,0.16948315,-1.54439149,-0.04089333,0.96232182,-1.41539204,-0.01469052,0.48503051,-1.55633781,-0.17392876,1.19569280,-1.57610722,0.87214413,0.04586163,0.33071442,0.33016430,0.11903159,0.14528023,-0.30705101,0.37243873,-0.09938207,-0.25743694,-0.30580975,0.10757853,-0.29014345,-0.09877523,-0.13114413,-0.29852851,1.76717510,-0.33747639,0.02525734,-0.01277922,-0.04330905,0.99866065,1.89841785,-0.20312534,0.02311329,2.12953281,-0.46894614,0.07272736,1.47190723,-0.20364953,0.04002084,1.65734386,-0.45951093,0.03163578,-1.07433658,-2.87669232,5.54304838,0.15542542,1.82960761,2.94286656,0.82227393,-4.07107148,3.05661368,-0.61522557,3.17551637,1.17933223
0.96394848,0.00229019,-0.00420193,0.24436960,-0.46294430,0.12379881,0.09002191,0.17053890,-1.45604758,-0.04144223,0.99593152,-1.35838969,-0.00159742,0.45740860,-1.52100599,-0.18365417,1.25482709,-1.55584269,0.87214413,0.04586163,0.33071442,0.33077314,0.10007181,0.14688340,-0.30760072,0.37044130,-0.10135891,-0.27179877,-0.32360674,0.10718568,-0.28732103,-0.09151721,-0.12537479,-0.30517505,1.78638287,-0.33906007,0.02791891,-0.01727323,-0.04205737,0.99857566,1.89857807,-0.20121472,0.02317242,2.14686756,-0.47154088,0.05897437,1.47305851,-0.20475466,0.04345211,1.68453960,-0.45620181,0.02559810,-1.17880669,0.16704652,4.33670387,-0.03725383,1.67730391,2.82381082,0.64349378,-1.22296386,1.65900404,-0.48084514,2.95280576,0.94691125
0.95832726,-0.01190406,-0.07377780,0.24182165,-0.40312922,0.19746612,0.06713874,0.20376287,-1.39778965,-0.04441332,1.02992795,-1.31412873,0.00689089,0.48118912,-1.52274392,-0.19055736,1.31399148,-1.56405017,0.87214413,0.04586163,0.33071442,0.33015688,0.08281753,0.14764825,-0.30625787,0.35995298,-0.10398356,-0.28561615,-0.33569422,0.10793727,-0.28121195,-0.09584031,-0.12105146,-0.30924663,1.80552769,-0.34075287,0.03054203,-0.02122866,-0.04002932,0.99850597,1.90007496,-0.20032651,0.02389901,2.15583515,-0.47365662,0.04454073,1.47972012,-0.20588075,0.04894493,1.70016308,-0.45361173,0.02091025,-1.12086797,1.75436215,2.77301922,-0.15315864,1.71005046,2.13824685,0.40069012,1.38678674,-0.24242018,-0.32778810,2.96633697,-0.56246418
0.95837919,-0.02558039,-0.13450495,0.19018801,-0.21814787,0.15543580,0.05569053,0.25901757,-1.38188441,-0.04607097,1.06660697,-1.28862801,0.01073352,0.54013391,-1.55299647,-0.19128831,1.36343024,-1.58980143,0.87214413,0.04586163,0.33071442,0.32841447,0.06734110,0.14841191,-0.30273501,0.34429112,-0.10466259,-0.29564272,-0.34218045,0.11002161,-0.27367217,-0.10853181,-0.11863088,-0.31018865,1.82469807,-0.34257662,0.03265961,-0.02352726,-0.03836559,0.99845275,1.90344257,-0.19988737,0.02567946,2.15974674,-0.47385122,0.03277175,1.49217281,-0.20612453,0.05474230,1.70721874,-0.45235389,0.01822582,-0.48135142,2.88987856,0.51161241,-0.06514410,1.85054815,1.16223471,0.16939983,3.10112085,-1.64224995,0.00780343,2.36656375,-1.31091058
0.97904164,-0.02877356,-0.16917531,0.03194463,0.04207969,0.03275699,0.06041297,0.33386326,-1.41016221,-0.04280181,1.09871888,-1.27955258,0.01343280,0.61294442,-1.59017992,-0.18451807,1.39165270,-1.62379003,0.87214413,0.04586163,0.33071442,0.32595351,0.05528224,0.14965827,-0.29852946,0.32474109,-0.10231015,-0.30116532,-0.34250167,0.11279865,-0.26692294,-0.12579790,-0.11763648,-0.30921973,1.84425449,-0.34444022,0.03323079,-0.02343940,-0.03786966,0.99845491,1.91093349,-0.19950011,0.02742405,2.16012096,-0.47153276,0.02478819,1.51149082,-0.20551841,0.05903058,1.70974445,-0.45200649,0.01673378,0.35229918,3.87462234,-1.71389568,0.20385703,1.55162561,0.34591910,0.13489622,3.70224214,-1.86367023,0.39134857,1.25164735,-1.77012908
1.01592266,-0.01388268,-0.15118222,-0.16170243,0.24821312,-0.08103428,0.07166486,0.41767089,-1.46470361,-0.03436569,1.12652960,-1.30428095,0.01853463,0.68599859,-1.62542629,-0.17109959,1.38943467,-1.66941831,0.87214413,0.04586163,0.33071442,0.32371526,0.05042815,0.15100495,-0.29336154,0.30372462,-0.10006204,-0.30250560,-0.33390923,0.11555919,-0.26228217,-0.14432036,-0.11740252,-0.30638941,1.86458912,-0.34613791,0.03155567,-0.02109574,-0.03870534,0.99852947,1.92674351,-0.19956941,0.03035372,2.15949802,-0.46978983,0.02120967,1.54080868,-0.20466166,0.06143310,1.71147785,-0.45181977,0.01732585,0.56803739,4.19344587,-2.74441600,0.42273386,1.37272300,-1.28668489,0.25820549,3.64113283,-1.74559438,0.67644089,-0.15690134,-2.29208131
1.04320049,0.01228559,-0.12872446,-0.33585762,0.40092018,-0.11462478,0.08564072,0.50343487,-1.52711821,-0.02630110,1.14212747,-1.36740627,0.02548666,0.75093623,-1.64854126,-0.15368370,1.35573411,-1.71957886,0.87214413,0.04586163,0.33071442,0.32182437,0.05659631,0.15113573,-0.28857222,0.28250718,-0.09851201,-0.30151576,-0.31746503,0.11803963,-0.26012861,-0.16245737,-0.11765065,-0.30344265,1.88546925,-0.34746361,0.02811181,-0.01731521,-0.03992081,0.99865722,1.95408497,-0.20139160,0.03325215,2.15909901,-0.46846641,0.02030860,1.57857265,-0.20417410,0.06169575,1.71404209,-0.45161160,0.01838172,0.69881690,4.29244070,-3.11272979,0.39487403,0.74682851,-3.28890309,0.35053316,3.22359371,-1.11805477,0.88318270,-1.76985438,-2.50001454
1.04879007,0.04248496,-0.11246479,-0.46316081,0.46404042,-0.04537559,0.09778987,0.58799051,-1.58250661,-0.02184744,1.14437137,-1.47029088,0.03280738,0.80735840,-1.65940320,-0.13306819,1.29450035,-1.76396756,0.87214413,0.04586163,0.33071442,0.32010671,0.07438244,0.14942743,-0.28318796,0.26113984,-0.09841724,-0.29997641,-0.29584909,0.12049126,-0.26002268,-0.17983789,-0.11850094,-0.30078958,1.90650692,-0.34827385,0.02336814,-0.01289860,-0.04051898,0.99882219,1.99283009,-0.20541162,0.03691876,2.15874882,-0.46766395,0.02013030,1.62147198,-0.20405210,0.06008404,1.71760235,-0.45171078,0.01931713,0.58914298,4.20721426,-2.71515775,0.20328519,0.04478502,-5.27654858,0.36385991,2.78252912,-0.49595399,1.03799555,-3.16736674,-2.17774191
1.03084497,0.06728461,-0.08740353,-0.50526088,0.42107592,0.11264391,0.10522378,0.66437968,-1.62198505,-0.02388994,1.12743578,-1.58675821,0.03902825,0.85594376,-1.66114895,-0.11261820,1.21120863,-1.79603286,0.87214413,0.04586163,0.33071442,0.31869432,0.09982953,0.14568432,-0.27752846,0.24114029,-0.09986716,-0.29867326,-0.27100761,0.12264818,-0.26158223,-0.19589651,-0.11987616,-0.29852265,1.92724743,-0.34856546,0.01817327,-0.00879572,-0.03963102,0.99901039,2.03834476,-0.21128022,0.04116586,2.15968342,-0.46729036,0.02002106,1.66685009,-0.20475681,0.05711210,1.72243938,-0.45248562,0.02017167,0.34285754,3.75836115,-1.86908469,-0.14768890,-0.97116413,-5.82687473,0.30222109,2.38947892,-0.04326868,1.01362429,-4.27948661,-1.52172365
0.99794908,0.08097133,-0.04447005,-0.48358903,0.29506685,0.32220284,0.10776079,0.73057663,-1.64219928,-0.03650811,1.08013248,-1.69861710,0.04364879,0.90012038,-1.65457797,-0.09507359,1.10881710,-1.81082189,0.87214413,0.04586163,0.33071442,0.31795099,0.13192528,0.13932304,-0.27219185,0.22282125,-0.10233270,-0.29819074,-0.24372697,0.12419225,-0.26484586,-0.21123652,-0.12149940,-0.29710102,1.94737720,-0.34844962,0.01320117,-0.00580067,-0.03672499,0.99922138,2.08919239,-0.21920705,0.04575914,2.16206837,-0.46689367,0.01976025,1.71344471,-0.20666759,0.05310513,1.72777653,-0.45408347,0.02084997,0.09230062,3.23847389,-0.87048763,-0.71388328,-2.60664916,-5.54510546,0.21943463,2.18463778,0.38970706,0.85261428,-5.25312376,-0.60745949
0.95697646,0.08411427,0.00817947,-0.43896481,0.11264411,0.55326764,0.10353717,0.78986753,-1.63895738,-0.06096342,0.96473458,-1.78903337,0.04866353,0.94573010,-1.64380777,-0.08210065,0.98660830,-1.80167985,0.87214413,0.04586163,0.33071442,0.31828844,0.17691266,0.13056872,-0.26688031,0.20465225,-0.10613064,-0.29905065,-0.21361001,0.12493352,-0.27002363,-0.22660574,-0.12267541,-0.29632934,1.96660290,-0.34797730,0.00878567,-0.00471120,-0.03125034,0.99946187,2.15133648,-0.22873057,0.05140813,2.16421566,-0.46670157,0.01923779,1.76122608,-0.20992664,0.04826481,1.73276730,-0.45623776,0.02195910,-0.22166820,2.95033884,0.19360684,-1.22883775,-5.86765232,-4.44572453,0.25634800,2.28544946,0.53584527,0.63979871,-6.11590748,0.48556561
0.92336147,0.07771604,0.05199824,-0.38665146,-0.06931217,0.74257889,0.09284143,0.83922476,-1.61609123,-0.08581408,0.79049239,-1.82247229,0.05741171,0.99403149,-1.63421891,-0.07545143,0.86152767,-1.77241554,0.87214413,0.04586163,0.33071442,0.31949459,0.22755067,0.12234226,-0.26193455,0.18737539,-0.11131844,-0.30086358,-0.18373105,0.12430125,-0.27616756,-0.24160463,-0.12245800,-0.29573360,1.98514385,-0.34732184,0.00493411,-0.00539321,-0.02387495,0.99968823,2.21828136,-0.23599422,0.05756003,2.16698513,-0.46746792,0.01863101,1.80756321,-0.21438195,0.04332702,1.73796291,-0.45809341,0.02376099,-0.54707235,2.43955336,1.18199006,-1.21612527,-8.81176472,-1.47761378,0.44668987,2.41716933,0.48095366,0.31346421,-6.25540962,1.52211993
0.89711815,0.06110516,0.08498097,-0.30373849,-0.18050470,0.80363109,0.07945459,0.87952144,-1.58190465,-0.09930631,0.60111377,-1.79059870,0.06933998,1.04275353,-1.62153256,-0.07599479,0.73550794,-1.72236595,0.87214413,0.04586163,0.33071442,0.32140280,0.27443027,0.11748484,-0.25815265,0.17120683,-0.11685067,-0.30298948,-0.15444576,0.12203054,-0.28328886,-0.25669338,-0.12085754,-0.29566152,2.00313282,-0.34666552,0.00189468,-0.00716112,-0.01581638,0.99984747,2.28114491,-0.23792757,0.06325015,2.17055454,-0.46887774,0.01841332,1.85262775,-0.21980666,0.03811394,1.74274197,-0.45933601,0.02574128,-0.67168267,1.98084419,1.74516809,-0.61384182,-9.42098236,1.85813985,0.60965229,2.43610787,0.66227098,-0.06109982,-6.30762043,2.59252295
0.87885758,0.03730229,0.10650344,-0.20277448,-0.25474202,0.71059382,0.06770089,0.91309953,-1.53999653,-0.10000795,0.43201470,-1.70880873,0.08302757,1.09003785,-1.59773071,-0.08470405,0.60969844,-1.65391507,0.87214413,0.04586163,0.33071442,0.32382170,0.31318329,0.11609117,-0.25711974,0.15568806,-0.12138368,-0.30544784,-0.12553033,0.11782836,-0.29105076,-0.27303203,-0.11814154,-0.29682570,2.02071476,-0.34619111,-0.00015764,-0.00965690,-0.00853835,0.99991690,2.33583469,-0.23546461,0.06670196,2.17430744,-0.47021554,0.01837386,1.89721470,-0.22623645,0.03277094,1.74570522,-0.45965329,0.02699600,-0.56901293,1.64570820,2.13678215,0.03205428,-8.30010529,4.32420115,0.68873402,2.34983230,1.27329386,-0.48319030,-6.28173828,3.51651311
0.87361031,0.01331274,0.10417386,-0.15386570,-0.27150280,0.47112616,0.06102318,0.94215804,-1.49466753,-0.09216759,0.30265567,-1.60149407,0.09752540,1.13630307,-1.56865609,-0.09743054,0.50159550,-1.58149207,0.87214413,0.04586163,0.33071442,0.32634124,0.34163303,0.11673744,-0.26022187,0.14057641,-0.12414626,-0.30802351,-0.10061768,0.11264548,-0.29805533,-0.29006947,-0.11493585,-0.29791613,2.03814220,-0.34599560,-0.00167860,-0.01237616,-0.00345217,0.99991604,2.38056850,-0.23160599,0.06611937,2.17786312,-0.47110391,0.01831773,1.93830013,-0.23266211,0.02828591,1.74729061,-0.45893762,0.02842511,-0.29246178,1.42432797,2.27997065,0.44386935,-6.14797497,5.50362778,0.73081654,2.31026149,1.46485794,-0.65263325,-5.23244953,3.61388659
0.87496344,0.00084283,0.08270958,-0.17453481,-0.28940452,0.17725123,0.05996733,0.96820325,-1.45134335,-0.07817706,0.22735398,-1.49480832,0.10993278,1.17998233,-1.54081244,-0.10748235,0.43491948,-1.52470520,0.87214413,0.04586163,0.33071442,0.32854482,0.35699525,0.11868828,-0.26775796,0.12637998,-0.12539940,-0.30992140,-0.08506497,0.10813416,-0.30373252,-0.30617908,-0.11260491,-0.29790529,2.05558262,-0.34601992,-0.00337743,-0.01527232,-0.00159029,0.99987640,2.41294155,-0.22843120,0.06078686,2.18157597,-0.47180778,0.01862341,1.97085094,-0.23762440,0.02481230,1.74905834,-0.45768173,0.03063953,-0.04860833,1.30131257,2.15930126,0.70881339,-3.70161881,5.30879354,0.61566851,2.18847365,1.37797298,-0.49612764,-3.27373004,2.80461195
0.87652305,0.00119440,0.04309757,-0.22904982,-0.28919909,-0.05749160,0.06113974,0.99288169,-1.41169944,-0.05816902,0.19394702,-1.40638592,0.11882267,1.22476563,-1.52106423,-0.11284155,0.40987120,-1.49179299,0.87214413,0.04586163,0.33071442,0.33009583,0.36208435,0.12213525,-0.27715127,0.11297792,-0.12636099,-0.31084357,-0.07905859,0.10470440,-0.30853530,-0.32101988,-0.11181220,-0.29591579,2.07306538,-0.34605829,-0.00564698,-0.01818306,-0.00203781,0.99981665,2.43561993,-0.22532598,0.05294456,2.18555317,-0.47285579,0.01925226,1.99441280,-0.24104855,0.02156053,1.75161495,-0.45662664,0.03418004,0.05998411,1.22499192,1.97993219,1.01414360,-1.56872776,4.36595497,0.43282216,2.22765241,0.97750137,-0.25334803,-1.13649087,1.58052053
0.87979856,0.00957895,-0.01518816,-0.26080163,-0.23134742,-0.19144841,0.06228560,1.01641085,-1.37491691,-0.03521976,0.19512200,-1.34212484,0.12363467,1.26604691,-1.50954075,-0.11430062,0.42667747,-1.49049451,0.87214413,0.04586163,0.33071442,0.33061559,0.35833020,0.12660935,-0.28729748,0.09991239,-0.12759208,-0.31097331,-0.08257946,0.10243878,-0.31164132,-0.33346097,-0.11247346,-0.29247324,2.09064808,-0.34601001,-0.00827126,-0.02055717,-0.00384567,0.99974707,2.44989986,-0.22203981,0.04331810,2.18961926,-0.47433355,0.01964227,2.00882435,-0.24296658,0.01897427,1.75636883,-0.45602763,0.03814234,0.05430024,1.18282545,1.81503856,1.14939198,0.20132838,3.08176923,0.22316513,2.05206871,0.51374528,-0.06317621,1.02701311,-0.12103413
0.88926802,0.01969119,-0.07871229,-0.24414292,-0.12734384,-0.21003598,0.06277552,1.04258311,-1.34490058,-0.01658407,0.22912416,-1.31372333,0.12434609,1.30695200,-1.52038708,-0.11399605,0.48137960,-1.52405875,0.87214413,0.04586163,0.33071442,0.32995227,0.34668798,0.13030429,-0.29634050,0.08656454,-0.12902941,-0.30984306,-0.09439524,0.10117761,-0.31170919,-0.34162004,-0.11435834,-0.28645035,2.10845585,-0.34586359,-0.01078803,-0.02195034,-0.00592148,0.99968332,2.45660381,-0.21951187,0.03361177,2.19354687,-0.47586946,0.02010921,2.01521778,-0.24361863,0.01824308,1.76555691,-0.45632804,0.04350192,0.02092928,1.32867610,1.45724189,0.88671970,1.88580056,1.19276466,0.01200002,2.05348778,-0.70358558,0.02308792,2.92736521,-1.84088086
0.91146219,0.02440978,-0.13214787,-0.14815661,0.01464010,-0.12468817,0.06259601,1.08011103,-1.33608592,-0.01141552,0.29628089,-1.33273888,0.11894819,1.35256231,-1.57324123,-0.11314569,0.55939245,-1.57347417,0.87214413,0.04586163,0.33071442,0.32824701,0.32819658,0.13068316,-0.30237208,0.07303830,-0.13027604,-0.30576712,-0.11202241,0.10083848,-0.30981454,-0.34286320,-0.11763650,-0.27608865,2.12671566,-0.34569606,-0.01245013,-0.02200317,-0.00727049,0.99965394,2.45670986,-0.21962103,0.02587493,2.19792271,-0.47698200,0.02247989,2.01611614,-0.24329896,0.01843248,1.78223896,-0.45852035,0.05215836,-0.01388669,1.97992074,0.25050402,0.14628801,3.59653544,-1.31129253,-0.31920251,2.32345080,-2.98215127,0.04404634,4.03762007,-2.54794812
0.94963273,0.01681829,-0.14839832,0.02110012,0.17442395,-0.00542266,0.05915731,1.10476186,-1.33902607,-0.01945786,0.38292882,-1.38568320,0.09926381,1.36564229,-1.62888510,-0.11318860,0.64216655,-1.61470563,0.87214413,0.04586163,0.33071442,0.32604921,0.30609017,0.12823461,-0.30483234,0.06495802,-0.13138163,-0.30250151,-0.13249494,0.10126365,-0.30759087,-0.33585231,-0.12307073,-0.26824278,2.14579067,-0.34569442,-0.01230631,-0.02031849,-0.00733165,0.99969093,2.45366726,-0.22181013,0.02121687,2.20888042,-0.47798335,0.02354769,2.01474400,-0.24256342,0.01845834,1.80822811,-0.46399360,0.05780643,-0.16938515,1.20872058,-0.20041035,-0.40935265,4.33760509,-2.66926265,-1.00291662,0.59540459,-2.78251338,-0.00391656,4.13146229,-2.05213592
0.99117709,-0.00212312,-0.13940675,0.20958043,0.39963271,0.05373858,0.05953153,1.11386702,-1.39033685,-0.03050262,0.47027161,-1.44862809,0.06798159,1.33939869,-1.68397152,-0.11421106,0.71692036,-1.64542472,0.87214413,0.04586163,0.33071442,0.32390751,0.28386159,0.12614584,-0.30486907,0.07027646,-0.13025196,-0.29916094,-0.15280574,0.10244582,-0.30442322,-0.32027556,-0.13004727,-0.26319821,2.16565380,-0.34603070,-0.01033144,-0.01644619,-0.00678282,0.99978837,2.45115948,-0.22365144,0.01903843,2.23420086,-0.47720103,0.02474657,2.01421680,-0.24157220,0.01948428,1.84368572,-0.47182929,0.06070929,0.04409168,0.41890665,-2.78223155,-0.54608279,4.34804554,-3.13701701,-1.58660030,-1.41244398,-2.74714541,-0.05206489,3.69370127,-1.47801723
1.02881580,-0.02691621,-0.10757662,0.36151395,0.57924143,0.00632603,0.06814879,1.10380666,-1.50115449,-0.03858123,0.54730026,-1.50279698,0.03308468,1.28310099,-1.73189774,-0.11574917,0.77719615,-1.65837049,0.87214413,0.04586163,0.33071442,0.32215273,0.26316022,0.12598732,-0.30430309,0.09186909,-0.12594878,-0.29421667,-0.17197442,0.10415235,-0.30158973,-0.29971017,-0.13706969,-0.25987728,2.18620281,-0.34682955,-0.00684789,-0.01073765,-0.00664287,0.99989684,2.45099583,-0.22431113,0.01784964,2.27640896,-0.47397465,0.02793607,2.01561184,-0.24042639,0.02056300,1.88471737,-0.47994910,0.06227545,0.46253235,-0.62197066,-5.70256472,-0.38657907,3.78647780,-2.64113879,-1.73601372,-2.91489720,-2.33905926,-0.08017793,2.95698643,-0.58542963
1.05549064,-0.04518716,-0.06111795,0.44404718,0.56871302,-0.10134395,0.08315210,1.06348746,-1.62970045,-0.04394773,0.61181141,-1.54132009,0.00301605,1.20801301,-1.76533628,-0.11817804,0.83005342,-1.66306977,0.87214413,0.04586163,0.33071442,0.32106537,0.24478387,0.12713301,-0.30385644,0.12418865,-0.11964805,-0.28808544,-0.19002368,0.10602632,-0.29863800,-0.27733401,-0.14251654,-0.25857491,2.20726528,-0.34801833,-0.00252494,-0.00493097,-0.00753080,0.99995630,2.45393314,-0.22458045,0.01720892,2.32964077,-0.46952025,0.03297992,2.01885738,-0.23914666,0.02242737,1.92781963,-0.48634855,0.06249046,0.78235660,-2.19959574,-6.44289732,-0.25855528,3.16533685,-1.83700261,-1.46398041,-3.84228921,-1.58430138,-0.12707832,2.62548113,-0.21435784
1.05713486,-0.05515813,-0.01519561,0.50189604,0.39617265,-0.22691979,0.10302789,0.98388714,-1.74803674,-0.04844991,0.67036057,-1.56557071,-0.01963092,1.11907172,-1.78404975,-0.12250680,0.88284576,-1.66821778,0.87214413,0.04586163,0.33071442,0.32068175,0.22767019,0.12880149,-0.30347936,0.16378544,-0.11221130,-0.28044648,-0.20696629,0.10775705,-0.29514576,-0.25327462,-0.14586357,-0.25969096,2.22839069,-0.34948999,0.00237475,-0.00066171,-0.00963491,0.99995054,2.45850086,-0.22510009,0.01720239,2.38998318,-0.46483693,0.04023527,2.02353954,-0.23776428,0.02553599,1.97235203,-0.49044535,0.06099080,1.02641833,-4.28100920,-5.80691767,-0.22135085,2.89794779,-1.11438274,-1.07785773,-4.54165220,-0.83223575,-0.23261948,2.64765835,-0.27219057
1.03265504,-0.05841113,0.03403747,0.53438767,0.17416968,-0.34495066,0.12268751,0.84198222,-1.82371855,-0.05268695,0.72948192,-1.57586000,-0.03558381,1.01500885,-1.78327031,-0.12805401,0.93380640,-1.66723783,0.87214413,0.04586163,0.33071442,0.32126998,0.21017351,0.13075977,-0.30306718,0.21072866,-0.10542734,-0.27158701,-0.22279558,0.10937333,-0.29251797,-0.22695902,-0.14736169,-0.26354428,2.24902630,-0.35120360,0.00770792,0.00117908,-0.01305892,0.99988432,2.46254063,-0.22597321,0.01820280,2.45693188,-0.46209437,0.04968297,2.02916088,-0.23605328,0.02875200,2.01829891,-0.49259222,0.05772570,0.97860512,-7.16355629,-3.70721338,-0.21020283,2.95732188,-0.49620862,-0.79115856,-5.22154665,0.06688356,-0.27757162,2.54309082,0.06752730
0.99916072,-0.05432197,0.06994899,0.49054555,-0.03298270,-0.43996991,0.13820016,0.66110849,-1.84397306,-0.05517556,0.78873535,-1.57288463,-0.04633295,0.90005383,-1.76298275,-0.13367892,0.98178561,-1.65500338,0.87214413,0.04586163,0.33071442,0.32256027,0.19196019,0.13298971,-0.30282235,0.25903084,-0.10045213,-0.26200223,-0.23841803,0.11064788,-0.29168936,-0.19898751,-0.14769430,-0.26926304,2.26900234,-0.35301724,0.01267340,0.00099053,-0.01740375,0.99976773,2.46547108,-0.22678327,0.01973792,2.52438335,-0.46241627,0.06055805,2.03457623,-0.23414543,0.03087092,2.06499920,-0.49370254,0.05329724,0.75604271,-9.09181976,-0.84283729,-0.11519085,2.95772099,0.19013643,-0.51784790,-5.76465330,1.06990091,-0.28096801,2.39384985,0.63161800
0.96808213,-0.04466865,0.09552425,0.39359244,-0.23398973,-0.49158038,0.14663042,0.47913823,-1.81021321,-0.05468665,0.84446121,-1.55453703,-0.04938241,0.78328465,-1.72486241,-0.13985935,1.02952507,-1.63865664,0.87214413,0.04586163,0.33071442,0.32442148,0.17346866,0.13558064,-0.30299491,0.30251831,-0.09767162,-0.25333351,-0.25361963,0.11128433,-0.29174357,-0.17093555,-0.14637151,-0.27632735,2.28834515,-0.35483826,0.01674484,-0.00118004,-0.02225640,0.99961136,2.46767979,-0.22711758,0.02142657,2.58621349,-0.46588565,0.07108797,2.03993320,-0.23236938,0.03267790,2.11106052,-0.49345192,0.04809413,0.38986835,-9.01321087,1.88835938,0.03574132,2.76091766,0.98836606,-0.11469433,-5.82279501,1.97329898,-0.31513129,2.39479613,0.81866878
0.95339596,-0.02956928,0.10541371,0.31428261,-0.36833299,-0.46530141,0.14463746,0.32600246,-1.73752859,-0.05172470,0.89333061,-1.51792557,-0.04326928,0.67010773,-1.67383959,-0.14901001,1.08129661,-1.62247636,0.87214413,0.04586163,0.33071442,0.32664237,0.15453097,0.13848605,-0.30412584,0.33762456,-0.09708907,-0.24789030,-0.26921306,0.11075538,-0.29175641,-0.14356697,-0.14280792,-0.28400387,2.30735226,-0.35655864,0.02003560,-0.00475545,-0.02690840,0.99942578,2.46913319,-0.22661583,0.02251653,2.63924389,-0.47173059,0.07875207,2.04451008,-0.23143305,0.03488596,2.15628605,-0.49140885,0.04263850,-0.17223537,-7.45374508,3.82311196,0.16153200,2.40028000,1.94222543,0.35950366,-5.63858652,2.61288338,-0.48112571,2.62107444,0.80601734
0.95852432,-0.00799347,0.10179581,0.27300848,-0.43972916,-0.31149201,0.12782650,0.21190232,-1.63220716,-0.04702161,0.93533123,-1.46538281,-0.02871604,0.55814362,-1.61009860,-0.16195829,1.14128530,-1.60294008,0.87214413,0.04586163,0.33071442,0.32897714,0.13479709,0.14174666,-0.30589700,0.36340828,-0.09888039,-0.24920528,-0.28735175,0.10908787,-0.29123713,-0.11637802,-0.13688245,-0.29207738,2.32641315,-0.35801828,0.02291552,-0.00905172,-0.03018863,0.99924051,2.46957302,-0.22472303,0.02308014,2.68314266,-0.47879478,0.07977186,2.04621983,-0.23167394,0.03774001,2.20193386,-0.48757735,0.03689976,-0.95243448,-5.41617203,5.49799871,0.24584836,2.05293775,2.73062444,0.78513944,-5.59620714,3.28335977,-0.67359382,3.06535697,1.01187229
0.96310547,0.00438595,0.05315229,0.27189733,-0.44797354,-0.04413907,0.10709296,0.16408241,-1.52385461,-0.04374447,0.97052997,-1.40648155,-0.01303819,0.48076990,-1.55008042,-0.17432865,1.20433357,-1.57849348,0.87214413,0.04586163,0.33071442,0.33056608,0.11536272,0.14462680,-0.30722690,0.37349745,-0.10031419,-0.25973289,-0.30717234,0.10782803,-0.28952558,-0.09756536,-0.13040146,-0.29974905,2.34560642,-0.35917787,0.02576836,-0.01345448,-0.03061279,0.99910852,2.46969814,-0.22196740,0.02333919,2.71218014,-0.48241339,0.07083319,2.04569569,-0.23254739,0.04104050,2.24015827,-0.48329164,0.03081703,-1.03976843,-2.29736472,5.38196859,0.15763274,1.75513804,2.94417977,0.77911687,-3.78598502,2.96471052,-0.61415483,3.14289355,1.22450197
0.96177842,-0.00113853,-0.01902056,0.26425922,-0.44345614,0.13978621,0.08407695,0.17294781,-1.44139693,-0.04444437,1.00316545,-1.35128779,-0.00081190,0.46046215,-1.51947896,-0.18394361,1.26275299,-1.56095369,0.87214413,0.04586163,0.33071442,0.33090763,0.09690476,0.14622252,-0.30749626,0.36945567,-0.10228664,-0.27433221,-0.32425186,0.10753514,-0.28641967,-0.09203340,-0.12483474,-0.30610498,2.36481266,-0.36031727,0.02856788,-0.01777724,-0.02919693,0.99900720,2.47022991,-0.22010757,0.02341137,2.72754192,-0.48436375,0.05657542,2.04751911,-0.23371601,0.04448796,2.26552830,-0.47946624,0.02480265,-1.15816705,0.54196979,4.04222622,-0.04364280,1.63013709,2.72702813,0.60067747,-0.85823100,1.41689728,-0.47500830,2.92228007,0.79706232
0.95526777,-0.01481077,-0.08730061,0.25395929,-0.36812205,0.19476769,0.06281868,0.21022182,-1.38986497,-0.04695126,1.03669331,-1.31022618,0.00691736,0.49016125,-1.52612283,-0.19025550,1.32105527,-1.57313800,0.87214413,0.04586163,0.33071442,0.33003395,0.08023935,0.14713633,-0.30579204,0.35790818,-0.10465315,-0.28767466,-0.33539388,0.10846566,-0.27993923,-0.09775831,-0.12074947,-0.30969618,2.38394260,-0.36155626,0.03126387,-0.02143524,-0.02719111,0.99891128,2.47225437,-0.21911860,0.02424190,2.73546467,-0.48598610,0.04235928,2.05511227,-0.23457410,0.05009471,2.27960911,-0.47667204,0.02033777,-1.03060226,1.95038633,2.42865641,-0.12611898,1.68858993,1.97707827,0.36276658,1.67071109,-0.47829581,-0.29404340,2.91132379,-0.74660247
0.95678537,-0.02754654,-0.14454105,0.17883121,-0.16909844,0.13747604,0.05449440,0.26914247,-1.38225112,-0.04737841,1.07245090,-1.28762238,0.01029800,0.55220429,-1.55801537,-0.18990241,1.36661606,-1.59758930,0.87214413,0.04586163,0.33071442,0.32808694,0.06539068,0.14817778,-0.30207647,0.34146535,-0.10468029,-0.29694700,-0.34132221,0.11064779,-0.27271538,-0.11142300,-0.11858294,-0.31033022,2.40312595,-0.36291711,0.03325212,-0.02328391,-0.02570237,0.99884511,2.47627048,-0.21840943,0.02601047,2.73856983,-0.48553014,0.03113994,2.06814098,-0.23435253,0.05537156,2.28558064,-0.47543420,0.01775672,-0.31918535,3.07581267,0.08945274,0.00021431,1.79797971,1.02161400,0.14924178,3.23983469,-1.70101109,0.06275297,2.15441451,-1.20784795
0.98117553,-0.02744919,-0.16961653,0.00203775,0.08490956,0.00942437,0.06092810,0.34595731,-1.41654325,-0.04268824,1.10387862,-1.28220439,0.01347226,0.62531507,-1.59736705,-0.18221469,1.39068818,-1.63152766,0.87214413,0.04586163,0.33071442,0.32558224,0.05407274,0.14967314,-0.29770471,0.32159690,-0.10211906,-0.30169572,-0.34081567,0.11341386,-0.26628837,-0.12873787,-0.11767166,-0.30866995,2.42275715,-0.36427471,0.03353182,-0.02277754,-0.02544240,0.99885409,2.48459911,-0.21764088,0.02787752,2.73856068,-0.48310652,0.02388652,2.08835316,-0.23315647,0.05929387,2.28802967,-0.47503826,0.01691229,0.42075029,3.95479369,-1.98804605,0.27489603,1.52303684,0.15332936,0.16654415,3.69737482,-1.98898304,0.43518302,1.05053186,-1.79914701
1.01627219,-0.01025734,-0.14679172,-0.19519187,0.28001583,-0.09193243,0.07288817,0.42954779,-1.47283020,-0.03340090,1.12988088,-1.31343029,0.01889440,0.69565257,-1.62881784,-0.16834705,1.38345129,-1.67703366,0.87214413,0.04586163,0.33071442,0.32341250,0.05095199,0.15109533,-0.29250282,0.30064880,-0.09991030,-0.30263191,-0.33120175,0.11606452,-0.26207162,-0.14706887,-0.11748791,-0.30603389,2.44313297,-0.36540533,0.03154205,-0.02010454,-0.02639611,0.99895153,2.50217648,-0.21728454,0.03090968,2.73794270,-0.48141823,0.02078058,2.11868801,-0.23161057,0.06134088,2.28992939,-0.47477316,0.01737861,0.60289124,4.18266258,-2.82873178,0.46367688,1.27858676,-1.60651717,0.27391290,3.50692081,-1.55896842,0.69924039,-0.40746543,-2.28394742
1.04074654,0.01692360,-0.12462016,-0.36977692,0.41663578,-0.11114791,0.08698024,0.51497214,-1.53493314,-0.02540222,1.14234488,-1.38146393,0.02596371,0.75857376,-1.64973412,-0.15037299,1.34529202,-1.72564659,0.87214413,0.04586163,0.33071442,0.32157440,0.05893796,0.15105958,-0.28790774,0.27943053,-0.09851342,-0.30151000,-0.31410979,0.11852049,-0.26026120,-0.16500993,-0.11783912,-0.30310036,2.46399403,-0.36612760,0.02780183,-0.01612215,-0.02758847,0.99910260,2.53130627,-0.21860899,0.03366666,2.73746357,-0.48014831,0.02006440,2.15702114,-0.23018750,0.06131319,2.29263859,-0.47453263,0.01847403,0.70148462,4.27386131,-3.09138513,0.39049628,0.59544892,-3.54364696,0.35590890,3.12166548,-1.00832453,0.91047617,-1.98908169,-2.41847825
1.04210576,0.04725439,-0.10819706,-0.48893284,0.45874891,-0.02656376,0.09848136,0.59830394,-1.58822663,-0.02135593,1.14168985,-1.48805606,0.03325883,0.81283653,-1.65868189,-0.12963553,1.28094246,-1.76760578,0.87214413,0.04586163,0.33071442,0.31990131,0.07819242,0.14914582,-0.28245400,0.25823055,-0.09869824,-0.29999546,-0.29223538,0.12092122,-0.26039796,-0.18205623,-0.11877560,-0.30051658,2.48491840,-0.36631316,0.02284875,-0.01168510,-0.02801018,0.99927815,2.57141666,-0.22182585,0.03744731,2.73715687,-0.47945076,0.01990585,2.19998569,-0.22906590,0.05950334,2.29643917,-0.47460762,0.01938472,0.55538443,4.14037657,-2.60410285,0.18166627,-0.10843992,-5.43126106,0.36212721,2.67534161,-0.40268179,1.04096003,-3.31714416,-2.05575783
1.02045143,0.07008941,-0.08104482,-0.51617323,0.39596672,0.14041917,0.10513773,0.67269683,-1.62478926,-0.02440810,1.12067969,-1.60343697,0.03926431,0.85991039,-1.65909584,-0.10965841,1.19590409,-1.79712605,0.87214413,0.04586163,0.33071442,0.31857471,0.10443838,0.14512898,-0.27690030,0.23858936,-0.10034822,-0.29880454,-0.26734002,0.12296481,-0.26212927,-0.19781653,-0.12021145,-0.29835843,2.50545902,-0.36600906,0.01758713,-0.00774517,-0.02684873,0.99945478,2.61757450,-0.22672547,0.04167441,2.73828754,-0.47908217,0.01977017,2.24514179,-0.22880130,0.05644544,2.30144558,-0.47537398,0.02021628,0.30404269,3.65646868,-1.72139440,-0.20294455,-1.17837085,-5.75527763,0.29000647,2.31960077,0.01993417,0.98716578,-4.35914035,-1.39382589
0.98553561,0.08220746,-0.03646568,-0.48580732,0.25689416,0.35343369,0.10693989,0.73744380,-1.64207602,-0.03840688,1.06674969,-1.71303415,0.04383884,0.90328342,-1.65109575,-0.09266288,1.09194791,-1.80917513,0.87214413,0.04586163,0.33071442,0.31795925,0.13775129,0.13845263,-0.27164617,0.22048325,-0.10294928,-0.29847117,-0.23992755,0.12440801,-0.26559657,-0.21302260,-0.12180251,-0.29716697,2.52533436,-0.36533219,0.01262978,-0.00504867,-0.02363026,0.99962824,2.66948986,-0.23356064,0.04631308,2.74069309,-0.47861075,0.01948808,2.29156971,-0.22969785,0.05236268,2.30678082,-0.47690651,0.02079228,0.05595356,3.17247725,-0.72494739,-0.78423721,-2.96176648,-5.42890501,0.21955042,2.14868903,0.46382901,0.82580560,-5.33337545,-0.46883580
0.94372660,0.08420083,0.01571712,-0.43591186,0.06538801,0.58149033,0.10181971,0.79540161,-1.63554294,-0.06355838,0.94139875,-1.79658659,0.04929325,0.94953333,-1.64112451,-0.08051557,0.97016624,-1.79770269,0.87214413,0.04586163,0.33071442,0.31843609,0.18408714,0.12959561,-0.26641596,0.20243531,-0.10692925,-0.29950845,-0.20994985,0.12498476,-0.27088759,-0.22826095,-0.12282035,-0.29637968,2.54427433,-0.36433568,0.00826706,-0.00437494,-0.01786483,0.99979666,2.73288250,-0.24141271,0.05202014,2.74275227,-0.47844278,0.01892765,2.33893299,-0.23191566,0.04754850,2.31176319,-0.47890649,0.02205641,-0.26615084,2.88254333,0.35679959,-1.26056218,-6.35847301,-4.09592876,0.27854390,2.31635404,0.49722719,0.59864924,-6.09375114,0.60194488
0.90981548,0.07660369,0.05758394,-0.37684757,-0.10500684,0.75680442,0.09051984,0.84295222,-1.61052125,-0.08715412,0.76314925,-1.82003396,0.05848011,0.99809893,-1.63183382,-0.07468777,0.84574815,-1.76611066,0.87214413,0.04586163,0.33071442,0.31975279,0.23442648,0.12174894,-0.26160048,0.18546384,-0.11224819,-0.30138909,-0.18025241,0.12417082,-0.27714862,-0.24314861,-0.12243711,-0.29582177,2.56251850,-0.36319307,0.00449907,-0.00537078,-0.01033449,0.99992205,2.79941692,-0.24632684,0.05815232,2.74561710,-0.47925940,0.01836370,2.38487720,-0.23531463,0.04260418,2.31688557,-0.48056663,0.02393102,-0.57608116,2.35019145,1.28524156,-1.14929404,-8.98682880,-0.97978022,0.46755157,2.43214393,0.46440265,0.27177525,-6.22392902,1.63918297
0.88397251,0.05890743,0.08965931,-0.28260177,-0.20692556,0.79596999,0.07706894,0.88214076,-1.57515349,-0.09875757,0.57597448,-1.77984724,0.07062560,1.04682155,-1.61788368,-0.07633297,0.71928021,-1.71344867,0.87214413,0.04586163,0.33071442,0.32175755,0.28014111,0.11742659,-0.25813314,0.16947152,-0.11772010,-0.30353720,-0.15085921,0.12166702,-0.28440586,-0.25837082,-0.12067352,-0.29596006,2.58021679,-0.36209159,0.00164528,-0.00736631,-0.00232984,0.99996880,2.86090488,-0.24597855,0.06362441,2.74913502,-0.48060426,0.01822035,2.42992916,-0.23971924,0.03735169,2.32128353,-0.48155351,0.02579749,-0.67187972,1.93048375,1.80353439,-0.52123483,-9.29928284,2.26049979,0.62044338,2.42997241,0.74436517,-0.11776033,-6.33784580,2.72463641
0.86740955,0.03466806,0.10795187,-0.18593265,-0.26828102,0.68345277,0.06589773,0.91504080,-1.53248229,-0.09819243,0.41205171,-1.69313345,0.08455904,1.09419222,-1.59319720,-0.08585727,0.59423259,-1.64363165,0.87214413,0.04586163,0.33071442,0.32422264,0.31750762,0.11635364,-0.25764372,0.15401141,-0.12202727,-0.30603523,-0.12205272,0.11727906,-0.29211511,-0.27486015,-0.11782198,-0.29720684,2.59754314,-0.36120368,-0.00026235,-0.00998912,0.00469394,0.99993906,2.91394367,-0.24187236,0.06657892,2.75269413,-0.48177872,0.01818741,2.47439404,-0.24507641,0.03210754,2.32380199,-0.48160261,0.02701581,-0.53642874,1.61106050,2.17144773,0.09100475,-8.02307320,4.54979568,0.70138267,2.36117196,1.29482878,-0.51950548,-6.22372818,3.57086396
0.86381821,0.01124891,0.10256959,-0.14736503,-0.27695938,0.42698897,0.06005926,0.94377029,-1.48738384,-0.08980726,0.28959993,-1.58463252,0.09921082,1.14020681,-1.56412363,-0.09843878,0.48995468,-1.57210255,0.87214413,0.04586163,0.33071442,0.32672489,0.34429231,0.11710108,-0.26138963,0.13899048,-0.12454708,-0.30854745,-0.09798124,0.11213714,-0.29893432,-0.29184274,-0.11457771,-0.29822551,2.61476040,-0.36060530,-0.00174210,-0.01275137,0.00936206,0.99987335,2.95679379,-0.23706171,0.06533526,2.75606441,-0.48252127,0.01817743,2.51469135,-0.25032724,0.02779057,2.32511997,-0.48064137,0.02849938,-0.24966201,1.41173947,2.26025105,0.46608520,-5.79441166,5.53586435,0.73741698,2.29084945,1.46729696,-0.63800228,-5.02052450,3.55356908
0.86457234,0.00093659,0.07870271,-0.17455369,-0.29952370,0.13952414,0.05959550,0.97088957,-1.44638972,-0.07509963,0.22103742,-1.48206701,0.11119254,1.18528149,-1.53927529,-0.10801920,0.42915227,-1.51986570,0.87214413,0.04586163,0.33071442,0.32885749,0.35815295,0.11924475,-0.26888506,0.12487302,-0.12569011,-0.31004659,-0.08359555,0.10775075,-0.30420532,-0.30774186,-0.11246932,-0.29769810,2.63198719,-0.36019857,-0.00348475,-0.01572856,0.01084309,0.99981143,2.98745518,-0.23317355,0.05997243,2.75957088,-0.48313627,0.01881090,2.54606228,-0.25429602,0.02465217,2.32677059,-0.47935069,0.03115939,-0.01969689,1.34816825,2.05107164,0.74377499,-3.36871805,5.11136293,0.59435422,2.25030184,1.23886144,-0.47157389,-2.97907472,2.58426740
0.86614776,0.00247763,0.03635465,-0.22480285,-0.29053912,-0.08043848,0.06094040,0.99401469,-1.40590954,-0.05485379,0.19229788,-1.39488440,0.11963834,1.22813570,-1.51843603,-0.11264045,0.40979123,-1.48890038,0.87214413,0.04586163,0.33071442,0.33028309,0.36195733,0.12276792,-0.27874862,0.11174412,-0.12661239,-0.31110750,-0.07907219,0.10449778,-0.30919349,-0.32227402,-0.11179995,-0.29588898,2.64926243,-0.35978969,-0.00575209,-0.01862842,0.01015657,0.99975834,3.00862217,-0.22961426,0.05153447,2.76358318,-0.48408052,0.01917560,2.56806087,-0.25693783,0.02108960,2.32935238,-0.47818451,0.03439411,0.06787669,1.15529239,2.01204152,1.02570610,-1.33578185,4.28986034,0.41058984,2.13766623,1.01964989,-0.21870757,-0.85886722,1.47342386
0.86912752,0.01143073,-0.02374628,-0.25433938,-0.22632589,-0.19946006,0.06211215,1.01771362,-1.37029724,-0.03210166,0.19772668,-1.33506413,0.12402490,1.26884778,-1.50879724,-0.11392018,0.43150621,-1.49264739,0.87214413,0.04586163,0.33071442,0.33063207,0.35715225,0.12726264,-0.28875590,0.09875577,-0.12784296,-0.31108158,-0.08361646,0.10234766,-0.31184459,-0.33422982,-0.11258726,-0.29225863,2.66663227,-0.35928622,-0.00834585,-0.02092480,0.00825817,0.99971211,3.02158604,-0.22601457,0.04187617,2.76753139,-0.48544443,0.01955049,2.58130054,-0.25836422,0.01878748,2.33435001,-0.47749776,0.03837344,0.05559217,1.19261158,1.75587118,1.13584068,0.41073254,2.85593009,0.20213555,2.02427094,0.41456076,-0.05528059,1.27813983,-0.38478894
0.87939057,0.02076574,-0.08590175,-0.22975393,-0.11544791,-0.20175578,0.06262467,1.04431713,-1.34197869,-0.01501940,0.23584589,-1.31250076,0.12430905,1.30959332,-1.52277634,-0.11355168,0.48940731,-1.52876146,0.87214413,0.04586163,0.33071442,0.32981532,0.34460969,0.13060397,-0.29745490,0.08548940,-0.12921977,-0.30978039,-0.09620956,0.10120035,-0.31164346,-0.34178501,-0.11454536,-0.28594426,2.68423710,-0.35868807,-0.01074518,-0.02217921,0.00624391,0.99967677,3.02712345,-0.22362443,0.03236041,2.77139568,-0.48678790,0.02003493,2.58672276,-0.25874437,0.01817185,2.34396687,-0.47765781,0.04387106,0.02202880,1.35155571,1.36773336,0.79918010,2.09357216,0.89068217,-0.00962394,2.04894445,-0.86775542,0.02620116,3.06452527,-1.93193576
0.90242668,0.02402196,-0.13584753,-0.12636438,0.02731448,-0.10766541,0.06231239,1.08317828,-1.33725619,-0.01195058,0.30617535,-1.33742738,0.11823392,1.35487163,-1.57897878,-0.11284527,0.56789434,-1.57766354,0.87214413,0.04586163,0.33071442,0.32801601,0.32559657,0.13049144,-0.30290632,0.07227900,-0.13039252,-0.30530544,-0.11408748,0.10094499,-0.30968866,-0.34232429,-0.11789252,-0.27532290,2.70230770,-0.35807925,-0.01219565,-0.02208771,0.00505264,0.99966888,3.02649593,-0.22412728,0.02510969,2.77597141,-0.48769453,0.02271058,2.58715153,-0.25835514,0.01832735,2.36125851,-0.47961119,0.05269311,-0.02206318,2.05494404,0.02426147,0.04077281,3.74476957,-1.60248744,-0.35543379,2.30340934,-3.14795470,0.03481150,4.04547548,-2.50986791
0.94214001,0.01515381,-0.14633153,0.04477886,0.19325499,0.00870868,0.05839632,1.10443699,-1.34073594,-0.02081631,0.39260262,-1.39149127,0.09746853,1.36432710,-1.63350959,-0.11320056,0.64967816,-1.61823332,0.87214413,0.04586163,0.33071442,0.32584377,0.30358704,0.12797707,-0.30503779,0.06525980,-0.13145457,-0.30247936,-0.13441896,0.10145506,-0.30728655,-0.33471412,-0.12340003,-0.26789041,2.72122822,-0.35763437,-0.01178872,-0.02022149,0.00513193,0.99971285,3.02342243,-0.22640222,0.02080598,2.78789692,-0.48838004,0.02336441,2.58572674,-0.25762969,0.01855721,2.38785954,-0.48462424,0.05795336,-0.19162844,1.04702281,-0.23926448,-0.44952419,4.32486105,-2.72248054,-1.05638723,0.41499277,-2.72830129,-0.01903465,4.07733388,-2.01056526
0.98205083,-0.00479413,-0.13518216,0.22345091,0.42310771,0.05648849,0.05907629,1.11312616,-1.39734018,-0.03200229,0.47853943,-1.45372133,0.06566573,1.33519845,-1.68792191,-0.11428321,0.72158883,-1.64529755,0.87214413,0.04586163,0.33071442,0.32376313,0.28164494,0.12601134,-0.30492773,0.07165714,-0.13009363,-0.29893550,-0.15442874,0.10270992,-0.30439772,-0.31865537,-0.13036334,-0.26307839,2.74090748,-0.35752406,-0.00961412,-0.01614081,0.00571338,0.99980718,3.02105350,-0.22821462,0.01883540,2.81408710,-0.48676740,0.02482763,2.58528347,-0.25663437,0.01936541,2.42380466,-0.49161974,0.06068474,0.05908289,0.38832661,-3.03507016,-0.55131150,4.27444639,-3.09673381,-1.60992479,-1.55337082,-2.71062589,-0.05505439,3.55608678,-1.30777493
1.01854063,-0.02964776,-0.10230979,0.36088061,0.59391955,-0.00145687,0.06769069,1.10052915,-1.50936890,-0.03989081,0.55368835,-1.50627346,0.03103622,1.27716868,-1.73448627,-0.11587188,0.78015214,-1.65709534,0.87214413,0.04586163,0.33071442,0.32208755,0.26132872,0.12600187,-0.30433699,0.09412570,-0.12571438,-0.29404048,-0.17330002,0.10447671,-0.30155925,-0.29796854,-0.13724879,-0.25994574,2.76126308,-0.35786712,-0.00605762,-0.01031329,0.00577954,0.99991177,3.02110157,-0.22882010,0.01775056,2.85685139,-0.48247300,0.02804707,2.58675404,-0.25542263,0.02052830,2.46491871,-0.49858844,0.06214181,0.45989529,-0.75044911,-5.74596357,-0.37742613,3.69435439,-2.56036496,-1.72017274,-2.99662232,-2.26971807,-0.08264976,2.87358475,-0.52809761
1.04286665,-0.04702952,-0.05673834,0.43793199,0.56402364,-0.11381557,0.08263437,1.05770097,-1.63660421,-0.04513845,0.61664168,-1.54312778,0.00158461,1.20126617,-1.76676166,-0.11843817,0.83247732,-1.66183171,0.87214413,0.04586163,0.33071442,0.32107115,0.24333124,0.12722869,-0.30388205,0.12684254,-0.11939933,-0.28790122,-0.19111715,0.10636763,-0.29855634,-0.27553429,-0.14250314,-0.25883981,2.78209972,-0.35857558,-0.00172127,-0.00458544,0.00476851,0.99997664,3.02420444,-0.22902815,0.01718910,2.91007710,-0.47675773,0.03316993,2.58997517,-0.25403854,0.02251481,2.50793934,-0.50370439,0.06223134,0.78130177,-2.32312181,-6.36930323,-0.25297329,3.08880162,-1.75297866,-1.43210421,-3.87871881,-1.52937975,-0.13487487,2.60845804,-0.22799634
1.04200904,-0.05639463,-0.01064190,0.50028954,0.38061332,-0.23943538,0.10231767,0.97469997,-1.75237894,-0.04961316,0.67425299,-1.56578374,-0.02066993,1.11150289,-1.78444886,-0.12276823,0.88520271,-1.66669464,0.87214413,0.04586163,0.33071442,0.32076839,0.22646374,0.12894385,-0.30350828,0.16687868,-0.11199001,-0.28023563,-0.20793531,0.10814263,-0.29513341,-0.25128927,-0.14571134,-0.26016532,2.80296040,-0.35955963,0.00320550,-0.00052117,0.00253627,0.99999151,3.02876759,-0.22946945,0.01726010,2.97040462,-0.47070226,0.04053275,2.59447956,-0.25247245,0.02563497,2.55241299,-0.50654292,0.06060307,1.01450217,-4.46092129,-5.67036104,-0.22071025,2.85657740,-1.03568316,-1.06099427,-4.58497477,-0.78067297,-0.23086040,2.64417148,-0.24882315
1.01570057,-0.05924734,0.03806931,0.52811197,0.15932655,-0.35614954,0.12164233,0.82981669,-1.82406089,-0.05376284,0.73247458,-1.57477527,-0.03652263,1.00588499,-1.78202820,-0.12806930,0.93646086,-1.66505418,0.87214413,0.04586163,0.33071442,0.32144404,0.20922341,0.13091324,-0.30309939,0.21403255,-0.10531324,-0.27133888,-0.22379988,0.10981614,-0.29264579,-0.22463458,-0.14719316,-0.26423963,2.82329311,-0.36079383,0.00849911,0.00110322,-0.00100080,0.99996277,3.03277569,-0.23029570,0.01834465,3.03711643,-0.46653125,0.05010516,2.59971142,-0.25053416,0.02879826,2.59836712,-0.50754130,0.05720441,0.96195134,-7.30784054,-3.50712469,-0.20539394,2.91222858,-0.43162251,-0.78609183,-5.29880075,0.14922522,-0.26541585,2.55783510,0.10079670
0.98100763,-0.05476058,0.07177577,0.48234697,-0.04717071,-0.44983743,0.13674064,0.64899160,-1.84044602,-0.05594533,0.79074153,-1.57072592,-0.04706560,0.88981093,-1.75990019,-0.13353223,0.98447815,-1.65187073,0.87214413,0.04586163,0.33071442,0.32278715,0.19129059,0.13318274,-0.30285450,0.26200268,-0.10047051,-0.26174190,-0.23945777,0.11108176,-0.29201516,-0.19640170,-0.14751390,-0.27011355,2.84294109,-0.36213738,0.01337907,0.00070693,-0.00544468,0.99989542,3.03566799,-0.23104171,0.01993265,3.10383625,-0.46544975,0.06104525,2.60470486,-0.24845944,0.03077199,2.64494762,-0.50750782,0.05267359,0.73406085,-9.08228970,-0.65115161,-0.09990302,2.90805435,0.24310682,-0.50676594,-5.81873178,1.16251365,-0.27295321,2.39381838,0.68073461
0.95041599,-0.04460687,0.09598302,0.38621995,-0.24427218,-0.49643594,0.14473112,0.46955487,-1.80404093,-0.05515245,0.84551628,-1.55145335,-0.04964554,0.77265072,-1.72015736,-0.13970518,1.03240125,-1.63557649,0.87214413,0.04586163,0.33071442,0.32468300,0.17303567,0.13579419,-0.30306170,0.30483392,-0.09779923,-0.25320652,-0.25460265,0.11165827,-0.29212388,-0.16822662,-0.14612084,-0.27725220,2.86196575,-0.36349320,0.01735079,-0.00162321,-0.01035257,0.99979455,3.03778286,-0.23132002,0.02162130,3.16470394,-0.46759890,0.07147648,2.60973568,-0.24657412,0.03255913,2.69074230,-0.50609063,0.04743080,0.37015432,-8.87588062,2.01194699,0.05095459,2.71440101,1.03458157,-0.09013214,-5.83881388,2.05106287,-0.31613408,2.40930438,0.80269569
0.93648185,-0.02920417,0.10320937,0.31468275,-0.36880401,-0.46124604,0.14190053,0.31973167,-1.72969224,-0.05190578,0.89356930,-1.51395311,-0.04302852,0.65903049,-1.66772449,-0.14909737,1.08443863,-1.61941576,0.87214413,0.04586163,0.33071442,0.32689071,0.15421842,0.13873588,-0.30426530,0.33920983,-0.09737441,-0.24809281,-0.27023176,0.11101550,-0.29214325,-0.14071975,-0.14245288,-0.28491877,2.88066463,-0.36474371,0.02058854,-0.00525816,-0.01497430,0.99966206,3.03899670,-0.23072161,0.02262541,3.21678371,-0.47230321,0.07879790,2.61390362,-0.24562946,0.03474747,2.73571301,-0.50288819,0.04197195,-0.22037009,-7.29097919,3.90517755,0.17556054,2.35977006,1.98633525,0.38395543,-5.66480799,2.68462205,-0.49431502,2.62986207,0.81871742
0.94105286,-0.00742678,0.09693035,0.27584354,-0.43437128,-0.29502349,0.12491591,0.20931898,-1.62377644,-0.04686543,0.93492395,-1.46123207,-0.02828797,0.54699016,-1.60238814,-0.16209090,1.14540231,-1.60145020,0.87214413,0.04586163,0.33071442,0.32915863,0.13462893,0.14206314,-0.30603728,0.36415671,-0.09916427,-0.24990672,-0.28834846,0.10932962,-0.29134440,-0.11353665,-0.13649517,-0.29297667,2.89940739,-0.36571825,0.02344370,-0.00953969,-0.01810934,0.99951560,3.03915310,-0.22868533,0.02312136,3.25968456,-0.47816387,0.07925192,2.61526012,-0.24589282,0.03781423,2.78094387,-0.49796006,0.03618196,-0.95135134,-5.22661924,5.51758957,0.26334083,2.02218890,2.73259854,0.79171062,-5.59431887,3.36436248,-0.67333722,3.12345004,0.91098541
0.94483680,0.00276412,0.04580803,0.27859858,-0.43395545,-0.02773561,0.10442563,0.16483405,-1.51694107,-0.04365406,0.96965499,-1.40286703,-0.01307342,0.47287785,-1.54288642,-0.17386569,1.20672605,-1.57526577,0.87214413,0.04586163,0.33071442,0.33061558,0.11536944,0.14490049,-0.30735895,0.37338786,-0.10056906,-0.26071623,-0.30807627,0.10818347,-0.28983085,-0.09557140,-0.13015440,-0.30058416,2.91826000,-0.36641966,0.02630830,-0.01383170,-0.01837081,0.99938935,3.03897648,-0.22594264,0.02325663,3.28761845,-0.48090535,0.06989935,2.61445255,-0.24677150,0.04078473,2.81788006,-0.49290258,0.03003142,-1.02812920,-2.13334183,5.30488405,0.15412772,1.73246014,2.91590858,0.75589665,-3.62156794,2.93551376,-0.58494896,3.05858779,1.30537164
0.94324843,-0.00381554,-0.02536250,0.27393953,-0.42720606,0.14833852,0.08140670,0.17517174,-1.43659344,-0.04453734,1.00227542,-1.34917550,-0.00134444,0.45645982,-1.51474273,-0.18316930,1.26427715,-1.55857975,0.87214413,0.04586163,0.33071442,0.33083667,0.09713710,0.14642861,-0.30753758,0.36891386,-0.10264155,-0.27518203,-0.32481110,0.10796295,-0.28664410,-0.09096065,-0.12474053,-0.30675346,2.93712063,-0.36711699,0.02914667,-0.01802485,-0.01686833,0.99927025,3.03929234,-0.22415582,0.02329908,3.30224094,-0.48252878,0.05565464,2.61626148,-0.24792110,0.04419256,2.84187603,-0.48861804,0.02408321,-1.15815501,0.61058749,3.93692341,-0.05290644,1.63037455,2.64955592,0.57574800,-0.66419573,1.29146425,-0.45942125,2.87782264,0.75856726
0.93784275,-0.01827250,-0.09166156,0.26153711,-0.34328290,0.19521454,0.06058830,0.21282888,-1.38745229,-0.04706654,1.03591948,-1.30985253,0.00602997,0.48936327,-1.52404628,-0.18920216,1.32176361,-1.57064526,0.87214413,0.04586163,0.33071442,0.32986894,0.08066466,0.14732394,-0.30574430,0.35723433,-0.10499225,-0.28822266,-0.33585919,0.10893617,-0.28012900,-0.09747059,-0.12077790,-0.31010700,2.95592785,-0.36793513,0.03187674,-0.02147295,-0.01485902,0.99915064,3.04113369,-0.22319020,0.02412464,3.30972538,-0.48398275,0.04164628,2.62361774,-0.24861004,0.04973994,2.85474949,-0.48562437,0.01976194,-1.00449809,1.96864510,2.30590851,-0.12543457,1.69373262,1.89250357,0.34657676,1.82497556,-0.60820907,-0.28045408,2.87314057,-0.73932402
0.94198901,-0.02966738,-0.14583757,0.17313207,-0.14222751,0.13098058,0.05328463,0.27200499,-1.38222535,-0.04723703,1.07154231,-1.28834145,0.00951212,0.55219717,-1.55601282,-0.18866370,1.36675897,-1.59579732,0.87214413,0.04586163,0.33071442,0.32788069,0.06594111,0.14838447,-0.30203451,0.34074401,-0.10484079,-0.29721979,-0.34162494,0.11109833,-0.27279508,-0.11151181,-0.11863085,-0.31074775,2.97483730,-0.36885910,0.03379617,-0.02307623,-0.01343369,0.99907199,3.04497051,-0.22240940,0.02584618,3.31246281,-0.48334530,0.03066089,2.63650913,-0.24809285,0.05508561,2.85999775,-0.48427157,0.01713293,-0.26645818,3.08820696,-0.02664614,0.01403752,1.78939950,0.97107975,0.15732878,3.26119614,-1.68192518,0.07144744,2.12603889,-1.25241983
0.96822147,-0.02874983,-0.16632080,-0.00750292,0.09840796,0.00343737,0.06021979,0.34800753,-1.41716993,-0.04222060,1.10254383,-1.28278279,0.01279451,0.62569898,-1.59743559,-0.18103856,1.39022613,-1.62914670,0.87214413,0.04586163,0.33071442,0.32541725,0.05463761,0.14992673,-0.29775509,0.32107701,-0.10221237,-0.30180064,-0.34116329,0.11378089,-0.26641284,-0.12880958,-0.11776584,-0.30868898,2.99422932,-0.36975911,0.03398517,-0.02241993,-0.01323961,0.99908311,3.05304432,-0.22142136,0.02766216,3.31231785,-0.48092341,0.02361661,2.65638638,-0.24646829,0.05900441,2.86217213,-0.48387134,0.01672827,0.43978369,3.90369034,-2.00494766,0.29140946,1.49973381,0.17064570,0.17051126,3.72201896,-2.12390184,0.42986152,1.01994038,-1.75203311
1.00357506,-0.01110664,-0.14220724,-0.20235294,0.28597488,-0.09500898,0.07216710,0.42969408,-1.47456255,-0.03271016,1.12846816,-1.31322412,0.01805871,0.69469638,-1.62960706,-0.16762671,1.38379405,-1.67423418,0.87214413,0.04586163,0.33071442,0.32332587,0.05130279,0.15140790,-0.29259643,0.30073993,-0.10006806,-0.30235917,-0.33188223,0.11631855,-0.26209130,-0.14673882,-0.11764756,-0.30581686,3.01436787,-0.37040738,0.03195580,-0.01966328,-0.01422725,0.99919456,3.07014637,-0.22059053,0.03072944,3.31200199,-0.47936630,0.02096670,2.68608799,-0.24427989,0.06123458,2.86419849,-0.48364336,0.01750902,0.60255679,4.08603945,-2.87344527,0.47529203,1.27580298,-1.56507096,0.26608268,3.43796945,-1.58562460,0.67641425,-0.36895034,-2.26078744
1.02869561,0.01581460,-0.11984823,-0.37712767,0.41237925,-0.11407580,0.08636423,0.51285670,-1.53358774,-0.02432586,1.14086335,-1.37806330,0.02502323,0.75584779,-1.64800954,-0.15016312,1.34601877,-1.72177694,0.87214413,0.04586163,0.33071442,0.32156863,0.05861643,0.15149923,-0.28815293,0.27984217,-0.09856933,-0.30164956,-0.31510733,0.11865071,-0.26037275,-0.16451407,-0.11798116,-0.30325961,3.03499470,-0.37064018,0.02819240,-0.01567483,-0.01544914,0.99936020,3.09839573,-0.22108012,0.03341570,3.31156330,-0.47805229,0.01991907,2.72381687,-0.24203620,0.06119589,2.86681461,-0.48333398,0.01830902,0.70639938,4.16433077,-2.94851279,0.40910308,0.58653398,-3.37091432,0.35086453,3.03861070,-0.89717672,0.88458836,-1.96546395,-2.36962342
1.03061207,0.04540375,-0.10459202,-0.49526716,0.44548701,-0.03260917,0.09791199,0.59514494,-1.58634701,-0.01991966,1.13997457,-1.48076508,0.03224174,0.80946643,-1.65708842,-0.12994572,1.28307147,-1.76388605,0.87214413,0.04586163,0.33071442,0.31996235,0.07718343,0.14971120,-0.28301367,0.25887572,-0.09870249,-0.30020177,-0.29351952,0.12094999,-0.26047731,-0.18137074,-0.11891385,-0.30068326,3.05568333,-0.37035097,0.02322935,-0.01130735,-0.01592764,0.99953932,3.13767300,-0.22321696,0.03694868,3.31122799,-0.47738248,0.01976057,2.76623325,-0.23996208,0.05948504,2.87055798,-0.48333085,0.01927909,0.55780770,4.09326839,-2.58079696,0.20075292,-0.11082744,-5.25580330,0.35818850,2.64352345,-0.40660283,1.01558988,-3.24568439,-2.06614764
1.00969661,0.06826138,-0.08031266,-0.52195728,0.38046459,0.13059622,0.10474032,0.66924334,-1.62306318,-0.02225932,1.12024791,-1.59495342,0.03829786,0.85592306,-1.65703111,-0.11031063,1.19960427,-1.79417856,0.87214413,0.04586163,0.33071442,0.31864895,0.10292726,0.14589659,-0.27752263,0.23933495,-0.10027619,-0.29902063,-0.26883955,0.12293392,-0.26215574,-0.19701536,-0.12030382,-0.29866043,3.07599277,-0.36958413,0.01795946,-0.00746168,-0.01485961,0.99970044,3.18324795,-0.22683904,0.04112632,3.31221371,-0.47699085,0.01962832,2.81095982,-0.23864528,0.05649321,2.87545910,-0.48392707,0.01998852,0.31380289,3.64416485,-1.73254380,-0.16488432,-1.10832300,-5.70356750,0.29391906,2.28861947,0.04688644,0.97121129,-4.28023906,-1.43576705
0.97439711,0.08096849,-0.03826839,-0.48817516,0.24226267,0.34022119,0.10673325,0.73378551,-1.64088953,-0.03531135,1.06949389,-1.70389378,0.04281296,0.89952344,-1.65015054,-0.09356228,1.09770644,-1.80759883,0.87214413,0.04586163,0.33071442,0.31800050,0.13541980,0.13946363,-0.27230708,0.22136057,-0.10280691,-0.29864442,-0.24169499,0.12434097,-0.26551430,-0.21211254,-0.12190254,-0.29735675,3.09562397,-0.36845502,0.01300502,-0.00485482,-0.01176759,0.99983440,3.23430538,-0.23223427,0.04569341,3.31449032,-0.47647023,0.01935607,2.85693836,-0.23843069,0.05248620,2.88068676,-0.48530516,0.02064374,0.06509900,3.16192365,-0.75405115,-0.73577440,-2.78697944,-5.39746237,0.21478815,2.16856241,0.39025065,0.81382197,-5.22575808,-0.54172039
0.93254149,0.08311789,0.01379184,-0.43965915,0.05781697,0.56672303,0.10213298,0.79150004,-1.63533473,-0.05996877,0.94961987,-1.78955369,0.04809676,0.94529495,-1.63981428,-0.08123295,0.97702231,-1.79749484,0.87214413,0.04586163,0.33071442,0.31843527,0.18087120,0.13066882,-0.26711770,0.20350057,-0.10665941,-0.29961658,-0.21183411,0.12495231,-0.27075319,-0.22729441,-0.12297927,-0.29665108,3.11431332,-0.36703366,0.00860680,-0.00420514,-0.00614907,0.99993521,3.29678707,-0.23861225,0.05131757,3.31647892,-0.47620225,0.01881869,2.90404110,-0.23947048,0.04768208,2.88551502,-0.48719185,0.02178419,-0.24054978,2.87094259,0.30790043,-1.23780830,-6.08624935,-4.20580916,0.26958081,2.29353399,0.51356649,0.60754320,-6.03964472,0.53323312
0.89791083,0.07646136,0.05499291,-0.37267018,-0.11298389,0.74481104,0.09113131,0.83912499,-1.61122708,-0.08424327,0.77504382,-1.81759014,0.05694425,0.99382682,-1.63101420,-0.07520070,0.85321972,-1.76743803,0.87214413,0.04586163,0.33071442,0.31969587,0.23103045,0.12261829,-0.26225784,0.18665057,-0.11187924,-0.30145428,-0.18214895,0.12421092,-0.27694486,-0.24210738,-0.12268132,-0.29605693,3.13228893,-0.36547285,0.00487261,-0.00523429,0.00125841,0.99997364,3.36301632,-0.24228524,0.05743803,3.31921482,-0.47689149,0.01824159,2.94983425,-0.24171146,0.04275101,2.89048481,-0.48875081,0.02363895,-0.56141546,2.35427055,1.24010749,-1.18520947,-8.81307888,-1.21151719,0.45105656,2.42940521,0.44087359,0.28325717,-6.19411860,1.56220000
0.87187225,0.05998106,0.08697532,-0.28027088,-0.21340168,0.79482921,0.07772138,0.87836446,-1.57667079,-0.09702197,0.58867625,-1.78204730,0.06885520,1.04264138,-1.61825705,-0.07628243,0.72723236,-1.71634495,0.87214413,0.04586163,0.33071442,0.32164122,0.27702139,0.11797767,-0.25862172,0.17079811,-0.11735507,-0.30355788,-0.15277220,0.12185796,-0.28411793,-0.25715546,-0.12100670,-0.29608136,3.14971600,-0.36394802,0.00201282,-0.00726060,0.00923974,0.99992893,3.42451344,-0.24087914,0.06301951,3.32265034,-0.47813173,0.01808334,2.99472141,-0.24492959,0.03752329,2.89483700,-0.48967887,0.02555986,-0.67191548,1.93207161,1.76285064,-0.58100837,-9.26773891,2.03232465,0.60881846,2.43793035,0.67568917,-0.08851548,-6.31323671,2.64629731
0.85518066,0.03620980,0.10672203,-0.18410938,-0.27376701,0.69147058,0.06635313,0.91147674,-1.53468976,-0.09750584,0.42323247,-1.69863265,0.08270178,1.09020221,-1.59481683,-0.08518152,0.60162547,-1.64742529,0.87214413,0.04586163,0.33071442,0.32407003,0.31494765,0.11664690,-0.25781908,0.15542962,-0.12174356,-0.30600968,-0.12378651,0.11763649,-0.29180072,-0.27346378,-0.11820661,-0.29724235,3.16677303,-0.36263518,0.00009653,-0.00991316,0.01633680,0.99981740,3.47774143,-0.23576054,0.06625095,3.32609730,-0.47923552,0.01806035,3.03920918,-0.24910586,0.03226931,2.89731731,-0.48971332,0.02682768,-0.54657643,1.62424409,2.13826272,0.04082814,-8.11358967,4.39426761,0.69841461,2.36830163,1.24101008,-0.48869928,-6.26267099,3.53260493
0.85088832,0.01296094,0.10355761,-0.13471930,-0.27710539,0.44733125,0.06019152,0.94050419,-1.49006617,-0.09000891,0.29760543,-1.59156060,0.09725613,1.13577676,-1.56530917,-0.09761038,0.49520090,-1.57545936,0.87214413,0.04586163,0.33071442,0.32657638,0.34254108,0.11722692,-0.26117496,0.14042217,-0.12433225,-0.30852270,-0.09922173,0.11256991,-0.29865365,-0.29040881,-0.11494546,-0.29842353,3.18371487,-0.36160880,-0.00130652,-0.01266793,0.02118853,0.99969438,3.52097607,-0.22995993,0.06540142,3.32928371,-0.47987378,0.01805368,3.07980824,-0.25334825,0.02792273,2.89844227,-0.48876730,0.02815285,-0.26693231,1.42620909,2.23799944,0.42214346,-5.96248436,5.47840786,0.73175216,2.26373434,1.50155771,-0.63486809,-5.13824129,3.58544803
0.85166126,0.00175376,0.08056353,-0.16534003,-0.30074487,0.15575931,0.05958566,0.96645250,-1.44752445,-0.07598949,0.22513532,-1.48623295,0.10957353,1.17934229,-1.53836510,-0.10717019,0.43126590,-1.52025471,0.87214413,0.04586163,0.33071442,0.32873293,0.35723825,0.11918457,-0.26878499,0.12639525,-0.12548733,-0.31033765,-0.08425196,0.10817758,-0.30421774,-0.30630724,-0.11267706,-0.29832976,3.20066700,-0.36078505,-0.00299016,-0.01563688,0.02283327,0.99961252,3.55207653,-0.22537651,0.05994793,3.33267269,-0.48035648,0.01839528,3.11155262,-0.25657656,0.02451518,2.89983730,-0.48736206,0.03040317,-0.02629879,1.29639518,2.11962316,0.71028322,-3.56124392,5.23994589,0.61098152,2.18162155,1.33435097,-0.47156808,-3.13598099,2.72505977
0.85316841,0.00262141,0.03988296,-0.21471091,-0.29539483,-0.07088815,0.06102686,0.99104462,-1.40898142,-0.05599631,0.19383637,-1.39978719,0.11826774,1.22341321,-1.51890981,-0.11217324,0.40903234,-1.48915887,0.87214413,0.04586163,0.33071442,0.33021298,0.36179529,0.12267943,-0.27812008,0.11318851,-0.12637308,-0.31118381,-0.07891027,0.10486127,-0.30894009,-0.32093216,-0.11193239,-0.29636028,3.21766605,-0.35996723,-0.00519356,-0.01855842,0.02224570,0.99956678,3.57361660,-0.22123985,0.05209290,3.33638973,-0.48115502,0.01902917,3.13414783,-0.25873766,0.02127289,2.90205746,-0.48613191,0.03385270,0.07256090,1.22114456,1.92447841,1.01283561,-1.46454127,4.26565037,0.42292041,2.19187546,0.96213768,-0.23669741,-0.99850731,1.48956718
0.85426872,0.01115867,-0.01855539,-0.24601542,-0.24948158,-0.19059503,0.06039333,1.01340866,-1.37244844,-0.03430994,0.19713745,-1.33881171,0.12370224,1.26374090,-1.50814722,-0.11469727,0.42834904,-1.49121537,0.87214413,0.04586163,0.33071442,0.33065106,0.35764229,0.12685165,-0.28800088,0.10054490,-0.12814468,-0.31125961,-0.08282143,0.10233655,-0.31174625,-0.33294219,-0.11239080,-0.29308206,3.23472462,-0.35905637,-0.00772731,-0.02103200,0.02042941,0.99954019,3.58683681,-0.21757722,0.04265018,3.34046383,-0.48294969,0.01939145,3.14775715,-0.26021904,0.01890481,2.90669575,-0.48506927,0.03756900,-0.05342554,1.11284347,1.81189430,1.07489724,0.31024196,2.90734553,0.26270805,2.00229256,0.47245642,-0.12832170,1.15499632,-0.30389931
0.85812028,0.02468363,-0.07892305,-0.24266394,-0.14439751,-0.16187543,0.05530280,1.03615704,-1.34005251,-0.01934612,0.23267807,-1.31586945,0.12680853,1.30330951,-1.51993582,-0.11788636,0.48430669,-1.52798367,0.87214413,0.04586163,0.33071442,0.32995806,0.34603857,0.12943428,-0.29646375,0.08781150,-0.13134264,-0.31018988,-0.09463312,0.10004893,-0.31153658,-0.34051852,-0.11362944,-0.28741613,3.25189304,-0.35796785,-0.01023883,-0.02255790,0.01876658,0.99951694,3.59276104,-0.21547248,0.03349430,3.34463406,-0.48587741,0.01976818,3.15352497,-0.26158872,0.01842147,2.91594028,-0.48445997,0.04254193,-0.27734742,1.14662066,1.59318054,0.69038682,1.95423870,0.90820880,0.14104932,1.98493183,-0.74926896,-0.16398506,2.97513034,-1.98445845
0.87140914,0.03797357,-0.13636879,-0.17726840,0.02129019,-0.00589142,0.04683893,1.06337965,-1.31808960,-0.02030092,0.29905874,-1.34160912,0.12482560,1.34753740,-1.57056391,-0.12143320,0.55846876,-1.57561100,0.87214413,0.04586163,0.33071442,0.32815212,0.32840319,0.12777801,-0.30172864,0.07469869,-0.13523088,-0.30743834,-0.11137063,0.09823610,-0.30988619,-0.34195974,-0.11613327,-0.27749525,3.26934147,-0.35665134,-0.01212255,-0.02254692,0.01851164,0.99950088,3.59270954,-0.21661931,0.02642348,3.34907055,-0.48897880,0.02071378,3.15435696,-0.26267096,0.01826593,2.93198872,-0.48555642,0.05065687,-0.44551647,1.40127170,1.00712299,-0.17802401,3.53882957,-1.65435064,-0.14290629,2.25473642,-2.83987975,-0.17865388,3.80152321,-2.41693473
0.90130178,0.04292486,-0.15489302,-0.03593940,0.21336056,0.19449073,0.03220449,1.08838327,-1.31419551,-0.03737351,0.38135916,-1.40213704,0.10828782,1.36687679,-1.63172114,-0.12537752,0.63268040,-1.61557472,0.87214413,0.04586163,0.33071442,0.32576292,0.30827432,0.12230305,-0.30331243,0.06473650,-0.14000169,-0.30344248,-0.12974502,0.09724796,-0.30761208,-0.33565261,-0.12114214,-0.26829317,3.28741474,-0.35512621,-0.01244733,-0.02049891,0.02044163,0.99950338,3.59036045,-0.22016327,0.02245048,3.35789280,-0.49232727,0.02232043,3.15375423,-0.26333403,0.01815084,2.95706615,-0.49006288,0.05746974,-0.73343835,1.22226610,0.17827463,-0.86469078,4.11761713,-3.04927230,-0.84883275,0.90367690,-3.04320979,-0.19783257,3.69852352,-1.98039148
0.92944049,0.03915603,-0.14085676,0.12593588,0.46668053,0.34284257,0.02073216,1.09883320,-1.33566244,-0.06050064,0.46369933,-1.47450814,0.07759466,1.34255223,-1.68499715,-0.12956849,0.69695803,-1.64184806,0.87214413,0.04586163,0.33071442,0.32350242,0.28835727,0.11634088,-0.30252731,0.06318187,-0.14266178,-0.30074021,-0.14792685,0.09708540,-0.30507469,-0.32122527,-0.12825378,-0.26271404,3.30600910,-0.35351115,-0.01110600,-0.01605257,0.02385171,0.99952492,3.58844166,-0.22344590,0.02097511,3.37597446,-0.49297146,0.02276221,3.15358715,-0.26364749,0.01842774,2.99131908,-0.49705521,0.06078838,-0.53341440,0.51653479,-1.24480666,-1.16159501,4.10442629,-3.62260413,-1.56649261,-1.33640372,-2.65824485,-0.20893334,3.17483330,-1.26573648
0.94283974,0.02756482,-0.11482815,0.25160688,0.71354629,0.38210629,0.02324662,1.10284336,-1.41665986,-0.08302133,0.53770877,-1.54293022,0.03900743,1.27892230,-1.73165171,-0.13327025,0.74585180,-1.65160716,0.87214413,0.04586163,0.33071442,0.32151006,0.26963929,0.11173276,-0.30107018,0.07433627,-0.14023452,-0.29698271,-0.16492567,0.09768603,-0.30270646,-0.29960834,-0.13650311,-0.25922861,3.32483692,-0.35194225,-0.00844519,-0.00920870,0.02771782,0.99953769,3.58785000,-0.22539710,0.02043988,3.40685177,-0.48782884,0.02452734,3.15473728,-0.26357286,0.01880360,3.03327770,-0.50488499,0.06228145,0.18518698,0.14803361,-4.30225430,-1.10949306,3.64232874,-3.37351489,-1.94463258,-3.33419871,-2.27762451,-0.18142621,2.36894550,-0.41867349
0.94324825,0.02183944,-0.08040594,0.31166095,0.79196465,0.35341202,0.03703352,1.09064000,-1.53993599,-0.10273857,0.59922785,-1.59833612,0.00159848,1.18663666,-1.76094081,-0.13603744,0.78197742,-1.65098088,0.87214413,0.04586163,0.33071442,0.31989471,0.25317891,0.10854429,-0.29983491,0.09763378,-0.13421637,-0.29177065,-0.18007974,0.09887505,-0.30037190,-0.27449550,-0.14424359,-0.25786897,3.34365406,-0.35035324,-0.00511806,-0.00141592,0.03133034,0.99949498,3.58953609,-0.22616207,0.02005980,3.44950390,-0.47818986,0.02812406,3.15773411,-0.26295325,0.01952282,3.07873363,-0.51150895,0.06202575,0.74260558,-0.71982903,-6.33420992,-0.97436862,3.00919294,-2.68772197,-1.84339356,-4.74813609,-1.34590378,-0.13267546,1.75434198,0.06588649
0.92478411,0.02982318,-0.03928314,0.31609938,0.69209220,0.33443100,0.06168240,1.05254507,-1.67815983,-0.12139151,0.65435892,-1.64024961,-0.03022538,1.07502556,-1.76871181,-0.13932338,0.81741798,-1.65336275,0.87214413,0.04586163,0.33071442,0.31881726,0.23800793,0.10568193,-0.29907441,0.12991675,-0.12554089,-0.28461988,-0.19407255,0.10008764,-0.29714297,-0.24749018,-0.15077172,-0.25887151,3.36211872,-0.34852043,-0.00172882,0.00555308,0.03472533,0.99937997,3.59221935,-0.22657722,0.01974285,3.50043392,-0.46474341,0.03419738,3.16156864,-0.26214129,0.02167429,3.12568760,-0.51610273,0.05994575,1.31443298,-2.10883141,-6.97546673,-0.92775059,2.72605395,-2.00203657,-1.54886889,-5.70688200,-0.23264407,-0.17232655,1.79114687,-0.16646145
0.87800606,0.04580915,0.00880682,0.33459871,0.48935279,0.35316796,0.09923451,0.95954138,-1.80198486,-0.14108313,0.71298941,-1.66799681,-0.05646535,0.94556406,-1.75010848,-0.14116614,0.85485965,-1.65338070,0.87214413,0.04586163,0.33071442,0.31861182,0.22184945,0.10235811,-0.29888999,0.17195972,-0.11429398,-0.27575879,-0.20764481,0.10174824,-0.29429736,-0.21800786,-0.15604110,-0.26257924,3.37959270,-0.34627497,0.00175673,0.01038862,0.03826956,0.99921191,3.59295788,-0.22723857,0.01972184,3.55979519,-0.44707340,0.04285304,3.16476994,-0.26071653,0.02431447,3.17416630,-0.51854291,0.05603259,1.89711056,-4.73309393,-6.13448191,-0.98883958,2.93824601,-1.36851157,-1.30548108,-6.48907232,0.96532338,-0.09309500,1.87302864,0.01231813
0.81100527,0.06619051,0.04436426,0.35626008,0.23951064,0.42066029,0.15087908,0.81339616,-1.88210900,-0.16371296,0.77537304,-1.68239558,-0.07844811,0.80685894,-1.70728970,-0.14386966,0.89264973,-1.64508002,0.87214413,0.04586163,0.33071442,0.31908702,0.20463845,0.09800072,-0.29912359,0.21831526,-0.10063070,-0.26634119,-0.22114776,0.10307529,-0.29311898,-0.18694701,-0.16035193,-0.26831122,3.39574413,-0.34361367,0.00535726,0.01280341,0.04245581,0.99900194,3.59131298,-0.22857514,0.01996343,3.62182217,-0.42532545,0.05274583,3.16663609,-0.25970689,0.02596803,3.22310200,-0.51927420,0.05077579,2.62562857,-7.42412882,-3.85304222,-1.13958187,3.12310386,-0.68069596,-1.08915269,-6.94770422,2.20730765,-0.13899725,1.88826215,0.43214174
0.73868842,0.09155894,0.05166648,0.34871819,-0.01144574,0.54177828,0.21488303,0.63694983,-1.90815074,-0.18849968,0.83788192,-1.68376529,-0.09641566,0.66765666,-1.64403541,-0.14897621,0.93295679,-1.63599749,0.87214413,0.04586163,0.33071442,0.31978496,0.18720857,0.09267264,-0.29952879,0.26372396,-0.08540600,-0.25656386,-0.23409488,0.10360293,-0.29267323,-0.15548943,-0.16384742,-0.27508374,3.41042347,-0.34044187,0.00879186,0.01276649,0.04779498,0.99873688,3.58790150,-0.23027465,0.02025617,3.68111172,-0.40021129,0.06322110,3.16748638,-0.25972291,0.02711174,3.27133198,-0.51842079,0.04470122,3.23699040,-8.89159069,-1.06759205,-1.24472389,3.11885095,-0.01667976,-0.87819560,-6.94018745,3.23433185,-0.27171508,2.04300637,0.42773004
0.67813989,0.11844997,0.04628411,0.30692159,-0.23686788,0.73475377,0.28302201,0.46710424,-1.88599598,-0.21361248,0.89730561,-1.67384193,-0.10809109,0.53526850,-1.56537616,-0.15693956,0.98131495,-1.63477387,0.87214413,0.04586163,0.33071442,0.32050108,0.17027420,0.08674064,-0.29989468,0.30310776,-0.07026858,-0.24771154,-0.24677389,0.10317992,-0.29162045,-0.12495067,-0.16602089,-0.28237485,3.42379856,-0.33668607,0.01171491,0.01056337,0.05495264,0.99836435,3.58349857,-0.23174252,0.02060640,3.73279629,-0.37318807,0.07278953,3.16717281,-0.26127603,0.02888063,3.31786747,-0.51544348,0.03812623,3.41150641,-8.35699635,1.35520782,-1.25351262,2.94692492,0.55729289,-0.54103210,-6.57119274,4.01539416,-0.41034809,2.47076492,0.00898790
0.65299817,0.14870478,0.03334142,0.31053096,-0.42182345,1.03604757,0.33600315,0.34625423,-1.82879806,-0.23781170,0.94813728,-1.65354800,-0.11458985,0.42516389,-1.48167837,-0.16460218,1.03400671,-1.63508940,0.87214413,0.04586163,0.33071442,0.32112724,0.15512118,0.08075764,-0.30030963,0.33057688,-0.05729344,-0.24388757,-0.25925068,0.10284625,-0.29058318,-0.09905751,-0.16696170,-0.28993710,3.43645000,-0.33217813,0.01447077,0.00654586,0.06493124,0.99776334,3.57977962,-0.23197335,0.02081761,3.77166653,-0.34608829,0.07723967,3.16604519,-0.26384439,0.03054406,3.35989666,-0.51058269,0.03119013,2.49519992,-5.62018585,3.08659291,-1.20188880,2.46779299,1.08783960,-0.29454094,-5.30650187,4.19405937,-0.37403312,2.65149570,-0.00507116
0.64782168,0.17612680,0.05034245,0.34668410,-0.42773878,1.41138427,0.35093803,0.28886631,-1.75243134,-0.25969763,0.98737774,-1.62613306,-0.12181602,0.36441960,-1.41493247,-0.16733854,1.07986562,-1.62544289,0.87214413,0.04586163,0.33071442,0.32223606,0.14211225,0.07539161,-0.30092535,0.34400827,-0.04941721,-0.24844492,-0.27120296,0.10392136,-0.29047901,-0.08498671,-0.16791737,-0.29700048,3.44870510,-0.32671466,0.01756288,0.00224356,0.07900215,0.99671720,3.57716312,-0.22987293,0.02131070,3.79620266,-0.32131105,0.07379114,3.16451550,-0.26682341,0.03175704,3.39123783,-0.50592543,0.02523558,0.69661863,-2.77812711,3.81855273,-1.09485085,1.94398067,1.37656820,-0.36610585,-2.96584785,3.30690169,-0.12381720,2.27833965,0.49536749
0.64283118,0.18818760,0.02713274,0.33770665,-0.40248432,1.68232311,0.33530524,0.28775656,-1.67952523,-0.28338183,1.01939240,-1.60153890,-0.13162663,0.35394160,-1.37507846,-0.16160728,1.11818435,-1.61334772,0.87214413,0.04586163,0.33071442,0.32307920,0.13132636,0.06952630,-0.30107893,0.34433097,-0.04646958,-0.25966822,-0.28159783,0.10734527,-0.29020796,-0.08334829,-0.16983990,-0.30360988,3.46063366,-0.32062446,0.02059694,-0.00172213,0.09573594,0.99519216,3.57631168,-0.22735541,0.02200027,3.80751171,-0.30065311,0.06341098,3.16374416,-0.26888499,0.03287124,3.41116352,-0.50323124,0.01946932,-0.83669074,0.05095092,3.60961223,-1.19942124,1.61868513,1.17239418,-0.49238909,-0.37807055,1.87574656,0.30623493,1.91356218,0.56403490
0.63784498,0.19084408,-0.01528124,0.28204009,-0.35156042,1.80427091,0.30520095,0.31507460,-1.62211058,-0.30756620,1.05725095,-1.59443998,-0.14103831,0.38681453,-1.37208219,-0.15142973,1.15560553,-1.61747611,0.87214413,0.04586163,0.33071442,0.32318563,0.12158198,0.06391480,-0.29859106,0.33721093,-0.04781749,-0.27195388,-0.28890210,0.11191662,-0.28764950,-0.09140685,-0.17182207,-0.30785850,3.47221851,-0.31405753,0.02315487,-0.00522581,0.11369163,0.99323248,3.57624416,-0.22435836,0.02459457,3.81152287,-0.28455704,0.05123175,3.16551456,-0.27021189,0.03553613,3.42193699,-0.50207297,0.01532712,-1.53982639,1.43730311,2.78720403,-1.18379683,1.91546197,0.29462096,-0.46287702,1.78549674,0.01514337,0.51399617,1.86683166,-0.28720805
0.64832259,0.19244131,-0.03005683,0.15828402,-0.13697418,1.80497348,0.27126954,0.35664473,-1.58479965,-0.32396887,1.09767010,-1.59782176,-0.14803131,0.44035349,-1.38955779,-0.14026832,1.18988593,-1.63613451,0.87214413,0.04586163,0.33071442,0.32303383,0.11178503,0.06076381,-0.29488231,0.32523879,-0.05227215,-0.28323981,-0.29368139,0.11635735,-0.28263718,-0.10493453,-0.17330676,-0.30982162,3.48372822,-0.30699632,0.02481644,-0.00664166,0.13166039,0.99096194,3.57581005,-0.21919502,0.02815152,3.81134892,-0.27268410,0.03979401,3.16986942,-0.27121294,0.04039665,3.42759571,-0.50166432,0.01321221,-1.70022964,2.14962635,1.74803767,-0.76773829,2.02402925,-0.21357107,-0.33317003,2.74175787,-0.94382858,0.56279022,1.68683898,-0.99743127
0.67029978,0.19518218,-0.03772725,-0.02166432,0.13584460,1.73782583,0.23551406,0.41074875,-1.56648886,-0.32994196,1.14113128,-1.61009383,-0.15137461,0.49854934,-1.41286588,-0.12879278,1.21472931,-1.66520858,0.87214413,0.04586163,0.33071442,0.32273188,0.10122374,0.06065558,-0.29030056,0.30854971,-0.05945112,-0.29344159,-0.29542296,0.12019397,-0.27591199,-0.12100608,-0.17412548,-0.30998330,3.49536610,-0.29937135,0.02510588,-0.00524201,0.14893812,0.98851386,3.57426167,-0.21161695,0.03243132,3.80774975,-0.26540351,0.02929029,3.17765522,-0.27142291,0.04681990,3.43095112,-0.50139329,0.01274858,-1.80418515,2.79497957,0.78429216,-0.22055624,2.20194340,-0.68026537,-0.13890803,2.92395639,-1.18870485,0.57455862,1.16138923,-1.52560461
0.69681997,0.20017641,-0.03392686,-0.21486279,0.26645573,1.66794675,0.19934202,0.46527302,-1.56735110,-0.32013709,1.17850723,-1.61930127,-0.15076445,0.55125977,-1.43184111,-0.11762024,1.21846826,-1.69235544,0.87214413,0.04586163,0.33071442,0.32239609,0.09073479,0.06408738,-0.28652384,0.29133542,-0.06962468,-0.29992540,-0.29302065,0.12283779,-0.27045128,-0.13716372,-0.17469436,-0.30898871,3.50722942,-0.29103251,0.02351487,-0.00187867,0.16536117,0.98595091,3.57211399,-0.20086607,0.03587225,3.80534649,-0.26187536,0.02247069,3.19017124,-0.27043317,0.05194481,3.43451138,-0.50089935,0.01340739,-1.80643659,2.71282139,-0.05073738,0.51229832,1.84815776,-0.45564505,0.03468060,2.62773132,-0.94004482,0.55631769,0.15189885,-1.34176244
0.71566055,0.20364663,-0.02650827,-0.38965341,0.29453113,1.61758151,0.16451930,0.51250553,-1.57436695,-0.29508052,1.19801168,-1.62694368,-0.14698388,0.59963714,-1.44549196,-0.10871830,1.19851139,-1.71423497,0.87214413,0.04586163,0.33071442,0.32208095,0.08450584,0.07058683,-0.28439677,0.27600105,-0.08107871,-0.30368355,-0.28587093,0.12392439,-0.26767164,-0.15313172,-0.17513660,-0.30748073,3.51914806,-0.28213713,0.02028125,0.00205239,0.18124014,0.98322758,3.57293873,-0.18606267,0.03768418,3.80591946,-0.25949857,0.01839740,3.20788136,-0.26826342,0.05440932,3.43851070,-0.50035667,0.01460023,-1.73846974,2.35566778,-0.37420174,1.29507060,0.89970581,-0.39010474,0.19986855,2.41448641,-0.67288250,0.43393688,-1.05955831,-1.11920635
0.72524924,0.20745633,-0.02127026,-0.53293033,0.25270445,1.58977618,0.13205711,0.55838042,-1.58607318,-0.25805620,1.18994188,-1.64383688,-0.13976960,0.64633543,-1.45507531,-0.10443119,1.15371528,-1.74107873,0.87214413,0.04586163,0.33071442,0.32171960,0.08745236,0.07917999,-0.28400516,0.26128940,-0.09302536,-0.30531233,-0.27153854,0.12297619,-0.26663980,-0.16923726,-0.17532533,-0.30564065,3.53094006,-0.27274085,0.01557121,0.00588250,0.19679068,0.98030422,3.58104916,-0.16593980,0.03771445,3.80788670,-0.25769343,0.01640728,3.23297710,-0.26411524,0.05507981,3.44249897,-0.49980559,0.01607895,-1.60483623,2.29208341,-0.58539671,1.88640914,-0.52819920,-0.92119924,0.37337151,2.32688761,-0.45781227,0.19052775,-2.36476831,-1.34137046
0.72312252,0.21394423,-0.01733808,-0.58497627,0.12573835,1.58998607,0.10270984,0.60495223,-1.59680536,-0.21291274,1.15930395,-1.69060054,-0.12949414,0.69491105,-1.46377892,-0.10614692,1.08250618,-1.76648977,0.87214413,0.04586163,0.33071442,0.32129555,0.10243879,0.08967112,-0.28215294,0.24671372,-0.10461407,-0.30560935,-0.25032619,0.11981342,-0.26764188,-0.18554375,-0.17505941,-0.30348487,3.54236889,-0.26289093,0.01003134,0.00867738,0.21227825,0.97711925,3.59834957,-0.13879106,0.03914262,3.81024876,-0.25567017,0.01568620,3.26489391,-0.25778270,0.05365367,3.44621983,-0.49916965,0.01781068,-1.45448728,2.33722024,-0.52678298,2.30317111,-1.63286867,-2.56034782,0.53172701,2.45558071,-0.44773862,-0.12198712,-3.69962144,-1.25704181
0.70418755,0.22250989,-0.00934107,-0.48838660,-0.06064509,1.61536798,0.07334871,0.65021968,-1.59968126,-0.16172870,1.10283768,-1.75987601,-0.11772384,0.74418414,-1.46988392,-0.11395761,0.99065280,-1.78124559,0.87214413,0.04586163,0.33071442,0.32092512,0.12885369,0.10195393,-0.27742086,0.23266494,-0.11606286,-0.30524035,-0.22462781,0.11487986,-0.27049407,-0.20130339,-0.17424303,-0.30179916,3.55311680,-0.25269409,0.00487954,0.00957796,0.22795053,0.97361338,3.62330151,-0.10412766,0.04350425,3.81312275,-0.25337911,0.01568477,3.30083752,-0.24950036,0.05043104,3.45011425,-0.49820206,0.01912595,-1.47463334,2.24601388,-0.07014513,2.59660888,-3.03111053,-3.57780910,0.59448653,2.45722866,-0.27298450,-0.43338370,-4.72952795,-0.63799375
0.67178106,0.23126968,0.00866032,-0.33455132,-0.20120446,1.66664148,0.04058603,0.69240217,-1.58793595,-0.10171016,0.99571702,-1.81444039,-0.10413480,0.79049304,-1.47425170,-0.12677520,0.88632356,-1.77466083,0.87214413,0.04586163,0.33071442,0.32089873,0.16575083,0.11673973,-0.27128359,0.21883693,-0.12811663,-0.30497421,-0.19748517,0.10899965,-0.27499541,-0.21506015,-0.17242835,-0.30093966,3.56279087,-0.24226310,0.00096637,0.00848973,0.24410280,0.96971172,3.65350780,-0.06095690,0.04961514,3.81620426,-0.25148939,0.01592452,3.33723583,-0.23976500,0.04590332,3.45501080,-0.49596738,0.01995907,-1.64396470,2.10444973,0.60875700,3.01139784,-5.42226315,-2.67775133,0.68233973,2.31111054,-0.21766518,-0.64427730,-5.22164555,0.35662507
0.64249084,0.24137156,0.03345848,-0.21935741,-0.27984796,1.72260383,0.00384189,0.73085618,-1.56093299,-0.03348577,0.84712970,-1.82982755,-0.08851873,0.83515182,-1.47877288,-0.14205016,0.77762309,-1.74818740,0.87214413,0.04586163,0.33071442,0.32135908,0.20737182,0.13330971,-0.26445374,0.20436543,-0.14112722,-0.30524569,-0.17068823,0.10250202,-0.28043935,-0.22751137,-0.16956614,-0.30049591,3.57151890,-0.23163581,-0.00203042,0.00635090,0.26072273,0.96539070,3.68358669,-0.01205585,0.05690534,3.81914539,-0.25069471,0.01611339,3.37243557,-0.22899706,0.04091973,3.46030178,-0.49268150,0.02086317,-1.84786818,1.90878999,1.39526649,3.44092188,-7.51287861,-0.62992282,0.78663527,2.23810887,-0.23121213,-0.77133387,-5.45281601,1.38562341
0.62778901,0.25433796,0.05707720,-0.15791182,-0.30329790,1.76175609,-0.03510836,0.76205807,-1.51849000,0.04315844,0.68139547,-1.79620237,-0.06999016,0.88506340,-1.48697164,-0.16023953,0.66058558,-1.69839294,0.87214413,0.04586163,0.33071442,0.32231443,0.24792574,0.15159507,-0.25770042,0.18953153,-0.15488160,-0.30620539,-0.14329291,0.09495954,-0.28707204,-0.24058607,-0.16551937,-0.29952547,3.57948513,-0.22065972,-0.00449439,0.00381020,0.27764978,0.96066429,3.70832081,0.03981985,0.06461401,3.82241840,-0.25055847,0.01610904,3.40762730,-0.21677911,0.03524238,3.46428547,-0.48900158,0.02278896,-1.94825082,1.51539361,2.18631201,3.85700288,-8.29115467,1.89251215,0.94388971,2.53776727,-0.43640757,-0.92344034,-5.89965916,2.59902887
0.62665407,0.26841664,0.06227645,-0.15992762,-0.29064323,1.75742285,-0.07297525,0.78319035,-1.46304810,0.12463801,0.51928498,-1.71661930,-0.04748840,0.94328946,-1.49841149,-0.18150003,0.54020509,-1.62771962,0.87214413,0.04586163,0.33071442,0.32341168,0.28435420,0.17091496,-0.25237432,0.17498851,-0.16869909,-0.30780399,-0.11618358,0.08605589,-0.29440300,-0.25552923,-0.16018751,-0.29749706,3.58688030,-0.20921035,-0.00688112,0.00135051,0.29448932,0.95562904,3.72572041,0.09210785,0.07103736,3.82647038,-0.25016105,0.01560769,3.44241123,-0.20347206,0.02900868,3.46582813,-0.48543779,0.02591462,-1.88177214,1.00061839,2.83792138,4.09753928,-8.06484356,4.22747855,1.14735830,2.95225930,-0.57793374,-1.07976453,-6.00467033,3.63314843
0.63015527,0.28462197,0.05396986,-0.19728852,-0.29519504,1.70090728,-0.10699232,0.79448682,-1.39836335,0.20115729,0.37949291,-1.60494363,-0.02216648,1.00478876,-1.50782800,-0.20261073,0.44018435,-1.55407250,0.87214413,0.04586163,0.33071442,0.32436126,0.31390875,0.18934282,-0.25031820,0.16112086,-0.18198272,-0.30978820,-0.09423144,0.07668414,-0.30114128,-0.27169180,-0.15425638,-0.29469094,3.59375286,-0.19723096,-0.00960089,-0.00100869,0.31076017,0.95043933,3.73518085,0.14098129,0.07404307,3.83125973,-0.24888490,0.01457307,3.47242069,-0.19102397,0.02321998,3.46566105,-0.48219404,0.02967033,-1.66814125,0.49446341,3.29375243,3.76458025,-6.78675938,5.78054619,1.28316259,3.08721876,-0.44762132,-1.04566717,-4.80461550,3.66235232
0.62520412,0.30636463,0.03996062,-0.23493079,-0.27490160,1.65664498,-0.13548249,0.79737998,-1.33264005,0.25503737,0.29355508,-1.49092534,0.00034525,1.05852201,-1.51212893,-0.21881621,0.38449541,-1.49991987,0.87214413,0.04586163,0.33071442,0.32498165,0.32937417,0.20347599,-0.25451511,0.14886554,-0.19414005,-0.31145028,-0.08273686,0.06859686,-0.30657848,-0.28643069,-0.14957022,-0.29136500,3.59982433,-0.18469022,-0.01266607,-0.00305619,0.32643675,0.94512924,3.73342533,0.17868369,0.07046654,3.83677044,-0.24558235,0.01353137,3.49238873,-0.18177329,0.01840318,3.46674709,-0.47914605,0.03361666,-1.41843307,0.13982176,3.27675223,2.66225595,-4.22923293,5.67362690,1.11833525,2.67486596,-0.21338223,-0.80466282,-2.70606483,2.63595465
0.61795002,0.33148556,0.01930336,-0.23773641,-0.25917779,1.67418369,-0.16015509,0.79869210,-1.27513397,0.28790037,0.25230882,-1.39865158,0.01736081,1.10561821,-1.51717496,-0.23085329,0.37848539,-1.48898036,0.87214413,0.04586163,0.33071442,0.32516150,0.33381482,0.21302788,-0.26236813,0.13804168,-0.20507399,-0.31187705,-0.08169750,0.06236721,-0.30872331,-0.29894604,-0.14654464,-0.28722723,3.60506573,-0.17168655,-0.01571898,-0.00494437,0.34215655,0.93949846,3.72371311,0.20611765,0.06279338,3.84265575,-0.23996412,0.01328446,3.50239468,-0.17646212,0.01643820,3.47036800,-0.47615426,0.03793428,-1.22583077,0.07397675,2.84019446,1.59172025,-1.95368841,4.53267965,0.83207240,2.34742198,-0.26807354,-0.58822609,-0.19562386,0.47322747
0.62169729,0.35665591,-0.00251797,-0.22921393,-0.22465546,1.75751031,-0.18311293,0.80228679,-1.22551854,0.30172399,0.24515403,-1.33465858,0.02881504,1.14873519,-1.52783835,-0.23808797,0.40442365,-1.50043004,0.87214413,0.04586163,0.33071442,0.32485459,0.33013014,0.21778351,-0.27216314,0.12745703,-0.21517419,-0.31097190,-0.08805173,0.05794471,-0.30985071,-0.30911698,-0.14501328,-0.28193642,3.60958385,-0.15812479,-0.01855993,-0.00659737,0.35850276,0.93332083,3.70903263,0.22466171,0.05269145,3.84831371,-0.23264512,0.01388269,3.50538273,-0.17402517,0.01500388,3.47702961,-0.47278576,0.04291817,-1.14634297,0.18581842,2.47208381,0.60364652,-0.23407385,3.07885814,0.55450879,2.13083267,-0.55779929,-0.34096508,1.40664186,-0.64887996
0.63952808,0.37792407,-0.02532417,-0.27507446,-0.10553692,1.88816494,-0.20698617,0.80809913,-1.17575209,0.29241148,0.26868554,-1.30697932,0.03560555,1.18572488,-1.54736350,-0.24083465,0.44856285,-1.52549508,0.87214413,0.04586163,0.33071442,0.32403785,0.31951999,0.21573749,-0.28352587,0.11509705,-0.22519647,-0.30938418,-0.09908978,0.05546618,-0.30971561,-0.31619332,-0.14456738,-0.27532408,3.61356640,-0.14389327,-0.02135712,-0.00712404,0.37591068,0.92638236,3.69243107,0.23348724,0.04051198,3.85303631,-0.22522558,0.01465367,3.50384312,-0.17315218,0.01432224,3.48749790,-0.46790667,0.04871377,-1.20436485,0.30670950,2.49851966,-0.60945220,1.35977259,1.14161673,0.31109074,1.81322756,-1.04024504,-0.11322301,2.27924025,-1.31300915
0.65995372,0.39077625,-0.05659749,-0.38029176,0.11017952,2.02686533,-0.23214050,0.81573546,-1.12522924,0.25631082,0.32314688,-1.33241165,0.03681090,1.21058977,-1.57642746,-0.23994830,0.49852303,-1.55618918,0.87214413,0.04586163,0.33071442,0.32251325,0.30337830,0.20483425,-0.29403456,0.10035694,-0.23496685,-0.30732903,-0.11249225,0.05490183,-0.30802011,-0.31899297,-0.14526040,-0.26762281,3.61709118,-0.12907417,-0.02428575,-0.00545518,0.39447322,0.91857026,3.67753887,0.23195428,0.02847869,3.85656261,-0.21814924,0.01518422,3.49980831,-0.17281713,0.01449314,3.50269794,-0.46039167,0.05489044,-1.26517558,0.39201018,2.52860761,-2.00100112,2.94076657,-1.68155897,0.01863330,1.14012480,-1.51659238,0.06859213,2.52007818,-1.56111705
0.67528444,0.38229750,-0.05162313,-0.34522347,0.23453681,2.08787797,-0.25314939,0.81898595,-1.07669356,0.20164125,0.39466288,-1.40528681,0.03065526,1.21348777,-1.61086986,-0.23627150,0.54265226,-1.58006699,0.87214413,0.04586163,0.33071442,0.32084758,0.28684512,0.18751855,-0.29910743,0.08678279,-0.24257749,-0.30606766,-0.12533154,0.05585680,-0.30600436,-0.31508521,-0.14715954,-0.26117239,3.62025127,-0.11393376,-0.02645896,-0.00243844,0.41364458,0.91005062,3.66773853,0.22546024,0.02174015,3.86003399,-0.20816402,0.01477991,3.49573078,-0.17157596,0.01484322,3.52379017,-0.44804433,0.05967519,-1.03697056,0.16287874,2.39694622,-2.73400517,3.57594800,-3.65793204,-0.31589814,0.11872387,-1.72597063,0.18590926,2.19803941,-1.18248929
0.68102592,0.35664263,-0.02686231,-0.20584991,0.23780560,2.05084065,-0.26362493,0.82435175,-1.05687807,0.14694615,0.46685569,-1.48472135,0.01916870,1.19711127,-1.64790208,-0.23117022,0.58254725,-1.59832513,0.87214413,0.04586163,0.33071442,0.31962492,0.27187244,0.17085747,-0.29996411,0.07889742,-0.24561301,-0.30508432,-0.13679784,0.05784097,-0.30430326,-0.30503559,-0.14989137,-0.25696232,3.62324657,-0.09887142,-0.02734119,0.00004300,0.43231499,0.90130805,3.66035709,0.22007953,0.01966081,3.86412563,-0.19121769,0.01454060,3.49247074,-0.16927674,0.01532166,3.54901981,-0.43054071,0.06266260,-0.48581381,0.28767226,0.85276073,-2.73237553,3.61566758,-3.96645045,-0.58705596,-0.88068862,-1.85825574,0.25896368,1.99451768,-0.91371626
0.66955022,0.32636711,-0.01867900,-0.13911689,0.24176901,1.98979535,-0.25795057,0.84161892,-1.09933264,0.09195592,0.54190687,-1.56096332,0.00345173,1.15713863,-1.68467553,-0.22474277,0.62088131,-1.61371830,0.87214413,0.04586163,0.33071442,0.31855077,0.25651751,0.15493100,-0.29912267,0.08005485,-0.24197847,-0.30330722,-0.14771523,0.06057743,-0.30263511,-0.28865164,-0.15349783,-0.25466898,3.62599430,-0.08421496,-0.02758226,0.00228727,0.45027558,0.89246058,3.65400448,0.21414770,0.01942809,3.86813679,-0.16377233,0.01524355,3.48944263,-0.16693772,0.01591565,3.57772045,-0.40755842,0.06388178,0.36929044,0.94360749,-2.46940168,-2.75722194,3.76908779,-3.79072499,-0.80269630,-2.11086540,-1.82279480,0.32683483,1.90155661,-0.73938984
0.64355027,0.29642837,-0.01395810,-0.11791832,0.26059861,1.93277779,-0.22643906,0.87667992,-1.22067430,0.03419424,0.62009302,-1.63078711,-0.01506371,1.09049587,-1.71325810,-0.21817314,0.65562655,-1.62310355,0.87214413,0.04586163,0.33071442,0.31756241,0.24023297,0.13898114,-0.29770178,0.09132016,-0.22849369,-0.29999024,-0.15814469,0.06344918,-0.30141246,-0.26678104,-0.15779096,-0.25421675,3.62838764,-0.07018958,-0.02752080,0.00458475,0.46755820,0.88352188,3.64879665,0.20659754,0.01986064,3.86863728,-0.12337652,0.01757217,3.48690739,-0.16515735,0.01614995,3.60857525,-0.37950751,0.06334566,1.74837433,1.85073912,-6.50928025,-2.90808797,3.92412806,-3.44838071,-0.93690901,-3.48660541,-1.36309707,0.32444087,1.71651995,-0.43945166
0.60477303,0.26430640,0.01319454,-0.12642597,0.30533540,1.85616334,-0.16410615,0.91273934,-1.39822543,-0.02260521,0.69633549,-1.68701422,-0.03379111,0.99829364,-1.72436297,-0.21252011,0.68879163,-1.62765098,0.87214413,0.04586163,0.33071442,0.31704763,0.22348333,0.12403325,-0.29652718,0.11278556,-0.20478581,-0.29531704,-0.16882038,0.06618439,-0.30043891,-0.24122272,-0.16214946,-0.25564395,3.63038921,-0.05700965,-0.02730601,0.00729115,0.48404908,0.87458431,3.64416599,0.19821426,0.02052045,3.86379719,-0.07037113,0.02173059,3.48457432,-0.16479977,0.01660872,3.63946247,-0.34752390,0.06140368,3.33846045,1.76411021,-9.21855164,-2.82034802,3.78527617,-2.69679284,-0.93292075,-4.78847218,-0.41348216,0.27550578,1.65282357,-0.19389866
0.56149722,0.23677367,0.04851887,-0.04565570,0.28689814,1.77185589,-0.07070853,0.91871657,-1.59250402,-0.07104829,0.76010115,-1.72008936,-0.05092471,0.89020615,-1.70970383,-0.20758496,0.72571372,-1.63100708,0.87214413,0.04586163,0.33071442,0.31734710,0.20862998,0.11172671,-0.29605838,0.14428073,-0.17305644,-0.28797630,-0.18025729,0.06885145,-0.29948916,-0.21455037,-0.16584205,-0.25921536,3.63191433,-0.04486132,-0.02648376,0.00956096,0.49955868,0.86582234,3.63978901,0.19167053,0.02128872,3.85397739,-0.00673714,0.02937080,3.48199520,-0.16634163,0.01785794,3.66790142,-0.31363702,0.05813174,4.70172014,0.23596427,-9.69306335,-2.41112833,3.16901612,-1.62513674,-0.85470085,-5.40779877,0.76211636,0.24213177,1.85425463,-0.16668891
0.53046052,0.22015524,0.06584374,0.13172750,0.25170884,1.71433657,0.04482247,0.87626321,-1.76619401,-0.11273006,0.81122563,-1.73473284,-0.06689411,0.78137765,-1.67565875,-0.20579337,0.76819450,-1.63367536,0.87214413,0.04586163,0.33071442,0.31805660,0.19625443,0.10157902,-0.29609839,0.18251746,-0.13838193,-0.27741037,-0.19234344,0.07098604,-0.29886851,-0.18882674,-0.16910497,-0.26433789,3.63303509,-0.03334910,-0.02434398,0.01067717,0.51441972,0.85712643,3.63585453,0.18761730,0.02195821,3.84106770,0.06248730,0.04064623,3.47982845,-0.16959426,0.01918809,3.69328213,-0.27956511,0.05371871,5.83868494,-2.29248602,-8.58294106,-2.07160230,2.52614436,-0.69095845,-0.79672456,-5.43171253,1.75031655,0.08127290,2.13887358,-0.13211631
0.51503929,0.21331729,0.06185480,0.31110684,0.24647209,1.69835580,0.17634206,0.77240061,-1.89085193,-0.15139071,0.85477047,-1.73790650,-0.08227863,0.67809132,-1.62766008,-0.20727216,0.81531787,-1.63611774,0.87214413,0.04586163,0.33071442,0.31879167,0.18555815,0.09254628,-0.29619994,0.22504117,-0.10381825,-0.26448853,-0.20476694,0.07270550,-0.29841535,-0.16471862,-0.17195977,-0.27042503,3.63376637,-0.02216152,-0.02071643,0.01082286,0.52898811,0.84830730,3.63241329,0.18519038,0.02259173,3.82609425,0.13414504,0.05430314,3.47830067,-0.17397064,0.02037632,3.71559353,-0.24578330,0.04836664,6.61159372,-5.46758614,-5.94569016,-1.92779348,2.16160440,-0.12641572,-0.76686782,-5.12831821,2.44334350,-0.09003012,2.37292514,-0.12245607
0.51479202,0.21490626,0.04053665,0.41184297,0.25982053,1.74373124,0.30150197,0.62888101,-1.94221497,-0.18864881,0.89559040,-1.73549824,-0.09653142,0.58493892,-1.57157712,-0.20951690,0.86171093,-1.63516679,0.87214413,0.04586163,0.33071442,0.31921902,0.17545839,0.08411616,-0.29601018,0.26504242,-0.07438188,-0.25248075,-0.21686371,0.07455605,-0.29833114,-0.14307715,-0.17431631,-0.27683308,3.63409595,-0.01099559,-0.01610777,0.01050977,0.54372663,0.83904197,3.62904720,0.18351839,0.02320884,3.81031742,0.20048997,0.06673827,3.47740879,-0.17843993,0.02088788,3.73470135,-0.21282671,0.04238595,6.15878420,-7.29809303,-2.12240820,-1.85411823,2.02938509,0.14396523,-0.70368034,-4.59227867,2.84158063,-0.10380595,2.29559321,0.08181811
0.52968965,0.22427807,0.01810192,0.43936151,0.30609999,1.85509922,0.39800414,0.50569773,-1.93310595,-0.22305630,0.93250626,-1.72818410,-0.10963053,0.50979608,-1.51499283,-0.20836923,0.90629852,-1.63110220,0.87214413,0.04586163,0.33071442,0.31928751,0.16584772,0.07664602,-0.29578996,0.29393543,-0.05210048,-0.24526973,-0.22874641,0.07773953,-0.29819004,-0.12590827,-0.17617842,-0.28305896,3.63397312,0.00046007,-0.01100896,0.01034384,0.55914514,0.82893215,3.62504673,0.18294403,0.02349755,3.79240513,0.25346559,0.07401778,3.47619343,-0.18249873,0.02109747,3.75014591,-0.18228459,0.03622855,4.58813620,-5.89474392,0.83729976,-1.69626200,1.81255805,0.40298936,-0.64789784,-3.60971665,2.81551099,0.08709221,2.22335458,0.21723031
0.54700549,0.23530379,0.03244812,0.44303856,0.40842832,2.00831345,0.44902595,0.42955590,-1.88473220,-0.25672740,0.96434667,-1.71111856,-0.12425507,0.46217281,-1.46541457,-0.20079474,0.94917716,-1.61831217,0.87214413,0.04586163,0.33071442,0.31968019,0.15600552,0.06948709,-0.29638398,0.31038806,-0.03677856,-0.24566744,-0.24167745,0.08319098,-0.29820921,-0.11571807,-0.17785650,-0.28898264,3.63324947,0.01235034,-0.00525742,0.01100104,0.57572527,0.81755229,3.62038937,0.18264654,0.02329621,3.77245846,0.29219720,0.07401275,3.47349300,-0.18716557,0.02147098,3.76171665,-0.15652769,0.03069755,2.49485946,-3.75038352,2.44297290,-1.68751137,1.58786261,0.86081738,-0.73430270,-2.34529402,2.46655636,0.38872715,2.14495897,0.64302772
0.55418346,0.23912010,0.04000811,0.41340009,0.47037558,2.14110865,0.46056425,0.39597662,-1.82391176,-0.29370595,0.99364641,-1.69058170,-0.14085887,0.44265062,-1.42658110,-0.18588037,0.98982636,-1.60549006,0.87214413,0.04586163,0.33071442,0.32034844,0.14599233,0.06150820,-0.29709596,0.31716817,-0.02738177,-0.25221805,-0.25420779,0.09125685,-0.29717883,-0.11290486,-0.18000845,-0.29467490,3.63201122,0.02437220,0.00061561,0.01235917,0.59310596,0.80502931,3.61650600,0.18203198,0.02325248,3.75210934,0.31919732,0.06813039,3.46955318,-0.19139804,0.02316961,3.77049961,-0.13678460,0.02567355,0.46323280,-1.53687673,3.04405951,-1.86221969,1.46036828,1.02385566,-0.83460568,-0.87444656,1.89600844,0.76910192,2.00503058,0.62379594
0.54053320,0.23662853,0.02340024,0.39031644,0.41783785,2.23547867,0.43987047,0.40268341,-1.76666834,-0.33330760,1.02814741,-1.68070009,-0.15812861,0.45781293,-1.40631046,-0.16547765,1.02273409,-1.60343256,0.87214413,0.04586163,0.33071442,0.32081622,0.13626741,0.05297351,-0.29571352,0.31461913,-0.02423357,-0.26267368,-0.26250875,0.10078160,-0.29465892,-0.11863367,-0.18272902,-0.29944793,3.63023396,0.03607789,0.00601222,0.01347587,0.61093921,0.79153997,3.61348476,0.18131723,0.02510270,3.73332958,0.33431228,0.05814254,3.46627674,-0.19236424,0.02615730,3.77697582,-0.12495213,0.02136829,-1.12964516,0.45402607,2.82032466,-1.97972834,1.78629966,0.39350221,-0.86131483,0.90163486,0.91923375,1.02825270,1.62283075,0.02984761
0.52644316,0.23360539,0.01960511,0.26583293,0.34802924,2.26868106,0.40597351,0.42657959,-1.71918957,-0.36694419,1.06390982,-1.67848327,-0.17346342,0.49603326,-1.40145955,-0.14535801,1.04684870,-1.61194701,0.87214413,0.04586163,0.33071442,0.32124193,0.12707171,0.04608561,-0.29308567,0.30726256,-0.02539768,-0.27372479,-0.26672009,0.10957962,-0.29099453,-0.13024870,-0.18533588,-0.30275038,3.62793751,0.04738605,0.01013616,0.01469070,0.62873885,0.77741167,3.60942135,0.18128248,0.02815625,3.71697826,0.34255899,0.04751713,3.46504459,-0.19054923,0.03024740,3.78196621,-0.11871414,0.01849155,-1.73192334,1.24801637,2.31813807,-1.62253320,1.73948469,0.13477134,-0.74956328,1.99807761,0.18264627,0.99503441,1.14035509,-0.45841455
0.52915648,0.23124028,0.02370754,0.02710562,0.28870524,2.24184167,0.36435512,0.46352008,-1.68590355,-0.38719216,1.09665442,-1.68213463,-0.18439059,0.54249561,-1.40557504,-0.12867281,1.05985534,-1.62514126,0.87214413,0.04586163,0.33071442,0.32178313,0.11870647,0.04286399,-0.29020160,0.29554221,-0.03060361,-0.28442495,-0.26798117,0.11652850,-0.28680193,-0.14456729,-0.18704220,-0.30429901,3.62520313,0.05859219,0.01215585,0.01684013,0.64601965,0.76303817,3.60248280,0.18273860,0.03158152,3.70408154,0.34505332,0.03735817,3.46611500,-0.18652771,0.03498119,3.78587055,-0.11481619,0.01748411,-2.13959622,1.95086348,1.55027378,-0.90816015,1.63136947,-0.25321484,-0.51087052,2.36200666,-0.26548862,0.80538952,0.57193989,-0.69016451
0.54499976,0.23022631,0.01940972,-0.20321734,0.20005707,2.18140280,0.31204856,0.51090310,-1.66468031,-0.38815043,1.13002894,-1.69343896,-0.18827475,0.58747939,-1.41344538,-0.11710116,1.06337442,-1.64573998,0.87214413,0.04586163,0.33071442,0.32221707,0.11032294,0.04484227,-0.28686717,0.27974452,-0.04129133,-0.29436876,-0.26653281,0.12109959,-0.28173312,-0.15929293,-0.18730969,-0.30428776,3.62199192,0.06996772,0.01157584,0.01996904,0.66245959,0.74874197,3.59088726,0.18492198,0.03534990,3.69696903,0.34262209,0.02784830,3.46940327,-0.17987533,0.04048395,3.78855801,-0.11090487,0.01792931,-2.61735082,2.36026015,1.04627465,-0.02196515,1.66150892,-0.55783219,-0.18505381,2.24187808,-0.39194581,0.57330498,0.16191100,-1.03587625
0.56468647,0.22993102,0.01391996,-0.28608330,0.02538657,2.12086927,0.25887021,0.55271022,-1.65453184,-0.37080309,1.15556257,-1.70003214,-0.18605218,0.62792300,-1.42073941,-0.10917885,1.05519981,-1.66831183,0.87214413,0.04586163,0.33071442,0.32248438,0.10299072,0.05077239,-0.28467510,0.26556313,-0.05495041,-0.30080194,-0.26182442,0.12359152,-0.27752241,-0.17299418,-0.18662461,-0.30364060,3.61834507,0.08158742,0.00924824,0.02238180,0.67814760,0.73452662,3.57589397,0.18827776,0.03780928,3.69416752,0.34196076,0.02168244,3.47439365,-0.16961943,0.04496197,3.79067364,-0.10565199,0.01884378,-2.65751891,2.07905025,0.47111173,0.92068104,1.23435822,-0.31946895,0.12642539,2.01333256,-0.36679456,0.38600847,-0.45545193,-1.11862271
0.57684659,0.22891953,0.00267683,-0.28846650,-0.17562220,2.06341852,0.20758940,0.59118068,-1.65257025,-0.33630023,1.16156878,-1.70584753,-0.17825059,0.66553108,-1.42782145,-0.10603892,1.03170102,-1.68959706,0.87214413,0.04586163,0.33071442,0.32244973,0.10083990,0.05997817,-0.28402763,0.25287751,-0.07021536,-0.30402755,-0.25316521,0.12360573,-0.27513738,-0.18574502,-0.18528139,-0.30254273,3.61425266,0.09329312,0.00555481,0.02338897,0.69313514,0.72040668,3.55815449,0.19634194,0.03842209,3.69403820,0.34331612,0.01842218,3.48110447,-0.15498607,0.04731235,3.79233303,-0.09936666,0.01990700,-2.54786162,1.91276824,0.08883475,1.79006977,0.18968294,-0.30337141,0.41527569,1.86974418,-0.34779593,0.12938707,-1.23473873,-1.07133436
0.58178237,0.22959200,-0.00668595,-0.20401587,-0.34942927,2.00767522,0.16164731,0.62937896,-1.65170908,-0.28927214,1.14381766,-1.72722480,-0.16463065,0.70214244,-1.43477149,-0.10982463,0.99400151,-1.71455305,0.87214413,0.04586163,0.33071442,0.32214612,0.10826446,0.07168149,-0.28326239,0.24068934,-0.08522921,-0.30531098,-0.23977922,0.12075715,-0.27392908,-0.19770757,-0.18308667,-0.30145275,3.60969028,0.10492805,0.00120660,0.02260940,0.70746204,0.70638858,3.53778934,0.21304690,0.03888373,3.69443111,0.34578977,0.01683515,3.48941975,-0.13509561,0.04821705,3.79317760,-0.09240774,0.02069338,-2.25989614,1.91794670,0.04129886,2.41172986,-1.01450148,-1.21188058,0.71398396,1.83126056,-0.35248801,-0.23093227,-1.96718357,-1.27743378
0.58082023,0.23242479,-0.00081719,-0.04223393,-0.42817862,1.96378271,0.12092343,0.66868401,-1.64479792,-0.23100814,1.10408914,-1.77628434,-0.14642751,0.73969769,-1.44132423,-0.12074600,0.93697822,-1.73398399,0.87214413,0.04586163,0.33071442,0.32186151,0.12700900,0.08636555,-0.27946658,0.22818886,-0.09921397,-0.30589591,-0.22151092,0.11535607,-0.27477488,-0.20914697,-0.17994125,-0.30083859,3.60464001,0.11637226,-0.00267780,0.02013155,0.72121956,0.69240876,3.51312160,0.23972005,0.04239492,3.69438076,0.34845018,0.01596560,3.49849606,-0.10969758,0.04708663,3.79303455,-0.08519362,0.02102292,-2.00261593,1.97230327,0.40693757,2.99539614,-2.14272738,-2.65829062,0.93949550,1.88685524,-0.32117125,-0.59660190,-3.00329781,-0.90147966
0.56877939,0.23691498,0.01449710,0.11845811,-0.38148819,1.92980106,0.08233557,0.70934716,-1.62999146,-0.16194613,1.02132260,-1.82763155,-0.12583675,0.77960762,-1.44855752,-0.13723116,0.85812162,-1.73820388,0.87214413,0.04586163,0.33071442,0.32188789,0.15721786,0.10390907,-0.27338653,0.21517302,-0.11261886,-0.30594339,-0.19871649,0.10857401,-0.27764481,-0.22013398,-0.17590271,-0.30072622,3.59903126,0.12735693,-0.00503825,0.01658017,0.73445567,0.67843539,3.48296185,0.27582390,0.04850137,3.69420185,0.35079595,0.01594450,3.50658550,-0.07935626,0.04424308,3.79186459,-0.07810849,0.02116167,-1.93050282,2.03040502,0.75452895,3.46847739,-4.20327663,-2.53129842,1.03119698,1.99635735,-0.36169764,-0.82791579,-3.96317387,-0.18450449
0.55422071,0.24402218,0.02685839,0.22055759,-0.30710510,1.92270955,0.04233419,0.74737450,-1.60468481,-0.08113817,0.89539896,-1.84946120,-0.10364083,0.82083179,-1.45684342,-0.15615530,0.76625527,-1.72326615,0.87214413,0.04586163,0.33071442,0.32216840,0.19382601,0.12396775,-0.26646412,0.20173852,-0.12624092,-0.30607492,-0.17430829,0.10117676,-0.28188162,-0.23068982,-0.17095237,-0.30085816,3.59291859,0.13783087,-0.00616468,0.01276795,0.74737757,0.66424826,3.44703274,0.31574614,0.05570428,3.69457798,0.35300654,0.01609348,3.51292629,-0.04715926,0.04028678,3.78979549,-0.07117149,0.02131024,-2.00865457,1.88877285,1.29930491,4.08097215,-6.40300407,-0.97661584,1.11755352,2.07004452,-0.42465447,-0.95230772,-4.62169399,0.80601304
0.54676913,0.25691035,0.04218402,0.24310900,-0.27407243,1.92967613,-0.00063261,0.77936467,-1.56674914,0.01353083,0.74066215,-1.82806396,-0.07963634,0.86639043,-1.46806936,-0.17667084,0.66383884,-1.68586535,0.87214413,0.04586163,0.33071442,0.32276983,0.23250948,0.14683964,-0.25871322,0.18790086,-0.14085337,-0.30654706,-0.14915240,0.09306027,-0.28742282,-0.24182939,-0.16523762,-0.30041498,3.58620205,0.14788042,-0.00683295,0.00899778,0.76005889,0.64975598,3.40497684,0.35471359,0.06405661,3.69610691,0.35540712,0.01622277,3.51747990,-0.01393403,0.03534701,3.78705120,-0.06529684,0.02235485,-2.16082287,1.56432426,1.95512862,4.79091196,-7.81132660,1.27239704,1.20279491,2.30360470,-0.56997868,-1.02948940,-5.16956844,1.97641735
0.55347949,0.27419851,0.04787387,0.23668314,-0.29529812,1.93100055,-0.04477582,0.80106415,-1.51454787,0.11708772,0.58104918,-1.75883083,-0.05428040,0.91996950,-1.48193569,-0.19786941,0.55648351,-1.62695317,0.87214413,0.04586163,0.33071442,0.32351068,0.26862560,0.17132918,-0.25157087,0.17421327,-0.15636258,-0.30759438,-0.12435532,0.08407536,-0.29404763,-0.25490438,-0.15922857,-0.29867380,3.57876110,0.15770916,-0.00768456,0.00517097,0.77246184,0.63499363,3.35869541,0.38810989,0.07193981,3.69846210,0.35888369,0.01591630,3.52033482,0.01943668,0.02946305,3.78430004,-0.06157086,0.02483687,-2.20644169,1.01725094,2.69437389,5.20926085,-7.95492287,3.73748016,1.27874110,2.73348475,-0.71103853,-1.06304634,-5.36840820,3.05434489
0.57000172,0.29511119,0.04561116,0.24323356,-0.35153483,1.89452500,-0.08714409,0.81204027,-1.44889474,0.21736014,0.43325734,-1.64806545,-0.02625207,0.98022699,-1.49552500,-0.21788231,0.46031454,-1.55758786,0.87214413,0.04586163,0.33071442,0.32420450,0.29990884,0.19515609,-0.24710561,0.16082228,-0.17221876,-0.30912791,-0.10303437,0.07462489,-0.30099282,-0.26987499,-0.15280065,-0.29583769,3.57050037,0.16745967,-0.00889537,0.00097661,0.78436894,0.62023003,3.31147099,0.41430980,0.07709889,3.70101261,0.36364749,0.01507659,3.52163410,0.04999885,0.02321169,3.78139210,-0.05992817,0.02836682,-2.10102320,0.47543404,3.37501979,4.96506739,-7.28424263,5.81567955,1.42266810,3.05239296,-0.66783422,-0.98722899,-4.69626331,3.51842856
0.57808026,0.31940278,0.03517725,0.24545503,-0.38695781,1.85301006,-0.12428936,0.81276200,-1.37614007,0.29127692,0.32817582,-1.51995122,-0.00005895,1.03669577,-1.50435705,-0.23391028,0.40263707,-1.50676041,0.87214413,0.04586163,0.33071442,0.32465990,0.31949085,0.21413722,-0.24900390,0.14867237,-0.18744940,-0.31057350,-0.09038457,0.06618919,-0.30613783,-0.28432321,-0.14748377,-0.29239616,3.56127529,0.17692015,-0.01042135,-0.00352013,0.79568762,0.60560732,3.26979465,0.42785478,0.07565599,3.70236797,0.37013921,0.01408640,3.52154369,0.07217388,0.01852207,3.77914448,-0.05786522,0.03226373,-1.85016811,0.02803230,3.63500094,3.65042830,-5.18259721,6.38593006,1.30136216,2.81067014,-0.43815991,-0.79447579,-2.81288865,2.48476534
0.57746708,0.34611247,0.01632516,0.22579515,-0.36315319,1.86657443,-0.15680196,0.80965760,-1.30793324,0.33497890,0.27163357,-1.41058547,0.01972050,1.08632979,-1.51259995,-0.24526845,0.39080659,-1.49152503,0.87214413,0.04586163,0.33071442,0.32471271,0.32698657,0.22683633,-0.25593357,0.13788355,-0.20133103,-0.31108137,-0.08770964,0.05967935,-0.30864374,-0.29668807,-0.14404203,-0.28823616,3.55122890,0.18586983,-0.01188916,-0.00773717,0.80678119,0.59068003,3.23625278,0.42910836,0.06877913,3.70153332,0.37810573,0.01363133,3.52081661,0.08423471,0.01606896,3.77812672,-0.05348200,0.03647654,-1.61477907,-0.15321063,3.37852454,2.11000352,-2.69911289,5.37970543,0.96630561,2.47719502,-0.42346571,-0.55582465,-0.48797859,0.68888426
0.58365215,0.37078192,-0.00348893,0.18430267,-0.31330736,1.94361605,-0.18603695,0.80650929,-1.24806740,0.35278240,0.25477159,-1.33179612,0.03203344,1.13268952,-1.52452862,-0.25193456,0.41061819,-1.49856880,0.87214413,0.04586163,0.33071442,0.32432908,0.32490477,0.23338903,-0.26593410,0.12807726,-0.21384104,-0.31041414,-0.09236938,0.05514087,-0.30995822,-0.30729336,-0.14251869,-0.28285646,3.54037533,0.19437129,-0.01316652,-0.01137606,0.81800421,0.57494899,3.21077595,0.42108212,0.05839497,3.69823170,0.38727837,0.01391494,3.51976032,0.08878891,0.01437086,3.77850780,-0.04653058,0.04147262,-1.45067537,-0.16187309,2.97351527,0.78138106,-0.70229526,3.81086650,0.58631524,2.29425564,-0.61064955,-0.31055222,1.09990946,-0.42921063
0.60336975,0.38951573,-0.02310547,0.05416652,-0.28208896,2.06333884,-0.21413330,0.80440799,-1.19170449,0.34551944,0.27058272,-1.29063959,0.03747088,1.17135239,-1.54183080,-0.25356142,0.44940655,-1.52036350,0.87214413,0.04586163,0.33071442,0.32350243,0.31539514,0.23281998,-0.27795330,0.11760289,-0.22551157,-0.30912943,-0.10180835,0.05291065,-0.30989256,-0.31500860,-0.14256871,-0.27646569,3.52872829,0.20263538,-0.01483186,-0.01386408,0.82956319,0.55804365,3.19423847,0.40707557,0.04554913,3.69331608,0.39653424,0.01437300,3.51807270,0.08839468,0.01360987,3.77947140,-0.03544896,0.04703674,-1.40450485,-0.09013724,2.80289245,-0.50501915,0.97648420,1.81009898,0.23244853,1.87990513,-0.90462822,-0.05370390,2.01985643,-1.16022195
0.62870795,0.40027299,-0.05013344,-0.19370199,-0.31091362,2.18917267,-0.24162838,0.80525917,-1.13677979,0.30971619,0.31778729,-1.30356467,0.03582224,1.19812512,-1.56630826,-0.25068027,0.49484625,-1.54838943,0.87214413,0.04586163,0.33071442,0.32206362,0.30026956,0.22264971,-0.29004011,0.10472578,-0.23639351,-0.30746464,-0.11387883,0.05283250,-0.30832212,-0.31902965,-0.14418805,-0.26887968,3.51636600,0.21075407,-0.01793049,-0.01458177,0.84145841,0.53982739,3.18887043,0.39097989,0.03202352,3.68764591,0.40443569,0.01459898,3.51577473,0.08521797,0.01374151,3.78034687,-0.01921162,0.05318394,-1.36889744,0.06461978,2.73947930,-2.00462937,2.58119869,-1.06320620,-0.13358116,1.24635446,-1.27586591,0.17531811,2.29827929,-1.42836559
0.64648261,0.39313456,-0.05009180,-0.33626906,-0.26042119,2.24891995,-0.26415443,0.80616144,-1.08545825,0.25030382,0.38803321,-1.37699299,0.02662377,1.20321922,-1.59674485,-0.24480550,0.53634076,-1.57085028,0.87214413,0.04586163,0.33071442,0.32038970,0.28414044,0.20370796,-0.29682579,0.09145325,-0.24483101,-0.30630929,-0.12616201,0.05426267,-0.30634677,-0.31651597,-0.14710344,-0.26208570,3.50352917,0.21865730,-0.02166059,-0.01357757,0.85338469,0.52065444,3.19248219,0.37828969,0.02356391,3.67950001,0.41189339,0.01408041,3.51292324,0.08164255,0.01404293,3.77902508,0.00435895,0.05830400,-1.11177410,0.05014300,2.54187849,-2.97277679,3.51433454,-3.69013290,-0.46760213,0.23028658,-1.52592218,0.29481390,2.07001722,-1.11393632
0.65689867,0.36609289,-0.01915189,-0.24125817,-0.09586111,2.19238413,-0.27539219,0.81166562,-1.05849078,0.19056795,0.45957351,-1.45859962,0.01267070,1.19113417,-1.63037035,-0.23830128,0.57587931,-1.58840446,0.87214413,0.04586163,0.33071442,0.31928585,0.26987356,0.18518160,-0.29872861,0.08236089,-0.24838288,-0.30538188,-0.13734915,0.05651688,-0.30487992,-0.30796426,-0.15063467,-0.25775055,3.49067974,0.22644169,-0.02351799,-0.01250360,0.86462714,0.50170756,3.19607944,0.36904124,0.02055724,3.66557941,0.42108874,0.01390397,3.50967388,0.07913871,0.01440593,3.77415600,0.03363609,0.06153530,-0.52164670,0.29608081,1.22582237,-2.97923746,3.57976460,-4.06852903,-0.70680482,-0.65395258,-1.69269979,0.32612708,1.98090785,-0.87417120
0.65054472,0.33251515,-0.00342035,-0.16757266,0.00327154,2.09752558,-0.27033231,0.82896633,-1.08800817,0.13223756,0.53294196,-1.53468831,-0.00426232,1.15971963,-1.66555300,-0.23138480,0.61644694,-1.60396528,0.87214413,0.04586163,0.33071442,0.31850128,0.25558646,0.16790698,-0.29853831,0.08146854,-0.24523224,-0.30385046,-0.14826506,0.05926799,-0.30362506,-0.29348199,-0.15467103,-0.25544021,3.47811413,0.23394408,-0.02413897,-0.01152728,0.87501853,0.48334977,3.19999218,0.36108720,0.01996297,3.64246006,0.43335921,0.01465082,3.50677624,0.07686542,0.01487623,3.76518154,0.06766989,0.06306107,0.33548746,0.94125715,-1.79561506,-2.91757584,3.68120475,-3.77285933,-0.85814764,-1.66462183,-1.75185430,0.34811476,2.03071117,-0.76518339
0.63254301,0.29974609,0.00321383,-0.13947446,0.05797769,2.01155093,-0.23966987,0.86545169,-1.19669576,0.07073461,0.61073052,-1.60433447,-0.02349962,1.10529377,-1.69591622,-0.22527628,0.65662552,-1.61481714,0.87214413,0.04586163,0.33071442,0.31789079,0.24019129,0.15046905,-0.29760735,0.09056499,-0.23223747,-0.30083315,-0.15919336,0.06188851,-0.30287254,-0.27361126,-0.15924348,-0.25492391,3.46597118,0.24102862,-0.02411958,-0.01052953,0.88463313,0.46554442,3.20601940,0.35397933,0.02028344,3.60624943,0.44708267,0.01705764,3.50498867,0.07474468,0.01501825,3.75206356,0.10548246,0.06296688,1.70665413,1.93989298,-5.90633540,-3.10581656,3.92084613,-3.44945788,-0.97341120,-2.85751085,-1.47724473,0.29505568,2.00270882,-0.50836083
0.60554577,0.26704268,0.02108801,-0.18550726,0.07780916,1.91094074,-0.17710873,0.90733188,-1.36680532,0.00818856,0.68877983,-1.66272748,-0.04278988,1.02803707,-1.71471334,-0.22111124,0.69697511,-1.62370479,0.87214413,0.04586163,0.33071442,0.31762514,0.22398525,0.13350585,-0.29660907,0.10977062,-0.20846302,-0.29655649,-0.17043086,0.06421685,-0.30196503,-0.24982730,-0.16377952,-0.25584315,3.45436382,0.24761990,-0.02406631,-0.00906885,0.89346781,0.44839029,3.21352863,0.34757796,0.02101606,3.55604267,0.46014714,0.02106865,3.50461483,0.07256186,0.01566011,3.73491383,0.14500846,0.06178199,3.36027765,2.09014535,-8.88371944,-3.12239838,3.88936377,-2.82354331,-0.95926923,-4.02303457,-0.84465259,0.19400238,2.02229977,-0.44185635
0.57071589,0.23986985,0.04750296,-0.22030637,0.11128312,1.79146787,-0.08237820,0.92226409,-1.56239700,-0.04732912,0.75706820,-1.70064535,-0.05907846,0.93041809,-1.71245463,-0.21946601,0.74103183,-1.63136091,0.87214413,0.04586163,0.33071442,0.31797823,0.20881070,0.11904852,-0.29602891,0.13979409,-0.17596331,-0.28964644,-0.18287438,0.06605065,-0.30074714,-0.22375272,-0.16714910,-0.25857983,3.44343243,0.25354002,-0.02390913,-0.00704198,0.90141239,0.43224353,3.21992359,0.34196094,0.02194932,3.49324932,0.47268324,0.02833179,3.50631351,0.06955172,0.01723109,3.71381397,0.18355489,0.05939841,4.76845684,0.68298484,-9.76590824,-2.76403394,3.39528012,-1.86858699,-0.80952843,-4.89704752,0.14241456,0.08164787,2.20558476,-0.37555930
0.54101300,0.22705729,0.06466638,-0.20830733,0.19477243,1.70260506,0.03473057,0.88801242,-1.74253211,-0.09549991,0.81256421,-1.72061648,-0.07240696,0.82329443,-1.68979213,-0.21917477,0.78755859,-1.63469844,0.87214413,0.04586163,0.33071442,0.31872237,0.19566476,0.10704408,-0.29598498,0.17748481,-0.14030536,-0.27943352,-0.19618342,0.06778423,-0.29986742,-0.19726563,-0.16961298,-0.26296066,3.43287411,0.25882402,-0.02299276,-0.00475629,0.90871210,0.41676257,3.22413502,0.33738054,0.02273739,3.42352810,0.48487513,0.03928885,3.50939732,0.06588145,0.01885495,3.69009647,0.21985035,0.05576171,5.91956959,-1.88629519,-8.92056751,-2.39432044,2.74256778,-0.95562308,-0.66132716,-5.37073698,1.18976632,0.00408912,2.33729329,-0.15992402
0.52344226,0.22686114,0.06433466,-0.17799517,0.31903704,1.66328334,0.16975353,0.78824004,-1.87720811,-0.13928477,0.85940999,-1.72790902,-0.08404884,0.71460592,-1.64937017,-0.22193768,0.83458022,-1.63259952,0.87214413,0.04586163,0.33071442,0.31954161,0.18404173,0.09658935,-0.29614111,0.22067220,-0.10433231,-0.26646643,-0.20977099,0.06899079,-0.29961226,-0.17141544,-0.17138196,-0.26860185,3.42240620,0.26351274,-0.02086235,-0.00221936,0.91559538,0.40155315,3.22671337,0.33354970,0.02340049,3.34976978,0.49654793,0.05307518,3.51366940,0.06242911,0.01992935,3.66458988,0.25340872,0.05093976,6.80202694,-5.29640198,-6.45158339,-2.17382126,2.32025089,-0.32370757,-0.57542341,-5.42096510,2.08540945,-0.14774107,2.33411970,0.14540575
0.52042712,0.23376947,0.04064372,-0.15122040,0.41156262,1.69081541,0.30074435,0.63992907,-1.93645532,-0.17993456,0.90233072,-1.72844079,-0.09383000,0.61336278,-1.59741566,-0.22549760,0.88101324,-1.62798316,0.87214413,0.04586163,0.33071442,0.32001020,0.17319389,0.08722265,-0.29599927,0.26262413,-0.07335383,-0.25393776,-0.22300465,0.07033940,-0.29949011,-0.14773578,-0.17245641,-0.27482019,3.41177845,0.26770602,-0.01774457,0.00044982,0.92231219,0.38603776,3.22810421,0.32989675,0.02401092,3.27975636,0.50629014,0.06607244,3.51814709,0.05946477,0.02052009,3.63831501,0.28346226,0.04519001,6.45833988,-7.59315109,-2.49028854,-2.01656046,2.12882423,0.00010014,-0.47712133,-5.00116282,2.64873910,-0.17637061,2.33272629,0.21553228
0.53659449,0.24566500,0.01086680,-0.17526773,0.45995855,1.79259399,0.40483984,0.50490743,-1.92993200,-0.21707971,0.94042659,-1.72362292,-0.10254335,0.52881420,-1.54149818,-0.22584124,0.92557669,-1.62067008,0.87214413,0.04586163,0.33071442,0.31996813,0.16311422,0.07901946,-0.29575278,0.29410500,-0.04963751,-0.24583240,-0.23593454,0.07301291,-0.29924172,-0.12838338,-0.17303518,-0.28106604,3.40068340,0.27155089,-0.01422107,0.00346040,0.92909476,0.36955204,3.22786045,0.32616362,0.02421536,3.22103405,0.50964278,0.07413574,3.52200031,0.05642721,0.02072641,3.61284351,0.30912155,0.03890210,4.98142147,-6.52938700,0.74783558,-1.83017576,1.86515081,0.28104544,-0.43095765,-4.09098005,2.80999637,0.01416832,2.20393896,0.40026423
0.56443791,0.25783844,0.01747194,-0.23714278,0.53202115,1.94067104,0.46071374,0.42308508,-1.88149371,-0.25158933,0.97353473,-1.70801260,-0.11443355,0.47307787,-1.49041355,-0.21959921,0.96968086,-1.60728407,0.87214413,0.04586163,0.33071442,0.32006382,0.15289646,0.07167809,-0.29619666,0.31166712,-0.03345721,-0.24561905,-0.24960809,0.07811267,-0.29889729,-0.11622050,-0.17386950,-0.28707865,3.38880405,0.27510929,-0.01021982,0.00733276,0.93612770,0.35143521,3.22650738,0.32174474,0.02386716,3.17613430,0.50538598,0.07444477,3.52535915,0.05204317,0.02116653,3.59072781,0.32955750,0.03298517,2.73470678,-4.03501587,2.45000548,-1.72838874,1.65285289,0.79059072,-0.60069140,-2.74704289,2.54339056,0.32188314,2.20608616,0.67216152
0.58421844,0.26287009,0.02842523,-0.27034936,0.56503251,2.08664045,0.47455088,0.38470484,-1.81839418,-0.28885776,1.00488043,-1.68693006,-0.13031769,0.44785614,-1.44887683,-0.20615246,1.01193678,-1.59447765,0.87214413,0.04586163,0.33071442,0.32050108,0.14227279,0.06361643,-0.29679078,0.31958634,-0.02351880,-0.25174219,-0.26256255,0.08580728,-0.29769582,-0.11186462,-0.17578558,-0.29299760,3.37641392,0.27836207,-0.00602986,0.01164683,0.94325217,0.33181821,3.22563992,0.31780567,0.02371031,3.14190197,0.49674867,0.06875889,3.52746563,0.04709305,0.02280526,3.57368603,0.34542904,0.02750349,0.56642919,-1.76509694,3.16113257,-1.87646923,1.56243026,1.05847406,-0.80323929,-1.15480713,2.03556199,0.69547621,2.08992572,0.62021966
0.58011877,0.26056805,0.01484828,-0.21624774,0.54504226,2.19872258,0.45291296,0.38912669,-1.75745025,-0.32906433,1.04139194,-1.67453740,-0.14803945,0.45943005,-1.42492514,-0.18683774,1.04855595,-1.59380839,0.87214413,0.04586163,0.33071442,0.32082036,0.13176737,0.05485428,-0.29543133,0.31768646,-0.02021882,-0.26237053,-0.27145024,0.09513744,-0.29494449,-0.11659394,-0.17865345,-0.29823567,3.36396046,0.28108560,-0.00186919,0.01544382,0.95028563,0.31099069,3.22525082,0.31471992,0.02538902,3.11965466,0.48516443,0.05844982,3.52668972,0.04390307,0.02587587,3.56360264,0.35628002,0.02258468,-1.18579130,0.34128354,3.01332784,-2.01361437,1.88694329,0.52404070,-0.88639957,0.73409336,1.10428182,0.97813809,1.82033145,-0.04770612
0.57058033,0.25544764,0.00894967,-0.18927799,0.40870817,2.24292210,0.41500099,0.41400248,-1.70847454,-0.36297303,1.08085217,-1.67088563,-0.16470404,0.49811397,-1.41889653,-0.16726316,1.07854490,-1.60690839,0.87214413,0.04586163,0.33071442,0.32107445,0.12157068,0.04789692,-0.29250985,0.31030656,-0.02213238,-0.27367465,-0.27615399,0.10392053,-0.29068157,-0.12808229,-0.18171536,-0.30178688,3.35162678,0.28322603,0.00127549,0.01854212,0.95698343,0.28954668,3.22389050,0.31073943,0.02856460,3.10560970,0.47363508,0.04739980,3.52388592,0.04366958,0.03039288,3.55895176,0.36348746,0.01928757,-1.95444369,1.32813753,2.36297174,-1.62917008,1.94113102,0.19077157,-0.82234627,2.04989789,0.21550224,0.96892560,1.44377220,-0.71152348
0.57718368,0.25018836,0.01197574,-0.23355999,0.14382006,2.21274621,0.36889589,0.45261502,-1.67500722,-0.38275501,1.11851156,-1.67442155,-0.17714638,0.54673845,-1.42235804,-0.15034710,1.09682238,-1.62594604,0.87214413,0.04586163,0.33071442,0.32142425,0.11201537,0.04490359,-0.28908360,0.29828877,-0.02844177,-0.28465977,-0.27759327,0.11101277,-0.28570051,-0.14289132,-0.18397496,-0.30348626,3.33918667,0.28497118,0.00195650,0.02126991,0.96312179,0.26821667,3.22008228,0.30441138,0.03234065,3.09850788,0.46346164,0.03676447,3.51947880,0.04648301,0.03572373,3.55659008,0.36864001,0.01793799,-2.35776353,2.02582049,1.56118858,-0.88096434,1.88090074,-0.25276423,-0.58533573,2.47277832,-0.22501229,0.82411939,0.82459682,-0.98299736
0.59803594,0.24757731,0.00384461,-0.22136613,-0.14968900,2.14969667,0.31314865,0.50261592,-1.65737822,-0.38326622,1.15429292,-1.68379223,-0.18218696,0.59483334,-1.42933526,-0.13844419,1.10271883,-1.65428083,0.87214413,0.04586163,0.33071442,0.32157770,0.10263214,0.04675784,-0.28560401,0.28200394,-0.04053910,-0.29442547,-0.27536001,0.11551875,-0.27976542,-0.15869803,-0.18493664,-0.30340727,3.32633152,0.28637775,-0.00051294,0.02309921,0.96862021,0.24746928,3.21384640,0.29454775,0.03597369,3.09828434,0.45715282,0.02715223,3.51260128,0.05298689,0.04181228,3.55426502,0.37259226,0.01817043,-2.78860559,2.49210143,0.86294598,0.00143588,1.78111112,-0.46540686,-0.24231145,2.39891677,-0.34711644,0.58854420,0.27824304,-1.42650449
0.62133220,0.24836411,-0.00268077,-0.05276175,-0.30642423,2.08683505,0.25704834,0.54836906,-1.65295045,-0.36493713,1.17986431,-1.69038165,-0.18050097,0.63947619,-1.43587809,-0.13114557,1.09526968,-1.68705513,0.87214413,0.04586163,0.33071442,0.32152489,0.09528556,0.05250021,-0.28329090,0.26721393,-0.05581899,-0.30017207,-0.26903269,0.11746274,-0.27470748,-0.17382597,-0.18499331,-0.30252650,3.31301289,0.28744450,-0.00408968,0.02297145,0.97355987,0.22723725,3.20433331,0.28250906,0.03823399,3.09805470,0.45570626,0.02135281,3.50233440,0.06309333,0.04681741,3.55073872,0.37646372,0.01899839,-2.80232677,2.28489547,0.18189667,0.96987633,1.21625366,-0.31729457,0.10297680,2.22676063,-0.33152100,0.35189328,-0.42301652,-1.63428342
0.63932967,0.24999968,-0.00932385,0.14560328,-0.35896166,2.01798925,0.20610231,0.59311324,-1.65662858,-0.32973707,1.18198297,-1.69973040,-0.17247912,0.68323164,-1.44302335,-0.12957357,1.07120540,-1.71727476,0.87214413,0.04586163,0.33071442,0.32123532,0.09491821,0.06134115,-0.28264305,0.25343240,-0.07169936,-0.30261922,-0.25866300,0.11660871,-0.27185489,-0.18837726,-0.18418017,-0.30112520,3.29932690,0.28809681,-0.00777580,0.02079293,0.97796818,0.20757030,3.18768330,0.27054946,0.03859227,3.09679241,0.45646712,0.01861610,3.48841839,0.07655829,0.04938043,3.54623547,0.37999068,0.02011012,-2.50113559,2.23264289,-0.18598221,1.82186818,-0.00396252,-0.51938291,0.42709655,2.18966246,-0.35452792,0.04740947,-1.26824703,-1.49429786
0.65740696,0.25123631,-0.01635178,0.28862787,-0.29459440,1.92493745,0.16656390,0.64058355,-1.66131175,-0.28255891,1.16074102,-1.73425059,-0.15880802,0.72960010,-1.45089846,-0.13494751,1.03078530,-1.74469280,0.87214413,0.04586163,0.33071442,0.32072877,0.10589807,0.07307784,-0.28085777,0.23950056,-0.08510535,-0.30332737,-0.24410701,0.11318472,-0.27098546,-0.20298758,-0.18217059,-0.29973919,3.28529949,0.28833224,-0.01059792,0.01730650,0.98182903,0.18867943,3.15986958,0.25965981,0.03987100,3.09433422,0.45606924,0.01740140,3.47014675,0.09280602,0.04974331,3.54131222,0.38239373,0.02098958,-1.90900979,2.40534263,-0.24213266,2.41682363,-1.18580808,-1.92577885,0.71404315,2.34266262,-0.40378901,-0.30696574,-2.11953018,-1.35956943
0.67901273,0.25030921,-0.01691379,0.35655426,-0.15295419,1.81773783,0.13589542,0.69394433,-1.66679215,-0.22911733,1.11514199,-1.80305719,-0.14083612,0.78211868,-1.46259868,-0.14449552,0.97240603,-1.76654375,0.87214413,0.04586163,0.33071442,0.32012486,0.12968244,0.08689763,-0.27512059,0.22478737,-0.09613031,-0.30262486,-0.22519655,0.10843636,-0.27165212,-0.21798022,-0.17878566,-0.29816076,3.27089214,0.28821996,-0.01196457,0.01335394,0.98515640,0.17072022,3.11954403,0.24997753,0.04500428,3.09150600,0.45432538,0.01750001,3.44652653,0.11038719,0.04847275,3.53629017,0.38331768,0.02196410,-1.47868025,2.71103001,-0.27800560,2.70575500,-2.46166682,-3.68330932,0.92635894,2.67531013,-0.61824554,-0.50000668,-3.04929233,-1.04254246
0.69839838,0.24676375,-0.01051390,0.37328763,0.02837855,1.73036355,0.10912549,0.75128506,-1.66372936,-0.16585368,1.00831593,-1.86694300,-0.12000539,0.84046512,-1.47482445,-0.15341744,0.88895899,-1.76972373,0.87214413,0.04586163,0.33071442,0.31963234,0.16754765,0.10317246,-0.26735563,0.20893358,-0.10584090,-0.30164344,-0.20147101,0.10403286,-0.27454598,-0.23341190,-0.17430747,-0.29680490,3.25609913,0.28775954,-0.01132354,0.00949458,0.98801145,0.15367176,3.06513958,0.24031250,0.05227671,3.08915043,0.45202661,0.01798890,3.41648617,0.12748041,0.04508636,3.53140774,0.38299282,0.02282743,-1.33692615,2.86759520,0.17036818,3.17341895,-5.43458204,-3.14183643,1.04522216,2.92447162,-0.61145490,-0.44211367,-4.19664211,-0.12923812
0.71704873,0.23926176,0.00061707,0.35455595,0.18363294,1.67551942,0.08318073,0.80753201,-1.64807189,-0.09588458,0.84155482,-1.88707488,-0.09698847,0.90397434,-1.48735001,-0.15964355,0.78965110,-1.75107820,0.87214413,0.04586163,0.33071442,0.31937990,0.21362792,0.12042206,-0.25902709,0.19223093,-0.11493509,-0.30112306,-0.17546012,0.10040138,-0.27901864,-0.24933212,-0.16877312,-0.29544326,3.24101810,0.28706044,-0.00917096,0.00604355,0.99049699,0.13709514,3.00271816,0.22916832,0.06035281,3.08721714,0.44987342,0.01825684,3.38262463,0.14278888,0.04036126,3.52680950,0.38179244,0.02393664,-1.29683721,2.79861450,0.82267848,3.51432700,-8.47100725,-0.83132310,1.15427897,3.19133925,-0.62844366,-0.30425922,-5.00255203,1.00172702
0.73798503,0.23070545,0.02145902,0.31098160,0.22283175,1.62776555,0.05782300,0.85715867,-1.61929421,-0.02278040,0.64620746,-1.84607205,-0.07222582,0.97204677,-1.49975941,-0.16391709,0.67827730,-1.70708625,0.87214413,0.04586163,0.33071442,0.31958532,0.26021106,0.13767317,-0.25159451,0.17526338,-0.12363384,-0.30144200,-0.14840835,0.09718683,-0.28490639,-0.26615697,-0.16244438,-0.29336633,3.22560749,0.28614548,-0.00660305,0.00308302,0.99263501,0.12092407,2.93995647,0.21496125,0.06799081,3.08514690,0.44823620,0.01814332,3.34634686,0.15617501,0.03467893,3.52297688,0.37994932,0.02621900,-1.26281750,2.44259524,1.49047554,3.65481524,-9.78732586,2.31094677,1.24872406,3.41749668,-0.61497682,-0.20824419,-5.61503325,2.31415968
0.75520073,0.22151267,0.04173843,0.29095993,0.21172306,1.53268440,0.03523560,0.89636136,-1.57912717,0.04434200,0.45842487,-1.75268946,-0.04501307,1.04133404,-1.50756629,-0.16770369,0.56223626,-1.64037478,0.87214413,0.04586163,0.33071442,0.32024202,0.30203501,0.15301202,-0.24682492,0.15886652,-0.13155768,-0.30269280,-0.12164769,0.09380430,-0.29180016,-0.28393037,-0.15543020,-0.29076556,3.20992832,0.28501234,-0.00419093,0.00034376,0.99440187,0.10558046,2.88249722,0.19883406,0.07341710,3.08222866,0.44699626,0.01754923,3.30916653,0.16775542,0.02844187,3.52016621,0.37735656,0.02947647,-1.10673535,1.89463220,2.07065389,3.29669528,-9.29352322,4.93212132,1.37454684,3.46263647,-0.34981152,-0.18989359,-5.80238028,3.44820619
0.75986460,0.21100384,0.06413693,0.32038413,0.24712390,1.34749360,0.01770040,0.92313528,-1.53026545,0.09528301,0.30302620,-1.62586904,-0.01741835,1.10673892,-1.50765538,-0.16985089,0.46549079,-1.56920314,0.87214413,0.04586163,0.33071442,0.32139125,0.33572155,0.16454431,-0.24704410,0.14430824,-0.13827200,-0.30469058,-0.09955239,0.09061578,-0.29852667,-0.30145254,-0.14863569,-0.28819734,3.19420719,0.28366849,-0.00146573,-0.00259625,0.99576303,0.09190815,2.83403873,0.18335661,0.07434715,3.07764721,0.44601929,0.01670067,3.27549076,0.17636108,0.02286458,3.51777363,0.37461331,0.03319392,-0.83755505,1.24715912,2.49888158,2.41494894,-7.49389648,6.54390287,1.37660074,3.23228335,0.05245685,-0.09068369,-4.64415359,3.54686713
0.75892592,0.20113734,0.07443042,0.34835943,0.29353021,1.09964524,0.00376874,0.93916841,-1.47807891,0.12652067,0.20841934,-1.49355578,0.00549294,1.16213200,-1.50199161,-0.16762404,0.41440434,-1.51646392,0.87214413,0.04586163,0.33071442,0.32290348,0.35480232,0.17226341,-0.25450632,0.13218098,-0.14434222,-0.30669327,-0.08775675,0.08865877,-0.30446110,-0.31655674,-0.14368335,-0.28576844,3.17857876,0.28213271,0.00179628,-0.00580381,0.99670393,0.08089724,2.80064297,0.16933242,0.06839716,3.07140141,0.44589933,0.01621021,3.25089169,0.18048398,0.01844238,3.51416111,0.37289371,0.03713504,-0.69443960,0.79580706,2.60927272,1.54367845,-4.66330419,6.59735966,1.13778368,2.76084971,0.28528261,0.11356418,-2.48142446,2.57631235
0.75632285,0.19382442,0.06124691,0.37247781,0.30592065,0.87503190,-0.00872863,0.95233526,-1.42636554,0.14653867,0.15745594,-1.37661924,0.02313858,1.21109869,-1.49581127,-0.16418588,0.41110477,-1.50153797,0.87214413,0.04586163,0.33071442,0.32426473,0.36301133,0.17767809,-0.26563589,0.12068721,-0.15026326,-0.30809753,-0.08601840,0.08728534,-0.30795826,-0.32962821,-0.14050718,-0.28293273,3.16305981,0.28045403,0.00521225,-0.00924242,0.99734244,0.07207959,2.77828503,0.15678070,0.05862884,3.06521626,0.44649948,0.01616720,3.23564358,0.18171452,0.01630647,3.50945683,0.37213900,0.04133200,-0.62124333,0.65892571,2.58120608,0.97972617,-2.44692817,5.78457165,0.86852928,2.42808995,0.30371330,0.17291181,-0.05159782,0.67140627
0.76024511,0.18753403,0.02637085,0.37205573,0.24923019,0.73024926,-0.01941031,0.96749643,-1.37979960,0.15986484,0.14060890,-1.28680036,0.03575419,1.25353167,-1.49360986,-0.16083379,0.44146942,-1.51024563,0.87214413,0.04586163,0.33071442,0.32503445,0.36255485,0.18144258,-0.27769103,0.10885819,-0.15575359,-0.30843527,-0.09216298,0.08599620,-0.31041549,-0.34017822,-0.13889549,-0.27935520,3.14751873,0.27868624,0.00810786,-0.01273655,0.99778970,0.06471286,2.76459332,0.14551135,0.04734342,3.05965443,0.44717704,0.01659918,3.22782269,0.18152331,0.01461896,3.50276775,0.37255483,0.04567925,-0.52317725,0.77683562,2.28574696,0.64173726,-0.70367158,4.34427705,0.60798540,2.09680073,0.08088827,0.16473590,1.62811301,-0.52193638
0.77946849,0.17955388,-0.01248578,0.32081199,0.13013846,0.68832250,-0.02816357,0.98608814,-1.34076996,0.16417843,0.15416199,-1.23423154,0.04331379,1.28955576,-1.50227995,-0.15794429,0.49317561,-1.53656447,0.87214413,0.04586163,0.33071442,0.32509055,0.35481952,0.18251966,-0.28918847,0.09639480,-0.16044526,-0.30770026,-0.10350099,0.08503402,-0.31117666,-0.34722195,-0.13856355,-0.27462001,3.13166714,0.27691973,0.00985825,-0.01586124,0.99815221,0.05782209,2.75819149,0.13646953,0.03590208,3.05438786,0.44739715,0.01739029,3.22468853,0.18053373,0.01391389,3.49253445,0.37458100,0.05047054,-0.42928540,0.94511384,1.91866913,0.15012520,0.84297551,2.40260692,0.35021515,1.76196373,-0.51303716,0.14271784,2.68884425,-1.40550030
0.81264946,0.16670854,-0.05130972,0.20237896,-0.04970798,0.72648102,-0.03620227,1.01033032,-1.30959523,0.15163964,0.20693642,-1.24038875,0.04484766,1.31696320,-1.52739418,-0.15462641,0.55793566,-1.57338440,0.87214413,0.04586163,0.33071442,0.32440662,0.33912556,0.17828166,-0.29859971,0.08238557,-0.16425256,-0.30583970,-0.11853357,0.08504360,-0.30999638,-0.34938140,-0.13937879,-0.26867783,3.11523533,0.27526024,0.00986626,-0.01799902,0.99850755,0.05061000,2.75987530,0.13204801,0.02580691,3.04981518,0.44697654,0.01856692,3.22459888,0.17870852,0.01441024,3.47688007,0.37873435,0.05572879,-0.39897811,1.26084912,1.49659383,-0.76268607,2.94827414,-0.78220361,0.03031835,1.30382526,-1.38038623,0.17105608,3.31677294,-1.90122831
0.85453051,0.14230580,-0.06508420,0.01058309,-0.09917398,0.77423630,-0.04369215,1.03365526,-1.28827829,0.12662443,0.29081017,-1.29805162,0.03752219,1.33103883,-1.56887317,-0.15242951,0.62536324,-1.60746796,0.87214413,0.04586163,0.33071442,0.32333577,0.31841435,0.17046086,-0.30319599,0.07000374,-0.16660024,-0.30361037,-0.13492611,0.08592002,-0.30797862,-0.34504486,-0.14141977,-0.26290653,3.09796276,0.27391962,0.00901326,-0.01813391,0.99887586,0.04285953,2.76616688,0.13124482,0.02013978,3.04242725,0.44588466,0.01972540,3.22506695,0.17680201,0.01535715,3.45381451,0.38538730,0.06042924,-0.37015961,1.16045227,1.03414812,-1.25242376,4.20733099,-2.90381217,-0.37737073,0.68019814,-2.08934197,0.10687869,3.36547399,-1.69584405
0.88770867,0.10664976,-0.06164120,-0.17616575,-0.07622146,0.76322396,-0.04533523,1.05257325,-1.29605660,0.10068205,0.38186579,-1.36583898,0.02224890,1.32588670,-1.62000589,-0.15187552,0.68850201,-1.63452051,0.87214413,0.04586163,0.33071442,0.32235237,0.29692837,0.16327218,-0.30441685,0.06509624,-0.16588790,-0.30125844,-0.15051981,0.08740728,-0.30582713,-0.33373399,-0.14448176,-0.25893232,3.08010693,0.27304854,0.00834725,-0.01642954,0.99920991,0.03521280,2.77246265,0.13099480,0.01793552,3.02680073,0.44309196,0.02109393,3.22412853,0.17530386,0.01652524,3.42314892,0.39377776,0.06342005,-0.04535924,0.93080375,-0.52137561,-1.29807391,4.55638018,-3.38726783,-0.78765546,-0.33196593,-2.57621074,0.02610344,3.14357591,-1.32398551
0.90485713,0.06425357,-0.05612388,-0.33180345,-0.14447912,0.68530196,-0.03075996,1.06449928,-1.35946889,0.07524253,0.47181703,-1.43001866,-0.00126562,1.29322855,-1.67282267,-0.15167382,0.74616114,-1.65102017,0.87214413,0.04586163,0.33071442,0.32144652,0.27542694,0.15718159,-0.30415981,0.07339692,-0.15924254,-0.29878177,-0.16603194,0.08954669,-0.30396096,-0.31558173,-0.14889305,-0.25681179,3.06196575,0.27275959,0.00699016,-0.01321711,0.99948838,0.02827402,2.77812061,0.13134534,0.01728671,2.99765720,0.43588440,0.02266475,3.22268887,0.17400082,0.01748556,3.38543491,0.40363613,0.06463473,0.81735809,0.55657335,-3.46203341,-1.26503718,4.47931910,-3.17710710,-1.21015592,-1.75924873,-2.61852956,0.00975376,2.85488439,-0.77673765
0.91788529,0.02202942,-0.03629090,-0.43614320,-0.24359277,0.54388798,-0.00172468,1.06149907,-1.47234621,0.05335893,0.55128748,-1.48200293,-0.02912720,1.23625977,-1.71551957,-0.15206775,0.79644643,-1.65637929,0.87214413,0.04586163,0.33071442,0.32084592,0.25564061,0.15290349,-0.30335881,0.09526710,-0.14779263,-0.29527805,-0.18134746,0.09195031,-0.30246279,-0.29391713,-0.15399210,-0.25608777,3.04362774,0.27309427,0.00462171,-0.00897774,0.99969215,0.02266362,2.78133259,0.13191052,0.01748711,2.95514317,0.42504480,0.02556787,3.22063046,0.17303529,0.01838313,3.34420948,0.41363418,0.06475815,1.50776904,-0.25954483,-5.84709644,-1.06555932,3.88695726,-2.50913548,-1.40211987,-2.96520405,-2.05595527,-0.02532166,2.46859765,-0.20479630
0.92848523,-0.00616200,-0.01640849,-0.48506966,-0.27824493,0.39105355,0.03279225,1.03516507,-1.59749198,0.03581426,0.61749375,-1.51974559,-0.05427809,1.16497433,-1.74494541,-0.15346090,0.84413010,-1.65920830,0.87214413,0.04586163,0.33071442,0.32054976,0.23835909,0.15034509,-0.30245616,0.12488616,-0.13492020,-0.29030065,-0.19645300,0.09440653,-0.30035166,-0.27141461,-0.15823507,-0.25639200,3.02509975,0.27385712,0.00179924,-0.00422863,0.99981757,0.01853962,2.78133297,0.13244829,0.01809360,2.90529919,0.41331261,0.03024910,3.21791935,0.17223537,0.02019809,3.30219173,0.42192554,0.06415775,1.75266027,-1.49527061,-6.27835703,-0.84815449,3.22095370,-1.78975570,-1.22591674,-3.64905572,-1.37802589,-0.07683723,2.38100028,-0.14772891
0.92371321,-0.01923275,0.00345831,-0.52004935,-0.21005406,0.24738456,0.06982452,0.96605532,-1.71337271,0.02213283,0.67629414,-1.54257331,-0.07181441,1.08201578,-1.76053953,-0.15796433,0.89009995,-1.65926175,0.87214413,0.04586163,0.33071442,0.32058770,0.22211885,0.14925380,-0.30175002,0.16245382,-0.12197434,-0.28323723,-0.21104320,0.09619836,-0.29813408,-0.24798090,-0.16033679,-0.25825150,3.00663815,0.27483153,-0.00041799,0.00092489,0.99987108,0.01602479,2.77985058,0.13277212,0.01883768,2.84817638,0.40194902,0.03735047,3.21449032,0.17191976,0.02245362,3.25962963,0.42713951,0.06233620,1.85225163,-3.53228302,-5.76138449,-0.68041557,2.93777394,-1.12179269,-0.86673783,-4.16550055,-0.76074309,-0.22886537,2.29604154,0.01374006
0.90621671,-0.02366494,0.03445623,-0.54967721,-0.10010462,0.10021559,0.10634944,0.84117496,-1.79975910,0.01095130,0.73324392,-1.55138302,-0.08244997,0.98580594,-1.76156845,-0.16436142,0.93422771,-1.64726243,0.87214413,0.04586163,0.33071442,0.32117345,0.20530073,0.14916415,-0.30152687,0.20765611,-0.11008853,-0.27434137,-0.22636282,0.09745197,-0.29742905,-0.22265255,-0.16052593,-0.26200150,2.98851070,0.27585562,-0.00156883,0.00639462,0.99986664,0.01494518,2.77884655,0.13288963,0.01964658,2.78423519,0.39209700,0.04683207,3.21186199,0.17168647,0.02374440,3.21585827,0.42966009,0.05917195,1.81798177,-6.41774464,-4.18763313,-0.55235755,2.84020877,-0.39827152,-0.51316154,-4.85513983,-0.00060939,-0.32032081,2.20022178,0.63843008
0.88616588,-0.01992563,0.06807572,-0.52606975,0.02212194,-0.02612270,0.13753611,0.66885362,-1.83280935,0.00248032,0.78590680,-1.54557500,-0.08573571,0.87741838,-1.74447362,-0.17084969,0.97773253,-1.62478058,0.87214413,0.04586163,0.33071442,0.32240848,0.18834659,0.14983951,-0.30189034,0.25581660,-0.10067437,-0.26465863,-0.24267094,0.09850097,-0.29788636,-0.19566873,-0.15885892,-0.26766149,2.97077236,0.27682880,-0.00154047,0.01170877,0.99981620,0.01510285,2.77799168,0.13273881,0.02051814,2.71810894,0.38517388,0.05774985,3.21036167,0.17105266,0.02452212,3.17114391,0.42971324,0.05474699,1.52247930,-8.74302216,-1.38252342,-0.40988124,2.60483527,0.35215041,-0.12802182,-5.45185852,0.93430558,-0.32439241,2.18134332,1.15198936
0.87372644,-0.00982791,0.09783036,-0.43185886,0.18565773,-0.10215034,0.15943228,0.49059126,-1.80834217,-0.00305300,0.83162795,-1.52480459,-0.08011167,0.76689141,-1.71063406,-0.17721401,1.02343649,-1.60055454,0.87214413,0.04586163,0.33071442,0.32427956,0.17195350,0.15094089,-0.30291954,0.29913251,-0.09435433,-0.25621554,-0.25919416,0.09921856,-0.29845040,-0.16877331,-0.15514535,-0.27476361,2.95329342,0.27766728,0.00006353,0.01617613,0.99974057,0.01603490,2.77658863,0.13231744,0.02136002,2.65734005,0.38156434,0.06806403,3.20917301,0.17018905,0.02582916,3.12695446,0.42732140,0.04951596,1.03875761,-8.84557152,1.52854434,-0.26095718,2.24494882,1.12639464,0.33403442,-5.51526165,1.77986085,-0.31699738,2.30108695,1.20084703
0.87937683,0.00493910,0.10996719,-0.33422820,0.31957898,-0.09549748,0.16710626,0.34245956,-1.74314618,-0.00594983,0.87075073,-1.48781812,-0.06634963,0.65982080,-1.66482401,-0.18407145,1.07359135,-1.57868028,0.87214413,0.04586163,0.33071442,0.32653514,0.15539971,0.15233929,-0.30489229,0.33316464,-0.09137898,-0.25128169,-0.27592913,0.09947519,-0.29841544,-0.14262725,-0.14951364,-0.28242517,2.93575191,0.27828801,0.00304467,0.01969816,0.99965735,0.01696721,2.77525616,0.13132733,0.02164285,2.60589123,0.38095602,0.07525344,3.20813465,0.16947696,0.02811970,3.08338642,0.42285949,0.04410996,0.26950210,-7.13905096,3.51449466,-0.12633090,1.91070902,1.96754682,0.74306619,-5.32451010,2.36626601,-0.34841266,2.54430747,1.07542276
0.90345411,0.01876431,0.10132201,-0.28506810,0.41773953,0.03744466,0.15160806,0.23776966,-1.64089785,-0.00875992,0.90769318,-1.43577619,-0.04676550,0.55622544,-1.60438082,-0.19062117,1.13205345,-1.55482340,0.87214413,0.04586163,0.33071442,0.32883769,0.13700473,0.15344649,-0.30736026,0.35671542,-0.09263217,-0.25379973,-0.29483483,0.09977595,-0.29737575,-0.11732402,-0.14229488,-0.29071589,2.91772327,0.27861404,0.00714885,0.02262509,0.99958109,0.01657254,2.77566128,0.12983733,0.02147743,2.56430683,0.38312924,0.07503797,3.20905476,0.16902944,0.03146194,3.03974247,0.41690385,0.03812180,-0.78670490,-5.15695844,5.12535334,-0.14549535,1.84826505,2.60898376,0.97682160,-5.14356184,3.02565885,-0.32281974,2.92851710,1.19564140
0.91983963,0.01782803,0.05277302,-0.26290508,0.44956291,0.21379177,0.12905811,0.19023507,-1.53798733,-0.01520920,0.94565650,-1.38024831,-0.02966148,0.48560926,-1.54784658,-0.19426149,1.19236152,-1.53075528,0.87214413,0.04586163,0.33071442,0.33038870,0.11727627,0.15323766,-0.30917440,0.36675029,-0.09454794,-0.26343309,-0.31407928,0.10105054,-0.29501934,-0.10008937,-0.13564499,-0.29870408,2.89936390,0.27884633,0.01156924,0.02535004,0.99950747,0.01443448,2.77762585,0.12912876,0.02121430,2.53555698,0.38415358,0.06695561,3.21033115,0.16859039,0.03536936,3.00340443,0.41148499,0.03168462,-1.13903863,-2.19285700,5.08746214,-0.33390129,1.90266311,2.77681708,0.84232234,-3.38204508,2.77012382,-0.17625277,3.00680041,1.19153016
0.91915308,-0.00101153,-0.01344337,-0.25603549,0.42335728,0.31943463,0.10245844,0.19516300,-1.45710077,-0.02463673,0.98410232,-1.32978222,-0.01700204,0.46757821,-1.51814415,-0.19622456,1.25024867,-1.51755009,0.87214413,0.04586163,0.33071442,0.33078223,0.09773898,0.15195615,-0.30954344,0.36358876,-0.09751293,-0.27688846,-0.33047505,0.10299536,-0.29082033,-0.09524239,-0.13018729,-0.30523212,2.88097439,0.27925717,0.01570317,0.02800544,0.99942149,0.01121537,2.77972012,0.12962044,0.02123879,2.51975727,0.38521826,0.05389378,3.20895901,0.16858698,0.03996191,2.97922535,0.40718915,0.02555011,-1.34739850,0.40327706,3.94021497,-0.47828434,1.91812122,2.47183933,0.61428368,-0.67322870,1.32997938,-0.09290742,2.88735414,0.57538175
0.91160178,-0.02443817,-0.07960825,-0.25751932,0.34356545,0.32957115,0.07842615,0.22798925,-1.40530357,-0.03454637,1.02284634,-1.29488151,-0.00970217,0.49765634,-1.52343414,-0.19582365,1.30890179,-1.52994437,0.87214413,0.04586163,0.33071442,0.32999188,0.08049147,0.15044024,-0.30768204,0.35310114,-0.10063687,-0.28935735,-0.34194404,0.10587340,-0.28360292,-0.10133983,-0.12632722,-0.30904521,2.86269360,0.27992613,0.01913530,0.03067017,0.99931559,0.00784422,2.77967663,0.13086464,0.02230983,2.51133976,0.38650320,0.04063452,3.20280361,0.16830141,0.04638896,2.96614933,0.40452644,0.02094667,-1.15852573,1.76341522,2.40307899,-0.49339567,1.94435251,1.64084663,0.33008587,1.75667443,-0.45928141,0.03843928,2.94731832,-0.79083109
0.91825946,-0.04191059,-0.13997452,-0.17635389,0.16198216,0.25144846,0.06843726,0.28383216,-1.39772141,-0.04121185,1.06352150,-1.27819276,-0.00693388,0.55806971,-1.55368304,-0.19081460,1.36534953,-1.57442105,0.87214413,0.04586163,0.33071442,0.32806551,0.06525372,0.14945091,-0.30367933,0.33755069,-0.10117917,-0.29782664,-0.34666912,0.10968773,-0.27334727,-0.11471534,-0.12436687,-0.30970898,2.84426785,0.28077447,0.02093023,0.03263386,0.99923475,0.00518412,2.77726460,0.13209970,0.02438618,2.50792789,0.38590834,0.03023887,3.18962574,0.16702563,0.05471824,2.96043491,0.40378642,0.01835654,-0.38055447,2.96126056,0.03034830,-0.30187523,2.04949379,0.70441240,0.11055260,3.19763637,-1.66464317,0.28733698,2.79300189,-2.45909905
0.94997300,-0.04230249,-0.15476546,0.00815695,-0.04706781,0.11811686,0.07318124,0.35692810,-1.43157468,-0.04093071,1.09992425,-1.27886014,-0.00420784,0.62636268,-1.58543789,-0.17854654,1.39169190,-1.61060009,0.87214413,0.04586163,0.33071442,0.32568619,0.05369685,0.14938505,-0.29880394,0.31883283,-0.09939669,-0.30153967,-0.34619687,0.11354716,-0.26630380,-0.13141975,-0.12367030,-0.30876193,2.82518559,0.28159883,0.02047127,0.03263090,0.99924986,0.00398255,2.77010136,0.13271977,0.02688226,2.50729122,0.38395727,0.02414653,3.17031116,0.16483598,0.05938240,2.95775013,0.40404120,0.01692426,0.24320902,3.66067185,-1.72279916,0.02374975,1.81859910,-0.07843350,0.13994541,3.41548753,-1.59426916,0.61883563,1.28255214,-1.82627096
0.98967001,-0.02911567,-0.13327256,0.19626815,-0.22065594,0.01401548,0.08202531,0.43317837,-1.48269653,-0.03502108,1.13131673,-1.30735822,0.00094346,0.69325850,-1.61727979,-0.16323727,1.39286702,-1.65835056,0.87214413,0.04586163,0.33071442,0.32368804,0.04867757,0.14988527,-0.29322475,0.29994696,-0.09806265,-0.30200907,-0.33787139,0.11676942,-0.26121746,-0.14845501,-0.12343795,-0.30599044,2.80535145,0.28220913,0.01835372,0.03075632,0.99935102,0.00383758,2.75535603,0.13275828,0.03046329,2.50627956,0.38290902,0.02167897,3.14218159,0.16246928,0.06247058,2.95488758,0.40433515,0.01769760,0.45315249,3.81468005,-2.57809901,0.30330163,1.52721250,-1.47788846,0.26360127,3.32662416,-1.56033170,0.76871175,-0.02008581,-2.41664305
1.02002487,-0.00702524,-0.11152856,0.34902829,-0.34199385,-0.01415924,0.09345801,0.51225625,-1.53720953,-0.02776535,1.14773772,-1.36114953,0.00799683,0.75428848,-1.63696978,-0.14706767,1.36323304,-1.71153147,0.87214413,0.04586163,0.33071442,0.32204217,0.05292534,0.14990893,-0.28886909,0.28020497,-0.09711764,-0.30129353,-0.32157693,0.11907323,-0.25887197,-0.16573522,-0.12348999,-0.30346564,2.78493176,0.28244644,0.01502773,0.02736856,0.99950434,0.00402648,2.73067799,0.13301315,0.03317308,2.50559978,0.38204721,0.02074864,3.10543919,0.16052375,0.06317020,2.95175648,0.40446059,0.01857652,0.57562348,3.97783661,-2.71554828,0.36060715,0.75615686,-2.83652811,0.35961674,3.02917361,-0.92650644,0.81058693,-1.63210628,-2.65511060
1.02622647,0.01915639,-0.10067314,0.45572684,-0.37258793,0.04819663,0.10390663,0.59426130,-1.58796551,-0.02294537,1.15105612,-1.45336044,0.01596436,0.81108179,-1.64855554,-0.13047913,1.30426102,-1.76141078,0.87214413,0.04586163,0.33071442,0.32050767,0.06866867,0.14859027,-0.28416410,0.25948186,-0.09721161,-0.29996496,-0.29914407,0.12074564,-0.25892685,-0.18286518,-0.12388736,-0.30087706,2.76435833,0.28219354,0.01131213,0.02290414,0.99966689,0.00367905,2.69452152,0.13414869,0.03634357,2.50565014,0.38144577,0.02054271,3.06254215,0.15909563,0.06158082,2.94819355,0.40463684,0.01963061,0.50860187,4.10558128,-2.51032996,0.21882094,0.09978675,-4.84777837,0.40056975,2.81962371,-0.55623864,0.83150923,-3.09157400,-2.46488404
1.00459312,0.04189729,-0.08474185,0.47858874,-0.33023868,0.19244090,0.11084818,0.67148620,-1.62680733,-0.02347669,1.13697875,-1.56773770,0.02306993,0.86278850,-1.65246737,-0.11491232,1.22021329,-1.79948997,0.87214413,0.04586163,0.33071442,0.31913075,0.09347553,0.14559546,-0.27869791,0.23953405,-0.09845305,-0.29855356,-0.27276920,0.12193497,-0.26077057,-0.19926928,-0.12467948,-0.29851174,2.74416637,0.28144884,0.00791879,0.01813884,0.99980213,0.00199412,2.65006924,0.13625434,0.04043284,2.50505543,0.38092506,0.02057718,3.01641178,0.15834883,0.05836017,2.94396687,0.40527526,0.02061900,0.31892133,3.81077862,-1.83668363,-0.06899022,-0.84475988,-5.82190943,0.34556183,2.54448986,-0.13037682,0.76708221,-4.38165665,-1.80049884
0.96668414,0.05510681,-0.04492285,0.45116266,-0.20826065,0.39685497,0.11246513,0.73931090,-1.64444122,-0.03536160,1.08631699,-1.68130696,0.02861756,0.91113573,-1.64683895,-0.10222289,1.10896008,-1.81416111,0.87214413,0.04586163,0.33071442,0.31845919,0.12727737,0.13982294,-0.27323689,0.22085693,-0.10084281,-0.29809976,-0.24294228,0.12251610,-0.26486446,-0.21536500,-0.12574509,-0.29704471,2.72480297,0.28026035,-0.00572999,-0.01363979,-0.99988873,0.00190854,2.59803829,0.13997244,0.04522231,2.50357838,0.38029402,0.02035944,2.96819210,0.15863438,0.05359474,2.93970623,0.40679296,0.02141448,0.07283762,3.38403344,-0.85259199,-0.61035923,-2.61116552,-5.66371059,0.27697816,2.41745400,0.28881024,0.62976388,-5.59466839,-0.69839425
0.92550984,0.05986462,0.00371886,0.40382871,-0.04383457,0.62097174,0.10806968,0.80050029,-1.64105558,-0.05733364,0.97628872,-1.77500117,0.03503979,0.95980269,-1.63748078,-0.09339310,0.98042047,-1.80488234,0.87214413,0.04586163,0.33071442,0.31869680,0.17206550,0.13187353,-0.26784804,0.20230078,-0.10444451,-0.29888137,-0.21107253,0.12229457,-0.27054321,-0.23126225,-0.12629434,-0.29610399,2.70627422,0.27878487,-0.00510532,-0.00960035,-0.99990878,0.00801314,2.53633099,0.14418747,0.05084876,2.50233555,0.37999396,0.01981543,2.91926785,0.15986770,0.04815359,2.93549557,0.40874665,0.02259281,-0.23984732,3.02912211,0.23396443,-1.11890432,-5.70468931,-4.55971918,0.33187609,2.43608212,0.46825930,0.42643099,-6.43980312,0.52762555
0.89506843,0.05708394,0.04356881,0.34649098,0.09978251,0.80429781,0.09759310,0.85040461,-1.61825988,-0.08123278,0.80507334,-1.81524482,0.04484476,1.00846443,-1.62756112,-0.08980798,0.85035769,-1.77379375,0.87214413,0.04586163,0.33071442,0.31973877,0.22328650,0.12395928,-0.26275632,0.18486053,-0.10935118,-0.30070017,-0.18013373,0.12090876,-0.27691274,-0.24646890,-0.12556983,-0.29546782,2.68838482,0.27709746,-0.00590571,-0.00611307,-0.99983652,0.01595891,2.46915874,0.14609100,0.05698245,2.50013599,0.38050672,0.01903860,2.87227726,0.16198596,0.04282603,2.93073025,0.41045184,0.02427095,-0.54449046,2.44305959,1.20452061,-1.17362285,-8.76608715,-1.72765862,0.50254664,2.42756557,0.50089644,0.15692585,-6.49272432,1.64515400
0.87295894,0.04460324,0.07206035,0.26200163,0.17575832,0.86520432,0.08463072,0.89001278,-1.58488743,-0.09469686,0.61409675,-1.79059000,0.05818678,1.05651257,-1.61550324,-0.09188033,0.72190427,-1.72093768,0.87214413,0.04586163,0.33071442,0.32138714,0.27129788,0.11920242,-0.25848043,0.16885699,-0.11457150,-0.30284357,-0.15064336,0.11823485,-0.28410301,-0.26143924,-0.12340296,-0.29518222,2.67096539,0.27535642,-0.00750642,-0.00340707,-0.99966299,0.02461624,2.40585690,0.14295836,0.06290671,2.49667912,0.38148656,0.01854356,2.82724018,0.16467178,0.03728412,2.92602062,0.41146518,0.02620492,-0.65231580,1.92960324,1.70965421,-0.59018769,-9.54112282,1.59720184,0.69017297,2.40179205,0.61936278,-0.13786213,-6.41699171,2.76975327
0.85465948,0.02573055,0.09613599,0.15786165,0.23504778,0.77331824,0.07330633,0.92345172,-1.54479492,-0.09458631,0.43846121,-1.71375990,0.07260282,1.10215032,-1.59235668,-0.10088606,0.59443021,-1.64838302,0.87214413,0.04586163,0.33071442,0.32356924,0.31179955,0.11821957,-0.25640450,0.15346888,-0.11880803,-0.30521865,-0.12183550,0.11393440,-0.29202249,-0.27742964,-0.12034343,-0.29610147,2.65392971,0.27372003,-0.00970456,-0.00168470,-0.99942242,0.03252405,2.35047245,0.13548647,0.06716474,2.49306393,0.38230291,0.01835059,2.78291225,0.16794461,0.03154675,2.92295170,0.41183925,0.02746777,-0.54774106,1.63565743,2.05131054,0.09976610,-8.63221931,4.18102741,0.72000587,2.25809097,1.25998008,-0.50249797,-6.36674833,3.76124358
0.85101453,0.00682155,0.09562618,0.12599663,0.25529434,0.51548329,0.06792775,0.95132246,-1.50125082,-0.08454563,0.30858016,-1.60577352,0.08714065,1.14610276,-1.56189842,-0.11216653,0.49114926,-1.57454722,0.87214413,0.04586163,0.33071442,0.32589988,0.34024831,0.11966015,-0.25929973,0.13883076,-0.12111335,-0.30768468,-0.09835729,0.10918544,-0.29888630,-0.29428677,-0.11709672,-0.29705576,2.63702259,0.27229856,-0.01220211,-0.00039964,-0.99921151,0.03777968,2.30678158,0.12728704,0.06660016,2.48944263,0.38258265,0.01821520,2.74334393,0.17085207,0.02701358,2.92162685,0.41128329,0.02884412,-0.26182989,1.38950145,2.17782784,0.50831819,-6.42204056,5.40747166,0.72420132,2.19283962,1.52547300,-0.55957484,-5.11185994,3.67321992
0.85475379,-0.00229374,0.08041796,0.15898667,0.27281782,0.20816863,0.06694674,0.97697756,-1.45852654,-0.06973250,0.22819554,-1.49777792,0.09950521,1.18884926,-1.53294954,-0.11984108,0.42620217,-1.51651371,0.87214413,0.04586163,0.33071442,0.32803662,0.35665253,0.12193133,-0.26660686,0.12470655,-0.12233790,-0.30959559,-0.08358072,0.10525362,-0.30467250,-0.31054530,-0.11478963,-0.29683171,2.62003803,0.27097380,-0.01485771,0.00123078,-0.99908686,0.04003967,2.27429485,0.12087406,0.06142977,2.48593540,0.38293259,0.01844103,2.71177883,0.17275115,0.02336413,2.92039394,0.41026260,0.03120492,-0.04057055,1.28077543,2.12490177,0.75695922,-3.88432541,5.35910606,0.60994728,2.14917755,1.41954935,-0.36991031,-3.12495112,2.83650241
0.85921713,-0.00003688,0.04337989,0.22072415,0.27127220,-0.03770593,0.06790961,1.00080752,-1.41832337,-0.04947680,0.19130501,-1.40580182,0.10872621,1.23232415,-1.51103482,-0.12280382,0.40263519,-1.48207943,0.87214413,0.04586163,0.33071442,0.32957360,0.36227519,0.12548907,-0.27640908,0.11126864,-0.12340786,-0.31065617,-0.07836637,0.10239334,-0.30969890,-0.32567973,-0.11392403,-0.29471016,2.60296001,0.26960748,-0.01750225,0.00349395,-0.99904586,0.03986008,2.25185642,0.11560396,0.05316453,2.48219662,0.38374079,0.01891743,2.68924885,0.17379557,0.01987470,2.91850796,0.40916201,0.03486344,0.05062240,1.17720575,2.00757115,1.03460462,-1.67939646,4.51995687,0.44617562,2.15732288,1.08118339,-0.12865340,-1.00935453,1.61606734
0.86531454,0.00932166,-0.01585791,0.26195609,0.22051282,-0.17563996,0.06875185,1.02423952,-1.38162665,-0.02658745,0.19073198,-1.33930073,0.11418930,1.27271817,-1.49940934,-0.12264295,0.42507298,-1.48826454,0.87214413,0.04586163,0.33071442,0.33006199,0.35868230,0.12994617,-0.28695910,0.09807200,-0.12483927,-0.31076056,-0.08304455,0.10060540,-0.31190342,-0.33808146,-0.11447025,-0.29098311,2.58573818,0.26811461,-0.01966826,0.00619815,-0.99905504,0.03825924,2.23808689,0.11102361,0.04310289,2.47837429,0.38505885,0.01930143,2.67625904,0.17417943,0.01815857,2.91403713,0.40819426,0.03907888,0.03842693,1.18191209,1.80235851,1.14898465,0.16939363,3.14915209,0.25044946,2.00531378,0.49293420,0.01979577,1.41294256,-0.60980275
0.88034405,0.01945731,-0.07804639,0.26043040,0.12436572,-0.19160781,0.06908928,1.05065119,-1.35127139,-0.00853757,0.22405621,-1.31040883,0.11560491,1.31292510,-1.51195621,-0.12087636,0.48429438,-1.52591825,0.87214413,0.04586163,0.33071442,0.32938549,0.34706646,0.13340394,-0.29626782,0.08446570,-0.12648789,-0.30956167,-0.09594775,0.09968492,-0.31158900,-0.34581085,-0.11625626,-0.28466541,2.56820774,0.26648438,-0.02094098,0.00890164,-0.99907875,0.03638523,2.23182774,0.10805386,0.03311767,2.47471714,0.38645583,0.01982382,2.67118931,0.17408389,0.01779649,2.90458965,0.40772131,0.04472008,0.01366585,1.34522426,1.47058713,0.85184079,1.90616179,1.15645397,0.04165828,2.01566935,-0.82489723,0.09851038,3.18337965,-2.04709768
0.90990616,0.02176907,-0.12652276,0.15908534,-0.02249730,-0.09176894,0.06852721,1.08795025,-1.34259970,-0.00633187,0.29297658,-1.33488824,0.10859425,1.35513844,-1.56831172,-0.11885141,0.56409333,-1.57407982,0.87214413,0.04586163,0.33071442,0.32759938,0.32832099,0.13295381,-0.30190599,0.07087318,-0.12787005,-0.30539614,-0.11440061,0.09970909,-0.30968798,-0.34555265,-0.11981866,-0.27421332,2.55001850,0.26480035,-0.02068898,0.01054613,-0.99910096,0.03546851,2.23202343,0.10875380,0.02569338,2.47020016,0.38728622,0.02220323,2.67124348,0.17351010,0.01791140,2.88613873,0.40897503,0.05338606,-0.03244740,1.86150873,0.41200590,0.09282128,3.47322378,-1.27115097,-0.36897181,2.06991272,-2.81223083,0.09999757,3.99528179,-2.39800196
0.95287220,0.01357596,-0.14015419,0.00045717,-0.18624217,0.02532728,0.06541540,1.11474435,-1.34554899,-0.01439156,0.37706127,-1.38756173,0.08868747,1.36623764,-1.62241309,-0.11781956,0.64474988,-1.61461427,0.87214413,0.04586163,0.33071442,0.32549893,0.30694482,0.13044417,-0.30426416,0.06213382,-0.12898294,-0.30183077,-0.13438272,0.10040175,-0.30729656,-0.33834185,-0.12528399,-0.26669582,2.53098469,0.26320869,-0.01893705,0.01057953,-0.99912753,0.03568806,2.23419247,0.11107329,0.02123477,2.45975475,0.38740010,0.02366817,2.67222614,0.17270964,0.01820237,2.85946331,0.41245039,0.05880312,-0.15936863,1.25187627,-0.15578126,-0.41831981,4.21984987,-2.67971253,-1.03210593,0.44758987,-2.71024680,0.04791301,4.01472950,-2.00083489
0.99215393,-0.00440802,-0.13030948,-0.16758982,-0.40144781,0.08606263,0.06469989,1.12301586,-1.38525126,-0.02504496,0.46311902,-1.44928923,0.05733267,1.33982568,-1.67752411,-0.11767676,0.71703709,-1.64346447,0.87214413,0.04586163,0.33071442,0.32347190,0.28508604,0.12837395,-0.30440550,0.06551878,-0.12824994,-0.29924885,-0.15408890,0.10183296,-0.30428969,-0.32255665,-0.13232599,-0.26187970,2.51117153,0.26185710,-0.01518501,0.00888687,-0.99917736,0.03653830,2.23626499,0.11292653,0.01906640,2.43642597,0.38495811,0.02422304,2.67231197,0.17159582,0.01918220,2.82315807,0.41747638,0.06159219,-0.00425649,0.40400645,-2.33600935,-0.52793704,4.29138660,-3.08483768,-1.60868607,-1.48096991,-2.75529075,0.00560814,3.56686282,-1.37744231
1.02204684,-0.02814295,-0.09721429,-0.30429369,-0.61966035,0.04575021,0.07244781,1.11608012,-1.49175861,-0.02848882,0.53745363,-1.49903927,0.02265388,1.28249292,-1.72613757,-0.11795892,0.77510794,-1.65486078,0.87214413,0.04586163,0.33071442,0.32184169,0.26465105,0.12951638,-0.30419843,0.08551493,-0.12428297,-0.29466524,-0.17284786,0.10382356,-0.30157408,-0.30152261,-0.13935668,-0.25877898,2.49077282,0.26087668,-0.00933826,0.00575713,-0.99925192,0.03708450,2.23646641,0.11207171,0.01764326,2.39626789,0.37846868,0.02717645,2.67085094,0.17017066,0.02026761,2.78111858,0.42223190,0.06306271,0.44051150,-0.48929067,-5.64252191,-0.10483031,3.61099949,-2.36926455,-1.72623339,-3.01547365,-2.36595721,-0.01682585,2.80887628,-0.46034429
1.04418066,-0.04869536,-0.05197553,-0.36874468,-0.69569215,-0.08855428,0.08523928,1.07737303,-1.62249887,-0.02267323,0.59420496,-1.52788007,-0.00519239,1.20771515,-1.76207781,-0.11798631,0.82061303,-1.65293097,0.87214413,0.04586163,0.33071442,0.32082200,0.24689856,0.13388649,-0.30458502,0.11770633,-0.11871109,-0.28905928,-0.19020655,0.10617871,-0.29922140,-0.27910036,-0.14434976,-0.25708403,2.46992779,0.26027825,-0.00258506,0.00189531,-0.99933186,0.03640814,2.23342800,0.10877794,0.01623698,2.34389400,0.37010807,0.03176272,2.66735744,0.16822404,0.02160060,2.73778248,0.42455769,0.06373797,0.66345108,-2.18181610,-6.62076426,0.34969252,2.71459913,-1.29206645,-1.32784140,-3.83892035,-1.70263755,0.00253737,2.19692945,0.17501591
1.04485509,-0.06477698,-0.01834029,-0.40583153,-0.60836619,-0.29320235,0.09931075,0.99298843,-1.74105227,-0.01045067,0.63708019,-1.53765557,-0.01973624,1.12153652,-1.78607903,-0.11867117,0.86330193,-1.65058210,0.87214413,0.04586163,0.33071442,0.32029483,0.23160327,0.14034160,-0.30531039,0.15775731,-0.11324523,-0.28176012,-0.20634905,0.10862892,-0.29609889,-0.25561784,-0.14585946,-0.25714265,2.44898548,0.26015381,0.00339804,-0.00236093,-0.99942875,0.03354186,2.22731533,0.10459617,0.01498444,2.28398876,0.36256443,0.03853472,2.66215496,0.16560781,0.02419594,2.69424610,0.42282739,0.06315219,0.69452632,-4.29458618,-5.88357306,0.61662815,2.13588808,-0.47025628,-0.71077642,-4.32545462,-1.18608989,-0.03083870,2.12799952,0.12519263
1.02475815,-0.07804099,0.02362537,-0.45463077,-0.44900708,-0.52778284,0.10583086,0.85711209,-1.82390029,0.00580601,0.67528784,-1.53435290,-0.02317569,1.02185676,-1.79878516,-0.11739642,0.90273713,-1.64252155,0.87214413,0.04586163,0.33071442,0.32038558,0.21690308,0.14823009,-0.30594532,0.20322065,-0.11024187,-0.27306885,-0.22151695,0.11183115,-0.29345714,-0.22972284,-0.14430614,-0.25914992,2.42839832,0.26052377,0.00781715,-0.00706456,-0.99954111,0.02840003,2.22027950,0.10019391,0.01444026,2.21923504,0.35902566,0.04731673,2.65591869,0.16147606,0.02692843,2.64953938,0.41766536,0.06123565,0.29572837,-6.93195133,-4.00582943,0.82567465,1.90307367,0.20332289,-0.14300699,-5.03638411,-0.59221025,0.06631126,1.97145140,0.42140003
0.99146207,-0.08582719,0.07401190,-0.45257256,-0.26296881,-0.74969330,0.10141657,0.68705270,-1.85642347,0.02705111,0.71068492,-1.51676097,-0.01642453,0.90471354,-1.79395776,-0.11455348,0.94092696,-1.62659931,0.87214413,0.04586163,0.33071442,0.32134092,0.20192942,0.15766002,-0.30660305,0.24884184,-0.11043756,-0.26349629,-0.23665402,0.11537267,-0.29182829,-0.20079791,-0.14005004,-0.26329686,2.40842724,0.26138978,0.01043461,-0.01176048,-0.99965389,0.02109288,2.21336842,0.09530478,0.01473787,2.15512409,0.36117069,0.05784463,2.64976292,0.15616112,0.02951263,2.60310268,0.40983265,0.05804407,-0.26950423,-8.56853027,-1.39605320,1.08645811,1.75636542,0.94611018,0.38153333,-5.92700195,0.33051249,0.15268080,1.89765418,0.83798358
0.95359740,-0.09219087,0.11316431,-0.41837444,-0.03628234,-0.92096747,0.08304617,0.51687996,-1.83887320,0.05296102,0.74287999,-1.48390236,0.00038619,0.77780304,-1.76744785,-0.11073869,0.97891493,-1.60621324,0.87214413,0.04586163,0.33071442,0.32306187,0.18658438,0.16845831,-0.30720446,0.28916486,-0.11405395,-0.25444275,-0.25141009,0.11893778,-0.29100803,-0.17055191,-0.13315265,-0.26940017,2.38918514,0.26277443,0.01086437,-0.01609806,-0.99973827,0.01209163,2.20678959,0.08978948,0.01585741,2.09730930,0.36970018,0.06861912,2.64343739,0.15004012,0.03205383,2.55641918,0.40007104,0.05366170,-1.00929101,-8.44420853,1.14814273,1.31793990,1.59122145,1.72908342,0.89715613,-6.37335606,1.45317782,0.18992470,1.90921700,1.02207041
0.92287351,-0.10710838,0.12112335,-0.40153141,0.20388412,-0.99628434,0.05094425,0.37068653,-1.78480256,0.07405376,0.77801055,-1.44362497,0.02430246,0.65417504,-1.71935022,-0.10956769,1.02495062,-1.59377325,0.87214413,0.04586163,0.33071442,0.32505012,0.16999066,0.17782421,-0.30744141,0.32228206,-0.12040131,-0.24718075,-0.26591465,0.12171440,-0.28936614,-0.14162066,-0.12413834,-0.27720945,2.37059307,0.26482043,0.00895142,-0.02021984,-0.99975287,0.00228605,2.20148182,0.08615969,0.01760870,2.04772091,0.38363022,0.07786936,2.63710499,0.14441946,0.03568397,2.51159954,0.38965598,0.04784067,-1.69702578,-7.10209227,2.93342090,0.99524343,1.79514873,2.04498053,1.23855853,-6.13465881,2.55691743,0.03251910,2.37735248,0.54115534
0.91944465,-0.13015516,0.09803423,-0.39868874,0.44489621,-0.90896281,0.01278247,0.25710295,-1.69321859,0.08275397,0.81878356,-1.39671159,0.04843022,0.54645639,-1.65485494,-0.11382148,1.09216835,-1.59489448,0.87214413,0.04586163,0.33071442,0.32673229,0.15137555,0.18354074,-0.30767531,0.34810254,-0.12746385,-0.24530828,-0.28241414,0.12319509,-0.28549507,-0.11599549,-0.11470994,-0.28604459,2.35222950,0.26773791,-0.00437685,0.02427658,0.99967307,0.00672665,2.19843769,0.08621700,0.01905698,2.00584469,0.39979841,0.08142401,2.63298817,0.14081532,0.04123722,2.46973324,0.38090238,0.04068770,-1.90074267,-5.63233376,4.62872162,0.42103902,2.04284835,2.36102910,1.19539497,-5.33619556,3.22044301,-0.21864141,3.38121247,-0.05336380
0.93352792,-0.15515938,0.04876031,-0.42585957,0.63666495,-0.72392684,-0.01815792,0.18281783,-1.57555120,0.08284488,0.86111299,-1.34023428,0.06481041,0.47887105,-1.59886072,-0.12197953,1.17043898,-1.59135416,0.87214413,0.04586163,0.33071442,0.32765795,0.13100598,0.18677537,-0.30802843,0.36508241,-0.13225791,-0.25207907,-0.30153848,0.12383190,-0.28125481,-0.09879154,-0.10690202,-0.29431536,2.33367252,0.27137316,0.00209109,0.02858275,0.99949250,0.01390655,2.19750309,0.08832811,0.01962952,1.97242489,0.41377214,0.07557888,2.63163624,0.13917098,0.04640314,2.43541012,0.37547539,0.03334259,-1.51153631,-3.55549650,5.89658642,-0.01169103,2.11104655,2.84270501,0.79649856,-3.22661743,2.73630366,-0.41718459,3.92242942,0.21014214
0.94913251,-0.17944286,-0.01663481,-0.46064293,0.70145548,-0.55050685,-0.03892851,0.15885025,-1.46326256,0.07779327,0.90230678,-1.28225737,0.07378032,0.46731172,-1.57111959,-0.13256733,1.24723456,-1.58371973,0.87214413,0.04586163,0.33071442,0.32749460,0.11045479,0.18845384,-0.30755282,0.36963568,-0.13444544,-0.26576958,-0.32031528,0.12408790,-0.27676032,-0.09403285,-0.10083738,-0.30136047,2.31485844,0.27562777,0.00916194,0.03324969,0.99921803,0.01933494,2.19709110,0.09165505,0.01994179,1.95078526,0.42447948,0.06172502,2.63005581,0.13906167,0.05073428,2.41277714,0.37269621,0.02613413,-1.00779790,-1.01272273,5.53420925,-0.27153269,2.05918336,2.87616181,0.41941457,-0.32300519,1.23133990,-0.53512322,3.80723176,0.35641050
0.95842404,-0.19371960,-0.06552579,-0.44203482,0.65322620,-0.46794567,-0.05158089,0.17022110,-1.38110223,0.06954031,0.94313618,-1.23640399,0.07720076,0.50720160,-1.57935719,-0.14217423,1.31316483,-1.58545890,0.87214413,0.04586163,0.33071442,0.32653925,0.09172866,0.18868817,-0.30539760,0.36512595,-0.13476856,-0.27995431,-0.33409067,0.12461668,-0.27166854,-0.10068835,-0.09666961,-0.30593889,2.29587116,0.28029143,0.01586608,0.03779291,0.99887398,0.02389001,2.19501667,0.09631931,0.02114165,1.93777943,0.43277040,0.04658493,2.62346172,0.13947128,0.05487070,2.40117054,0.37191675,0.02060036,-0.58216840,0.73627062,3.88695545,-0.42570928,2.03833222,2.19411702,0.14460825,2.25402454,-0.61595103,-0.46480302,3.22040725,-0.15538359
0.96832182,-0.19084209,-0.10636915,-0.31697147,0.42183260,-0.48608769,-0.05124941,0.21138847,-1.35091209,0.06270820,0.98519808,-1.21078646,0.07850960,0.57179564,-1.60861516,-0.14730662,1.36237717,-1.59973049,0.87214413,0.04586163,0.33071442,0.32494289,0.07524290,0.18824125,-0.30136529,0.35370748,-0.13217612,-0.29065333,-0.34166824,0.12565422,-0.26620078,-0.11350234,-0.09418297,-0.30767123,2.27670193,0.28505278,0.02054076,0.04118609,0.99853140,0.02858011,2.19051838,0.10156256,0.02357760,1.93138027,0.43780243,0.03428956,2.61038876,0.13952178,0.05874211,2.39554691,0.37239739,0.01727166,0.12118734,2.27246928,1.10033512,-0.32086638,2.11698890,1.12779379,0.05753293,3.34697819,-1.57106626,-0.21964519,2.33149028,-0.80469126
0.99315992,-0.17221192,-0.12816716,-0.11216310,0.04360069,-0.58796177,-0.03238176,0.28413736,-1.38320138,0.06144470,1.01994812,-1.20264571,0.08119716,0.64483258,-1.64976633,-0.14710531,1.38393812,-1.62685447,0.87214413,0.04586163,0.33071442,0.32287874,0.06242671,0.18795078,-0.29718245,0.33546230,-0.12551688,-0.29677499,-0.34137574,0.12659804,-0.26140220,-0.12960633,-0.09314611,-0.30565903,2.25703487,0.28967209,0.02128389,0.04225364,0.99828682,0.03442443,2.18149738,0.10659648,0.02569628,1.93126888,0.43855448,0.02610374,2.58862324,0.13929385,0.06147654,2.39289265,0.37343763,0.01721971,0.95728097,3.66739035,-1.66860566,-0.05680395,1.72765005,0.37562085,0.13481819,3.64462757,-2.03852031,0.01623183,1.04047956,-1.37657535
1.02749003,-0.13987967,-0.11642080,0.10161393,-0.24770851,-0.66809966,-0.00564437,0.37262344,-1.44661767,0.06250392,1.04912260,-1.22057083,0.08388534,0.71253625,-1.67859113,-0.14264791,1.37851539,-1.66664858,0.87214413,0.04586163,0.33071442,0.32101918,0.05537827,0.18689656,-0.29305794,0.31383993,-0.11809849,-0.29936014,-0.33312759,0.12724352,-0.25798244,-0.14686761,-0.09335203,-0.30339162,2.23673611,0.29400569,0.01923246,0.04111993,0.99812102,0.04115454,2.16589298,0.11240632,0.02796124,1.93389492,0.43798475,0.02165904,2.55803089,0.13929769,0.06303673,2.39090900,0.37472380,0.01762756,1.34607372,4.43194571,-3.21137786,0.04433302,1.45222795,-0.99983018,0.13221501,3.36794519,-1.41316640,0.23459939,-0.35313320,-2.01452343
1.05747215,-0.09692848,-0.09381002,0.29638536,-0.38258159,-0.65764640,0.02307311,0.46256456,-1.51695442,0.05829062,1.07655165,-1.28065617,0.08557643,0.77337716,-1.69566851,-0.13351630,1.34514670,-1.71151958,0.87214413,0.04586163,0.33071442,0.31956388,0.05718330,0.18289707,-0.28868668,0.29215453,-0.11165111,-0.29923664,-0.31762864,0.12788741,-0.25677296,-0.16403903,-0.09492370,-0.30108007,2.21585178,0.29788411,0.01587944,0.03803149,0.99800324,0.04786429,2.14123554,0.12138005,0.03087721,1.93587475,0.43728677,0.02032724,2.51961193,0.13985590,0.06279093,2.38830776,0.37648594,0.01848382,1.43726654,4.49632301,-3.50491452,-0.24613423,1.36698949,-3.21872087,0.07897129,3.00789404,-0.79254193,0.47986377,-1.78390074,-2.24468279
1.06414400,-0.04910679,-0.08171755,0.46761664,-0.41764837,-0.53086192,0.04852556,0.55046304,-1.57803359,0.04675688,1.09785030,-1.38458507,0.08616837,0.82502465,-1.69979024,-0.11936972,1.28876696,-1.75218019,0.87214413,0.04586163,0.33071442,0.31829832,0.06988166,0.17568136,-0.28380494,0.27059327,-0.10740952,-0.29825515,-0.29751563,0.12885887,-0.25737369,-0.18025336,-0.09765895,-0.29930965,2.19475574,0.30111958,0.01214841,0.03325727,0.99794382,0.05342747,2.10639896,0.13396556,0.03449338,1.93727245,0.43698672,0.02004317,2.47670040,0.14103406,0.06092463,2.38446026,0.37884180,0.01898867,1.23857994,4.37523022,-2.97330499,-0.61442234,1.00809138,-5.42042646,0.02418861,2.52459145,-0.13785696,0.73419549,-2.93363123,-1.98979416
1.04411225,-0.00852226,-0.06950846,0.56113990,-0.37638287,-0.31861484,0.06641407,0.62947774,-1.62090003,0.03043978,1.10140681,-1.50664663,0.08613681,0.86846918,-1.69531798,-0.10326862,1.21591914,-1.78362644,0.87214413,0.04586163,0.33071442,0.31717551,0.09140643,0.16677561,-0.27888893,0.25051737,-0.10596172,-0.29734072,-0.27491941,0.12982642,-0.25918862,-0.19502680,-0.10105191,-0.29794271,2.17394543,0.30369085,0.00873254,0.02751903,0.99795807,0.05697482,2.06408978,0.14844596,0.03828658,1.93716908,0.43757063,0.01983479,2.43223858,0.14331558,0.05798689,2.37923717,0.38180768,0.01923279,0.83580691,3.87174344,-2.00152159,-0.84482056,0.02882480,-6.17241335,-0.00510871,2.11908817,0.27543783,0.81116700,-3.74974942,-1.50178659
1.00794722,0.01506132,-0.03471407,0.55052858,-0.26803776,-0.06460755,0.07549451,0.69592621,-1.64192934,0.00479690,1.07343249,-1.62711713,0.08560402,0.90794908,-1.68393779,-0.08933027,1.12459590,-1.80043118,0.87214413,0.04586163,0.33071442,0.31667721,0.12083328,0.15577052,-0.27412769,0.23264223,-0.10683456,-0.29706542,-0.24962076,0.13027320,-0.26245474,-0.20910482,-0.10446619,-0.29724796,2.15385647,0.30570097,0.00635810,0.02185184,0.99807357,0.05771668,2.01584110,0.16492848,0.04254951,1.93510990,0.43868958,0.01961178,2.38676090,0.14746964,0.05422247,2.37362728,0.38531756,0.01942924,0.44553608,3.31320167,-1.02794828,-1.29993982,-1.46208425,-6.02211523,-0.02657184,1.97258794,0.57959031,0.69266871,-4.59660950,-0.81509108
0.96700556,0.02682261,0.01196834,0.51028995,-0.13913925,0.19251204,0.07876003,0.75594251,-1.64584436,-0.03321069,0.99400952,-1.73929484,0.08609315,0.94806591,-1.66878395,-0.07872841,1.01455123,-1.79911535,0.87214413,0.04586163,0.33071442,0.31704020,0.16123041,0.14227000,-0.26890444,0.21528241,-0.10891654,-0.29765589,-0.22149649,0.13010930,-0.26725196,-0.22337398,-0.10729512,-0.29704973,2.13453732,0.30735645,0.00513886,0.01666131,0.99828237,0.05593128,1.95840626,0.18401203,0.04813576,1.93278751,0.43966800,0.01938431,2.34009190,0.15329010,0.04978824,2.36851025,0.38899496,0.01999047,0.14755752,2.98260188,-0.14219283,-1.93504639,-4.16879344,-5.53300333,0.03433701,2.01924555,0.74252552,0.51797020,-5.53720760,0.12126730
0.93104781,0.02873051,0.06134282,0.46457557,0.00902255,0.41132467,0.07654053,0.80842708,-1.63211188,-0.07824526,0.84948319,-1.80877106,0.08955260,0.99072158,-1.65541489,-0.07285315,0.89589113,-1.77824419,0.87214413,0.04586163,0.33071442,0.31837422,0.21008509,0.12790729,-0.26372422,0.19840595,-0.11209977,-0.29920238,-0.19257656,0.12895400,-0.27312535,-0.23741620,-0.10902681,-0.29673035,2.11592007,0.30876324,0.00530815,0.01199278,0.99856326,0.05195584,1.89368305,0.20337477,0.05465001,1.93023434,0.44086959,0.01917184,2.29405689,0.16049950,0.04524887,2.36337872,0.39253385,0.02164388,-0.13438823,2.58533669,0.75598239,-2.25266428,-7.48205986,-3.19855909,0.18291502,2.13136411,0.68093771,0.27074269,-5.94921007,1.12815990
0.90538595,0.01927618,0.09484995,0.39324713,0.13067280,0.51539350,0.07055693,0.85274302,-1.60600219,-0.11450803,0.67049111,-1.81137044,0.09663241,1.03336792,-1.63803494,-0.07253373,0.77473184,-1.73736708,0.87214413,0.04586163,0.33071442,0.32043838,0.25789802,0.11669580,-0.25930097,0.18244543,-0.11589625,-0.30118059,-0.16402278,0.12660293,-0.27993219,-0.25159390,-0.10924543,-0.29715745,2.09783077,0.31010359,0.00663833,0.00806292,0.99884775,0.04684122,1.83013401,0.21808325,0.06113741,1.92704601,0.44258318,0.01925779,2.24927082,0.16869041,0.04050619,2.35855312,0.39529696,0.02328092,-0.31340760,2.17300196,1.35989847,-1.72448483,-9.03851757,0.26354737,0.38025120,2.13364291,0.89662164,-0.01656729,-6.06675081,2.15931251
0.88670774,0.00113303,0.11446498,0.29105580,0.21910900,0.47745147,0.06402328,0.89120108,-1.57128441,-0.13277549,0.49851510,-1.75516081,0.10505511,1.07641971,-1.60999227,-0.07936937,0.65021139,-1.67627406,0.87214413,0.04586163,0.33071442,0.32297114,0.29859679,0.11057075,-0.25701860,0.16690970,-0.11928040,-0.30348212,-0.13524737,0.12265268,-0.28763773,-0.26746940,-0.10841498,-0.29875383,2.08014774,0.31156722,0.00881526,0.00513622,0.99906744,0.04195433,1.77332401,0.22644886,0.06595254,1.92383862,0.44443601,0.01948902,2.20462322,0.17799556,0.03533341,2.35577297,0.39715004,0.02421731,-0.32506940,1.88572156,1.79476249,-0.77774626,-8.48418236,3.20181346,0.42143357,2.15598106,1.49494874,-0.39706346,-6.25523996,3.19908118
0.87958009,-0.02000615,0.11042362,0.23360971,0.25016928,0.27952349,0.06137022,0.92492207,-1.53014612,-0.13230982,0.36319190,-1.66056378,0.11478249,1.12063611,-1.57464986,-0.09145992,0.53913302,-1.60623462,0.87214413,0.04586163,0.33071442,0.32558060,0.32878090,0.10913310,-0.25876882,0.15140334,-0.12113783,-0.30609471,-0.10954478,0.11749383,-0.29477955,-0.28507546,-0.10686752,-0.30033642,2.06269665,0.31334276,0.01139510,0.00292954,0.99916788,0.03905264,1.72639446,0.23022987,0.06681178,1.92122021,0.44593899,0.01948588,2.16272717,0.18764966,0.03080105,2.35524998,0.39761156,0.02524418,-0.12601061,1.68197167,2.05820990,0.03883284,-6.70425186,4.74866819,0.48615572,2.21129465,1.76105678,-0.60364130,-5.51044207,3.49095273
0.88313320,-0.03285805,0.08767006,0.23465550,0.26075054,0.01378336,0.06277096,0.95622305,-1.48939624,-0.12113492,0.27213554,-1.55897391,0.12395697,1.16576326,-1.54457645,-0.10210806,0.46025125,-1.54684756,0.87214413,0.04586163,0.33071442,0.32785594,0.34819404,0.11001061,-0.26439271,0.13631988,-0.12181952,-0.30817060,-0.09105699,0.11268213,-0.30053530,-0.30207781,-0.10570003,-0.30026481,2.04520016,0.31535962,0.01408715,0.00070724,0.99914984,0.03873831,1.68953075,0.23265110,0.06346324,1.91872616,0.44737263,0.01968534,2.12725506,0.19596267,0.02732064,2.35455799,0.39734274,0.02759114,0.07736402,1.56123793,2.02713342,0.58808896,-4.41968718,5.05533552,0.45426247,2.26309052,1.48129737,-0.52241237,-3.83950262,2.91792417
0.88786895,-0.03143184,0.05210808,0.26378527,0.24932171,-0.21213387,0.06567721,0.98422245,-1.44975927,-0.10077048,0.22389986,-1.46712656,0.13030513,1.20966222,-1.51951175,-0.10859419,0.41909595,-1.50624499,0.87214413,0.04586163,0.33071442,0.32955380,0.35709593,0.11310939,-0.27281878,0.12204572,-0.12228014,-0.30957153,-0.08130862,0.10890796,-0.30536761,-0.31787472,-0.10571367,-0.29868331,2.02760487,0.31742557,0.01670728,-0.00183373,0.99903181,0.04065637,1.66250210,0.23369262,0.05673502,1.91589375,0.44921409,0.01998227,2.09979954,0.20227364,0.02418619,2.35301533,0.39697272,0.03087049,0.14571340,1.37457550,1.99144073,1.05142953,-2.24983823,4.54325705,0.29806725,2.16920033,1.24789369,-0.30267591,-1.88967192,1.94514067
0.89054316,-0.01860284,0.00215000,0.28569584,0.19613480,-0.35026436,0.06815075,1.00937747,-1.41102016,-0.07503879,0.21025617,-1.39275460,0.13187511,1.24906323,-1.50051041,-0.11007924,0.41641808,-1.48813262,0.87214413,0.04586163,0.33071442,0.33039035,0.35707449,0.11784739,-0.28279925,0.10824289,-0.12309528,-0.31036908,-0.08081770,0.10649180,-0.30955748,-0.33145103,-0.10733846,-0.29582282,2.00991993,0.31937739,0.01884781,-0.00464206,0.99884337,0.04399007,1.64388027,0.23332412,0.04759110,1.91289845,0.45149781,0.02002127,2.08107929,0.20620341,0.02083287,2.34951267,0.39721118,0.03456753,0.11894899,1.25470150,1.91838446,1.30704942,-0.49821063,3.59295397,0.05005771,1.95081844,0.89477484,-0.04587230,0.08278799,0.76570413
0.89459443,-0.00022088,-0.05741645,0.28611602,0.11795531,-0.38882736,0.07006699,1.03552723,-1.37764990,-0.04978086,0.22704341,-1.34580159,0.12918642,1.28717983,-1.49704635,-0.10853700,0.45310614,-1.50560355,0.87214413,0.04586163,0.33071442,0.33014038,0.34939094,0.12292042,-0.29245616,0.09449094,-0.12422943,-0.31000182,-0.08889695,0.10525082,-0.31095126,-0.34183238,-0.11031888,-0.29089436,1.99210072,0.32113305,0.02024621,-0.00752048,0.99862382,0.04779126,1.63259220,0.23204273,0.03768422,1.90986919,0.45379603,0.02013856,2.07057095,0.20789513,0.01918913,2.34288502,0.39839888,0.03924602,0.09260281,1.31896007,1.62410963,1.24792647,1.05168426,2.13628292,-0.16280024,1.90260160,0.04547596,0.09319469,2.11972117,-1.15942228
0.90985679,0.01350903,-0.11190449,0.20800603,0.01553513,-0.31425960,0.07189623,1.07035015,-1.36112933,-0.03678788,0.27924730,-1.34423420,0.12180953,1.33018568,-1.53119013,-0.10568642,0.52250794,-1.54901643,0.87214413,0.04586163,0.33071442,0.32868590,0.33388301,0.12522563,-0.29964891,0.08055461,-0.12512503,-0.30707426,-0.10454656,0.10512309,-0.30974621,-0.34619061,-0.11438309,-0.28196829,1.97391224,0.32275459,0.02051346,-0.00968995,0.99844495,0.05092141,1.62905445,0.23202187,0.02903699,1.90645733,0.45540131,0.02161164,2.06726322,0.20757455,0.01893969,2.32991505,0.40145292,0.04671760,0.08975627,1.75718870,0.78625346,0.62775261,2.65229836,0.01142979,-0.37699580,2.15600104,-1.77777658,0.14228840,3.49368439,-2.18172450
0.94211794,0.01688157,-0.14068220,0.05691842,-0.12305917,-0.19114972,0.07186268,1.10415075,-1.35895696,-0.03751341,0.35583688,-1.38316052,0.10699324,1.36507752,-1.59881990,-0.10338686,0.60408889,-1.59549999,0.87214413,0.04586163,0.33071442,0.32662670,0.31385458,0.12440067,-0.30317418,0.06898850,-0.12585808,-0.30317993,-0.12396519,0.10570242,-0.30731816,-0.34205888,-0.11954007,-0.27105568,1.95509434,0.32445383,0.01938460,-0.01046470,0.99835804,0.05287676,1.62988911,0.23377980,0.02345252,1.89973660,0.45687433,0.02344677,2.06724491,0.20629030,0.01930854,2.30783558,0.40732555,0.05557102,-0.01177677,1.59959219,0.16401242,-0.06398002,3.86281643,-2.01655467,-0.77445197,1.63490851,-3.36340976,0.11067143,4.08286762,-2.29948125
0.98636300,0.00804626,-0.13791477,-0.14897581,-0.31092089,-0.09094430,0.07056419,1.11808286,-1.37609556,-0.04501994,0.43990250,-1.43836346,0.08056548,1.35776603,-1.66050205,-0.10296417,0.68301271,-1.62986517,0.87214413,0.04586163,0.33071442,0.32452542,0.29222197,0.12276694,-0.30435188,0.06639358,-0.12581078,-0.30094163,-0.14473797,0.10669211,-0.30471197,-0.32938340,-0.12600527,-0.26426983,1.93545856,0.32643187,0.01638406,-0.00933363,0.99837154,0.05383979,1.63175449,0.23571671,0.02017354,1.88294239,0.45863819,0.02358379,2.06791782,0.20483075,0.01981345,2.27645702,0.41638076,0.06025559,-0.05737567,0.67879623,-1.16082704,-0.38772961,4.21136627,-2.78243470,-1.37022746,-0.56824059,-3.06078792,0.01097908,3.91197872,-1.64646857
1.02906675,-0.01091885,-0.11980389,-0.34287336,-0.53458238,-0.08981570,0.07448195,1.11839390,-1.46307423,-0.05169949,0.51929500,-1.49390807,0.04796251,1.31267607,-1.71669502,-0.10423229,0.75008732,-1.64831662,0.87214413,0.04586163,0.33071442,0.32258007,0.27101720,0.12256165,-0.30426995,0.08056871,-0.12337156,-0.29658465,-0.16510560,0.10802842,-0.30195745,-0.30975616,-0.13284485,-0.26003595,1.91505985,0.32886893,0.01111405,-0.00640060,0.99842027,0.05470356,1.63228703,0.23661271,0.01831012,1.84843464,0.46029549,0.02599542,2.06739140,0.20346917,0.02062262,2.23746243,0.42711971,0.06254412,0.24050204,-0.10284950,-4.74343686,-0.31330448,3.91480827,-2.75835919,-1.64306138,-2.42961624,-2.77807593,-0.07015898,3.26945019,-0.83522551
1.06623355,-0.02896129,-0.07994770,-0.46949402,-0.62493900,-0.17793178,0.08428434,1.09084105,-1.59099138,-0.05578459,0.58731776,-1.53884935,0.01812813,1.24353266,-1.75996673,-0.10699200,0.80563003,-1.65504694,0.87214413,0.04586163,0.33071442,0.32110661,0.25176097,0.12387294,-0.30387127,0.10942130,-0.11879111,-0.29078220,-0.18421358,0.10951316,-0.29897776,-0.28745079,-0.13838581,-0.25762425,1.89400959,0.33178505,0.00470379,-0.00222827,0.99839741,0.05635181,1.62991047,0.23702353,0.01723535,1.79864788,0.46213263,0.03032441,2.06473255,0.20224184,0.02212885,2.19520473,0.43695194,0.06348236,0.52665842,-1.59708011,-6.60798979,-0.18864734,3.31484890,-2.15046644,-1.45757639,-3.61014581,-2.05015898,-0.14952464,2.70395613,-0.26297808
1.07267478,-0.03879643,-0.03188001,-0.51700834,-0.47701143,-0.29435722,0.09989129,1.02120779,-1.71713455,-0.05900386,0.64741814,-1.56765440,-0.00376063,1.15563920,-1.78390725,-0.11169263,0.85979505,-1.66142509,0.87214413,0.04586163,0.33071442,0.32041526,0.23409097,0.12581001,-0.30356605,0.14775960,-0.11276525,-0.28320655,-0.20208517,0.11095889,-0.29514489,-0.26339894,-0.14164738,-0.25817517,1.87278996,0.33508366,-0.00041809,0.00264158,0.99823835,0.05927100,1.62545643,0.23785779,0.01684921,1.73941212,0.46454118,0.03720872,2.06032543,0.20099139,0.02527038,2.15109959,0.44456758,0.06224009,0.78309528,-3.55364056,-6.26991272,-0.16097151,3.00460601,-1.42212714,-1.08551441,-4.41614046,-1.17237843,-0.23739828,2.70440602,-0.31366679
1.05224388,-0.04396718,0.02145442,-0.53076088,-0.25473343,-0.40756989,0.11645533,0.89943042,-1.81107099,-0.06215148,0.70774281,-1.58393753,-0.01983109,1.05279872,-1.78996274,-0.11746858,0.91166739,-1.66276276,0.87214413,0.04586163,0.33071442,0.32061493,0.21623476,0.12790446,-0.30323070,0.19253017,-0.10689059,-0.27465937,-0.21868985,0.11229297,-0.29192567,-0.23726453,-0.14327290,-0.26134448,1.85198612,0.33860984,-0.00339249,0.00779757,0.99795914,0.06328696,1.62133198,0.23903229,0.01738423,1.67449360,0.46895503,0.04595556,2.05474682,0.19960243,0.02868926,2.10544224,0.45077748,0.05927045,0.82403439,-6.25042210,-4.56098089,-0.15662374,3.02053905,-0.77956147,-0.78995744,-5.18415594,-0.24716088,-0.28771759,2.58991361,-0.04268217
1.01758329,-0.04368127,0.06328008,-0.48214152,-0.03167467,-0.50162418,0.13105769,0.73078184,-1.85394142,-0.06441685,0.76897693,-1.58757353,-0.03136735,0.93742558,-1.77619343,-0.12299670,0.96070755,-1.65451007,0.87214413,0.04586163,0.33071442,0.32160245,0.19777694,0.13009271,-0.30290582,0.24035293,-0.10216330,-0.26540608,-0.23469773,0.11351261,-0.29022508,-0.20925513,-0.14381849,-0.26659369,1.83187199,0.34226881,-0.00415963,0.01266676,0.99758192,0.06820977,1.61824093,0.24028056,0.01869662,1.60764523,0.47616888,0.05619637,2.04895267,0.19789391,0.03137737,2.05874119,0.45629439,0.05500876,0.71883626,-8.57803249,-1.90454279,-0.10596003,3.06218839,-0.12451886,-0.55860246,-5.80971804,0.77548599,-0.27608728,2.43109250,0.46013542
0.98199436,-0.03759503,0.09014060,-0.37325547,0.19199043,-0.56231992,0.14030279,0.54533341,-1.84086483,-0.06430510,0.82873945,-1.57720056,-0.03714691,0.81735228,-1.74301558,-0.12871458,1.00764630,-1.63974204,0.87214413,0.04586163,0.33071442,0.32316334,0.17897949,0.13252025,-0.30268732,0.28584614,-0.09934080,-0.25619150,-0.24993916,0.11422828,-0.28986846,-0.18063110,-0.14318039,-0.27333940,1.81247196,0.34595891,-0.00268623,0.01666936,0.99713553,0.07372686,1.61596203,0.24117761,0.02047602,1.54432659,0.48622533,0.06697184,2.04291248,0.19624301,0.03329488,2.01218204,0.46104193,0.04982394,0.41996434,-9.29481544,0.97432128,0.02205026,2.97292733,0.60145707,-0.24962133,-6.00960493,1.76595774,-0.28811017,2.34683824,0.75605386
0.96065536,-0.02666482,0.10862226,-0.25715936,0.38046395,-0.56574813,0.14283720,0.37940559,-1.78381741,-0.06169812,0.88249588,-1.54969382,-0.03454538,0.70124543,-1.69539881,-0.13646531,1.05725276,-1.62486124,0.87214413,0.04586163,0.33071442,0.32521513,0.16020401,0.13517430,-0.30311808,0.32416533,-0.09814772,-0.24892831,-0.26488307,0.11395042,-0.28990205,-0.15272092,-0.14062623,-0.28090660,1.79354000,0.34961462,0.00075092,0.01967081,0.99665587,0.07930679,1.61397839,0.24147099,0.02209705,1.48897076,0.49778247,0.07628682,2.03707409,0.19521615,0.03531308,1.96657467,0.46432477,0.04430853,0.08075862,-8.08998680,3.13183284,0.14706998,2.63535953,1.50526989,0.19420868,-5.76270771,2.47169471,-0.40675697,2.50704980,0.73634142
0.96108935,-0.00950674,0.10394901,-0.21776640,0.47804597,-0.44992317,0.12992982,0.25117147,-1.68646865,-0.05674003,0.92816072,-1.49977393,-0.02202733,0.58934453,-1.63506324,-0.14987512,1.11603973,-1.60982337,0.87214413,0.04586163,0.33071442,0.32741870,0.14022835,0.13842243,-0.30470163,0.35328595,-0.09957998,-0.24762276,-0.28176235,0.11208408,-0.28937402,-0.12538115,-0.13535618,-0.28881454,1.77465725,0.35311165,0.00540670,0.02221829,0.99622345,0.08376134,1.61326618,0.24007323,0.02271707,1.44298382,0.51033720,0.07979594,2.03372326,0.19551194,0.03804467,1.92089748,0.46560842,0.03860416,-0.65999396,-6.34606905,4.90820885,0.24922879,2.27340012,2.51498771,0.63386738,-5.58170366,3.03060412,-0.67631125,2.95363402,0.75713247
0.96900980,0.00704849,0.07883825,-0.20936336,0.54510221,-0.20065842,0.10972784,0.17518958,-1.57118039,-0.05173423,0.96671090,-1.43915577,-0.00595685,0.49739462,-1.57140687,-0.16572781,1.18198612,-1.59029875,0.87214413,0.04586163,0.33071442,0.32938055,0.12021804,0.14176742,-0.30619434,0.37037094,-0.10122137,-0.25493540,-0.30104284,0.10976484,-0.28802488,-0.10267687,-0.12878237,-0.29679717,1.75559063,0.35638078,0.01070628,0.02474392,0.99594680,0.08580839,1.61284351,0.23732769,0.02318621,1.40806255,0.51961263,0.07444514,2.03335247,0.19662012,0.04135566,1.87882977,0.46564904,0.03258338,-1.00991943,-3.60475564,5.73995113,0.24414521,1.90556998,3.04292369,0.79922469,-4.46468964,3.14689612,-0.78795838,3.29748321,0.99490348
0.97114057,0.00879991,0.01400469,-0.20715708,0.55543996,0.03854293,0.08820378,0.16237352,-1.47320280,-0.04966471,0.99965158,-1.37807922,0.00748926,0.45754413,-1.52936585,-0.17941633,1.24595644,-1.57193863,0.87214413,0.04586163,0.33071442,0.33030866,0.10127875,0.14425820,-0.30693476,0.37214600,-0.10260453,-0.26855422,-0.31935391,0.10832774,-0.28547855,-0.09219607,-0.12278294,-0.30384081,1.73644352,0.35954556,0.01604654,0.02729076,0.99583798,0.08546607,1.61196804,0.23475105,0.02337391,1.38735104,0.52433261,0.06175444,2.03254337,0.19815567,0.04483012,1.84829464,0.46473631,0.02646785,-1.08978245,-0.39782239,4.77469521,0.08640289,1.63481700,3.03437924,0.65466063,-1.73714081,1.95774205,-0.67213684,3.17842746,0.86901561
0.96728563,-0.00114828,-0.05962119,-0.20448202,0.51450425,0.15038382,0.06559744,0.19026077,-1.40572424,-0.05047195,1.03167663,-1.32806678,0.01648862,0.47293953,-1.52450435,-0.18974673,1.30668614,-1.57467320,0.87214413,0.04586163,0.33071442,0.32997538,0.08415140,0.14580061,-0.30596893,0.36341122,-0.10484930,-0.28284229,-0.33247081,0.10814214,-0.28048404,-0.09417851,-0.11817035,-0.30856030,1.71732731,0.36275138,0.02103039,0.02979537,0.99580341,0.08393770,1.60980663,0.23321922,0.02400644,1.37678585,0.52734970,0.04713309,2.02681599,0.20012199,0.04949134,1.83007488,0.46335858,0.02141508,-1.12756016,1.55841523,3.19312172,-0.05205658,1.60431278,2.40942903,0.42314498,1.06684533,0.01558828,-0.49522802,3.02416682,-0.29868509
0.96279667,-0.01426399,-0.12272179,-0.18269855,0.32349946,0.13391369,0.05168946,0.24090359,-1.37676680,-0.05106843,1.06580770,-1.29546976,0.02035954,0.52825022,-1.55060089,-0.19360210,1.35735571,-1.59392083,0.87214413,0.04586163,0.33071442,0.32849863,0.06863394,0.14707872,-0.30297868,0.34879365,-0.10585144,-0.29421660,-0.34012384,0.10950056,-0.27398105,-0.10568247,-0.11554234,-0.31028890,1.69826412,0.36606240,0.02435252,0.03197671,0.99578101,0.08249013,1.60616779,0.23241723,0.02551995,1.37188053,0.52834392,0.03428204,2.01549244,0.20162156,0.05451758,1.82166004,0.46245879,0.01820973,-0.60979390,2.67766976,1.15306365,-0.02186917,1.72608364,1.50129306,0.15567306,3.01614928,-1.50066364,-0.13866395,2.43903613,-1.04653358
0.97980670,-0.01728002,-0.16178373,-0.05517220,0.02542814,0.01790101,0.05648013,0.31723771,-1.40453975,-0.04663062,1.09861987,-1.28566034,0.02228978,0.60090421,-1.58749604,-0.18821410,1.38525071,-1.62719412,0.87214413,0.04586163,0.33071442,0.32610613,0.05641571,0.14874433,-0.29853499,0.32897154,-0.10339072,-0.30001399,-0.34034884,0.11196787,-0.26759414,-0.12272593,-0.11473620,-0.30945193,1.67885685,0.36944913,0.02462501,0.03260660,0.99577141,0.08227835,1.59858456,0.23210298,0.02757114,1.37155285,0.52589774,0.02609214,1.99596043,0.20265747,0.05851199,1.81889095,0.46227424,0.01665420,0.25163018,3.83163204,-1.42660890,0.22976699,1.63059413,0.46216674,0.09976851,3.64253545,-1.85359802,0.27980553,1.35929623,-1.67800989
1.01349301,-0.00431821,-0.15346089,0.12118748,-0.23117069,-0.10406142,0.06831477,0.40198871,-1.45655472,-0.03762627,1.12492197,-1.30148256,0.02648589,0.67618655,-1.62561398,-0.17610697,1.38648944,-1.66999588,0.87214413,0.04586163,0.33071442,0.32382252,0.05037002,0.15046332,-0.29384157,0.30760681,-0.10066552,-0.30218365,-0.33303937,0.11460604,-0.26284993,-0.14140424,-0.11464102,-0.30655764,1.65878696,0.37275667,0.02257437,0.03129103,0.99577669,0.08330695,1.58393230,0.23285266,0.02998095,1.37238064,0.52351115,0.02163887,1.96793232,0.20399970,0.06097259,1.81739178,0.46210003,0.01726489,0.60168777,4.24708900,-2.65336108,0.45650091,1.30007446,-0.90590567,0.21618174,3.74122071,-1.87392278,0.62052009,-0.02735851,-2.16364565
1.04206794,0.02056056,-0.13024790,0.28847875,-0.42220453,-0.15602107,0.08285598,0.48889879,-1.51950910,-0.02836640,1.14221292,-1.35752513,0.03247515,0.74278065,-1.65045230,-0.15851629,1.35654104,-1.71732085,0.87214413,0.04586163,0.33071442,0.32190192,0.05462374,0.15105666,-0.28905928,0.28608185,-0.09878659,-0.30156021,-0.31803057,0.11724858,-0.26046226,-0.15976131,-0.11509863,-0.30359279,1.63812351,0.37579378,0.01877845,0.02817197,0.99581263,0.08491706,1.55857677,0.23624385,0.03284263,1.37303982,0.52184943,0.02034171,1.93154583,0.20610579,0.06143966,1.81514988,0.46200883,0.01830913,0.73421435,4.34801617,-3.15188718,0.45298165,0.80449672,-2.97474270,0.30464240,3.28861403,-1.17306796,0.90404189,-1.63070152,-2.36436486
1.05147727,0.05081054,-0.11317254,0.42780438,-0.51544903,-0.10104799,0.09601031,0.57467906,-1.57706053,-0.02249676,1.14638352,-1.45580022,0.03905901,0.79959871,-1.66147563,-0.13638450,1.29880641,-1.75994632,0.87214413,0.04586163,0.33071442,0.32018262,0.07095770,0.14974261,-0.28387477,0.26444991,-0.09840382,-0.30012487,-0.29763978,0.12007147,-0.26014027,-0.17727064,-0.11618201,-0.30103210,1.61718235,0.37837171,0.01409660,0.02360187,0.99590848,0.08608453,1.52150173,0.24308290,0.03630786,1.37362499,0.52083882,0.02005775,1.88970318,0.20884592,0.06004235,1.81180973,0.46229620,0.01915052,0.63669372,4.27520313,-2.81937337,0.26959121,0.13737774,-5.16346507,0.32995910,2.78423285,-0.48186489,1.12749279,-3.03131227,-2.08616204
1.03637549,0.07698852,-0.09043935,0.47929628,-0.49469334,0.04889438,0.10422678,0.65260458,-1.61931860,-0.02242742,1.13287103,-1.57237113,0.04455549,0.84762812,-1.66304755,-0.11364921,1.21938729,-1.79192996,0.87214413,0.04586163,0.33071442,0.31871825,0.09553798,0.14647667,-0.27826053,0.24410892,-0.09974222,-0.29880936,-0.27389040,0.12272560,-0.26139040,-0.19332707,-0.11785665,-0.29878414,1.59641743,0.38042146,0.00952083,0.01845022,0.99608987,0.08587145,1.47718143,0.25249296,0.04045773,1.37302303,0.52053791,0.01990889,1.84521198,0.21255606,0.05732785,1.80708790,0.46338832,0.01993412,0.37195620,3.82463312,-1.98906887,-0.04259046,-0.81687921,-5.88664722,0.26356703,2.34191871,-0.01873255,1.13234770,-4.11550999,-1.51531923
1.00419396,0.09050550,-0.04726944,0.46316521,-0.36051197,0.26336169,0.10652877,0.71824093,-1.63944962,-0.03412793,1.08586423,-1.68347089,0.04830209,0.89035174,-1.65614526,-0.09435972,1.12036295,-1.80592239,0.87214413,0.04586163,0.33071442,0.31800214,0.12742166,0.14036042,-0.27299249,0.22589964,-0.10234569,-0.29837225,-0.24759406,0.12473784,-0.26442402,-0.20832467,-0.11979479,-0.29737995,1.57627888,0.38196216,0.00623478,0.01353661,0.99641049,0.08333081,1.42729664,0.26473750,0.04500965,1.37053661,0.52043746,0.01962989,1.79969120,0.21779979,0.05357812,1.80161953,0.46545798,0.02062219,0.10813074,3.27306151,-0.97943115,-0.60212047,-2.42253675,-5.54280090,0.18648799,2.13568139,0.35403297,0.95941308,-4.98026228,-0.67170091
0.96415968,0.09449187,0.00401278,0.43241381,-0.17874350,0.48896216,0.10337020,0.77758849,-1.63971503,-0.05667303,0.98218980,-1.77771494,0.05235193,0.93429915,-1.64519846,-0.07914726,1.00408239,-1.80034587,0.87214413,0.04586163,0.33071442,0.31821334,0.17018730,0.13197419,-0.26775285,0.20800419,-0.10593284,-0.29905160,-0.21868840,0.12602109,-0.26915873,-0.22340198,-0.12130193,-0.29663057,1.55689487,0.38313820,0.00463011,0.00907534,0.99685571,0.07858055,1.36812382,0.27947339,0.05046050,1.36806774,0.52036729,0.01916174,1.75312519,0.22439439,0.04905461,1.79654980,0.46792098,0.02158278,-0.17769007,2.94826818,0.04978752,-1.15022552,-5.38941326,-4.60458002,0.20973514,2.21210637,0.54319239,0.74516070,-5.84136152,0.33491275
0.92706417,0.08903638,0.05077614,0.39723211,0.01387548,0.68806572,0.09372949,0.82893105,-1.61996138,-0.08202848,0.81572758,-1.82207689,0.05955255,0.98111038,-1.63500814,-0.07000169,0.88145444,-1.77508891,0.87214413,0.04586163,0.33071442,0.31934195,0.22047690,0.12349207,-0.26270695,0.19051918,-0.11086967,-0.30075385,-0.18918878,0.12602462,-0.27504478,-0.23820656,-0.12156522,-0.29612053,1.53824444,0.38405840,0.00488444,0.00510468,0.99739109,0.07184077,1.30234089,0.29345006,0.05663499,1.36558781,0.52109610,0.01858810,1.70741177,0.23221303,0.04429716,1.79141827,0.47021803,0.02322142,-0.50733328,2.52529669,1.06175699,-1.24993482,-8.53960495,-1.93452059,0.37705255,2.33972788,0.51024628,0.42753379,-6.14020252,1.34747877
0.89740212,0.07299309,0.08434329,0.33226263,0.14449256,0.77156641,0.08030845,0.87078993,-1.58731444,-0.09771354,0.62654687,-1.80018740,0.07041712,1.02957485,-1.62401581,-0.06812809,0.75736201,-1.72988608,0.87214413,0.04586163,0.33071442,0.32118994,0.26821976,0.11797637,-0.25869270,0.17417397,-0.11647250,-0.30284589,-0.16011780,0.12438561,-0.28190291,-0.25297321,-0.12034585,-0.29590250,1.52021465,0.38491259,0.00640914,0.00183389,0.99791712,0.06416366,1.23909245,0.30226535,0.06249724,1.36239491,0.52273618,0.01834405,1.66308041,0.24104159,0.03928703,1.78651943,0.47186278,0.02528744,-0.68355745,2.03993855,1.68720520,-0.70538688,-9.46972523,1.47341253,0.56284627,2.44058895,0.55690670,0.05070510,-6.21046066,2.37496927
0.87668363,0.04864074,0.10929901,0.23339645,0.23752803,0.71319984,0.06746741,0.90574956,-1.54614246,-0.10028045,0.45172432,-1.72420418,0.08281694,1.07711482,-1.60180867,-0.07530533,0.63000768,-1.66459870,0.87214413,0.04586163,0.33071442,0.32360637,0.30859471,0.11609575,-0.25711004,0.15846773,-0.12137432,-0.30525553,-0.13069861,0.12062453,-0.28965046,-0.26907012,-0.11804242,-0.29700485,1.50266171,0.38590714,0.00880229,-0.00044871,0.99834003,0.05691661,1.18287182,0.30563667,0.06649633,1.35901546,0.52450550,0.01835084,1.61880398,0.25120980,0.03395591,1.78340435,0.47260380,0.02660152,-0.62999946,1.70549142,2.11642027,-0.03659695,-8.59220028,4.15062904,0.62553489,2.35907054,1.21886003,-0.42788294,-6.39741516,3.40779996
0.86946234,0.02341767,0.10638982,0.18127291,0.26432790,0.48504787,0.06015281,0.93515862,-1.50062649,-0.09258306,0.32099237,-1.61709561,0.09644904,1.12346160,-1.57194805,-0.08820942,0.51982768,-1.59242599,0.87214413,0.04586163,0.33071442,0.32614325,0.33738896,0.11681125,-0.26005787,0.14330746,-0.12433975,-0.30782552,-0.10517470,0.11552651,-0.29671341,-0.28622824,-0.11507439,-0.29829225,1.48537121,0.38722677,0.01154262,-0.00206564,0.99857937,0.05197826,1.13768063,0.30606373,0.06608538,1.35574284,0.52576877,0.01831774,1.57798748,0.26140818,0.02942984,1.78199711,0.47197226,0.02785101,-0.35784775,1.46668613,2.27427864,0.39209137,-6.46878033,5.36441612,0.68114835,2.31610370,1.49108350,-0.64409417,-5.46153383,3.59540439
0.86998307,0.00822090,0.08573545,0.19257361,0.28166130,0.19925716,0.05790889,0.96243950,-1.45733755,-0.07965447,0.23739423,-1.50953670,0.10883380,1.16932085,-1.54512601,-0.09948952,0.44504093,-1.53294361,0.87214413,0.04586163,0.33071442,0.32839055,0.35482428,0.11857003,-0.26683887,0.12886131,-0.12587931,-0.30972292,-0.08761999,0.11076784,-0.30252017,-0.30269689,-0.11266817,-0.29829315,1.46809750,0.38877004,0.01444660,-0.00379142,0.99864667,0.04981707,1.10324192,0.30606858,0.06155168,1.35239124,0.52683851,0.01866763,1.54426937,0.26983888,0.02587038,1.78049717,0.47078203,0.03009740,-0.10089991,1.36159647,2.14977551,0.66263220,-4.04765310,5.33750820,0.60904559,2.29426265,1.32045214,-0.55331643,-3.62273664,2.91337085
0.87176858,0.00596393,0.04904090,0.24017765,0.28083478,-0.04615462,0.05860267,0.98732303,-1.41696687,-0.06109863,0.19652142,-1.41723065,0.11762379,1.21398871,-1.52346678,-0.10636677,0.41171581,-1.49500365,0.87214413,0.04586163,0.33071442,0.33005127,0.36181726,0.12168552,-0.27587602,0.11539569,-0.12685969,-0.31082304,-0.07963442,0.10701478,-0.30755719,-0.31782072,-0.11174354,-0.29678630,1.45078831,0.39037895,0.01738784,-0.00601095,0.99857582,0.05007862,1.07862740,0.30543571,0.05417525,1.34863873,0.52812876,0.01922823,1.51933727,0.27594625,0.02249408,1.77817974,0.46982377,0.03326497,0.04147428,1.22509778,2.01869488,0.95165868,-1.88089449,4.54364758,0.42393698,2.21887770,1.07263327,-0.32121150,-1.48484114,1.80306942
0.87443122,0.01350879,-0.00654229,0.27479998,0.23013092,-0.19749542,0.05985875,1.01060606,-1.37937436,-0.03858752,0.19132481,-1.34760652,0.12261617,1.25599682,-1.50887113,-0.10901133,0.41845987,-1.48457966,0.87214413,0.04586163,0.33071442,0.33075252,0.35972279,0.12603095,-0.28592214,0.10244351,-0.12797191,-0.31116558,-0.08093359,0.10438811,-0.31139628,-0.33097992,-0.11226164,-0.29378832,1.43338718,0.39192941,0.01988264,-0.00863825,0.99841786,0.05188286,1.06256599,0.30374818,0.04483038,1.34471722,0.52980298,0.01958694,1.50309963,0.27973628,0.01935624,1.77419643,0.46938543,0.03696419,0.06164145,1.16722500,1.85168257,1.14124165,-0.06581444,3.32604198,0.22720571,2.08832359,0.66947503,-0.11255174,0.55648001,0.33996818
0.88156576,0.02397960,-0.07063900,0.26103213,0.13299958,-0.23737300,0.06063559,1.03601384,-1.34822798,-0.01821443,0.21830335,-1.31098151,0.12367712,1.29646540,-1.51232982,-0.10955678,0.46656635,-1.51384926,0.87214413,0.04586163,0.33071442,0.33028063,0.34973726,0.13018709,-0.29519089,0.08933212,-0.12931270,-0.31029645,-0.09108053,0.10281138,-0.31183307,-0.34042091,-0.11401367,-0.28855683,1.41579533,0.39339751,0.02147095,-0.01124518,0.99823699,0.05417979,1.05406284,0.30166727,0.03508975,1.34092236,0.53158593,0.01998419,1.49526310,0.28136754,0.01844756,1.76652241,0.47005278,0.04172380,0.03463067,1.29009950,1.50682914,0.98943067,1.57367074,1.57884109,0.02493962,2.01407433,-0.32332417,-0.01611963,2.70930982,-1.76980007
0.90162595,0.02948049,-0.12254212,0.16836073,0.00351710,-0.15777768,0.06072886,1.07016020,-1.33469164,-0.01186341,0.28230788,-1.32484016,0.11887467,1.34015141,-1.55700598,-0.10911890,0.54242185,-1.56140463,0.87214413,0.04586163,0.33071442,0.32864217,0.33181891,0.13088336,-0.30162030,0.07600920,-0.13048068,-0.30695867,-0.10820436,0.10225549,-0.31028582,-0.34281020,-0.11711228,-0.27908371,1.39774189,0.39487373,0.02161832,-0.01299936,0.99812593,0.05575212,1.05346012,0.30157687,0.02702187,1.33666401,0.53297551,0.02168350,1.49394512,0.28125460,0.01835635,1.75142078,0.47326605,0.04955846,0.00077440,1.71137798,0.64822621,0.29678786,3.23597059,-0.74999425,-0.25446615,2.16906879,-2.27677341,0.02114287,3.80904570,-2.37678027
0.93692199,0.02440029,-0.14630809,-0.00318120,-0.14405067,-0.03759364,0.05835436,1.09921203,-1.33770082,-0.01815590,0.36674173,-1.37367287,0.10291140,1.36387281,-1.61891112,-0.10941145,0.62571856,-1.60630085,0.87214413,0.04586163,0.33071442,0.32650048,0.31014563,0.12872261,-0.30463853,0.06675007,-0.13150615,-0.30317878,-0.12833042,0.10240986,-0.30794984,-0.33710442,-0.12198971,-0.26982935,1.37901402,0.39654621,0.02027543,-0.01316647,0.99812822,0.05617473,1.05643063,0.30327360,0.02186196,1.32737141,0.53468556,0.02332170,1.49510174,0.28044231,0.01855064,1.72763538,0.48011668,0.05667113,-0.12395689,1.38134470,-0.17296170,-0.33724339,4.24726267,-2.50606718,-0.83805293,1.06258242,-3.05271983,-0.01817670,4.15789309,-2.22316060
0.97838353,0.00720282,-0.14275767,-0.21558397,-0.34199735,0.03869414,0.05779090,1.11138425,-1.37769520,-0.02932141,0.45545320,-1.43689983,0.07436861,1.34635556,-1.67377288,-0.11071263,0.70233554,-1.63908410,0.87214413,0.04586163,0.33071442,0.32432496,0.28770966,0.12635712,-0.30497290,0.06910293,-0.13084486,-0.30000306,-0.14875431,0.10329862,-0.30506171,-0.32350319,-0.12852666,-0.26426124,1.35952930,0.39860436,0.01694178,-0.01136892,0.99823269,0.05581420,1.05956116,0.30499837,0.01935206,1.30539303,0.53631731,0.02432190,1.49588451,0.27941667,0.01926325,1.69531040,0.49038929,0.06006372,0.00040144,0.58230825,-2.32456526,-0.56176753,4.42720900,-3.17642617,-1.47315600,-1.04127352,-2.75772834,-0.06804674,3.77793550,-1.56133311
1.01836114,-0.01839984,-0.11548104,-0.39722559,-0.53613650,0.00679692,0.06506580,1.10690861,-1.48011520,-0.03836087,0.53505442,-1.49400027,0.04033952,1.29638336,-1.72446210,-0.11269302,0.76561271,-1.65586023,0.87214413,0.04586163,0.33071442,0.32245550,0.26656634,0.12574290,-0.30446384,0.08762031,-0.12703228,-0.29525358,-0.16824349,0.10476843,-0.30210037,-0.30385883,-0.13545910,-0.26047238,1.33936100,0.40120358,0.01157897,-0.00787080,0.99835051,0.05567974,1.06048203,0.30583374,0.01799166,1.26638622,0.53717858,0.02720192,1.49493237,0.27840356,0.02035512,1.65638065,0.50208913,0.06198311,0.41355415,-0.36395784,-5.42040925,-0.42722049,3.89732256,-2.77867818,-1.71030047,-2.65774848,-2.47809482,-0.10282391,3.08337355,-0.75656455
1.05032459,-0.03877263,-0.06885068,-0.49513748,-0.55613550,-0.09575905,0.07880948,1.07333100,-1.60806358,-0.04444563,0.60162115,-1.53598058,0.00973168,1.22548878,-1.76155186,-0.11558148,0.81815511,-1.66022372,0.87214413,0.04586163,0.33071442,0.32123038,0.24775755,0.12661807,-0.30400331,0.11819434,-0.12104099,-0.28943644,-0.18643218,0.10641198,-0.29941513,-0.28199520,-0.14106399,-0.25863940,1.31863499,0.40428895,0.00573490,-0.00336428,0.99838086,0.05649301,1.05817890,0.30641881,0.01722708,1.21484470,0.53788686,0.03179394,1.49187756,0.27753139,0.02181526,1.61473942,0.51265180,0.06259099,0.72696757,-1.89981210,-6.50299740,-0.28706720,3.23936081,-1.98598611,-1.49175644,-3.67438293,-1.74667585,-0.15160112,2.56001449,-0.13516903
1.05398547,-0.04960205,-0.02312296,-0.53348670,-0.37897843,-0.22127215,0.09860658,0.99693562,-1.72723141,-0.04916066,0.66027602,-1.56101198,-0.01283097,1.13794172,-1.78177052,-0.12032651,0.87164330,-1.66596990,0.87214413,0.04586163,0.33071442,0.32080220,0.23060937,0.12823420,-0.30364605,0.15720907,-0.11362138,-0.28188203,-0.20359671,0.10802259,-0.29589649,-0.25812201,-0.14440653,-0.25960524,1.29780521,0.40773627,0.00157757,0.00172327,0.99827377,0.05868575,1.05375862,0.30740705,0.01715615,1.15499268,0.53899589,0.03892017,1.48734188,0.27660140,0.02490571,1.57106991,0.52090262,0.06119696,0.99176748,-3.89565516,-5.91705561,-0.23546883,2.93220210,-1.23330535,-1.11941454,-4.39694300,-0.98806571,-0.23731263,2.67181969,-0.28153608
1.03329422,-0.05450780,0.02652535,-0.55108807,-0.15163687,-0.34022110,0.11876340,0.86704017,-1.81174026,-0.05353485,0.71894902,-1.57343836,-0.02973270,1.03644001,-1.78511734,-0.12542004,0.92375493,-1.66681409,0.87214413,0.04586163,0.33071442,0.32123286,0.21327680,0.13014514,-0.30326447,0.20282819,-0.10655358,-0.27320963,-0.21971843,0.10977170,-0.29299733,-0.23210278,-0.14612605,-0.26304846,1.27739811,0.41137739,-0.00037632,0.00713929,0.99804855,0.06203213,1.04964828,0.30864099,0.01796839,1.08932381,0.54222462,0.04802322,1.48183422,0.27524551,0.02823552,1.52580776,0.52764076,0.05818440,1.00187371,-6.65034113,-4.08552895,-0.21671519,2.93653655,-0.58659121,-0.83206654,-5.11668158,-0.11295890,-0.25785799,2.60476446,-0.02205276
1.00005452,-0.05220111,0.06507927,-0.49698990,0.05472618,-0.44105715,0.13568742,0.69349631,-1.84358430,-0.05642191,0.77793237,-1.57315576,-0.04174862,0.92270613,-1.76902058,-0.13114254,0.97333410,-1.65769408,0.87214413,0.04586163,0.33071442,0.32241591,0.19533648,0.13231040,-0.30297182,0.25089831,-0.10104638,-0.26372804,-0.23548749,0.11110063,-0.29170504,-0.20420601,-0.14671275,-0.26847341,1.25765247,0.41509107,-0.00027254,0.01220193,0.99772147,0.06635442,1.04651775,0.30980806,0.01944408,1.02234154,0.54846684,0.05868786,1.47635708,0.27378997,0.03071086,1.47948551,0.53347532,0.05394250,0.82580757,-8.80253906,-1.34538019,-0.13346962,2.94649720,0.07176445,-0.57797823,-5.72582197,0.89050905,-0.28605148,2.45526671,0.51532884
0.96645573,-0.04418844,0.09145335,-0.38365011,0.24674173,-0.50286980,0.14559065,0.50942286,-1.81966057,-0.05626110,0.83445102,-1.55856221,-0.04674200,0.80474968,-1.73403013,-0.13703976,1.02059181,-1.64117620,0.87214413,0.04586163,0.33071442,0.32417316,0.17704102,0.13488036,-0.30295301,0.29561102,-0.09785466,-0.25469722,-0.25075409,0.11186766,-0.29177576,-0.17584305,-0.14581988,-0.27534618,1.23858204,0.41877981,0.00177676,0.01632516,0.99732050,0.07128922,1.04415417,0.31045606,0.02122015,0.95989761,0.55769130,0.06947594,1.47087231,0.27237893,0.03239740,1.43338032,0.53810226,0.04882698,0.44534733,-9.18362122,1.50704232,0.02763583,2.80395532,0.81515259,-0.20226099,-5.90091944,1.85278842,-0.29668143,2.36336207,0.84054416
0.94696641,-0.03037761,0.10602936,-0.28107192,0.39599605,-0.49762112,0.14740211,0.35039151,-1.75467741,-0.05367825,0.88483965,-1.52617276,-0.04282628,0.69020122,-1.68511462,-0.14543107,1.07061791,-1.62495065,0.87214413,0.04586163,0.33071442,0.32636186,0.15838233,0.13770156,-0.30381921,0.33228384,-0.09650122,-0.24828588,-0.26592203,0.11155467,-0.29198092,-0.14816877,-0.14282159,-0.28296091,1.21993732,0.42236125,0.00540294,0.01952411,0.99688555,0.07621558,1.04244518,0.31036472,0.02254266,0.90620804,0.56830293,0.07807598,1.46578693,0.27163985,0.03438094,1.38811398,0.54097241,0.04340095,0.03456205,-7.71117163,3.50432372,0.14356500,2.46911979,1.75469387,0.26117271,-5.69179392,2.53339267,-0.44359621,2.52875066,0.80102915
0.94937517,-0.01016240,0.09750154,-0.24101815,0.44446279,-0.35661843,0.13148725,0.23257879,-1.65223413,-0.04892948,0.92731309,-1.47455308,-0.02897088,0.57756053,-1.62227385,-0.15857722,1.12976251,-1.60644362,0.87214413,0.04586163,0.33071442,0.32860836,0.13863697,0.14103000,-0.30560596,0.35886308,-0.09825375,-0.24883767,-0.28371593,0.10987141,-0.29144455,-0.12085053,-0.13709688,-0.29092485,1.20127621,0.42568069,0.00970818,0.02225023,0.99651791,0.07976678,1.04192810,0.30855745,0.02300240,0.86266785,0.57989123,0.07977069,1.46384640,0.27198179,0.03716380,1.34243832,0.54175680,0.03768351,-0.80502403,-5.81536713,5.14653492,0.23799347,2.11468503,2.59296918,0.69841664,-5.61005592,3.15201163,-0.65905714,2.96627259,0.93413680
0.95441780,0.00470263,0.06014685,-0.22577023,0.47311344,-0.09949007,0.11069719,0.17185495,-1.54217181,-0.04491508,0.96378744,-1.41639569,-0.01297788,0.49077752,-1.55929878,-0.17181520,1.19248466,-1.58198040,0.87214413,0.04586163,0.33071442,0.33034251,0.11908667,0.14411921,-0.30702637,0.37203018,-0.09988896,-0.25778005,-0.30345659,0.10828829,-0.29012868,-0.09979250,-0.13054735,-0.29875603,1.18247509,0.42874060,0.01427566,0.02486481,0.99631645,0.08081754,1.04163933,0.30578829,0.02331614,0.83150864,0.58750710,0.07256246,1.46441250,0.27278048,0.04021383,1.30207500,0.54142163,0.03158648,-1.04184949,-2.84164410,5.45745087,0.19060278,1.80865991,2.91331792,0.79279301,-4.19046574,3.10022998,-0.65406895,3.12666726,1.23879564
0.95461993,0.00284083,-0.00834570,-0.22102826,0.46957061,0.10770636,0.08780805,0.17010170,-1.45339971,-0.04463539,0.99661281,-1.36004241,0.00005249,0.45856555,-1.52164972,-0.18262095,1.25196948,-1.56165833,0.87214413,0.04586163,0.33071442,0.33091670,0.10044006,0.14604132,-0.30756135,0.37063816,-0.10176295,-0.27189126,-0.32142656,0.10761665,-0.28741680,-0.09152981,-0.12472324,-0.30543572,1.16361980,0.43172865,0.01874874,0.02746709,0.99625710,0.07978615,1.04109516,0.30365061,0.02335535,0.81405354,0.59151529,0.05902544,1.46367207,0.27404220,0.04349990,1.27393627,0.54019003,0.02548097,-1.16075425,0.11294779,4.31703153,-0.00312835,1.63489354,2.78872609,0.63560652,-1.36225777,1.72623959,-0.53162451,2.96074796,0.94342223
0.94850617,-0.01005716,-0.07827297,-0.21711973,0.41985526,0.18906374,0.06490030,0.20222475,-1.39456878,-0.04684405,1.02967019,-1.31596639,0.00882841,0.47958015,-1.52187798,-0.19045220,1.31060629,-1.56709952,0.87214413,0.04586163,0.33071442,0.33025504,0.08352112,0.14709411,-0.30627036,0.36041312,-0.10438520,-0.28567970,-0.33396797,0.10809761,-0.28169462,-0.09520597,-0.12026090,-0.30956594,1.14484005,0.43479495,0.02279228,0.03000727,0.99625080,0.07787437,1.03930607,0.30260178,0.02398468,0.80523052,0.59435452,0.04457534,1.45774937,0.27571178,0.04856042,1.25771084,0.53865566,0.02068909,-1.12927651,1.74430515,2.76370788,-0.11820370,1.66156399,2.10996566,0.41216322,1.33465531,-0.23397303,-0.37048063,2.93685269,-0.45701119
0.94666494,-0.02377523,-0.13775910,-0.18357424,0.23139906,0.14953019,0.05285185,0.25700748,-1.37803328,-0.04801074,1.06612873,-1.29063690,0.01285254,0.53751099,-1.55212665,-0.19212398,1.36078489,-1.59187186,0.87214413,0.04586163,0.33071442,0.32848626,0.06815738,0.14807824,-0.30273850,0.34482685,-0.10520105,-0.29578420,-0.34086355,0.10998717,-0.27419342,-0.10760335,-0.11772570,-0.31051553,1.12607479,0.43798757,0.02519474,0.03213058,0.99625075,0.07627121,1.03596115,0.30214897,0.02574776,0.80152225,0.59495401,0.03270207,1.44597530,0.27690125,0.05429284,1.25049877,0.53776979,0.01797073,-0.50188488,2.89665675,0.49273965,-0.04402980,1.85259092,1.12592697,0.16700517,3.12374163,-1.70135725,-0.03253520,2.42184138,-1.33945215
0.96848466,-0.02512769,-0.16727634,-0.04120884,-0.04442431,0.02375005,0.05932253,0.33242804,-1.40939732,-0.04361493,1.09751811,-1.28363199,0.01553653,0.61032952,-1.58979895,-0.18530051,1.38654873,-1.62468050,0.87214413,0.04586163,0.33071442,0.32597166,0.05654882,0.14956732,-0.29848405,0.32514649,-0.10249537,-0.30098931,-0.34100186,0.11263916,-0.26764661,-0.12500645,-0.11685448,-0.30926978,1.10686512,0.44124606,0.02477242,0.03256811,0.99626607,0.07602340,1.02806396,0.30211112,0.02748761,0.80126591,0.59235748,0.02498235,1.42657795,0.27768092,0.05832505,1.24830227,0.53756384,0.01670188,0.33118817,3.78409538,-1.60959134,0.22748859,1.56631267,0.31146528,0.13677692,3.64413548,-1.88929214,0.35023550,1.25378742,-1.65698423
1.00316346,-0.01047273,-0.15013661,0.13471339,-0.26592786,-0.08765228,0.07065559,0.41463147,-1.46450806,-0.03485429,1.12455673,-1.30544429,0.02014054,0.68243932,-1.62641461,-0.17265546,1.38667424,-1.66851795,0.87214413,0.04586163,0.33071442,0.32373590,0.05130414,0.15109163,-0.29351999,0.30464428,-0.10017427,-0.30216552,-0.33338390,0.11530618,-0.26276943,-0.14312886,-0.11671996,-0.30622434,1.08698101,0.44439192,0.02236026,0.03110306,0.99630237,0.07690386,1.01291313,0.30305988,0.03021591,0.80150890,0.59050385,0.02157038,1.39850483,0.27888284,0.06096646,1.24644833,0.53755625,0.01751156,0.57700669,4.11266308,-2.78605533,0.44319134,1.32420437,-1.18488690,0.23651306,3.58235598,-1.79183145,0.64515797,-0.07808446,-2.21939840
1.03092841,0.01486020,-0.12619020,0.29922244,-0.43668786,-0.12545214,0.08472693,0.49828018,-1.52444599,-0.02602775,1.13999538,-1.36284821,0.02666390,0.74616996,-1.64816768,-0.15536937,1.35529733,-1.71628895,0.87214413,0.04586163,0.33071442,0.32187716,0.05628383,0.15150610,-0.28897732,0.28372161,-0.09848776,-0.30161987,-0.31801725,0.11781661,-0.26045920,-0.16114916,-0.11702392,-0.30354022,1.06651897,0.44723603,0.01838332,0.02789898,0.99637567,0.07822550,0.98714790,0.30644469,0.03289984,0.80177727,0.58904440,0.02025729,1.36209660,0.28095435,0.06141796,1.24404163,0.53750980,0.01833694,0.71024220,4.19190426,-2.98413110,0.43166669,0.71138619,-3.03756795,0.33273603,3.14900756,-1.01693050,0.88490397,-1.71515019,-2.37283349
1.03865162,0.04499611,-0.10983146,0.42782150,-0.50969516,-0.06510364,0.09720757,0.58196830,-1.57921298,-0.02065924,1.14259467,-1.46151879,0.03377988,0.80175210,-1.65849407,-0.13451557,1.29626389,-1.75921865,0.87214413,0.04586163,0.33071442,0.32020407,0.07309994,0.15006646,-0.28387622,0.26243623,-0.09825543,-0.30034275,-0.29724839,0.12033404,-0.26030179,-0.17842558,-0.11791328,-0.30102395,1.04581318,0.44959770,0.01369574,0.02335101,0.99650422,0.07903472,0.94989319,0.31298549,0.03632785,0.80222588,0.58813336,0.01986132,1.32028141,0.28375417,0.05990228,1.24064579,0.53779907,0.01918012,0.60144949,4.17533092,-2.69940495,0.24350567,0.06211710,-5.17882304,0.35515728,2.73514628,-0.47277542,1.05776769,-3.08193231,-2.11378808
1.02109259,0.06997299,-0.08890619,0.47618448,-0.47571276,0.08752712,0.10500274,0.65853506,-1.62004137,-0.02118900,1.12781847,-1.57732439,0.03989780,0.84914607,-1.65964401,-0.11344001,1.21603096,-1.79194343,0.87214413,0.04586163,0.33071442,0.31875950,0.09785357,0.14668629,-0.27825226,0.24240740,-0.09963960,-0.29902384,-0.27309918,0.12262993,-0.26163775,-0.19432747,-0.11933140,-0.29887491,1.02533913,0.45142949,0.00924532,0.01828127,0.99670846,0.07843833,0.90570641,0.32189107,0.04050724,0.80154228,0.58782732,0.01973566,1.27584553,0.28751546,0.05712175,1.23596668,0.53883189,0.01988459,0.35419506,3.76166201,-1.92150581,-0.07301084,-0.87864155,-5.83898258,0.29623634,2.30979657,0.01249552,1.04845667,-4.15851116,-1.55053842
0.98728873,0.08303469,-0.04628796,0.46266115,-0.33423114,0.29739169,0.10721525,0.72364856,-1.63901231,-0.03361065,1.07865112,-1.68717172,0.04420306,0.89261194,-1.65311930,-0.09562017,1.11537216,-1.80601327,0.87214413,0.04586163,0.33071442,0.31805659,0.13008757,0.14041796,-0.27297402,0.22431681,-0.10220819,-0.29859332,-0.24625423,0.12430556,-0.26483960,-0.20940446,-0.12106720,-0.29747560,1.00553436,0.45275381,0.00617752,0.01341890,0.99703235,0.07555304,0.85575562,0.33356360,0.04508257,0.79920006,0.58762671,0.01946327,1.23022213,0.29272749,0.05321699,1.23080387,0.54085116,0.02058099,0.10340809,3.24777150,-0.92110634,-0.63825407,-2.53386641,-5.47915316,0.21382926,2.17340755,0.33714293,0.88608649,-5.06343937,-0.67416282
0.94606090,0.08718104,0.00489686,0.43238483,-0.15077216,0.52352890,0.10380235,0.78260266,-1.63785994,-0.05669910,0.97149277,-1.77885787,0.04882357,0.93761262,-1.64240234,-0.08177436,0.99720378,-1.79973929,0.87214413,0.04586163,0.33071442,0.31829090,0.17336916,0.13191647,-0.26774091,0.20644806,-0.10582082,-0.29931558,-0.21681654,0.12524909,-0.26976244,-0.22464776,-0.12237889,-0.29674934,0.98651390,0.45370822,0.00481324,0.00899661,0.99746299,0.07045194,0.79631538,0.34748513,0.05054998,0.79700012,0.58751172,0.01897532,1.18356075,0.29921134,0.04852846,1.22614002,0.54327681,0.02154156,-0.19081126,2.92562604,0.12164781,-1.17523260,-5.56033220,-4.46876011,0.24134596,2.26481285,0.52323241,0.67707696,-5.93101463,0.37049100
0.91011957,0.08174639,0.05014929,0.39565937,0.03578221,0.71802516,0.09388376,0.83277806,-1.61698420,-0.08177892,0.80368809,-1.81918635,0.05701643,0.98545318,-1.63363724,-0.07388091,0.87378916,-1.77346509,0.87214413,0.04586163,0.33071442,0.31941950,0.22351997,0.12350771,-0.26271107,0.18920079,-0.11082117,-0.30102782,-0.18710051,0.12490975,-0.27575756,-0.23943818,-0.12235399,-0.29609579,0.96820850,0.45441432,0.00525967,0.00504969,0.99796167,0.06339831,0.73085117,0.36019739,0.05670843,0.79455967,0.58829618,0.01839168,1.13799038,0.30682313,0.04366194,1.22120991,0.54547161,0.02332371,-0.52065374,2.46514010,1.11296215,-1.23228419,-8.59186726,-1.73394142,0.42472563,2.39086795,0.44396779,0.36557596,-6.17800102,1.40012875
0.88206584,0.06661106,0.08297205,0.32242214,0.15909910,0.79475872,0.08046988,0.87345303,-1.58403881,-0.09692286,0.61623639,-1.79424868,0.06834120,1.03455029,-1.62297668,-0.07296622,0.74902672,-1.72677619,0.87214413,0.04586163,0.33071442,0.32125431,0.27063715,0.11814841,-0.25876302,0.17316834,-0.11638446,-0.30309347,-0.15790069,0.12301527,-0.28270154,-0.25428440,-0.12096328,-0.29583482,0.95049000,0.45505002,0.00690242,0.00186982,0.99843428,0.05547842,0.66842670,0.36762110,0.06249129,0.79128590,0.58990798,0.01816084,1.09378567,0.31529403,0.03855277,1.21661320,0.54708866,0.02541949,-0.68092289,1.98237405,1.69879091,-0.67954462,-9.36742077,1.61706306,0.58247464,2.46858048,0.54626941,0.00504345,-6.24432964,2.45217254
0.86265779,0.04258909,0.10860331,0.22524862,0.24483473,0.72330561,0.06799082,0.90759540,-1.54278028,-0.09929085,0.44385812,-1.71681082,0.08136352,1.08217585,-1.60055733,-0.08062994,0.62145436,-1.65992832,0.87214413,0.04586163,0.33071442,0.32366824,0.31042403,0.11632410,-0.25728780,0.15767525,-0.12115279,-0.30550723,-0.12846926,0.11909930,-0.29048780,-0.27042889,-0.11845568,-0.29695942,0.93322086,0.45582813,0.00935335,-0.00033837,0.99879840,0.04810577,0.61305428,0.36987624,0.06638044,0.78791904,0.59157372,0.01816101,1.04964924,0.32493341,0.03318044,1.21378231,0.54774553,0.02670883,-0.60948992,1.66747916,2.12029696,-0.02946630,-8.47076035,4.21180487,0.65997356,2.35969996,1.23193491,-0.44862446,-6.40361261,3.48511910
0.85695336,0.01893729,0.10526027,0.17539483,0.26054608,0.48725968,0.06128716,0.93651599,-1.49777720,-0.09171290,0.31592419,-1.60977647,0.09552917,1.12776377,-1.57055798,-0.09321202,0.51307600,-1.58768106,0.87214413,0.04586163,0.33071442,0.32619275,0.33854261,0.11700378,-0.26044086,0.14267818,-0.12392980,-0.30806319,-0.10342536,0.11406165,-0.29744285,-0.28744252,-0.11533057,-0.29825105,0.91616764,0.45690978,0.01203735,-0.00191632,0.99899469,0.04313973,0.56880188,0.36951407,0.06575190,0.78469944,0.59267343,0.01812957,1.00937939,0.33436005,0.02874990,1.21247921,0.54704189,0.02794170,-0.32725630,1.44220293,2.24877405,0.38671836,-6.32881470,5.35903740,0.70677248,2.27546864,1.50012147,-0.62710303,-5.36948824,3.59747005
0.85784028,0.00472333,0.08517529,0.19393755,0.27747804,0.19545043,0.05961531,0.96332842,-1.45497482,-0.07856676,0.23492469,-1.50319369,0.10810239,1.17231939,-1.54331498,-0.10368433,0.44113262,-1.52914519,0.87214413,0.04586163,0.33071442,0.32843675,0.35533042,0.11879233,-0.26737614,0.12840446,-0.12533619,-0.30994747,-0.08659496,0.10947208,-0.30317628,-0.30366176,-0.11290352,-0.29831382,0.89911938,0.45819979,0.01488567,-0.00368341,0.99904084,0.04101533,0.53525543,0.36890053,0.06106061,0.78140850,0.59362880,0.01848928,0.97646008,0.34200495,0.02526047,1.21100597,0.54586060,0.03012293,-0.07290834,1.33867252,2.12501187,0.67388476,-3.92003851,5.28802109,0.62028700,2.23709383,1.33381598,-0.51252264,-3.47996712,2.86414409
0.85921586,0.00345754,0.04752495,0.24341949,0.27557351,-0.04551611,0.06063336,0.98793569,-1.41514058,-0.05966918,0.19604128,-1.41215594,0.11732048,1.21686351,-1.52241185,-0.10970500,0.41064779,-1.49259155,0.87214413,0.04586163,0.33071442,0.33007272,0.36178318,0.12198050,-0.27650423,0.11506031,-0.12626997,-0.31101646,-0.07934439,0.10590477,-0.30816737,-0.31865330,-0.11191507,-0.29666894,0.88203678,0.45953360,0.01775555,-0.00595901,0.99897230,0.04127429,0.51144142,0.36774366,0.05356849,0.77775955,0.59484524,0.01905626,0.95239544,0.34745767,0.02190535,1.20882015,0.54484208,0.03340378,0.05643314,1.21220965,1.99224460,0.96923742,-1.78288140,4.47867231,0.44410074,2.20846500,1.03842545,-0.27870349,-1.34405874,1.73315747
0.86146750,0.01101994,-0.00915758,0.27461917,0.22118043,-0.19187682,0.06194825,1.01120749,-1.37817616,-0.03697836,0.19260599,-1.34423807,0.12257111,1.25808527,-1.50845292,-0.11179087,0.42111292,-1.48568604,0.87214413,0.04586163,0.33071442,0.33072117,0.35919595,0.12637866,-0.28657126,0.10214413,-0.12740477,-0.31130445,-0.08147839,0.10343597,-0.31170166,-0.33153288,-0.11238881,-0.29361995,0.86487103,0.46080329,0.02014499,-0.00861843,0.99883365,0.04302613,0.49616814,0.36566403,0.04414991,0.77401810,0.59649097,0.01941672,0.93718777,0.35076686,0.01901951,1.20481396,0.54437423,0.03710122,0.06318193,1.16838875,1.81898963,1.14811494,0.02142761,3.23790960,0.23966063,2.04660559,0.63523579,-0.08727514,0.75257386,0.14331864
0.86916892,0.02107412,-0.07243460,0.26132601,0.12131410,-0.22505742,0.06270070,1.03674293,-1.34755266,-0.01697362,0.22130071,-1.30991089,0.12402021,1.29784858,-1.51322973,-0.11195833,0.47164455,-1.51709616,0.87214413,0.04586163,0.33071442,0.33020225,0.34876103,0.13042964,-0.29578518,0.08899314,-0.12878323,-0.31038576,-0.09221733,0.10197815,-0.31191373,-0.34059412,-0.11405032,-0.28830869,0.84750843,0.46199119,0.02159780,-0.01124271,0.99868076,0.04520934,0.48843384,0.36344382,0.03441707,0.77045345,0.59825355,0.01981649,0.93018436,0.35213551,0.01828852,1.19697666,0.54495978,0.04189356,0.03327928,1.29700887,1.48238170,0.96658915,1.65943968,1.45944345,0.04587516,1.98082197,-0.39484259,0.00230178,2.81258750,-1.85268390
0.89013168,0.02563121,-0.12319355,0.15582340,-0.00751162,-0.14185899,0.06256140,1.07189422,-1.33621428,-0.01151711,0.28645691,-1.32674282,0.11922268,1.34129155,-1.55949302,-0.11135451,0.54751885,-1.56443624,0.87214413,0.04586163,0.33071442,0.32853659,0.33067052,0.13093439,-0.30190439,0.07570909,-0.12997383,-0.30680703,-0.10943670,0.10154950,-0.31026877,-0.34266387,-0.11709225,-0.27870220,0.82966747,0.46319290,0.02161492,-0.01287774,0.99859553,0.04662544,0.48828773,0.36345985,0.02663220,0.76632671,0.59962242,0.02172956,0.92922440,0.35194044,0.01826782,1.18170643,0.54803213,0.04983439,-0.01136389,1.76149738,0.53751607,0.25240810,3.29195938,-0.90169425,-0.25449343,2.15526435,-2.35078092,0.02929500,3.80720177,-2.36821008
0.92624127,0.01987781,-0.14438790,-0.01781763,-0.15138575,-0.02144169,0.05970895,1.10087605,-1.33992746,-0.01832591,0.37039288,-1.37716296,0.10296902,1.36384833,-1.62014298,-0.11152971,0.62922297,-1.60848937,0.87214413,0.04586163,0.33071442,0.32641633,0.30925757,0.12873425,-0.30454604,0.06656807,-0.13104814,-0.30300351,-0.12923065,0.10185229,-0.30782620,-0.33696028,-0.12193443,-0.26964037,0.81113377,0.46458520,0.02019034,-0.01287806,0.99861312,0.04688650,0.49122391,0.36523515,0.02187030,0.75706959,0.60126727,0.02341282,0.93030891,0.35113153,0.01859014,1.15799198,0.55458304,0.05677596,-0.14775815,1.36773195,-0.18916081,-0.36100601,4.21384907,-2.55639815,-0.85415934,1.00339644,-2.98828244,-0.01207021,4.07606926,-2.16375570
0.96624596,0.00251985,-0.13946280,-0.22402865,-0.34551428,0.05186882,0.05842977,1.11189764,-1.37727218,-0.02960101,0.45745764,-1.43790319,0.07390229,1.34527299,-1.67370570,-0.11270030,0.70440950,-1.63947225,0.87214413,0.04586163,0.33071442,0.32429031,0.28706808,0.12641512,-0.30507687,0.06872923,-0.13051132,-0.30011530,-0.14943726,0.10284227,-0.30508487,-0.32336023,-0.12851929,-0.26428272,0.79186420,0.46634455,0.01683312,-0.01096628,0.99872110,0.04639557,0.49434757,0.36698298,0.01921343,0.73548260,0.60264578,0.02417500,0.93116436,0.35014001,0.01920544,1.12571220,0.56444938,0.06000759,-0.03795482,0.53419586,-2.19654736,-0.56728625,4.35042486,-3.06942964,-1.49851468,-1.09120266,-2.69569421,-0.06186246,3.71242380,-1.49624193
1.00391412,-0.02281741,-0.11250735,-0.39549549,-0.53660033,0.01809300,0.06468972,1.10725334,-1.47729726,-0.03855789,0.53610542,-1.49427216,0.03937418,1.29462621,-1.72376812,-0.11428546,0.76598575,-1.65469713,0.87214413,0.04586163,0.33071442,0.32246869,0.26617268,0.12588981,-0.30451667,0.08686769,-0.12693246,-0.29553932,-0.16860780,0.10447023,-0.30227033,-0.30363349,-0.13552612,-0.26063072,0.77194271,0.46861887,0.01149709,-0.00741499,0.99884097,0.04614714,0.49531269,0.36776267,0.01795203,0.69712696,0.60300803,0.02692938,0.93021908,0.34907302,0.02019837,1.08676147,0.57562249,0.06183797,0.36238426,-0.37199016,-5.29874568,-0.42113035,3.85103178,-2.74231744,-1.73584096,-2.69061735,-2.45055890,-0.08007108,2.98961210,-0.65656610
1.03456877,-0.04248469,-0.06649731,-0.48600037,-0.55644243,-0.08709946,0.07742013,1.07400644,-1.60333431,-0.04432326,0.60156214,-1.53544068,0.00823802,1.22327566,-1.76042926,-0.11674889,0.81775469,-1.65894067,0.87214413,0.04586163,0.33071442,0.32128400,0.24765592,0.12687829,-0.30403215,0.11709193,-0.12119706,-0.28991130,-0.18654960,0.10626036,-0.29957606,-0.28167667,-0.14125597,-0.25887446,0.75148010,0.47135037,0.00569870,-0.00293546,0.99888033,0.04687206,0.49303436,0.36821282,0.01725185,0.64624786,0.60297644,0.03137270,0.92726326,0.34809333,0.02170794,1.04514313,0.58561772,0.06240954,0.67653173,-1.87848318,-6.41322565,-0.26971018,3.18160391,-1.94448698,-1.51817048,-3.69542575,-1.72532547,-0.13154760,2.53497338,-0.15470265
1.03741672,-0.05302716,-0.02245396,-0.52376641,-0.38208451,-0.21250347,0.09647864,0.99887085,-1.72191138,-0.04879989,0.65891467,-1.55994883,-0.01478074,1.13548186,-1.78055215,-0.12057508,0.87087984,-1.66418548,0.87214413,0.04586163,0.33071442,0.32086738,0.23087095,0.12855440,-0.30366012,0.15582842,-0.11394958,-0.28251041,-0.20365269,0.10812650,-0.29610853,-0.25769457,-0.14472947,-0.25982382,0.73092365,0.47442797,0.00156588,0.00209461,0.99879638,0.04897912,0.48858185,0.36908055,0.01720726,0.58699265,0.60307815,0.03835697,0.92301922,0.34689346,0.02475885,1.00154305,0.59324824,0.06104356,0.95544322,-3.83118410,-5.88943243,-0.22357525,2.86716676,-1.20767630,-1.14194767,-4.40981760,-0.98336362,-0.19363277,2.65352774,-0.25717733
1.01630577,-0.05776235,0.02611883,-0.54234043,-0.15617405,-0.33293842,0.11622397,0.87100534,-1.80708327,-0.05299571,0.71639308,-1.57223015,-0.03195160,1.03339548,-1.78376946,-0.12580113,0.92246199,-1.66411424,0.87214413,0.04586163,0.33071442,0.32129142,0.21390985,0.13048625,-0.30326205,0.20123059,-0.10696632,-0.27393368,-0.21974534,0.10979121,-0.29339740,-0.23147684,-0.14655425,-0.26325046,0.71079273,0.47769822,-0.00037455,0.00743517,0.99860609,0.05225383,0.48443375,0.37024732,0.01802937,0.52182350,0.60508022,0.04735774,0.91788082,0.34557461,0.02789402,0.95629959,0.59929615,0.05804097,0.98154471,-6.54854918,-4.12164650,-0.20826440,2.87747645,-0.58045145,-0.84501517,-5.14660654,-0.10571336,-0.26368438,2.57732582,0.03140831
0.98265761,-0.05522689,0.06429324,-0.49577181,0.04971090,-0.43385597,0.13291911,0.69914109,-1.84055195,-0.05587064,0.77442653,-1.57216735,-0.04410427,0.91892992,-1.76724792,-0.13128103,0.97193773,-1.65431023,0.87214413,0.04586163,0.33071442,0.32246210,0.19630841,0.13264434,-0.30295208,0.24926340,-0.10147701,-0.26447870,-0.23558585,0.11117102,-0.29221159,-0.20337859,-0.14719617,-0.26868288,0.69132977,0.48104451,-0.00026987,0.01247655,0.99832409,0.05650909,0.48130951,0.37139504,0.01951002,0.45510674,0.60999607,0.05798340,0.91286888,0.34400396,0.03025051,0.91001682,0.60435523,0.05377922,0.81569886,-8.72265110,-1.43029678,-0.13359103,2.90011001,0.05935192,-0.58450764,-5.76249323,0.91316119,-0.27176964,2.45628524,0.53183552
0.94883406,-0.04674753,0.09015933,-0.38591541,0.24321919,-0.49681720,0.14289772,0.51540321,-1.81840467,-0.05579693,0.83036492,-1.55800242,-0.04919308,0.80055429,-1.73172412,-0.13696839,1.01932657,-1.63821783,0.87214413,0.04586163,0.33071442,0.32419791,0.17828017,0.13517923,-0.30293160,0.29417406,-0.09825067,-0.25537000,-0.25081748,0.11199800,-0.29222458,-0.17489712,-0.14634875,-0.27555079,0.67254620,0.48436313,0.00178174,0.01659821,0.99797465,0.06138337,0.47904053,0.37205640,0.02126631,0.39263382,0.61793197,0.06882791,0.90774384,0.34246516,0.03197333,0.86406345,0.60816983,0.04864711,0.45082333,-9.17619019,1.42038622,0.02301653,2.77753091,0.79305549,-0.20692800,-5.91866655,1.87912843,-0.28866807,2.36607432,0.82586855
0.92891026,-0.03334885,0.10443365,-0.28232292,0.39534582,-0.49191407,0.14508961,0.35601225,-1.75476968,-0.05330495,0.88055861,-1.52636635,-0.04541005,0.68615162,-1.68238676,-0.14523433,1.06968987,-1.62324250,0.87214413,0.04586163,0.33071442,0.32635775,0.15984844,0.13794414,-0.30378217,0.33107115,-0.09683236,-0.24881795,-0.26584480,0.11170845,-0.29229034,-0.14723071,-0.14342622,-0.28313836,0.65419865,0.48758161,0.00542843,0.01977593,0.99759192,0.06625561,0.47749233,0.37201783,0.02257559,0.33886433,0.62739891,0.07753980,0.90291119,0.34165591,0.03406741,0.81912422,0.61024994,0.04321939,0.05578100,-7.73142958,3.44011521,0.13911612,2.46193147,1.71411026,0.25411382,-5.68046045,2.55353427,-0.43693271,2.54959321,0.72697157
0.93026982,-0.01326179,0.09482617,-0.23837816,0.43882380,-0.35305410,0.12996448,0.23734634,-1.65388851,-0.04835508,0.92282954,-1.47561464,-0.03162752,0.57341449,-1.61890473,-0.15782749,1.12822196,-1.60461287,0.87214413,0.04586163,0.33071442,0.32854894,0.14034946,0.14126665,-0.30558626,0.35788942,-0.09851548,-0.24905045,-0.28350123,0.11010647,-0.29182079,-0.11990034,-0.13779836,-0.29108483,0.63586121,0.49053234,0.00970478,0.02242738,0.99726350,0.06977351,0.47716293,0.37024478,0.02296268,0.29523182,0.63805100,0.07949850,0.90121269,0.34192222,0.03672815,0.77382641,0.61024066,0.03746411,-0.76650929,-5.85987253,5.07034588,0.24788876,2.10479734,2.55024266,0.69446744,-5.61506748,3.18407798,-0.63133508,2.93685842,0.93764443
0.93541360,0.00127373,0.05924169,-0.23009687,0.46741859,-0.09756032,0.10947774,0.17443424,-1.54410782,-0.04424126,0.95929354,-1.41803937,-0.01591018,0.48621402,-1.55520153,-0.17047487,1.19062445,-1.58080606,0.87214413,0.04586163,0.33071442,0.33025836,0.12094518,0.14435731,-0.30706439,0.37158082,-0.10018077,-0.25761180,-0.30304404,0.10865613,-0.29047362,-0.09875354,-0.13137098,-0.29890779,0.61738892,0.49322647,0.01424583,0.02503328,0.99707416,0.07080614,0.47717628,0.36749983,0.02319396,0.26379223,0.64514049,0.07264655,0.90193977,0.34265205,0.03978474,0.73379116,0.60924851,0.03135056,-1.02668982,-2.95517983,5.44659042,0.19535413,1.80887735,2.88371205,0.77851135,-4.21359978,3.13748622,-0.62452444,3.10755849,1.21129556
0.93645554,-0.00097215,-0.00742110,-0.22874961,0.45556547,0.11157085,0.08686072,0.17017715,-1.45488889,-0.04394453,0.99230306,-1.36233397,-0.00318350,0.45326151,-1.51673028,-0.18070416,1.24907866,-1.55949910,0.87214413,0.04586163,0.33071442,0.33083750,0.10233776,0.14626829,-0.30766865,0.37077163,-0.10206294,-0.27145584,-0.32099822,0.10809140,-0.28790025,-0.09039307,-0.12566240,-0.30559740,0.59885120,0.49585886,0.01860130,0.02765677,0.99700802,0.06974318,0.47702065,0.36537995,0.02316885,0.24604702,0.64888715,0.05938166,0.90152836,0.34383864,0.04293725,0.70596657,0.60760968,0.02524010,-1.14744794,-0.00715454,4.34021583,-0.00266062,1.64457595,2.75667405,0.62113785,-1.39799297,1.76659002,-0.50297264,2.90835834,0.99843971
0.93117818,-0.01421178,-0.07606513,-0.22677296,0.40867106,0.19461349,0.06386151,0.20058247,-1.39522259,-0.04631538,1.02544587,-1.31850238,0.00558821,0.47393054,-1.51658037,-0.18821927,1.30659666,-1.56236527,0.87214413,0.04586163,0.33071442,0.33020059,0.08541054,0.14727086,-0.30648824,0.36094997,-0.10473725,-0.28517989,-0.33383802,0.10859901,-0.28244361,-0.09405487,-0.12120124,-0.30977879,0.58037014,0.49858034,0.02254348,0.03024189,0.99698708,0.06777898,0.47563934,0.36435989,0.02371235,0.23711491,0.65165097,0.04502070,0.89624004,0.34538839,0.04775698,0.69010239,0.60579457,0.02042180,-1.13718531,1.66119015,2.80851865,-0.12772085,1.66437280,2.10143695,0.41423222,1.32003441,-0.21874523,-0.35710588,2.88088965,-0.31813141
0.93084641,-0.02798319,-0.13408682,-0.19005796,0.22653966,0.15820777,0.05133600,0.25380045,-1.37699687,-0.04768147,1.06199574,-1.29299450,0.00988974,0.53164852,-1.54693508,-0.18998797,1.35754919,-1.58771586,0.87214413,0.04586163,0.33071442,0.32848212,0.06996833,0.14820414,-0.30306944,0.34569299,-0.10568151,-0.29539475,-0.34086580,0.11047094,-0.27479024,-0.10641933,-0.11856555,-0.31077693,0.56187534,0.50143409,0.02490197,0.03240834,0.99697591,0.06609564,0.47274208,0.36390120,0.02541268,0.23339176,0.65233392,0.03308737,0.88493538,0.34643236,0.05369188,0.68317509,0.60472608,0.01770519,-0.52792597,2.81856346,0.58427805,-0.05366765,1.85794818,1.13722801,0.18255144,3.11309671,-1.70966136,-0.04029572,2.47947669,-1.40496242
0.95292288,-0.02971702,-0.16406515,-0.05062059,-0.03756748,0.03507796,0.05735189,0.32734619,-1.40592694,-0.04361581,1.09363310,-1.28434052,0.01269086,0.60382013,-1.58444004,-0.18377905,1.38507175,-1.61828110,0.87214413,0.04586163,0.33071442,0.32601537,0.05796756,0.14966344,-0.29892245,0.32638688,-0.10301724,-0.30084226,-0.34188984,0.11303338,-0.26817608,-0.12365282,-0.11757772,-0.30965417,0.54292660,0.50434817,0.02454116,0.03295208,0.99699091,0.06573447,0.46559391,0.36371019,0.02709292,0.23311462,0.64980431,0.02517310,0.86677380,0.34690549,0.05783929,0.68110085,0.60446020,0.01636119,0.30940845,3.68965197,-1.48781190,0.21126825,1.57844484,0.39714141,0.14240229,3.61225581,-1.88346424,0.31943411,1.34239473,-1.54548156
0.98827268,-0.01562033,-0.14744641,0.12614403,-0.25418351,-0.07842763,0.06858677,0.40729665,-1.45881562,-0.03491052,1.12132165,-1.30274444,0.01723204,0.67519927,-1.62156343,-0.17189885,1.38773761,-1.66033990,0.87214413,0.04586163,0.33071442,0.32382088,0.05183454,0.15126121,-0.29400739,0.30635696,-0.10059581,-0.30227000,-0.33522080,0.11560411,-0.26316309,-0.14151644,-0.11736813,-0.30662962,0.52329235,0.50714220,0.02221936,0.03160576,0.99703679,0.06652072,0.45163326,0.36420253,0.02981349,0.23320084,0.64792933,0.02155088,0.83997326,0.34761008,0.06065779,0.67927551,0.60446349,0.01719126,0.57086480,3.99974470,-2.67747664,0.44173352,1.36205423,-1.01298802,0.23272849,3.54265571,-1.81127210,0.60578207,0.05339243,-2.13177664
1.01768788,0.00868787,-0.12262236,0.28712264,-0.42067703,-0.12349331,0.08244617,0.48875523,-1.51762888,-0.02586016,1.13795421,-1.35397770,0.02355943,0.73821430,-1.64373236,-0.15581548,1.36008446,-1.70765400,0.87214413,0.04586163,0.33071442,0.32202403,0.05520511,0.15187134,-0.28954862,0.28595853,-0.09881174,-0.30186723,-0.32079411,0.11795301,-0.26062208,-0.15927893,-0.11759590,-0.30401331,0.50305862,0.50964402,0.01835944,0.02857294,0.99711964,0.06781553,0.42765961,0.36671923,0.03247541,0.23324547,0.64652683,0.02015680,0.80477180,0.34904848,0.06140195,0.67688541,0.60442176,0.01801072,0.70097339,4.08356581,-2.93382287,0.44303070,0.76581426,-2.70437174,0.32289256,3.11971211,-1.04869643,0.82265633,-1.52604673,-2.36058402
1.02843856,0.03815805,-0.10670471,0.42512387,-0.49544670,-0.07304148,0.09525454,0.57149432,-1.57272079,-0.01988339,1.14216950,-1.44539039,0.03073542,0.79379449,-1.65498590,-0.13609074,1.30471175,-1.75173693,0.87214413,0.04586163,0.33071442,0.32041692,0.07013756,0.15069719,-0.28475817,0.26494053,-0.09837403,-0.30066952,-0.30064011,0.12028369,-0.26027073,-0.17644892,-0.11837975,-0.30150905,0.48253746,0.51168159,0.01377065,0.02412752,0.99725090,0.06869403,0.39231491,0.37207926,0.03565876,0.23366890,0.64560460,0.01974740,0.76374817,0.35114132,0.06014619,0.67360783,0.60463374,0.01890787,0.62190509,4.13912268,-2.72422147,0.27758964,0.15240526,-4.82971959,0.36076208,2.73569989,-0.51327320,1.00416249,-2.90244179,-2.17695518
1.01399393,0.06399364,-0.08994203,0.48034275,-0.46696187,0.06712110,0.10366305,0.64873570,-1.61513436,-0.01905574,1.12944579,-1.55904186,0.03719539,0.84198165,-1.65778875,-0.11572721,1.22762883,-1.78667033,0.87214413,0.04586163,0.33071442,0.31896988,0.09403108,0.14771883,-0.27932927,0.24482266,-0.09954837,-0.29934146,-0.27684134,0.12243744,-0.26145224,-0.19237783,-0.11967607,-0.29924203,0.46219540,0.51319355,0.00936959,0.01907384,0.99743961,0.06828346,0.34886837,0.37970316,0.03964061,0.23326492,0.64524978,0.01962841,0.71971798,0.35408926,0.05751763,0.66911697,0.60547060,0.01972784,0.38568330,3.80600786,-2.00908184,0.00051565,-0.77639574,-5.77541780,0.31485689,2.35708213,-0.08033752,1.01560187,-4.00434494,-1.66877019
0.98054570,0.07839874,-0.05197159,0.46733730,-0.33492736,0.26902694,0.10654008,0.71460819,-1.63653009,-0.02961260,1.08663087,-1.66908715,0.04184864,0.88556788,-1.65227141,-0.09825915,1.13000271,-1.80389988,0.87214413,0.04586163,0.33071442,0.31815972,0.12480931,0.14191057,-0.27405699,0.22671435,-0.10194890,-0.29876581,-0.25029707,0.12402802,-0.26443301,-0.20740560,-0.12130994,-0.29777675,0.44251270,0.51419555,0.00625384,0.01419528,0.99772012,0.06568060,0.30015774,0.38989335,0.04410273,0.23113995,0.64501806,0.01939391,0.67436638,0.35838975,0.05372672,0.66404572,0.60723484,0.02038298,0.13707938,3.28428817,-1.04269685,-0.54479636,-2.20735631,-5.49158287,0.23132201,2.17832065,0.28722810,0.86908218,-4.91158915,-0.83295679
0.93952124,0.08342040,-0.00202177,0.43844791,-0.15937825,0.49360126,0.10411050,0.77395387,-1.63810751,-0.05120659,0.99044139,-1.76455066,0.04647638,0.93024848,-1.64203110,-0.08435131,1.01421268,-1.80104926,0.87214413,0.04586163,0.33071442,0.31825378,0.16614237,0.13369975,-0.26886617,0.20900006,-0.10533706,-0.29931485,-0.22110851,0.12495843,-0.26915943,-0.22258280,-0.12265086,-0.29700921,0.42361355,0.51484178,0.00476735,0.00971484,0.99808668,0.06087592,0.24244442,0.40233998,0.04938761,0.22897549,0.64481465,0.01893893,0.62788391,0.36392062,0.04909435,0.65946045,0.60951266,0.02124457,-0.14068444,2.94869590,-0.01613615,-1.10530227,-5.01016736,-4.68076334,0.23783432,2.24992766,0.50243996,0.68139406,-5.81972075,0.20072792
0.90197567,0.08020854,0.04362918,0.39962020,0.02899322,0.69564324,0.09512475,0.82506779,-1.61964805,-0.07692957,0.83163996,-1.81446006,0.05397376,0.97794462,-1.63327487,-0.07598449,0.89146668,-1.77800450,0.87214413,0.04586163,0.33071442,0.31924872,0.21558521,0.12502050,-0.26383404,0.19177818,-0.11010962,-0.30091809,-0.19133831,0.12471544,-0.27502569,-0.23742286,-0.12285680,-0.29633091,0.40545921,0.51522287,0.00509962,0.00572072,0.99850851,0.05405581,0.17763138,0.41421996,0.05541468,0.22669640,0.64540294,0.01833062,0.58220711,0.37056994,0.04422303,0.65476322,0.61171597,0.02291781,-0.47643799,2.51055384,0.99787180,-1.27623341,-8.16480350,-2.22475281,0.39067128,2.38316679,0.44212243,0.39092615,-6.14642038,1.23778572
0.87336373,0.06679099,0.07761155,0.33006263,0.15732138,0.79346158,0.08202103,0.86644393,-1.58824818,-0.09435454,0.64565175,-1.80001709,0.06460010,1.02731627,-1.62454770,-0.07416366,0.76709112,-1.73453665,0.87214413,0.04586163,0.33071442,0.32096308,0.26347092,0.11901198,-0.25957870,0.17579849,-0.11563864,-0.30293269,-0.16206724,0.12302136,-0.28182282,-0.25206154,-0.12173982,-0.29581105,0.38790321,0.51551172,0.00668964,0.00245011,0.99890818,0.04617016,0.11457405,0.42132071,0.06138438,0.22352600,0.64687966,0.01803038,0.53792648,0.37805967,0.03914026,0.65012341,0.61347178,0.02515203,-0.66921514,2.01657114,1.62449872,-0.79818404,-9.34654598,1.09495487,0.54680409,2.48697758,0.43175694,0.05299661,-6.22595243,2.29207542
0.85309505,0.04501530,0.10476493,0.23283257,0.24206805,0.74689531,0.06922175,0.90143651,-1.54848766,-0.09893239,0.46985283,-1.73031688,0.07796218,1.07485735,-1.60354102,-0.08053426,0.63902736,-1.67008710,0.87214413,0.04586163,0.33071442,0.32328463,0.30451620,0.11660877,-0.25754665,0.16033613,-0.12057248,-0.30524743,-0.13248041,0.11941274,-0.28954314,-0.26795405,-0.11920447,-0.29688115,0.37080383,0.51590747,0.00909313,0.00014085,0.99921366,0.03859231,0.05819988,0.42313629,0.06573798,0.22024632,0.64848888,0.01803720,0.49367809,0.38663110,0.03374148,0.64715481,0.61408699,0.02640347,-0.62990510,1.71191084,2.04437971,-0.13695315,-8.66448402,3.85117984,0.68771744,2.34955049,1.17542970,-0.38142216,-6.43648243,3.37295270
0.84561155,0.02107346,0.10614552,0.17144248,0.26334353,0.52923987,0.06181217,0.93095486,-1.50405006,-0.09253357,0.33466944,-1.62617607,0.09224057,1.12115283,-1.57516944,-0.09280205,0.52646190,-1.59711952,0.87214413,0.04586163,0.33071442,0.32581077,0.33446624,0.11705793,-0.25988668,0.14532922,-0.12356460,-0.30780496,-0.10648081,0.11446542,-0.29665629,-0.28484675,-0.11605661,-0.29811339,0.35395451,0.51659362,0.01178843,-0.00142247,0.99937797,0.03320659,0.01245785,0.42198783,0.06592409,0.21714497,0.64952948,0.01800581,0.45260506,0.39531475,0.02915448,0.64587460,0.61349289,0.02769738,-0.36242363,1.47191894,2.22128677,0.32802280,-6.69243908,5.21992731,0.71368337,2.31110268,1.42114437,-0.61245128,-5.58207731,3.63681483
0.84586308,0.00523907,0.08883942,0.18207345,0.27541172,0.24041778,0.05964922,0.95827942,-1.46136532,-0.08043406,0.24611145,-1.51898556,0.10543997,1.16570597,-1.54735510,-0.10359374,0.44859926,-1.53594718,0.87214413,0.04586163,0.33071442,0.32810593,0.35308862,0.11863757,-0.26620360,0.13094101,-0.12507806,-0.30978185,-0.08831925,0.10981632,-0.30249494,-0.30120014,-0.11338514,-0.29840293,0.33712215,0.51750357,0.01459117,-0.00309603,0.99941954,0.03062835,-0.02256107,0.42068197,0.06190233,0.21407566,0.65035548,0.01832408,0.41856003,0.40249146,0.02561099,0.64469280,0.61225593,0.02970301,-0.09595736,1.36428297,2.11967463,0.62157267,-4.29529676,5.32558489,0.65036216,2.22858810,1.37231529,-0.52951289,-3.77708092,2.99848342
0.84733410,0.00224307,0.05470288,0.23078034,0.27915857,-0.01286912,0.06062143,0.98319664,-1.42146778,-0.06249951,0.20070664,-1.42511525,0.11523481,1.20924037,-1.52454660,-0.11006683,0.41215517,-1.49571319,0.87214413,0.04586163,0.33071442,0.32985824,0.36115558,0.12157683,-0.27502451,0.11752493,-0.12597492,-0.31098141,-0.07972164,0.10614363,-0.30759884,-0.31629794,-0.11214051,-0.29719566,0.32025700,0.51847879,0.01746491,-0.00526906,0.99936682,0.03054799,-0.04763336,0.41912607,0.05483373,0.21062355,0.65137837,0.01887683,0.39336529,0.40767632,0.02225940,0.64279823,0.61114503,0.03266258,0.05558180,1.22567713,1.99612994,0.92188363,-2.10391390,4.62819366,0.47491164,2.16466999,1.12717004,-0.30061213,-1.64012097,1.92258294
0.84895342,0.00866087,0.00067478,0.26715830,0.23299911,-0.17459580,0.06211791,1.00635369,-1.38416958,-0.04017958,0.19149927,-1.35270343,0.12127394,1.25041583,-1.50857089,-0.11253252,0.41610969,-1.48346701,0.87214413,0.04586163,0.33071442,0.33067828,0.35999474,0.12583167,-0.28506536,0.10465201,-0.12701925,-0.31144232,-0.08042514,0.10354072,-0.31144922,-0.32956399,-0.11233915,-0.29447943,0.30332470,0.51939982,0.01993385,-0.00786362,0.99925450,0.03211294,-0.06397667,0.41683506,0.04561291,0.20700531,0.65284834,0.01923595,0.37696743,0.41093032,0.01922906,0.63939514,0.61044468,0.03619885,0.07309529,1.16043437,1.83766356,1.13469355,-0.26472042,3.47132759,0.27922965,2.04723358,0.74371285,-0.10625266,0.41962870,0.42154739
0.85518792,0.01898216,-0.06213785,0.26220824,0.14126151,-0.22706845,0.06301036,1.03131139,-1.35265601,-0.01911256,0.21450259,-1.31194317,0.12354701,1.28959024,-1.50887632,-0.11285540,0.46116918,-1.51007807,0.87214413,0.04586163,0.33071442,0.33034661,0.35086898,0.13013371,-0.29450921,0.09161789,-0.12835494,-0.31075154,-0.08996199,0.10196612,-0.31208426,-0.33934160,-0.11374651,-0.28971004,0.28622723,0.52022713,0.02154833,-0.01049427,0.99912448,0.03429024,-0.07269287,0.41430175,0.03583740,0.20356750,0.65452605,0.01959507,0.36903286,0.41236854,0.01826236,0.63253021,0.61058879,0.04063657,0.03944680,1.26460063,1.53145540,1.03147340,1.37444878,1.79612863,0.08735641,1.94447982,-0.15054701,-0.00323161,2.55307293,-1.62374485
0.87435335,0.02453798,-0.11504504,0.17626914,0.01341152,-0.15484022,0.06319227,1.06465347,-1.33759685,-0.01128357,0.27422092,-1.32088583,0.12044122,1.33260400,-1.54723172,-0.11219420,0.53394178,-1.55602095,0.87214413,0.04586163,0.33071442,0.32883357,0.33382549,0.13122472,-0.30121528,0.07826493,-0.12954567,-0.30769052,-0.10636263,0.10141404,-0.31066447,-0.34287783,-0.11641224,-0.28082766,0.26868496,0.52103761,0.02176217,-0.01232606,0.99904477,0.03583340,-0.07362919,0.41389093,0.02761829,0.19983311,0.65582227,0.02114305,0.36756439,0.41231469,0.01816911,0.61897488,0.61276542,0.04800592,0.00573787,1.67951190,0.71655603,0.36987929,3.02445335,-0.51204156,-0.16796251,2.15121460,-1.98017249,0.03228360,3.65594940,-2.30299897
0.90798062,0.02043889,-0.14105676,0.01321228,-0.12154498,-0.03654900,0.06069694,1.09630377,-1.33854451,-0.01658567,0.35544965,-1.36673586,0.10688037,1.36296928,-1.61002636,-0.11218575,0.61470352,-1.60089591,0.87214413,0.04586163,0.33071442,0.32677767,0.31293164,0.12931105,-0.30437161,0.06788947,-0.13068044,-0.30371281,-0.12568911,0.10161566,-0.30836140,-0.33861391,-0.12084045,-0.27091878,0.25049038,0.52199682,0.02063551,-0.01261044,0.99905029,0.03624461,-0.07093563,0.41554081,0.02240605,0.19218121,0.65722402,0.02306485,0.36854095,0.41159955,0.01841627,0.59692249,0.61815599,0.05585889,-0.13475229,1.50355616,-0.02544164,-0.28856470,4.08385582,-2.33703079,-0.71922742,1.38914680,-3.07211041,-0.00222391,4.03138008,-2.20379286
0.94825994,0.00554589,-0.13829995,-0.18108777,-0.30641854,0.05123150,0.05799344,1.11037464,-1.36332719,-0.02762518,0.44158216,-1.42589424,0.08019122,1.35149515,-1.66219733,-0.11302265,0.69047779,-1.63339734,0.87214413,0.04586163,0.33071442,0.32469125,0.29105623,0.12683894,-0.30520228,0.06681631,-0.13075591,-0.30099024,-0.14568563,0.10252161,-0.30581419,-0.32681589,-0.12704967,-0.26527650,0.23154240,0.52326586,0.01770272,-0.01106401,0.99914164,0.03577978,-0.06780109,0.41745791,0.01948896,0.17419910,0.65844454,0.02370101,0.36956406,0.41063814,0.01887706,0.56656990,0.62673960,0.05941475,-0.11728468,0.68566698,-1.52136741,-0.56242988,4.31082420,-3.00194383,-1.38337080,-0.73386663,-2.63755393,-0.04500568,3.75225210,-1.58124578
0.98464923,-0.01887788,-0.11785020,-0.36135660,-0.51306631,0.03888105,0.06204754,1.11056366,-1.45087674,-0.03741153,0.52195830,-1.48413403,0.04602088,1.30649068,-1.71375515,-0.11438050,0.75432464,-1.65210629,0.87214413,0.04586163,0.33071442,0.32281519,0.26996956,0.12590461,-0.30468323,0.08133243,-0.12792471,-0.29677367,-0.16490698,0.10412877,-0.30287915,-0.30798207,-0.13409391,-0.26135865,0.21194324,0.52500749,0.01268201,-0.00780818,0.99926423,0.03534412,-0.06622677,0.41843836,0.01813196,0.13982677,0.65834507,0.02604152,0.36910324,0.40951788,0.01993604,0.52860832,0.63706713,0.06145654,0.25239021,-0.11149119,-4.72291188,-0.46633151,3.95704384,-2.85877824,-1.73441556,-2.42536619,-2.54275393,-0.06994092,3.10952902,-0.84134810
1.01734987,-0.04067616,-0.07518121,-0.46263555,-0.58115036,-0.05954684,0.07299442,1.08399475,-1.57358980,-0.04360909,0.58929932,-1.52832997,0.01350574,1.23860240,-1.75346291,-0.11634808,0.80621171,-1.65671468,0.87214413,0.04586163,0.33071442,0.32150263,0.25112241,0.12669633,-0.30414352,0.10933900,-0.12268924,-0.29154249,-0.18290043,0.10598256,-0.30033092,-0.28632568,-0.14022186,-0.25917557,0.19176865,0.52722114,0.00676982,-0.00351529,0.99932988,0.03579957,-0.06777096,0.41880703,0.01735911,0.09148312,0.65741515,0.02996014,0.36662197,0.40843064,0.02117170,0.48738861,0.64660877,0.06232706,0.59142929,-1.53555381,-6.31457043,-0.28548336,3.26758122,-2.09596395,-1.59625542,-3.53568053,-1.88445556,-0.10345235,2.51616216,-0.13646364
1.02589545,-0.05226563,-0.03109928,-0.50769367,-0.42908349,-0.18285665,0.09058124,1.01885124,-1.69512880,-0.04813702,0.64661162,-1.55528443,-0.01111053,1.15389581,-1.77679758,-0.12008285,0.85852677,-1.66171317,0.87214413,0.04586163,0.33071442,0.32094576,0.23439759,0.12831162,-0.30375507,0.14636636,-0.11574438,-0.28459081,-0.20004656,0.10779652,-0.29699873,-0.26275325,-0.14413709,-0.25960200,0.17137756,0.52979747,0.00223325,0.00138068,0.99928901,0.03761086,-0.07200260,0.41946980,0.01719069,0.03412647,0.65621744,0.03635494,0.36275444,0.40726745,0.02394702,0.44422283,0.65377419,0.06134376,0.88420322,-3.32454205,-6.04788876,-0.22599505,2.86318994,-1.32984771,-1.22131832,-4.25570288,-1.14526023,-0.18753056,2.61574936,-0.24748563
1.00911304,-0.05823014,0.01602461,-0.53643388,-0.21099144,-0.30686246,0.11024890,0.90396427,-1.78977711,-0.05241194,0.70306759,-1.57003348,-0.02953684,1.05465512,-1.78397665,-0.12462277,0.91041526,-1.66314998,0.87214413,0.04586163,0.33071442,0.32118005,0.21778789,0.13019372,-0.30334556,0.19037951,-0.10863735,-0.27628567,-0.21627719,0.10963642,-0.29405498,-0.23691782,-0.14630834,-0.26251213,0.15132256,0.53259152,-0.00019806,0.00665078,0.99915217,0.04062852,-0.07631626,0.42050880,0.01783449,-0.02960873,0.65632633,0.04489438,0.35798492,0.40575843,0.02712507,0.39933643,0.65918260,0.05866792,0.97987957,-5.90494728,-4.60881147,-0.21322201,2.82635856,-0.70477433,-0.90689127,-5.00550795,-0.30476329,-0.23108607,2.59017467,-0.04841852
0.97673763,-0.05739178,0.05740298,-0.50806662,0.00035590,-0.41321289,0.12778931,0.74076151,-1.83626859,-0.05576203,0.76042631,-1.57291217,-0.04294511,0.94202123,-1.77160323,-0.12983725,0.96045244,-1.65535340,0.87214413,0.04586163,0.33071442,0.32220469,0.20057942,0.13225846,-0.30298364,0.23822949,-0.10275261,-0.26697859,-0.23218886,0.11115171,-0.29254988,-0.20903829,-0.14724226,-0.26757066,0.13190823,0.53550072,-0.00054129,0.01177844,0.99893186,0.04467780,-0.07967453,0.42167127,0.01922105,-0.09620018,0.65910470,0.05522610,0.35325050,0.40407026,0.02965481,0.35325336,0.66349924,0.05463403,0.86275530,-8.32209797,-2.09021313,-0.15930452,2.86984253,-0.09058713,-0.64908160,-5.67867804,0.70581579,-0.25928950,2.49184489,0.43531891
0.94179403,-0.05000329,0.08419765,-0.41196902,0.19649251,-0.48637646,0.13935125,0.55678393,-1.82658303,-0.05635738,0.81666174,-1.56238813,-0.04984354,0.82320099,-1.73952854,-0.13515614,1.00814545,-1.63992095,0.87214413,0.04586163,0.33071442,0.32380520,0.18282848,0.13469083,-0.30285095,0.28434065,-0.09904684,-0.25759455,-0.24761618,0.11217163,-0.29239459,-0.18039179,-0.14680761,-0.27418097,0.11319027,0.53841367,0.00107417,0.01610339,0.99864647,0.04944446,-0.08204994,0.42244327,0.02095425,-0.15997467,0.66506593,0.06621064,0.34851379,0.40232882,0.03141060,0.30720272,0.66668229,0.04962422,0.53257751,-9.24466610,0.81168787,-0.01041994,2.79863167,0.60688157,-0.30115502,-5.95589132,1.71360245,-0.26842332,2.37122273,0.80249113
0.91741240,-0.03795095,0.10284562,-0.30319826,0.36454812,-0.49934992,0.14392389,0.39055848,-1.77176857,-0.05445321,0.86803943,-1.53548908,-0.04816604,0.70782351,-1.69257259,-0.14244258,1.05710924,-1.62422633,0.87214413,0.04586163,0.33071442,0.32588750,0.16474735,0.13733742,-0.30344418,0.32317706,-0.09716124,-0.25020246,-0.26253221,0.11218778,-0.29257920,-0.15254881,-0.14443478,-0.28163678,0.09499168,0.54125428,0.00441266,0.01944571,0.99832156,0.05437323,-0.08371258,0.42264551,0.02244332,-0.21570396,0.67298102,0.07568504,0.34376812,0.40118450,0.03330830,0.26234150,0.66824478,0.04425072,0.18149881,-8.11085701,3.02830672,0.11053025,2.52687669,1.46836269,0.14775103,-5.72700596,2.44167542,-0.38275835,2.46761060,0.77191824
0.91478670,-0.01913931,0.09610009,-0.24703101,0.42579939,-0.39407430,0.13262296,0.26326782,-1.67875502,-0.04976907,0.91166874,-1.48836360,-0.03615979,0.59472804,-1.63167560,-0.15410759,1.11345708,-1.60713620,0.87214413,0.04586163,0.33071442,0.32805891,0.14558075,0.14055487,-0.30515917,0.35209192,-0.09828287,-0.24861432,-0.27934648,0.11080119,-0.29225836,-0.12510378,-0.13937387,-0.28946127,0.07690983,0.54386185,0.00859170,0.02213212,0.99801698,0.05829639,-0.08408566,0.42126544,0.02289974,-0.26129913,0.68258078,0.07944459,0.34140930,0.40120355,0.03580055,0.21743050,0.66767613,0.03859764,-0.58134570,-6.30079193,4.68905630,0.23589240,2.17277381,2.37278361,0.60887043,-5.64578772,3.06154609,-0.58639185,2.83016229,0.85972160
0.92049197,-0.00202823,0.06965143,-0.23431673,0.45807107,-0.15414279,0.11290484,0.18549292,-1.56829956,-0.04499155,0.94923126,-1.43197212,-0.02042756,0.49843444,-1.56544220,-0.16675605,1.17555835,-1.58500934,0.87214413,0.04586163,0.33071442,0.32992340,0.12619469,0.14379452,-0.30679549,0.36931748,-0.10007123,-0.25522917,-0.29852634,0.10926109,-0.29107931,-0.10178469,-0.13304062,-0.29737273,0.05869045,0.54619232,0.01307564,0.02471079,0.99781245,0.05990586,-0.08387699,0.41861298,0.02312792,-0.29591675,0.68993998,0.07469423,0.34191513,0.40183255,0.03884410,0.17573204,0.66603054,0.03255067,-0.98858192,-3.71229210,5.50529718,0.23138129,1.86091650,2.82968593,0.78108199,-4.69158878,3.28155017,-0.62655020,3.09874654,1.13063470
0.92277402,-0.00110328,0.00787208,-0.23775596,0.44819413,0.07573095,0.09127456,0.16771192,-1.47311218,-0.04371185,0.98263513,-1.37541027,-0.00721027,0.45215283,-1.51911752,-0.17723654,1.23419402,-1.56114447,0.87214413,0.04586163,0.33071442,0.33076490,0.10741762,0.14600810,-0.30771641,0.37188964,-0.10173252,-0.26809353,-0.31709182,0.10853785,-0.28896597,-0.09038715,-0.12721737,-0.30440417,0.04038734,0.54841967,0.01739300,0.02736929,0.99771801,0.05922146,-0.08366642,0.41625471,0.02304850,-0.31672668,0.69375025,0.06267138,0.34228306,0.40286327,0.04179893,0.14529247,0.66395758,0.02636074,-1.09528420,-0.64201549,4.64163904,0.04399627,1.66302526,2.80957150,0.64677405,-2.06014247,2.17738564,-0.51408948,2.90976024,1.16204019
0.91973978,-0.01310656,-0.06130058,-0.23469862,0.42174945,0.18922803,0.06765316,0.19112506,-1.40599644,-0.04579290,1.01550132,-1.32851615,0.00251216,0.46181493,-1.51026652,-0.18539219,1.29091723,-1.55583808,0.87214413,0.04586163,0.33071442,0.33038871,0.09013973,0.14711517,-0.30704736,0.36389966,-0.10440332,-0.28209113,-0.33137765,0.10875018,-0.28446287,-0.09160656,-0.12244672,-0.30926243,0.02209740,0.55072370,0.02145498,0.02999217,0.99767317,0.05734449,-0.08447170,0.41503630,0.02334136,-0.32726440,0.69656383,0.04829759,0.33865261,0.40433195,0.04592584,0.12726688,0.66173874,0.02112629,-1.18721077,1.33556390,3.19279985,-0.11767137,1.64510095,2.26654954,0.46526334,0.78860440,0.20666169,-0.39446905,2.83905864,0.11093760
0.91742745,-0.02791013,-0.12023312,-0.21509747,0.27076602,0.18194466,0.05158320,0.23692629,-1.37390852,-0.04789422,1.05036187,-1.29744852,0.00777637,0.51338238,-1.53462315,-0.18907611,1.34698093,-1.58067822,0.87214413,0.04586163,0.33071442,0.32892349,0.07438362,0.14797394,-0.30436884,0.35015758,-0.10601050,-0.29358568,-0.33973334,0.11030292,-0.27653427,-0.10255773,-0.11933017,-0.31115940,0.00382042,0.55316657,0.02421585,0.03238013,0.99764224,0.05545349,-0.08671379,0.41448432,0.02455465,-0.33221340,0.69783801,0.03533781,0.32901382,0.40540078,0.05238922,0.11913300,0.66022164,0.01776409,-0.72491276,2.43148851,1.33561122,-0.09845919,1.76207530,1.43419492,0.22905721,2.84467554,-1.43196332,-0.14613567,2.79514050,-1.46628129
0.93527648,-0.03255167,-0.15818677,-0.09051231,0.02333237,0.06854288,0.05394428,0.30679278,-1.39510167,-0.04522446,1.08459294,-1.28562648,0.01055224,0.58351563,-1.57203662,-0.18460228,1.37923424,-1.60678151,0.87214413,0.04586163,0.33071442,0.32657060,0.06122550,0.14930026,-0.30014499,0.33162949,-0.10403655,-0.29982618,-0.34262333,0.11273022,-0.26989963,-0.11894496,-0.11804439,-0.31041113,-0.01482849,0.55568511,0.02443832,0.03336442,0.99764347,0.05474575,-0.09224472,0.41410172,0.02642561,-0.33286381,0.69588233,0.02674442,0.31316795,0.40562786,0.05667097,0.11648197,0.65980016,0.01615947,0.13263004,3.50846338,-1.10329337,0.14132227,1.70210540,0.56957812,0.14038791,3.51632285,-1.88404360,0.23262672,1.58252753,-1.32358491
0.96950755,-0.02238151,-0.15077107,0.08311832,-0.20120645,-0.05345458,0.06439252,0.38476270,-1.44265401,-0.03745842,1.11339920,-1.29466903,0.01463288,0.65593516,-1.61193831,-0.17436924,1.38918417,-1.64517124,0.87214413,0.04586163,0.33071442,0.32431340,0.05302071,0.15096140,-0.29547857,0.31189032,-0.10136997,-0.30221269,-0.33829004,0.11526270,-0.26441928,-0.13663525,-0.11764904,-0.30748391,-0.03413849,0.55811872,0.02259884,0.03251632,0.99768590,0.05527046,-0.10371170,0.41403503,0.02883482,-0.33273335,0.69373788,0.02210070,0.28913651,0.40574117,0.05989412,0.11479855,0.65974671,0.01682948,0.53040206,3.90383530,-2.42302885,0.40009328,1.43330371,-0.55315585,0.20910697,3.59553742,-1.95311732,0.52456869,0.42515227,-1.95024626
1.00254910,-0.00057330,-0.12532698,0.25110047,-0.37916736,-0.12064755,0.07766013,0.46444455,-1.50131042,-0.02771556,1.13454480,-1.33585002,0.02047836,0.72012886,-1.63804708,-0.15986045,1.37209320,-1.69252439,0.87214413,0.04586163,0.33071442,0.32247696,0.05308244,0.15206717,-0.29069189,0.29207111,-0.09941578,-0.30199242,-0.32626189,0.11758263,-0.26090577,-0.15414990,-0.11775406,-0.30472054,-0.05409927,0.56029890,0.01911737,0.02991226,0.99777081,0.05650837,-0.12416801,0.41527289,0.03178507,-0.33293591,0.69235632,0.02048454,0.25663471,0.40629603,0.06157119,0.11246738,0.65971599,0.01775642,0.67559406,3.99053288,-2.95303750,0.48332854,0.99469177,-2.17837696,0.29977252,3.17830372,-1.25144286,0.74236298,-0.98026935,-2.39577184
1.02014853,0.02786288,-0.10726430,0.39963261,-0.47533011,-0.09837729,0.09136164,0.54619023,-1.55733826,-0.02037108,1.14142623,-1.41158750,0.02755356,0.77673603,-1.65113626,-0.14156733,1.32435751,-1.73754544,0.87214413,0.04586163,0.33071442,0.32088636,0.06413823,0.15153420,-0.28651909,0.27133112,-0.09842962,-0.30110451,-0.30769807,0.11977809,-0.26012970,-0.17138178,-0.11833911,-0.30234867,-0.07446136,0.56205626,0.01469590,0.02579871,0.99789738,0.05761322,-0.15571327,0.41896728,0.03436727,-0.33257122,0.69123933,0.01978185,0.21729908,0.40745762,0.06075666,0.10946941,0.65975645,0.01853769,0.67720095,4.10148172,-2.75488877,0.34705462,0.26401803,-4.01311107,0.35855883,2.78587437,-0.57825849,0.93557608,-2.56751039,-2.19961734
1.01345277,0.05559148,-0.09399931,0.48074453,-0.47244515,0.01551866,0.10126625,0.62542999,-1.60379887,-0.01752800,1.13568449,-1.52095473,0.03434787,0.82661325,-1.65626371,-0.12153141,1.25386822,-1.77578008,0.87214413,0.04586163,0.33071442,0.31940714,0.08537496,0.14917300,-0.28118670,0.25084631,-0.09911245,-0.29981995,-0.28494762,0.12190897,-0.26094951,-0.18758720,-0.11948142,-0.30000104,-0.09478378,0.56329536,0.01023069,0.02082156,0.99806521,0.05768571,-0.19682980,0.42499107,0.03822044,-0.33249187,0.69073951,0.01958718,0.17416191,0.40926564,0.05845763,0.10535717,0.66029209,0.01940610,0.46119866,3.92982936,-2.25060940,0.10722499,-0.37329194,-5.69153976,0.33450720,2.44880295,-0.21485566,1.00876355,-3.66163707,-1.86958539
0.98357449,0.07283665,-0.06419877,0.48033019,-0.36360901,0.20204591,0.10576393,0.69399868,-1.63104444,-0.02387173,1.10307755,-1.63198390,0.03956950,0.87065086,-1.65284917,-0.10348953,1.16254206,-1.79900632,0.87214413,0.04586163,0.33071442,0.31838164,0.11389382,0.14439086,-0.27599841,0.23235336,-0.10117474,-0.29897615,-0.25918675,0.12358877,-0.26340615,-0.20265641,-0.12101857,-0.29832874,-0.11453362,0.56401368,0.00679638,0.01582551,0.99829604,0.05575288,-0.24382191,0.43322737,0.04238323,-0.33415222,0.69047348,0.01940549,0.12925091,0.41228676,0.05497549,0.10035648,0.66167309,0.02005291,0.21819225,3.41571784,-1.33552684,-0.33404368,-1.67816148,-5.54263067,0.25907314,2.20038414,0.17943906,0.89770921,-4.59275570,-1.13553133
0.94409084,0.08087295,-0.01755547,0.44935386,-0.20188117,0.41889931,0.10527050,0.75489882,-1.63908844,-0.04181724,1.02832627,-1.73369617,0.04394436,0.91463754,-1.64425623,-0.08868541,1.05300555,-1.80332322,0.87214413,0.04586163,0.33071442,0.31817375,0.15111216,0.13695864,-0.27086166,0.21474076,-0.10415287,-0.29913763,-0.23089529,0.12468982,-0.26757649,-0.21765766,-0.12251160,-0.29732864,-0.13353310,0.56436776,0.00486300,0.01122519,0.99858779,0.05169887,-0.29799252,0.44376240,0.04731209,-0.33635788,0.69015934,0.01903612,0.08323689,0.41647942,0.05059727,0.09562206,0.66372502,0.02084512,-0.04112407,3.03190446,-0.34394214,-0.92900794,-3.91993299,-5.03658152,0.22031654,2.20630789,0.43786953,0.72975267,-5.52669048,-0.15565397
0.90374363,0.08075532,0.02986157,0.41192936,-0.01116096,0.63613024,0.09842713,0.80866038,-1.62670958,-0.06752491,0.88994095,-1.80252037,0.05025418,0.96138387,-1.63488810,-0.07850105,0.93186730,-1.78717282,0.87214413,0.04586163,0.33071442,0.31888161,0.19851867,0.12806547,-0.26580117,0.19740443,-0.10843539,-0.30044892,-0.20112380,0.12484718,-0.27312545,-0.23259587,-0.12314465,-0.29666512,-0.15173435,0.56443260,0.00473735,0.00708498,0.99892810,0.04549747,-0.36107979,0.45495697,0.05308044,-0.33845615,0.69037589,0.01843269,0.03719845,0.42180722,0.04575616,0.09109936,0.66590787,0.02221649,-0.37276203,2.64289618,0.70665550,-1.29953995,-7.19086742,-3.21039214,0.33169285,2.35096464,0.45971344,0.48392662,-6.07319822,0.89181081
0.87302454,0.07129354,0.06695549,0.35149817,0.13391762,0.77679648,0.08624453,0.85266804,-1.59890511,-0.08899379,0.70834119,-1.81074204,0.05987353,1.01018612,-1.62640550,-0.07454212,0.80821091,-1.75091321,0.87214413,0.04586163,0.33071442,0.32035669,0.24794769,0.12085490,-0.26104339,0.18117109,-0.11382495,-0.30236591,-0.17169152,0.12363270,-0.27958770,-0.24720789,-0.12244968,-0.29611717,-0.16929989,0.56434953,0.00605167,0.00358263,0.99925941,0.03783073,-0.42568016,0.46259924,0.05931330,-0.34134045,0.69155461,0.01799078,-0.00745373,0.42808199,0.04076900,0.08646336,0.66774601,0.02423952,-0.63192919,2.14802523,1.45676699,-1.01689959,-9.24052963,-0.03587575,0.49786097,2.44702339,0.42396781,0.16098349,-6.19171457,1.92978141
0.84944670,0.05268291,0.09577945,0.25694064,0.22654281,0.77941868,0.07279795,0.88946283,-1.56214118,-0.09807575,0.52689892,-1.75826466,0.07255443,1.05880487,-1.61140847,-0.07802052,0.68127584,-1.69329023,0.87214413,0.04586163,0.33071442,0.32246786,0.29142994,0.11722753,-0.25809692,0.16571190,-0.11910326,-0.30451323,-0.14223312,0.12072565,-0.28705166,-0.26243476,-0.12031081,-0.29648550,-0.18635654,0.56430697,0.00827004,0.00100425,0.99951543,0.02999160,-0.48429298,0.46477014,0.06437095,-0.34462643,0.69313502,0.01795463,-0.05162048,0.43526769,0.03541620,0.08282185,0.66866064,0.02598237,-0.67356879,1.79378974,1.89451921,-0.35850090,-8.99026680,3.04325557,0.65621400,2.42564654,0.81507677,-0.22981165,-6.37509203,3.03638196
0.83827339,0.02834424,0.10718466,0.18173419,0.26435596,0.61266328,0.06357218,0.92039708,-1.51860695,-0.09456902,0.37682564,-1.66186230,0.08667316,1.10519662,-1.58402591,-0.08921409,0.56071558,-1.62029698,0.87214413,0.04586163,0.33071442,0.32498000,0.32519992,0.11701459,-0.25881839,0.15059038,-0.12272125,-0.30704840,-0.11440415,0.11603330,-0.29452289,-0.27912809,-0.11727563,-0.29790640,-0.20308132,0.56452476,0.01096085,-0.00069307,0.99965699,0.02377546,-0.53347549,0.46309946,0.06616161,-0.34766846,0.69426500,0.01793160,-0.09432163,0.44318488,0.03045711,0.08130550,0.66840065,0.02707360,-0.45327761,1.54196608,2.17820406,0.18487161,-7.44049368,4.84527063,0.70664275,2.31693916,1.37401617,-0.56220906,-5.99057245,3.64617753
0.83724305,0.00880976,0.09573024,0.16334561,0.27301949,0.33639214,0.05981139,0.94813277,-1.47482347,-0.08472743,0.27174305,-1.55339983,0.10050537,1.14952860,-1.55471101,-0.10082870,0.46980155,-1.55338833,0.87214413,0.04586163,0.33071442,0.32737085,0.34780264,0.11813709,-0.26390561,0.13597930,-0.12461941,-0.30934372,-0.09332402,0.11121871,-0.30080033,-0.29571385,-0.11428151,-0.29873962,-0.21976032,0.56500584,0.01371999,-0.00220369,0.99969875,0.02023174,-0.57205238,0.46101859,0.06346524,-0.35059319,0.69501787,0.01802712,-0.13100643,0.45010710,0.02657052,0.08032970,0.66724536,0.02863123,-0.17344401,1.37853014,2.18420362,0.50775251,-5.12007351,5.41795874,0.68521245,2.20924187,1.46062791,-0.57228733,-4.43644056,3.30201077
0.83839608,0.00187952,0.06836355,0.20740955,0.28445441,0.06287650,0.06012206,0.97389309,-1.43427091,-0.06891354,0.21201637,-1.45386662,0.11161990,1.19336734,-1.53027587,-0.10879446,0.41929494,-1.50572383,0.87214413,0.04586163,0.33071442,0.32934590,0.35940497,0.12055150,-0.27200123,0.12227921,-0.12559229,-0.31080605,-0.08144092,0.10721129,-0.30605792,-0.31122152,-0.11249393,-0.29804448,-0.23646011,0.56559997,0.01660468,-0.00416043,0.99966577,0.01937334,-0.60025234,0.45901755,0.05734467,-0.35379810,0.69582064,0.01853985,-0.15922012,0.45532364,0.02328798,0.07887344,0.66599152,0.03130142,0.02705714,1.28477085,2.00525944,0.81907113,-2.80088611,4.89769602,0.54134575,2.20171881,1.18319316,-0.37868604,-2.33977730,2.27762587
0.83996154,0.00574524,0.02099331,0.25275329,0.25896225,-0.13345722,0.06176787,0.99767921,-1.39652429,-0.04765329,0.19086687,-1.37348523,0.11908410,1.23590765,-1.51187148,-0.11233145,0.40895592,-1.48178852,0.87214413,0.04586163,0.33071442,0.33052564,0.36131589,0.12444992,-0.28170853,0.10931602,-0.12650296,-0.31148977,-0.07897061,0.10427050,-0.31062171,-0.32528782,-0.11218773,-0.29578426,-0.25321350,0.56617095,0.01928125,-0.00661050,0.99958228,0.02048891,-0.61929913,0.45654308,0.04881712,-0.35728550,0.69702206,0.01903588,-0.17855606,0.45877002,0.01990394,0.07637444,0.66501448,0.03474138,0.08411800,1.17280900,1.88164032,1.08909962,-0.85715084,3.90651484,0.35108754,2.10424948,0.89847560,-0.15216349,-0.30082796,1.06507294
0.84374185,0.01518925,-0.04091084,0.26894087,0.18031468,-0.22487868,0.06301161,1.02175212,-1.36306477,-0.02510500,0.20273963,-1.32056236,0.12277679,1.27511954,-1.50464451,-0.11324724,0.44118714,-1.49707842,0.87214413,0.04586163,0.33071442,0.33059412,0.35485947,0.12901356,-0.29152747,0.09643691,-0.12774219,-0.31121585,-0.08566217,0.10235539,-0.31219480,-0.33648847,-0.11317928,-0.29189485,-0.27008438,0.56665283,0.02124406,-0.00928509,0.99947590,0.02259229,-0.63036823,0.45366925,0.03906665,-0.36070061,0.69858783,0.01937827,-0.18909454,0.46056193,0.01839932,0.07113743,0.66464120,0.03869927,0.05725242,1.21476161,1.63295019,1.12725103,0.82369828,2.42783523,0.15798075,1.93869340,0.26044607,-0.03192052,1.92920196,-1.09090090
0.85845038,0.02316058,-0.09810718,0.21021086,0.06143994,-0.18564764,0.06351127,1.05097487,-1.34096313,-0.01231154,0.25110647,-1.31312995,0.12173452,1.31597936,-1.52871964,-0.11269322,0.50710124,-1.53880520,0.87214413,0.04586163,0.33071442,0.32941189,0.34011187,0.13135626,-0.29929688,0.08325689,-0.12898797,-0.30918371,-0.10030279,0.10150356,-0.31138475,-0.34223352,-0.11538310,-0.28455468,-0.28730984,0.56706629,0.02192597,-0.01144489,0.99939535,0.02443751,-0.63337975,0.45232236,0.03011501,-0.36422729,0.69993205,0.02022818,-0.19203644,0.46082786,0.01802714,0.06010628,0.66575310,0.04485722,0.02383527,1.48220146,1.06589403,0.61769542,2.46340895,0.30220840,-0.06090957,2.05196848,-1.26610270,0.02774298,3.31880903,-2.09824557
0.88685931,0.02282251,-0.13433123,0.07340350,-0.07246496,-0.07529018,0.06216231,1.08772452,-1.34003167,-0.01366327,0.32595056,-1.34763899,0.11275812,1.35425737,-1.58526146,-0.11241075,0.58585759,-1.58509541,0.87214413,0.04586163,0.33071442,0.32750121,0.32031224,0.13028207,-0.30370757,0.07117902,-0.13013257,-0.30474420,-0.11873883,0.10144819,-0.30933329,-0.34112071,-0.11904155,-0.27446378,-0.30510159,0.56755486,0.02128429,-0.01230825,0.99937920,0.02523283,-0.63152237,0.45343728,0.02379364,-0.36969070,0.70108082,0.02275701,-0.19157906,0.46030151,0.01816791,0.04154015,0.66940641,0.05303743,-0.08019491,1.80743110,0.03081036,-0.09915015,3.78164244,-1.79780514,-0.48418108,1.84319396,-2.84002566,0.01119715,3.95071821,-2.30061135
0.92683348,0.01180798,-0.13887184,-0.10566447,-0.23454178,0.03056995,0.05848338,1.10789824,-1.34956310,-0.02344692,0.41039234,-1.40301266,0.09111931,1.35991318,-1.64157233,-0.11294027,0.66415997,-1.62337039,0.87214413,0.04586163,0.33071442,0.32543458,0.29888599,0.12774619,-0.30525918,0.06553120,-0.13090108,-0.30187566,-0.13849101,0.10212336,-0.30672741,-0.33239640,-0.12453583,-0.26717066,-0.32365131,0.56827662,0.01908322,-0.01145580,0.99943979,0.02499408,-0.62850113,0.45550022,0.02017541,-0.38261452,0.70226457,0.02355892,-0.19039173,0.45941513,0.01870717,0.01450863,0.67618582,0.05826392,-0.18175259,0.90302890,-0.54967543,-0.51037469,4.23918982,-2.83262277,-1.13784289,0.09798144,-2.78736424,-0.02874282,3.88477764,-1.86139433
0.96303292,-0.00981442,-0.12701345,-0.29733937,-0.44667682,0.06155419,0.05933241,1.11334586,-1.41076319,-0.03453174,0.49414655,-1.46409335,0.05883224,1.32674210,-1.69484501,-0.11396241,0.73168752,-1.64604824,0.87214413,0.04586163,0.33071442,0.32346284,0.27738685,0.12605149,-0.30493460,0.07370123,-0.12927376,-0.29858866,-0.15790756,0.10354759,-0.30405965,-0.31570941,-0.13141815,-0.26270176,-0.34287663,0.56939948,0.01480266,-0.00879334,0.99955436,0.02438532,-0.62605171,0.45695255,0.01852823,-0.41021996,0.70209632,0.02487417,-0.19017811,0.45831363,0.01940318,-0.02116375,0.68534770,0.06076108,0.08553747,0.23077725,-3.50358723,-0.54606023,4.16373396,-3.04716516,-1.66493320,-1.86201380,-2.66143060,-0.05376675,3.29897022,-1.03027575
0.99807981,-0.03449625,-0.09171450,-0.42434047,-0.59273655,-0.01508631,0.06770249,1.09833932,-1.52384472,-0.04185119,0.56599498,-1.51390123,0.02463675,1.26630604,-1.73999631,-0.11551380,0.78708863,-1.65574431,0.87214413,0.04586163,0.33071442,0.32191926,0.25774233,0.12634047,-0.30432901,0.09700587,-0.12484101,-0.29387654,-0.17621172,0.10542357,-0.30125079,-0.29476937,-0.13808999,-0.25980692,-0.36272049,0.57100928,0.00896023,-0.00484893,0.99964994,0.02441727,-0.62631416,0.45738095,0.01759025,-0.45352650,0.70042986,0.02804272,-0.19185638,0.45712268,0.02066848,-0.06157112,0.69456851,0.06211235,0.47217157,-0.93406671,-5.95109892,-0.33240905,3.48535156,-2.38110042,-1.70356894,-3.19272256,-2.17745304,-0.08153199,2.68749452,-0.40679452
1.01657692,-0.04902583,-0.04701476,-0.48062927,-0.50499465,-0.13522466,0.08277910,1.04814055,-1.64866643,-0.04664570,0.62515422,-1.54614794,-0.00287802,1.18703103,-1.76886532,-0.11804913,0.83762045,-1.65836394,0.87214413,0.04586163,0.33071442,0.32111241,0.24062974,0.12778346,-0.30389535,0.13115747,-0.11848999,-0.28762350,-0.19359459,0.10739940,-0.29841116,-0.27191360,-0.14280875,-0.25930832,-0.38298206,0.57302814,0.00373533,-0.00019249,0.99966135,0.02575269,-0.62987194,0.45780369,0.01721706,-0.50786476,0.69811399,0.03348891,-0.19517403,0.45580341,0.02270125,-0.10407619,0.70164720,0.06180409,0.76157653,-2.56468673,-6.22609472,-0.23894784,2.95064282,-1.59271708,-1.36537106,-3.98373680,-1.42364634,-0.12990983,2.53065109,-0.13653373
1.00881071,-0.05711239,-0.00200434,-0.52215709,-0.30439192,-0.26052283,0.10187194,0.95489833,-1.75651894,-0.05104963,0.68085753,-1.56532514,-0.02357538,1.09348927,-1.78286927,-0.12248481,0.89008126,-1.66236989,0.87214413,0.04586163,0.33071442,0.32102330,0.22428266,0.12956287,-0.30349918,0.17238643,-0.11134412,-0.27982349,-0.21012166,0.10920120,-0.29513089,-0.24693149,-0.14561516,-0.26125499,-0.40308704,0.57529819,0.00043065,0.00492072,0.99958703,0.02830838,-0.63434315,0.45863687,0.01752412,-0.56889534,0.69622049,0.04119982,-0.19948273,0.45437964,0.02589241,-0.14830990,0.70670420,0.05976831,0.95607336,-4.81880345,-5.29788465,-0.22018042,2.78720117,-0.92625616,-1.01852937,-4.71982365,-0.65056654,-0.22507050,2.62202787,-0.18639850
0.98087204,-0.05910916,0.04379183,-0.52552835,-0.08671203,-0.37532559,0.12028108,0.80919777,-1.82375026,-0.05497921,0.73749906,-1.57295635,-0.03903153,0.98532021,-1.77830043,-0.12754880,0.94105282,-1.65809302,0.87214413,0.04586163,0.33071442,0.32176579,0.20748466,0.13153219,-0.30309279,0.21924888,-0.10492281,-0.27092264,-0.22619788,0.11085077,-0.29307138,-0.21967829,-0.14701834,-0.26555608,-0.42264729,0.57773889,-0.00074209,0.01016959,0.99943648,0.03198038,-0.63811398,0.45973589,0.01867300,-0.63474236,0.69645935,0.05084316,-0.20399628,0.45265849,0.02869441,-0.19402218,0.71041709,0.05620971,0.91075690,-7.49622498,-3.14483500,-0.19176765,2.83738637,-0.33130786,-0.75307289,-5.46925402,0.31490847,-0.25290942,2.53571010,0.26887320
0.94534712,-0.05386213,0.07448373,-0.45557042,0.11407523,-0.46368688,0.13462816,0.62961487,-1.83666611,-0.05684218,0.79424263,-1.56807902,-0.04883194,0.86717041,-1.75347614,-0.13264011,0.98903956,-1.64413924,0.87214413,0.04586163,0.33071442,0.32314521,0.19003250,0.13378190,-0.30283804,0.26668597,-0.10028157,-0.26136964,-0.24187179,0.11211448,-0.29259261,-0.19098515,-0.14719775,-0.27163471,-0.44150562,0.58023585,0.00007836,0.01486095,0.99922267,0.03651309,-0.64079380,0.46067762,0.02030717,-0.70016289,0.69971062,0.06177557,-0.20845985,0.45077045,0.03055260,-0.24028835,0.71310464,0.05151050,0.68643320,-9.10677032,-0.31936885,-0.07719361,2.83288884,0.31869934,-0.45319759,-5.94649572,1.35730208,-0.25512850,2.38235641,0.73942847
0.91442614,-0.04400433,0.09755807,-0.34189661,0.29999619,-0.50481678,0.14187008,0.45209625,-1.79768062,-0.05581238,0.84778339,-1.54873192,-0.05061983,0.74958104,-1.71141827,-0.13869780,1.03681982,-1.62819350,0.87214413,0.04586163,0.33071442,0.32505837,0.17227222,0.13632435,-0.30301146,0.30898242,-0.09782047,-0.25285957,-0.25683464,0.11259964,-0.29273191,-0.16270217,-0.14566326,-0.27883545,-0.45973015,0.58270687,0.00276525,0.01854199,0.99896391,0.04146876,-0.64271736,0.46114320,0.02204691,-0.75953293,0.70582175,0.07219880,-0.21312141,0.44918966,0.03232646,-0.28550529,0.71437114,0.04622292,0.30650494,-8.79147434,2.30507588,0.07244020,2.64715409,1.07463598,-0.02768040,-5.85436058,2.21718550,-0.31226721,2.39543772,0.79633707
0.90425540,-0.02757304,0.09942250,-0.26842044,0.40346530,-0.45024935,0.13759560,0.31101635,-1.71818883,-0.05206875,0.89394705,-1.50860312,-0.04216971,0.63603656,-1.65510485,-0.14881674,1.09022107,-1.61351092,0.87214413,0.04586163,0.33071442,0.32722977,0.15367111,0.13929589,-0.30439811,0.34130428,-0.09771060,-0.24871134,-0.27247600,0.11166667,-0.29252519,-0.13515730,-0.14162576,-0.28652997,-0.47765350,0.58501186,0.00675655,0.02138933,0.99869226,0.04594148,-0.64349537,0.46045412,0.02283166,-0.80851345,0.71372733,0.07851844,-0.21661434,0.44873579,0.03470458,-0.33003235,0.71359392,0.04069980,-0.23795823,-7.00361929,4.02235336,0.19055878,2.29874949,2.02884278,0.43522495,-5.67961435,2.83627915,-0.51101121,2.68202853,0.74100488
0.90834813,-0.00827681,0.08229486,-0.23920126,0.44433927,-0.25711455,0.12005956,0.21045153,-1.61170018,-0.04678745,0.93365180,-1.45522563,-0.02702608,0.52869709,-1.58825152,-0.16139678,1.15083327,-1.59400308,0.87214413,0.04586163,0.33071442,0.32925433,0.13437975,0.14263369,-0.30617443,0.36392821,-0.09954779,-0.25180417,-0.29080717,0.11003829,-0.29167116,-0.10915934,-0.13559156,-0.29448193,-0.49566803,0.58704121,0.01112581,0.02396150,0.99846978,0.04858143,-0.64332294,0.45819901,0.02307990,-0.84814739,0.72162132,0.07745016,-0.21698437,0.44915483,0.03758317,-0.37380028,0.71133555,0.03477240,-0.88824744,-4.87496815,5.35557842,0.26255643,1.96781654,2.68934703,0.76052159,-5.29296865,3.34502339,-0.62829167,3.04288936,0.98926445
0.91256209,-0.00060416,0.03289390,-0.24350203,0.44909015,-0.00192126,0.09946273,0.16899469,-1.50783882,-0.04374596,0.96835022,-1.39784009,-0.01263543,0.46044272,-1.53087685,-0.17262808,1.21078672,-1.56865063,0.87214413,0.04586163,0.33071442,0.33052400,0.11532567,0.14535557,-0.30748363,0.37238107,-0.10109520,-0.26256821,-0.31002052,0.10897502,-0.29013879,-0.09259711,-0.12951331,-0.30199604,-0.51379089,0.58888364,0.01551716,0.02660071,0.99833777,0.04871663,-0.64282455,0.45554734,0.02304037,-0.87445335,0.72603499,0.06795579,-0.21596127,0.45001035,0.04038521,-0.40893078,0.70868464,0.02852795,-1.03755801,-1.78830640,5.10450220,0.13269352,1.71969926,2.86841130,0.70532187,-3.16987691,2.76923251,-0.54949806,2.96652579,1.29832356
0.91216394,-0.00883550,-0.03466490,-0.24099755,0.43128306,0.16334150,0.07596918,0.17880263,-1.42875376,-0.04471072,1.00105910,-1.34602711,-0.00148286,0.44896716,-1.50627339,-0.18167080,1.26709576,-1.55245819,0.87214413,0.04586163,0.33071442,0.33062629,0.09736119,0.14682018,-0.30759642,0.36792430,-0.10346710,-0.27670414,-0.32640952,0.10876741,-0.28694218,-0.08912951,-0.12430488,-0.30788467,-0.53195343,0.59074795,0.01968251,0.02924924,0.99826544,0.04715065,-0.64287071,0.45388042,0.02302988,-0.88833542,0.72882622,0.05392216,-0.21740246,0.45135207,0.04368412,-0.43137722,0.70598769,0.02274162,-1.19592793,0.71850927,3.79505510,-0.06891953,1.63077009,2.53578877,0.53945807,-0.24883066,1.00196161,-0.44231699,2.81015372,0.68732069
0.90831580,-0.02386845,-0.09767033,-0.24082425,0.34638164,0.20232896,0.05507189,0.21593706,-1.38068461,-0.04735744,1.03487480,-1.30862486,0.00552605,0.48686466,-1.51980329,-0.18765520,1.32422209,-1.56503987,0.87214413,0.04586163,0.33071442,0.32959175,0.08114728,0.14767055,-0.30573796,0.35629765,-0.10597182,-0.28948505,-0.33734834,0.10972762,-0.28032885,-0.09676939,-0.12046472,-0.31095339,-0.55008507,0.59274369,0.02310533,0.03186022,0.99820685,0.04510167,-0.64441776,0.45312703,0.02385379,-0.89517784,0.73090672,0.04010670,-0.22420597,0.45257640,0.04926290,-0.44268799,0.70383793,0.01863836,-1.00827646,2.01593041,2.17289686,-0.13881527,1.70418966,1.75343502,0.31809413,2.22613144,-0.94372267,-0.27354598,2.86713815,-0.85567468
0.91828914,-0.03328338,-0.14484040,-0.15061713,0.11812571,0.12063203,0.05061808,0.27743683,-1.38347199,-0.04678405,1.07050054,-1.29031413,0.00882818,0.55409156,-1.55664070,-0.18618903,1.36730306,-1.59363678,0.87214413,0.04586163,0.33071442,0.32750863,0.06674929,0.14878466,-0.30187794,0.33934784,-0.10533872,-0.29759633,-0.34215442,0.11195757,-0.27267654,-0.11190642,-0.11857683,-0.31085461,-0.56843510,0.59485536,0.02424589,0.03349213,0.99818186,0.04385637,-0.64819984,0.45262340,0.02563069,-0.89702454,0.73006698,0.02991230,-0.23764114,0.45280076,0.05483210,-0.44639015,0.70296892,0.01665403,-0.19923958,3.09913578,-0.19553659,0.03624786,1.77087295,0.89906926,0.16451046,3.37326894,-1.85122051,0.08293121,2.12110641,-1.43099487
0.94747883,-0.02921034,-0.15652203,0.01496179,-0.11948872,-0.00832616,0.05908271,0.35254510,-1.42112243,-0.04088143,1.10082972,-1.28826277,0.01226743,0.62639388,-1.59677289,-0.17835960,1.38739698,-1.62629774,0.87214413,0.04586163,0.33071442,0.32515078,0.05614415,0.15039064,-0.29757197,0.31994540,-0.10254182,-0.30164303,-0.34119693,0.11444506,-0.26657882,-0.12923189,-0.11785294,-0.30866897,-0.58735523,0.59693215,0.02316711,0.03339683,0.99820845,0.04390695,-0.65670319,0.45215517,0.02757881,-0.89686699,0.72763163,0.02350775,-0.25773964,0.45247947,0.05857196,-0.44811668,0.70277554,0.01648182,0.43515986,3.77076149,-1.95031340,0.31053215,1.51556385,0.02231171,0.17631529,3.60625052,-1.99280686,0.40698997,0.93953553,-1.66793907
0.98286037,-0.01164882,-0.13354357,0.18895454,-0.30835567,-0.10243117,0.07129823,0.43048350,-1.47597718,-0.03122831,1.12651784,-1.31427770,0.01731232,0.69324114,-1.62832310,-0.16584717,1.38277957,-1.66992798,0.87214413,0.04586163,0.33071442,0.32317573,0.05194822,0.15193979,-0.29265724,0.30047698,-0.10027645,-0.30230792,-0.33266127,0.11679408,-0.26217308,-0.14664046,-0.11776955,-0.30584347,-0.60695610,0.59881234,0.02034846,0.03149263,0.99828619,0.04493148,-0.67252350,0.45223392,0.03051849,-0.89705410,0.72603235,0.02086781,-0.28631153,0.45221275,0.06100265,-0.45020123,0.70274020,0.01733226,0.62442833,3.89452405,-2.77919745,0.48935839,1.23978562,-1.42089691,0.25959498,3.30554271,-1.51929605,0.64141395,-0.34766290,-2.22142248
1.00938326,0.01416289,-0.11015334,0.34413678,-0.44045138,-0.12250984,0.08541515,0.50993364,-1.53291278,-0.02245691,1.13943160,-1.37129641,0.02380952,0.75220869,-1.64573658,-0.14954143,1.34795177,-1.71632266,0.87214413,0.04586163,0.33071442,0.32156368,0.05749995,0.15223915,-0.28854139,0.28043447,-0.09868468,-0.30175158,-0.31680582,0.11893218,-0.26035593,-0.16394112,-0.11813747,-0.30345725,-0.62709808,0.60034006,0.01625861,0.02800674,0.99840597,0.04622559,-0.69854469,0.45412656,0.03302230,-0.89710751,0.72474692,0.01981211,-0.32276402,0.45238208,0.06120776,-0.45285435,0.70267419,0.01810643,0.71120781,3.99002013,-2.83112788,0.42305033,0.56256435,-3.04082229,0.33203233,2.90639997,-0.78752081,0.83742762,-1.92670153,-2.30746770
1.01468129,0.04330498,-0.09730514,0.46826967,-0.47684207,-0.04904790,0.09729122,0.59075660,-1.58492017,-0.01725255,1.13996184,-1.46689188,0.03090900,0.80465448,-1.65407586,-0.13015550,1.28786421,-1.75882220,0.87214413,0.04586163,0.33071442,0.32008362,0.07432867,0.15072209,-0.28391109,0.25977754,-0.09863885,-0.30049632,-0.29580626,0.12106547,-0.26044694,-0.18057367,-0.11903905,-0.30108172,-0.64741802,0.60137665,0.01175445,0.02326598,0.99855964,0.04689535,-0.73561764,0.45832866,0.03617252,-0.89674568,0.72405392,0.01958730,-0.36433506,0.45297778,0.05963668,-0.45643139,0.70287174,0.01900190,0.56871367,4.04611921,-2.55891299,0.23230767,-0.05576133,-5.07059765,0.35741058,2.57806039,-0.36779878,0.98902786,-3.16431975,-2.09215879
0.99219316,0.06496014,-0.07892420,0.49397215,-0.40371385,0.11293606,0.10399932,0.66379379,-1.62029998,-0.01905331,1.12047787,-1.58028457,0.03685448,0.85039320,-1.65409021,-0.11115344,1.20500054,-1.78930380,0.87214413,0.04586163,0.33071442,0.31881807,0.09999687,0.14706505,-0.27850225,0.24048787,-0.10020943,-0.29937291,-0.27113366,0.12292745,-0.26220784,-0.19593731,-0.12044385,-0.29907544,-0.66733932,0.60186268,0.00789282,0.01814940,0.99875196,0.04585666,-0.78042755,0.46460906,0.04031582,-0.89760094,0.72374761,0.01944515,-0.40864925,0.45453968,0.05661023,-0.46116295,0.70379134,0.01974263,0.32869959,3.63696361,-1.74288645,-0.10413763,-1.01247733,-5.66103268,0.29499157,2.28236585,0.00837135,0.94614812,-4.16726437,-1.50175084
0.95637620,0.07717533,-0.03932647,0.46772020,-0.26307378,0.31686593,0.10594094,0.72764796,-1.63727839,-0.03144111,1.06874390,-1.68734586,0.04139322,0.89382288,-1.64746380,-0.09498532,1.10407128,-1.80289195,0.87214413,0.04586163,0.33071442,0.31820592,0.13257413,0.14088199,-0.27340683,0.22270510,-0.10271703,-0.29902148,-0.24403063,0.12427359,-0.26559770,-0.21085552,-0.12201169,-0.29782621,-0.68658371,0.60196308,0.00533501,0.01334849,0.99897915,0.04282538,-0.83074493,0.47296239,0.04479908,-0.89966545,0.72339010,0.01918444,-0.45410252,0.45723102,0.05260822,-0.46604652,0.70545343,0.02037970,0.08294400,3.17535758,-0.79542731,-0.65476256,-2.71780427,-5.33275604,0.22428291,2.17124391,0.35228347,0.79984130,-5.10671234,-0.62211796
0.91473741,0.08091527,0.00918895,0.42826132,-0.08189505,0.53808947,0.10222108,0.78502567,-1.63430421,-0.05463318,0.96100264,-1.77611511,0.04641148,0.93944472,-1.63803065,-0.08259475,0.98693095,-1.79635658,0.87214413,0.04586163,0.33071442,0.31849055,0.17574671,0.13237207,-0.26827872,0.20522386,-0.10629922,-0.29981551,-0.21462589,0.12490612,-0.27059417,-0.22591147,-0.12312866,-0.29706118,-0.70501499,0.60175383,0.00446578,0.00902127,0.99924135,0.03762179,-0.89022675,0.48298566,0.05021183,-0.90165558,0.72319863,0.01867504,-0.50039959,0.46104723,0.04789638,-0.47047653,0.70752892,0.02142937,-0.21433378,2.83882189,0.24124858,-1.19690032,-5.68492374,-4.29615750,0.26101562,2.30349383,0.45779942,0.59888272,-5.89862719,0.41342494
0.87906267,0.07594917,0.05130438,0.38160195,0.08885339,0.72626464,0.09213684,0.83343349,-1.61262295,-0.08000145,0.79477277,-1.81487634,0.05468950,0.98718051,-1.62967479,-0.07575977,0.86441420,-1.76975579,0.87214413,0.04586163,0.33071442,0.31962246,0.22548108,0.12386331,-0.26330100,0.18847028,-0.11126797,-0.30153444,-0.18499875,0.12431964,-0.27662067,-0.24050204,-0.12300151,-0.29645385,-0.72272015,0.60133917,0.00526348,0.00520176,0.99950645,0.03053014,-0.95534668,0.49148140,0.05632145,-0.90404129,0.72391262,0.01808801,-0.54566135,0.46595050,0.04300178,-0.47515335,0.70941916,0.02316861,-0.53951494,2.36075516,1.17859401,-1.25287867,-8.59851809,-1.58028598,0.43639578,2.38552642,0.42087790,0.30683899,-6.13799028,1.44403685
0.85323288,0.06191427,0.08212541,0.30139560,0.19872850,0.79874160,0.07875693,0.87264502,-1.57975912,-0.09548458,0.60945213,-1.78987324,0.06622429,1.03643608,-1.61984992,-0.07537391,0.74005139,-1.72257209,0.87214413,0.04586163,0.33071442,0.32142425,0.27216671,0.11841275,-0.25925107,0.17294575,-0.11676820,-0.30355226,-0.15581839,0.12229560,-0.28357448,-0.25518182,-0.12148711,-0.29616816,-0.73987007,0.60088038,0.00716538,0.00216717,0.99971672,0.02259284,-1.01711178,0.49489295,0.06217317,-0.90736008,0.72534782,0.01787199,-0.58973980,0.47166550,0.03784977,-0.47945690,0.71070689,0.02525608,-0.68430078,1.89843166,1.70775163,-0.68307275,-9.31342697,1.70891035,0.59806013,2.47860765,0.50439119,-0.02774343,-6.23052454,2.50801539
0.83609546,0.03898357,0.10425580,0.20245970,0.25982620,0.70176908,0.06719742,0.90589710,-1.53855071,-0.09686006,0.44315754,-1.70850551,0.07957392,1.08340096,-1.59621029,-0.08397817,0.61352347,-1.65341911,0.87214413,0.04586163,0.33071442,0.32383243,0.31039743,0.11701252,-0.25816164,0.15771035,-0.12121507,-0.30593550,-0.12659522,0.11826539,-0.29129569,-0.27133437,-0.11881797,-0.29744212,-0.75656948,0.60061183,0.00979222,0.00023377,0.99983191,0.01549888,-1.07044544,0.49327883,0.06567079,-0.91044598,0.72665813,0.01789693,-0.63370171,0.47847846,0.03253674,-0.48168182,0.71096048,0.02639031,-0.57053399,1.65575898,2.06577730,-0.05517796,-8.26253662,4.11036129,0.66952705,2.34686399,1.19085929,-0.43725896,-6.30542107,3.46738219
0.83097318,0.01660120,0.10237500,0.15568896,0.26933197,0.46776046,0.06096493,0.93496336,-1.49482007,-0.08976873,0.31623226,-1.60365212,0.09384384,1.12892756,-1.56766076,-0.09590483,0.50695609,-1.58195047,0.87214413,0.04586163,0.33071442,0.32630411,0.33836438,0.11758254,-0.26118257,0.14287245,-0.12383133,-0.30839734,-0.10196348,0.11339529,-0.29811545,-0.28808991,-0.11564872,-0.29857371,-0.77313633,0.60061331,0.01250424,-0.00123454,0.99986440,0.01064438,-1.11392422,0.49025153,0.06512154,-0.91334362,0.72745435,0.01790677,-0.67360687,0.48507574,0.02818867,-0.48265266,0.71011062,0.02773040,-0.29556090,1.44567978,2.18497038,0.37125483,-6.21353035,5.26765060,0.71247120,2.26884685,1.43218648,-0.59432714,-5.23363609,3.54791999
0.83162433,0.00347681,0.08303495,0.17840001,0.28506603,0.18108422,0.05973720,0.96215277,-1.45345612,-0.07679479,0.23549998,-1.49888868,0.10646880,1.17323515,-1.54127033,-0.10582032,0.43673471,-1.52466192,0.87214413,0.04586163,0.33071442,0.32850935,0.35512192,0.11936039,-0.26788881,0.12871304,-0.12511038,-0.31017261,-0.08552203,0.10895546,-0.30368830,-0.30411477,-0.11321005,-0.29855368,-0.78970737,0.60080743,0.01535603,-0.00292104,0.99984101,0.00858004,-1.14681568,0.48752841,0.06062055,-0.91626530,0.72809744,0.01833674,-0.70605831,0.49040750,0.02482105,-0.48370380,0.70880799,0.02995568,-0.04346586,1.35596740,2.04765408,0.67414674,-3.84015045,5.18730879,0.61684752,2.21815538,1.28851020,-0.47967424,-3.33707414,2.77364993
0.83329492,0.00275542,0.04580992,0.22662829,0.28266016,-0.05837376,0.06111486,0.98637290,-1.41409369,-0.05795932,0.19649530,-1.40798044,0.11563872,1.21606967,-1.51928155,-0.11128264,0.40775789,-1.48841400,0.87214413,0.04586163,0.33071442,0.33011811,0.36154188,0.12255504,-0.27703680,0.11553529,-0.12593747,-0.31129903,-0.07871882,0.10553159,-0.30871579,-0.31889791,-0.11220821,-0.29713644,-0.80632076,0.60103869,0.01821772,-0.00511404,0.99978139,0.00889595,-1.16996517,0.48487066,0.05308130,-0.91961994,0.72899160,0.01881908,-0.72947292,0.49413697,0.02140232,-0.48549595,0.70761261,0.03298167,0.07701600,1.18481672,1.96864974,0.97493876,-1.72942123,4.45772257,0.43834615,2.12421942,1.08643339,-0.24468450,-1.21039000,1.69276700
0.83556412,0.01041198,-0.01135386,0.26254491,0.22570740,-0.20069822,0.06267989,1.00962532,-1.37814617,-0.03523407,0.19282213,-1.34030569,0.12110054,1.25641942,-1.50483203,-0.11310024,0.41945291,-1.48309350,0.87214413,0.04586163,0.33071442,0.33073437,0.35894697,0.12698999,-0.28708275,0.10275624,-0.12700661,-0.31157681,-0.08113621,0.10315068,-0.31205988,-0.33172282,-0.11261204,-0.29416771,-0.82301426,0.60119891,0.02057821,-0.00770513,0.99970139,0.01069065,-1.18455791,0.48180223,0.04365163,-0.92307091,0.73034298,0.01915756,-0.74407005,0.49636114,0.01867449,-0.48899174,0.70679462,0.03656666,0.07605895,1.16603839,1.76296222,1.15857792,0.05924999,3.19524741,0.24608506,2.00139284,0.65358633,-0.06864846,0.87224358,0.01656532
0.84441409,0.02014188,-0.07218261,0.24318187,0.12264008,-0.21533530,0.06358581,1.03601937,-1.35003402,-0.01675684,0.22535396,-1.31178067,0.12231315,1.29525962,-1.51257870,-0.11298537,0.47418768,-1.51789289,0.87214413,0.04586163,0.33071442,0.33005623,0.34762522,0.13071689,-0.29596782,0.08965779,-0.12828486,-0.31042382,-0.09293008,0.10188120,-0.31192827,-0.34006842,-0.11427658,-0.28860720,-0.83994389,0.60125283,0.02184849,-0.01018831,0.99962716,0.01282154,-1.19075432,0.47934206,0.03408840,-0.92633877,0.73175743,0.01963241,-0.74961205,0.49706100,0.01812796,-0.49710236,0.70691905,0.04144903,0.04469847,1.33038270,1.38683785,0.90574367,1.67339420,1.36258927,0.05439636,1.94755974,-0.43367811,0.00686967,2.76918960,-1.76130428
0.86599770,0.02408864,-0.12024725,0.14612656,-0.00676501,-0.13100558,0.06352248,1.07057009,-1.33914692,-0.01154688,0.28863519,-1.32769997,0.11807639,1.33769608,-1.55621884,-0.11242929,0.54836934,-1.56446233,0.87214413,0.04586163,0.33071442,0.32844418,0.32999003,0.13118115,-0.30199722,0.07663148,-0.12942108,-0.30696670,-0.10977325,0.10146978,-0.31024129,-0.34246345,-0.11710735,-0.27931094,-0.85732288,0.60130621,0.02185975,-0.01176042,0.99959154,0.01416313,-1.19083557,0.47935867,0.02644696,-0.93032322,0.73280964,0.02147748,-0.75041580,0.49682101,0.01820289,-0.51173325,0.70883830,0.04913324,-0.00987142,1.75570242,0.46595189,0.21841339,3.23754148,-0.92210054,-0.23516311,2.13003588,-2.30921872,0.02658534,3.74129663,-2.33949699
0.90208867,0.01818595,-0.13899083,-0.01776883,-0.14784848,-0.01320297,0.06041367,1.09885902,-1.33918984,-0.01820085,0.36983573,-1.37526140,0.10303014,1.36292100,-1.61595006,-0.11253110,0.62775643,-1.60695939,0.87214413,0.04586163,0.33071442,0.32641219,0.30915538,0.12905031,-0.30477903,0.06698661,-0.13054156,-0.30348524,-0.12904441,0.10179969,-0.30795358,-0.33762230,-0.12165404,-0.27009619,-0.87539768,0.60150080,0.02050323,-0.01175809,0.99961724,0.01437816,-1.18807983,0.48124731,0.02163317,-0.93866482,0.73388499,0.02292695,-0.74928455,0.49609152,0.01845862,-0.53446922,0.71355573,0.05631600,-0.17248610,1.29549547,0.04536009,-0.36716866,4.09226007,-2.44222198,-0.81375713,1.07270477,-2.89304757,-0.00923261,3.95698056,-2.06207926
0.94152197,0.00167772,-0.13292975,-0.20190592,-0.34651299,0.06368255,0.05778029,1.11226964,-1.37024257,-0.02970841,0.45492457,-1.43509517,0.07530504,1.34741898,-1.66897831,-0.11336329,0.70087178,-1.63671556,0.87214413,0.04586163,0.33071442,0.32439919,0.28755706,0.12663733,-0.30525689,0.06724545,-0.13042865,-0.30059091,-0.14871296,0.10285507,-0.30542485,-0.32478636,-0.12793693,-0.26469374,-0.89422016,0.60199394,0.01726877,-0.00997915,0.99970579,0.01380376,-1.18512383,0.48324575,0.01914231,-0.95788364,0.73420795,0.02380829,-0.74836750,0.49512154,0.01897434,-0.56606560,0.72102596,0.05970545,-0.10986877,0.64069885,-1.91024046,-0.58944353,4.26109104,-3.05026078,-1.45159836,-0.99382916,-2.67789578,-0.04477134,3.60542369,-1.42317283
0.97531723,-0.02284595,-0.11193862,-0.36271513,-0.55581160,0.03588362,0.06233549,1.11000621,-1.46256757,-0.03906824,0.53335392,-1.49193776,0.04074794,1.29879940,-1.71963441,-0.11453757,0.76185298,-1.65263736,0.87214413,0.04586163,0.33071442,0.32259989,0.26683501,0.12596566,-0.30463801,0.08332979,-0.12733622,-0.29644234,-0.16756549,0.10459723,-0.30258307,-0.30535495,-0.13496509,-0.26102427,-0.91366959,0.60293174,0.01195611,-0.00663438,0.99981687,0.01338903,-1.18376350,0.48411447,0.01796187,-0.99357986,0.73244125,0.02615754,-0.74894810,0.49391061,0.02001682,-0.60482979,0.72971976,0.06157562,0.28874582,-0.25499582,-5.05016994,-0.43948126,3.85154819,-2.78293109,-1.76350319,-2.65279031,-2.49584174,-0.06055399,2.95289016,-0.69006437
1.00432208,-0.04302545,-0.06760596,-0.44767408,-0.57517275,-0.07402058,0.07416299,1.07618563,-1.58679104,-0.04461247,0.59699246,-1.53168108,0.00964541,1.22669106,-1.75585258,-0.11670359,0.81189263,-1.65553889,0.87214413,0.04586163,0.33071442,0.32148035,0.24876542,0.12707942,-0.30412461,0.11344542,-0.12181069,-0.29101806,-0.18515191,0.10651348,-0.30002323,-0.28322887,-0.14065941,-0.25939587,-0.93373280,0.60435587,0.00610231,-0.00225783,0.99987929,0.01410952,-1.18598175,0.48433970,0.01735575,-1.04369926,0.72931620,0.03046229,-0.75165710,0.49266526,0.02145712,-0.64665127,0.73697510,0.06208448,0.60013719,-1.73595414,-6.21045494,-0.27523357,3.16849542,-1.96531818,-1.54473112,-3.62509470,-1.79079711,-0.11090191,2.50571799,-0.14945411
1.00962626,-0.05376241,-0.02450186,-0.49472569,-0.41630634,-0.19939963,0.09148833,1.00684986,-1.70545897,-0.04908161,0.65331675,-1.55695488,-0.01431850,1.14052629,-1.77769544,-0.12030305,0.86387444,-1.66017227,0.87214413,0.04586163,0.33071442,0.32101175,0.23231617,0.12873515,-0.30371875,0.15101629,-0.11495301,-0.28400424,-0.20208801,0.10840117,-0.29673967,-0.25936566,-0.14438298,-0.26009853,-0.95389385,0.60606278,0.00174988,0.00259464,0.99986619,0.01605633,-1.19022484,0.48485550,0.01729300,-1.10114021,0.72580677,0.03700751,-0.75539169,0.49122695,0.02427208,-0.69002476,0.74204106,0.06091323,0.87743413,-3.59731412,-5.88143158,-0.22259593,2.81022668,-1.22823563,-1.17878635,-4.35041265,-1.04894533,-0.18130185,2.59983277,-0.22709941
0.98982942,-0.05910052,0.02281157,-0.52543469,-0.20174161,-0.32085562,0.11064226,0.88744557,-1.79584484,-0.05333722,0.70900145,-1.57038996,-0.03219618,1.03925037,-1.78285251,-0.12489420,0.91590650,-1.66054471,0.87214413,0.04586163,0.33071442,0.32134587,0.21592683,0.13060431,-0.30330013,0.19545633,-0.10801833,-0.27565725,-0.21837884,0.11020475,-0.29396994,-0.23313754,-0.14641522,-0.26328339,-0.97368183,0.60799297,-0.00053055,0.00779646,0.99978548,0.01918125,-1.19445801,0.48576466,0.01804574,-1.16485233,0.72342683,0.04568861,-0.75968952,0.48949531,0.02737592,-0.73510132,0.74536060,0.05806248,0.95364749,-6.20984793,-4.34040179,-0.21236746,2.78981400,-0.62427517,-0.87183950,-5.13055754,-0.17739056,-0.23681715,2.60062027,0.01484871
0.95662409,-0.05741749,0.06133914,-0.49677435,0.00824222,-0.42552959,0.12766506,0.72171760,-1.83764682,-0.05646296,0.76564724,-1.57208369,-0.04510721,0.92479119,-1.76810713,-0.12978269,0.96528764,-1.65065777,0.87214413,0.04586163,0.33071442,0.32242993,0.19890800,0.13267232,-0.30294154,0.24328968,-0.10232104,-0.26627726,-0.23432307,0.11173250,-0.29278991,-0.20490670,-0.14725348,-0.26854824,-0.99281979,0.61005398,-0.00073773,0.01282389,0.99964539,0.02332608,-1.19769630,0.48679835,0.01948839,-1.23107510,0.72360517,0.05615267,-0.76396008,0.48751956,0.02964002,-0.78127136,0.74759527,0.05388169,0.83387756,-8.51000166,-1.78315101,-0.14540121,2.83632135,-0.01475143,-0.61792929,-5.78802938,0.85583067,-0.24013825,2.44353008,0.56346984
0.92094800,-0.04956598,0.08640190,-0.40482359,0.20561639,-0.49580685,0.13835026,0.53751355,-1.82326722,-0.05683103,0.82119799,-1.56065559,-0.05125643,0.80506116,-1.73360455,-0.13505426,1.01244497,-1.63435566,0.87214413,0.04586163,0.33071442,0.32406837,0.18135088,0.13508984,-0.30280557,0.28902191,-0.09886808,-0.25692885,-0.24964992,0.11268286,-0.29280615,-0.17609471,-0.14666474,-0.27531211,-1.01125050,0.61213923,0.00101092,0.01705566,0.99945726,0.02816496,-1.19992352,0.48748010,0.02126279,-1.29424381,0.72713202,0.06713951,-0.76834488,0.48557156,0.03126222,-0.82717323,0.74865097,0.04875626,0.47951546,-9.28316021,1.12732172,0.00373028,2.76457047,0.66765541,-0.25365403,-6.00667429,1.86341989,-0.26955217,2.34839177,0.84469551
0.90116666,-0.03620956,0.09986669,-0.30224903,0.35778929,-0.48688561,0.14044286,0.37894491,-1.76066027,-0.05430496,0.87074591,-1.53015590,-0.04735418,0.69045055,-1.68331263,-0.14295974,1.06252499,-1.61933513,0.87214413,0.04586163,0.33071442,0.32617378,0.16332941,0.13780724,-0.30361825,0.32581164,-0.09761232,-0.25036378,-0.26463228,0.11243555,-0.29288023,-0.14837278,-0.14385074,-0.28281898,-1.02916870,0.61413802,0.00456828,0.02018888,0.99924117,0.03299423,-1.20125313,0.48743253,0.02255552,-1.34781265,0.73308095,0.07581000,-0.77255039,0.48444978,0.03329354,-0.87160854,0.74786279,0.04335479,0.08407223,-7.88073645,3.17678385,0.13030036,2.46730452,1.55174723,0.20856436,-5.72954865,2.53223968,-0.40129796,2.51347995,0.75068802
0.89907167,-0.01785019,0.09250165,-0.25453282,0.42030343,-0.36623891,0.12867322,0.25618995,-1.66654186,-0.04940132,0.91354669,-1.48269305,-0.03494357,0.57779918,-1.62070935,-0.15458014,1.11991005,-1.60343795,0.87214413,0.04586163,0.33071442,0.32829238,0.14433504,0.14102840,-0.30532993,0.35371083,-0.09875221,-0.24945360,-0.28151263,0.11103130,-0.29228218,-0.12105963,-0.13868743,-0.29064021,-1.04703102,0.61592091,0.00872685,0.02286433,0.99902666,0.03669863,-1.20137177,0.48591881,0.02296245,-1.39249763,0.74048485,0.07883877,-0.77447147,0.48443478,0.03601020,-0.91607494,0.74530461,0.03765216,-0.62431684,-6.01808672,4.78885298,0.24897264,2.12302489,2.40896120,0.63835400,-5.61788425,3.16505790,-0.58804945,2.89490581,0.80531925
0.90432531,-0.00233471,0.06145428,-0.25168801,0.44319347,-0.12269028,0.10923780,0.18283328,-1.55715258,-0.04473645,0.95041062,-1.42643633,-0.01967196,0.48572958,-1.55511918,-0.16675735,1.18100505,-1.58035929,0.87214413,0.04586163,0.33071442,0.33002487,0.12512958,0.14421620,-0.30696306,0.36986605,-0.10043996,-0.25656818,-0.30063158,0.10959687,-0.29112792,-0.09879664,-0.13247214,-0.29845798,-1.06501083,0.61743407,0.01311035,0.02551346,0.99886315,0.03807350,-1.20084019,0.48324722,0.02306181,-1.42607689,0.74596571,0.07345669,-0.77367783,0.48508642,0.03889695,-0.95633812,0.74193261,0.03156689,-0.97675884,-3.41317253,5.45630646,0.22327480,1.81785595,2.82913661,0.75654340,-4.42702980,3.23958898,-0.60036937,3.04054332,1.20482674
0.90643940,-0.00402612,-0.00056627,-0.25137932,0.43538792,0.10012762,0.08749930,0.16911152,-1.46433303,-0.04381725,0.98370203,-1.37056732,-0.00701687,0.44523208,-1.51155424,-0.17665989,1.23747630,-1.55564659,0.87214413,0.04586163,0.33071442,0.33073437,0.10648103,0.14628443,-0.30783445,0.37141287,-0.10219016,-0.26963200,-0.31879180,0.10897497,-0.28919790,-0.08876618,-0.12683355,-0.30536386,-1.08306770,0.61887577,0.01734766,0.02820964,0.99875848,0.03721256,-1.20026875,0.48103071,0.02289991,-1.44572449,0.74876188,0.06110237,-0.77339363,0.48618920,0.04153647,-0.98499680,0.73866007,0.02537051,-1.10496805,-0.34439918,4.48843708,0.01847188,1.65418541,2.77327228,0.61362677,-1.68560410,1.99791369,-0.48087124,2.79153132,1.20108163
0.90421867,-0.01678178,-0.06878128,-0.25054220,0.40452188,0.20116099,0.06360789,0.19403780,-1.39920783,-0.04613168,1.01661956,-1.32533538,0.00226479,0.46028638,-1.50677097,-0.18463270,1.29474640,-1.55291140,0.87214413,0.04586163,0.33071442,0.33024350,0.08945699,0.14730235,-0.30703270,0.36298265,-0.10504584,-0.28347876,-0.33275489,0.10925323,-0.28432941,-0.09119648,-0.12221106,-0.30995543,-1.10113049,0.62040752,0.02129115,0.03089607,0.99867409,0.03524473,-1.20092869,0.47990537,0.02321079,-1.45563793,0.75123376,0.04676474,-0.77707481,0.48755419,0.04591408,-1.00139809,0.73575824,0.02028807,-1.20707798,1.46194959,3.05558658,-0.13431385,1.64733040,2.16531515,0.43991208,1.13859773,-0.05848646,-0.38647142,2.88750863,-0.06573915
0.90555118,-0.03075305,-0.12300174,-0.21011066,0.22974453,0.16984391,0.05068865,0.24384615,-1.37671986,-0.04767615,1.05173461,-1.29828887,0.00682225,0.51808923,-1.53580530,-0.18705278,1.34806652,-1.57946284,0.87214413,0.04586163,0.33071442,0.32858443,0.07412691,0.14818101,-0.30402246,0.34836716,-0.10609097,-0.29403215,-0.34025211,0.11097295,-0.27626666,-0.10379251,-0.11946765,-0.31129832,-1.11925220,0.62209896,0.02352129,0.03314755,0.99861220,0.03349118,-1.20335789,0.47934517,0.02456197,-1.45953159,0.75180982,0.03455227,-0.78740330,0.48807361,0.05231776,-1.00751801,0.73417425,0.01728610,-0.62082238,2.52239499,1.05383197,-0.07114693,1.75644910,1.32907237,0.22401583,2.91194177,-1.46414554,-0.11038881,2.63424804,-1.32363069
0.92650956,-0.03357474,-0.15476259,-0.07278828,-0.00412196,0.05609017,0.05359890,0.31295772,-1.39861078,-0.04457536,1.08513200,-1.28642397,0.00982286,0.58869365,-1.57439768,-0.18240057,1.37944345,-1.60697362,0.87214413,0.04586163,0.33071442,0.32629092,0.06113261,0.14955108,-0.29994217,0.33003581,-0.10407563,-0.30005279,-0.34271963,0.11334731,-0.26958993,-0.12027425,-0.11821905,-0.31026292,-1.13779507,0.62381202,0.02356050,0.03399062,0.99860341,0.03287519,-1.20885792,0.47871622,0.02634876,-1.46007481,0.74987210,0.02623814,-0.80348454,0.48764732,0.05670099,-1.00983429,0.73366501,0.01602800,0.17811012,3.48872333,-1.18550202,0.17110901,1.64920938,0.55769487,0.15374799,3.54924035,-1.96305363,0.25025884,1.50820389,-1.40483797
0.96078361,-0.02259737,-0.14546897,0.10622266,-0.21482948,-0.06207748,0.06419924,0.38959603,-1.44607816,-0.03639449,1.11370561,-1.29628670,0.01412120,0.65933653,-1.61307714,-0.17232404,1.38846369,-1.64499483,0.87214413,0.04586163,0.33071442,0.32411045,0.05310335,0.15127110,-0.29527787,0.31062479,-0.10145347,-0.30228611,-0.33828634,0.11576143,-0.26422601,-0.13764948,-0.11781274,-0.30736150,-1.15699368,0.62540307,0.02162177,0.03300046,0.99866130,0.03345269,-1.22030487,0.47811219,0.02883258,-1.45996380,0.74783537,0.02182434,-0.82740383,0.48680693,0.05988443,-1.01161900,0.73353920,0.01674895,0.54172308,3.84089308,-2.44722161,0.42770560,1.42176235,-0.63931268,0.22045992,3.49448895,-1.86797469,0.52277286,0.34873007,-1.94756694
0.99413338,-0.00069095,-0.11924504,0.27386153,-0.37989847,-0.12639076,0.07768549,0.46736403,-1.50384507,-0.02643200,1.13430326,-1.33584254,0.01989437,0.72210342,-1.63848517,-0.15821832,1.37112875,-1.69188900,0.87214413,0.04586163,0.33071442,0.32235979,0.05295700,0.15242659,-0.29064846,0.29124694,-0.09945643,-0.30204437,-0.32631879,0.11795700,-0.26079200,-0.15487740,-0.11795251,-0.30459775,-1.17683582,0.62671518,0.01812445,0.03029552,0.99877297,0.03473091,-1.24040947,0.47840234,0.03171133,-1.46034451,0.74646153,0.02031542,-0.85964718,0.48604120,0.06156779,-1.01402645,0.73345277,0.01776204,0.69146543,3.89071856,-2.91748786,0.49727844,0.95704072,-2.12854650,0.29786393,3.09723878,-1.20368526,0.72663110,-1.02801695,-2.38693123
1.01224266,0.02750064,-0.10154435,0.42300476,-0.46566614,-0.10228043,0.09146976,0.54757017,-1.55868113,-0.01902675,1.14112616,-1.40917695,0.02685701,0.77732414,-1.65046334,-0.14042349,1.32316566,-1.73628068,0.87214413,0.04586163,0.33071442,0.32085499,0.06353125,0.15191708,-0.28668950,0.27080901,-0.09842719,-0.30126774,-0.30783370,0.12001982,-0.26016320,-0.17188013,-0.11855469,-0.30233978,-1.19707489,0.62759584,0.01374637,0.02609550,0.99892114,0.03586945,-1.27143860,0.48067731,0.03416549,-1.46004677,0.74537200,0.01958726,-0.89873886,0.48560303,0.06069179,-1.01706219,0.73339480,0.01851521,0.68361682,4.03352880,-2.69792295,0.34511322,0.23981808,-3.92912841,0.35542375,2.70612693,-0.49796817,0.91596001,-2.62380099,-2.17344761
1.00259104,0.05376099,-0.08899503,0.49410985,-0.43595060,0.01981215,0.10075941,0.62521756,-1.60289271,-0.01671943,1.13274105,-1.51825616,0.03348336,0.82580011,-1.65428524,-0.12096325,1.25110822,-1.77356389,0.87214413,0.04586163,0.33071442,0.31946736,0.08548737,0.14940591,-0.28151450,0.25068450,-0.09928328,-0.29997754,-0.28477799,0.12201988,-0.26113851,-0.18777270,-0.11974306,-0.30010754,-1.21719856,0.62790459,0.00953914,0.02100758,0.99909392,0.03576346,-1.31320324,0.48502941,0.03795286,-1.46009884,0.74494879,0.01948982,-0.94192715,0.48573216,0.05832885,-1.02130508,0.73384199,0.01935982,0.45783222,3.86924577,-2.18698003,0.10521286,-0.44985292,-5.46001863,0.32941031,2.41566234,-0.18001841,0.97111732,-3.62957220,-1.84648979
0.97307039,0.07108491,-0.06195283,0.49034553,-0.32935922,0.20195699,0.10535865,0.69360914,-1.63004797,-0.02272261,1.10093615,-1.62870872,0.03871277,0.86977658,-1.65090213,-0.10331982,1.16074252,-1.79716990,0.87214413,0.04586163,0.33071442,0.31846085,0.11376787,0.14473365,-0.27634998,0.23226219,-0.10127703,-0.29914942,-0.25911279,0.12362682,-0.26359600,-0.20278356,-0.12124837,-0.29849042,-1.23676643,0.62779032,0.00630322,0.01598429,0.99927805,0.03388423,-1.36010265,0.49111869,0.04211088,-1.46161289,0.74460998,0.01931143,-0.98664951,0.48684865,0.05486486,-1.02621536,0.73498447,0.01997043,0.21631039,3.39263797,-1.30519285,-0.33249917,-1.67145522,-5.50606966,0.25703796,2.19450831,0.18582342,0.87347616,-4.56786470,-1.13188066
0.93335020,0.07931243,-0.01648256,0.45073622,-0.17220582,0.41715948,0.10497118,0.75454199,-1.63835652,-0.04023637,1.02815824,-1.73077207,0.04294833,0.91360255,-1.64224467,-0.08878001,1.05195284,-1.80206575,0.87214413,0.04586163,0.33071442,0.31824306,0.15064731,0.13740852,-0.27120833,0.21469851,-0.10418184,-0.29928779,-0.23087025,0.12468310,-0.26775306,-0.21772864,-0.12274037,-0.29754477,-1.25557079,0.62734286,0.00453113,0.01140145,0.99947762,0.02989917,-1.41417484,0.49920048,0.04703472,-1.46364651,0.74419234,0.01895527,-1.03257980,0.48906065,0.05048999,-1.03088398,0.73682708,0.02069828,-0.04193750,3.02593708,-0.33210037,-0.92611294,-3.88620434,-5.05239010,0.21070467,2.19842434,0.45228051,0.71334535,-5.52456331,-0.15453099
0.89283475,0.07945057,0.02995194,0.40963807,0.01694126,0.63267708,0.09834082,0.80801206,-1.62626398,-0.06615847,0.89248414,-1.80143833,0.04925913,0.96054088,-1.63358736,-0.07869983,0.93161273,-1.78676877,0.87214413,0.04586163,0.33071442,0.31892286,0.19773378,0.12840521,-0.26617370,0.19751117,-0.10837473,-0.30058092,-0.20117480,0.12481112,-0.27325750,-0.23259692,-0.12335343,-0.29681858,-1.27356510,0.62664059,0.00453466,0.00728320,0.99968010,0.02379267,-1.47719135,0.50780081,0.05274916,-1.46568928,0.74430132,0.01834194,-1.07856445,0.49238762,0.04566536,-1.03535595,0.73877352,0.02210428,-0.37138320,2.61958027,0.72531075,-1.32976360,-7.16535711,-3.27011890,0.33736537,2.37091379,0.41345642,0.47305769,-6.04742975,0.87651586
0.86197995,0.07110688,0.06654888,0.34603519,0.15449311,0.78257370,0.08622825,0.85199642,-1.59881127,-0.08854006,0.71084797,-1.81282258,0.05878146,1.00889099,-1.62521410,-0.07466692,0.80836171,-1.75139332,0.87214413,0.04586163,0.33071442,0.32036412,0.24752666,0.12090182,-0.26126751,0.18135412,-0.11373804,-0.30247563,-0.17176926,0.12359080,-0.27966776,-0.24706466,-0.12267835,-0.29629619,-1.29090977,0.62580079,0.00593498,0.00379464,0.99984503,0.01613348,-1.54221344,0.51295948,0.05909660,-1.46849442,0.74533886,0.01788849,-1.12322330,0.49672478,0.04069636,-1.04001045,0.74043262,0.02406792,-0.64051771,2.13132262,1.46589506,-1.06684506,-9.35060215,-0.10798930,0.49731931,2.41962409,0.42552707,0.15664814,-6.17644739,1.91372383
0.84049147,0.05172831,0.09273647,0.24789839,0.23764399,0.76711056,0.07304057,0.88768181,-1.56161551,-0.09666360,0.53240942,-1.75621092,0.07173387,1.05769582,-1.61058011,-0.07875518,0.68237408,-1.69237211,0.87214413,0.04586163,0.33071442,0.32248684,0.29000064,0.11769430,-0.25854462,0.16617413,-0.11893625,-0.30462303,-0.14250774,0.12065299,-0.28711039,-0.26224042,-0.12045721,-0.29661673,-1.30771141,0.62504793,0.00830997,0.00137185,0.99992920,0.00840616,-1.59965248,0.51225284,0.06394223,-1.47185955,0.74676508,0.01786381,-1.16725521,0.50201275,0.03537645,-1.04348011,0.74107293,0.02587011,-0.65503339,1.77746618,1.86991873,-0.38930357,-8.89039211,2.89193468,0.64909027,2.43557286,0.75445597,-0.21599666,-6.30072594,2.97680402
0.82867370,0.02831664,0.10540575,0.16706172,0.27128609,0.60739310,0.06366918,0.91887919,-1.51879835,-0.09410353,0.38157426,-1.66251771,0.08568132,1.10378652,-1.58349414,-0.08945883,0.56204978,-1.62021658,0.87214413,0.04586163,0.33071442,0.32495854,0.32408984,0.11723474,-0.25906245,0.15111243,-0.12257365,-0.30710455,-0.11471721,0.11609019,-0.29453950,-0.27879603,-0.11744372,-0.29806146,-1.32424202,0.62453557,0.01103207,-0.00025012,0.99993674,0.00217920,-1.64883919,0.50871292,0.06589609,-1.47481937,0.74776596,0.01785399,-1.21003132,0.50794704,0.03041904,-1.04493732,0.74076439,0.02689708,-0.45216024,1.54900348,2.14641666,0.15047290,-7.42339859,4.74871569,0.69997389,2.30073581,1.36503541,-0.54341711,-5.95285568,3.61040044
0.82712126,0.00907883,0.09541931,0.15364531,0.27658483,0.33644962,0.05987177,0.94675231,-1.47549548,-0.08457952,0.27451804,-1.55498996,0.09947262,1.14775000,-1.55427237,-0.10083931,0.47007315,-1.55311108,0.87214413,0.04586163,0.33071442,0.32734197,0.34718783,0.11827427,-0.26390966,0.13654439,-0.12448723,-0.30938912,-0.09340541,0.11132210,-0.30082593,-0.29527834,-0.11445499,-0.29894505,-1.34072380,0.62428123,-0.01379001,0.00172177,-0.99990238,0.00144997,-1.68756142,0.50498387,0.06343230,-1.47763462,0.74836534,0.01795284,-1.24699059,0.51323500,0.02651604,-1.04578419,0.73960629,0.02839692,-0.16694890,1.38214433,2.15888357,0.50090080,-5.15173950,5.38662195,0.68279999,2.18449974,1.46097267,-0.55932288,-4.44207263,3.29952598
0.82820406,0.00171868,0.06924681,0.19291154,0.29553307,0.06184595,0.06020945,0.97296262,-1.43556595,-0.06903989,0.21286913,-1.45542293,0.11077388,1.19204016,-1.53032207,-0.10899255,0.41754682,-1.50491104,0.87214413,0.04586163,0.33071442,0.32933682,0.35929936,0.12063716,-0.27177312,0.12284104,-0.12543542,-0.31081122,-0.08099175,0.10728428,-0.30599105,-0.31082145,-0.11259742,-0.29822794,-1.35722847,0.62414924,-0.01672048,0.00358850,-0.99985093,0.00238091,-1.71593437,0.50175875,0.05756370,-1.48068066,0.74898323,0.01852559,-1.27571373,0.51726179,0.02334576,-1.04696064,0.73826332,0.03110888,0.03531325,1.30539882,1.96900311,0.81243777,-2.82944355,4.88850927,0.54692751,2.23144913,1.14491556,-0.38509071,-2.38857217,2.27669616
0.83036021,0.00506189,0.02298605,0.24146333,0.26930710,-0.13800839,0.06196780,0.99632007,-1.39751267,-0.04798344,0.18976335,-1.37332249,0.11838124,1.23405302,-1.51072371,-0.11249122,0.40586662,-1.47920656,0.87214413,0.04586163,0.33071442,0.33056524,0.36167134,0.12446964,-0.28152183,0.10997074,-0.12629580,-0.31161532,-0.07828840,0.10434366,-0.31072977,-0.32498511,-0.11222152,-0.29616652,-1.37379456,0.62400228,-0.01945274,0.00596084,-0.99979218,0.00129069,-1.73511410,0.49851507,0.04904341,-1.48412037,0.74998802,0.01894993,-1.29521275,0.51987940,0.01983547,-1.04912663,0.73713815,0.03439872,0.09290970,1.14190221,1.89763772,1.09026229,-0.89635843,3.97527671,0.35249677,2.06939936,0.96269840,-0.13967335,-0.29442069,1.12692118
0.83458403,0.01505290,-0.03895380,0.25351088,0.18922328,-0.21880030,0.06319901,1.02056632,-1.36493032,-0.02595402,0.20438690,-1.32350943,0.12174729,1.27309163,-1.50519800,-0.11322463,0.44130181,-1.49684110,0.87214413,0.04586163,0.33071442,0.33052731,0.35454245,0.12895594,-0.29124259,0.09712665,-0.12750526,-0.31124854,-0.08576082,0.10253569,-0.31214399,-0.33585013,-0.11327840,-0.29207764,-1.39049721,0.62373985,0.02135911,-0.00854724,0.99973496,0.00086048,-1.74521427,0.49526501,0.03928472,-1.48745079,0.75137676,0.01927877,-1.30487556,0.52108791,0.01838332,-1.05449371,0.73656253,0.03844967,0.06080460,1.21635520,1.61906564,1.09219097,0.77566121,2.43730524,0.16330137,1.95131624,0.24320552,-0.03446978,1.81794319,-0.92044394
0.84882185,0.02291756,-0.09575984,0.20692689,0.06914616,-0.18482477,0.06386790,1.05016851,-1.34337456,-0.01276207,0.25048820,-1.31383660,0.12116435,1.31364915,-1.52728133,-0.11278101,0.50533417,-1.53738074,0.87214413,0.04586163,0.33071442,0.32941025,0.34031796,0.13138877,-0.29906230,0.08396084,-0.12871605,-0.30919086,-0.09996099,0.10162461,-0.31140194,-0.34192682,-0.11535354,-0.28495506,-1.40751801,0.62340802,0.02211049,-0.01071044,0.99969446,0.00272109,-1.74848499,0.49371285,0.03034795,-1.49083786,0.75253991,0.02021939,-1.30806351,0.52128768,0.01800831,-1.06502190,0.73706015,0.04445519,0.03160000,1.51345527,1.01778165,0.61762218,2.39742262,0.34897609,-0.04363015,2.04613631,-1.21485758,0.02294791,3.25667000,-2.06244690
0.87705237,0.02288726,-0.13203065,0.08027255,-0.06361216,-0.07659635,0.06268305,1.08677974,-1.34141412,-0.01338182,0.32322735,-1.34650776,0.11322318,1.35284002,-1.58245938,-0.11242610,0.58296928,-1.58404417,0.87214413,0.04586163,0.33071442,0.32755895,0.32104549,0.13048986,-0.30349119,0.07178142,-0.12985837,-0.30485328,-0.11799849,0.10155232,-0.30928958,-0.34129787,-0.11879421,-0.27493106,-1.42509899,0.62311841,0.02157525,-0.01166434,0.99969283,0.00356405,-1.74700241,0.49475956,0.02406776,-1.49601803,0.75344975,0.02270567,-1.30777626,0.52078614,0.01826937,-1.08302116,0.73964763,0.05262789,-0.07409044,1.83395994,0.02208136,-0.08515365,3.71862078,-1.78766711,-0.44167449,1.90935652,-2.86846719,0.01532480,3.90767860,-2.32347956
0.91705831,0.01253630,-0.13749143,-0.09128711,-0.22894653,0.03187958,0.05884483,1.10604992,-1.34508653,-0.02300322,0.40661427,-1.40023453,0.09263567,1.36155989,-1.63821280,-0.11284980,0.66032331,-1.62097130,0.87214413,0.04586163,0.33071442,0.32552121,0.29982575,0.12793251,-0.30526483,0.06528127,-0.13071965,-0.30240531,-0.13757502,0.10216753,-0.30700606,-0.33339381,-0.12410705,-0.26745149,-1.44344234,0.62301604,0.01949018,-0.01095302,0.99974444,0.00334841,-1.74406471,0.49696684,0.02025639,-1.50790234,0.75414262,0.02311591,-1.30651093,0.51998751,0.01851515,-1.10927658,0.74502928,0.05806972,-0.20359704,0.78669975,-0.16400814,-0.51692039,4.19416018,-2.74278522,-1.11122324,0.18147038,-2.68385959,-0.02655056,3.83896685,-1.75868502
0.95252287,-0.00848723,-0.12700237,-0.27645437,-0.44581396,0.06899513,0.05865871,1.11474741,-1.40182328,-0.03465459,0.49110857,-1.46163571,0.06068343,1.33092535,-1.69164240,-0.11385764,0.72877514,-1.64500535,0.87214413,0.04586163,0.33071442,0.32355687,0.27821588,0.12601220,-0.30502521,0.07169896,-0.12944216,-0.29897876,-0.15699743,0.10357604,-0.30430711,-0.31719636,-0.13094404,-0.26293130,-1.46247005,0.62326914,0.01534239,-0.00844881,0.99984297,0.00269575,-1.74132919,0.49868691,0.01853166,-1.53350353,0.75307769,0.02457811,-1.30600643,0.51888847,0.01924976,-1.14460564,0.75258303,0.06062557,0.03305823,0.41755196,-3.37728715,-0.58494318,4.22338104,-3.11857915,-1.67033529,-1.79800975,-2.70014739,-0.05355075,3.34793663,-1.11660719
0.98544184,-0.03274194,-0.09246605,-0.39326699,-0.59301196,-0.00826323,0.06693082,1.09837472,-1.51514232,-0.04178702,0.56190356,-1.51046863,0.02659017,1.26917870,-1.73618097,-0.11528172,0.78312910,-1.65374038,0.87214413,0.04586163,0.33071442,0.32206609,0.25878809,0.12641041,-0.30439987,0.09539804,-0.12500592,-0.29431131,-0.17514136,0.10552525,-0.30153459,-0.29605018,-0.13755530,-0.26017991,-1.48219204,0.62403708,0.00939644,-0.00455313,0.99994169,0.00275695,-1.74166260,0.49903347,0.01766622,-1.57691002,0.74955907,0.02775478,-1.30762615,0.51756254,0.02053150,-1.18539944,0.75998310,0.06188618,0.42171832,-0.86030667,-5.68980026,-0.35275223,3.52138052,-2.41893604,-1.69696336,-3.11180854,-2.20630052,-0.07194963,2.70630503,-0.42150736
1.00538882,-0.04850212,-0.04882189,-0.45558597,-0.52685607,-0.12687235,0.08102208,1.05140798,-1.63893158,-0.04671291,0.62145737,-1.54383607,-0.00152355,1.19125922,-1.76650386,-0.11767312,0.83326576,-1.65656812,0.87214413,0.04586163,0.33071442,0.32121634,0.24162739,0.12779311,-0.30394316,0.12860905,-0.11891262,-0.28826611,-0.19242755,0.10751773,-0.29873125,-0.27328366,-0.14243575,-0.25949148,-1.50229282,0.62515163,0.00401746,-0.00005030,0.99998403,0.00397445,-1.74492836,0.49928317,0.01727318,-1.62995262,0.74508276,0.03295024,-1.31072598,0.51610776,0.02248509,-1.22788563,0.76541065,0.06172487,0.72219008,-2.44591410,-6.17492104,-0.24357443,2.95712376,-1.62726533,-1.38438802,-3.93531976,-1.47712605,-0.12551530,2.52162170,-0.15853642
0.99997502,-0.05684402,-0.00449018,-0.50585857,-0.33602977,-0.25295829,0.09951975,0.96306270,-1.74876904,-0.05108541,0.67676749,-1.56396294,-0.02279437,1.09896162,-1.78203406,-0.12195135,0.88590890,-1.66092303,0.87214413,0.04586163,0.33071442,0.32106289,0.22541094,0.12955609,-0.30353721,0.16908571,-0.11187222,-0.28066407,-0.20906592,0.10933513,-0.29542948,-0.24844425,-0.14539881,-0.26122362,-1.52230511,0.62652375,0.00045424,0.00494471,0.99996705,0.00642127,-1.74936180,0.49987411,0.01752568,-1.68993969,0.74055891,0.04039882,-1.31466103,0.51451185,0.02563341,-1.27201347,0.76871889,0.05983926,0.93369299,-4.63589478,-5.38143778,-0.21853104,2.76420212,-0.95615093,-1.03770750,-4.67996950,-0.70661972,-0.22088875,2.62764406,-0.19871805
0.97245436,-0.05973704,0.04233932,-0.52102537,-0.12111329,-0.37027712,0.11791891,0.82233430,-1.82081037,-0.05510652,0.73275063,-1.57274017,-0.03868744,0.99128544,-1.77921867,-0.12679444,0.93744649,-1.65783293,0.87214413,0.04586163,0.33071442,0.32174436,0.20885605,0.13148444,-0.30311600,0.21555530,-0.10536422,-0.27191081,-0.22522988,0.11104559,-0.29318034,-0.22118363,-0.14690953,-0.26535635,-1.54180241,0.62810324,-0.00101048,0.01015021,0.99989789,0.01000800,-1.75324554,0.50082085,0.01862836,-1.75520802,0.73775611,0.04983355,-1.31883774,0.51257672,0.02856402,-1.31772575,0.77056117,0.05638801,0.91016361,-7.34161978,-3.33453913,-0.19763556,2.80719042,-0.37555789,-0.76670959,-5.47250433,0.25433491,-0.24082597,2.57033634,0.20992754
0.93671688,-0.05461038,0.07297077,-0.46726732,0.08331573,-0.46263258,0.13301945,0.64473552,-1.84004295,-0.05732539,0.78919387,-1.56934845,-0.04919854,0.87283826,-1.75594330,-0.13167377,0.98525417,-1.64354610,0.87214413,0.04586163,0.33071442,0.32306600,0.19162837,0.13365572,-0.30282660,0.26319537,-0.10045002,-0.26229566,-0.24100713,0.11238633,-0.29271963,-0.19237110,-0.14723126,-0.27131447,-1.56060028,0.62977326,-0.00046002,0.01492231,0.99978341,0.01449994,-1.75602150,0.50172704,0.02023940,-1.82077408,0.73780847,0.06077033,-1.32295132,0.51044977,0.03034636,-1.36404324,0.77136779,0.05175152,0.72693759,-9.09604263,-0.56730509,-0.09463101,2.82274580,0.25962353,-0.48570713,-5.98572111,1.31158578,-0.24499296,2.35635614,0.79859728
0.90621065,-0.04469048,0.09367725,-0.36056713,0.27117991,-0.50057514,0.13951265,0.46755176,-1.79944870,-0.05609861,0.84231178,-1.54942837,-0.05062052,0.75487980,-1.71278946,-0.13784930,1.03325348,-1.62787812,0.87214413,0.04586163,0.33071442,0.32496349,0.17394605,0.13625727,-0.30303053,0.30533002,-0.09826573,-0.25388540,-0.25594626,0.11284224,-0.29283007,-0.16400143,-0.14568383,-0.27855069,-1.57867680,0.63144468,0.00223373,0.01859559,0.99963504,0.01946818,-1.75780525,0.50207596,0.02193296,-1.87994156,0.74154518,0.07107809,-1.32732677,0.50870501,0.03213342,-1.40911770,0.77062069,0.04641281,0.31500736,-8.81261654,2.08128533,0.06443900,2.64702535,1.02192585,-0.05832938,-5.88928242,2.17452903,-0.31325534,2.40469670,0.78096336
0.89440405,-0.02925511,0.09764178,-0.28433710,0.38432562,-0.45192266,0.13634713,0.32289474,-1.72342727,-0.05252377,0.88904830,-1.51151962,-0.04295451,0.64067968,-1.65719063,-0.14743097,1.08597178,-1.61294072,0.87214413,0.04586163,0.33071442,0.32708870,0.15554157,0.13916381,-0.30429345,0.33859273,-0.09795558,-0.24927929,-0.27149192,0.11203508,-0.29269770,-0.13631849,-0.14186267,-0.28619740,-1.59648952,0.63298765,0.00608220,0.02152796,0.99946201,0.02398438,-1.75855904,0.50148396,0.02279525,-1.92996635,0.74715216,0.07780940,-1.33071423,0.50799481,0.03439100,-1.45349064,0.76811377,0.04089129,-0.20660035,-7.14043999,3.89747682,0.18672180,2.31736121,1.94571574,0.41033146,-5.71562386,2.82020450,-0.49075033,2.65944791,0.75174373
0.89684090,-0.00978635,0.08271607,-0.25763008,0.43328130,-0.27084775,0.12010866,0.21750770,-1.61935256,-0.04717076,0.92928709,-1.45941052,-0.02839648,0.53194740,-1.59057736,-0.15975713,1.14584370,-1.59406984,0.87214413,0.04586163,0.33071442,0.32910087,0.13636319,0.14251182,-0.30606723,0.36238003,-0.09962256,-0.25152192,-0.28952957,0.11045143,-0.29191211,-0.10998136,-0.13600600,-0.29410565,-1.61434116,0.63425995,0.01036900,0.02419251,0.99929366,0.02682155,-1.75821686,0.49933655,0.02303364,-1.97079887,0.75334749,0.07757895,-1.33121319,0.50830187,0.03718876,-1.49716072,0.76411477,0.03499522,-0.84600407,-5.06147308,5.29145718,0.26947278,1.98589175,2.64690089,0.74275961,-5.37069836,3.36028123,-0.62041956,3.01806569,0.97313116
0.90190180,-0.00134613,0.03723084,-0.26134641,0.43415354,-0.01120317,0.09989782,0.16981286,-1.51377809,-0.04371787,0.96425833,-1.40216928,-0.01394706,0.45901105,-1.53066092,-0.17101891,1.20583167,-1.56821029,0.87214413,0.04586163,0.33071442,0.33045552,0.11729981,0.14534904,-0.30749106,0.37233844,-0.10114245,-0.26170127,-0.30888395,0.10933617,-0.29052398,-0.09236250,-0.12993126,-0.30172625,-1.63230648,0.63533171,0.01467671,0.02690638,0.99916143,0.02714905,-1.75743179,0.49666216,0.02296446,-1.99851074,0.75682306,0.06875425,-1.32991161,0.50915312,0.03993154,-1.53292961,0.75998002,0.02872927,-1.01618487,-2.01569872,5.20599842,0.15182125,1.72193372,2.87193751,0.70652673,-3.35477314,2.89923596,-0.54833363,2.97608876,1.33327665
0.90210716,-0.00887622,-0.03034505,-0.25577161,0.42359200,0.16267902,0.07660235,0.17578892,-1.43178296,-0.04438524,0.99709654,-1.34937906,-0.00261241,0.44258073,-1.50213623,-0.18015845,1.26184702,-1.54950011,0.87214413,0.04586163,0.33071442,0.33066425,0.09916113,0.14689494,-0.30779928,0.36886923,-0.10342764,-0.27579009,-0.32572327,0.10903775,-0.28764501,-0.08780938,-0.12467982,-0.30785996,-1.65032387,0.63641083,0.01881130,0.02960976,0.99905497,0.02566253,-1.75704956,0.49491638,0.02286497,-2.01326370,0.75903410,0.05487416,-1.33076477,0.51044708,0.04301924,-1.55609894,0.75631583,0.02280428,-1.19279790,0.65099084,3.90032506,-0.06415933,1.63389432,2.59006238,0.54355723,-0.40247795,1.16060960,-0.44313219,2.77269578,0.84386581
0.90004721,-0.02403723,-0.09292681,-0.24954133,0.33670824,0.19749670,0.05594181,0.21376617,-1.38584518,-0.04698786,1.03121741,-1.31322229,0.00435639,0.48228508,-1.51739528,-0.18591492,1.31823730,-1.56235862,0.87214413,0.04586163,0.33071442,0.32957525,0.08305393,0.14771124,-0.30583856,0.35708757,-0.10596118,-0.28831161,-0.33645636,0.11000282,-0.28104007,-0.09585044,-0.12089362,-0.31074963,-1.66834717,0.63764383,0.02210603,0.03224436,0.99895629,0.02362118,-1.75849075,0.49414923,0.02373669,-2.01985531,0.76085639,0.04126365,-1.33764248,0.51139839,0.04853518,-1.56672726,0.75372986,0.01882562,-1.01421310,1.93097672,2.23296384,-0.12741989,1.71180427,1.78142583,0.34261389,2.02975512,-0.80156562,-0.27939210,2.81124663,-0.67648454
0.90888597,-0.03402747,-0.14059397,-0.16176885,0.12285746,0.12470512,0.05002359,0.27297303,-1.38368411,-0.04680324,1.06661932,-1.29321921,0.00804465,0.54724680,-1.55268261,-0.18540963,1.36356654,-1.59048648,0.87214413,0.04586163,0.33071442,0.32758865,0.06849591,0.14878209,-0.30220029,0.34058377,-0.10560425,-0.29693262,-0.34190191,0.11206853,-0.27326627,-0.11040495,-0.11880184,-0.31091408,-1.68656845,0.63897182,0.02338668,0.03400668,0.99889902,0.02230136,-1.76186371,0.49351246,0.02538836,-2.02191067,0.76019540,0.03065603,-1.35020809,0.51122997,0.05432239,-1.57079372,0.75254709,0.01667458,-0.24255816,3.01206565,-0.01008943,0.02354698,1.75410163,0.97068062,0.18073683,3.27797146,-1.77158391,0.04572594,2.19718819,-1.39129102
0.93724934,-0.03090784,-0.15420651,0.00719913,-0.10087208,0.00021185,0.05755344,0.34594622,-1.41724069,-0.04139734,1.09741273,-1.28781445,0.01143314,0.61912761,-1.59205823,-0.17837356,1.38599045,-1.62109234,0.87214413,0.04586163,0.33071442,0.32527205,0.05717407,0.15035948,-0.29803964,0.32159221,-0.10290617,-0.30143927,-0.34185097,0.11448000,-0.26712607,-0.12758483,-0.11795735,-0.30906086,-1.70533333,0.64025341,0.02254137,0.03407279,0.99891794,0.02222321,-1.76936016,0.49268169,0.02723241,-2.02185402,0.75783691,0.02383278,-1.36910744,0.51017686,0.05814597,-1.57245998,0.75221993,0.01621119,0.40426738,3.68287697,-1.79871941,0.29387555,1.52557313,0.18320130,0.17377944,3.60345960,-1.99522872,0.37618855,1.03068916,-1.58527696
0.97275233,-0.01486733,-0.13295439,0.18462442,-0.28589124,-0.10001404,0.06938753,0.42240565,-1.46996334,-0.03183271,1.12426891,-1.30986631,0.01618498,0.68644409,-1.62547288,-0.16666981,1.38494723,-1.66300676,0.87214413,0.04586163,0.33071442,0.32329534,0.05188314,0.15202582,-0.29309326,0.30243037,-0.10055784,-0.30242262,-0.33444549,0.11678465,-0.26251180,-0.14485063,-0.11783375,-0.30615561,-1.72477303,0.64133526,0.01995048,0.03233998,0.99900891,0.02317972,-1.78383961,0.49195371,0.03020208,-2.02206955,0.75618639,0.02087272,-1.39627075,0.50875057,0.06078354,-1.57447338,0.75213469,0.01713973,0.60697227,3.82361603,-2.70690231,0.49623809,1.31753385,-1.29012241,0.24687030,3.31076121,-1.58467474,0.60747898,-0.19632624,-2.15382240
1.00178579,0.01039315,-0.10794206,0.34684315,-0.42475368,-0.13195959,0.08365253,0.50033247,-1.52633011,-0.02237834,1.13901949,-1.36039543,0.02253130,0.74540067,-1.64336765,-0.15123162,1.35403335,-1.70928979,0.87214413,0.04586163,0.33071442,0.32171300,0.05557589,0.15265450,-0.28897630,0.28274868,-0.09876287,-0.30205162,-0.31951600,0.11883895,-0.26043664,-0.16207890,-0.11811899,-0.30388254,-1.74478054,0.64206225,0.01600626,0.02897636,0.99915073,0.02453535,-1.80791664,0.49237621,0.03273670,-2.02223969,0.75483346,0.01966138,-1.43160343,0.50740242,0.06127636,-1.57700062,0.75193292,0.01783046,0.72992468,3.91069269,-2.81939483,0.46261296,0.62911028,-2.71746373,0.32862145,2.89176083,-0.78256840,0.79810822,-1.77231777,-2.32878661
1.00777452,0.03869922,-0.09596069,0.47082387,-0.44969982,-0.05844162,0.09556141,0.58043905,-1.57837191,-0.01728566,1.13887126,-1.45267091,0.02955262,0.79750016,-1.65221219,-0.13219314,1.29493039,-1.75208127,0.87214413,0.04586163,0.33071442,0.32027668,0.07194816,0.15112754,-0.28466263,0.26230731,-0.09869232,-0.30074722,-0.29866954,0.12090988,-0.26046862,-0.17854175,-0.11902876,-0.30143322,-1.76499767,0.64223970,0.01163407,0.02416797,0.99932227,0.02521018,-1.84455395,0.49497508,0.03561406,-2.02193470,0.75417120,0.01952946,-1.47287788,0.50626645,0.05980806,-1.58062210,0.75201515,0.01884346,0.58915326,3.99871850,-2.58304291,0.24846317,-0.02671051,-4.65249815,0.35014170,2.59439754,-0.42747688,0.95275429,-2.98552871,-2.12672708
0.98907270,0.06161425,-0.07978449,0.50714840,-0.38650858,0.08924052,0.10299853,0.65440465,-1.61593800,-0.01768084,1.12244165,-1.56381378,0.03567363,0.84344709,-1.65253401,-0.11334113,1.21564348,-1.78456919,0.87214413,0.04586163,0.33071442,0.31899793,0.09643032,0.14787086,-0.27941367,0.24288283,-0.10004441,-0.29959075,-0.27453486,0.12275333,-0.26201666,-0.19397793,-0.12035911,-0.29950440,-1.78487263,0.64194561,0.00781772,0.01900393,0.99948975,0.02445355,-1.88845921,0.49899660,0.03958426,-2.02254086,0.75381503,0.01940718,-1.51670761,0.50583797,0.05698127,-1.58520966,0.75261832,0.01949353,0.35859255,3.66992116,-1.82878013,-0.04378327,-0.88779824,-5.55219507,0.30166914,2.28870449,-0.00461483,0.93658327,-4.01428113,-1.58559597
0.95480142,0.07490242,-0.04444725,0.47915030,-0.25671057,0.28647082,0.10574253,0.71915085,-1.63570180,-0.02802335,1.07792449,-1.67144961,0.04034016,0.88706635,-1.64717188,-0.09694883,1.11821849,-1.80139086,0.87214413,0.04586163,0.33071442,0.31827275,0.12736625,0.14217638,-0.27433324,0.22504703,-0.10236059,-0.29910322,-0.24789184,0.12413980,-0.26512681,-0.20886962,-0.12190695,-0.29812073,-1.80409012,0.64128611,0.00519397,0.01412915,0.99964945,0.02177998,-1.93754692,0.50481060,0.04393950,-2.02444973,0.75338205,0.01916953,-1.56185913,0.50643359,0.05314593,-1.59009342,0.75395038,0.02015201,0.11679598,3.20183277,-0.90921584,-0.56855074,-2.37409811,-5.35661697,0.22754461,2.17497039,0.30199383,0.80705214,-4.95275803,-0.76202052
0.91279252,0.08005879,0.00398010,0.43545894,-0.08411682,0.50695294,0.10312671,0.77759428,-1.63598952,-0.04972682,0.98155260,-1.76569023,0.04495746,0.93205768,-1.63822341,-0.08398329,1.00349782,-1.79836071,0.87214413,0.04586163,0.33071442,0.31842124,0.16871504,0.13393014,-0.26921937,0.20756693,-0.10567890,-0.29970993,-0.21880189,0.12487883,-0.26990117,-0.22381136,-0.12316645,-0.29727898,-1.82248688,0.64033854,0.00417667,0.00972686,0.99980026,0.01695225,-1.99565544,0.51221869,0.04920187,-2.02634296,0.75300955,0.01871131,-1.60805473,0.50809692,0.04852008,-1.59461956,0.75582874,0.02114227,-0.16398515,2.89462042,0.10140039,-1.14735788,-5.18890100,-4.60325279,0.23615476,2.26927953,0.44939944,0.62657239,-5.82748127,0.27096317
0.87531292,0.07744383,0.04606849,0.38700601,0.09680890,0.70849272,0.09393638,0.82699758,-1.61650014,-0.07633410,0.82331735,-1.81533527,0.05255425,0.97976339,-1.62991297,-0.07617123,0.88176268,-1.77538788,0.87214413,0.04586163,0.33071442,0.31941536,0.21806000,0.12493408,-0.26428208,0.19080647,-0.11042628,-0.30136196,-0.18914604,0.12448963,-0.27577333,-0.23847977,-0.12327641,-0.29664275,-1.84011459,0.63918239,0.00489572,0.00582738,0.99991984,0.01011894,-2.06066513,0.51869941,0.05513328,-2.02864075,0.75345820,0.01805340,-1.65353394,0.51087981,0.04364203,-1.59918213,0.75759363,0.02277261,-0.50866437,2.39353871,1.11434698,-1.34830999,-8.34524250,-2.09068537,0.40698966,2.40257239,0.40815350,0.34992051,-6.11117697,1.28833997
0.84975493,0.06366049,0.07775164,0.30101066,0.19914936,0.78701005,0.08057833,0.86641567,-1.58399849,-0.09256395,0.63707023,-1.79350698,0.06354081,1.02879388,-1.62015574,-0.07576951,0.75725715,-1.72890310,0.87214413,0.04586163,0.33071442,0.32119324,0.26532627,0.11945379,-0.26002375,0.17529992,-0.11596147,-0.30336579,-0.15986454,0.12257607,-0.28268165,-0.25309991,-0.12195950,-0.29633645,-1.85710545,0.63799002,0.00685334,0.00284514,0.99997002,0.00221426,-2.12296276,0.51972284,0.06116949,-2.03188553,0.75473354,0.01782745,-1.69779015,0.51470094,0.03851159,-1.60346317,0.75881751,0.02485679,-0.66757622,1.96286771,1.63607013,-0.79266676,-9.29532852,1.17285910,0.55378557,2.44857335,0.50546404,0.00904852,-6.23198204,2.35545011
0.83152948,0.04204826,0.10044202,0.20295752,0.26068674,0.71596588,0.06855133,0.90039282,-1.54426908,-0.09621430,0.46735047,-1.72026904,0.07701640,1.07613232,-1.59908159,-0.08287357,0.63100967,-1.66294641,0.87214413,0.04586163,0.33071442,0.32349665,0.30482063,0.11741350,-0.25841056,0.16012077,-0.12061074,-0.30566249,-0.13065432,0.11889464,-0.29028839,-0.26894109,-0.11933148,-0.29737542,-1.87370052,0.63696997,-0.00942924,-0.00082178,-0.99994244,0.00505323,-2.17732067,0.51648614,0.06508609,-2.03503036,0.75595860,0.01783417,-1.74185295,0.51939998,0.03320826,-1.60597744,0.75900958,0.02612123,-0.58967127,1.68463171,2.00380890,-0.15085081,-8.40584908,3.76877084,0.67638165,2.36475682,1.07886449,-0.37507402,-6.29626369,3.33649755
0.82447955,0.01924894,0.10330246,0.14730643,0.27539821,0.50312997,0.06142193,0.93022052,-1.50085242,-0.09062458,0.33264920,-1.61866717,0.09125154,1.12185447,-1.57109892,-0.09443511,0.51983796,-1.59091179,0.87214413,0.04586163,0.33071442,0.32596917,0.33478663,0.11762412,-0.26060120,0.14518758,-0.12350676,-0.30813502,-0.10496203,0.11410120,-0.29728685,-0.28562372,-0.11617428,-0.29860013,-1.89012737,0.63621820,-0.01217459,0.00063465,-0.99987236,0.01032642,-2.22241096,0.51169858,0.06536797,-2.03783703,0.75669729,0.01783415,-1.78282909,0.52431114,0.02868231,-1.60696621,0.75827200,0.02736903,-0.33085127,1.47834194,2.17302847,0.30855335,-6.54515533,5.14998388,0.71414769,2.27427425,1.41790426,-0.58290977,-5.44004793,3.58518338
0.82482304,0.00434464,0.08706087,0.15810151,0.28797192,0.21688390,0.05957476,0.95835673,-1.45991418,-0.07881014,0.24389760,-1.51372018,0.10422032,1.16653607,-1.54474914,-0.10488081,0.44283141,-1.53123090,0.87214413,0.04586163,0.33071442,0.32823792,0.35354858,0.11916596,-0.26653683,0.13085235,-0.12492218,-0.30993392,-0.08691186,0.10956161,-0.30286909,-0.30176236,-0.11356636,-0.29872356,-1.90655308,0.63568093,-0.01501685,0.00218296,-0.99980243,0.01283842,-2.25691605,0.50745099,0.06170110,-2.04057865,0.75719239,0.01830401,-1.81684895,0.52839353,0.02536883,-1.60781498,0.75697968,0.02951436,-0.06515505,1.40293825,2.01993217,0.62390208,-4.16799088,5.21090937,0.63338456,2.23550749,1.28238904,-0.50629356,-3.62721300,2.87705445
0.82639714,0.00180933,0.05362576,0.20944985,0.29816577,-0.03663328,0.06088176,0.98255628,-1.41974199,-0.06101844,0.19816631,-1.41852760,0.11418201,1.20939779,-1.52128005,-0.11100336,0.40682462,-1.49006474,0.87214413,0.04586163,0.33071442,0.32998776,0.36162014,0.12205497,-0.27558738,0.11760367,-0.12571487,-0.31127161,-0.07852054,0.10596526,-0.30812857,-0.31682896,-0.11226296,-0.29764937,-1.92301846,0.63520634,-0.01796010,0.00423838,-0.99974731,0.01283697,-2.28136444,0.50384921,0.05440038,-2.04383087,0.75784081,0.01871616,-1.84178638,0.53130513,0.02185920,-1.60919571,0.75561750,0.03233840,0.08329018,1.17254722,2.01443911,0.93276739,-1.99115562,4.68030405,0.47554088,2.12417364,1.16219747,-0.27089193,-1.50189924,1.92665565
0.82884642,0.00920706,-0.00205624,0.24679415,0.24455451,-0.18196608,0.06257614,1.00575218,-1.38376105,-0.03844958,0.19313978,-1.34978008,0.11979865,1.24976690,-1.50644019,-0.11278544,0.41624299,-1.48152800,0.87214413,0.04586163,0.33071442,0.33065106,0.35936820,0.12643943,-0.28562087,0.10485424,-0.12672562,-0.31159757,-0.08055856,0.10356191,-0.31180591,-0.32973581,-0.11260245,-0.29475431,-1.93957138,0.63465461,-0.02038927,0.00676756,-0.99970793,0.01106982,-2.29601345,0.50018719,0.04503019,-2.04724140,0.75899671,0.01905348,-1.85671043,0.53292549,0.01884515,-1.61244392,0.75462394,0.03589675,0.08378161,1.16235054,1.79075420,1.12762156,-0.20574563,3.39329028,0.27559266,2.01449344,0.72079320,-0.08681961,0.53585457,0.35815284
0.83647125,0.01903593,-0.06350434,0.23954461,0.14731019,-0.21600163,0.06360609,1.03115749,-1.35418160,-0.01899244,0.22001074,-1.31463847,0.12173336,1.28858678,-1.50990083,-0.11303509,0.46565149,-1.51253486,0.87214413,0.04586163,0.33071442,0.33016595,0.34936387,0.13037457,-0.29476602,0.09191208,-0.12797052,-0.31074525,-0.09106998,0.10212603,-0.31194247,-0.33888875,-0.11405816,-0.28967045,-1.95631294,0.63399643,-0.02188838,0.00924764,-0.99967776,0.00893088,-2.30323544,0.49725789,0.03539993,-2.05054874,0.76026558,0.01942070,-1.86339149,0.53355205,0.01822347,-1.61956558,0.75422981,0.04049549,0.04953991,1.27958095,1.45642078,0.94584620,1.43461862,1.64144881,0.08611303,1.94531095,-0.25003766,-0.00857905,2.54564662,-1.60235732
0.85570562,0.02436525,-0.11425297,0.16308009,0.01650719,-0.14493193,0.06392214,1.06507964,-1.34157135,-0.01150390,0.27826886,-1.32322197,0.11892337,1.33102427,-1.54727724,-0.11252106,0.53671240,-1.55740263,0.87214413,0.04586163,0.33071442,0.32870075,0.33272307,0.13138787,-0.30133037,0.07886317,-0.12910020,-0.30753409,-0.10710246,0.10155186,-0.31053458,-0.34251174,-0.11659665,-0.28094920,-1.97345848,0.63329519,-0.02213792,0.01100840,-0.99966674,0.00742544,-2.30412579,0.49681607,0.02737037,-2.05429382,0.76116977,0.02116665,-1.86480999,0.53339913,0.01816616,-1.63277664,0.75513507,0.04775155,0.01257840,1.76264472,0.50592322,0.30876278,3.04463596,-0.63516278,-0.16670179,2.14941640,-2.05396683,0.02553114,3.61912560,-2.27796922
0.88972801,0.01986167,-0.13755072,0.01281965,-0.11981419,-0.02793028,0.06125702,1.09900174,-1.34341309,-0.01645055,0.35714303,-1.36787438,0.10664952,1.36236310,-1.60577652,-0.11245331,0.61538730,-1.60194323,0.87214413,0.04586163,0.33071442,0.32672075,0.31246808,0.12959502,-0.30435932,0.06801564,-0.13029806,-0.30323510,-0.12582890,0.10178200,-0.30818242,-0.33935366,-0.12067873,-0.27130568,-1.99125977,0.63268412,-0.02108350,0.01132599,-0.99968884,0.00703071,-2.30180950,0.49855720,0.02236143,-2.06116371,0.76197894,0.02348565,-1.86396351,0.53274338,0.01853833,-1.65369759,0.75828682,0.05541507,-0.15984346,1.62956705,-0.11201763,-0.30602030,4.01813869,-2.38732173,-0.68212880,1.42841282,-2.95104623,-0.00090489,3.94380441,-2.18917747
0.93088080,0.00599864,-0.13303582,-0.15897893,-0.31570683,0.06324673,0.05743120,1.11121297,-1.35642016,-0.02786034,0.44103256,-1.42454636,0.08104821,1.35481358,-1.65911543,-0.11316004,0.68985909,-1.63328969,0.87214413,0.04586163,0.33071442,0.32472426,0.29106865,0.12696436,-0.30544163,0.06519161,-0.13070861,-0.30135204,-0.14551068,0.10267950,-0.30587853,-0.32821231,-0.12667397,-0.26536259,-2.00984573,0.63229299,-0.01823142,0.00994495,-0.99975584,0.00754873,-2.29891586,0.50084198,0.01928262,-2.07705116,0.76197767,0.02337222,-1.86276436,0.53187633,0.01884573,-1.68363190,0.76402813,0.05936167,-0.18960445,0.42672154,-0.75204128,-0.60577697,4.20741463,-2.87644362,-1.37912202,-0.69709533,-2.60230041,-0.04093498,3.67652869,-1.45430791
0.96320317,-0.01851234,-0.11482833,-0.31743951,-0.52498549,0.04577876,0.06118123,1.11065819,-1.44387045,-0.03780530,0.52066343,-1.48253884,0.04664844,1.30796647,-1.71035817,-0.11431076,0.75133560,-1.64968555,0.87214413,0.04586163,0.33071442,0.32291915,0.27019624,0.12608170,-0.30476402,0.07990816,-0.12787349,-0.29728095,-0.16434219,0.10440334,-0.30311678,-0.30898211,-0.13368415,-0.26169876,-2.02914772,0.63236833,-0.01304853,0.00675438,-0.99985984,0.00802548,-2.29726200,0.50191783,0.01815513,-2.11112080,0.75892802,0.02563820,-1.86313267,0.53064609,0.01980237,-1.72237606,0.77104979,0.06122039,0.19769918,-0.06396675,-4.43220081,-0.49079524,3.96034994,-2.87789416,-1.71912839,-2.37662311,-2.54646473,-0.05810898,3.05506873,-0.79846281
0.99333892,-0.04005452,-0.07479888,-0.41091956,-0.59286821,-0.05391938,0.07164264,1.08346646,-1.56380296,-0.04391011,0.58639073,-1.52517781,0.01451151,1.23961806,-1.74961822,-0.11601630,0.80274222,-1.65444767,0.87214413,0.04586163,0.33071442,0.32167341,0.25175845,0.12695035,-0.30421199,0.10757726,-0.12275178,-0.29216985,-0.18209297,0.10639630,-0.30050170,-0.28719640,-0.13968982,-0.25968306,-2.04902153,0.63285806,-0.00711038,0.00263724,-0.99994282,0.00753934,-2.29883213,0.50211643,0.01746142,-2.15844212,0.75396959,0.02950356,-1.86534100,0.52922659,0.02117171,-1.76396961,0.77687342,0.06199035,0.53919550,-1.44481655,-6.02301502,-0.29910312,3.25329542,-2.08706169,-1.58851645,-3.46109366,-1.92153449,-0.08796179,2.56341338,-0.22841833
1.00356421,-0.05248732,-0.03195838,-0.46609962,-0.46876874,-0.17804047,0.08776787,1.02294163,-1.68491607,-0.04851086,0.64330356,-1.55310805,-0.01082395,1.15639234,-1.77459903,-0.11911471,0.85388658,-1.65839782,0.87214413,0.04586163,0.33071442,0.32106704,0.23519817,0.12851210,-0.30379390,0.14352351,-0.11616681,-0.28551158,-0.19911666,0.10833779,-0.29738567,-0.26371629,-0.14379686,-0.25989315,-2.06910877,0.63364806,-0.00230258,-0.00200659,-0.99997826,0.00584395,-2.30279007,0.50239795,0.01727314,-2.21397915,0.74813081,0.03555545,-1.86874046,0.52764305,0.02368136,-1.80708981,0.78051493,0.06117389,0.83064996,-3.18911276,-6.01468086,-0.22727115,2.82363558,-1.33919759,-1.23541858,-4.22271242,-1.18918411,-0.16347938,2.56843019,-0.20876312
0.98838495,-0.05892561,0.01456178,-0.51351722,-0.25894530,-0.30103243,0.10667348,0.91517822,-1.78339043,-0.05283412,0.69843931,-1.56885126,-0.02984824,1.05825973,-1.78368735,-0.12365555,0.90623038,-1.66084504,0.87214413,0.04586163,0.33071442,0.32122543,0.21900840,0.13033652,-0.30337122,0.18660754,-0.10916381,-0.27745042,-0.21544081,0.11014014,-0.29433635,-0.23794794,-0.14612912,-0.26257893,-2.08893337,0.63468678,0.00050254,-0.00710388,-0.99997029,0.00294947,-2.30716820,0.50305909,0.01785421,-2.27618237,0.74274660,0.04377501,-1.87284584,0.52582093,0.02688907,-1.85185261,0.78221865,0.05864650,0.94869558,-5.69768457,-4.73830452,-0.21615438,2.76102209,-0.72260423,-0.91945732,-4.99427280,-0.35534761,-0.23290728,2.61797166,-0.09607601
0.95596846,-0.05871735,0.05754712,-0.50984943,-0.04897853,-0.41174549,0.12422075,0.75695026,-1.83690381,-0.05643463,0.75475752,-1.57326758,-0.04389895,0.94541103,-1.77316713,-0.12851427,0.95642519,-1.65268373,0.87214413,0.04586163,0.33071442,0.32218736,0.20223222,0.13232127,-0.30297138,0.23431454,-0.10312556,-0.26829149,-0.23157380,0.11173954,-0.29286416,-0.20989853,-0.14719524,-0.26749873,-2.10814953,0.63590491,-0.00123596,0.01222630,0.99992397,0.00101906,-2.31064701,0.50398993,0.01921599,-2.34225655,0.73950070,0.05389588,-1.87680054,0.52370065,0.02932321,-1.89795589,0.78267843,0.05468863,0.86207265,-8.26128578,-2.31876588,-0.17280242,2.82561755,-0.13982534,-0.66867822,-5.74577427,0.67256206,-0.24318247,2.48785949,0.50100803
0.92076071,-0.05119049,0.08163974,-0.42781383,0.15127950,-0.48378274,0.13591383,0.57370611,-1.82772734,-0.05714866,0.81022003,-1.56294639,-0.05063036,0.82541986,-1.73994637,-0.13377529,1.00367727,-1.63664329,0.87214413,0.04586163,0.33071442,0.32377714,0.18480128,0.13469892,-0.30282636,0.28028298,-0.09948095,-0.25886398,-0.24695383,0.11275076,-0.29281858,-0.18099139,-0.14679501,-0.27415280,-2.12656784,0.63719679,0.00028009,0.01654454,0.99984612,0.00582593,-2.31292706,0.50466169,0.02095078,-2.40567188,0.73993889,0.06491316,-1.88094540,0.52157438,0.03095856,-1.94387722,0.78187158,0.04962434,0.57343104,-9.14674168,0.53046798,-0.03148989,2.76754880,0.53726718,-0.32441843,-5.99403305,1.68374481,-0.26493447,2.36374617,0.80129951
0.89646264,-0.03933253,0.09745744,-0.33058709,0.31790962,-0.49202986,0.13951113,0.40801139,-1.77328432,-0.05507236,0.86097713,-1.53661191,-0.04868709,0.70947011,-1.69209476,-0.14104374,1.05275598,-1.62137787,0.87214413,0.04586163,0.33071442,0.32579840,0.16697936,0.13735938,-0.30339815,0.31908856,-0.09790394,-0.25158063,-0.26186607,0.11273767,-0.29292241,-0.15301489,-0.14444421,-0.28154417,-2.14447708,0.63845388,0.00345730,0.01991146,0.99973834,0.01071597,-2.31437969,0.50472726,0.02240025,-2.46138020,0.74321603,0.07421777,-1.88510303,0.52009542,0.03287599,-1.98838291,0.77956481,0.04425424,0.15502040,-8.18656483,2.81659403,0.11066110,2.51868129,1.37081761,0.12315138,-5.78469906,2.42535629,-0.37407818,2.46648979,0.75913376
0.89151790,-0.02152503,0.09443426,-0.27307944,0.40100138,-0.40144770,0.13092982,0.27674697,-1.68555949,-0.05056540,0.90509496,-1.49261296,-0.03777749,0.59531400,-1.63138607,-0.15198064,1.10835216,-1.60582814,0.87214413,0.04586163,0.33071442,0.32792196,0.14826023,0.14045586,-0.30497622,0.34907166,-0.09852314,-0.24919989,-0.27822984,0.11149403,-0.29254059,-0.12534305,-0.13972389,-0.28932582,-2.16225033,0.63952490,0.00748017,0.02270205,0.99960502,0.01478086,-2.31464291,0.50356371,0.02294574,-2.50822086,0.74843872,0.07872208,-1.88747768,0.51976365,0.03538137,-2.03278656,0.77543950,0.03859614,-0.50116214,-6.41525946,4.53017340,0.23596236,2.17784562,2.26840477,0.58316723,-5.71544456,3.09845328,-0.56221796,2.81987405,0.78860372
0.89546916,-0.00385524,0.06932616,-0.26385364,0.43863945,-0.16902373,0.11249206,0.19014512,-1.57653997,-0.04530315,0.94302142,-1.43766596,-0.02247592,0.49510839,-1.56386249,-0.16429841,1.16971219,-1.58504281,0.87214413,0.04586163,0.33071442,0.32976501,0.12912072,0.14377926,-0.30668341,0.36843123,-0.10025394,-0.25442410,-0.29697836,0.10996041,-0.29144898,-0.10108196,-0.13357652,-0.29718291,-2.18009892,0.64031373,0.01183544,0.02538214,0.99946828,0.01669799,-2.31403179,0.50100608,0.02308160,-2.54490986,0.75303195,0.07534091,-1.88702946,0.52032319,0.03831603,-2.07453537,0.77037752,0.03258210,-0.94835576,-4.03142767,5.51998997,0.26005093,1.86245503,2.78837276,0.77131103,-4.86313572,3.38130832,-0.61432433,3.08557439,1.08050536
0.89946240,-0.00259580,0.01199766,-0.27063758,0.42324858,0.07614813,0.09151530,0.16563404,-1.47808838,-0.04341798,0.97670430,-1.38063037,-0.00923918,0.44268188,-1.51265395,-0.17463845,1.22793305,-1.55906892,0.87214413,0.04586163,0.33071442,0.33071375,0.11025673,0.14614802,-0.30784830,0.37270783,-0.10177696,-0.26687279,-0.31588050,0.10917662,-0.28970659,-0.08835749,-0.12778949,-0.30449339,-2.19804478,0.64098424,0.01604374,0.02815406,0.99934366,0.01619223,-2.31310463,0.49858683,0.02286544,-2.56715870,0.75510955,0.06384096,-1.88597298,0.52135473,0.04100716,-2.10548306,0.76576215,0.02622036,-1.06099427,-0.75397873,4.78239250,0.06201826,1.65864217,2.85215354,0.63807231,-2.21710682,2.39471173,-0.49800661,2.87086463,1.32996070
0.89828799,-0.01489490,-0.05575950,-0.26385778,0.39381019,0.18722598,0.06769949,0.18868121,-1.41097329,-0.04549693,1.00958400,-1.33419070,0.00027255,0.45391121,-1.50461359,-0.18257519,1.28322134,-1.55137587,0.87214413,0.04586163,0.33071442,0.33031279,0.09302345,0.14720945,-0.30724534,0.36478551,-0.10456449,-0.28084223,-0.33033332,0.10934950,-0.28548403,-0.08999058,-0.12311235,-0.30929543,-2.21602688,0.64174266,0.01991219,0.03088738,0.99922279,0.01425779,-2.31338806,0.49736543,0.02306744,-2.57754059,0.75711180,0.04947056,-1.88909245,0.52261544,0.04482875,-2.12241402,0.76212367,0.02101736,-1.18373721,1.18433540,3.31014471,-0.10531778,1.64639413,2.29893615,0.46961540,0.62770876,0.34850117,-0.39202628,2.76887631,0.33497139
0.89868801,-0.02928359,-0.11241343,-0.23137280,0.25688746,0.17937369,0.05177481,0.23406979,-1.38003857,-0.04743653,1.04451914,-1.30413327,0.00573304,0.50566361,-1.52936864,-0.18621135,1.33709540,-1.57199802,0.87214413,0.04586163,0.33071442,0.32887895,0.07742452,0.14806594,-0.30459559,0.35125304,-0.10621264,-0.29206396,-0.33905932,0.11077622,-0.27809650,-0.10100514,-0.11998474,-0.31113697,-2.23405476,0.64264464,0.02250223,0.03332125,0.99911452,0.01239017,-2.31534424,0.49666486,0.02428336,-2.58239479,0.75805279,0.03681499,-1.89802418,0.52299498,0.05078245,-2.12993088,0.75993315,0.01774198,-0.75258756,2.33295877,1.41298055,-0.08873422,1.75526464,1.45428507,0.26236750,2.66163917,-1.29812328,-0.16285551,2.65725064,-1.06585399
0.91552388,-0.03479358,-0.15113650,-0.10426939,0.02900717,0.07862794,0.05176069,0.29936352,-1.39267650,-0.04545620,1.07810125,-1.28845401,0.00902785,0.57501312,-1.56818943,-0.18322745,1.37423234,-1.59996338,0.87214413,0.04586163,0.33071442,0.32668859,0.06384129,0.14933220,-0.30080412,0.33357934,-0.10468694,-0.29915362,-0.34274947,0.11302497,-0.27089553,-0.11688944,-0.11841013,-0.31037497,-2.25242252,0.64358535,0.02295481,0.03453287,0.99907367,0.01150480,-2.31991787,0.49586874,0.02588447,-2.58332577,0.75644622,0.02753497,-1.91255703,0.52216339,0.05579306,-2.13265572,0.75908432,0.01631362,0.07110656,3.33667779,-0.80011218,0.12172449,1.64855993,0.73735428,0.16439796,3.49540806,-1.96095510,0.17749051,1.76237996,-1.40220726
0.94871380,-0.02657589,-0.14823059,0.08087782,-0.17369564,-0.04528105,0.06137849,0.37465343,-1.43544521,-0.03814242,1.10835462,-1.29247727,0.01291448,0.64602536,-1.60744472,-0.17434136,1.38907576,-1.63496885,0.87214413,0.04586163,0.33071442,0.32445779,0.05427890,0.15105045,-0.29618937,0.31434322,-0.10198906,-0.30217865,-0.34019962,0.11543377,-0.26515888,-0.13412337,-0.11786555,-0.30780568,-2.27141247,0.64441252,0.02143682,0.03391213,0.99912446,0.01186322,-2.32947788,0.49477681,0.02826842,-2.58308773,0.75428498,0.02227914,-1.93422756,0.52044849,0.05929891,-2.13436356,0.75886321,0.01665211,0.50539659,3.79246593,-2.27152755,0.39631562,1.50992620,-0.35157962,0.20059181,3.53930616,-1.94719353,0.47503083,0.61370225,-1.81673515
0.98307346,-0.00696786,-0.12215561,0.25755136,-0.34344774,-0.12471319,0.07436859,0.45083261,-1.49136364,-0.02787117,1.13189149,-1.32371962,0.01826955,0.70940536,-1.63454354,-0.16133723,1.37880552,-1.68001986,0.87214413,0.04586163,0.33071442,0.32264939,0.05165047,0.15253215,-0.29139629,0.29534057,-0.09983154,-0.30231672,-0.33016368,0.11762220,-0.26123156,-0.15120527,-0.11790382,-0.30517144,-2.29105091,0.64497787,0.01830490,0.03151687,0.99925013,0.01306893,-2.34684467,0.49391204,0.03125310,-2.58355713,0.75283194,0.02033267,-1.96422005,0.51838946,0.06141783,-2.13668442,0.75871146,0.01747795,0.67097467,3.80386567,-2.86087251,0.52782375,1.11104965,-1.75909984,0.27930769,3.09833026,-1.24116170,0.67602390,-0.70041412,-2.31977439
1.00438301,0.02086024,-0.10194582,0.40398639,-0.43409832,-0.11251876,0.08830816,0.52971355,-1.54630659,-0.02000813,1.13975255,-1.39048958,0.02497477,0.76481987,-1.64699242,-0.14426211,1.33419836,-1.72528696,0.87214413,0.04586163,0.33071442,0.32118418,0.06058703,0.15228487,-0.28757532,0.27526771,-0.09860948,-0.30159864,-0.31228572,0.11963205,-0.26030641,-0.16820007,-0.11844596,-0.30299079,-2.31119061,0.64505360,0.01405927,0.02743715,0.99942269,0.01427677,-2.37621651,0.49461058,0.03360886,-2.58344879,0.75169140,0.01958554,-2.00254669,0.51631693,0.06087777,-2.13959007,0.75851710,0.01819339,0.69242510,3.94686537,-2.74018168,0.38723826,0.37736461,-3.39817400,0.33590710,2.76242328,-0.61273379,0.85804003,-2.26263280,-2.25762014
1.00113284,0.04787284,-0.09065880,0.50046477,-0.42385899,-0.01249773,0.09869136,0.60821143,-1.59364703,-0.01650647,1.13513486,-1.49231329,0.03175746,0.81442558,-1.65249889,-0.12506422,1.26764958,-1.76488228,0.87214413,0.04586163,0.33071442,0.31979322,0.08008616,0.15019021,-0.28279171,0.25504419,-0.09908021,-0.30031993,-0.29017279,0.12163975,-0.26091029,-0.18428252,-0.11952000,-0.30072868,-2.33128605,0.64463451,0.00986530,0.02239196,0.99959498,0.01453128,-2.41576767,0.49687203,0.03700151,-2.58329659,0.75119489,0.01947329,-2.04482765,0.51448818,0.05888294,-2.14355812,0.75866654,0.01906454,0.50636400,3.90697136,-2.32582264,0.16103663,-0.27722881,-5.14334059,0.33667962,2.46370673,-0.25445078,0.95970005,-3.38548112,-1.95172257
0.97604356,0.06720749,-0.06919236,0.50811479,-0.33176513,0.15756839,0.10451698,0.67877009,-1.62514975,-0.01981516,1.11060538,-1.60286601,0.03735986,0.85929682,-1.65120006,-0.10700318,1.18234611,-1.79258099,0.87214413,0.04586163,0.33071442,0.31865967,0.10656535,0.14619538,-0.27761568,0.23626661,-0.10078859,-0.29933999,-0.26519293,0.12332486,-0.26296839,-0.19940950,-0.12095383,-0.29890710,-2.35090580,0.64379179,0.00648645,0.01725815,0.99974368,0.01313975,-2.46130772,0.50047159,0.04104399,-2.58441868,0.75080576,0.01931968,-2.08907394,0.51348296,0.05569128,-2.14836121,0.75941906,0.01975257,0.27129657,3.48438597,-1.49915731,-0.20544518,-1.33290329,-5.51061440,0.27322687,2.22937407,0.09124946,0.89207273,-4.33663521,-1.32205577
0.93812786,0.07766486,-0.02761853,0.46713865,-0.18903702,0.36445425,0.10560691,0.74105353,-1.63852346,-0.03416011,1.05203743,-1.70815189,0.04163409,0.90254841,-1.64300342,-0.09166599,1.07809224,-1.80278597,0.87214413,0.04586163,0.33071442,0.31821253,0.14056446,0.13956089,-0.27254576,0.21871338,-0.10338915,-0.29917985,-0.23755256,0.12451467,-0.26671123,-0.21433540,-0.12249178,-0.29791518,-2.36979198,0.64262698,0.00443141,0.01252413,0.99986431,0.00973963,-2.51306324,0.50584629,0.04566676,-2.58643818,0.75028052,0.01903268,-2.13472404,0.51348294,0.05150130,-2.15309830,0.76089678,0.02029735,0.02712437,3.07496643,-0.56337399,-0.78759919,-3.16235282,-5.22864628,0.20732307,2.16057086,0.45250225,0.75059998,-5.33073473,-0.39819144
0.89587348,0.07979991,0.02109543,0.41973235,-0.00380953,0.58592543,0.10082775,0.79699868,-1.63157666,-0.05906512,0.93314457,-1.79232156,0.04698962,0.94947898,-1.63502395,-0.08024358,0.95945019,-1.79277790,0.87214413,0.04586163,0.33071442,0.31867287,0.18574308,0.13061911,-0.26744449,0.20133244,-0.10713955,-0.30020724,-0.20795969,0.12491541,-0.27194469,-0.22933741,-0.12344418,-0.29699761,-2.38783932,0.64122045,0.00409990,0.00828238,0.99994858,0.00417587,-2.57467556,0.51216984,0.05122837,-2.58826256,0.75005132,0.01846562,-2.18093872,0.51455855,0.04672818,-2.15747070,0.76272935,0.02167526,-0.28396323,2.75347686,0.49788949,-1.31567514,-6.43091393,-4.01514530,0.28178325,2.38432264,0.37546632,0.54010254,-6.01696348,0.64650530
0.86341327,0.07287877,0.05791026,0.35388443,0.14680610,0.74826232,0.08917897,0.84173194,-1.60529091,-0.08312919,0.75624571,-1.81208289,0.05611920,0.99735875,-1.62676847,-0.07549647,0.83674158,-1.76009247,0.87214413,0.04586163,0.33071442,0.32001681,0.23553416,0.12273891,-0.26266927,0.18515384,-0.11244373,-0.30209375,-0.17851022,0.12395484,-0.27823131,-0.24368782,-0.12296287,-0.29648352,-2.40509949,0.63965989,-0.00549613,-0.00475291,-0.99996811,0.00331477,-2.63982124,0.51537441,0.05734754,-2.59098892,0.75088334,0.01792306,-2.22577782,0.51688188,0.04178550,-2.16222572,0.76422296,0.02353329,-0.58631665,2.22430780,1.32762754,-1.18614299,-8.86436157,-0.89653866,0.46049874,2.39821362,0.41168115,0.22830927,-6.13820791,1.66399512
0.84001447,0.05606850,0.08720713,0.25938854,0.23330305,0.77401686,0.07589659,0.87891439,-1.57011416,-0.09495911,0.57387592,-1.77094009,0.06806819,1.04632883,-1.61430604,-0.07763559,0.71112086,-1.70633852,0.87214413,0.04586163,0.33071442,0.32199186,0.28023523,0.11846241,-0.25918183,0.16987365,-0.11777825,-0.30418090,-0.14917188,0.12144100,-0.28545701,-0.25862732,-0.12116279,-0.29652441,-2.42186432,0.63816358,-0.00775060,-0.00213143,-0.99990594,0.01111279,-2.69940147,0.51351105,0.06281003,-2.59431000,0.75214279,0.01781096,-2.27003403,0.52006308,0.03653485,-2.16598969,0.76503627,0.02546745,-0.66106480,1.84538972,1.78104532,-0.55445583,-9.07610474,2.20854361,0.60554643,2.43827939,0.67065523,-0.13058637,-6.29626799,2.74976182
0.82577565,0.03351937,0.10416901,0.16732081,0.27394882,0.65341425,0.06532339,0.91130561,-1.52858698,-0.09503010,0.41420167,-1.68560479,0.08195819,1.09304075,-1.58970926,-0.08693218,0.58742542,-1.63627994,0.87214413,0.04586163,0.33071442,0.32440251,0.31679310,0.11732494,-0.25870982,0.15475907,-0.12183898,-0.30659635,-0.12058473,0.11721463,-0.29298647,-0.27490631,-0.11824043,-0.29783555,-2.43831577,0.63688467,-0.01044670,-0.00041632,-0.99978658,0.01781842,-2.75072765,0.50834740,0.06569269,-2.59731750,0.75313249,0.01780615,-2.31363144,0.52404069,0.03141604,-2.16779671,0.76484448,0.02656696,-0.50767705,1.59911358,2.09544749,0.03995919,-7.84152498,4.40588198,0.69771582,2.33346295,1.25611489,-0.48914350,-6.13505421,3.54184604
0.82238537,0.01242575,0.09942168,0.13706059,0.27807109,0.40090460,0.06015711,0.94007112,-1.48523037,-0.08717164,0.29481934,-1.57961795,0.09618033,1.13765712,-1.56039474,-0.09857659,0.48650997,-1.56630704,0.87214413,0.04586163,0.33071442,0.32683626,0.34293485,0.11801316,-0.26242495,0.14000196,-0.12413052,-0.30898070,-0.09723942,0.11239040,-0.29955733,-0.29157774,-0.11507442,-0.29894914,-2.45467815,0.63587408,-0.01320208,0.00096618,-0.99966678,0.02216090,-2.79204197,0.50276858,0.06441131,-2.60004730,0.75367367,0.01785556,-2.35255013,0.52790662,0.02727893,-2.16849060,0.76376616,0.02788712,-0.22522793,1.42246544,2.16703606,0.42870871,-5.70838423,5.36673927,0.71121269,2.21199555,1.48662746,-0.58138468,-4.86768990,3.45887065
0.82347201,0.00139928,0.07777735,0.16703961,0.30146010,0.11435653,0.05978067,0.96750689,-1.44538891,-0.07331993,0.22160895,-1.47716582,0.10818695,1.18218839,-1.53576338,-0.10779209,0.42314148,-1.51283610,0.87214413,0.04586163,0.33071442,0.32897300,0.35793263,0.11999379,-0.26945258,0.12600531,-0.12520665,-0.31049734,-0.08228633,0.10812894,-0.30481593,-0.30732790,-0.11289230,-0.29855938,-2.47106361,0.63503724,-0.01614140,0.00263036,-0.99958486,0.02372024,-2.82288837,0.49816644,0.05952041,-2.60287762,0.75411332,0.01847565,-2.38373089,0.53094161,0.02415706,-2.16944885,0.76240933,0.03041361,0.01253374,1.36639583,1.95731866,0.73462528,-3.32916570,5.05356026,0.57812238,2.23512411,1.17428529,-0.43690410,-2.88199592,2.52841449
0.82523536,0.00391827,0.03495090,0.21759180,0.28606121,-0.09811953,0.06157162,0.99058852,-1.40644565,-0.05302800,0.19387763,-1.39149590,0.11628364,1.22387352,-1.51483688,-0.11180460,0.40731106,-1.48419342,0.87214413,0.04586163,0.33071442,0.33032270,0.36144326,0.12359679,-0.27920812,0.11311336,-0.12600075,-0.31150158,-0.07862197,0.10506658,-0.30967003,-0.32164289,-0.11230651,-0.29680414,-2.48750706,0.63419999,-0.01896351,0.00487742,-0.99954816,0.02280530,-2.84290924,0.49417613,0.05111458,-2.60627346,0.75488703,0.01882112,-2.40415478,0.53284518,0.02065268,-2.17134628,0.76112227,0.03351856,0.08931353,1.15426171,1.94056022,1.02005942,-1.33732004,4.24725862,0.39946530,2.08117390,1.03408526,-0.19606401,-0.73586406,1.38505402
0.82889251,0.01295403,-0.02461306,0.24653702,0.21738741,-0.20615125,0.06307386,1.01436272,-1.37250671,-0.03063598,0.19970736,-1.33324757,0.12068220,1.26330934,-1.50492191,-0.11299043,0.43101292,-1.49024801,0.87214413,0.04586163,0.33071442,0.33058835,0.35647877,0.12806756,-0.28907327,0.10032755,-0.12711916,-0.31143829,-0.08364082,0.10298621,-0.31206622,-0.33343094,-0.11304732,-0.29326524,-2.50405674,0.63326012,-0.02112110,0.00742931,-0.99953284,0.02080415,-2.85485077,0.49035468,0.04151507,-2.60962734,0.75605974,0.01915006,-2.41617031,0.53387238,0.01852213,-2.17566032,0.76019192,0.03732310,0.07339498,1.19473517,1.67991817,1.11328580,0.38086720,2.81938772,0.20979291,1.96471019,0.44683167,-0.05383059,1.30213045,-0.41430326
0.84017009,0.02180341,-0.08348051,0.21902789,0.10760486,-0.20104324,0.06397872,1.04166331,-1.34618702,-0.01450731,0.23732126,-1.31198680,0.12129486,1.30271034,-1.51776562,-0.11277510,0.48899087,-1.52696230,0.87214413,0.04586163,0.33071442,0.32974190,0.34406449,0.13121240,-0.29755592,0.08714920,-0.12833199,-0.31005368,-0.09629928,0.10185439,-0.31170713,-0.34098077,-0.11483196,-0.28715174,-2.52085838,0.63222311,-0.02224090,0.00973758,-0.99952865,0.01878807,-2.85968418,0.48802134,0.03218597,-2.61282482,0.75714811,0.01968822,-2.42075539,0.53410451,0.01803476,-2.18449116,0.75993900,0.04259016,0.04270327,1.38824260,1.27384896,0.75642998,2.01977515,0.87921948,0.01304430,1.98386331,-0.77193825,0.01385629,3.00758290,-1.91916413
0.86420461,0.02434043,-0.12772132,0.11795661,-0.02939604,-0.10570836,0.06372499,1.07894902,-1.34182067,-0.01195256,0.30473427,-1.33551390,0.11606337,1.34614778,-1.56856298,-0.11228391,0.56424216,-1.57316968,0.87214413,0.04586163,0.33071442,0.32802095,0.32573966,0.13102454,-0.30287995,0.07445604,-0.12941894,-0.30585583,-0.11358345,0.10156521,-0.30991882,-0.34225150,-0.11783451,-0.27712751,-2.53814621,0.63117073,-0.02206717,0.01107613,-0.99953961,0.01763292,-2.85899029,0.48857747,0.02514100,-2.61718426,0.75784334,0.02216512,-2.42100220,0.53373370,0.01810213,-2.20032902,0.76117306,0.05089345,-0.02173305,1.94092367,0.04091979,0.04200186,3.52956119,-1.44041481,-0.30242691,2.19842291,-2.78965166,0.02422821,3.82661223,-2.32185011
0.90264949,0.01631309,-0.13840428,-0.04563059,-0.17782762,0.01254309,0.05963163,1.10565233,-1.34223592,-0.01997425,0.38636431,-1.38478458,0.09916744,1.36570752,-1.62457883,-0.11258283,0.64271098,-1.61329103,0.87214413,0.04586163,0.33071442,0.32599887,0.30483798,0.12865845,-0.30534659,0.06528993,-0.13065731,-0.30251065,-0.13291075,0.10198548,-0.30770583,-0.33677774,-0.12258846,-0.26872560,-2.55616283,0.63023692,-0.02050103,0.01083213,-0.99957610,0.01760635,-2.85621738,0.49078637,0.02065229,-2.62607193,0.75848210,0.02348822,-2.41969872,0.53305745,0.01829305,-2.22397232,0.76476067,0.05727327,-0.23854090,1.19102228,0.02012014,-0.46398085,4.14421654,-2.58893943,-0.94101453,0.72593445,-2.72808528,-0.02268165,3.92359233,-1.93946588
0.94116311,-0.00230340,-0.12738873,-0.20904920,-0.39844359,0.06809439,0.05797154,1.11296659,-1.38277578,-0.03177252,0.47010248,-1.44581196,0.06907877,1.34051206,-1.67770824,-0.11349320,0.71273317,-1.64015677,0.87214413,0.04586163,0.33071442,0.32406837,0.28353450,0.12648466,-0.30524633,0.06899925,-0.12996375,-0.29999079,-0.15229876,0.10328329,-0.30490603,-0.32180441,-0.12913711,-0.26396660,-2.57503319,0.62961918,-0.01662331,0.00870224,-0.99965654,0.01829602,-2.85370884,0.49276137,0.01882204,-2.64877968,0.75694917,0.02407758,-2.41902809,0.53202430,0.01916234,-2.25821152,0.77053937,0.06010177,-0.07133237,0.34851120,-2.12928324,-0.58562018,4.17753015,-3.04467320,-1.51432316,-1.30697961,-2.65290332,-0.04591253,3.48216510,-1.32079400
0.97753669,-0.02716666,-0.09753134,-0.34218842,-0.59676447,0.01410545,0.06421227,1.10386286,-1.48546991,-0.04049279,0.54525156,-1.49957931,0.03495039,1.28476884,-1.72513595,-0.11498264,0.77064373,-1.65193036,0.87214413,0.04586163,0.33071442,0.32249593,0.26334491,0.12621572,-0.30458534,0.08874577,-0.12624491,-0.29558761,-0.17099752,0.10506876,-0.30216233,-0.30144443,-0.13589890,-0.26083770,-2.59457932,0.62943326,-0.01080427,0.00522037,-0.99975710,0.01848677,-2.85306225,0.49353800,0.01791058,-2.68794594,0.75230011,0.02690832,-2.41980286,0.53077837,0.02033359,-2.29838219,0.77641801,0.06165822,0.33268466,-0.53335900,-5.24479675,-0.42670052,3.71845384,-2.64924550,-1.69736698,-2.85660386,-2.33220272,-0.07829126,2.86913228,-0.55022331
1.01120694,-0.04583776,-0.05200719,-0.41175359,-0.62327943,-0.10030564,0.07676020,1.06643074,-1.61035850,-0.04900466,0.60861317,-1.54126828,0.00434357,1.20794652,-1.75899415,-0.11701925,0.82248157,-1.65627804,0.87214413,0.04586163,0.33071442,0.32159998,0.24550572,0.12643675,-0.30393739,0.11956636,-0.12058817,-0.28990223,-0.18905178,0.10705888,-0.29913799,-0.27866555,-0.14148543,-0.25951507,-2.61479588,0.62961404,-0.00456003,0.00103966,-0.99983452,0.01758016,-2.85570354,0.49462218,0.01766259,-2.73852882,0.74592303,0.03169775,-2.42209625,0.52926947,0.02246199,-2.34127808,0.78081136,0.06208491,0.64917215,-1.99854450,-6.24619198,-0.44213510,3.12820578,-2.04190762,-1.51322918,-3.91302099,-1.63557947,-0.09966444,2.58395553,-0.22003697
1.00876434,-0.05283130,-0.01039227,-0.46984657,-0.50794384,-0.20553874,0.09406475,0.99395149,-1.72676470,-0.06098885,0.66592282,-1.57409284,-0.02288176,1.11036189,-1.77695961,-0.11867175,0.87167472,-1.65844483,0.87214413,0.04586163,0.33071442,0.32128811,0.22943789,0.12587128,-0.30306464,0.15685125,-0.11380507,-0.28289748,-0.20591413,0.10948405,-0.29570107,-0.25277425,-0.14607366,-0.26045264,-2.63502750,0.63001990,0.00057760,-0.00367336,-0.99987122,0.01561132,-2.86042347,0.49704628,0.01822348,-2.79535561,0.73887213,0.03839063,-2.42579536,0.52701846,0.02558704,-2.38693733,0.78391469,0.06083548,0.89101764,-3.84749503,-5.73372269,-0.61739095,2.84483719,-1.59512460,-1.34456339,-5.01494942,-0.79667609,-0.08094942,2.44114614,-0.08387803
0.96842728,-0.04967670,0.03623829,-0.50153509,-0.36145674,-0.26816431,0.11552606,0.87316191,-1.81550944,-0.07601415,0.72399426,-1.59944499,-0.04826767,0.98803258,-1.77202761,-0.12085812,0.91886503,-1.65240824,0.87214413,0.04586163,0.33071442,0.32172126,0.21333121,0.12452921,-0.30209334,0.20016616,-0.10638113,-0.27491373,-0.22258117,0.11183748,-0.29309134,-0.22306604,-0.15018304,-0.26393636,-2.65454674,0.63051260,0.00431405,-0.00871410,-0.99986825,0.01299786,-2.86455917,0.50046450,0.01962791,-2.85741806,0.73163956,0.04680753,-2.42912579,0.52451545,0.02862991,-2.43547153,0.78645957,0.05778490,1.10173786,-6.41081524,-4.20391560,-0.77258521,2.92151189,-1.21593463,-1.25925303,-6.29605246,0.42477605,-0.11549502,2.34874225,0.37163255
0.90525487,-0.03555884,0.06242776,-0.45792816,-0.14913405,-0.26058523,0.14298456,0.70612078,-1.85232162,-0.09454995,0.78512806,-1.61445158,-0.07060737,0.84701316,-1.73503330,-0.12225827,0.96253293,-1.63387470,0.87214413,0.04586163,0.33071442,0.32274259,0.19652575,0.12184397,-0.30122982,0.24617467,-0.09853905,-0.26594616,-0.23902724,0.11406876,-0.29230551,-0.19070305,-0.15396320,-0.26988561,-2.67271233,0.63088651,0.00578179,-0.01334842,-0.99984030,0.01038112,-2.86664677,0.50495893,0.02151276,-2.92089405,0.72425536,0.05679642,-2.43135166,0.52184186,0.03043708,-2.48527107,0.78880451,0.05285698,1.37907238,-8.37896309,-1.76820087,-0.92999523,3.05733752,-0.73263211,-1.10951854,-7.05803967,1.88820491,-0.07293417,2.18166947,0.93106551
0.84323636,-0.01265885,0.06111135,-0.37428791,0.04933557,-0.17547032,0.17451212,0.52800729,-1.84072809,-0.11509842,0.84627653,-1.61660497,-0.08703285,0.70364265,-1.67349093,-0.12630651,1.00620649,-1.61535678,0.87214413,0.04586163,0.33071442,0.32379200,0.17912263,0.11796701,-0.30095196,0.28933269,-0.09065438,-0.25700727,-0.25450687,0.11508479,-0.29192929,-0.15824035,-0.15672437,-0.27707396,-2.68965454,0.63091516,0.00531350,-0.01714615,-0.99980209,0.00857675,-2.86670551,0.50986110,0.02284003,-2.98051510,0.71654085,0.06678473,-2.43319111,0.52025909,0.03186271,-2.53415451,0.79035881,0.04671804,1.58633232,-8.88186378,0.70169158,-1.03152449,3.05433202,-0.06762456,-0.79946231,-7.15669060,3.13015199,-0.21425940,2.19236255,0.90379713
0.79644387,0.01740829,0.04273088,-0.31016744,0.18900622,0.01600765,0.20603349,0.37010765,-1.79134054,-0.13676997,0.90462084,-1.60445771,-0.09530114,0.56560881,-1.59513588,-0.13489125,1.05421274,-1.60494080,0.87214413,0.04586163,0.33071442,0.32458400,0.16111945,0.11323309,-0.30146113,0.32533812,-0.08294781,-0.25032944,-0.26906861,0.11454524,-0.29070181,-0.12675043,-0.15762502,-0.28464872,-2.70564537,0.63038570,0.00349332,-0.02026485,-0.99975174,0.00857875,-2.86478233,0.51438295,0.02312287,-3.03236942,0.70769432,0.07425456,-2.43463593,0.52051119,0.03388219,-2.58164005,0.79017931,0.03993528,1.55609739,-7.74046354,2.60328751,-1.08660612,2.89535642,0.67027898,-0.37546596,-6.87199450,3.97981157,-0.45090775,2.42627034,0.48397775
0.77358372,0.05679208,0.03076387,-0.31780681,0.34327344,0.36234376,0.22549142,0.25590395,-1.71084566,-0.15898639,0.95543394,-1.57886505,-0.09670073,0.44604094,-1.51006002,-0.14669918,1.10564535,-1.59735274,0.87214413,0.04586163,0.33071442,0.32524729,0.14380556,0.10819107,-0.30249039,0.35107748,-0.07640791,-0.24991216,-0.28320342,0.11319253,-0.28920678,-0.09900221,-0.15655438,-0.29241605,-2.72112427,0.62902149,0.00028996,-0.02336424,-0.99965690,0.01183711,-2.86232758,0.51745549,0.02275690,-3.07391262,0.69709458,0.07533513,-2.43531990,0.52256685,0.03604052,-2.62585697,0.78787631,0.03283124,0.87223284,-5.42774363,4.20190711,-1.11324115,2.48720145,1.35117091,-0.03924107,-5.82343111,4.25894165,-0.60095747,2.57993579,0.38794467
0.76503402,0.09247444,0.02113534,-0.30534237,0.38302242,0.81706166,0.22613023,0.20486754,-1.62376988,-0.18053736,0.99829608,-1.54898500,-0.09841418,0.37257496,-1.43927038,-0.15501738,1.15096021,-1.58391702,0.87214413,0.04586163,0.33071442,0.32589161,0.12818506,0.10329345,-0.30321893,0.36263074,-0.07198770,-0.25739244,-0.29630133,0.11280962,-0.28832601,-0.08210133,-0.15561398,-0.29968308,-2.73636723,0.62673658,-0.00338008,-0.02639902,-0.99945660,0.01944678,-2.86045933,0.51856035,0.02267268,-3.10151196,0.68463832,0.06849917,-2.43592262,0.52547687,0.03756560,-2.66034889,0.78541094,0.02620853,-0.10591864,-2.06136775,4.33101654,-1.06968367,2.09032416,1.50110710,-0.10418057,-3.28976130,3.39404559,-0.37573186,2.20041275,0.72599167
0.75379699,0.10845413,-0.02246798,-0.21757622,0.36716171,1.12285545,0.20787515,0.21903449,-1.55583808,-0.20139096,1.03397069,-1.51995180,-0.10337938,0.36682286,-1.40529075,-0.15566876,1.18929451,-1.57542164,0.87214413,0.04586163,0.33071442,0.32581655,0.11453776,0.09802976,-0.30354076,0.35843784,-0.07139178,-0.27045181,-0.30648224,0.11409298,-0.28680184,-0.08157056,-0.15616554,-0.30605631,-2.75129089,0.62364675,-0.00681213,-0.02855975,-0.99909705,0.03070866,-2.85963764,0.51881491,0.02227579,-3.11341515,0.67304814,0.05536474,-2.43842163,0.52845538,0.03901471,-2.67939510,0.78449583,0.01976023,-0.92249584,0.74957924,3.35853744,-1.04107184,1.79460230,1.41858376,-0.24808751,-0.21462748,1.63361549,-0.02830070,1.92393341,0.38998886
0.74992664,0.11821144,-0.05534933,-0.13492648,0.26120696,1.25609686,0.18473049,0.25943419,-1.51444972,-0.21968169,1.07710471,-1.51278355,-0.10811310,0.40580431,-1.41131072,-0.15338666,1.23183377,-1.59082201,0.87214413,0.04586163,0.33071442,0.32518295,0.10208536,0.09364076,-0.30065737,0.34714223,-0.07354021,-0.28248641,-0.31356616,0.11602133,-0.28191837,-0.09113181,-0.15702543,-0.30942197,-2.76604385,0.61997312,-0.00920671,-0.02997853,-0.99856994,0.04329674,-2.85970440,0.51790591,0.02452558,-3.11822166,0.66340907,0.04269654,-2.44366722,0.53132780,0.04326458,-2.68874340,0.78424921,0.01576098,-1.15741906,2.07615328,1.99424438,-0.89694819,2.17693510,0.30514523,-0.23523240,2.03152072,-0.37416458,0.12209683,2.13291979,-0.83507531
0.76012551,0.12950465,-0.06959056,-0.00382712,0.04310373,1.26192978,0.16248231,0.31795487,-1.49843915,-0.23077861,1.12482879,-1.51981595,-0.11177491,0.46489595,-1.43546684,-0.14794795,1.27162931,-1.62505929,0.87214413,0.04586163,0.33071442,0.32430186,0.08983077,0.09127283,-0.29580686,0.33033114,-0.07735915,-0.29280214,-0.31715619,0.11829121,-0.27438975,-0.10621800,-0.15811847,-0.31039664,-2.78086281,0.61568592,-0.00945816,-0.03025086,-0.99793081,0.05594215,-2.85999622,0.51499729,0.02849500,-3.11774387,0.65586362,0.03149973,-2.45252724,0.53336574,0.04991211,-2.69287071,0.78462704,0.01390522,-1.10307214,2.99490685,0.69709821,-0.51808454,2.39163613,-0.38709211,-0.17527886,2.99078703,-1.24283545,0.28751830,1.95042651,-1.77011914
0.78300329,0.14391360,-0.06880080,0.17145997,-0.15038001,1.21213226,0.14244437,0.38307938,-1.50504549,-0.23147237,1.16873801,-1.53022268,-0.11296374,0.52506289,-1.45937922,-0.13845545,1.29122117,-1.65323575,0.87214413,0.04586163,0.33071442,0.32338445,0.07834066,0.09131092,-0.29077008,0.31151050,-0.08273509,-0.29976718,-0.31757733,0.12053953,-0.26843328,-0.12291547,-0.15928850,-0.31005554,-2.79596062,0.61071894,-0.00768096,-0.02894039,-0.99723106,0.06807105,-2.86122189,0.50964515,0.03261437,-3.11580257,0.65053115,0.02361727,-2.46499100,0.53427128,0.05495117,-2.69573517,0.78517781,0.01332891,-0.98913157,3.25339055,-0.45305581,0.03258223,2.15187974,-0.51860762,-0.04252311,2.98289490,-1.15815208,0.49958020,0.81690638,-1.28995943
0.80747143,0.15843167,-0.05440270,0.32364401,-0.26806104,1.17241885,0.12399154,0.44077954,-1.52085650,-0.22025703,1.19786489,-1.53843248,-0.11205054,0.57845831,-1.47571981,-0.12708072,1.28901792,-1.68037164,0.87214413,0.04586163,0.33071442,0.32264525,0.07002836,0.09381628,-0.28715788,0.29447152,-0.08932421,-0.30367731,-0.31324995,0.12231637,-0.26442161,-0.13925312,-0.16060704,-0.30913128,-2.81136322,0.60507071,-0.00460634,-0.02617752,-0.99645985,0.07975762,-2.86561298,0.50132859,0.03548737,-3.11627960,0.64652300,0.01896793,-2.48266983,0.53402507,0.05822363,-2.69936752,0.78574449,0.01351397,-0.91317278,2.81218147,-0.82122797,0.64622277,1.33031118,-0.38938519,0.05822092,2.61478162,-0.76004499,0.57508075,-0.24677037,-1.40582073
0.82415062,0.17186215,-0.04341521,0.44892555,-0.32813874,1.16614716,0.10578645,0.49461404,-1.54302301,-0.19657106,1.20235765,-1.55706024,-0.10899625,0.62660871,-1.48765483,-0.11757879,1.26072817,-1.71486204,0.87214413,0.04586163,0.33071442,0.32201577,0.07017519,0.09879183,-0.28533853,0.27853782,-0.09715392,-0.30519177,-0.30140538,0.12284497,-0.26225522,-0.15508875,-0.16206849,-0.30727633,-2.82694473,0.59867862,-0.00066934,-0.02204816,-0.99557894,0.09130168,-2.87799358,0.48877686,0.03667724,-3.11850204,0.64358449,0.01682400,-2.50823097,0.53266630,0.05976054,-2.70389862,0.78623761,0.01473944,-0.90879747,2.69113984,-1.10808277,1.19558887,0.18698786,-0.95532553,0.15626594,2.40069489,-0.58154149,0.46977288,-1.45630918,-1.72628105
0.82726540,0.18727149,-0.03507044,0.54535446,-0.28240090,1.19092770,0.08826236,0.54855512,-1.56437941,-0.16462432,1.18319480,-1.59850531,-0.10351245,0.67226737,-1.49296522,-0.11194886,1.20422082,-1.75014923,0.87214413,0.04586163,0.33071442,0.32140363,0.08136615,0.10544198,-0.28394435,0.26264582,-0.10538236,-0.30559718,-0.28230121,0.12173970,-0.26255166,-0.17094413,-0.16336530,-0.30561434,-2.84238777,0.59163452,0.00297400,-0.01692024,-0.99452594,0.10306805,-2.90039692,0.47174541,0.03745928,-3.12106438,0.64090536,0.01580645,-2.54111862,0.53038561,0.05885197,-2.70858574,0.78658870,0.01578929,-0.87668051,2.70104547,-1.06093309,1.62349238,-1.00644771,-2.18073876,0.28072847,2.29213920,-0.27532051,0.26939470,-2.89843345,-1.76352012
0.80772026,0.20400688,-0.02829613,0.57050140,-0.12132043,1.24785209,0.06945965,0.60197693,-1.57978108,-0.12547181,1.14393749,-1.67073348,-0.09626482,0.72129625,-1.50013337,-0.11048708,1.12279940,-1.78065081,0.87214413,0.04586163,0.33071442,0.32080714,0.10431772,0.11393624,-0.28001671,0.24712626,-0.11423649,-0.30510447,-0.25716409,0.11914338,-0.26480905,-0.18673414,-0.16438002,-0.30342381,-2.85724049,0.58399434,0.00514379,-0.01132060,-0.99324480,0.11536960,-2.93265266,0.44917351,0.04079043,-3.12397690,0.63852005,0.01570267,-2.57960854,0.52699419,0.05599809,-2.71317482,0.78681326,0.01738333,-0.95196933,2.65791440,-0.72430942,1.97737203,-2.06719904,-3.70226803,0.36694217,2.46673369,-0.35738322,0.05561113,-4.17407904,-1.47890127
0.76794328,0.21992141,-0.01521828,0.49528620,0.05402381,1.33951207,0.04641459,0.65085822,-1.58254354,-0.08251877,1.07175965,-1.74675472,-0.08848546,0.77063783,-1.50574570,-0.11382764,1.02142491,-1.79565320,0.87214413,0.04586163,0.33071442,0.32038805,0.13677408,0.12340969,-0.27453930,0.23247849,-0.12406876,-0.30447388,-0.22863773,0.11525963,-0.26878442,-0.20174438,-0.16500033,-0.30152300,-2.87109470,0.57587194,0.00551954,-0.00616641,-0.99167127,0.12852858,-2.97187843,0.42166513,0.04584875,-3.12752495,0.63655832,0.01591417,-2.62062454,0.52272412,0.05160363,-2.71809387,0.78686163,0.01886505,-1.18284255,2.41183496,-0.05750513,2.16591082,-3.83376355,-3.74813299,0.38972503,2.45491624,-0.26608227,-0.19757347,-5.16524601,-0.64130540
0.71841289,0.23438818,0.00895073,0.38750338,0.18932972,1.45807941,0.01740086,0.69494003,-1.56974459,-0.03594237,0.95497090,-1.80179584,-0.07955716,0.81538802,-1.50777996,-0.12136666,0.90912664,-1.78948772,0.87214413,0.04586163,0.33071442,0.32040125,0.17690561,0.13377347,-0.26818322,0.21797435,-0.13526236,-0.30426210,-0.19949342,0.11039935,-0.27395424,-0.21496436,-0.16483426,-0.30047536,-2.88373280,0.56736606,0.00442354,-0.00187067,-0.98974098,0.14279257,-3.01560783,0.38904077,0.05221803,-3.13105297,0.63549429,0.01613915,-2.66116810,0.51786256,0.04644701,-2.72413158,0.78624380,0.01992589,-1.49507797,2.17221022,0.75525278,2.35592389,-6.17311096,-2.56871915,0.45752582,2.19767690,-0.07319926,-0.40366304,-5.67588997,0.46554562
0.67677660,0.24800551,0.04248565,0.28447975,0.26433919,1.56655960,-0.01693085,0.73400068,-1.53833797,0.01970930,0.79428787,-1.80569913,-0.06836971,0.85804094,-1.50929217,-0.13272399,0.79169759,-1.75858371,0.87214413,0.04586163,0.33071442,0.32116024,0.22069225,0.14671903,-0.26135248,0.20266853,-0.14786631,-0.30483539,-0.17090503,0.10486668,-0.28007807,-0.22689151,-0.16353137,-0.29996552,-2.89506817,0.55843378,0.00224735,0.00141825,-0.98739543,0.15825045,-3.05885601,0.35009491,0.05980776,-3.13379555,0.63555846,0.01632485,-2.69995117,0.51222872,0.04108217,-2.73064556,0.78468027,0.02119473,-1.71825805,1.94042156,1.59042540,2.79301305,-8.04741650,-0.11987541,0.56316088,2.14046640,-0.08103704,-0.57347058,-5.88216705,1.57876382
0.65594511,0.26066378,0.06133298,0.20884031,0.27233686,1.62521079,-0.05189229,0.76396720,-1.49332273,0.08250726,0.62768564,-1.75825045,-0.05444615,0.90770711,-1.51435776,-0.14861865,0.66586064,-1.70332959,0.87214413,0.04586163,0.33071442,0.32232186,0.26075442,0.16150251,-0.25541544,0.18764133,-0.16059814,-0.30607916,-0.14168773,0.09801712,-0.28720244,-0.24013928,-0.16094825,-0.29886628,-2.90563030,0.54905385,-0.00014602,0.00397321,-0.98469319,0.17425127,-3.09512730,0.30787587,0.06690641,-3.13698921,0.63550665,0.01624270,-2.73891029,0.50561186,0.03511941,-2.73530636,0.78263674,0.02345558,-1.74600749,1.47043979,2.28637495,3.15921292,-8.32297611,2.50950749,0.70459703,2.51433754,-0.26168201,-0.81208450,-6.32235241,2.83838916
0.65076755,0.27296593,0.06074557,0.19309541,0.23046909,1.62176028,-0.08542545,0.78379188,-1.43727229,0.14884273,0.46986328,-1.66874077,-0.03691464,0.96665409,-1.52108788,-0.16976646,0.53880445,-1.62799821,0.87214413,0.04586163,0.33071442,0.32350491,0.29591865,0.17740830,-0.25152460,0.17310739,-0.17310732,-0.30796006,-0.11318317,0.08935416,-0.29471672,-0.25596795,-0.15707480,-0.29672728,-2.91569424,0.53916107,-0.00219779,0.00626680,-0.98171988,0.19021560,-3.12393379,0.26406502,0.07198031,-3.14092999,0.63508379,0.01554484,-2.77732811,0.49854814,0.02878819,-2.73691940,0.78047341,0.02677763,-1.66650410,0.94558731,2.84164786,3.31351776,-7.81758986,4.62194643,0.89581654,2.97809792,-0.33634612,-1.07521882,-6.30399008,3.81597509
0.64905596,0.28871370,0.04841847,0.22760255,0.20223242,1.56490274,-0.11529161,0.79384720,-1.37506392,0.20759169,0.34453140,-1.55781200,-0.01671337,1.02813091,-1.52553940,-0.19172121,0.43842955,-1.55372434,0.87214413,0.04586163,0.33071442,0.32444871,0.32197252,0.19197509,-0.25163867,0.15968702,-0.18495354,-0.31007898,-0.09127736,0.08005948,-0.30131931,-0.27299481,-0.15254569,-0.29375037,-2.92529736,0.52870272,-0.00386724,0.00880186,-0.97858475,0.20561970,-3.14276619,0.22337005,0.07281004,-3.14592228,0.63373795,0.01436973,-2.80951614,0.49215430,0.02312940,-2.73679314,0.77822729,0.03069834,-1.46679163,0.45071908,3.13287139,2.86483812,-6.01521692,5.61416626,1.01751981,3.06839037,-0.19994972,-1.08797865,-4.80075102,3.65371208
0.64119601,0.31030847,0.03440729,0.28257785,0.17515304,1.51207179,-0.14069334,0.79767817,-1.31435895,0.25004256,0.26784003,-1.45127237,0.00232916,1.08252501,-1.52578175,-0.20949231,0.38109434,-1.49789011,0.87214413,0.04586163,0.33071442,0.32508725,0.33551600,0.20328927,-0.25692345,0.14770455,-0.19585272,-0.31167838,-0.07968960,0.07163374,-0.30693509,-0.28873301,-0.14867562,-0.29031064,-2.93429089,0.51765549,-0.00518970,0.01179808,-0.97531224,0.22045384,-3.14973545,0.18981230,0.06816380,-3.15187836,0.63092780,0.01340887,-2.83153725,0.48726612,0.01815215,-2.73758793,0.77607208,0.03477661,-1.23869991,0.15532850,3.00898767,1.99586737,-3.47385216,5.24922562,0.93681121,2.65160298,0.01866102,-0.85159773,-2.54536080,2.63730502
0.63388504,0.33695711,0.01322779,0.29987798,0.17578766,1.53781836,-0.16225874,0.80235492,-1.26478856,0.27482266,0.23879109,-1.37081974,0.01628781,1.12857854,-1.52885587,-0.22296992,0.38370605,-1.49480116,0.87214413,0.04586163,0.33071442,0.32521926,0.33721574,0.21060637,-0.26545702,0.13697726,-0.20565821,-0.31154425,-0.08056015,0.06513702,-0.30859206,-0.30134353,-0.14658072,-0.28586480,-2.94249115,0.50587698,-0.00642825,0.01503055,-0.97176134,0.23539894,-3.14591618,0.16428109,0.05976224,-3.15840874,0.62603382,0.01367501,-2.84105129,0.48483596,0.01662720,-2.74165554,0.77412852,0.03935446,-1.07601244,0.23596213,2.47178340,1.21551515,-1.41011210,3.98889680,0.69163389,2.29483061,-0.15775824,-0.66639639,0.17831610,0.12235736
0.64104256,0.36195076,-0.01099372,0.30311663,0.13460557,1.62953386,-0.18303256,0.80911344,-1.21873043,0.28239242,0.23955645,-1.31707232,0.02605926,1.16904724,-1.53749344,-0.23119622,0.41625034,-1.51159475,0.87214413,0.04586163,0.33071442,0.32481005,0.33178208,0.21326277,-0.27578809,0.12566493,-0.21501906,-0.31045842,-0.08856188,0.06045632,-0.30940897,-0.31127547,-0.14560069,-0.28048470,-2.95020142,0.49337186,-0.00731595,0.01818179,-0.96775450,0.25113168,-3.13638439,0.14567047,0.04902195,-3.16457596,0.62013315,0.01435162,-2.84341640,0.48361812,0.01540107,-2.74902973,0.77197899,0.04432535,-1.04206393,0.34811994,2.30146384,0.32383451,0.12473791,2.58899240,0.47819184,2.00681443,-0.46725223,-0.39622144,1.68788683,-0.87805358
0.66061913,0.38157151,-0.03757100,0.33923232,-0.02069975,1.76757014,-0.20555987,0.81871607,-1.17214975,0.26779392,0.27168058,-1.30385890,0.03156475,1.20210171,-1.55760629,-0.23448389,0.46433417,-1.53905528,0.87214413,0.04586163,0.33071442,0.32380520,0.31954258,0.20902816,-0.28697846,0.11210745,-0.22452118,-0.30861202,-0.10092334,0.05779625,-0.30902819,-0.31744639,-0.14555427,-0.27361513,-2.95761318,0.48010840,-0.00677200,0.02126125,-0.96313269,0.26809984,-3.12318192,0.13603395,0.03682674,-3.16960907,0.61440502,0.01519318,-2.84134274,0.48277501,0.01477701,-2.76104088,0.76875626,0.05019007,-1.13715460,0.48818492,2.33714366,-0.84230081,1.74685354,0.45208737,0.25337658,1.61182153,-1.04964771,-0.14518493,2.43824224,-1.40294683
0.67999342,0.38931979,-0.05999000,0.36536301,-0.24106841,1.90443086,-0.22919414,0.82703350,-1.12298336,0.22876490,0.33165153,-1.34327397,0.03151231,1.22127862,-1.58629467,-0.23388995,0.51463820,-1.56795614,0.87214413,0.04586163,0.33071442,0.32220470,0.30291173,0.19668432,-0.29608806,0.09698309,-0.23368070,-0.30672480,-0.11492437,0.05710971,-0.30741093,-0.31902326,-0.14650973,-0.26612801,-2.96476994,0.46625323,-0.00411325,0.02403674,-0.95782279,0.28632293,-3.11008911,0.13561358,0.02611663,-3.17407036,0.60840007,0.01547989,-2.83735485,0.48156749,0.01479376,-2.77845039,0.76378638,0.05607669,-1.18199360,0.39496562,2.47606635,-2.08338034,3.13636837,-2.28845481,-0.03630376,0.86097186,-1.47616899,0.04931455,2.50335274,-1.42952573
0.69633898,0.37690156,-0.04339748,0.24425230,-0.29689901,1.95489256,-0.24891411,0.83204913,-1.07904124,0.17905714,0.40087798,-1.41585004,0.02554982,1.22320676,-1.61936116,-0.23066115,0.55964476,-1.59081101,0.87214413,0.04586163,0.33071442,0.32072300,0.28713217,0.18100784,-0.29983964,0.08382326,-0.24060467,-0.30530167,-0.12795008,0.05805417,-0.30562399,-0.31506744,-0.14835211,-0.26010068,-2.97176075,0.45211059,-0.00101397,0.02564588,-0.95199833,0.30502530,-3.10034180,0.13798380,0.02088336,-3.17975330,0.59927052,0.01542133,-2.83388805,0.47917771,0.01509900,-2.80147171,0.75588268,0.06062232,-0.94671512,0.22821663,2.13598967,-2.52621078,3.48496723,-3.80156255,-0.34038371,-0.02714395,-1.67623031,0.17797975,2.20327735,-1.09004259
0.70112204,0.34986802,-0.02950349,0.13782952,-0.28506348,1.92480606,-0.25660440,0.83819613,-1.07107432,0.12892329,0.47136772,-1.49299402,0.01452030,1.20367019,-1.65728600,-0.22593742,0.60055845,-1.60967324,0.87214413,0.04586163,0.33071442,0.31951189,0.27249985,0.16582036,-0.29991581,0.07813594,-0.24249996,-0.30427539,-0.13957151,0.06001805,-0.30372822,-0.30401231,-0.15085790,-0.25621892,-2.97858410,0.43803082,0.00162891,0.02607750,-0.94590913,0.32337784,-3.09268265,0.14014815,0.01959608,-3.18875370,0.58204539,0.01523650,-2.83146267,0.47594728,0.01578368,-2.83040485,0.74335769,0.06329297,-0.36314140,0.32261679,0.31398008,-2.50836835,3.52939067,-3.85405374,-0.55728997,-1.01127999,-1.89762771,0.23898445,2.04162881,-0.93523687
0.69215145,0.32001805,-0.02110714,0.09916833,-0.28089034,1.87599322,-0.24619896,0.85789518,-1.12885883,0.07658601,0.54564426,-1.56738977,-0.00036363,1.15870063,-1.69404085,-0.21961577,0.63833888,-1.62284667,0.87214413,0.04586163,0.33071442,0.31843445,0.25711555,0.15070101,-0.29886133,0.08149353,-0.23716615,-0.30226971,-0.15066385,0.06259335,-0.30221187,-0.28646807,-0.15422682,-0.25421576,-2.98512516,0.42425666,0.00412167,0.02614379,-0.93963294,0.34115899,-3.08582764,0.14376029,0.01957313,-3.19971905,0.55401969,0.01616475,-2.82936993,0.47281415,0.01622258,-2.86415691,0.72627743,0.06421869,0.59436246,1.04413954,-3.12490914,-2.63051782,3.72717452,-3.70802999,-0.75367128,-2.33054907,-1.81911266,0.31807312,1.87796676,-0.64115520
0.66957541,0.28917323,-0.01168956,0.09295254,-0.30268427,1.82197289,-0.20812724,0.89256545,-1.26011884,0.02053961,0.62284721,-1.63552797,-0.01735497,1.08542483,-1.72081873,-0.21349344,0.67157366,-1.63021073,0.87214413,0.04586163,0.33071442,0.31750880,0.24076104,0.13521019,-0.29748995,0.09457887,-0.22170142,-0.29885308,-0.16110603,0.06517016,-0.30103875,-0.26341452,-0.15815372,-0.25410482,-2.99124832,0.41097336,0.00676362,0.02605867,-0.93320178,0.35834289,-3.07981606,0.14943287,0.02001886,-3.20983448,0.51254487,0.01865572,-2.82788849,0.47026809,0.01647005,-2.90118313,0.70472167,0.06340398,2.03206778,1.76485121,-6.82638741,-2.81210265,3.86271620,-3.36784863,-0.85169150,-3.78270998,-1.27638383,0.30014150,1.63839185,-0.34514235
0.63156618,0.25812640,0.01525408,0.09240544,-0.35069829,1.75069720,-0.14139919,0.92223295,-1.43884146,-0.03432495,0.69705182,-1.69003251,-0.03376130,0.98741796,-1.72869213,-0.20817083,0.70244281,-1.63418040,0.87214413,0.04586163,0.33071442,0.31705505,0.22416788,0.12075521,-0.29642588,0.11764394,-0.19710352,-0.29377886,-0.17144520,0.06771805,-0.29983592,-0.23708548,-0.16192440,-0.25583747,-2.99681091,0.39839613,0.00985963,0.02579899,-0.92670054,0.37478434,-3.07419701,0.15581738,0.02062916,-3.21835232,0.45847356,0.02327619,-2.82643776,0.46876787,0.01721913,-2.93872852,0.67956419,0.06121758,3.49448376,1.40200913,-9.14736938,-2.72162662,3.67767811,-2.62795091,-0.81234192,-5.02873402,-0.26713514,0.26410872,1.54314840,-0.18760012
0.58607561,0.23455536,0.04888886,0.03496384,-0.33271055,1.68157010,-0.04937033,0.92437744,-1.63021946,-0.08314623,0.76155490,-1.72521913,-0.04851698,0.87527454,-1.71351182,-0.20443627,0.73524016,-1.63660026,0.87214413,0.04586163,0.33071442,0.31726211,0.20881635,0.10843035,-0.29604112,0.14937370,-0.16647543,-0.28616285,-0.18225651,0.07002889,-0.29868166,-0.20991327,-0.16526421,-0.25936422,-3.00168610,0.38656515,0.01271031,0.02511098,-0.92018071,0.39048092,-3.06896687,0.16109961,0.02122100,-3.22519398,0.39497930,0.03109926,-2.82462406,0.46884829,0.01858045,-2.97448635,0.65233952,0.05789790,4.77541018,-0.12732267,-9.58983326,-2.39143205,3.14441419,-1.61478984,-0.72526479,-5.68434095,0.92628473,0.17185806,1.65930378,-0.11093616
0.55178116,0.22420890,0.06204964,-0.13725469,-0.25994574,1.64385757,0.06887100,0.86941890,-1.79914768,-0.12577962,0.81374668,-1.73992622,-0.06274109,0.76239594,-1.67542505,-0.20449465,0.77288741,-1.63818192,0.87214413,0.04586163,0.33071442,0.31786850,0.19583344,0.09801714,-0.29622540,0.18871445,-0.13197238,-0.27483469,-0.19344700,0.07158488,-0.29791830,-0.18386302,-0.16797968,-0.26459833,-3.00578423,0.37531540,0.01418517,0.02308784,-0.91363188,0.40563840,-3.06456470,0.16435818,0.02164310,-3.23027611,0.32400025,0.04303381,-2.82288074,0.47066977,0.01995021,-3.00690079,0.62435664,0.05327017,5.94040108,-2.84074469,-8.37786617,-2.12700534,2.59875917,-0.71706243,-0.71140047,-5.63524647,1.92606626,-0.00796849,1.89085712,-0.08115292
0.53534687,0.22242039,0.05691226,-0.32191455,-0.18308564,1.64726776,0.20075750,0.75309666,-1.91181204,-0.16559266,0.85985836,-1.74345648,-0.07694971,0.65663303,-1.62372317,-0.20780321,0.81615876,-1.64092813,0.87214413,0.04586163,0.33071442,0.31846084,0.18429583,0.08860266,-0.29631281,0.23131038,-0.09838650,-0.26176937,-0.20491445,0.07269595,-0.29729603,-0.15958209,-0.17047952,-0.27074579,-3.00933800,0.36422887,0.01423161,0.01971197,-0.90687364,0.42070074,-3.06081066,0.16632498,0.02214803,-3.23389587,0.25127687,0.05669147,-2.82144337,0.47363746,0.02116481,-3.03632126,0.59618062,0.04771505,6.58910332,-5.96566095,-5.41330252,-1.98576827,2.29893122,-0.15620470,-0.70930101,-5.26040363,2.61260581,-0.17268115,2.17733421,-0.13860797
0.53638995,0.22818379,0.03736723,-0.45440770,-0.13383499,1.71403882,0.32201063,0.60831034,-1.95031626,-0.20309012,0.90300494,-1.74045541,-0.09042884,0.56237971,-1.56412292,-0.21137539,0.86142490,-1.64152615,0.87214413,0.04586163,0.33071442,0.31876280,0.17353642,0.07996722,-0.29602570,0.26962898,-0.07050576,-0.25034542,-0.21639172,0.07404345,-0.29707807,-0.13785209,-0.17266388,-0.27731561,-3.01243935,0.35298682,0.01324483,0.01534325,-0.89962345,0.43619584,-3.05718174,0.16722416,0.02273710,-3.23483086,0.18501996,0.06841738,-2.82025375,0.47697273,0.02168473,-3.06256828,0.56816838,0.04144719,5.96676531,-7.22485723,-1.62344015,-1.86148465,2.14098358,0.17474985,-0.66892142,-4.65305309,3.00397229,-0.16673898,2.25572124,-0.00582361
0.54832940,0.23921933,0.02479087,-0.52796151,-0.14795006,1.84680336,0.41167498,0.49222751,-1.93308389,-0.23718782,0.94067031,-1.73082678,-0.10331213,0.48844348,-1.50502386,-0.21095025,0.90721068,-1.63964717,0.87214413,0.04586163,0.33071442,0.31889315,0.16366150,0.07239850,-0.29580635,0.29649671,-0.04960884,-0.24416454,-0.22796553,0.07693321,-0.29686179,-0.12093966,-0.17452124,-0.28381294,-3.01510353,0.34135212,0.01197787,0.01026491,-0.89153791,0.45267130,-3.05324535,0.16650410,0.02308680,-3.23013458,0.13127360,0.07472860,-2.81845894,0.47998079,0.02203136,-3.08461647,0.54198117,0.03508021,4.26322050,-5.53156519,1.11721364,-1.68427570,1.84480181,0.52301068,-0.64324105,-3.55325298,2.92598081,0.04936015,2.30207114,0.09464120
0.55815038,0.25121330,0.04033579,-0.55843665,-0.25448336,2.01084173,0.46110603,0.41488743,-1.88218200,-0.27068532,0.97189909,-1.71202075,-0.11736581,0.43952158,-1.45309544,-0.20486842,0.95168394,-1.62885094,0.87214413,0.04586163,0.33071442,0.31937000,0.15395933,0.06518260,-0.29643320,0.31355490,-0.03483729,-0.24455740,-0.24068666,0.08193497,-0.29699345,-0.11033030,-0.17628327,-0.29001462,-3.01724339,0.32932401,0.01137710,0.00447491,-0.88237737,0.47038358,-3.04893970,0.16516680,0.02293681,-3.22093773,0.08841132,0.07481261,-2.81506157,0.48348600,0.02237655,-3.10210705,0.51918375,0.02935538,2.17921782,-3.61586428,2.75399184,-1.67917717,1.51630628,1.01128578,-0.71484977,-2.26773071,2.53920054,0.34660664,2.20414639,0.62863821
0.55756729,0.25411498,0.04304547,-0.52975277,-0.31855621,2.14640090,0.46508471,0.38868844,-1.82006168,-0.30661230,0.99952829,-1.69151497,-0.13394070,0.42436489,-1.41603987,-0.19017340,0.99336994,-1.61809874,0.87214413,0.04586163,0.33071442,0.32010424,0.14460154,0.05733514,-0.29694811,0.31884496,-0.02678720,-0.25189283,-0.25290561,0.08977346,-0.29593292,-0.10838591,-0.17851580,-0.29566416,-3.01875362,0.31714431,0.01160496,-0.00146809,-0.87206269,0.48925437,-3.04516716,0.16384966,0.02315613,-3.20776138,0.05896660,0.06821141,-2.81034660,0.48622131,0.02417132,-3.11463985,0.50267390,0.02444008,0.14833043,-1.24488714,3.09844899,-1.80277658,1.38774049,1.00665665,-0.83094814,-0.70411493,1.82252455,0.74483651,2.06962607,0.52308221
0.53967316,0.25100442,0.01875994,-0.47425990,-0.27161372,2.23064115,0.43975343,0.40004328,-1.76420989,-0.34444746,1.03193481,-1.68348484,-0.15121669,0.44355294,-1.39912269,-0.17007497,1.02552011,-1.61804433,0.87214413,0.04586163,0.33071442,0.32046559,0.13588068,0.04913716,-0.29526598,0.31533191,-0.02483938,-0.26256726,-0.26049631,0.09894756,-0.29348075,-0.11482759,-0.18142215,-0.30015106,-3.01961346,0.30524620,0.01170192,-0.00673317,-0.86089679,0.50860048,-3.04212379,0.16251812,0.02519961,-3.19349365,0.04101735,0.05789833,-2.80727272,0.48569109,0.02698483,-3.12313328,0.49334995,0.02031453,-1.30664701,0.61796914,2.76773763,-1.87870240,1.63669527,0.36991310,-0.85979044,1.03425113,0.79574345,1.00852805,1.58551943,-0.03161859
0.52614583,0.24704804,0.01556931,-0.32372024,-0.23951157,2.25365699,0.40344372,0.42676459,-1.71945133,-0.37481487,1.06580789,-1.68347375,-0.16651582,0.48306295,-1.39689138,-0.15007136,1.04848547,-1.62704332,0.87214413,0.04586163,0.33071442,0.32080963,0.12760128,0.04305088,-0.29244847,0.30737935,-0.02704273,-0.27345452,-0.26429477,0.10742727,-0.28998456,-0.12651348,-0.18424227,-0.30308639,-3.01989040,0.29361534,0.01219718,-0.01063760,-0.84915511,0.52789551,-3.03772869,0.16013402,0.02836116,-3.18012009,0.02991129,0.04735511,-2.80662899,0.48311971,0.03082507,-3.12915802,0.48858062,0.01772324,-1.84510362,1.38927584,2.17669899,-1.46980393,1.67558086,-0.01644945,-0.75320643,2.02902241,0.06493806,0.99201906,1.10039798,-0.47180556
0.53013901,0.24334875,0.02105101,-0.08572788,-0.24396762,2.22153680,0.36052170,0.46481225,-1.68753428,-0.39228466,1.09776018,-1.68918040,-0.17793364,0.53007740,-1.40245860,-0.13271551,1.06160975,-1.64046524,0.87214413,0.04586163,0.33071442,0.32129803,0.11980664,0.04052181,-0.28942292,0.29542307,-0.03297971,-0.28398437,-0.26557769,0.11436255,-0.28580367,-0.14083534,-0.18631517,-0.30437661,-3.01975689,0.28196641,0.01391659,-0.01262637,-0.83714751,0.54665432,-3.03081150,0.15597655,0.03187511,-3.16870575,0.02471811,0.03731366,-2.80828648,0.47917331,0.03549436,-3.13374557,0.48581566,0.01692142,-2.18260572,1.96243606,1.52866590,-0.79307978,1.59647930,-0.32550571,-0.54382788,2.37224488,-0.30971858,0.84947646,0.60567282,-0.69346900
0.54589708,0.24121297,0.01743806,0.16189354,-0.23311223,2.16326003,0.30903476,0.51116878,-1.66480637,-0.39407074,1.13090563,-1.70059776,-0.18366407,0.57682532,-1.41118526,-0.11926167,1.06487191,-1.65778387,0.87214413,0.04586163,0.33071442,0.32170889,0.11166718,0.04233181,-0.28612641,0.27994582,-0.04323083,-0.29402721,-0.26456149,0.11943347,-0.28113422,-0.15592895,-0.18709844,-0.30432406,-3.01927662,0.27008337,0.01685986,-0.01254235,-0.82505968,0.56465473,-3.02021313,0.15066534,0.03558248,-3.16086197,0.02474247,0.02768168,-2.81221676,0.47351235,0.04057467,-3.13728619,0.48314065,0.01738483,-2.64174318,2.37088847,1.07809782,0.02732813,1.66977155,-0.60788864,-0.24317889,2.32396936,-0.45224902,0.64282978,0.08975744,-0.89371198
0.56660244,0.23972828,0.01561159,0.28870531,-0.09180227,2.10264911,0.25533469,0.55295415,-1.65593224,-0.37504150,1.15814815,-1.70852482,-0.18220779,0.61880193,-1.41935196,-0.11018811,1.05667181,-1.67970352,0.87214413,0.04586163,0.33071442,0.32199516,0.10405095,0.04873572,-0.28377185,0.26580534,-0.05730582,-0.30016527,-0.26007779,0.12216821,-0.27683613,-0.17008265,-0.18676568,-0.30349451,-3.01841850,0.25781487,0.01954775,-0.01036056,-0.81301064,0.58182836,-3.00581303,0.14360948,0.03822330,-3.15832310,0.02465582,0.02182988,-2.81895733,0.46465000,0.04515903,-3.14041195,0.47900964,0.01850065,-2.68278852,2.08050225,0.43701265,0.97888963,1.33307494,-0.38542268,0.08090115,2.09313724,-0.40460727,0.44810769,-0.43837452,-1.08681391
0.57893187,0.23858105,0.00548316,0.34754504,0.09422417,2.04207678,0.20402212,0.59029937,-1.65195036,-0.33834385,1.16327105,-1.71324432,-0.17497927,0.65745735,-1.42553368,-0.10584347,1.03003139,-1.69824104,0.87214413,0.04586163,0.33071442,0.32199350,0.10177626,0.05842238,-0.28340560,0.25310576,-0.07260085,-0.30364522,-0.25120801,0.12246615,-0.27470616,-0.18346045,-0.18570358,-0.30243393,-3.01715584,0.24536314,0.02111371,-0.00663862,-0.80098879,0.59827009,-2.98996601,0.13120407,0.03858790,-3.15849857,0.02320184,0.01834828,-2.82852917,0.45157517,0.04728734,-3.14326534,0.47392374,0.01955957,-2.55282807,1.86669075,0.18364048,1.87442987,0.18020293,-0.25855063,0.37871182,1.92802465,-0.30787322,0.19779341,-1.37457557,-0.93889900
0.58426815,0.23870083,-0.00195058,0.30181029,0.27981231,1.98887078,0.15793890,0.62799871,-1.64926887,-0.28831169,1.14238093,-1.73341568,-0.16188686,0.69534187,-1.43135443,-0.10861969,0.98692307,-1.71907380,0.87214413,0.04586163,0.33071442,0.32175094,0.10962721,0.07086100,-0.28298258,0.24074711,-0.08766361,-0.30515825,-0.23716838,0.11987674,-0.27399230,-0.19614105,-0.18373697,-0.30141065,-3.01543350,0.23286465,0.02097366,-0.00211698,-0.78897585,0.61406249,-2.97360210,0.10921377,0.03876835,-3.15942783,0.02094554,0.01659268,-2.84108562,0.43341912,0.04775864,-3.14549465,0.46805539,0.02034029,-2.27746820,1.88964832,0.15197753,2.55585794,-1.15275185,-1.11793462,0.67868789,1.89600980,-0.28985308,-0.17114226,-2.23498516,-1.04054403
0.58181490,0.24162456,0.00496038,0.15023878,0.38750452,1.94670152,0.11684479,0.66779282,-1.64229102,-0.22857299,1.09861500,-1.78368590,-0.14446743,0.73493657,-1.43796978,-0.11826481,0.92552304,-1.73551481,0.87214413,0.04586163,0.33071442,0.32155460,0.12944427,0.08604961,-0.27904344,0.22806996,-0.10174862,-0.30564672,-0.21821606,0.11490133,-0.27501563,-0.20827001,-0.18079040,-0.30071640,-3.01318512,0.22046227,0.01905685,0.00197363,-0.77692406,0.62930275,-2.95584393,0.07598964,0.04251116,-3.16000996,0.01844456,0.01590788,-2.85553646,0.41011318,0.04653898,-3.14686489,0.46169097,0.02083820,-2.03150711,2.00597188,0.37395284,3.02974987,-2.30880811,-2.70513275,0.89017433,1.99505279,-0.33989809,-0.51861402,-3.17334914,-0.77922673
0.56975590,0.24627937,0.01959879,-0.02735669,0.38366970,1.91378659,0.07771765,0.70816457,-1.62749660,-0.15853907,1.01564038,-1.83609807,-0.12516275,0.77599180,-1.44458604,-0.13268265,0.84506893,-1.73747826,0.87214413,0.04586163,0.33071442,0.32162225,0.15991396,0.10373128,-0.27301577,0.21498239,-0.11514672,-0.30575527,-0.19548220,0.10857184,-0.27797468,-0.21985040,-0.17701533,-0.30054966,-3.01035786,0.20834082,0.01599250,0.00475349,-0.76477877,0.64407692,-2.93530369,0.03312802,0.04860649,-3.16035557,0.01604709,0.01586698,-2.87015247,0.38253492,0.04364757,-3.14744759,0.45506948,0.02107260,-1.94828594,2.01623082,0.80535644,3.58324051,-4.48056221,-2.54621720,0.97448492,2.05970764,-0.32625672,-0.75044000,-4.16157246,0.02519131
0.55512030,0.25365064,0.03257464,-0.14563353,0.33099964,1.90621599,0.03697512,0.74517113,-1.60032315,-0.07504123,0.88341348,-1.85359282,-0.10457512,0.81796318,-1.45224526,-0.15017456,0.75123296,-1.71806862,0.87214413,0.04586163,0.33071442,0.32200176,0.19734871,0.12458903,-0.26600288,0.20161353,-0.12889590,-0.30597916,-0.17099063,0.10171143,-0.28247236,-0.23073009,-0.17242148,-0.30065850,-3.00682602,0.19664325,0.01242717,0.00609257,-0.75241920,0.65853914,-2.90946083,-0.01546277,0.05599887,-3.16127911,0.01386904,0.01602259,-2.88337231,0.35266309,0.03952940,-3.14718323,0.44816937,0.02134325,-2.04254565,1.84421527,1.37689579,4.19712210,-6.65975094,-0.81246320,1.03297703,2.10414290,-0.38731238,-0.87798369,-4.70736885,1.00216477
0.54944339,0.26717006,0.04910404,-0.17342055,0.31110652,1.91184457,-0.00699098,0.77616626,-1.55991521,0.02256702,0.72488482,-1.82595692,-0.08170958,0.86492785,-1.46335318,-0.16958271,0.64708464,-1.67600501,0.87214413,0.04586163,0.33071442,0.32273104,0.23626607,0.14827035,-0.25816422,0.18769084,-0.14379874,-0.30656919,-0.14571511,0.09398421,-0.28831961,-0.24233587,-0.16695509,-0.30010391,-3.00259171,0.18517189,0.00882489,0.00706407,-0.73973921,0.67279873,-2.87732506,-0.06405496,0.06456683,-3.16349277,0.01191839,0.01616185,-2.89525089,0.32134778,0.03441143,-3.14588547,0.44220803,0.02262714,-2.20344462,1.52020442,2.06162436,4.91036520,-7.94741879,1.52173077,1.14807789,2.37029805,-0.56812616,-0.97262740,-5.23268700,2.17130454
0.55702490,0.28474388,0.05422627,-0.15592603,0.33294584,1.90557385,-0.05161496,0.79635729,-1.50501211,0.12697174,0.56615044,-1.75073247,-0.05675938,0.91959378,-1.47744415,-0.18978942,0.54018134,-1.61432707,0.87214413,0.04586163,0.33071442,0.32357749,0.27172687,0.17308691,-0.25125868,0.17398370,-0.15951239,-0.30775682,-0.12113589,0.08536071,-0.29504682,-0.25573402,-0.16099647,-0.29825215,-2.99759865,0.17371907,0.00519086,0.00828668,-0.72680854,0.68677051,-2.84018269,-0.10737661,0.07231882,-3.16671085,0.00905095,0.01582067,-2.90551281,0.28982486,0.02853067,-3.14384956,0.43816268,0.02532534,-2.22749839,0.96061412,2.80765176,5.22829380,-7.89680443,3.95723639,1.25875456,2.76617908,-0.70891851,-1.01388142,-5.32217178,3.14379191
0.57190718,0.30499073,0.05007960,-0.14987423,0.38925129,1.86355456,-0.09379592,0.80591768,-1.43733752,0.22514516,0.42347983,-1.63690863,-0.02980986,0.97920293,-1.49000642,-0.20910278,0.44794127,-1.54576600,0.87214413,0.04586163,0.33071442,0.32433979,0.30154776,0.19665965,-0.24748929,0.16064203,-0.17539692,-0.30937359,-0.10069554,0.07622786,-0.30187254,-0.27071839,-0.15483631,-0.29545662,-2.99180489,0.16216158,0.00123446,0.00992100,-0.71386889,0.70020801,-2.80103741,-0.14314784,0.07685050,-3.17028790,0.00495548,0.01496620,-2.91363621,0.26135803,0.02246725,-3.14135551,0.43583536,0.02888317,-2.08831840,0.42065045,3.44894719,4.83829994,-7.01280670,5.88117123,1.35622466,2.99700642,-0.60845655,-0.95318837,-4.48836403,3.43698955
0.57863732,0.32883848,0.03711336,-0.13289100,0.42360062,1.82262733,-0.13132226,0.80665374,-1.36416149,0.29924685,0.31934041,-1.50981510,-0.00482153,1.03456688,-1.49853873,-0.22546990,0.39311746,-1.49769104,0.87214413,0.04586163,0.33071442,0.32483974,0.32111252,0.21562334,-0.24936428,0.14830386,-0.19061749,-0.31083582,-0.08870238,0.06779144,-0.30680314,-0.28498738,-0.14963456,-0.29212563,-2.98514366,0.15067627,-0.00289273,0.01191226,-0.70096227,0.71309300,-2.76408577,-0.16671952,0.07547546,-3.17320919,-0.00085069,0.01400392,-2.91887188,0.24051970,0.01803660,-3.13960743,0.43307537,0.03271411,-1.84013569,-0.02275586,3.68120646,3.49955201,-4.88202047,6.39238310,1.22542989,2.71747088,-0.39614436,-0.79513365,-2.42884731,2.19441891
0.57736548,0.35505732,0.01547350,-0.12251631,0.38950891,1.85057725,-0.16326341,0.80301753,-1.29615765,0.33896207,0.26883875,-1.40352931,0.01295570,1.08375306,-1.50757143,-0.23750428,0.38825095,-1.48756740,0.87214413,0.04586163,0.33071442,0.32483481,0.32704484,0.22756325,-0.25691166,0.13766996,-0.20428710,-0.31127409,-0.08757766,0.06126863,-0.30906729,-0.29711933,-0.14664197,-0.28775665,-2.97745018,0.13952090,-0.00673067,0.01378206,-0.68765892,0.72587187,-2.73259830,-0.17478933,0.06792315,-3.17402382,-0.00895482,0.01356072,-2.92098866,0.23027214,0.01576751,-3.13988609,0.42830861,0.03707816,-1.59149861,-0.17838191,3.38114810,1.94992018,-2.46564226,5.26776657,0.87892365,2.45571160,-0.45877644,-0.59564597,-0.19811045,0.47398420
0.58588136,0.37844760,-0.00540362,-0.09098443,0.33100912,1.93646881,-0.19188648,0.80103515,-1.23848953,0.35357594,0.25715855,-1.32981482,0.02402086,1.12910318,-1.52129700,-0.24498602,0.41247911,-1.49854505,0.87214413,0.04586163,0.33071442,0.32437114,0.32374619,0.23332046,-0.26712727,0.12782807,-0.21647370,-0.31034168,-0.09318719,0.05667854,-0.31008811,-0.30713670,-0.14531560,-0.28222827,-2.96888847,0.12855372,-0.00998647,0.01541107,-0.67350884,0.73895102,-2.70668201,-0.17227482,0.05724387,-3.17263947,-0.01870935,0.01402946,-2.92105312,0.22657458,0.01428303,-3.14193268,0.42096658,0.04214287,-1.42576528,-0.09972238,2.87526774,0.65888429,-0.49299718,3.59262362,0.53582735,2.24713168,-0.69750017,-0.35892496,1.27627972,-0.59890793
0.60680692,0.39605444,-0.02638272,0.04194606,0.27847394,2.06086310,-0.21933912,0.80021343,-1.18297939,0.34225304,0.27769312,-1.29541001,0.02876413,1.16670032,-1.54047565,-0.24731172,0.45308479,-1.52248030,0.87214413,0.04586163,0.33071442,0.32344054,0.31329938,0.23145107,-0.27928749,0.11693203,-0.22784378,-0.30895659,-0.10307459,0.05437585,-0.30971747,-0.31430616,-0.14542670,-0.27565020,-2.95951862,0.11758714,-0.01199449,0.01744475,-0.65818659,0.75255712,-2.68846073,-0.16215152,0.04415305,-3.16978931,-0.02860494,0.01448395,-2.91933250,0.22697718,0.01372307,-3.14545002,0.40976312,0.04779034,-1.37170374,-0.02827263,2.77020240,-0.68189399,1.16685024,1.51334511,0.20880540,1.84307520,-0.99101970,-0.09504872,2.06431599,-1.22628729
0.63044627,0.40505422,-0.05066690,0.28311697,0.23934950,2.18525809,-0.24598478,0.80198936,-1.12883368,0.30330438,0.32773868,-1.31684284,0.02701876,1.19147892,-1.56639848,-0.24514777,0.49869095,-1.55071549,0.87214413,0.04586163,0.33071442,0.32192749,0.29816851,0.22005798,-0.29059814,0.10375081,-0.23833264,-0.30728286,-0.11528702,0.05417074,-0.30798559,-0.31759610,-0.14690825,-0.26810254,-2.94945736,0.10661232,-0.01205401,0.02065851,-0.64160845,0.76665933,-2.68039646,-0.14821352,0.03132935,-3.16583195,-0.03743182,0.01464463,-2.91640358,0.22962864,0.01394190,-3.14992466,0.39342616,0.05382495,-1.32514131,0.10195970,2.69894576,-2.10794151,2.65726569,-1.42312280,-0.12379636,1.14752624,-1.33149567,0.13185792,2.29628043,-1.42523420
0.64890971,0.39747178,-0.04827093,0.39788451,0.15813018,2.24296389,-0.26805654,0.80294478,-1.07713223,0.24469490,0.39594275,-1.38741028,0.01925341,1.19699311,-1.59671533,-0.24015656,0.53934425,-1.57197452,0.87214413,0.04586163,0.33071442,0.32026926,0.28230951,0.20164205,-0.29741319,0.09038187,-0.24657654,-0.30618398,-0.12742138,0.05540826,-0.30618510,-0.31528518,-0.14946610,-0.26144554,-2.93896198,0.09570760,-0.01064635,0.02416431,-0.62419522,0.78082204,-2.68023300,-0.13541464,0.02285607,-3.15966320,-0.04662949,0.01408528,-2.91289616,0.23218784,0.01408416,-3.15403271,0.37046102,0.05882372,-1.06141984,0.03298402,2.56479955,-3.04682755,3.51429439,-3.84397721,-0.43020329,0.12876749,-1.54210556,0.26600271,1.97514999,-0.98645204
0.65737219,0.36823822,-0.01698958,0.24840333,0.02115910,2.17370099,-0.27746272,0.80924190,-1.05497894,0.18546936,0.46729952,-1.46890526,0.00626120,1.18317208,-1.63085606,-0.23426709,0.57849250,-1.58903415,0.87214413,0.04586163,0.33071442,0.31919511,0.26827597,0.18333301,-0.29877819,0.08209642,-0.24939475,-0.30527815,-0.13844110,0.05750866,-0.30474959,-0.30606546,-0.15264034,-0.25742541,-2.92843418,0.08495727,-0.00936318,0.02567842,-0.60699001,0.79423931,-2.68123436,-0.12593426,0.02041692,-3.14761963,-0.05959480,0.01391696,-2.90919380,0.23362802,0.01444552,-3.15591068,0.34035809,0.06176970,-0.44912226,0.32921860,1.03352300,-2.95855203,3.56965017,-4.06679959,-0.65360335,-0.71728418,-1.71066272,0.29528579,1.96125259,-0.85499376
0.64944485,0.33488496,-0.00319059,0.16250236,-0.04863287,2.07948196,-0.26994665,0.82850469,-1.09308829,0.12710989,0.54078790,-1.54432707,-0.00952829,1.14975052,-1.66584256,-0.22787200,0.61899548,-1.60475824,0.87214413,0.04586163,0.33071442,0.31840311,0.25400366,0.16611398,-0.29838236,0.08228874,-0.24524844,-0.30362504,-0.14929110,0.06011708,-0.30341632,-0.29104549,-0.15630807,-0.25533538,-2.91812496,0.07458390,-0.00830831,0.02612284,-0.59026430,0.80674446,-2.68306427,-0.11740096,0.02002074,-3.12707596,-0.07792090,0.01477806,-2.90589561,0.23505925,0.01498679,-3.15502300,0.30484247,0.06306773,0.43909299,1.02098385,-2.13738867,-2.92293859,3.68667603,-3.75010419,-0.79748386,-1.73591979,-1.73965061,0.32075033,2.01949449,-0.76278874
0.62957331,0.30138628,0.00476296,0.13128814,-0.09498465,1.99216038,-0.23593557,0.86604868,-1.21005163,0.06666742,0.61774988,-1.61156089,-0.02761475,1.09323659,-1.69473073,-0.22167770,0.65785199,-1.61383798,0.87214413,0.04586163,0.33071442,0.31780168,0.23864801,0.14907712,-0.29744910,0.09257431,-0.23097714,-0.30048909,-0.16008742,0.06272887,-0.30282471,-0.27087257,-0.16049928,-0.25502457,-2.90814857,0.06475076,-0.00723345,0.02598562,-0.57399113,0.81841714,-2.68682766,-0.10901320,0.02035259,-3.09390469,-0.10082433,0.01731260,-2.90357132,0.23662845,0.01497697,-3.15116520,0.26493789,0.06277711,1.83892493,1.94432254,-6.17286415,-3.03302288,3.85832024,-3.32178330,-0.91127400,-2.92693639,-1.40277374,0.30571494,1.93766987,-0.43437479
0.59874828,0.26635488,0.02449868,0.17379065,-0.13279065,1.89198669,-0.17009193,0.90536290,-1.38424878,0.00767173,0.69267876,-1.66522801,-0.04578099,1.01369538,-1.71016519,-0.21703905,0.69731816,-1.62210300,0.87214413,0.04586163,0.33071442,0.31758882,0.22281532,0.13323057,-0.29661934,0.11306468,-0.20610078,-0.29605522,-0.17119970,0.06525879,-0.30188583,-0.24700276,-0.16463039,-0.25632170,-2.89863930,0.05557667,-0.00562259,0.02573934,-0.55827042,0.82924062,-2.69147549,-0.10088485,0.02096948,-3.04718418,-0.12661984,0.02153361,-2.90245972,0.23875269,0.01570300,-3.14398861,0.22266122,0.06126713,3.47213616,1.91629019,-8.95749760,-2.92441664,3.71589136,-2.58759618,-0.90215857,-4.10609269,-0.67882059,0.22037564,1.98456070,-0.42471597
0.55867257,0.23471112,0.05261624,0.18665637,-0.18755414,1.78097583,-0.07680592,0.92018372,-1.57710719,-0.04373632,0.75740170,-1.69981802,-0.06186675,0.91707236,-1.70686913,-0.21327266,0.73814833,-1.62726235,0.87214413,0.04586163,0.33071442,0.31796750,0.20814382,0.12013382,-0.29626779,0.14296924,-0.17411467,-0.28953487,-0.18303532,0.06785959,-0.30099556,-0.22133624,-0.16810889,-0.25927871,-2.88966942,0.04717371,-0.00353866,0.02518466,-0.54324421,0.83918945,-2.69494247,-0.09367160,0.02169971,-2.99012375,-0.15448206,0.02843264,-2.90256500,0.24195707,0.01697195,-3.13357258,0.18044627,0.05868879,4.84874678,0.52081704,-9.70571232,-2.50721002,3.14936376,-1.58660877,-0.78655976,-4.93745279,0.30565736,0.18537550,2.04952240,-0.22117852
0.52486561,0.21691601,0.06778609,0.13248324,-0.29431376,1.70022042,0.04101573,0.87986561,-1.75194964,-0.08667277,0.80678545,-1.71413839,-0.07558642,0.81219181,-1.68157606,-0.21115127,0.78314834,-1.62850320,0.87214413,0.04586163,0.33071442,0.31879663,0.19621047,0.10974465,-0.29652159,0.18117186,-0.13828004,-0.27923609,-0.19597531,0.07031151,-0.30046968,-0.19547881,-0.17042947,-0.26401702,-2.88110294,0.03961607,-0.00126841,0.02341080,-0.52885925,0.84838566,-2.69624214,-0.08832502,0.02227505,-2.92560139,-0.18391134,0.03956055,-2.90415649,0.24654254,0.01832696,-3.12014141,0.14020823,0.05477961,5.91978817,-2.10716906,-8.68401814,-2.14048686,2.45469599,-0.69777913,-0.68480620,-5.24479628,1.28954742,0.10100019,2.25533648,-0.05906724
0.50383164,0.21068295,0.06710833,0.06759876,-0.41962875,1.66703103,0.17414018,0.77600363,-1.87686191,-0.12587154,0.84786881,-1.71748660,-0.08844018,0.70907344,-1.64069619,-0.21218384,0.83029811,-1.62652075,0.87214413,0.04586163,0.33071442,0.31970743,0.18593662,0.10075976,-0.29688145,0.22394027,-0.10271144,-0.26655651,-0.20928002,0.07233787,-0.30029452,-0.17081843,-0.17222476,-0.26981600,-2.87261295,0.03264981,0.00111641,0.02024998,-0.51462574,0.85717504,-2.69631157,-0.08415250,0.02282598,-2.85807590,-0.21329238,0.05315092,-2.90707550,0.25138075,0.01941291,-3.10489902,0.10253175,0.04989143,6.66572094,-5.37221851,-6.03683109,-1.95423937,2.04362006,-0.14888620,-0.63991601,-5.13445082,2.07539017,-0.05782163,2.35230494,0.11647940
0.50019332,0.21215541,0.04614499,0.04281402,-0.49191057,1.69885569,0.30027500,0.63195045,-1.92757204,-0.16313170,0.88596069,-1.71596711,-0.10025502,0.61555103,-1.59046564,-0.21370336,0.87531806,-1.62026434,0.87214413,0.04586163,0.33071442,0.32030885,0.17626984,0.09253793,-0.29694826,0.26415336,-0.07242065,-0.25484355,-0.22220548,0.07454088,-0.30044053,-0.14887127,-0.17355449,-0.27595761,-2.86394749,0.02606803,0.00365072,0.01629142,-0.50001531,0.86585562,-2.69571018,-0.08037694,0.02336059,-2.79468307,-0.23893044,0.06546531,-2.91041431,0.25579059,0.01986832,-3.08867073,0.06829694,0.04435124,6.21784668,-7.24633131,-2.21104857,-1.85501995,1.89577448,0.08760309,-0.58589636,-4.62309532,2.54224038,-0.06845927,2.24006643,0.32084654
0.51860252,0.22038803,0.02368403,0.08317921,-0.51895407,1.79659564,0.39703158,0.50931571,-1.91868536,-0.19763032,0.92113975,-1.71039226,-0.11188210,0.53808454,-1.53655705,-0.21141084,0.91816937,-1.61004286,0.87214413,0.04586163,0.33071442,0.32052830,0.16679443,0.08524333,-0.29695991,0.29286154,-0.04951232,-0.24799678,-0.23519635,0.07815995,-0.30043877,-0.13136013,-0.17471441,-0.28206544,-2.85477695,0.01960426,0.00660678,0.01226357,-0.48445338,0.87470616,-2.69403133,-0.07656045,0.02356839,-2.74137993,-0.25491435,0.07253153,-2.91329784,0.26043948,0.02008953,-3.07256660,0.03826643,0.03846287,4.63293991,-5.87388010,0.71584369,-1.70530314,1.73864424,0.30766723,-0.58432189,-3.76578979,2.70149636,0.14522981,2.13180971,0.54269881
0.54820368,0.22984319,0.03294791,0.15505383,-0.58382276,1.93256242,0.45480791,0.42703909,-1.87379074,-0.23108423,0.95470649,-1.69602191,-0.12599495,0.48104736,-1.48358703,-0.20342600,0.96028477,-1.59371674,0.87214413,0.04586163,0.33071442,0.32092100,0.15629216,0.07848651,-0.29761294,0.31068776,-0.03294044,-0.24769206,-0.24912324,0.08401036,-0.30023545,-0.11938341,-0.17622267,-0.28819941,-2.84490776,0.01311841,0.01041542,0.00806907,-0.46756822,0.88385880,-2.69207096,-0.07190090,0.02330807,-2.69728374,-0.26223429,0.07322894,-2.91566944,0.26632369,0.02068555,-3.05776119,0.01262389,0.03272159,2.60145831,-3.83917785,2.46905541,-1.67206216,1.67236793,0.79200977,-0.72901630,-2.70133305,2.63608193,0.44086304,2.10378885,0.86153978
0.56597468,0.23255586,0.04092010,0.18478559,-0.60609988,2.06886816,0.46675113,0.39488888,-1.81310046,-0.26934651,0.98850510,-1.67643251,-0.14331109,0.45745343,-1.44045575,-0.18732950,0.99863443,-1.57786405,0.87214413,0.04586163,0.33071442,0.32162473,0.14483242,0.07032512,-0.29832717,0.31686475,-0.02308765,-0.25444103,-0.26193455,0.09258515,-0.29898125,-0.11611499,-0.17844053,-0.29429802,-2.83443203,0.00677080,0.01473160,0.00379907,-0.44912704,0.89333837,-2.69158077,-0.06749609,0.02329756,-2.66389904,-0.26128668,0.06718370,-2.91641903,0.27221354,0.02264348,-3.04691067,-0.00651606,0.02732670,0.54062959,-1.53947880,3.03291440,-1.92260447,1.69276917,0.97354172,-0.86666137,-1.12042585,2.12826755,0.81411405,1.90721357,0.77369351
0.55587609,0.22949462,0.02460226,0.11983919,-0.56439906,2.17922985,0.44528873,0.40243265,-1.75529850,-0.31187295,1.02589929,-1.66406059,-0.16052267,0.47274812,-1.41758859,-0.16672924,1.03054843,-1.57641580,0.87214413,0.04586163,0.33071442,0.32211642,0.13374660,0.06084583,-0.29731849,0.31387211,-0.01985680,-0.26509756,-0.26996624,0.10228677,-0.29611633,-0.12224515,-0.18111590,-0.29950758,-2.82386036,0.00098335,0.01830733,-0.00039769,-0.42949758,0.90288233,-2.69225178,-0.06435845,0.02479793,-2.64116726,-0.25501124,0.05701885,-2.91490421,0.27494570,0.02600009,-3.04150028,-0.01850281,0.02260884,-1.12451783,0.43397173,2.86921239,-2.12151146,1.89147155,0.57606264,-0.85526055,0.85726755,1.08219759,1.02860603,1.58269060,0.02307271
0.54197820,0.22619580,0.01628018,0.12584486,-0.41749612,2.22254548,0.40960675,0.42739472,-1.70852349,-0.34815857,1.06479955,-1.66175096,-0.17516847,0.51230924,-1.41235421,-0.14785812,1.05547216,-1.58854446,0.87214413,0.04586163,0.33071442,0.32250253,0.12356759,0.05313500,-0.29462098,0.30606881,-0.02148822,-0.27618197,-0.27378504,0.11078775,-0.29191830,-0.13432484,-0.18352394,-0.30290316,-2.81329174,-0.00416242,0.02128500,-0.00340390,-0.40925182,0.91216682,-2.69143238,-0.06110602,0.02788154,-2.62578983,-0.24702637,0.04632056,-2.91263428,0.27398005,0.03058423,-3.03968010,-0.02589973,0.01959937,-1.82349932,1.30871942,2.27025158,-1.76149349,1.91654913,0.09992551,-0.71726948,2.03565426,0.20771170,0.92907780,1.20230193,-0.64352269
0.54534973,0.22408044,0.01549529,0.21819119,-0.16979212,2.19854038,0.36476102,0.46611694,-1.67670152,-0.36960853,1.10119362,-1.66772826,-0.18478730,0.55804887,-1.41574752,-0.13268637,1.07002332,-1.60648732,0.87214413,0.04586163,0.33071442,0.32290182,0.11443302,0.04956650,-0.29126247,0.29367045,-0.02777094,-0.28695254,-0.27470966,0.11727944,-0.28707418,-0.14859375,-0.18491727,-0.30440801,-2.80251637,-0.00890835,0.02408542,-0.00390442,-0.38902434,0.92090429,-2.68719158,-0.05636305,0.03163935,-2.61763401,-0.23876064,0.03594928,-2.91002197,0.26977140,0.03582764,-3.03867455,-0.03135412,0.01849381,-2.29452302,2.01309609,1.51006639,-0.97692876,1.82310522,-0.36617801,-0.44569227,2.29116778,-0.20193529,0.73607212,0.66771693,-0.91819519
0.56118889,0.22280627,0.00845013,0.26680443,0.06789464,2.14651998,0.31224179,0.51289397,-1.65725517,-0.37349260,1.13558662,-1.67809427,-0.18804739,0.60155427,-1.42240059,-0.12183504,1.07474017,-1.63093162,0.87214413,0.04586163,0.33071442,0.32314849,0.10570899,0.05064425,-0.28779694,0.27817467,-0.03856172,-0.29653941,-0.27273824,0.12162461,-0.28174055,-0.16289621,-0.18497469,-0.30451801,-2.79135990,-0.01341029,0.02644089,-0.00203782,-0.36911685,0.92900456,-2.67970467,-0.04908015,0.03535154,-2.61541748,-0.23229934,0.02660908,-2.90636444,0.26218480,0.04140794,-3.03677654,-0.03624624,0.01863047,-2.67657804,2.38090730,0.88907713,-0.06632924,1.69793832,-0.52853107,-0.11704176,2.15083480,-0.34911630,0.51062018,0.16741990,-1.27670276
0.57856826,0.22259023,0.00325209,0.14994317,0.21807338,2.09811477,0.25911607,0.55493253,-1.65219839,-0.35639786,1.15987711,-1.68489971,-0.18464957,0.64089520,-1.43003218,-0.11511164,1.06741300,-1.65870142,0.87214413,0.04586163,0.33071442,0.32320048,0.09887155,0.05623427,-0.28545269,0.26448231,-0.05284443,-0.30192085,-0.26711796,0.12359740,-0.27730533,-0.17598922,-0.18415289,-0.30373671,-2.77971172,-0.01764210,0.02712195,0.00109404,-0.34959171,0.93650886,-2.66816444,-0.03989253,0.03774779,-2.61443958,-0.23078183,0.02127963,-2.90064125,0.25069420,0.04589515,-3.03331051,-0.04156178,0.01946377,-2.65249386,2.09399054,0.24782038,0.87954633,1.18657341,-0.33632610,0.17697679,1.96277106,-0.37986943,0.33153531,-0.39433764,-1.37594309
0.58728019,0.22184711,-0.00618170,-0.00845160,0.32371267,2.04367791,0.20933712,0.59282128,-1.65085208,-0.32354235,1.16357217,-1.69229388,-0.17621351,0.67759166,-1.43675807,-0.11265311,1.04342170,-1.68215599,0.87214413,0.04586163,0.33071442,0.32299094,0.09781342,0.06480385,-0.28464753,0.25222109,-0.06793521,-0.30485043,-0.25768790,0.12327695,-0.27515333,-0.18823729,-0.18280143,-0.30265305,-2.76777554,-0.02151829,0.02598984,0.00466685,-0.33043828,0.94345816,-2.65089722,-0.03183640,0.03834341,-2.61293468,-0.23188697,0.01814051,-2.89238625,0.23552729,0.04783760,-3.02891979,-0.04707835,0.02033788,-2.47444000,1.89262593,0.05530501,1.67633545,0.11855365,-0.39532610,0.43675731,1.82975352,-0.33578679,0.10344993,-1.22631164,-1.19231124
0.58953047,0.22263613,-0.01319249,-0.18528881,0.35156664,1.99033947,0.16510259,0.63064282,-1.65027466,-0.27879053,1.14517272,-1.71572244,-0.16249433,0.71319830,-1.44324708,-0.11724007,1.00690821,-1.70960743,0.87214413,0.04586163,0.33071442,0.32256523,0.10598566,0.07583547,-0.28359458,0.24036626,-0.08260175,-0.30599872,-0.24394616,0.12016118,-0.27401091,-0.19969984,-0.18068509,-0.30160106,-2.75565109,-0.02494155,0.02311150,0.00797171,-0.31165684,0.94988016,-2.62533855,-0.02656045,0.03897066,-2.61082153,-0.23380367,0.01656652,-2.88113213,0.21631132,0.04855433,-3.02356110,-0.05235241,0.02096417,-2.18529730,1.89402711,0.04520273,2.28943372,-1.00851909,-1.28053656,0.70888134,1.77957261,-0.32309672,-0.26084954,-1.89740248,-1.37337530
0.58709449,0.22549134,-0.00646134,-0.33348934,0.27716742,1.94864575,0.12563873,0.67042739,-1.64581714,-0.22444733,1.10727599,-1.76667116,-0.14424594,0.74994960,-1.45037508,-0.12883250,0.95345346,-1.73376825,0.87214413,0.04586163,0.33071442,0.32219067,0.12474356,0.08943730,-0.27944136,0.22816626,-0.09637558,-0.30619878,-0.22572311,0.11460548,-0.27444904,-0.21059911,-0.17759577,-0.30088069,-2.74341240,-0.02784200,0.01901297,0.01017805,-0.29314127,0.95582588,-2.58997707,-0.02364830,0.04274931,-2.60841370,-0.23550385,0.01599188,-2.86617393,0.19355119,0.04774163,-3.01735497,-0.05695750,0.02130997,-1.95191507,2.00590894,0.24534559,2.76123075,-2.00126264,-2.71352842,0.93478948,1.84977067,-0.36414382,-0.61817431,-2.77042203,-1.17433116
0.57480905,0.22982856,0.00940265,-0.39953421,0.14120193,1.91524618,0.08797029,0.71153009,-1.63375354,-0.16037430,1.03394914,-1.82096446,-0.12316060,0.78856206,-1.45777750,-0.14572482,0.87878615,-1.74421799,0.87214413,0.04586163,0.33071442,0.32210076,0.15334351,0.10532371,-0.27353765,0.21526500,-0.10957065,-0.30611844,-0.20335503,0.10745891,-0.27687745,-0.22117376,-0.17351713,-0.30066529,-2.73120975,-0.03011334,0.01458916,0.01093119,-0.27480776,0.96132635,-2.54537010,-0.02169084,0.04856311,-2.60631466,-0.23686430,0.01598231,-2.84710789,0.16855299,0.04522331,-3.01066685,-0.06060527,0.02143547,-1.87610674,2.05997586,0.66800588,3.27891445,-3.96743035,-2.66506410,1.07145131,1.94313157,-0.36899325,-0.87833846,-3.89664865,-0.40223119
0.55758847,0.23617272,0.02075770,-0.39945982,0.01319037,1.91489889,0.04877601,0.75021318,-1.60951140,-0.08388458,0.91105574,-1.84584854,-0.09972457,0.82907898,-1.46624074,-0.16548353,0.78672689,-1.73250096,0.87214413,0.04586163,0.33071442,0.32229546,0.18967511,0.12421665,-0.26677693,0.20185875,-0.12307270,-0.30619544,-0.17854090,0.09979569,-0.28099542,-0.23138442,-0.16834448,-0.30082521,-2.71917667,-0.03156820,0.01049017,0.01025256,-0.25639817,0.96645994,-2.49287338,-0.01766690,0.05551853,-2.60483246,-0.23849631,0.01610002,-2.82480202,0.14358693,0.04130004,-3.00357513,-0.06312969,0.02147025,-1.96422186,1.92767632,1.22969911,3.84578514,-6.19881506,-1.18637600,1.17485361,2.03049660,-0.42668149,-0.99044120,-4.61862564,0.61727281
0.54775951,0.24837870,0.03600214,-0.39194153,-0.02525544,1.92955855,0.00654975,0.78306209,-1.57257693,0.00709942,0.75672332,-1.82801983,-0.07454955,0.87388492,-1.47731910,-0.18660466,0.68383201,-1.69784963,0.87214413,0.04586163,0.33071442,0.32281355,0.22866732,0.14613392,-0.25919429,0.18799152,-0.13760660,-0.30662386,-0.15303167,0.09142742,-0.28642695,-0.24221563,-0.16248846,-0.30041912,-2.70716343,-0.03227621,0.00656668,0.00919470,-0.23774855,0.97126102,-2.43685417,-0.00826020,0.06361926,-2.60396767,-0.24114705,0.01618970,-2.80067673,0.11948982,0.03638660,-2.99704247,-0.06454155,0.02239443,-2.11909208,1.61649430,1.88568585,4.58764668,-7.76028261,1.02942323,1.26088018,2.25993481,-0.56247137,-1.05715239,-5.17478409,1.80480320
0.55250752,0.26526971,0.04168380,-0.39777622,-0.01127118,1.93701217,-0.03722319,0.80575336,-1.52165730,0.10814065,0.59544989,-1.76176119,-0.04786916,0.92669482,-1.49144003,-0.20814798,0.57519597,-1.64056323,0.87214413,0.04586163,0.33071442,0.32346449,0.26540869,0.17001729,-0.25210163,0.17427832,-0.15308945,-0.30758628,-0.12781516,0.08226563,-0.29300304,-0.25490346,-0.15627835,-0.29870355,-2.69492626,-0.03226455,0.00257078,0.00825991,-0.21892192,0.97570403,-2.38232250,0.00806585,0.07136285,-2.60275745,-0.24513593,0.01587821,-2.77534351,0.09672155,0.03046145,-2.99216213,-0.06466108,0.02476093,-2.18855543,1.08488909,2.60790811,5.07574034,-8.04575777,3.52125549,1.34481459,2.68125820,-0.71936554,-1.07919586,-5.42913246,2.94619679
0.56809566,0.28563574,0.04075464,-0.44207625,0.00784230,1.90561294,-0.07935247,0.81753556,-1.45742466,0.20720458,0.44520780,-1.65280094,-0.01916737,0.98657835,-1.50484102,-0.22812403,0.47665039,-1.57097061,0.87214413,0.04586163,0.33071442,0.32408984,0.29737245,0.19356230,-0.24758761,0.16097119,-0.16889149,-0.30903638,-0.10590551,0.07272640,-0.30005132,-0.26965203,-0.14982387,-0.29589636,-2.68227444,-0.03155122,-0.00185097,0.00741202,-0.20027440,0.97971006,-2.33279324,0.02976458,0.07650223,-2.60050755,-0.25006948,0.01505346,-2.75113773,0.07690594,0.02403852,-2.98909283,-0.06351814,0.02819348,-2.09011860,0.52969333,3.28283477,4.90974417,-7.41970434,5.66670475,1.44450855,3.02414894,-0.64953083,-0.98109996,-4.82904320,3.52081609
0.57812241,0.31002045,0.03354673,-0.47862069,0.02866990,1.86134292,-0.11709557,0.81985247,-1.38576746,0.28579661,0.33036780,-1.52389944,0.00841552,1.04455125,-1.51361239,-0.24428603,0.40837324,-1.51256680,0.87214413,0.04586163,0.33071442,0.32456750,0.31968422,0.21325809,-0.24845587,0.14858077,-0.18416465,-0.31052238,-0.09103498,0.06393719,-0.30582912,-0.28444311,-0.14411958,-0.29253791,-2.66929054,-0.03001656,-0.00668492,0.00668093,-0.18197716,0.98325734,-2.29445076,0.05467197,0.07611163,-2.59648132,-0.25516470,0.01404512,-2.73140526,0.06227154,0.01873837,-2.98647499,-0.06276348,0.03202958,-1.85146618,0.05090117,3.62150407,3.74660850,-5.43417835,6.53514099,1.36324549,2.86455250,-0.40253159,-0.77881062,-3.16029119,2.78770900
0.57793534,0.33912997,0.02704776,-0.44757867,0.08418056,1.86508394,-0.14832529,0.81667584,-1.31587174,0.33408253,0.26628707,-1.40530596,0.02874361,1.09324331,-1.51707003,-0.25463445,0.39450763,-1.49328163,0.87214413,0.04586163,0.33071442,0.32484635,0.32834003,0.22718670,-0.25568512,0.13726725,-0.19786843,-0.31151287,-0.08838808,0.05737276,-0.30877411,-0.29762095,-0.14082163,-0.28852904,-2.65615711,-0.02734913,-0.01137942,0.00656370,-0.16364423,0.98643195,-2.27203388,0.08160186,0.06916122,-2.59016171,-0.25894969,0.01333347,-2.72127514,0.05549849,0.01607224,-2.98331108,-0.06448723,0.03631731,-1.55665355,-0.16030811,3.48378015,2.37817755,-3.14591947,5.89464808,1.00356358,2.43205094,-0.17296313,-0.51027488,-0.63903269,0.92866945
0.58702327,0.36414834,0.00180799,-0.37453504,0.06740485,1.92146103,-0.17691122,0.81482340,-1.25519264,0.35753859,0.24149014,-1.31408329,0.03981808,1.14051538,-1.52337239,-0.25958166,0.41650330,-1.49877636,0.87214413,0.04586163,0.33071442,0.32459884,0.32725016,0.23551481,-0.26606079,0.12670055,-0.21028642,-0.31104967,-0.09401067,0.05307172,-0.31047852,-0.30968365,-0.13985885,-0.28306852,-2.64284458,-0.02377969,-0.01536261,0.00639265,-0.14471733,0.98933312,-2.26183033,0.10808401,0.05853805,-2.58171558,-0.26155407,0.01354918,-2.71770496,0.05400550,0.01412032,-2.97961845,-0.06903257,0.04153033,-1.42701983,-0.07199692,2.99681687,1.10509542,-1.13759307,4.46255169,0.52539169,2.36216187,-0.34315964,-0.22907780,1.18715814,-0.34458874
0.61849961,0.37881221,-0.03685614,-0.29018057,0.09239809,1.98049126,-0.20358296,0.81895837,-1.20412581,0.35537266,0.24862620,-1.25888929,0.04204799,1.18432171,-1.53801324,-0.25811674,0.46415375,-1.52546613,0.87214413,0.04586163,0.33071442,0.32353708,0.31902202,0.23670128,-0.27839689,0.11532456,-0.22138793,-0.30909492,-0.10534406,0.05171157,-0.31028001,-0.31912950,-0.14097229,-0.27600689,-2.62905331,-0.01958672,-0.01853414,0.00650003,-0.12513906,0.99194478,-2.26121635,0.13040836,0.04514019,-2.57236404,-0.26268895,0.01444216,-2.71824169,0.05668181,0.01325707,-2.97320461,-0.07682921,0.04753020,-1.31899762,0.22537206,2.53149438,-0.22910175,0.47162601,2.59657557,0.07971364,2.15854158,-0.75934404,0.10080170,2.46432090,-1.40673485
0.66286962,0.37909092,-0.06424725,-0.20229605,0.20124390,2.00588469,-0.22586277,0.82958275,-1.16114233,0.32387195,0.28767534,-1.25798120,0.03758201,1.21910727,-1.56120470,-0.25128003,0.52293522,-1.56169617,0.87214413,0.04586163,0.33071442,0.32183923,0.30556275,0.22795416,-0.29078610,0.10229081,-0.23037135,-0.30644464,-0.11957795,0.05281101,-0.30839364,-0.32480112,-0.14354142,-0.26791529,-2.61460705,-0.01503883,-0.02099396,0.00771412,-0.10521117,0.99419835,-2.26806259,0.14382787,0.03105313,-2.56285858,-0.26172986,0.01539459,-2.72046452,0.06165591,0.01344559,-2.96227512,-0.08733555,0.05392394,-1.08466058,0.57748956,2.09018750,-1.74757825,2.15676478,-0.33433053,-0.25847579,1.68084517,-1.21777714,0.36799762,2.96858478,-1.83465803
0.70526528,0.35842032,-0.06215240,-0.06965345,0.20381334,1.97035203,-0.24013785,0.84524184,-1.12982142,0.27082300,0.35584944,-1.31787348,0.02757751,1.23928022,-1.59366477,-0.24232565,0.58141595,-1.59405732,0.87214413,0.04586163,0.33071442,0.32005063,0.28959196,0.21123629,-0.29847304,0.08941042,-0.23563620,-0.30397794,-0.13420307,0.05534249,-0.30616391,-0.32473416,-0.14686998,-0.26043500,-2.59959602,-0.01043913,-0.02224527,0.00925620,-0.08550266,0.99604657,-2.27818680,0.14824414,0.02157759,-2.55173588,-0.25788215,0.01607269,-2.72237778,0.06700696,0.01388672,-2.94464016,-0.09970060,0.05961563,-0.64837122,0.81016654,1.47891271,-2.78165793,3.59780049,-3.41274953,-0.53802168,0.89173788,-1.68658721,0.45581457,2.90627337,-1.56779039
0.73997764,0.31056795,-0.02354658,0.05497345,-0.05196758,1.80775978,-0.23650261,0.86792454,-1.13552525,0.21714380,0.43199789,-1.39136715,0.01303326,1.24292696,-1.63241799,-0.23405122,0.64047736,-1.62054260,0.87214413,0.04586163,0.33071442,0.31908126,0.27456281,0.19462030,-0.30045921,0.08299840,-0.23342961,-0.30218807,-0.14800318,0.05856489,-0.30454765,-0.31772799,-0.15027693,-0.25598210,-2.58411350,-0.00628919,-0.02186204,0.00842184,-0.06743283,0.99744871,-2.28580570,0.14951277,0.01862205,-2.53336411,-0.24878170,0.01689319,-2.72286320,0.07170638,0.01453360,-2.91920986,-0.11233003,0.06309916,0.21234797,1.14757059,-0.36759276,-2.67710462,3.80473838,-3.65943980,-0.73318586,0.15831469,-1.94498911,0.41378972,2.95680904,-1.31896579
0.75637188,0.25396262,-0.00396789,0.15390368,-0.20209392,1.59839516,-0.20959345,0.90024947,-1.20411360,0.16786769,0.50697075,-1.45440331,-0.00602537,1.22765543,-1.67454574,-0.22557015,0.70121559,-1.64192359,0.87214413,0.04586163,0.33071442,0.31861595,0.25994535,0.18029174,-0.30049601,0.08707510,-0.22226412,-0.30017034,-0.16183149,0.06248718,-0.30344857,-0.30453165,-0.15424333,-0.25378997,-2.56854420,-0.00276236,-0.02038439,0.00618821,-0.05139089,0.99845138,-2.29142971,0.14982945,0.01811994,-2.50479774,-0.23280540,0.01844561,-2.72308826,0.07604252,0.01516738,-2.88732853,-0.12485693,0.06482598,1.42526647,1.64548862,-3.64625611,-2.45405145,3.75030522,-3.12345004,-0.96821017,-0.83264917,-2.10349274,0.42577741,3.03498507,-1.04449644
0.75935195,0.19780321,0.00819923,0.22628679,-0.22520810,1.37628652,-0.15808662,0.93295339,-1.33302414,0.12364008,0.58047674,-1.50570817,-0.02906395,1.18924584,-1.71201348,-0.21687081,0.76062913,-1.65715826,0.87214413,0.04586163,0.33071442,0.31851200,0.24497463,0.16817399,-0.29988254,0.10324322,-0.20258523,-0.29699652,-0.17569101,0.06684502,-0.30262184,-0.28626866,-0.15895950,-0.25346213,-2.55308838,0.00010237,-0.01813960,0.00373291,-0.03749182,0.99912531,-2.29618244,0.14941547,0.01862947,-2.46534138,-0.20966035,0.02151549,-2.72326679,0.07994530,0.01589016,-2.85048027,-0.13692292,0.06504987,2.66170092,1.58050191,-6.61507082,-2.18040276,3.65730553,-2.50464525,-1.16117058,-2.01371365,-1.83257668,0.43370226,2.96128225,-0.74937624
0.75359763,0.15004819,0.02139160,0.28221855,-0.15256523,1.15972134,-0.09223236,0.94344057,-1.48406413,0.08743874,0.64733109,-1.54231114,-0.05212774,1.13170667,-1.73780532,-0.20970630,0.81739085,-1.67002695,0.87214413,0.04586163,0.33071442,0.31875951,0.23021266,0.15893983,-0.29936837,0.12945548,-0.17899958,-0.29223774,-0.18931600,0.07110219,-0.30118641,-0.26565283,-0.16359269,-0.25440853,-2.53785133,0.00239439,-0.01536045,0.00199011,-0.02568694,0.99955004,-2.29977169,0.14928829,0.01939114,-2.41776981,-0.18302406,0.02652177,-2.72326145,0.08313569,0.01757309,-2.81156349,-0.14732417,0.06435097,3.34982767,0.35688540,-7.60374880,-1.76078196,3.29419518,-1.74372759,-1.14419975,-2.97502017,-1.21364305,0.34414187,2.82096195,-0.63213152
0.74146489,0.11773035,0.03136816,0.34126189,-0.07525096,0.98000186,-0.02025979,0.91613919,-1.63006234,0.05964357,0.70422190,-1.56340289,-0.07139631,1.05966496,-1.75090063,-0.20395391,0.86978513,-1.67657053,0.87214413,0.04586163,0.33071442,0.31927100,0.21627742,0.15264147,-0.29934575,0.16340962,-0.15477932,-0.28532515,-0.20289638,0.07514251,-0.29972455,-0.24384160,-0.16713100,-0.25642616,-2.52291012,0.00433813,-0.01202847,0.00106410,-0.01565674,0.99980451,-2.30195618,0.15012804,0.01992525,-2.36443043,-0.15548530,0.03394584,-2.72335243,0.08580109,0.01954645,-2.77186871,-0.15507052,0.06284484,3.63125372,-1.65921795,-7.22361755,-1.33033943,2.76916599,-0.94268554,-0.92997146,-3.69807935,-0.56577444,0.28054029,2.58460140,-0.26957989
0.72977882,0.10000579,0.04425506,0.38551510,-0.07830444,0.82830136,0.05695852,0.82861338,-1.74649599,0.03948703,0.75225409,-1.56846328,-0.08379016,0.97348384,-1.74999936,-0.20208388,0.92026274,-1.66952527,0.87214413,0.04586163,0.33071442,0.32010756,0.20292372,0.14890805,-0.29994319,0.20515558,-0.13090854,-0.27575265,-0.21794599,0.07795272,-0.29950471,-0.22032063,-0.16863397,-0.25986108,-2.50828094,0.00613824,-0.00818451,0.00025835,-0.00734170,0.99993952,-2.30319214,0.15204994,0.02016437,-2.30507011,-0.12776926,0.04435491,-2.72505856,0.08728347,0.02060286,-2.73105450,-0.15924175,0.06024648,3.86842394,-4.46185589,-5.75901566,-1.00096910,2.39524179,-0.23477552,-0.60933474,-4.32264299,0.06411124,0.08811503,2.52550840,0.36118838
0.72646834,0.09036236,0.05993543,0.41106000,-0.15353604,0.70061686,0.13556228,0.68687022,-1.81274083,0.02414306,0.79544872,-1.56098528,-0.08834098,0.87842654,-1.73542602,-0.20385987,0.97231364,-1.65690763,0.87214413,0.04586163,0.33071442,0.32130545,0.18962247,0.14679853,-0.30094953,0.25091441,-0.10880367,-0.26461928,-0.23393767,0.07987565,-0.29961316,-0.19562403,-0.16800347,-0.26486695,-2.49375725,0.00794418,-0.00406455,-0.00126165,-0.00028207,0.99999090,-2.30405350,0.15463766,0.02035591,-2.24290314,-0.10099845,0.05668617,-2.72765064,0.08794939,0.02169228,-2.68947430,-0.15995091,0.05643850,3.90649986,-7.20150261,-3.12368484,-0.75336039,2.14319296,0.40806481,-0.20089815,-4.77369299,0.77014871,-0.09832781,2.61013746,0.64198059
0.73759089,0.08725408,0.07553855,0.39024189,-0.21171982,0.61298567,0.19971471,0.52587970,-1.81636174,0.01347993,0.83267063,-1.54208350,-0.08363314,0.77801164,-1.70655951,-0.20773451,1.02597528,-1.64036627,0.87214413,0.04586163,0.33071442,0.32288450,0.17660677,0.14598191,-0.30243440,0.29276483,-0.09205038,-0.25471061,-0.25076706,0.08118066,-0.29965732,-0.17044446,-0.16499899,-0.27126234,-2.47906361,0.00984923,-0.00012727,-0.00337387,0.00588690,0.99997697,-2.30418797,0.15790050,0.02045010,-2.18523521,-0.07874756,0.06817389,-2.73076916,0.08807157,0.02322718,-2.64755344,-0.15714525,0.05162216,3.11048346,-8.01330843,0.06807952,-0.51402454,1.83444488,0.99099674,0.27469314,-5.03266335,1.50329292,-0.19566248,2.68400335,0.84410757
0.76417177,0.08913768,0.08642096,0.38446543,-0.22316827,0.59031480,0.23576232,0.39067513,-1.77305486,0.00614688,0.86490396,-1.51190853,-0.07151635,0.67734512,-1.66488757,-0.21109823,1.07908790,-1.61682405,0.87214413,0.04586163,0.33071442,0.32476881,0.16314125,0.14611164,-0.30460546,0.32437043,-0.08220737,-0.24934156,-0.26869450,0.08263328,-0.29962711,-0.14591194,-0.15992985,-0.27845659,-2.46391239,0.01195213,0.00371460,-0.00562929,0.01177995,0.99990787,-2.30425243,0.16186002,0.02016335,-2.13769836,-0.06260414,0.07542724,-2.73447590,0.08824356,0.02514170,-2.60602283,-0.15136496,0.04631221,1.61847019,-6.53858595,2.38549643,-0.35248349,1.58843124,1.57557237,0.64062760,-5.02392311,2.15168378,-0.16114603,2.64921904,1.23007954
0.80468792,0.08908253,0.09381426,0.45750370,-0.26055321,0.63478502,0.24011111,0.29091841,-1.69639182,-0.00264313,0.89814413,-1.47009456,-0.05640390,0.58522689,-1.61411452,-0.21239606,1.13049972,-1.58302295,0.87214413,0.04586163,0.33071442,0.32690638,0.14723905,0.14616671,-0.30734244,0.34662966,-0.07829564,-0.25049292,-0.28799176,0.08507853,-0.29965195,-0.12381572,-0.15351051,-0.28618035,-2.44803810,0.01425269,0.00817486,-0.00820154,0.01803610,0.99977028,-2.30614662,0.16561601,0.01956394,-2.09881878,-0.05153631,0.07641346,-2.73890114,0.08892734,0.02725443,-2.56625748,-0.14360797,0.04072603,-0.00759333,-4.74417830,4.05663729,-0.46115479,1.68369401,2.17367649,0.76818508,-4.52512980,2.59561992,-0.04775226,2.55678868,1.76615942
0.83795075,0.07462043,0.07218522,0.52995061,-0.28897380,0.70153450,0.21967275,0.23934209,-1.60483353,-0.01777125,0.93647279,-1.41976466,-0.04535366,0.52522134,-1.56575351,-0.20995587,1.17952340,-1.54940464,0.87214413,0.04586163,0.33071442,0.32879398,0.12792236,0.14465366,-0.30983239,0.35741653,-0.07816045,-0.25916270,-0.30654564,0.08927835,-0.29836845,-0.10973871,-0.14748125,-0.29395356,-2.43141994,0.01654349,0.01347455,-0.01112328,0.02502153,0.99953421,-2.31084995,0.16738012,0.01896158,-2.07055855,-0.04374483,0.06963128,-2.74202633,0.09046592,0.03042553,-2.53368816,-0.13621290,0.03484041,-1.04269116,-2.50778463,4.56913481,-0.76228203,1.92404141,2.52137351,0.54558737,-2.94028809,2.39781168,0.12286430,2.45694470,1.66213262
0.84857083,0.04647513,0.02322262,0.52761810,-0.30100648,0.71758655,0.18663624,0.23254444,-1.52249014,-0.03581614,0.97789682,-1.37008328,-0.03892379,0.50825685,-1.53584981,-0.20667246,1.23183038,-1.53120873,0.87214413,0.04586163,0.33071442,0.32985162,0.10737418,0.14217310,-0.31092250,0.35705704,-0.08073215,-0.27208611,-0.32289194,0.09412335,-0.29445048,-0.10588835,-0.14264505,-0.30090263,-2.41456203,0.01855468,0.01876985,-0.01416599,0.03217931,0.99920544,-2.31647778,0.16728895,0.01892912,-2.05308151,-0.03923149,0.05776550,-2.74280148,0.09188461,0.03540114,-2.51113338,-0.13055577,0.02894899,-1.67394078,-0.24725227,4.06891670,-0.90203067,2.06411290,2.45318971,0.30991179,-0.71776122,1.41180601,0.16832809,2.61937642,0.84948484
0.84694110,0.01633122,-0.03949052,0.46853768,-0.23135418,0.68103532,0.15180435,0.25444114,-1.46269162,-0.05306204,1.01750107,-1.33528824,-0.03668527,0.53266413,-1.53360956,-0.20050863,1.28334560,-1.53516603,0.87214413,0.04586163,0.33071442,0.32977984,0.08964731,0.13962594,-0.30979804,0.34905516,-0.08488528,-0.28497277,-0.33468132,0.09967324,-0.28793991,-0.11159403,-0.13924943,-0.30545906,-2.39769058,0.02024890,0.02354534,-0.01661634,0.03901332,0.99882304,-2.31908989,0.16637889,0.01998180,-2.04312401,-0.03743610,0.04480707,-2.73906784,0.09378737,0.04183993,-2.49820156,-0.12719999,0.02432078,-1.71531761,1.19651797,2.86098266,-0.85473303,1.97619216,1.65264695,0.09317618,1.37315575,0.00213575,0.32868019,2.55978847,-0.29877517
0.85573323,-0.00770019,-0.09873165,0.32991628,-0.05747402,0.57976452,0.12879734,0.29962044,-1.44056218,-0.06666614,1.06209304,-1.32417459,-0.03749410,0.58198457,-1.55045035,-0.18993632,1.33246775,-1.56760702,0.87214413,0.04586163,0.33071442,0.32855884,0.07399066,0.13755994,-0.30575358,0.33531586,-0.08767749,-0.29484609,-0.34061734,0.10577089,-0.27846934,-0.12362272,-0.13742816,-0.30723973,-2.38061333,0.02174048,0.02709544,-0.01739629,0.04489350,0.99847272,-2.31912575,0.16532542,0.02280526,-2.03883820,-0.03582540,0.03371275,-2.72927513,0.09685771,0.05008949,-2.49154873,-0.12611896,0.02131911,-1.05837815,2.39010801,0.85872452,-0.65134913,2.28349593,0.40597340,-0.05216530,2.56236126,-0.92297315,0.55221117,2.44814849,-1.80597638
0.88062118,-0.01900618,-0.12943518,0.11368845,0.09200975,0.43668188,0.12011661,0.36196977,-1.45413733,-0.07295473,1.10869956,-1.33086753,-0.03743847,0.63989061,-1.57264268,-0.17482606,1.36677444,-1.61091924,0.87214413,0.04586163,0.33071442,0.32666299,0.06050407,0.13667131,-0.29976462,0.31807048,-0.08847441,-0.30074614,-0.34102210,0.11154286,-0.26928785,-0.13852010,-0.13649442,-0.30718869,-2.36305809,0.02322833,0.02865761,-0.01661337,0.04941266,0.99822900,-2.31620502,0.16515994,0.02689837,-2.03786182,-0.03372724,0.02591685,-2.71335125,0.10089807,0.05737513,-2.48757076,-0.12615419,0.01947430,-0.33675981,3.22359490,-0.91192955,-0.25570214,2.32352233,-0.43785807,0.01728818,2.93298817,-1.12266541,0.78909510,1.57115924,-2.18235970
0.91479200,-0.01779081,-0.11351929,-0.10278762,0.19415785,0.31524626,0.11809464,0.42958906,-1.49103425,-0.06899407,1.14360428,-1.34563820,-0.03387859,0.69348423,-1.59000809,-0.15719886,1.37058315,-1.64795277,0.87214413,0.04586163,0.33071442,0.32495112,0.05173220,0.13748793,-0.29428455,0.30049472,-0.08956742,-0.30246622,-0.33555344,0.11598499,-0.26406206,-0.15343863,-0.13592680,-0.30618644,-2.34479141,0.02490171,0.02782993,-0.01456047,0.05254273,0.99812462,-2.30765724,0.16702914,0.03066657,-2.03660355,-0.03288789,0.02248491,-2.69059830,0.10531456,0.06088907,-2.48324165,-0.12626389,0.01876468,-0.09477890,3.37777433,-1.85520878,0.20792643,1.72656858,-0.75551598,0.18331098,2.68139195,-0.87213987,0.87874866,0.16057632,-1.86694183
0.94647427,-0.00976588,-0.08985572,-0.26508538,0.27639833,0.25045414,0.11986203,0.49680855,-1.53314912,-0.05935553,1.16502109,-1.37532570,-0.02696237,0.74740837,-1.60694320,-0.14179373,1.35126214,-1.69388630,0.87214413,0.04586163,0.33071442,0.32362287,0.04971651,0.13906647,-0.28979853,0.28316916,-0.09074381,-0.30255528,-0.32307717,0.11880867,-0.26083501,-0.16896679,-0.13526687,-0.30407651,-2.32595062,0.02684976,0.02543735,-0.01162412,0.05501655,0.99809368,-2.29172745,0.17051600,0.03382434,-2.03456154,-0.03240911,0.02106759,-2.66007538,0.10964474,0.06278786,-2.47912521,-0.12606998,0.01954636,0.09466480,3.37292700,-2.10610914,0.48923873,1.02929726,-1.54863160,0.35278824,2.69095635,-0.82310480,0.76109195,-1.04805131,-2.30935040
0.96432423,0.00367659,-0.07589391,-0.36458502,0.29150491,0.25490825,0.12292069,0.56948842,-1.57544677,-0.04883283,1.17051332,-1.43200579,-0.01811644,0.80019839,-1.61785729,-0.12953631,1.30415754,-1.74268942,0.87214413,0.04586163,0.33071442,0.32247943,0.05783425,0.14029863,-0.28616315,0.26440379,-0.09220164,-0.30196680,-0.30348103,0.12013724,-0.26003353,-0.18500872,-0.13460852,-0.30190344,-2.30679092,0.02916296,0.02204557,-0.00843256,0.05749622,0.99806667,-2.26538944,0.17515756,0.03631628,-2.03357391,-0.03218013,0.02051263,-2.62202492,0.11378696,0.06244590,-2.47518272,-0.12573017,0.02057599,0.15325497,3.66469126,-2.11597967,0.52035277,0.19845198,-2.97541652,0.44763925,2.63865972,-0.53279539,0.59972224,-2.46906404,-2.44350362
0.95477894,0.01880870,-0.07308021,-0.40181199,0.23385748,0.32852511,0.12521214,0.64595629,-1.61340306,-0.04145974,1.15680149,-1.51970572,-0.00898514,0.85152566,-1.62418220,-0.11942673,1.23022428,-1.78544040,0.87214413,0.04586163,0.33071442,0.32130297,0.07781558,0.14034463,-0.28252780,0.24471999,-0.09414988,-0.30076033,-0.27837030,0.12058234,-0.26125395,-0.20088538,-0.13412901,-0.29967421,-2.28782120,0.03185628,0.01822246,-0.00571704,0.06065007,0.99797637,-2.22753773,0.18057677,0.03877517,-2.03351631,-0.03202721,0.02054264,-2.57872429,0.11791159,0.06004902,-2.47102356,-0.12556806,0.02162876,0.10657810,3.83057547,-1.85330334,0.34294074,-0.80147261,-4.55378251,0.45407604,2.55257726,-0.28326271,0.49714956,-3.85111566,-2.07367930
0.92032633,0.03186041,-0.05561547,-0.37053381,0.13824869,0.47296863,0.12482023,0.71877748,-1.63859451,-0.04057162,1.11912084,-1.62295675,-0.00139006,0.90109086,-1.62411869,-0.11095488,1.12956238,-1.81034052,0.87214413,0.04586163,0.33071442,0.32033938,0.10728761,0.13862814,-0.27827084,0.22549219,-0.09663688,-0.29973729,-0.24939416,0.12055871,-0.26456039,-0.21659216,-0.13400324,-0.29785579,-2.26953506,0.03486860,0.01458340,-0.00388930,0.06514789,0.99776147,-2.18116379,0.18625852,0.04206854,-2.03340054,-0.03165883,0.02060209,-2.53247643,0.12201039,0.05577900,-2.46688557,-0.12613392,0.02248359,-0.04243165,3.60100126,-1.15417945,-0.00758707,-2.06578016,-5.23366880,0.36563626,2.46753192,0.05056858,0.41137975,-5.22315454,-1.09843254
0.87385955,0.03928452,-0.01671405,-0.32160033,0.01092410,0.65962042,0.11962031,0.78480418,-1.64279368,-0.05121005,1.03609971,-1.72811480,0.00687461,0.95113569,-1.62117643,-0.10602233,1.00400212,-1.80644433,0.87214413,0.04586163,0.33071442,0.32014962,0.14818034,0.13416681,-0.27238950,0.20655885,-0.10007338,-0.29980784,-0.21758147,0.11976140,-0.27007700,-0.23201359,-0.13351542,-0.29627657,-2.25232353,0.03814574,0.01139212,-0.00343856,0.07168334,0.99735645,-2.12483864,0.19211245,0.04776012,-2.03358307,-0.03138013,0.02034179,-2.48478718,0.12558225,0.05007262,-2.46287422,-0.12715725,0.02387306,-0.26662381,3.28893161,-0.18077800,-0.54531323,-4.24711609,-5.21382771,0.41767809,2.49907613,0.15481995,0.23956481,-6.28540087,0.22682761
0.83663149,0.04135462,0.01891800,-0.26491868,-0.11313648,0.83813637,0.10968910,0.84070187,-1.62731297,-0.06893923,0.88911978,-1.79419975,0.01859060,0.99826068,-1.61372623,-0.10585759,0.87546558,-1.78062770,0.87214413,0.04586163,0.33071442,0.32067102,0.19797100,0.12817510,-0.26682439,0.18842538,-0.10446945,-0.30102849,-0.18659521,0.11782344,-0.27623280,-0.24656996,-0.13180401,-0.29563960,-2.23590660,0.04161233,0.00865679,-0.00423330,0.07997565,0.99675024,-2.06089249,0.19969912,0.05384664,-2.03324051,-0.03149338,0.01964253,-2.43889408,0.12819303,0.04443823,-2.45832024,-0.12780202,0.02503142,-0.51073450,2.75560975,0.82493157,-0.89040629,-7.50828457,-3.13388724,0.59808939,2.34287724,0.37905261,-0.00412658,-6.41964731,1.34994498
0.81340348,0.03676259,0.04639387,-0.19992585,-0.17863139,0.93528067,0.09650185,0.88445070,-1.59799650,-0.08241189,0.70311728,-1.79917035,0.03420766,1.04528871,-1.60644550,-0.10983034,0.74788853,-1.73320718,0.87214413,0.04586163,0.33071442,0.32176744,0.24840444,0.12367727,-0.26149569,0.17184337,-0.10946240,-0.30294664,-0.15703851,0.11487883,-0.28304764,-0.26060878,-0.12869561,-0.29508261,-2.22000389,0.04520796,0.00651278,-0.00574075,0.08928168,0.99596858,-1.99754429,0.21107707,0.06027175,-2.03143749,-0.03195987,0.01882080,-2.39496422,0.13033799,0.03871980,-2.45358124,-0.12776926,0.02668482,-0.66357507,2.14450176,1.50238883,-0.62317367,-9.37177353,0.02189260,0.79528357,2.37717519,0.34925649,-0.21528589,-6.38361559,2.46883802
0.79410111,0.02561112,0.07001171,-0.12102275,-0.22867057,0.89446647,0.08382507,0.92042460,-1.56108234,-0.08361046,0.51799030,-1.74611945,0.05131768,1.09261503,-1.59115133,-0.11845791,0.61883160,-1.66350241,0.87214413,0.04586163,0.33071442,0.32337619,0.29289212,0.12259115,-0.25747394,0.15622540,-0.11398665,-0.30507017,-0.12788354,0.11071793,-0.29080783,-0.27584271,-0.12480815,-0.29522236,-2.20450554,0.04880616,0.00505859,-0.00778292,0.09829857,0.99511368,-1.94124699,0.22631480,0.06590225,-2.02900333,-0.03242382,0.01830602,-2.35157394,0.13237377,0.03256836,-2.45061035,-0.12754207,0.02815383,-0.62452193,1.76388562,1.88511932,0.01235318,-9.17594414,2.96233730,0.85600001,2.34352517,0.85962295,-0.46127806,-6.46288157,3.61026883
0.78133092,0.01137440,0.07840034,-0.07325741,-0.28257774,0.69932549,0.07545064,0.95011449,-1.51939511,-0.07479399,0.36028123,-1.65090954,0.06825874,1.13940763,-1.56813455,-0.12935260,0.50469524,-1.58630323,0.87214413,0.04586163,0.33071442,0.32525638,0.32861757,0.12399080,-0.25689010,0.14159733,-0.11704485,-0.30733491,-0.10197347,0.10598196,-0.29810848,-0.29203367,-0.12079138,-0.29571779,-2.18927860,0.05230816,0.00405981,-0.01040661,0.10557514,0.99434859,-1.89401150,0.24252003,0.06836627,-2.02626610,-0.03240445,0.01792146,-2.31122780,0.13452226,0.02714790,-2.44944859,-0.12709586,0.02953859,-0.38035643,1.43905866,2.11238623,0.50483286,-7.65147638,5.02718878,0.84511393,2.34568810,1.18060815,-0.55245590,-5.55259418,3.87238717
0.78574501,0.00306995,0.07342966,-0.11982873,-0.30194421,0.38810275,0.07366467,0.97540520,-1.47703359,-0.06025858,0.25757629,-1.53900495,0.08284907,1.18295205,-1.54000595,-0.13529691,0.43080596,-1.52235212,0.87214413,0.04586163,0.33071442,0.32715634,0.35048655,0.12641211,-0.26230547,0.12784335,-0.11849642,-0.30931181,-0.08516532,0.10247134,-0.30411513,-0.30827446,-0.11784719,-0.29569540,-2.17400246,0.05577487,0.00261721,-0.01327504,0.10954709,0.99388951,-1.85945530,0.25547698,0.06485087,-2.02342281,-0.03203796,0.01784453,-2.27943859,0.13724099,0.02304121,-2.44921570,-0.12637554,0.03146094,-0.07852005,1.26731431,2.10923336,0.73652347,-5.07097554,5.58512688,0.72196937,2.17748165,1.40762603,-0.28258375,-3.63831472,3.17273116
0.79485716,0.00218008,0.04723256,-0.23068940,-0.26721197,0.07970414,0.07885427,1.00181485,-1.44056737,-0.03922867,0.19899822,-1.43638597,0.09283572,1.22624462,-1.51271369,-0.13159086,0.39790676,-1.48053112,0.87214413,0.04586163,0.33071442,0.32863971,0.36116243,0.13012137,-0.27126630,0.11417211,-0.11850047,-0.31029733,-0.07820101,0.10130273,-0.30915010,-0.32467415,-0.11691088,-0.29375382,-2.15855179,0.05930468,0.00010506,-0.01569962,0.11053366,0.99374837,-1.83481998,0.26562383,0.05737341,-2.02112637,-0.03120436,0.01834238,-2.25710583,0.14094256,0.01948961,-2.44959106,-0.12610729,0.03488589,0.27534429,1.31777847,1.80857122,1.06767603,-2.80899076,5.08860493,0.49103099,2.16080475,1.35026824,0.20864778,-1.51580414,1.99386964
0.80584033,0.00145287,-0.00682781,-0.31498667,-0.23397684,-0.15612813,0.08845431,1.02943664,-1.41134961,-0.01469267,0.18284987,-1.35639048,0.09994926,1.26837311,-1.49689052,-0.12145080,0.41216168,-1.47790649,0.87214413,0.04586163,0.33071442,0.32916440,0.36096121,0.13469473,-0.28232964,0.10098504,-0.11772166,-0.31009739,-0.08161961,0.10197943,-0.31164967,-0.33868096,-0.11737416,-0.28967923,-2.14285679,0.06283540,-0.00326896,-0.01770041,0.10918738,0.99385820,-1.81978531,0.27274131,0.04683476,-2.01870594,-0.03013199,0.01906701,-2.24468441,0.14464433,0.01751474,-2.44794369,-0.12532270,0.03948517,0.49237764,1.39861810,1.41788280,1.22949967,-0.62294497,3.85822644,0.34354919,2.10243130,0.70515626,0.52465219,0.92597574,-0.06637141
0.82494609,-0.00518576,-0.07218017,-0.29744891,-0.16716628,-0.27750095,0.09974475,1.06296983,-1.39341052,0.00628885,0.20876791,-1.31452007,0.10418060,1.31352262,-1.51400640,-0.10892052,0.46601245,-1.50812504,0.87214413,0.04586163,0.33071442,0.32846645,0.35055798,0.13873952,-0.29302140,0.08773256,-0.11646690,-0.30806770,-0.09381918,0.10384291,-0.31175713,-0.34684499,-0.11874610,-0.28233020,-2.12672672,0.06624295,-0.00652324,-0.01911549,0.10657409,0.99409960,-1.81361046,0.27623762,0.03544505,-2.01626987,-0.02894542,0.02039874,-2.24045162,0.14780296,0.01670931,-2.44045887,-0.12342577,0.04613624,0.56905053,1.71824443,0.82717316,1.01083174,1.53209289,1.85381684,0.19487239,2.29167919,-1.09918204,0.63276666,2.87526705,-1.64175643
0.85197850,-0.02390996,-0.13061830,-0.17446934,0.01222678,-0.28500864,0.11016560,1.11106431,-1.40371382,0.01619469,0.27194074,-1.32137012,0.10205692,1.35675228,-1.57097304,-0.09616076,0.53929126,-1.55175340,0.87214413,0.04586163,0.33071442,0.32663825,0.33196759,0.14052142,-0.30089122,0.07492670,-0.11500620,-0.30229819,-0.11101188,0.10680808,-0.30992454,-0.34666408,-0.12113738,-0.27200294,-2.10996151,0.06931861,-0.00851890,-0.01904158,0.10376489,0.99438307,-1.81423473,0.27546036,0.02574703,-2.01286888,-0.02770437,0.02434006,-2.24066353,0.15085746,0.01671371,-2.42407608,-0.12089781,0.05463532,0.51008195,2.52954459,-0.76269859,0.40365735,3.41309381,-0.70985550,-0.16138671,2.12518215,-3.12514520,0.63715649,3.76685667,-2.25010157
0.87592001,-0.05769295,-0.15407936,0.02269816,0.32390526,-0.27288642,0.11379306,1.14626243,-1.42890620,0.01879983,0.35408438,-1.36714919,0.08499323,1.36335742,-1.63209684,-0.08331563,0.61115860,-1.58683667,0.87214413,0.04586163,0.33071442,0.32410963,0.30956242,0.14185173,-0.30420640,0.06766642,-0.11398436,-0.29719455,-0.13006515,0.11140421,-0.30695684,-0.33751637,-0.12543485,-0.26423541,-2.09248695,0.07169755,-0.00807191,-0.01591142,0.10107876,0.99471843,-1.81784439,0.27299899,0.01990323,-2.00324688,-0.02631974,0.02691508,-2.24232693,0.15461813,0.01715279,-2.39781742,-0.11915451,0.05987422,0.16994350,1.69231939,-1.24142064,0.13084691,4.10365152,-2.30725331,-0.87051706,0.27418323,-3.06721807,0.64261065,3.57428575,-1.73261964
0.88829356,-0.09528487,-0.13715870,0.19528247,0.63255040,-0.30805926,0.11003399,1.14277351,-1.46158800,0.02137060,0.43179472,-1.42010252,0.05697790,1.32994444,-1.69537632,-0.07053807,0.66899778,-1.60537982,0.87214413,0.04586163,0.33071442,0.32168742,0.28789333,0.14455955,-0.30500573,0.07187874,-0.11346231,-0.29657995,-0.14831456,0.11715732,-0.30361768,-0.31940646,-0.13101423,-0.25887006,-2.07465019,0.07331786,-0.00563809,-0.00990250,0.09807596,0.99511369,-1.82054100,0.27132937,0.01668169,-1.98199253,-0.02391797,0.02510746,-2.24299297,0.15924664,0.01806974,-2.36231136,-0.11756500,0.06281736,-0.20466952,-0.22338436,-1.79997526,0.12524413,3.85883522,-2.62790799,-1.42361937,-1.79045954,-3.13038945,0.63643086,2.84708095,-0.86947480
0.90003329,-0.12923771,-0.09362714,0.31675491,0.75721549,-0.38977935,0.10347012,1.12109504,-1.54622164,0.02253484,0.49841688,-1.46367240,0.02475640,1.26355155,-1.74456968,-0.05971707,0.71525329,-1.60810809,0.87214413,0.04586163,0.33071442,0.31986582,0.26825487,0.14765736,-0.30528852,0.09078452,-0.11318854,-0.29380786,-0.16569135,0.12302647,-0.30082111,-0.29662493,-0.13682606,-0.25623963,-2.05651016,0.07420847,-0.00185276,-0.00267442,0.09428010,0.99554040,-1.82074471,0.26960043,0.01457731,-1.94609070,-0.01992451,0.02605796,-2.24235153,0.16394208,0.01904472,-2.32217464,-0.11587073,0.06362619,-0.32280955,-1.16794243,-4.41942892,0.05073505,3.27358909,-2.12417634,-1.60743136,-3.40982270,-2.38597574,0.52637902,2.28669467,-0.09362983
0.92084401,-0.15533939,-0.05411994,0.40548624,0.66395417,-0.48197570,0.09885263,1.07366791,-1.65699153,0.02084472,0.55579122,-1.49646368,-0.00388106,1.18386104,-1.77838907,-0.05404313,0.76093637,-1.60545278,0.87214413,0.04586163,0.33071442,0.31857883,0.25100602,0.15023105,-0.30518656,0.12135369,-0.11228673,-0.28869503,-0.18311823,0.12773250,-0.29832939,-0.27314467,-0.14146553,-0.25529601,-2.03790131,0.07450619,0.00271953,0.00374234,0.08958967,0.99596802,-1.81773911,0.26712497,0.01339226,-1.89845505,-0.01431818,0.02988380,-2.24087715,0.16750450,0.02024944,-2.28141117,-0.11343915,0.06328282,-0.21679471,-2.54482391,-5.61210918,-0.10557272,2.83375754,-1.58609521,-1.39967585,-4.02732320,-1.61092176,0.24689732,2.30451016,0.14381789
0.93013477,-0.17276391,-0.01242744,0.49127465,0.46903752,-0.59015572,0.09636667,0.99139047,-1.76589477,0.01648597,0.60986727,-1.52002645,-0.02530259,1.09478390,-1.79860973,-0.05422141,0.81325680,-1.60576916,0.87214413,0.04586163,0.33071442,0.31789738,0.23501291,0.15223872,-0.30468814,0.15989953,-0.11089295,-0.28121220,-0.20095319,0.13099271,-0.29542184,-0.24877878,-0.14408161,-0.25628780,-2.01901627,0.07428727,0.00796416,0.00824878,0.08386832,0.99641088,-1.81278229,0.26369488,0.01320924,-1.84281921,-0.00829424,0.03668518,-2.23905087,0.16981763,0.02247554,-2.24018669,-0.10938101,0.06160958,-0.11002242,-4.37564135,-5.38968754,-0.23409022,2.68829918,-1.11258745,-1.01501584,-4.52632427,-0.91506952,-0.04903659,2.67221665,-0.05106210
0.91686350,-0.18034946,0.03883214,0.54941112,0.26620093,-0.70373710,0.09015931,0.85353942,-1.83852251,0.01241165,0.66584724,-1.53167739,-0.03760663,0.98712399,-1.79898353,-0.05855848,0.87060106,-1.60958383,0.87214413,0.04586163,0.33071442,0.31820098,0.21840085,0.15456653,-0.30404912,0.20512768,-0.11080494,-0.27204284,-0.21831405,0.13325081,-0.29194513,-0.22145306,-0.14429706,-0.26019598,-2.00031891,0.07353330,0.01372473,0.01044071,0.07690621,0.99688919,-1.80826015,0.25982119,0.01415186,-1.78060207,-0.00443857,0.04615815,-2.23651428,0.17165847,0.02625585,-2.19697151,-0.10307603,0.05800501,-0.31602349,-6.95604134,-3.55983045,-0.20049056,2.80404758,-0.56527514,-0.60503445,-5.40421152,0.01152134,-0.21928989,2.86864519,-0.18105267
0.89628771,-0.18140101,0.08198498,0.54863738,0.03676340,-0.78753547,0.07950115,0.67882926,-1.85945985,0.01070612,0.72492989,-1.53079190,-0.04291559,0.86821239,-1.77843232,-0.06423251,0.92834444,-1.60648339,0.87214413,0.04586163,0.33071442,0.31932957,0.20034760,0.15745567,-0.30342129,0.25180113,-0.11204213,-0.26219288,-0.23558784,0.13488262,-0.28954898,-0.19252126,-0.14279704,-0.26620194,-1.98200951,0.07238099,0.01934508,0.01042158,0.06914596,0.99736452,-1.80537319,0.25604116,0.01590828,-1.71712856,-0.00374609,0.05713669,-2.23399315,0.17337206,0.02978059,-2.15292282,-0.09567873,0.05312763,-0.54913890,-8.78665237,-0.88774388,-0.07771596,2.95991182,0.08327865,-0.24633406,-5.95201445,1.08575526,-0.28488913,2.88399744,0.17576836
0.87988580,-0.17921250,0.10818904,0.49751701,-0.22511267,-0.82304796,0.06191377,0.49790068,-1.82657290,0.01100168,0.78372649,-1.51612558,-0.04146270,0.75063229,-1.73897653,-0.07057092,0.98685901,-1.59992092,0.87214413,0.04586163,0.33071442,0.32104971,0.18158599,0.16051610,-0.30284374,0.29524575,-0.11501788,-0.25284097,-0.25223237,0.13582769,-0.28801174,-0.16419936,-0.13980146,-0.27366024,-1.96404400,0.07090148,0.02431697,0.00787576,0.06103893,0.99780805,-1.80343456,0.25240493,0.01820597,-1.65695553,-0.00717436,0.06820874,-2.23098450,0.17488754,0.03303797,-2.10992851,-0.08791787,0.04738946,-0.91619949,-9.00632286,1.86434398,0.01966860,2.92541003,0.79311560,0.10203511,-5.85281992,2.04544525,-0.32118878,2.93978310,0.32125136
0.87506899,-0.17434536,0.11112008,0.40269041,-0.39778930,-0.78931360,0.03750530,0.34313138,-1.75384326,0.01244171,0.83565582,-1.48733435,-0.03360331,0.63895350,-1.68436542,-0.07833215,1.04996915,-1.59464419,0.87214413,0.04586163,0.33071442,0.32299175,0.16330819,0.16335119,-0.30281854,0.33101211,-0.11946523,-0.24625391,-0.26898284,0.13575698,-0.28632338,-0.13725483,-0.13546413,-0.28187002,-1.94624233,0.06919722,0.02828890,0.00360361,0.05323097,0.99817494,-1.80125484,0.24900769,0.02017321,-1.60439205,-0.01434525,0.07673784,-2.22815056,0.17554324,0.03666836,-2.06829376,-0.08011074,0.04112173,-1.25180368,-7.51697769,3.81491227,0.07855563,2.54221320,1.52101126,0.42764391,-5.55111074,2.80945277,-0.39802128,3.18740749,0.25785111
0.88699206,-0.16402490,0.10507651,0.32185894,-0.47703712,-0.67690266,0.00779821,0.22114497,-1.64817810,0.01540429,0.87860799,-1.44308698,-0.02101961,0.53295171,-1.61716330,-0.08876933,1.12089360,-1.58930969,0.87214413,0.04586163,0.33071442,0.32497999,0.14512992,0.16622727,-0.30375679,0.35890546,-0.12491453,-0.24529016,-0.28740267,0.13447207,-0.28384918,-0.11166536,-0.13006737,-0.29034171,-1.92830563,0.06744862,0.03138239,-0.00143666,0.04644533,0.99842672,-1.79920197,0.24640796,0.02122320,-1.55937004,-0.02367385,0.07968983,-2.22693157,0.17471266,0.04113081,-2.02743912,-0.07240569,0.03463829,-1.52265084,-5.88223410,5.52339745,0.16007712,2.08496332,2.32620454,0.65909058,-5.25973272,3.44656682,-0.54363859,3.60841489,0.27029514
0.89790048,-0.15307166,0.08513778,0.31040634,-0.56147853,-0.44363370,-0.01703633,0.15406177,-1.52269101,0.01872228,0.91403320,-1.38630536,-0.00919085,0.46309397,-1.55634832,-0.10030168,1.19203100,-1.57220552,0.87214413,0.04586163,0.33071442,0.32681563,0.12693385,0.16916104,-0.30489058,0.37380496,-0.12896449,-0.25437492,-0.30736715,0.13286767,-0.28171256,-0.09415524,-0.12483608,-0.29837679,-1.91017647,0.06578963,0.03421194,-0.00732494,0.04212128,0.99849972,-1.79783382,0.24497330,0.02192505,-1.52689590,-0.03146263,0.07244071,-2.22757835,0.17248744,0.04510307,-1.99356213,-0.06648316,0.02843885,-1.23276477,-3.26256728,6.25392675,0.16461241,1.76702774,2.84323573,0.58949187,-3.41126647,3.00161772,-0.57411913,3.54557395,0.86588569
0.90453670,-0.15458352,0.02135359,0.33481136,-0.54495644,-0.24884568,-0.03519401,0.14526291,-1.41766758,0.02190782,0.94610846,-1.32781103,0.00128348,0.45142308,-1.52782602,-0.11022096,1.25518489,-1.55436866,0.87214413,0.04586163,0.33071442,0.32759938,0.10881689,0.17214775,-0.30513308,0.37397598,-0.13135050,-0.26948895,-0.32513037,0.13193788,-0.27902555,-0.09002019,-0.11971553,-0.30519087,-1.89192238,0.06410555,0.03729200,-0.01302105,0.03973097,0.99842937,-1.79693661,0.24425457,0.02246629,-1.50879974,-0.03752136,0.05811043,-2.22639580,0.17014748,0.04857382,-1.97227993,-0.06229899,0.02240851,-0.88592451,-0.31506231,5.14867086,0.16438813,1.59142673,2.92106986,0.51990362,-0.40977893,1.29884290,-0.49232428,3.13433909,0.84578418
0.91461867,-0.16199069,-0.04490870,0.33447166,-0.42088125,-0.20644593,-0.04333237,0.17331681,-1.35518141,0.02756389,0.97517402,-1.27445173,0.01178980,0.49360402,-1.54217784,-0.11841243,1.30832138,-1.55473180,0.87214413,0.04586163,0.33071442,0.32725040,0.09153071,0.17584884,-0.30390365,0.36477884,-0.13124502,-0.28376744,-0.33687911,0.13162703,-0.27468880,-0.09796092,-0.11464102,-0.30891542,-1.87343788,0.06232593,0.04045233,-0.01759601,0.03781400,0.99831062,-1.79519482,0.24447617,0.02334675,-1.49993343,-0.04151665,0.04348297,-2.21914768,0.16861771,0.05256160,-1.96263084,-0.05926157,0.01833498,-0.35064450,1.52146065,2.90393686,0.29728676,1.44785345,2.62390685,0.53326181,2.30003409,-0.89178794,-0.39957482,2.60336041,-0.10803937
0.93327520,-0.16846065,-0.11557720,0.23651195,-0.15859690,-0.32982497,-0.03490696,0.22759254,-1.35143647,0.03734534,1.00482295,-1.23592710,0.02442270,0.56152804,-1.58107569,-0.12345492,1.34740605,-1.57556591,0.87214413,0.04586163,0.33071442,0.32561031,0.07520992,0.18015336,-0.30070621,0.35014550,-0.12689911,-0.29320896,-0.34182566,0.13179837,-0.26901445,-0.11233513,-0.10959563,-0.30938867,-1.85456429,0.06044902,0.04282730,-0.01973113,0.03473905,0.99828338,-1.79172878,0.24528263,0.02490410,-1.49662800,-0.04244349,0.03240135,-2.20453167,0.16879303,0.05659586,-1.95921860,-0.05650336,0.01622164,0.53063519,2.85723891,-0.17979379,0.51584310,1.49370420,1.82194219,0.64496474,3.46264434,-2.01615570,-0.23063339,1.86717925,-1.15653266
0.96428767,-0.16876091,-0.16616517,0.06792305,0.16815344,-0.54909363,-0.00894612,0.30447432,-1.40012515,0.05271761,1.02845109,-1.21051788,0.04018389,0.63654077,-1.63093817,-0.12546474,1.36737680,-1.61491990,0.87214413,0.04586163,0.33071442,0.32291749,0.06147277,0.18516905,-0.29687051,0.33115666,-0.11830702,-0.29810722,-0.33955986,0.13198434,-0.26288936,-0.12924834,-0.10481145,-0.30655542,-1.83509636,0.05850102,0.04368662,-0.01876899,0.02950424,0.99843312,-1.78433895,0.24688935,0.02604698,-1.49770260,-0.04062887,0.02481027,-2.18166351,0.17080405,0.06002814,-1.95812416,-0.05354688,0.01636207,1.41871357,3.99842334,-2.77524924,0.81113595,1.11557007,1.19145143,0.81268245,3.78830171,-2.56713843,-0.08090972,0.85092539,-2.09548473
0.99874743,-0.15693650,-0.16096304,-0.10734973,0.35879196,-0.73788423,0.02612666,0.39454739,-1.48231132,0.07028897,1.04816272,-1.21245706,0.05853486,0.70585003,-1.67265394,-0.12353040,1.35734057,-1.66881216,0.87214413,0.04586163,0.33071442,0.32009601,0.05332433,0.18950379,-0.29240496,0.31017580,-0.10858441,-0.29807735,-0.32798739,0.13208251,-0.25832089,-0.14635032,-0.10045853,-0.30264349,-1.81492691,0.05650578,0.04262188,-0.01551405,0.02203452,0.99872778,-1.76974564,0.24811429,0.02769105,-1.50039616,-0.03873082,0.02201866,-2.14825668,0.17445822,0.06177512,-1.95685272,-0.05011222,0.01745252,1.76033652,4.50564079,-4.11654854,0.86977159,0.98589414,-0.15218924,0.91869559,3.45596600,-2.06501482,0.10464566,-0.54721353,-2.70015311
1.01829387,-0.13778856,-0.14477753,-0.25045504,0.47454157,-0.83306011,0.06504788,0.48609858,-1.56690657,0.07947056,1.07043321,-1.26028025,0.07693502,0.76788473,-1.69983604,-0.11538751,1.31509013,-1.72281950,0.87214413,0.04586163,0.33071442,0.31746259,0.05343307,0.19006144,-0.28730316,0.28891836,-0.09912680,-0.29620299,-0.30913241,0.13291928,-0.25603170,-0.16338215,-0.09683525,-0.29924455,-1.79443703,0.05452417,0.04015371,-0.01113566,0.01356731,0.99903934,-1.74600601,0.24592135,0.03015943,-1.50301876,-0.03699270,0.02125960,-2.10694847,0.17929185,0.06143090,-1.95522385,-0.04656190,0.01821805,1.95105903,4.58240242,-4.21765423,0.41916389,1.13755122,-2.57384770,0.91476421,3.07647276,-1.31763544,0.42958686,-2.20765383,-2.67381454
1.00839841,-0.11694174,-0.13990950,-0.32967696,0.56569835,-0.81699069,0.10381820,0.57755893,-1.64405999,0.07379768,1.09826424,-1.37170000,0.09270896,0.81926248,-1.71377451,-0.10041625,1.24089994,-1.76430640,0.87214413,0.04586163,0.33071442,0.31476238,0.06459861,0.18517416,-0.28034782,0.26725064,-0.09068674,-0.29385449,-0.28537936,0.13501189,-0.25576450,-0.17932712,-0.09435107,-0.29625244,-1.77416668,0.05259316,0.03687155,-0.00583985,0.00516492,0.99928960,-1.71140308,0.23839731,0.03441456,-1.50603199,-0.03544534,0.02090788,-2.06086769,0.18477530,0.05899788,-1.95255165,-0.04352730,0.01850993,1.92701070,4.56242218,-3.80746922,-0.35235686,1.39910305,-5.84157629,0.77292174,2.51284194,-0.64742656,0.77196145,-3.83864298,-2.00224526
0.96622762,-0.10069572,-0.11344590,-0.40161344,0.51844491,-0.71148217,0.13513528,0.66409122,-1.70115018,0.05178197,1.11665146,-1.52653913,0.10565417,0.85988462,-1.71611760,-0.08185430,1.14374266,-1.78659678,0.87214413,0.04586163,0.33071442,0.31232202,0.08715632,0.17511723,-0.27216333,0.24595711,-0.08483933,-0.29221639,-0.25919291,0.13772344,-0.25735235,-0.19348403,-0.09292783,-0.29407946,-1.75472851,0.05065134,0.03293829,-0.00078714,-0.00226187,0.99945452,-1.66677227,0.22536816,0.04015869,-1.50916195,-0.03531190,0.02010563,-2.01328888,0.18955866,0.05496967,-1.94863548,-0.04139069,0.01824256,1.50282624,4.28792877,-2.70407844,-1.19550122,0.81737130,-7.90556135,0.63474828,1.97959599,-0.05069732,0.94060588,-4.95840130,-0.99465315
0.91144658,-0.09132877,-0.05007874,-0.45580055,0.31751476,-0.52905903,0.15492868,0.74149847,-1.72974885,0.00822030,1.09167087,-1.67757237,0.11576669,0.89726508,-1.70913792,-0.06351912,1.03184593,-1.78824413,0.87214413,0.04586163,0.33071442,0.31094262,0.12071350,0.15964526,-0.26689501,0.22582499,-0.08214482,-0.29208115,-0.23144649,0.14015791,-0.26097220,-0.20693638,-0.09251303,-0.29320319,-1.73637772,0.04861420,0.02843652,0.00249494,-0.00793078,0.99956102,-1.61317062,0.20634300,0.04404761,-1.51187134,-0.03706885,0.01886147,-1.96559334,0.19239151,0.04997042,-1.94474220,-0.04063582,0.01773943,0.90594733,3.79845476,-1.22023332,-2.34618497,-1.63171279,-7.43179989,0.48355532,1.86236131,0.40898320,0.90823704,-5.69196177,0.06412983
0.86860464,-0.08797639,0.02877737,-0.47714531,0.09018632,-0.30765780,0.16526721,0.80681492,-1.72996895,-0.05844157,0.99847220,-1.81634140,0.12348813,0.93635179,-1.69423902,-0.05135205,0.91336974,-1.77066016,0.87214413,0.04586163,0.33071442,0.31126025,0.16755960,0.13911855,-0.26030907,0.20734901,-0.08161628,-0.29342653,-0.20281475,0.14083501,-0.26614139,-0.22065462,-0.09281801,-0.29368055,-1.71902828,0.04645131,0.02367137,0.00332041,-0.01110426,0.99965261,-1.54844265,0.18184234,0.05095118,-1.51352882,-0.03971597,0.01783372,-1.91868916,0.19172298,0.04511886,-1.94167538,-0.04148000,0.01757970,0.50836479,3.24829435,0.01929331,-3.35868373,-4.77652283,-6.85874557,0.38799599,1.95884790,0.74560398,0.59839959,-5.92463036,0.90226786
0.84120945,-0.09396204,0.10746585,-0.47667469,-0.09453560,-0.14053096,0.16965876,0.86117493,-1.71128013,-0.13520747,0.83254102,-1.89008408,0.13279632,0.97856888,-1.67732174,-0.04617847,0.79457124,-1.73652902,0.87214413,0.04586163,0.33071442,0.31317756,0.21982736,0.11756379,-0.25443090,0.19027017,-0.08241328,-0.29568683,-0.17445861,0.13963754,-0.27239249,-0.23466982,-0.09272859,-0.29456789,-1.70222721,0.04408916,0.01890973,0.00237552,-0.01256201,0.99973945,-1.47952633,0.15611429,0.05874666,-1.51407928,-0.04306039,0.01749072,-1.87313633,0.18804930,0.04078507,-1.93914433,-0.04273708,0.01860967,0.20291410,2.69607544,0.97203676,-3.81138377,-8.44093628,-3.43539729,0.47165696,2.11959600,0.86275145,0.23851306,-5.93904114,1.75668089
0.82730910,-0.11199902,0.15315690,-0.42283989,-0.25257446,-0.10914127,0.16825613,0.90686293,-1.68014684,-0.19603701,0.64159596,-1.87990012,0.14307821,1.02226396,-1.64997873,-0.04844188,0.67609811,-1.68453186,0.87214413,0.04586163,0.33071442,0.31611043,0.26723234,0.10090580,-0.25066427,0.17431474,-0.08446591,-0.29822848,-0.14643537,0.13658462,-0.27984039,-0.25014962,-0.09195776,-0.29686631,-1.68573055,0.04135135,0.01464416,-0.00009466,-0.01359468,0.99980034,-1.41585369,0.13495468,0.06544616,-1.51377659,-0.04782238,0.01788194,-1.82839851,0.18186657,0.03627004,-1.93828773,-0.04377169,0.01924412,-0.09474616,2.24152913,1.60591781,-2.93593435,-9.50863571,0.84499173,0.51133704,2.18205070,1.43763249,-0.14720830,-5.92216911,2.67827067
0.82490963,-0.13563243,0.16952291,-0.35909510,-0.34996154,-0.20963466,0.16413309,0.94405854,-1.63939595,-0.23166890,0.47024558,-1.80853124,0.15242195,1.06626177,-1.61030664,-0.05767329,0.56497538,-1.62058241,0.87214413,0.04586163,0.33071442,0.31951768,0.30595161,0.09024642,-0.25013953,0.15936955,-0.08690527,-0.30107136,-0.12005966,0.13180277,-0.28770032,-0.26758574,-0.09099318,-0.30026599,-1.66934681,0.03811381,0.01104000,-0.00359245,-0.01549318,0.99981257,-1.36073971,0.11881365,0.06937815,-1.51275349,-0.05369965,0.01844632,-1.78525467,0.17358210,0.03181736,-1.93962975,-0.04452410,0.01925169,-0.20874111,1.81772723,2.08446691,-1.63516073,-8.41018906,3.84449959,0.46056244,2.20562124,2.03641317,-0.49721298,-5.48411942,3.23858190
0.83836117,-0.15400671,0.16148220,-0.32151987,-0.34699823,-0.39741766,0.16046402,0.97429729,-1.59353852,-0.24100557,0.34238458,-1.71027982,0.16081992,1.11111784,-1.57071555,-0.06953141,0.47786993,-1.56001937,0.87214413,0.04586163,0.33071442,0.32294637,0.33411105,0.08522204,-0.25332135,0.14509873,-0.08908527,-0.30404307,-0.09915633,0.12636006,-0.29451346,-0.28558413,-0.09033140,-0.30252317,-1.65279388,0.03440695,0.00781710,-0.00717616,-0.01914048,0.99976049,-1.31565762,0.10674040,0.06962502,-1.51122189,-0.06018267,0.01890330,-1.74702644,0.16448027,0.02843291,-1.94163513,-0.04489493,0.02042320,-0.17761944,1.46339524,2.32047534,-0.27709812,-6.03682089,5.04336786,0.41375306,2.24852085,1.95234048,-0.60135168,-4.15110826,2.97373271
0.85629673,-0.15688111,0.12909992,-0.29402886,-0.34641046,-0.56466157,0.15666553,0.99964757,-1.54857030,-0.22757876,0.27259758,-1.61749282,0.16653025,1.15731027,-1.53934453,-0.07986185,0.42773297,-1.51728709,0.87214413,0.04586163,0.33071442,0.32588007,0.34922185,0.08527129,-0.25961725,0.13185509,-0.09131701,-0.30631149,-0.08659746,0.12143691,-0.29974286,-0.30268630,-0.09066300,-0.30253940,-1.63591022,0.03040284,0.00489997,-0.01074356,-0.02470020,0.99962516,-1.28289566,0.09828370,0.06626282,-1.50873680,-0.06732884,0.01956858,-1.71639061,0.15597731,0.02613721,-1.94271317,-0.04516656,0.02334067,-0.19167386,1.25641311,2.25105424,0.69184110,-3.42739370,4.62444696,0.28008232,2.30289440,1.56399953,-0.51073530,-2.46086326,2.11454628
0.86884502,-0.14472145,0.08087867,-0.28736146,-0.31269012,-0.67449743,0.15160779,1.01873012,-1.50343180,-0.20149037,0.24276875,-1.53727441,0.16801055,1.19932435,-1.51302516,-0.08597508,0.40958109,-1.49160502,0.87214413,0.04586163,0.33071442,0.32802011,0.35469568,0.08848677,-0.26837349,0.11989795,-0.09401865,-0.30834848,-0.08171650,0.11776574,-0.30431919,-0.31786602,-0.09237935,-0.30132662,-1.61881084,0.02641146,0.00202514,-0.01400561,-0.03135816,0.99940803,-1.25926094,0.09246299,0.05964662,-1.50504990,-0.07494667,0.01967163,-1.69297523,0.14907360,0.02370092,-1.94184799,-0.04583640,0.02669350,-0.25673209,0.94695491,2.24541221,1.32853272,-1.40164008,3.95974865,0.05888700,2.09255505,1.28820841,-0.29242156,-0.81766419,1.22394123
0.87788193,-0.12320933,0.02490096,-0.28017370,-0.23609252,-0.71645918,0.14548776,1.03693502,-1.46290698,-0.16894403,0.24157990,-1.47467673,0.16413275,1.23890781,-1.49727452,-0.08739939,0.42102100,-1.48630290,0.87214413,0.04586163,0.33071442,0.32918832,0.35275991,0.09397449,-0.27796142,0.10833659,-0.09724323,-0.30950350,-0.08394850,0.11557052,-0.30772649,-0.33064859,-0.09579354,-0.29827482,-1.60153599,0.02258835,-0.00080701,-0.01654338,-0.03845658,0.99912299,-1.24259663,0.08917130,0.05122691,-1.50099411,-0.08269409,0.01968483,-1.67635326,0.14426937,0.02146183,-1.93856926,-0.04750778,0.03091350,-0.30893430,0.91581339,2.00312941,1.64366975,0.04735512,3.05602002,-0.21721528,1.97116463,0.73736429,-0.05080685,0.68805377,0.18163060
0.88838303,-0.09716801,-0.03185308,-0.25319667,-0.13911757,-0.69625162,0.14040616,1.06377323,-1.43720293,-0.13638614,0.26347655,-1.43110616,0.15512520,1.27932835,-1.49701774,-0.08521322,0.46017334,-1.50306358,0.87214413,0.04586163,0.33071442,0.32932857,0.34455288,0.10027399,-0.28761174,0.09622454,-0.10044415,-0.30828159,-0.09274200,0.11470021,-0.30935837,-0.34093157,-0.10070523,-0.29281236,-1.58403683,0.01900829,-0.00343948,-0.01813606,-0.04541328,0.99879772,-1.23181248,0.08763460,0.04171683,-1.49731407,-0.08974534,0.02104698,-1.66599903,0.14164358,0.01997021,-1.93269386,-0.05037576,0.03651622,-0.24076257,1.42267503,1.16010611,1.61165667,1.21888996,2.06212077,-0.47834980,2.03740594,-0.09193181,0.12500443,2.11868250,-0.97518673
0.90520632,-0.07403599,-0.08603446,-0.17346049,-0.03743527,-0.61522072,0.13673121,1.10098851,-1.42907190,-0.11192379,0.30790538,-1.41303229,0.14173126,1.32453132,-1.52348197,-0.08140190,0.52360135,-1.54041433,0.87214413,0.04586163,0.33071442,0.32845324,0.33063306,0.10533097,-0.29603729,0.08372034,-0.10319803,-0.30444732,-0.10713080,0.11489118,-0.30861261,-0.34735332,-0.10660680,-0.28404777,-1.56618690,0.01562551,-0.00538546,-0.01871351,-0.05164886,0.99847544,-1.22646236,0.08633669,0.03241595,-1.49354267,-0.09564777,0.02400592,-1.66091251,0.14094132,0.01984064,-1.92267418,-0.05463231,0.04440548,-0.17634003,1.92415226,0.29336926,1.15028095,2.38473392,0.70693010,-0.69957459,2.29978299,-1.53803575,0.19896983,3.33362436,-2.00486183
0.93495897,-0.06109128,-0.12032491,-0.02057538,0.10030217,-0.49160062,0.13315657,1.14114201,-1.43357270,-0.10059488,0.37570325,-1.43148410,0.12140299,1.36666069,-1.59399128,-0.07789489,0.59983982,-1.58107252,0.87214413,0.04586163,0.33071442,0.32674302,0.31168602,0.10812953,-0.30103775,0.07201307,-0.10517751,-0.29936113,-0.12559624,0.11595492,-0.30655841,-0.34439554,-0.11341229,-0.27190467,-1.54769459,0.01227396,-0.00578972,-0.01773980,-0.05658043,0.99822364,-1.22579880,0.08454617,0.02570526,-1.48800831,-0.10035702,0.02738189,-1.65940590,0.14165921,0.02018461,-1.90268707,-0.06155673,0.05483835,-0.18370269,1.97743604,-0.21117923,0.55373869,3.40135241,-0.95546572,-1.03087103,2.05559758,-3.52800155,0.17223571,3.81175423,-2.02266881
0.97288876,-0.05691060,-0.12540361,0.17055593,0.27662882,-0.38156311,0.12543165,1.15246193,-1.42910960,-0.09682373,0.44964601,-1.46907589,0.09146045,1.36819181,-1.66171613,-0.07695124,0.67403766,-1.61279664,0.87214413,0.04586163,0.33071442,0.32483399,0.29164438,0.11006985,-0.30313910,0.06605655,-0.10690207,-0.29847256,-0.14527634,0.11718194,-0.30400722,-0.33257497,-0.12087315,-0.26371270,-1.52849102,0.00878310,-0.00441499,-0.01497836,-0.06044412,0.99804943,-1.22570267,0.08288458,0.02169489,-1.47580624,-0.10530386,0.02636143,-1.65857811,0.14262693,0.02082676,-1.87321396,-0.07110761,0.06112129,-0.40289460,0.42885585,0.24349163,0.17651500,3.70129271,-1.90661280,-1.52098176,-0.07507180,-3.34571719,0.03712231,3.69032955,-1.54806793
1.00901579,-0.05849810,-0.11188423,0.33190711,0.50037689,-0.34415391,0.11575921,1.14074926,-1.46814375,-0.09397657,0.52156193,-1.51283295,0.05709748,1.32548511,-1.72001777,-0.07883770,0.74031858,-1.63269169,0.87214413,0.04586163,0.33071442,0.32299505,0.27169288,0.11275700,-0.30364904,0.07424867,-0.10839584,-0.29783182,-0.16520079,0.11826797,-0.30102443,-0.31303766,-0.12818623,-0.25932396,-1.50863609,0.00506411,-0.00156153,-0.00996934,-0.06390009,0.99790528,-1.22478199,0.08225226,0.01934601,-1.44881706,-0.11191541,0.02516323,-1.65740566,0.14343401,0.02197062,-1.83546505,-0.08215470,0.06367109,-0.46980016,-0.54167886,-2.42735339,0.15720283,3.56721759,-2.19545889,-1.71464369,-2.27445726,-2.90189958,-0.10250303,3.27400136,-0.95273772
1.04303431,-0.06041265,-0.08573319,0.41885615,0.63394499,-0.39813217,0.10982808,1.11604943,-1.57612643,-0.08853618,0.58421981,-1.55185840,0.02738453,1.25659449,-1.76739225,-0.08222402,0.79796362,-1.64358723,0.87214413,0.04586163,0.33071442,0.32137805,0.25337481,0.11667710,-0.30349105,0.09846931,-0.10893505,-0.29282472,-0.18451046,0.11926628,-0.29745401,-0.29016554,-0.13391817,-0.25658698,-1.48818626,0.00107924,0.00211101,-0.00346468,-0.06781441,0.99768970,-1.22135220,0.08239294,0.01788700,-1.40536537,-0.12017977,0.02855333,-1.65485859,0.14421866,0.02392404,-1.79380589,-0.09233791,0.06479107,-0.27296500,-1.40881767,-5.61297331,0.28310660,3.06889176,-1.89635029,-1.44265196,-3.56724763,-2.27263494,-0.17613502,2.83593726,-0.49679657
1.05284446,-0.05976909,-0.04562020,0.45588461,0.54849690,-0.49125548,0.10947190,1.05816007,-1.69966638,-0.08367891,0.64057952,-1.58082616,0.00505174,1.16723371,-1.79589498,-0.08698235,0.85139543,-1.65060949,0.87214413,0.04586163,0.33071442,0.32024863,0.23637608,0.12053999,-0.30325277,0.13357575,-0.10794288,-0.28601652,-0.20265258,0.12010076,-0.29347517,-0.26553152,-0.13760816,-0.25653450,-1.46753502,-0.00311362,0.00621678,0.00246832,-0.07260663,0.99733823,-1.21619606,0.08192912,0.01699586,-1.35099697,-0.12926048,0.03423211,-1.65066147,0.14506520,0.02677347,-1.75019360,-0.10082299,0.06371413,0.02614483,-3.13945031,-6.22564983,0.23148893,2.78700447,-1.37527215,-1.06433558,-4.61138201,-1.28446329,-0.24822681,2.65261507,-0.33637044
1.02591877,-0.05810189,0.01095792,0.46084504,0.33301008,-0.58526400,0.11337342,0.94951849,-1.79953105,-0.08127718,0.69723314,-1.59830267,-0.01047182,1.05424190,-1.80004361,-0.09184936,0.90119654,-1.65031343,0.87214413,0.04586163,0.33071442,0.32012983,0.21943121,0.12378826,-0.30288614,0.17615587,-0.10606407,-0.27786588,-0.21941629,0.12112727,-0.29026255,-0.23766943,-0.13949682,-0.26003313,-1.44742680,-0.00746811,0.01059484,0.00615199,-0.07842417,0.99684480,-1.21134987,0.08051641,0.01724369,-1.29000549,-0.13975193,0.04226395,-1.64522381,0.14645287,0.02986728,-1.70397224,-0.10811877,0.06009670,0.19636522,-5.50670147,-4.93181806,0.11848435,2.83686352,-0.85823244,-0.76834199,-5.67308331,-0.17528628,-0.24368422,2.49109674,0.02201557
0.98530089,-0.05545252,0.05939110,0.41027733,0.08923596,-0.66411184,0.11828957,0.79351041,-1.85445559,-0.07948534,0.75665179,-1.60433981,-0.02065580,0.92804549,-1.78187401,-0.09704490,0.95056194,-1.64436951,0.87214413,0.04586163,0.33071442,0.32090862,0.20166050,0.12668827,-0.30248626,0.22260133,-0.10426055,-0.26903286,-0.23554696,0.12196453,-0.28804798,-0.20786472,-0.14007228,-0.26578475,-1.42813358,-0.01192536,0.01470302,0.00743865,-0.08498550,0.99624593,-1.20795059,0.07882883,0.01842237,-1.22637405,-0.15233443,0.05187576,-1.63965778,0.14812223,0.03286065,-1.65669518,-0.11482135,0.05512388,0.24950658,-7.90095425,-2.60390120,0.09150311,2.97766876,-0.26542853,-0.49498210,-6.32439957,0.97093669,-0.26139450,2.45870566,0.31761359
0.94898857,-0.05001765,0.08545299,0.30220371,-0.17948495,-0.71035365,0.12210363,0.61294510,-1.85772502,-0.07645249,0.81698294,-1.59700844,-0.02534769,0.80086050,-1.74381053,-0.10300185,0.99801219,-1.63322246,0.87214413,0.04586163,0.33071442,0.32225007,0.18327868,0.12955409,-0.30205482,0.26858459,-0.10314107,-0.25947776,-0.25045798,0.12222857,-0.28725089,-0.17803195,-0.13945632,-0.27290887,-1.40958958,-0.01644028,0.01801425,0.00603609,-0.09198516,0.99557912,-1.20570126,0.07739409,0.02019525,-1.16440945,-0.16698087,0.06277231,-1.63345680,0.14954914,0.03499918,-1.61013145,-0.12096969,0.04934120,0.17228418,-9.07273598,0.06842853,0.16023042,3.01220918,0.42739674,-0.20810754,-6.33997583,1.97719855,-0.30222629,2.37248874,0.56854817
0.92598214,-0.04283818,0.09879038,0.18185743,-0.40698596,-0.70501159,0.12018234,0.43924885,-1.81239979,-0.07146911,0.87324862,-1.57442725,-0.02272749,0.68002675,-1.69177110,-0.11113572,1.05000131,-1.62378442,0.87214413,0.04586163,0.33071442,0.32399247,0.16497408,0.13254492,-0.30190558,0.30954458,-0.10341501,-0.25099128,-0.26499270,0.12152296,-0.28677875,-0.14908333,-0.13715409,-0.28062893,-1.39155445,-0.02099909,0.02035717,0.00225855,-0.09893920,0.99488267,-1.20372372,0.07649049,0.02208688,-1.10841236,-0.18330456,0.07300119,-1.62745247,0.15029331,0.03721372,-1.56471214,-0.12613470,0.04336354,-0.13499932,-8.57165108,2.52030782,0.26008621,2.77697730,1.22072972,0.17764386,-5.99744844,2.66770630,-0.42408422,2.64486814,0.44361588
0.92117188,-0.03242804,0.08952761,0.11907895,-0.55588181,-0.62728664,0.10991736,0.29391903,-1.72984219,-0.06452210,0.92251551,-1.53292680,-0.01141383,0.56335086,-1.62763584,-0.12424887,1.11172676,-1.61680746,0.87214413,0.04586163,0.33071442,0.32578850,0.14615274,0.13593468,-0.30268417,0.34312166,-0.10500094,-0.24601479,-0.28085952,0.11934674,-0.28582180,-0.12046541,-0.13246066,-0.28869870,-1.37368393,-0.02556716,0.02216026,-0.00308677,-0.10518640,0.99420079,-1.20231819,0.07676879,0.02310432,-1.06013680,-0.20005459,0.07977371,-1.62334538,0.14991753,0.03996670,-1.51920414,-0.12988211,0.03708979,-0.57721847,-7.03940725,4.37318087,0.36152822,2.41150951,2.21837997,0.62930083,-5.81433487,3.29485393,-0.69675469,3.16092944,0.33838031
0.92913662,-0.01772003,0.07297954,0.13958359,-0.67207626,-0.39376036,0.08927819,0.19183446,-1.60928459,-0.05678292,0.96381940,-1.47106390,0.00412977,0.46777366,-1.55978606,-0.14308836,1.18304305,-1.60522902,0.87214413,0.04586163,0.33071442,0.32749873,0.12614306,0.13995899,-0.30412408,0.36679399,-0.10743113,-0.24973498,-0.29935032,0.11609427,-0.28430177,-0.09621887,-0.12611346,-0.29666253,-1.35566196,-0.03001948,0.02423290,-0.00970047,-0.10903898,0.99369471,-1.20213184,0.07920091,0.02337465,-1.02095737,-0.21455163,0.07776375,-1.62265129,0.14832062,0.04319696,-1.47697506,-0.13222422,0.03083619,-1.03076799,-5.01271381,6.02913761,0.38401407,2.05158446,3.10282636,0.77281764,-4.71094236,3.36890435,-0.94213393,3.56018662,0.59619424
0.93308288,-0.01163818,0.03034746,0.18224311,-0.68316917,-0.11160014,0.06906920,0.15438375,-1.49617624,-0.05179133,0.99703957,-1.40565643,0.01608267,0.42416742,-1.51418889,-0.16062335,1.24889302,-1.58568532,0.87214413,0.04586163,0.33071442,0.32864712,0.10723523,0.14349595,-0.30509790,0.37503197,-0.10871922,-0.26150917,-0.31766030,0.11362760,-0.28267491,-0.08416603,-0.12033804,-0.30377965,-1.33754253,-0.03437572,0.02677273,-0.01633098,-0.11012692,0.99342266,-1.20139446,0.08204671,0.02354922,-0.99557018,-0.22285319,0.06713795,-1.62246704,0.14628230,0.04597221,-1.44609623,-0.13327598,0.02486747,-1.01209877,-1.68376837,5.57463264,0.23682884,1.64822018,3.25741029,0.58354911,-2.00018891,2.17525415,-0.86290681,3.26597333,0.97047613
0.93877325,-0.01692631,-0.03622956,0.20160610,-0.61142846,0.05804280,0.04822377,0.16950986,-1.41370075,-0.05050294,1.02761593,-1.34979196,0.02354883,0.44007568,-1.50809276,-0.17355943,1.30731919,-1.57844071,0.87214413,0.04586163,0.33071442,0.32870901,0.09005107,0.14594254,-0.30464612,0.36978057,-0.11034593,-0.27632057,-0.33165622,0.11270187,-0.27934764,-0.08588395,-0.11587331,-0.30892077,-1.31928749,-0.03876883,0.02945706,-0.02226724,-0.10950416,0.99330020,-1.19945984,0.08390861,0.02406288,-0.98265095,-0.22742123,0.05238844,-1.61820927,0.14383273,0.04936136,-1.42846375,-0.13301968,0.01978824,-1.04533727,0.90453901,3.97901454,0.05288846,1.52795637,2.72371936,0.35663290,1.03031224,0.11900424,-0.62850002,2.90012002,0.25265692
0.94606183,-0.02489331,-0.09681265,0.19966832,-0.40560665,0.07972894,0.03304281,0.21301547,-1.37025015,-0.04999721,1.05955849,-1.31104360,0.02722484,0.49864802,-1.53695266,-0.18054568,1.35618732,-1.58901057,0.87214413,0.04586163,0.33071442,0.32771734,0.07442077,0.14785990,-0.30227967,0.35684376,-0.11139239,-0.28928839,-0.34026868,0.11325558,-0.27414004,-0.09773638,-0.11300052,-0.31095780,-1.30085182,-0.04324616,0.03194585,-0.02632697,-0.10860792,0.99322237,-1.19603348,0.08487143,0.02543767,-0.97680721,-0.22963508,0.03842895,-1.60831318,0.14135371,0.05357730,-1.42083969,-0.13226542,0.01675954,-0.69933732,2.31084213,1.92704043,0.02899124,1.61165130,1.83576093,0.16257406,3.12035811,-1.60675324,-0.30811839,2.36901422,-0.59706397
0.96471689,-0.02682184,-0.14722022,0.11238446,-0.08159961,-0.01964455,0.03428355,0.28214809,-1.38110507,-0.04605821,1.09247875,-1.29157543,0.02914133,0.57563400,-1.58089972,-0.17999683,1.38868594,-1.61561072,0.87214413,0.04586163,0.33071442,0.32578850,0.06061590,0.14990820,-0.29832295,0.33827982,-0.10926179,-0.29753122,-0.34265501,0.11488039,-0.26810402,-0.11496770,-0.11172321,-0.31012990,-1.28203964,-0.04778311,0.03334203,-0.02746884,-0.10863676,0.99314240,-1.19022083,0.08531860,0.02746555,-0.97568893,-0.22811785,0.02825727,-1.59143639,0.13898845,0.05768448,-1.41858578,-0.13177597,0.01565860,0.19639860,3.64512014,-0.96305603,0.22943033,1.64852846,0.83143467,0.08884213,3.93756485,-2.26634502,0.08219629,1.49843204,-1.45602453
1.00327654,-0.01419162,-0.15247608,-0.05455060,0.23041208,-0.16178185,0.04892209,0.36897488,-1.43235631,-0.03641081,1.11689508,-1.29623103,0.03301881,0.65503132,-1.62308872,-0.17155084,1.39336035,-1.65619707,0.87214413,0.04586163,0.33071442,0.32358658,0.05272418,0.15211826,-0.29428370,0.31607177,-0.10524495,-0.30118012,-0.33667422,0.11682555,-0.26315390,-0.13452414,-0.11147228,-0.30726534,-1.26239624,-0.05231161,0.03256198,-0.02535209,-0.11027502,0.99304401,-1.17737541,0.08440439,0.02930288,-0.97737637,-0.22476895,0.02240645,-1.56495190,0.13599086,0.06043268,-1.41821918,-0.13131808,0.01632124,0.73652059,4.34820967,-2.59317660,0.48538384,1.21639099,-0.28544996,0.19710677,3.95766301,-2.09136484,0.43021216,0.19121789,-2.04254136
1.03810204,0.01198882,-0.13209749,-0.23161165,0.43768999,-0.23844613,0.06633366,0.45888538,-1.49906855,-0.02601103,1.13637397,-1.34068437,0.03883189,0.72583380,-1.65236228,-0.15725634,1.36813743,-1.70352912,0.87214413,0.04586163,0.33071442,0.32169403,0.05380374,0.15319152,-0.28959594,0.29379642,-0.10223321,-0.30113262,-0.32282944,0.11880546,-0.26045773,-0.15365951,-0.11186575,-0.30411246,-1.24203110,-0.05662825,0.02982255,-0.02141579,-0.11271562,0.99294872,-1.15510178,0.08050590,0.03209809,-0.97881527,-0.22241545,0.02056141,-1.52980061,0.13184533,0.06123631,-1.41694050,-0.13100495,0.01758158,0.87534009,4.49200983,-3.33714843,0.51244187,0.94669673,-2.35729392,0.29384698,3.51518989,-1.42494957,0.73364794,-1.34760615,-2.36793971
1.05457077,0.04450616,-0.11374527,-0.38843956,0.54670426,-0.20570793,0.08291413,0.54696907,-1.56138520,-0.01906267,1.14446909,-1.42945175,0.04518234,0.78644307,-1.66727343,-0.13717303,1.31538625,-1.74788892,0.87214413,0.04586163,0.33071442,0.32002835,0.06700694,0.15217316,-0.28455657,0.27174373,-0.10076342,-0.29985827,-0.30332291,0.12116057,-0.25984944,-0.17181328,-0.11303699,-0.30128863,-1.22123661,-0.06053055,0.02542247,-0.01652970,-0.11490699,0.99291331,-1.12114773,0.07224300,0.03547178,-0.97980690,-0.22087274,0.02017008,-1.48873234,0.12690132,0.06017891,-1.41437759,-0.13119683,0.01873972,0.81118956,4.39294605,-3.06880307,0.32799838,0.34541413,-4.61225471,0.31651016,2.97839832,-0.67938994,1.02420735,-2.73992143,-2.18559256
1.04620358,0.07380245,-0.09182680,-0.46906763,0.54639335,-0.06354354,0.09423086,0.62789236,-1.60843706,-0.01776790,1.13577988,-1.54165297,0.05043886,0.83609805,-1.66932487,-0.11476567,1.24139743,-1.78266304,0.87214413,0.04586163,0.33071442,0.31860604,0.08942764,0.14906787,-0.27923025,0.25080856,-0.10133740,-0.29857492,-0.28045339,0.12363925,-0.26076544,-0.18833317,-0.11492100,-0.29913386,-1.20046597,-0.06390932,0.02017222,-0.01162747,-0.11578898,0.99300090,-1.07909069,0.06053576,0.03937579,-0.97976379,-0.22032145,0.02003111,-1.44487514,0.12103641,0.05784060,-1.41021461,-0.13233244,0.01947218,0.53103292,3.98579884,-2.24697442,0.02762233,-0.54296203,-5.67051268,0.25289899,2.42527103,-0.04014301,1.12356644,-3.80945468,-1.67524614
1.01937326,0.09183922,-0.05397655,-0.46870543,0.43805874,0.14169914,0.09969001,0.69717276,-1.63583577,-0.02585778,1.10391378,-1.65346313,0.05390156,0.87914646,-1.66327548,-0.09434353,1.15071630,-1.80375135,0.87214413,0.04586163,0.33071442,0.31773236,0.11766853,0.14354993,-0.27413793,0.23199284,-0.10332151,-0.29793085,-0.25539774,0.12571618,-0.26307721,-0.20355535,-0.11716857,-0.29763322,-1.18010807,-0.06680738,0.01498752,-0.00763011,-0.11470955,0.99325670,-1.03279591,0.04611556,0.04359443,-0.97780132,-0.22032608,0.01980151,-1.40009403,0.11385457,0.05465515,-1.40502453,-0.13445235,0.02009915,0.23178308,3.37777352,-1.22621286,-0.47978267,-1.77082288,-5.55637074,0.16016005,2.11509347,0.35226342,0.99965566,-4.64597178,-0.94928735
0.97997229,0.09840538,-0.00492856,-0.43658755,0.27077856,0.37570291,0.09906908,0.75778717,-1.64136436,-0.04740490,1.01904978,-1.75532088,0.05687720,0.92113261,-1.65063047,-0.07795494,1.03927908,-1.80379956,0.87214413,0.04586163,0.33071442,0.31781240,0.15708904,0.13514554,-0.26900484,0.21412523,-0.10638658,-0.29841987,-0.22731689,0.12718838,-0.26733243,-0.21859260,-0.11911722,-0.29704475,-1.16053524,-0.06922437,0.01035276,-0.00533206,-0.11104974,0.99374662,-0.97748032,0.02789503,0.04880756,-0.97518940,-0.22026953,0.01939253,-1.35415344,0.10502214,0.05047998,-1.40003586,-0.13712940,0.02076765,-0.04053158,3.02246881,-0.24620960,-1.09055104,-4.34470987,-5.04896693,0.15257437,2.10651755,0.62951083,0.81280220,-5.59002781,0.02572060
0.94012040,0.09506567,0.04334862,-0.41333010,0.06774816,0.58937437,0.09184585,0.81157926,-1.62647588,-0.07503651,0.86745466,-1.81673961,0.06247461,0.96684663,-1.63925686,-0.06684062,0.91787360,-1.78409693,0.87214413,0.04586163,0.33071442,0.31881559,0.20622183,0.12586270,-0.26393129,0.19643219,-0.11080183,-0.29998347,-0.19787318,0.12763057,-0.27290289,-0.23351846,-0.11998506,-0.29656935,-1.14172268,-0.07132589,0.00616533,-0.00496341,-0.10528106,0.99441101,-0.91371269,0.00855095,0.05488431,-0.97285557,-0.22081352,0.01883213,-1.30847397,0.09491900,0.04591271,-1.39519272,-0.13973808,0.02224625,-0.37975734,2.66263795,0.79749435,-1.37644963,-7.73951807,-2.88614826,0.28712656,2.28693070,0.56966398,0.53610855,-6.07912121,1.04198447
0.90809157,0.08126307,0.07997782,-0.36248294,-0.08569849,0.71379487,0.07973914,0.85604618,-1.59654379,-0.09577675,0.68012443,-1.81246417,0.07139902,1.01411960,-1.62802441,-0.06288952,0.79431045,-1.74448478,0.87214413,0.04586163,0.33071442,0.32058276,0.25533094,0.11894974,-0.25958281,0.17969818,-0.11616773,-0.30209682,-0.16873125,0.12650001,-0.27949214,-0.24813452,-0.11947536,-0.29632173,-1.12356434,-0.07329100,0.00261495,-0.00606237,-0.09821359,0.99514346,-0.84990444,-0.00655876,0.06099995,-0.97004719,-0.22235093,0.01848594,-1.26430607,0.08375757,0.04109062,-1.39026947,-0.14194574,0.02426102,-0.61697885,2.18402686,1.54089963,-0.97835964,-9.40433731,0.50113819,0.46497809,2.37677813,0.55824420,0.16513814,-6.18203878,2.06599598
0.88412775,0.05809804,0.10527721,-0.27496711,-0.19385452,0.69259242,0.06710089,0.89314098,-1.55761237,-0.10257917,0.50031712,-1.74964979,0.08253071,1.06105623,-1.60785711,-0.06765866,0.66811328,-1.68477466,0.87214413,0.04586163,0.33071442,0.32291584,0.29760130,0.11594750,-0.25730485,0.16374283,-0.12117304,-0.30445612,-0.13949645,0.12336202,-0.28703276,-0.26379466,-0.11770923,-0.29721211,-1.10594425,-0.07533939,-0.00001050,-0.00814446,-0.09122692,0.99579683,-0.79222851,-0.01539952,0.06561099,-0.96694584,-0.22424897,0.01845972,-1.22070217,0.07131690,0.03588308,-1.38673630,-0.14315469,0.02570373,-0.62558481,1.82033792,1.99226902,-0.25939535,-8.87730942,3.43874195,0.55989984,2.33033800,1.10109177,-0.29324258,-6.33231668,3.10109687
0.87248794,0.03153875,0.11132209,-0.19734882,-0.24800695,0.52326959,0.05811149,0.92459232,-1.51309204,-0.09808725,0.35281572,-1.65061319,0.09467443,1.10734355,-1.57845211,-0.07969173,0.54886580,-1.61291432,0.87214413,0.04586163,0.33071442,0.32549974,0.33060247,0.11587218,-0.25851253,0.14828856,-0.12464972,-0.30709115,-0.11192607,0.11848448,-0.29449838,-0.28083570,-0.11514733,-0.29873286,-1.08865643,-0.07764399,-0.00181334,-0.01074172,-0.08573479,0.99625844,-0.74311924,-0.01995166,0.06698722,-0.96384144,-0.22579347,0.01840860,-1.17869663,0.05821911,0.03100137,-1.38503456,-0.14312375,0.02676688,-0.41614494,1.53333294,2.25905657,0.29717666,-7.10853815,5.16504002,0.61564875,2.31611943,1.51626337,-0.64690006,-5.88164759,3.65672326
0.87289952,0.01198042,0.09269332,-0.19698425,-0.26751922,0.24018628,0.05505486,0.95297884,-1.46903977,-0.08650374,0.25722653,-1.54114947,0.10666924,1.15276515,-1.54921243,-0.09223170,0.46343336,-1.54890733,0.87214413,0.04586163,0.33071442,0.32784688,0.35094859,0.11736145,-0.26442157,0.13345758,-0.12636158,-0.30922205,-0.09191879,0.11348141,-0.30060883,-0.29765216,-0.11272509,-0.29926388,-1.07145710,-0.08028079,-0.00351195,-0.01357262,-0.08324809,0.99643023,-0.70590324,-0.02275686,0.06342531,-0.96080780,-0.22702855,0.01862483,-1.14327946,0.04687518,0.02723805,-1.38368378,-0.14207286,0.02858300,-0.14692729,1.41833770,2.19487667,0.58718042,-4.71245003,5.45544672,0.59672744,2.27619834,1.44754162,-0.62226663,-4.21515250,3.17188430
0.87608012,0.00676759,0.05996125,-0.23928539,-0.27311546,-0.01550523,0.05550347,0.97943701,-1.42867403,-0.06934810,0.20618631,-1.44488230,0.11598990,1.19938133,-1.52731812,-0.10094852,0.41840650,-1.50533280,0.87214413,0.04586163,0.33071442,0.32967673,0.36054524,0.12012667,-0.27283571,0.11961682,-0.12729996,-0.31043358,-0.08109808,0.10933343,-0.30568831,-0.31337098,-0.11152851,-0.29789394,-1.05420895,-0.08303325,-0.00564681,-0.01649951,-0.08326029,0.99637523,-0.67873535,-0.02435732,0.05684102,-0.95735779,-0.22840627,0.01924315,-1.11605396,0.03823460,0.02398842,-1.38173561,-0.14105276,0.03178279,0.02796176,1.30856597,2.02010536,0.87347794,-2.44156604,4.77008600,0.45435547,2.31716237,1.09347296,-0.42126763,-2.12963276,2.11672764
0.87964200,0.01229095,0.01002227,-0.27520964,-0.23093504,-0.19001802,0.05707682,1.00309284,-1.38994408,-0.04760423,0.19166521,-1.36824772,0.12119402,1.24229031,-1.50953615,-0.10498658,0.41323947,-1.48511167,0.87214413,0.04586163,0.33071442,0.33065683,0.36084665,0.12421099,-0.28275190,0.10648978,-0.12819208,-0.31106877,-0.07974963,0.10633802,-0.31015811,-0.32737165,-0.11185975,-0.29532441,-1.03685856,-0.08576718,-0.00820239,-0.01907020,-0.08500753,0.99616403,-0.66019936,-0.02439522,0.04790493,-0.95359154,-0.23012744,0.01958805,-1.09746819,0.03253013,0.02049872,-1.37843571,-0.14062929,0.03533241,0.07885238,1.18345273,1.91650336,1.10168400,-0.58175356,3.72194753,0.24239604,2.13566923,0.85046049,-0.18426202,-0.10317349,0.90151971
0.88503162,0.02350723,-0.05197335,-0.27904153,-0.14565063,-0.26135397,0.05847784,1.02803965,-1.35692964,-0.02588153,0.20956131,-1.32167819,0.12252900,1.28321548,-1.50624716,-0.10616197,0.44878904,-1.50229564,0.87214413,0.04586163,0.33071442,0.33051327,0.35306293,0.12862060,-0.29231157,0.09337536,-0.12932796,-0.31056111,-0.08722335,0.10442624,-0.31168593,-0.33822153,-0.11351343,-0.29073358,-1.01934414,-0.08841886,-0.01090785,-0.02084288,-0.08752515,0.99588450,-0.64928436,-0.02320801,0.03820171,-0.94990196,-0.23202409,0.01995216,-1.08706207,0.02959400,0.01882735,-1.37215977,-0.14133607,0.03977969,0.06814259,1.25958884,1.61356103,1.07143264,1.07467563,2.13760743,0.04586738,2.03620005,0.05815744,-0.04778427,2.02946653,-1.12371245
0.89926103,0.03247520,-0.11006552,-0.21016934,-0.03215772,-0.21608227,0.05950485,1.05785155,-1.33340907,-0.01345016,0.26036286,-1.31616962,0.12001421,1.32712293,-1.53351665,-0.10604592,0.51593679,-1.54555500,0.87214413,0.04586163,0.33071442,0.32926586,0.33783312,0.13082455,-0.30003053,0.07977815,-0.13040706,-0.30850786,-0.10199251,0.10344803,-0.31075535,-0.34404005,-0.11617723,-0.28273503,-1.00151157,-0.09104838,-0.01311790,-0.02149428,-0.08972143,0.99564852,-0.64576721,-0.02254853,0.02923533,-0.94626045,-0.23358913,0.02075800,-1.08342743,0.02892562,0.01851051,-1.36075211,-0.14402898,0.04653083,0.04856452,1.53312194,1.09966993,0.53600663,2.77919674,-0.03974676,-0.15379606,2.23022461,-1.61591280,0.01322418,3.54737496,-2.29146457
0.93025227,0.03174295,-0.14458447,-0.05605302,0.10209297,-0.09745931,0.05837938,1.09258926,-1.33477554,-0.01697631,0.34196293,-1.35803206,0.10813466,1.36427145,-1.60272999,-0.10607650,0.59965931,-1.59253526,0.87214413,0.04586163,0.33071442,0.32717616,0.31656705,0.12914097,-0.30402882,0.06865941,-0.13140948,-0.30410660,-0.12186687,0.10333284,-0.30871465,-0.34008167,-0.12054245,-0.27169324,-0.98302479,-0.09385413,-0.01384351,-0.02056154,-0.09069800,0.99556991,-0.64836922,-0.02387030,0.02314734,-0.93916836,-0.23548456,0.02306956,-1.08427696,0.02974688,0.01846151,-1.33926067,-0.15114300,0.05548292,-0.05980378,1.70167626,-0.07316493,-0.18900149,4.09643745,-2.13008437,-0.61432140,1.78896331,-3.42799449,-0.00318557,4.18720627,-2.34242659
0.97324833,0.01809310,-0.14650781,0.16276210,0.27255509,0.00195195,0.05707871,1.10808690,-1.35920324,-0.02747584,0.43153391,-1.41999557,0.08292448,1.35648532,-1.65741529,-0.10725178,0.68068613,-1.63111467,0.87214413,0.04586163,0.33071442,0.32497340,0.29398802,0.12656303,-0.30491166,0.06714935,-0.13132443,-0.30119478,-0.14264933,0.10394714,-0.30574300,-0.32861275,-0.12663749,-0.26555882,-0.96377087,-0.09705805,-0.01259547,-0.01782798,-0.09070078,0.99563893,-0.65178223,-0.02557208,0.02006174,-0.92139835,-0.23833689,0.02377862,-1.08534203,0.03090402,0.01923040,-1.30983028,-0.16237477,0.05941457,-0.04913288,0.75852579,-1.42779054,-0.53124124,4.47608662,-3.11437345,-1.29209521,-0.49633881,-2.75234675,-0.06192737,4.01898098,-1.87789388
1.01578125,-0.00598944,-0.12620532,0.37932538,0.47242405,0.00234060,0.06296599,1.11020527,-1.44974504,-0.03756651,0.51489038,-1.48035450,0.05028390,1.31454365,-1.71195769,-0.10939401,0.74882661,-1.65261533,0.87214413,0.04586163,0.33071442,0.32297606,0.27219089,0.12534146,-0.30454358,0.08164653,-0.12815111,-0.29653507,-0.16277412,0.10515476,-0.30273630,-0.30996203,-0.13346238,-0.26117818,-0.94381466,-0.10083634,-0.00938725,-0.01295408,-0.09063592,0.99575559,-0.65348339,-0.02663313,0.01843248,-0.88661575,-0.24160973,0.02644100,-1.08495808,0.03194723,0.02023977,-1.27276230,-0.17621616,0.06179789,0.33444176,0.00483798,-4.77541885,-0.48791552,4.11060238,-2.96950412,-1.64316068,-2.22457390,-2.68952727,-0.11045443,3.34287977,-1.00639907
1.05287656,-0.02846675,-0.08303167,0.50542533,0.54297084,-0.08672538,0.07611069,1.08452263,-1.57604203,-0.04445962,0.58531516,-1.52698755,0.01933193,1.24853604,-1.75379004,-0.11239127,0.80434345,-1.65987394,0.87214413,0.04586163,0.33071442,0.32155707,0.25257671,0.12581584,-0.30407570,0.10988766,-0.12243814,-0.29083751,-0.18154346,0.10662467,-0.29994802,-0.28848430,-0.13927778,-0.25871539,-0.92325535,-0.10518625,-0.00495664,-0.00710456,-0.09139055,0.99577745,-0.65200176,-0.02742951,0.01748137,-0.83748093,-0.24557551,0.03071956,-1.08236675,0.03269199,0.02160905,-1.23226662,-0.18964648,0.06284168,0.68973127,-1.46106138,-6.42407179,-0.32929751,3.44914246,-2.24283595,-1.51958094,-3.41354918,-2.00210938,-0.15507029,2.71374941,-0.28914354
1.06969401,-0.04278701,-0.03497435,0.55752737,0.44043633,-0.20966574,0.09382651,1.02496374,-1.70276058,-0.05452212,0.64838278,-1.56338453,-0.00723534,1.16313338,-1.77971816,-0.11576417,0.85807931,-1.66506529,0.87214413,0.04586163,0.33071442,0.32084262,0.23480954,0.12570660,-0.30340108,0.14606184,-0.11550894,-0.28370517,-0.19953155,0.10842940,-0.29646158,-0.26473747,-0.14371485,-0.25867996,-0.90241528,-0.10994969,0.00010401,-0.00203278,-0.09331651,0.99563441,-0.64833641,-0.03006478,0.01744154,-0.78036118,-0.25058813,0.03713745,-1.07832336,0.03366826,0.02438104,-1.18924713,-0.20196801,0.06216267,0.91525418,-3.22824216,-6.28553104,-0.54249775,3.11585760,-1.76189649,-1.29852521,-4.40749884,-1.18211734,-0.16979767,2.70002937,-0.27578831
1.05078710,-0.04293488,0.02224249,0.58449505,0.28677130,-0.29170931,0.11464138,0.91131692,-1.79945383,-0.06968141,0.71206231,-1.59105971,-0.03131457,1.05119013,-1.78318212,-0.12096370,0.90815078,-1.66465843,0.87214413,0.04586163,0.33071442,0.32117097,0.21709453,0.12442144,-0.30248497,0.18903231,-0.10819356,-0.27552291,-0.21627021,0.11005245,-0.29328533,-0.23689288,-0.14737397,-0.26159717,-0.88192978,-0.11482793,0.00565659,0.00141214,-0.09621577,0.99534343,-0.64502468,-0.03428787,0.01868600,-0.71711807,-0.25722232,0.04564807,-1.07311916,0.03460756,0.02788564,-1.14266262,-0.21410384,0.05957380,1.04466631,-5.75882626,-4.77204423,-0.76387422,3.19007754,-1.37315645,-1.20329182,-5.63112574,-0.13657664,-0.26118868,2.50217462,0.03506469
1.00401965,-0.02957476,0.06503526,0.52374716,0.11829059,-0.31636968,0.13867067,0.75052061,-1.84996586,-0.08880398,0.77955964,-1.61059172,-0.05442169,0.91767756,-1.75994403,-0.12673526,0.95626417,-1.65333807,0.87214413,0.04586163,0.33071442,0.32226162,0.19846023,0.12177621,-0.30149273,0.23540960,-0.10088674,-0.26672183,-0.23318638,0.11125440,-0.29158705,-0.20576411,-0.15106275,-0.26678818,-0.86229973,-0.11943309,0.01081948,0.00318138,-0.09936678,0.99498697,-0.64368343,-0.03929057,0.02076889,-0.65147820,-0.26486381,0.05553979,-1.06889248,0.03572122,0.03067457,-1.09386501,-0.22684047,0.05547344,1.21399429,-8.12888203,-2.37687907,-0.96621454,3.38253713,-0.94818017,-1.14898078,-6.72150469,1.24581810,-0.28823714,2.39308105,0.60154434
0.94744414,-0.00357618,0.07632184,0.38470078,-0.04951556,-0.26590460,0.16598609,0.57010597,-1.84944673,-0.11058424,0.84770691,-1.61876838,-0.07327749,0.77355993,-1.70890045,-0.13359184,1.00149040,-1.63548729,0.87214413,0.04586163,0.33071442,0.32361050,0.17933598,0.11770749,-0.30075703,0.27994704,-0.09382168,-0.25779470,-0.24937532,0.11153126,-0.29110430,-0.17320185,-0.15428972,-0.27368103,-0.84367161,-0.12345624,0.01482616,0.00318141,-0.10206295,0.99466236,-0.64417896,-0.04459477,0.02285347,-0.58859177,-0.27214089,0.06581581,-1.06522179,0.03636487,0.03250621,-1.04458218,-0.23938356,0.04992947,1.37357256,-9.03878174,0.23882389,-1.09541733,3.39852095,-0.35212038,-0.91302704,-7.22017870,2.66240630,-0.35436056,2.25761676,0.88678974
0.90199138,0.03154593,0.06194123,0.27069541,-0.22374521,-0.11041233,0.19525559,0.40331317,-1.80775571,-0.13102622,0.91093431,-1.60912635,-0.08240821,0.63526361,-1.63971066,-0.14532174,1.04879930,-1.62250259,0.87214413,0.04586163,0.33071442,0.32478530,0.16006487,0.11343313,-0.30086194,0.31822546,-0.08674626,-0.25028507,-0.26433048,0.11006477,-0.29047402,-0.14179318,-0.15534902,-0.28141476,-0.82581730,-0.12668696,0.01783354,0.00142918,-0.10332850,0.99448637,-0.64586048,-0.04856281,0.02392336,-0.53220558,-0.27696843,0.07450023,-1.06189270,0.03534162,0.03431127,-0.99650478,-0.24958695,0.04337054,1.47521436,-8.18537140,2.28340225,-1.00231197,3.12101316,0.60357566,-0.38904840,-6.84230471,3.53072381,-0.62369651,2.38996606,0.60632371
0.88727214,0.07162072,0.04736430,0.22753818,-0.42183788,0.12659446,0.21341027,0.27210820,-1.73069561,-0.14595555,0.96529412,-1.57761502,-0.07872278,0.51341486,-1.56531239,-0.16368778,1.10392821,-1.61544013,0.87214413,0.04586163,0.33071442,0.32580912,0.14076318,0.11057743,-0.30193779,0.34787096,-0.08116551,-0.24752973,-0.27927552,0.10687891,-0.28929962,-0.11298744,-0.15277531,-0.28934593,-0.80815792,-0.12906071,0.02054912,-0.00223119,-0.10233421,0.99453530,-0.64782619,-0.04946563,0.02387133,-0.48410511,-0.27936646,0.07827939,-1.05981636,0.03245074,0.03650950,-0.94988918,-0.25562574,0.03646319,0.79071605,-6.28150415,4.10727024,-0.70123309,2.64949298,1.73352230,0.27868912,-5.96421671,3.73638129,-0.96606278,2.82238460,0.31535622
0.89605913,0.10831595,0.03950591,0.17186516,-0.62566426,0.46550482,0.21050749,0.20514048,-1.62981029,-0.15641905,1.00954940,-1.53145821,-0.06756435,0.43533549,-1.50335896,-0.18208309,1.16347044,-1.60210464,0.87214413,0.04586163,0.33071442,0.32692535,0.12280421,0.10888843,-0.30296140,0.36368659,-0.07775197,-0.25390629,-0.29513039,0.10380300,-0.28877510,-0.09309268,-0.14791549,-0.29704712,-0.79018669,-0.13048019,0.02293208,-0.00815072,-0.09765973,0.99492224,-0.64853077,-0.04758770,0.02396395,-0.44860058,-0.27755918,0.07301905,-1.05945625,0.02880231,0.03815025,-0.91029892,-0.25743802,0.02987823,-0.17085044,-3.24551491,5.03541708,-0.51899528,2.20419786,2.31419129,0.55510501,-3.81760907,3.05869083,-0.90946871,2.97456813,0.67926115
0.90843661,0.12366908,-0.00951230,0.09965681,-0.67874867,0.71757542,0.19138694,0.20232848,-1.54059224,-0.16375478,1.04910405,-1.48355525,-0.05849437,0.41685890,-1.47244794,-0.19365940,1.22198856,-1.58773844,0.87214413,0.04586163,0.33071442,0.32737415,0.10588249,0.10786619,-0.30313656,0.36443334,-0.07715562,-0.26661008,-0.31034606,0.10254710,-0.28777861,-0.08681534,-0.14393205,-0.30370513,-0.77188873,-0.13134639,0.02467946,-0.01465284,-0.09044549,0.99548774,-0.64824429,-0.04440809,0.02423759,-0.42741871,-0.27313866,0.06076406,-1.05857124,0.02563680,0.03959554,-0.88330307,-0.25720418,0.02366902,-0.98964760,-0.01339599,4.38847122,-0.35640870,1.97355640,2.38085589,0.44669676,-0.75959761,1.43002795,-0.56210799,2.92837977,0.66618343
0.92086123,0.12069685,-0.07078293,0.08137976,-0.55983684,0.79325607,0.16431529,0.23380907,-1.47820413,-0.16749937,1.08879716,-1.44624586,-0.05181371,0.44982893,-1.47979248,-0.19980052,1.28078043,-1.59484909,0.87214413,0.04586163,0.33071442,0.32682964,0.09002739,0.10793271,-0.30140988,0.35593554,-0.07969442,-0.27965236,-0.32171596,0.10300154,-0.28358713,-0.09244747,-0.14086690,-0.30786294,-0.75330582,-0.13195444,0.02612179,-0.02012920,-0.08242307,0.99605166,-0.64667072,-0.04039376,0.02541976,-0.41544762,-0.26940677,0.04717728,-1.05356159,0.02282589,0.04324251,-0.86777344,-0.25559577,0.01896670,-1.36585317,1.66254687,2.99596715,-0.17207336,1.99439187,1.78811781,0.32374485,1.83450391,-0.51873637,-0.28611944,2.93738341,-0.46604773
0.93891735,0.11044037,-0.10998863,0.06853133,-0.27039564,0.73117541,0.13983360,0.28614514,-1.44857018,-0.16608489,1.13084929,-1.42786365,-0.04758428,0.51558055,-1.51259329,-0.19942101,1.33760083,-1.63204386,0.87214413,0.04586163,0.33071442,0.32560535,0.07546765,0.10953214,-0.29737502,0.34111307,-0.08339135,-0.29073412,-0.32762027,0.10524166,-0.27517972,-0.10673236,-0.13886223,-0.30923485,-0.73436699,-0.13249340,0.02724561,-0.02293367,-0.07496544,0.99655000,-0.64324551,-0.03559380,0.02823033,-0.40972939,-0.26636899,0.03487123,-1.04237118,0.02094801,0.05042563,-0.86081848,-0.25367317,0.01637050,-1.18591456,2.73684087,1.27759399,0.10715853,2.11646032,0.80719035,0.19724705,3.42939391,-1.74309387,0.06324542,2.82351470,-2.05006436
0.96848743,0.10306729,-0.12718059,-0.03224160,0.06431954,0.58327203,0.12658697,0.35730439,-1.46133733,-0.15710665,1.17125869,-1.42440820,-0.04401103,0.59451127,-1.55297577,-0.19020009,1.37046349,-1.67041099,0.87214413,0.04586163,0.33071442,0.32402712,0.06264510,0.11269177,-0.29212420,0.32168624,-0.08625055,-0.29751850,-0.32843320,0.10854072,-0.26748106,-0.12577208,-0.13789579,-0.30826878,-0.71488190,-0.13301348,0.02721213,-0.02260287,-0.06893407,0.99699383,-0.63720131,-0.03010784,0.03190292,-0.40828133,-0.26307994,0.02650862,-1.02507019,0.02006388,0.05654606,-0.85857677,-0.25211699,0.01575834,-0.56906551,3.68617582,-0.96031660,0.50633222,1.99711549,0.07946490,0.17921312,4.00742054,-2.04341412,0.52732497,1.41230810,-1.83491695
1.00612585,0.10467084,-0.11564736,-0.21242013,0.29960570,0.43295116,0.12164453,0.43657402,-1.50251784,-0.13697644,1.19647744,-1.43869119,-0.03716008,0.67143044,-1.58854573,-0.17237931,1.36722953,-1.70917010,0.87214413,0.04586163,0.33071442,0.32254789,0.05662997,0.11758846,-0.28739665,0.30078984,-0.08920810,-0.29982152,-0.32133510,0.11213551,-0.26265807,-0.14588155,-0.13737895,-0.30555080,-0.69459419,-0.13344958,0.02504131,-0.01968980,-0.06461974,0.99740139,-0.62316113,-0.02421901,0.03515124,-0.40795059,-0.26099587,0.02272637,-0.99862881,0.01950001,0.05988981,-0.85709400,-0.25070236,0.01699709,-0.23940834,3.96740322,-2.07683930,1.01407621,1.22788658,-0.74718473,0.34769941,3.83339715,-1.76034296,0.89811010,-0.21060560,-1.94630804
1.03258176,0.11436541,-0.10013951,-0.37147232,0.46147711,0.35107968,0.12141356,0.51815103,-1.55189023,-0.11337857,1.19853551,-1.48068671,-0.02713888,0.73937149,-1.61048720,-0.15028598,1.32881567,-1.75039401,0.87214413,0.04586163,0.33071442,0.32122459,0.06222238,0.12223990,-0.28421935,0.27944763,-0.09222488,-0.29995967,-0.30589497,0.11547916,-0.26056909,-0.16556777,-0.13694306,-0.30282053,-0.67378235,-0.13365346,0.02118471,-0.01528552,-0.06114461,0.99778700,-0.59702969,-0.01997301,0.03700524,-0.40776405,-0.25947346,0.02126492,-0.96319447,0.01849052,0.06065550,-0.85490360,-0.24924403,0.01840406,-0.00300327,4.08231354,-2.46146941,1.17674220,0.03655098,-2.21172507,0.50700182,3.37007737,-1.05156174,1.11203632,-2.02795298,-2.04408069
1.04009326,0.12759027,-0.08879685,-0.46040870,0.50244078,0.36635331,0.12236470,0.59890991,-1.59727428,-0.09248682,1.18055263,-1.56171560,-0.01606358,0.79872738,-1.62014966,-0.12689437,1.25825069,-1.78564475,0.87214413,0.04586163,0.33071442,0.31992769,0.08091011,0.12552997,-0.28057498,0.25814533,-0.09550947,-0.29921180,-0.28398562,0.11845400,-0.26100330,-0.18438634,-0.13673866,-0.30038087,-0.65278816,-0.13349508,0.01637581,-0.01046037,-0.05757449,0.99815209,-0.55794411,-0.01813120,0.03935271,-0.40737667,-0.25813163,0.02071589,-0.92122211,0.01691236,0.05892439,-0.85171070,-0.24806212,0.01954682,0.04228770,4.02283702,-2.24361839,1.02382917,-0.96684830,-4.21787987,0.55242187,2.93589211,-0.45135637,1.16782327,-3.63523998,-1.73703420
1.02627875,0.13636360,-0.06595030,-0.46857586,0.42100312,0.47120879,0.12082138,0.67345387,-1.63037989,-0.07950995,1.14363494,-1.66562662,-0.00602608,0.85186619,-1.62288609,-0.10518037,1.16398032,-1.80929725,0.87214413,0.04586163,0.33071442,0.31886511,0.10878932,0.12663554,-0.27524748,0.23810982,-0.09939941,-0.29824503,-0.25791107,0.12098611,-0.26308718,-0.20185709,-0.13683949,-0.29804133,-0.63202820,-0.13297142,0.01147923,-0.00633067,-0.05303534,0.99850659,-0.51042099,-0.01858890,0.04361762,-0.40580425,-0.25706516,0.02062008,-0.87565212,0.01468745,0.05577793,-0.84726048,-0.24762916,0.02082378,-0.09684098,3.68015504,-1.55808010,0.59045272,-1.96752832,-5.25793600,0.49284045,2.62667131,-0.09932756,1.07068100,-4.84358130,-1.09214537
0.99413483,0.13853385,-0.02144105,-0.43302341,0.24718743,0.63369801,0.11493157,0.74073857,-1.64387572,-0.07657663,1.06737900,-1.76408422,0.00213988,0.90225476,-1.61882102,-0.08692219,1.04771674,-1.81304944,0.87214413,0.04586163,0.33071442,0.31849551,0.14536373,0.12525344,-0.26988594,0.21897860,-0.10393998,-0.29813255,-0.22852693,0.12288312,-0.26716292,-0.21861719,-0.13716546,-0.29634988,-0.61187172,-0.13211890,0.00699094,-0.00376865,-0.04694560,0.99886587,-0.45539570,-0.02105904,0.04860957,-0.40361309,-0.25614910,0.02036296,-0.82785892,0.01166686,0.05133259,-0.84239578,-0.24816413,0.02214563,-0.32811818,3.31516361,-0.52729368,0.07542595,-4.14535761,-4.83715248,0.39409953,2.50706053,0.25252104,0.88586026,-5.96807909,-0.03384590
0.95484125,0.13140346,0.02683777,-0.38503132,0.02573483,0.81387620,0.10290611,0.80111116,-1.63154221,-0.08297944,0.91737065,-1.82590392,0.01290702,0.95343413,-1.61403885,-0.07478480,0.91989611,-1.79144597,0.87214413,0.04586163,0.33071442,0.31916128,0.19399759,0.12198831,-0.26476382,0.19973281,-0.10959226,-0.29945092,-0.19787434,0.12370115,-0.27292438,-0.23434872,-0.13634072,-0.29518077,-0.59261284,-0.13098934,0.00313928,-0.00358390,-0.03884817,0.99923377,-0.38972740,-0.02443554,0.05439746,-0.40199432,-0.25576209,0.01971037,-0.78028278,0.00770536,0.04623690,-0.83684216,-0.24871849,0.02398052,-0.60903480,3.00279927,0.64626355,-0.32027450,-7.58025398,-3.00473050,0.54382399,2.56059027,0.24069070,0.59592072,-6.38938408,1.10757916
0.92249364,0.11593523,0.05940729,-0.31673265,-0.14223189,0.93899205,0.08638056,0.85057293,-1.60108123,-0.08650203,0.72383418,-1.82563956,0.02755897,1.00569420,-1.60896077,-0.07054038,0.79323686,-1.75026631,0.87214413,0.04586163,0.33071442,0.32050272,0.24501220,0.11983759,-0.25988719,0.18158045,-0.11606886,-0.30150805,-0.16811516,0.12276998,-0.27956029,-0.24947896,-0.13394929,-0.29449258,-0.57403679,-0.12976037,0.00000597,-0.00505143,-0.02948346,0.99955250,-0.32238693,-0.02457304,0.06061553,-0.39961357,-0.25633042,0.01899467,-0.73462315,0.00270547,0.04094244,-0.83097744,-0.24877157,0.02601014,-0.83246975,2.44313035,1.55638349,-0.14665763,-9.71291733,0.20278786,0.74411248,2.61570072,0.24895334,0.18803473,-6.32958164,2.11771472
0.89666814,0.09206556,0.08658204,-0.22085192,-0.23172049,0.93876350,0.06942986,0.89063680,-1.56006060,-0.08045300,0.53092794,-1.76421168,0.04488266,1.05894985,-1.60033185,-0.07533596,0.66586384,-1.68839827,0.87214413,0.04586163,0.33071442,0.32244065,0.29050068,0.12037518,-0.25665953,0.16445473,-0.12220332,-0.30389139,-0.13879951,0.11970063,-0.28720103,-0.26500856,-0.13026877,-0.29421255,-0.55602665,-0.12861631,-0.00217572,-0.00737250,-0.02003881,0.99976965,-0.26093903,-0.01996953,0.06578113,-0.39659691,-0.25730652,0.01854926,-0.68992195,-0.00345405,0.03523962,-0.82603874,-0.24816948,0.02822810,-0.83940136,1.96913044,2.08995862,0.33922396,-9.56681976,3.30388923,0.86987164,2.66734290,0.47685524,-0.28180591,-6.38254976,3.18282199
0.88012484,0.06572367,0.09981609,-0.14533074,-0.28512178,0.78591043,0.05669356,0.92268069,-1.51292434,-0.06864962,0.36884051,-1.66193249,0.06278972,1.11082497,-1.58118827,-0.08726844,0.54542769,-1.61367483,0.87214413,0.04586163,0.33071442,0.32476384,0.32687036,0.12239317,-0.25693489,0.14843953,-0.12671693,-0.30655463,-0.11111846,0.11484177,-0.29491086,-0.28173967,-0.12600559,-0.29477629,-0.53840847,-0.12767969,-0.00358675,-0.01022784,-0.01195577,0.99986978,-0.20871315,-0.01311392,0.06782895,-0.39303207,-0.25789942,0.01820921,-0.64675751,-0.01022149,0.02985298,-0.82307205,-0.24693277,0.02998755,-0.60280461,1.55605733,2.37904196,0.61094031,-7.87467461,5.28997669,0.89749956,2.57538962,1.01691626,-0.62596602,-5.93853922,3.77530551
0.87571221,0.04363326,0.09113835,-0.13459968,-0.29357813,0.50544038,0.04996238,0.94982505,-1.46537936,-0.05554793,0.25482586,-1.54517746,0.07967343,1.15896487,-1.55608487,-0.09945048,0.45315301,-1.54361916,0.87214413,0.04586163,0.33071442,0.32705900,0.35143786,0.12456067,-0.26196347,0.13339621,-0.12941590,-0.30898872,-0.08981074,0.10990160,-0.30151337,-0.29850578,-0.12201727,-0.29524323,-0.52092743,-0.12698033,-0.00484316,-0.01319528,-0.00648649,0.99988017,-0.16791821,-0.00694524,0.06509553,-0.38920498,-0.25809944,0.01807028,-0.60931873,-0.01593390,0.02554563,-0.82097626,-0.24515229,0.03181577,-0.29351276,1.33129108,2.37022138,0.65768188,-5.33485270,5.89450073,0.83287859,2.37882590,1.28489959,-0.59692693,-4.37375307,3.43653893
0.87226949,0.03475153,0.06725268,-0.18673983,-0.30022195,0.21148023,0.04852744,0.97520113,-1.42265253,-0.03976336,0.19597630,-1.44144740,0.09258121,1.20522339,-1.53370004,-0.10705161,0.40710360,-1.49684377,0.87214413,0.04586163,0.33071442,0.32897961,0.36269959,0.12723194,-0.27060852,0.11936252,-0.13092502,-0.31034126,-0.07898495,0.10602778,-0.30681236,-0.31421655,-0.11966799,-0.29416201,-0.50352917,-0.12641324,-0.00664730,-0.01621634,-0.00429425,0.99983719,-0.13977661,-0.00222371,0.05837108,-0.38526745,-0.25833344,0.01863835,-0.58162327,-0.01972761,0.02216725,-0.81873703,-0.24344518,0.03481759,-0.06831774,1.26245346,2.13662481,0.79501485,-2.88503401,5.16345644,0.63937029,2.30820589,1.11758566,-0.37291187,-2.24155236,2.30828168
0.87220132,0.03545829,0.02090204,-0.24309745,-0.28325754,0.00062310,0.04892843,0.99761076,-1.38144341,-0.02025594,0.17612636,-1.35759430,0.10132973,1.24866130,-1.51559029,-0.11040442,0.40443360,-1.47808976,0.87214413,0.04586163,0.33071442,0.33011479,0.36409066,0.13086602,-0.28106830,0.10616547,-0.13224531,-0.31110151,-0.07815124,0.10314511,-0.31121860,-0.32832713,-0.11893257,-0.29178758,-0.48611393,-0.12583860,-0.00904132,-0.01909090,-0.00418372,0.99976812,-0.12098465,0.00210096,0.04904648,-0.38101330,-0.25893175,0.01901328,-0.56343479,-0.02206955,0.01889618,-0.81538506,-0.24213213,0.03832721,0.02126133,1.12256956,2.04386182,0.98366739,-0.88972013,4.10911522,0.42592689,2.16728926,0.87101698,-0.16087915,-0.00429763,0.80992407
0.87942625,0.04026114,-0.04152312,-0.26480842,-0.20080677,-0.09812156,0.04933574,1.02156646,-1.34652469,-0.00060900,0.19161805,-1.30683439,0.10595298,1.29096260,-1.51492524,-0.11168157,0.44450855,-1.49974284,0.87214413,0.04586163,0.33071442,0.33011479,0.35674324,0.13477929,-0.29114691,0.09300051,-0.13377019,-0.31063115,-0.08646781,0.10115172,-0.31244209,-0.33889761,-0.11962806,-0.28704717,-0.46852207,-0.12522679,-0.01170027,-0.02118725,-0.00509123,0.99969409,-0.11048927,0.00608850,0.03896787,-0.37682247,-0.25989209,0.01948364,-0.55400543,-0.02324175,0.01767270,-0.80856323,-0.24156455,0.04306762,0.01800554,1.20906966,1.71622026,0.96714902,0.92244666,2.37414248,0.21290748,2.11291122,-0.07225369,-0.05662357,2.17279224,-1.23117248
0.89749335,0.04313823,-0.10083001,-0.21297267,-0.06347051,-0.07653247,0.04907816,1.05001462,-1.32111609,0.00976932,0.24252495,-1.30102813,0.10470011,1.33376102,-1.54738941,-0.11170953,0.51527061,-1.54491544,0.87214413,0.04586163,0.33071442,0.32899279,0.34142726,0.13641822,-0.29927792,0.07937804,-0.13528031,-0.30865552,-0.10211906,0.10009132,-0.31149845,-0.34329130,-0.12181066,-0.27889555,-0.45054531,-0.12461742,-0.01392860,-0.02199431,-0.00588043,0.99964377,-0.10761757,0.00798375,0.02971487,-0.37268124,-0.26077477,0.02033727,-0.55154152,-0.02339321,0.01749434,-0.79517403,-0.24259114,0.05009724,-0.01716824,1.45604742,1.20504425,0.44142790,2.75163515,0.00462914,-0.10314970,2.14704609,-1.84899473,0.00385988,3.67592931,-2.34530618
0.92875606,0.03832014,-0.14075920,-0.07095054,0.09057334,0.02901159,0.04686883,1.08449924,-1.31619632,0.00581661,0.32340899,-1.34069729,0.09393857,1.36099565,-1.59403932,-0.11230807,0.59892547,-1.59301853,0.87214413,0.04586163,0.33071442,0.32705489,0.32020412,0.13452339,-0.30405089,0.06709127,-0.13663153,-0.30450661,-0.12180274,0.09974675,-0.30949584,-0.34127339,-0.12557621,-0.27070613,-0.43195534,-0.12411653,-0.01485437,-0.02131028,-0.00572019,0.99964619,-0.11031532,0.00693659,0.02300400,-0.36634541,-0.26146553,0.02254827,-0.55267239,-0.02305854,0.01755904,-0.77456665,-0.24599516,0.05634876,-0.12783900,1.76777589,0.07379293,-0.30220169,4.24082804,-2.29536986,-0.61291021,1.20253074,-2.36145949,-0.03826171,4.24275732,-2.39112115
0.97102477,0.02073856,-0.14344414,0.12287348,0.27278387,0.12642151,0.04487004,1.10142708,-1.33876085,-0.00698585,0.41635451,-1.40637105,0.06978128,1.35163703,-1.64819360,-0.11420909,0.67984899,-1.63182609,0.87214413,0.04586163,0.33071442,0.32490162,0.29699313,0.13127916,-0.30499962,0.06483688,-0.13660578,-0.30149933,-0.14241184,0.10027638,-0.30649957,-0.32938417,-0.13124899,-0.26501033,-0.41245842,-0.12393088,-0.01366847,-0.01865653,-0.00445110,0.99972261,-0.11437359,0.00485021,0.01990200,-0.34877071,-0.26107619,0.02340229,-0.55402336,-0.02246240,0.01840205,-0.74293289,-0.25240987,0.05989129,-0.08698367,0.83501382,-1.23065891,-0.64180398,4.64406137,-3.28645825,-1.22258098,-0.51948735,-2.71186042,-0.09592240,4.03026843,-1.91823432
1.00864433,-0.00706737,-0.12324339,0.29997142,0.47800955,0.12767201,0.05219750,1.10595646,-1.42766399,-0.01929639,0.50343700,-1.46931727,0.03761386,1.30860462,-1.70169802,-0.11665439,0.74844950,-1.65445111,0.87214413,0.04586163,0.33071442,0.32297607,0.27453880,0.12939356,-0.30461587,0.07862191,-0.13280351,-0.29703567,-0.16225046,0.10152290,-0.30343915,-0.31034868,-0.13789894,-0.26111226,-0.39226418,-0.12421562,-0.01073978,-0.01398381,-0.00312603,0.99983966,-0.11695995,0.00354131,0.01836020,-0.31443424,-0.25748481,0.02594040,-0.55390739,-0.02172864,0.01953692,-0.70342827,-0.26026460,0.06186381,0.39485504,0.15937473,-4.59638038,-0.60220308,4.31156425,-3.10618234,-1.61489136,-2.23057635,-2.64798808,-0.12335085,3.38633227,-1.08014336
1.04131428,-0.03317647,-0.08133845,0.40809630,0.56834450,0.03853937,0.06764592,1.08406971,-1.55283196,-0.02763851,0.57601191,-1.51691718,0.00616917,1.24190445,-1.74311547,-0.11957558,0.80424553,-1.66174514,0.87214413,0.04586163,0.33071442,0.32164700,0.25463356,0.12943692,-0.30408957,0.10604472,-0.12621535,-0.29165459,-0.18077287,0.10308547,-0.30082824,-0.28838106,-0.14385832,-0.25892566,-0.37146339,-0.12497369,-0.00673159,-0.00829754,-0.00264303,0.99993942,-0.11616344,0.00314384,0.01755743,-0.26607323,-0.25173610,0.02999241,-0.55170040,-0.02095414,0.02081876,-0.66058502,-0.26733778,0.06272134,0.79666655,-1.22431031,-6.31859875,-0.40406979,3.56878977,-2.30878963,-1.55196595,-3.41377378,-2.00446827,-0.14864623,2.74914241,-0.31360671
1.05681587,-0.04858063,-0.03976407,0.47127930,0.47297559,-0.08080875,0.08871886,1.02921631,-1.67972248,-0.03390012,0.63781551,-1.54878407,-0.01903726,1.16016307,-1.76969109,-0.12407124,0.85789844,-1.66730530,0.87214413,0.04586163,0.33071442,0.32093420,0.23694880,0.13045283,-0.30363781,0.14161864,-0.11814670,-0.28487209,-0.19831346,0.10461210,-0.29761746,-0.26499892,-0.14800850,-0.25887270,-0.35034676,-0.12605825,-0.00209665,-0.00339349,-0.00331439,0.99998655,-0.11254025,0.00282441,0.01729639,-0.20951271,-0.24513912,0.03606211,-0.54796391,-0.02013667,0.02331674,-0.61631889,-0.27231064,0.06206150,1.08564641,-2.94236305,-6.30154991,-0.30531160,3.04242229,-1.50721970,-1.21820741,-4.15871568,-1.24676654,-0.23794108,2.70187259,-0.31176421
1.04884506,-0.05651608,0.00415949,0.53389473,0.27577096,-0.20841833,0.11245000,0.92659056,-1.78570104,-0.03947392,0.69678736,-1.56753540,-0.03748567,1.06646550,-1.78126144,-0.12978907,0.91123879,-1.67206085,0.87214413,0.04586163,0.33071442,0.32091686,0.21979798,0.13197076,-0.30315328,0.18455884,-0.10969656,-0.27664247,-0.21467704,0.10618677,-0.29422581,-0.24010492,-0.15018314,-0.26112238,-0.32934952,-0.12737676,0.00313802,-0.00032651,-0.00523000,0.99998135,-0.10818291,0.00228728,0.01776358,-0.14594841,-0.23899814,0.04427439,-0.54290390,-0.01894988,0.02669105,-0.57101250,-0.27503973,0.05979449,1.19713950,-5.50916386,-5.11129570,-0.27569622,2.94415331,-0.84947342,-0.87589723,-4.76861668,-0.46947238,-0.29153419,2.65427804,-0.21285294
1.02075781,-0.05645593,0.04909052,0.54185236,0.06466792,-0.32155494,0.13385722,0.76135550,-1.83815479,-0.04427291,0.75712911,-1.57165394,-0.04997542,0.95838410,-1.77216668,-0.13645934,0.96109134,-1.66582966,0.87214413,0.04586163,0.33071442,0.32184252,0.20175297,0.13380734,-0.30278141,0.23360397,-0.10267693,-0.26713083,-0.23031033,0.10749668,-0.29251782,-0.21305502,-0.15078294,-0.26587580,-0.30893784,-0.12886460,0.00856848,0.00038967,-0.00841995,0.99992776,-0.10496120,0.00152788,0.01906112,-0.07709522,-0.23545900,0.05471169,-0.53740616,-0.01750657,0.02932470,-0.52450066,-0.27604004,0.05596672,1.06303720,-8.30943146,-2.53731517,-0.23659806,3.01579833,-0.18511389,-0.61655324,-5.41731520,0.48277183,-0.33271924,2.48613071,0.33143232
0.98873148,-0.04908969,0.07992863,0.47346971,-0.13063911,-0.40433248,0.14902073,0.57294378,-1.83157406,-0.04640737,0.81544956,-1.56076846,-0.05610427,0.84342614,-1.74385381,-0.14292420,1.00817722,-1.64943914,0.87214413,0.04586163,0.33071442,0.32340177,0.18314491,0.13605392,-0.30278891,0.28092086,-0.09797121,-0.25756085,-0.24578735,0.10842238,-0.29244982,-0.18514413,-0.15000271,-0.27227309,-0.28916092,-0.13038100,0.01337371,-0.00080195,-0.01241115,0.99983322,-0.10269299,0.00108169,0.02061286,-0.01076031,-0.23529995,0.06584091,-0.53217926,-0.01588681,0.03095194,-0.47797394,-0.27573852,0.05112867,0.73235620,-9.41395760,0.49251935,-0.09683520,2.90225434,0.59024904,-0.28250415,-5.75043535,1.46765602,-0.32516077,2.35910988,0.82175440
0.96600286,-0.03590939,0.10238441,0.38295476,-0.30637823,-0.42964262,0.15515635,0.40088158,-1.77640924,-0.04567146,0.86764699,-1.53273509,-0.05363545,0.73021919,-1.69997180,-0.15095206,1.05761094,-1.63224089,0.87214413,0.04586163,0.33071442,0.32552037,0.16443150,0.13865952,-0.30350591,0.32101138,-0.09557576,-0.25013870,-0.26117863,0.10850513,-0.29265249,-0.15777070,-0.14724880,-0.27976818,-0.26986675,-0.13182696,0.01730636,-0.00375155,-0.01667428,0.99970415,-0.10088654,0.00125147,0.02201446,0.04776592,-0.23809322,0.07538167,-0.52726746,-0.01464114,0.03286788,-0.43247738,-0.27371278,0.04575219,0.26814096,-8.45286875,2.91711597,0.04572352,2.57617712,1.48119729,0.16154130,-5.63776112,2.24576693,-0.41318658,2.48553205,0.86353248
0.96438487,-0.01653379,0.10518952,0.32218655,-0.39037665,-0.35196497,0.14595973,0.26529249,-1.68609381,-0.04281136,0.91221012,-1.48706591,-0.04198341,0.61856791,-1.64384143,-0.16219818,1.11305060,-1.61255891,0.87214413,0.04586163,0.33071442,0.32787492,0.14512117,0.14159751,-0.30516980,0.35179961,-0.09608478,-0.24772710,-0.27827356,0.10746728,-0.29258399,-0.13063762,-0.14207969,-0.28768673,-0.25065403,-0.13306140,0.02063634,-0.00760480,-0.02026029,0.99955281,-0.09987373,0.00249417,0.02270513,0.09693012,-0.24342674,0.08014782,-0.52430878,-0.01432441,0.03529093,-0.38698254,-0.26968997,0.04018819,-0.57451357,-6.56496382,4.70840220,0.15531875,2.18550749,2.38028791,0.63633366,-5.58959293,2.87733483,-0.58269537,2.81819606,1.00531625
0.97289986,0.00431929,0.08647365,0.28891042,-0.43637001,-0.12757655,0.12595381,0.17911133,-1.57472670,-0.03943264,0.95094377,-1.43104410,-0.02510490,0.51648396,-1.57868028,-0.17456406,1.17550063,-1.58876884,0.87214413,0.04586163,0.33071442,0.33008263,0.12540430,0.14456081,-0.30685386,0.37104219,-0.09785553,-0.25337237,-0.29788805,0.10615060,-0.29155837,-0.10585678,-0.13536427,-0.29573315,-0.23128510,-0.13396580,0.02364151,-0.01187713,-0.02181124,0.99941197,-0.09961796,0.00491484,0.02322876,0.13507271,-0.24811469,0.07671025,-0.52419376,-0.01476114,0.03852426,-0.34301758,-0.26452228,0.03434947,-1.05104768,-3.92222357,5.68255615,0.16796528,1.89971197,2.85620189,0.86932391,-5.00500870,3.31295705,-0.61929697,3.16949821,1.21997583
0.97583632,0.00629834,0.01819358,0.28470712,-0.41542658,0.10218275,0.10332870,0.16606978,-1.47983346,-0.03981735,0.98504701,-1.37331886,-0.01050664,0.46719726,-1.53080215,-0.18402377,1.23517237,-1.56285605,0.87214413,0.04586163,0.33071442,0.33108829,0.10604328,0.14633668,-0.30783332,0.37249604,-0.09944086,-0.26705734,-0.31720242,0.10584874,-0.28925273,-0.09387069,-0.12910595,-0.30302134,-0.21179981,-0.13468487,0.02659442,-0.01594120,-0.02076665,0.99930344,-0.09965115,0.00702709,0.02325496,0.15614815,-0.24981993,0.06403095,-0.52423229,-0.01549059,0.04183556,-0.31105671,-0.25969734,0.02806695,-1.13654985,-0.58650484,4.70560412,-0.02470681,1.70313323,2.87740350,0.72435853,-2.38371686,2.34423473,-0.47001275,2.97821593,1.27121104
0.96802565,-0.00556041,-0.05289623,0.27437651,-0.39443733,0.21471267,0.07881733,0.19248975,-1.41303167,-0.04327260,1.01854382,-1.32465272,-0.00011997,0.47235395,-1.51869416,-0.19103462,1.29294581,-1.55926542,0.87214413,0.04586163,0.33071442,0.33084410,0.08812619,0.14705437,-0.30721039,0.36371579,-0.10211568,-0.28155962,-0.33143560,0.10652571,-0.28430769,-0.09415183,-0.12411093,-0.30810082,-0.19242001,-0.13546771,0.02945673,-0.01980568,-0.01858131,0.99919706,-0.09872227,0.00810090,0.02363370,0.16711464,-0.25144886,0.04928448,-0.51952915,-0.01631701,0.04653641,-0.29125957,-0.25587880,0.02274328,-1.21795931,1.38775110,3.25446200,-0.17611168,1.67891896,2.38700705,0.50499095,0.39917848,0.49605411,-0.34091626,2.89654231,0.07845067
0.96140897,-0.02169421,-0.11891335,0.23957846,-0.26282745,0.20642463,0.06192319,0.24143770,-1.38330078,-0.04639121,1.05468969,-1.29406338,0.00528190,0.51993608,-1.54001937,-0.19315818,1.34720275,-1.58175185,0.87214413,0.04586163,0.33071442,0.32938634,0.07207115,0.14761371,-0.30428779,0.34931522,-0.10383783,-0.29299283,-0.33974825,0.10853955,-0.27668051,-0.10418916,-0.12093628,-0.31009544,-0.17312698,-0.13639650,0.03199921,-0.02248716,-0.01644016,0.99909964,-0.09603176,0.00865654,0.02509855,0.17241840,-0.25216267,0.03639351,-0.50894966,-0.01625974,0.05270582,-0.28140564,-0.25368545,0.01929089,-0.78375287,2.53917136,1.28708971,-0.14586549,1.82562721,1.44129891,0.24893077,2.52067261,-1.18190137,-0.07655776,2.66194129,-1.18292990
0.97310258,-0.03016919,-0.16543068,0.10587304,-0.02784394,0.10431410,0.06146909,0.31065766,-1.39854569,-0.04539998,1.08903389,-1.28080401,0.00781137,0.58806624,-1.57299280,-0.18793623,1.38283994,-1.61287491,0.87214413,0.04586163,0.33071442,0.32700868,0.05878883,0.14861293,-0.30012768,0.33073668,-0.10236394,-0.29997675,-0.34231704,0.11145165,-0.26940044,-0.12025732,-0.11949115,-0.31011043,-0.15360184,-0.13740185,0.03328049,-0.02298942,-0.01527001,0.99906492,-0.09007664,0.00924903,0.02688100,0.17368145,-0.25032118,0.02703193,-0.49216805,-0.01502806,0.05760824,-0.27762985,-0.25297439,0.01689825,0.08074127,3.57194366,-1.01254883,0.08059493,1.68085945,0.57783649,0.11891184,3.47042203,-1.64951265,0.30493245,1.64656720,-1.58391082
1.00529321,-0.02275775,-0.16212770,-0.10283483,0.18248518,-0.02421013,0.07004829,0.39193037,-1.44457304,-0.03866019,1.12049687,-1.29289889,0.01226076,0.66279036,-1.61197019,-0.17616050,1.39408886,-1.65379679,0.87214413,0.04586163,0.33071442,0.32455924,0.05056878,0.15006412,-0.29493310,0.31003478,-0.10008376,-0.30282641,-0.33763997,0.11451357,-0.26365630,-0.13854453,-0.11885265,-0.30762768,-0.13348961,-0.13831273,0.03252912,-0.02145892,-0.01536761,0.99912222,-0.07812500,0.01004899,0.02962615,0.17316914,-0.24830700,0.02173283,-0.46727562,-0.01300907,0.06090294,-0.27578163,-0.25265223,0.01693156,0.46757025,4.12869024,-2.48404002,0.37895811,1.56251180,-0.81572050,0.24544977,3.77018785,-2.00848818,0.63240671,0.38620946,-2.13020325
1.03755584,0.00025474,-0.13695396,-0.29451132,0.34976334,-0.09050652,0.08302085,0.47702322,-1.50675766,-0.02998142,1.13979850,-1.34407301,0.01902080,0.73051538,-1.63994236,-0.15975856,1.37012498,-1.70387187,0.87214413,0.04586163,0.33071442,0.32254955,0.05330966,0.15072488,-0.29006537,0.28901918,-0.09842713,-0.30217658,-0.32339820,0.11711656,-0.26068454,-0.15681224,-0.11884561,-0.30450278,-0.11267242,-0.13886023,0.02956035,-0.01807149,-0.01632491,0.99926628,-0.05431137,0.00998162,0.03248417,0.17286396,-0.24697571,0.02037296,-0.43193817,-0.01090685,0.06186500,-0.27340240,-0.25235133,0.01804677,0.65018934,4.25778112,-3.10901332,0.43076482,0.94540500,-2.61941099,0.34010218,3.37639165,-1.38185967,0.82564235,-1.24276104,-2.50334620
1.05013835,0.02975472,-0.11932291,-0.44497009,0.43817797,-0.05257947,0.09571222,0.56277475,-1.56566317,-0.02409768,1.14552040,-1.43669176,0.02681373,0.79049904,-1.65571842,-0.14000667,1.31651232,-1.75127859,0.87214413,0.04586163,0.33071442,0.32075105,0.06810174,0.14966158,-0.28500012,0.26751202,-0.09795314,-0.30066197,-0.30300887,0.11957009,-0.25995646,-0.17462668,-0.11936875,-0.30154275,-0.09160004,-0.13890640,0.02509104,-0.01380061,-0.01695655,0.99944608,-0.01836090,0.00830930,0.03575092,0.17236271,-0.24605660,0.02008908,-0.39029045,-0.00892404,0.06079459,-0.27025223,-0.25216174,0.01920830,0.62394804,4.27846975,-2.91357112,0.28210594,0.24868010,-4.74185781,0.38947442,2.97106624,-0.75058646,0.99336734,-2.75428510,-2.34568963
1.03798096,0.05707336,-0.09850889,-0.51431495,0.42536194,0.07976815,0.10428021,0.64239448,-1.61074674,-0.02370101,1.13454952,-1.55316730,0.03396016,0.84163489,-1.66035407,-0.11958903,1.23892195,-1.78791199,0.87214413,0.04586163,0.33071442,0.31918190,0.09199345,0.14664726,-0.27919983,0.24690863,-0.09907938,-0.29918217,-0.27885307,0.12177024,-0.26100421,-0.19119095,-0.12043476,-0.29908274,-0.07074089,-0.13841702,0.01990558,-0.00957780,-0.01633585,0.99962252,0.02604847,0.00511010,0.03998207,0.17275867,-0.24560171,0.01999973,-0.34541759,-0.00749821,0.05817769,-0.26580734,-0.25246784,0.02009916,0.40840679,3.93788171,-2.17936690,-0.01087475,-0.64064169,-5.84050322,0.35120042,2.52454710,-0.19681119,1.01599313,-3.97199097,-1.77322905
1.00600065,0.07340139,-0.06364552,-0.47775639,0.33171489,0.27339146,0.11168317,0.71344174,-1.63963811,-0.03366347,1.09704242,-1.66973042,0.03893837,0.88819082,-1.65659950,-0.10029213,1.13964584,-1.80745902,0.87214413,0.04586163,0.33071442,0.31812261,0.12242055,0.14106561,-0.27341399,0.22785279,-0.10016577,-0.29828140,-0.25186190,0.12383723,-0.26376507,-0.20711310,-0.12189887,-0.29727096,-0.05049019,-0.13751374,0.01501687,-0.00617092,-0.01385674,0.99977218,0.07581768,0.00008212,0.04470861,0.17447987,-0.24399638,0.01984121,-0.29879971,-0.00669914,0.05435754,-0.26092300,-0.25358787,0.02085165,0.37849051,3.50974250,-1.35745800,-0.57100641,-2.04861956,-5.81230497,0.23334948,2.31424189,0.23665950,0.95852641,-5.08819017,-0.86492865
0.95919756,0.07536628,-0.01706664,-0.42865066,0.22527326,0.46056884,0.12065176,0.78173965,-1.65355587,-0.05638329,1.00721860,-1.78038073,0.04360453,0.93360490,-1.64525616,-0.08034232,1.01576364,-1.80336750,0.87214413,0.04586163,0.33071442,0.31783551,0.16406439,0.13261715,-0.26722008,0.20858317,-0.10022560,-0.29830572,-0.22151699,0.12635665,-0.26833366,-0.22332900,-0.12308013,-0.29625921,-0.03114033,-0.13639025,0.01066054,-0.00376906,-0.00951566,0.99989079,0.13542843,-0.00693261,0.05061543,0.17548943,-0.24058360,0.01952979,-0.25020218,-0.00582346,0.04950185,-0.25678062,-0.25518006,0.02157630,0.45991433,3.40871191,-0.58970684,-1.22712266,-4.92772532,-5.48131180,0.23796780,2.26606250,0.61858886,1.00717926,-6.37797785,0.38475034
0.91515922,0.06458439,0.02909061,-0.39574739,0.12777976,0.59752029,0.12990456,0.84345400,-1.64789875,-0.09086074,0.83305167,-1.84287539,0.05427663,0.97840159,-1.63280098,-0.06100926,0.87785873,-1.77006695,0.87214413,0.04586163,0.33071442,0.31850622,0.21728487,0.12202441,-0.26085155,0.18919779,-0.09972487,-0.29965419,-0.19003510,0.12911385,-0.27408970,-0.23902953,-0.12232495,-0.29546793,-0.01280899,-0.13523099,0.00669741,-0.00245441,-0.00355258,0.99996825,0.20534134,-0.01476065,0.05765467,0.17567215,-0.23630379,0.01885203,-0.20191765,-0.00476398,0.04441652,-0.25270557,-0.25584666,0.02303829,0.46294460,3.07323909,0.29838321,-1.72501662,-8.78449230,-3.02466897,0.54242074,2.23585081,0.62413782,0.96142938,-6.90556860,1.70151458
0.87576245,0.03653759,0.06119187,-0.32543699,0.01567995,0.58550761,0.13767766,0.89511697,-1.63075159,-0.12347637,0.62506684,-1.83431425,0.07045521,1.02169826,-1.61813610,-0.04712930,0.73491662,-1.71179569,0.87214413,0.04586163,0.33071442,0.31977673,0.26913581,0.11265133,-0.25529329,0.17139792,-0.09913510,-0.30135708,-0.15832703,0.13080677,-0.28088158,-0.25419707,-0.11957348,-0.29523678,0.00474052,-0.13439227,0.00339234,-0.00213528,0.00237503,0.99998915,0.27333984,-0.02046769,0.06448343,0.17660599,-0.23271459,0.01841965,-0.15420418,-0.00433673,0.03889515,-0.24888744,-0.25516818,0.02453994,0.37233565,2.54502568,0.89462320,-1.60644166,-10.35668888,0.63829559,0.81991537,2.16975260,0.74844640,0.66558485,-7.14586020,2.98083234
0.84315661,-0.00463531,0.08779040,-0.22150988,-0.20923182,0.39773522,0.14013816,0.93476589,-1.60060906,-0.14440874,0.44471309,-1.76449735,0.08899987,1.06715319,-1.59846048,-0.04427103,0.59693928,-1.63461766,0.87214413,0.04586163,0.33071442,0.32162060,0.31026642,0.10636182,-0.25318234,0.15604680,-0.09937783,-0.30337428,-0.12720846,0.12996509,-0.28881526,-0.26965976,-0.11556732,-0.29614460,0.02163315,-0.13420416,0.00108644,-0.00403553,0.00656724,0.99996970,0.33047676,-0.02377902,0.06843826,0.17897091,-0.23152519,0.01824633,-0.10727024,-0.00591996,0.03280534,-0.24648647,-0.25330100,0.02547601,0.10253762,1.93855040,1.56254900,-0.97846547,-8.82648106,3.68292465,0.92892045,2.28449092,1.00348375,0.08952270,-6.85170984,3.91343012
0.83069318,-0.04453157,0.10256400,-0.14821851,-0.33556595,0.09338692,0.14099917,0.96650894,-1.56237354,-0.14978756,0.31568649,-1.66544735,0.10734676,1.11249273,-1.57570438,-0.04992233,0.48498094,-1.55725427,0.87214413,0.04586163,0.33071442,0.32387944,0.33889889,0.10348785,-0.25567949,0.14210332,-0.09961027,-0.30560016,-0.10126566,0.12707926,-0.29619546,-0.28495192,-0.11126330,-0.29739349,0.03823967,-0.13474805,-0.00048054,-0.00728158,0.00787839,0.99994234,0.37546501,-0.02593047,0.06819995,0.18189564,-0.23210574,0.01827928,-0.06501675,-0.00928098,0.02768398,-0.24492283,-0.25048965,0.02648595,0.04754305,1.55198896,1.93728292,-0.18155836,-6.12926388,5.05275068,0.91367942,2.25407834,1.14890661,-0.31427025,-5.38488321,3.81549435
0.83272447,-0.07066089,0.09910706,-0.13646844,-0.38865774,-0.22678373,0.14240374,0.99521649,-1.52350807,-0.14209361,0.23926139,-1.56551182,0.12226559,1.15683532,-1.55583906,-0.05715626,0.41760251,-1.50027907,0.87214413,0.04586163,0.33071442,0.32623401,0.35547738,0.10337165,-0.26201752,0.12892391,-0.09968735,-0.30725016,-0.08499151,0.12383973,-0.30200516,-0.29913355,-0.10804333,-0.29776746,0.05485439,-0.13587606,-0.00189391,-0.01109102,0.00605991,0.99991834,0.40904808,-0.02818809,0.06421649,0.18498135,-0.23398782,0.01898386,-0.03163719,-0.01307932,0.02422885,-0.24294281,-0.24755001,0.02846655,0.07341742,1.42260420,1.93681943,0.47173348,-3.45627284,4.95550585,0.71349347,2.21360922,0.95880741,-0.36167037,-3.02963901,2.67121530
0.84014759,-0.07780802,0.06834289,-0.16518552,-0.39056543,-0.45119054,0.14207972,1.01781802,-1.48156796,-0.12264787,0.20963216,-1.47828078,0.13190176,1.19954240,-1.53821151,-0.06217505,0.39933884,-1.47044294,0.87214413,0.04586163,0.33071442,0.32813811,0.36068334,0.10602318,-0.27143695,0.11670804,-0.10048528,-0.30873803,-0.08009666,0.12106715,-0.30708314,-0.31235663,-0.10667067,-0.29701224,0.07160816,-0.13736280,-0.00361379,-0.01498922,0.00159958,0.99987985,0.43193874,-0.03014683,0.05670116,0.18864803,-0.23746139,0.01940008,-0.00888863,-0.01656131,0.02105496,-0.24039383,-0.24506634,0.03112587,-0.01967043,1.12744179,2.09387827,0.98191838,-1.43500519,4.33219237,0.47457253,2.13375235,0.87309831,-0.24724611,-0.85891870,1.45384302
0.85089167,-0.07322361,0.01599675,-0.18905036,-0.33121123,-0.56477707,0.13975696,1.04016018,-1.44316978,-0.09776113,0.21133552,-1.41243529,0.13667610,1.24159443,-1.52804439,-0.06481812,0.41885852,-1.47025363,0.87214413,0.04586163,0.33071442,0.32915944,0.35783376,0.11052712,-0.28144235,0.10462794,-0.10219885,-0.30928322,-0.08378100,0.11898313,-0.31045890,-0.32417176,-0.10699262,-0.29454240,0.08857479,-0.13895501,-0.00558787,-0.01832813,-0.00400024,0.99980841,0.44725971,-0.03122213,0.04771709,0.19240246,-0.24196679,0.01987623,0.00572433,-0.01932206,0.01870055,-0.23642159,-0.24341605,0.03461704,-0.11877733,1.12768788,1.90012689,1.25058985,0.16621273,3.22521663,0.22627900,2.10406065,0.47514721,-0.12686231,1.08249341,-0.09718609
0.86893111,-0.06312478,-0.04373624,-0.17944120,-0.21351293,-0.57527184,0.13661562,1.07023125,-1.41848602,-0.07381208,0.24054129,-1.37259498,0.13683503,1.28508341,-1.53384175,-0.06598357,0.47105392,-1.50095391,0.87214413,0.04586163,0.33071442,0.32911242,0.34773302,0.11541865,-0.29114720,0.09198233,-0.10446168,-0.30754981,-0.09470131,0.11759991,-0.31098491,-0.33364386,-0.10877933,-0.28943767,0.10590458,-0.14056333,-0.00751264,-0.02055648,-0.00975711,0.99971285,0.45579128,-0.03184806,0.03796521,0.19586258,-0.24677326,0.02156260,0.01348057,-0.02116534,0.01812750,-0.22976799,-0.24291124,0.03967475,-0.15997391,1.55968225,1.13660709,1.17556961,1.57322335,1.86607916,-0.01333183,2.18590021,-0.38309523,-0.05407842,2.72350845,-1.63060713
0.89733966,-0.05562005,-0.09571835,-0.10358038,-0.05304815,-0.49156626,0.13291320,1.10960231,-1.41121531,-0.05874523,0.29686667,-1.36748767,0.13104360,1.33238084,-1.57079954,-0.06670391,0.54314039,-1.54577608,0.87214413,0.04586163,0.33071442,0.32808943,0.33106084,0.11864174,-0.29902017,0.07896951,-0.10682029,-0.30330966,-0.11078999,0.11688843,-0.30963502,-0.33837318,-0.11205281,-0.28040327,0.12380276,-0.14222372,-0.00875435,-0.02124604,-0.01477360,0.99962678,0.45818577,-0.03329649,0.02906927,0.19962044,-0.25130368,0.02477977,0.01647205,-0.02215105,0.01845441,-0.21769714,-0.24435138,0.04768617,-0.18782489,2.00542400,0.28698633,0.68640335,2.97453017,0.03397179,-0.32779685,2.39150457,-2.06626633,-0.03576019,3.68949566,-2.28673391
0.93459906,-0.05499170,-0.12844531,0.04814496,0.12408404,-0.35302340,0.12685360,1.14650393,-1.41427135,-0.05538741,0.37444398,-1.39922845,0.11479843,1.36849606,-1.63515103,-0.06842674,0.62346864,-1.59155202,0.87214413,0.04586163,0.33071442,0.32638663,0.31013594,0.11958023,-0.30328999,0.06786079,-0.10911840,-0.29855311,-0.12989286,0.11675463,-0.30702055,-0.33522708,-0.11715418,-0.26956047,0.14242077,-0.14402921,-0.00859430,-0.02021645,-0.01849944,0.99958752,0.45673275,-0.03590101,0.02309664,0.20623493,-0.25556245,0.02783352,0.01689625,-0.02259037,0.01936609,-0.19687653,-0.24881299,0.05682616,-0.32519993,1.80195081,-0.21779536,0.08427053,4.01225376,-1.84482324,-0.89768344,1.68062198,-3.38232255,-0.09629443,4.05624390,-2.27552176
0.97340268,-0.06142174,-0.13281012,0.22819394,0.35145120,-0.24502766,0.11537801,1.14059172,-1.41280923,-0.05861713,0.45649942,-1.44992049,0.08294821,1.35383108,-1.68751678,-0.07271758,0.69612918,-1.62215347,0.87214413,0.04586163,0.33071442,0.32440167,0.28841914,0.12000175,-0.30437732,0.06718815,-0.11123449,-0.29955449,-0.14957512,0.11692969,-0.30421597,-0.32296595,-0.12432476,-0.26358961,0.16187916,-0.14609563,-0.00647432,-0.01670575,-0.02097691,0.99961941,0.45505638,-0.03823860,0.02002435,0.22436523,-0.26003794,0.02484718,0.01731567,-0.02302382,0.02018570,-0.16599522,-0.25682974,0.06081207,-0.57031108,-0.28506086,-0.07081318,-0.16129275,4.09698524,-2.53395915,-1.60351670,-0.79451034,-2.61315227,-0.21666132,3.61793780,-1.50917807
1.00932548,-0.07367686,-0.11407593,0.36724260,0.55844677,-0.23077369,0.10761930,1.13276978,-1.49610338,-0.06073842,0.53191584,-1.49805620,0.04629640,1.30185521,-1.73506265,-0.07808274,0.75820496,-1.63888512,0.87214413,0.04586163,0.33071442,0.32255698,0.26751636,0.12164219,-0.30454888,0.08273915,-0.11205083,-0.29540506,-0.16889956,0.11745171,-0.30122010,-0.30361247,-0.13176850,-0.26002624,0.18198109,-0.14849965,-0.00300918,-0.01110975,-0.02327879,0.99966275,0.45486298,-0.03942490,0.01800810,0.25942192,-0.26427561,0.02715192,0.01872406,-0.02332334,0.02133688,-0.12742863,-0.26601177,0.06253074,-0.36810920,-0.46294212,-4.29267278,-0.09594779,3.73336363,-2.38443360,-1.82557647,-2.66559639,-2.35477052,-0.26840562,3.07338643,-0.80235671
1.04063588,-0.08272892,-0.07347109,0.43942527,0.59264756,-0.30097952,0.10664710,1.09666374,-1.61075902,-0.06055038,0.59562467,-1.53614514,0.01448496,1.22995584,-1.77155585,-0.08382790,0.81254333,-1.64676824,0.87214413,0.04586163,0.33071442,0.32123286,0.24905014,0.12437783,-0.30420051,0.11133873,-0.11070492,-0.29006848,-0.18728929,0.11821414,-0.29801511,-0.28179562,-0.13769129,-0.25807758,0.20265656,-0.15121974,0.00117354,-0.00501636,-0.02624068,0.99964238,0.45789051,-0.04008268,0.01703235,0.30803242,-0.26761485,0.03116438,0.02182884,-0.02334012,0.02321775,-0.08597641,-0.27393354,0.06315528,-0.02039757,-1.94445262,-5.79046535,0.01226216,3.14327979,-1.84868281,-1.55619607,-3.66059709,-1.75917857,-0.29076288,2.70034909,-0.37412164
1.04472539,-0.08566350,-0.02479180,0.47916453,0.44215961,-0.40160341,0.11228912,1.02518551,-1.72553682,-0.06063097,0.65260729,-1.56152418,-0.00944375,1.14112132,-1.79245052,-0.09097374,0.86538633,-1.65242543,0.87214413,0.04586163,0.33071442,0.32063391,0.23214409,0.12718347,-0.30382601,0.14845612,-0.10758540,-0.28326394,-0.20464467,0.11883673,-0.29457151,-0.25785608,-0.14147333,-0.25877835,0.22342644,-0.15416096,0.00578936,-0.00026635,-0.03016072,0.99952826,0.46281681,-0.04120627,0.01680789,0.36512547,-0.27050194,0.03736997,0.02631950,-0.02320118,0.02606239,-0.04249077,-0.27982917,0.06185556,0.32003087,-3.78848214,-5.68242741,-0.00957575,2.82402968,-1.19761703,-1.15198379,-4.54544835,-0.95422976,-0.36779395,2.64376521,-0.28063487
1.01880856,-0.08416463,0.02869858,0.49735759,0.22225260,-0.50490389,0.12061851,0.90595675,-1.81409776,-0.06176219,0.70885974,-1.57585561,-0.02656317,1.03345454,-1.79508400,-0.09756979,0.91745168,-1.65377581,0.87214413,0.04586163,0.33071442,0.32092512,0.21546022,0.12974909,-0.30336778,0.19216879,-0.10394996,-0.27535628,-0.22110254,0.11977682,-0.29154447,-0.23084377,-0.14341347,-0.26236694,0.24372292,-0.15725958,0.01066387,0.00238910,-0.03507839,0.99932481,0.46774387,-0.04292434,0.01755734,0.42813683,-0.27441737,0.04556884,0.03155518,-0.02228673,0.02938065,0.00339890,-0.28414784,0.05855818,0.42437819,-6.33165789,-4.19410944,-0.06429411,2.81787133,-0.64176315,-0.81010419,-5.51979971,0.00568628,-0.31905365,2.59468293,-0.02556324
0.98081881,-0.07892006,0.06617497,0.44509112,-0.00025249,-0.59146166,0.12771301,0.73626064,-1.84924874,-0.06222218,0.76677698,-1.57701256,-0.03693600,0.91156163,-1.77409275,-0.10426003,0.96791325,-1.64705646,0.87214413,0.04586163,0.33071442,0.32206279,0.19800495,0.13230793,-0.30293243,0.23965382,-0.10135131,-0.26628742,-0.23689932,0.12050584,-0.28986537,-0.20162475,-0.14385863,-0.26830922,0.26316910,-0.16047502,0.01515452,0.00254337,-0.04095738,0.99904272,0.47132874,-0.04479912,0.01913036,0.49373398,-0.28108132,0.05577537,0.03691559,-0.02100353,0.03219742,0.05045738,-0.28736699,0.05375357,0.34966472,-8.51704330,-1.68116284,-0.01927641,2.89630628,-0.03882837,-0.50968633,-6.09921360,1.07816212,-0.33522621,2.51835799,0.34833668
0.94856968,-0.06964051,0.08738532,0.34165524,-0.22726227,-0.63891165,0.13003473,0.55251901,-1.83165722,-0.06000106,0.82399687,-1.56445310,-0.04053791,0.78889289,-1.73440669,-0.11156446,1.01641421,-1.63407390,0.87214413,0.04586163,0.33071442,0.32367979,0.17995843,0.13516713,-0.30263791,0.28491867,-0.10039752,-0.25695887,-0.25191010,0.12057161,-0.28959450,-0.17244840,-0.14287594,-0.27548437,0.28195534,-0.16371760,0.01874502,0.00043193,-0.04728117,0.99870563,0.47387276,-0.04614679,0.02104188,0.55612106,-0.29056973,0.06672092,0.04255562,-0.01989832,0.03408529,0.09678650,-0.28967190,0.04819542,0.09365969,-9.16634445,1.02507009,0.11925163,2.85179734,0.67004154,-0.15716050,-6.11835232,2.02825339,-0.36779162,2.42904258,0.64991421
0.92870979,-0.05730135,0.09751375,0.24300250,-0.40488232,-0.62738906,0.12526880,0.38720839,-1.77025087,-0.05545730,0.87627566,-1.53528962,-0.03581266,0.67098480,-1.68072753,-0.12126958,1.06905375,-1.62294745,0.87214413,0.04586163,0.33071442,0.32564989,0.16154419,0.13825254,-0.30300340,0.32344439,-0.10100744,-0.24970703,-0.26675064,0.11958424,-0.28935666,-0.14404420,-0.13993178,-0.28327662,0.30030422,-0.16693127,0.02143043,-0.00349356,-0.05350238,0.99833162,0.47571125,-0.04675364,0.02264650,0.61108704,-0.30196024,0.07594287,0.04787712,-0.01949704,0.03629323,0.14211712,-0.29065062,0.04237327,-0.26432023,-8.12269363,3.21747756,0.23402321,2.58292198,1.54007714,0.27366407,-5.87796631,2.73598742,-0.50412239,2.66537309,0.53618856
0.92729724,-0.03984926,0.08772703,0.20091816,-0.50177552,-0.51156616,0.11009124,0.25434618,-1.67358587,-0.04903436,0.92157283,-1.48739381,-0.02285749,0.55535945,-1.61406875,-0.13570425,1.13049979,-1.61141424,0.87214413,0.04586163,0.33071442,0.32763649,0.14217225,0.14175852,-0.30434531,0.35391430,-0.10321486,-0.24749051,-0.28352627,0.11721664,-0.28858354,-0.11586981,-0.13466122,-0.29142120,0.31858425,-0.17000502,0.02371282,-0.00842494,-0.05867690,0.99795979,0.47643147,-0.04593777,0.02329119,0.65791550,-0.31409855,0.08014598,0.05079880,-0.02027915,0.03905295,0.18769131,-0.29011537,0.03621529,-0.83697075,-6.46146278,5.03867583,0.33310321,2.22605963,2.50021055,0.69265584,-5.77587776,3.41070533,-0.75016266,3.12697053,0.60086197
0.93135290,-0.02138730,0.06504613,0.21264249,-0.56234088,-0.25077149,0.08885694,0.16987452,-1.55621684,-0.04218332,0.95961761,-1.42775369,-0.00734534,0.46229762,-1.54636478,-0.15229383,1.19687986,-1.59283626,0.87214413,0.04586163,0.33071442,0.32940611,0.12260550,0.14557013,-0.30575630,0.37310663,-0.10554775,-0.25347944,-0.30257313,0.11450904,-0.28738379,-0.09282255,-0.12833473,-0.29926503,0.33695698,-0.17283060,0.02611129,-0.01390070,-0.06145596,0.99767136,0.47658730,-0.04350100,0.02364981,0.69418907,-0.32360896,0.07592668,0.05082512,-0.02186247,0.04202232,0.22900867,-0.28873140,0.03014108,-1.08323550,-3.83050084,5.97277832,0.34085509,1.84911478,3.04673886,0.77872866,-4.43015099,3.35676646,-0.83681339,3.34100938,0.98724598
0.93584284,-0.02107073,0.00198154,0.23829515,-0.53490292,-0.00385606,0.06709880,0.15899140,-1.45737038,-0.03929801,0.99170742,-1.36806693,0.00477146,0.43255787,-1.50830002,-0.16574489,1.25720937,-1.57012002,0.87214413,0.04586163,0.33071442,0.33010161,0.10404465,0.14837629,-0.30636155,0.37420486,-0.10729124,-0.26754533,-0.32075565,0.11304195,-0.28537878,-0.08473301,-0.12267124,-0.30602153,0.35546227,-0.17556352,0.02881785,-0.01910166,-0.06142831,0.99751252,0.47706547,-0.04120031,0.02374006,0.71351719,-0.32832921,0.06255628,0.05115738,-0.02370436,0.04472283,0.25620270,-0.28680854,0.02408008,-1.09141827,-0.48108187,4.89930539,0.13853215,1.60275280,2.96960568,0.60072717,-1.40277020,1.84306812,-0.66796048,3.01160407,1.10690965
0.93999120,-0.02985110,-0.06552848,0.24430239,-0.45988155,0.10655905,0.04516198,0.18643934,-1.39015536,-0.03978909,1.02358289,-1.32073765,0.01301258,0.45837511,-1.51132813,-0.17551576,1.31397340,-1.56967733,0.87214413,0.04586163,0.33071442,0.32963134,0.08714417,0.15006869,-0.30526864,0.36516343,-0.10968548,-0.28204613,-0.33367770,0.11286825,-0.28066971,-0.08923146,-0.11823742,-0.31022751,0.37409325,-0.17835889,0.03155802,-0.02359099,-0.06029683,0.99740255,0.47887859,-0.04003048,0.02436270,0.72316532,-0.33173398,0.04758521,0.05666008,-0.02566234,0.04896163,0.27111588,-0.28483894,0.01940383,-1.08107214,1.44033737,3.25952172,-0.02965164,1.60031664,2.31654863,0.39886321,1.42534724,-0.26148316,-0.47470378,2.82690215,-0.05609035
0.94790176,-0.03911546,-0.12437648,0.20520585,-0.25415506,0.08277563,0.03355589,0.23800554,-1.36609237,-0.03998332,1.05816307,-1.29199910,0.01742687,0.52106054,-1.54391582,-0.17925089,1.36110218,-1.58788810,0.87214413,0.04586163,0.33071442,0.32809932,0.07178895,0.15143354,-0.30212519,0.35014758,-0.11031093,-0.29322869,-0.34099530,0.11405541,-0.27420155,-0.10268784,-0.11547010,-0.31147482,0.39291534,-0.18124688,0.03386554,-0.02618797,-0.05936888,0.99731773,0.48240509,-0.03955229,0.02597412,0.72724457,-0.33289054,0.03487063,0.06812248,-0.02698727,0.05389777,0.27707882,-0.28352120,0.01662450,-0.50853478,2.68361092,0.97408666,0.00345205,1.74296939,1.35085053,0.20883146,3.23398213,-1.70482488,-0.15407841,2.28268416,-0.94062278
0.97266752,-0.03856781,-0.16346129,0.06707283,0.04331160,-0.03752718,0.03921529,0.31200130,-1.39154756,-0.03591528,1.09007082,-1.28161936,0.02104763,0.59846766,-1.58987515,-0.17583555,1.38865488,-1.61778679,0.87214413,0.04586163,0.33071442,0.32578601,0.05942671,0.15305466,-0.29801293,0.33055263,-0.10749210,-0.29975633,-0.34206604,0.11598154,-0.26785826,-0.12045107,-0.11414186,-0.30965230,0.41222458,-0.18414611,0.03470426,-0.02606267,-0.05961405,0.99727755,0.48971252,-0.03939501,0.02777309,0.72736397,-0.33079794,0.02602969,0.08668213,-0.02767565,0.05792775,0.27886219,-0.28289476,0.01613371,0.38385507,3.81878252,-1.53887835,0.23286093,1.55470264,0.42147589,0.18498600,3.91786170,-2.35624247,0.20959336,1.25562856,-1.58172932
1.01175534,-0.02287926,-0.15487006,-0.13089284,0.28486021,-0.16847642,0.05320778,0.39788052,-1.44646835,-0.02726969,1.11582291,-1.29557729,0.02631673,0.67510366,-1.62924385,-0.16629234,1.39114940,-1.66055334,0.87214413,0.04586163,0.33071442,0.32349911,0.05284410,0.15469560,-0.29358444,0.30878687,-0.10403066,-0.30226111,-0.33526802,0.11799948,-0.26288463,-0.13966541,-0.11366189,-0.30683143,0.43227768,-0.18692499,0.03349227,-0.02364949,-0.06117671,0.99728450,0.50385475,-0.03995577,0.02991468,0.72582150,-0.32835954,0.02123801,0.11418438,-0.02835268,0.06061448,0.27962303,-0.28243421,0.01666768,0.73251283,4.35329819,-2.90763593,0.46332565,1.24639022,-0.89251751,0.27796423,3.80033588,-1.87339056,0.51902622,-0.06485224,-2.22360849
1.04374810,0.00703146,-0.13293141,-0.31395894,0.44273306,-0.21637519,0.07069481,0.48579375,-1.51355722,-0.01896775,1.13329163,-1.35706081,0.03338938,0.74241151,-1.65444298,-0.15100369,1.35886426,-1.71047437,0.87214413,0.04586163,0.33071442,0.32158430,0.05789017,0.15479803,-0.28865585,0.28711284,-0.10141763,-0.30136799,-0.31932758,0.11992447,-0.26062637,-0.15838696,-0.11393538,-0.30375695,0.45308876,-0.18931243,0.03008830,-0.01952392,-0.06341950,0.99734221,0.53028088,-0.04317867,0.03292845,0.72489223,-0.32657929,0.02021631,0.15169888,-0.02957476,0.06095793,0.28144379,-0.28207937,0.01782735,0.87315357,4.39596996,-3.34729362,0.40992320,0.85759014,-3.14020271,0.35461806,3.35242844,-1.24070967,0.77244985,-1.65358958,-2.49090362
1.05295784,0.04080626,-0.11573465,-0.46589951,0.50927670,-0.14841262,0.08607394,0.57206167,-1.57272995,-0.01471172,1.13804560,-1.45838146,0.04071002,0.80037838,-1.66685286,-0.13108558,1.30066295,-1.75505588,0.87214413,0.04586163,0.33071442,0.31985675,0.07449009,0.15276703,-0.28322570,0.26541247,-0.10053297,-0.29982538,-0.29847026,0.12207698,-0.26030604,-0.17609119,-0.11498982,-0.30094715,0.47414551,-0.19117358,0.02514012,-0.01479238,-0.06503414,0.99745663,0.56793842,-0.04943640,0.03663104,0.72416515,-0.32548975,0.02003136,0.19416294,-0.03118281,0.05955071,0.28455162,-0.28219514,0.01890960,0.75386786,4.29539852,-2.91522193,0.19821151,0.18977879,-5.13426971,0.36358422,2.86975098,-0.58883424,1.00211275,-2.97256398,-2.20141964
1.03793548,0.06889604,-0.08944548,-0.52158794,0.47493529,0.01167366,0.09599712,0.64963852,-1.61484184,-0.01700687,1.12366674,-1.57258849,0.04669977,0.84889747,-1.66829517,-0.11045605,1.22194855,-1.78834009,0.87214413,0.04586163,0.33071442,0.31845837,0.09868930,0.14863451,-0.27776516,0.24514734,-0.10150292,-0.29854615,-0.27459860,0.12411486,-0.26151011,-0.19225837,-0.11667580,-0.29872718,0.49498119,-0.19248928,0.01962913,-0.01033579,-0.06512225,0.99763067,0.61220474,-0.05798859,0.04069320,0.72480431,-0.32508413,0.01991221,0.23890591,-0.03363609,0.05694826,0.28915329,-0.28310604,0.01973118,0.47177647,3.82792697,-2.02181466,-0.15108948,-0.81443159,-5.70273924,0.29107379,2.38866153,-0.02575922,1.02617617,-4.01585331,-1.60654867
1.00658139,0.08481146,-0.04731345,-0.50208426,0.35430865,0.22669094,0.10054581,0.71659528,-1.63735719,-0.02980585,1.08062165,-1.68313584,0.05090605,0.89199980,-1.66086104,-0.09222233,1.12492654,-1.80579743,0.87214413,0.04586163,0.33071442,0.31771587,0.12934881,0.14194539,-0.27261944,0.22667410,-0.10363445,-0.29806779,-0.24832203,0.12570073,-0.26431422,-0.20752139,-0.11863480,-0.29741037,0.51525402,-0.19336645,0.01435642,-0.00693902,-0.06313309,0.99787773,0.66148300,-0.06888073,0.04509643,0.72703629,-0.32478000,0.01964808,0.28478184,-0.03733095,0.05340165,0.29441948,-0.28486208,0.02030550,0.19807227,3.29255223,-1.01358168,-0.70865487,-2.34342792,-5.49838209,0.20089284,2.13824201,0.41411445,0.89302831,-4.95404253,-0.77226012
0.96472941,0.09019442,0.00449001,-0.46477558,0.17759380,0.46400793,0.09939800,0.77739054,-1.63994837,-0.05415036,0.98309410,-1.78187633,0.05466532,0.93563551,-1.64798594,-0.07741040,1.00853109,-1.80336595,0.87214413,0.04586163,0.33071442,0.31788087,0.17120769,0.13275026,-0.26734067,0.20851534,-0.10681191,-0.29868117,-0.21912793,0.12667923,-0.26890834,-0.22293254,-0.12035928,-0.29684907,0.53474331,-0.19389282,0.00956595,-0.00514914,-0.05883106,0.99820884,0.72036934,-0.08218929,0.05054019,0.72925663,-0.32447612,0.01919970,0.33202648,-0.04233239,0.04897253,0.29920769,-0.28721079,0.02103180,-0.09967446,3.00579047,0.01358986,-1.29832792,-5.32561493,-4.83344746,0.18820411,2.19555616,0.67696089,0.71570718,-5.96203518,0.27015924
0.92810442,0.08486233,0.05054789,-0.41187195,-0.02312135,0.67054334,0.09010125,0.82780659,-1.61912329,-0.08244233,0.81412889,-1.82311308,0.06229106,0.98332834,-1.63774712,-0.06936587,0.88469666,-1.77773080,0.87214413,0.04586163,0.33071442,0.31908290,0.22150444,0.12348823,-0.26242960,0.19117011,-0.11173807,-0.30047668,-0.18933602,0.12636876,-0.27485325,-0.23795113,-0.12059587,-0.29631028,0.55338573,-0.19415182,0.00548007,-0.00552565,-0.05214988,0.99860895,0.78655396,-0.09442149,0.05665330,0.73186932,-0.32520531,0.01860623,0.37825108,-0.04873847,0.04422965,0.30416183,-0.28929146,0.02277263,-0.47115287,2.50758486,1.06023638,-1.40060089,-8.49518280,-1.96499901,0.38626369,2.38512588,0.51229334,0.39250639,-6.19360285,1.31141853
0.90005607,0.06852258,0.08539174,-0.33596927,-0.14592695,0.75271097,0.07752889,0.86938157,-1.58637626,-0.09959132,0.62526094,-1.79856756,0.07298833,1.03127923,-1.62499092,-0.06851501,0.75954150,-1.73143802,0.87214413,0.04586163,0.33071442,0.32101505,0.26884087,0.11763094,-0.25847602,0.17484404,-0.11717009,-0.30260334,-0.16009446,0.12445177,-0.28179225,-0.25289139,-0.11947982,-0.29624898,0.57144146,-0.19439183,0.00217910,-0.00706709,-0.04460280,0.99897743,0.84969902,-0.10119750,0.06253903,0.73514309,-0.32668335,0.01841171,0.42307987,-0.05616261,0.03922280,0.30890503,-0.29084963,0.02476607,-0.62979711,2.05642600,1.66165769,-0.81600758,-9.40781059,1.40090550,0.54069499,2.39770293,0.66122100,0.01920604,-6.26155653,2.37290945
0.88064926,0.04412598,0.10690196,-0.23731183,-0.23250010,0.68264812,0.06609488,0.90403957,-1.54568200,-0.10316892,0.45540252,-1.72228396,0.08526287,1.07868366,-1.60228219,-0.07596167,0.63411111,-1.66652412,0.87214413,0.04586163,0.33071442,0.32345044,0.30798480,0.11546430,-0.25725439,0.15923973,-0.12172740,-0.30503863,-0.13115290,0.12060645,-0.28943536,-0.26908692,-0.11728548,-0.29728782,0.58905506,-0.19481131,-0.00012505,-0.00942683,-0.03765212,0.99924643,0.90485611,-0.10285294,0.06619605,0.73868217,-0.32817764,0.01841182,0.46735077,-0.06467653,0.03401508,0.31190453,-0.29151310,0.02616262,-0.55795847,1.70837605,2.06557269,-0.12604960,-8.37399797,3.98430166,0.61783679,2.36443925,1.18813982,-0.40863418,-6.26667404,3.31536460
0.87445302,0.01888865,0.10763441,-0.17392487,-0.26499022,0.46642642,0.05914300,0.93413832,-1.50075326,-0.09711285,0.32250893,-1.61834581,0.09853854,1.12478719,-1.57234082,-0.08856868,0.52263812,-1.59487228,0.87214413,0.04586163,0.33071442,0.32603269,0.33737647,0.11566118,-0.25988804,0.14397393,-0.12460339,-0.30764400,-0.10539443,0.11550408,-0.29657655,-0.28620788,-0.11443466,-0.29860250,0.60648365,-0.19553069,-0.00177312,-0.01212756,-0.03268797,0.99939045,0.95069389,-0.10215134,0.06614465,0.74201202,-0.32927132,0.01838869,0.50885811,-0.07338965,0.02945614,0.31341286,-0.29102808,0.02743019,-0.31651515,1.48386872,2.25792217,0.34630973,-6.39395361,5.30333042,0.66968477,2.29794908,1.51669109,-0.64565293,-5.43892021,3.58030105
0.87633774,0.00226841,0.08839521,-0.18401822,-0.28677698,0.17844253,0.05729469,0.96126717,-1.45650721,-0.08497597,0.23589778,-1.51007175,0.11085911,1.16906250,-1.54331303,-0.10012186,0.44430873,-1.53312945,0.87214413,0.04586163,0.33071442,0.32837486,0.35554082,0.11712971,-0.26657210,0.12941134,-0.12601618,-0.30978510,-0.08710931,0.11062953,-0.30258254,-0.30267003,-0.11200959,-0.29900119,0.62391472,-0.19650470,-0.00346419,-0.01502317,-0.03047949,0.99941648,0.98592377,-0.10122568,0.06180276,0.74541855,-0.33016171,0.01858976,0.54369831,-0.08077980,0.02579232,0.31499004,-0.28989014,0.02937368,-0.05691938,1.33727777,2.19973326,0.64589912,-3.99309564,5.40384960,0.60352695,2.19909668,1.43244255,-0.55946946,-3.65239787,2.98919654
0.87908625,0.00134246,0.05059634,-0.23239799,-0.28910478,-0.06114612,0.05860733,0.98692443,-1.41708341,-0.06574349,0.19851630,-1.42029240,0.11952041,1.21486025,-1.52320576,-0.10692689,0.41267799,-1.49697239,0.87214413,0.04586163,0.33071442,0.33005046,0.36176083,0.12035787,-0.27559955,0.11585859,-0.12685714,-0.31074753,-0.07943193,0.10687792,-0.30741118,-0.31782141,-0.11120882,-0.29715742,0.64141445,-0.19755313,-0.00569630,-0.01799068,-0.03101582,0.99934074,1.00992451,-0.09979194,0.05445091,0.74920826,-0.33133072,0.01930293,0.56874237,-0.08596868,0.02263928,0.31732540,-0.28889939,0.03289304,0.06650532,1.27821052,1.97037923,0.96880765,-1.81948509,4.46184211,0.42702526,2.28351383,1.00079583,-0.33301500,-1.52379324,1.77480544
0.88244740,0.00932017,-0.00544005,-0.26602007,-0.23549286,-0.20624310,0.06015253,1.01062272,-1.37963367,-0.04275947,0.19525793,-1.35251901,0.12403975,1.25672050,-1.50930157,-0.10935574,0.42195118,-1.48878558,0.87214413,0.04586163,0.33071442,0.33073685,0.35920184,0.12479312,-0.28562494,0.10274450,-0.12789987,-0.31105252,-0.08129169,0.10432011,-0.31107117,-0.33083802,-0.11189258,-0.29401784,0.65901928,-0.19853277,-0.00831187,-0.02045924,-0.03299606,0.99921149,1.02563953,-0.09759281,0.04511191,0.75314465,-0.33290250,0.01968434,0.58475227,-0.08910044,0.01966569,0.32154865,-0.28846230,0.03671902,0.07522009,1.18858612,1.85679948,1.15079727,-0.06963174,3.30423522,0.21474650,2.08550549,0.65601678,-0.11386227,0.58398015,0.29487561
0.89020806,0.02009270,-0.06846379,-0.25479706,-0.13580085,-0.24082908,0.06106399,1.03646641,-1.34876251,-0.02267574,0.22433169,-1.31830096,0.12460517,1.29758770,-1.51486690,-0.10962077,0.46993933,-1.51626885,0.87214413,0.04586163,0.33071442,0.33025670,0.34873629,0.12883504,-0.29482855,0.08947500,-0.12919704,-0.31012883,-0.09162106,0.10280640,-0.31172383,-0.34000664,-0.11380077,-0.28849449,0.67682457,-0.19942036,-0.01088917,-0.02197850,-0.03537037,0.99907322,1.03375168,-0.09540833,0.03542815,0.75700016,-0.33458517,0.02012787,0.59265385,-0.09043017,0.01853287,0.32966194,-0.28904870,0.04176221,0.04331522,1.30629432,1.50914657,0.97199056,1.59043620,1.54421698,0.01117274,2.04844379,-0.39457653,-0.00677374,2.54591613,-1.50193403
0.90886966,0.02666560,-0.12339376,-0.16795954,-0.00390745,-0.16921214,0.06137810,1.07153273,-1.33571405,-0.01471719,0.28626898,-1.32920432,0.11997738,1.34233019,-1.55888808,-0.10910499,0.54417744,-1.56339142,0.87214413,0.04586163,0.33071442,0.32871560,0.33125918,0.12992429,-0.30139219,0.07600799,-0.13035991,-0.30669147,-0.10828153,0.10221995,-0.31018028,-0.34278008,-0.11692706,-0.27896161,0.69502640,-0.20029071,-0.01272648,-0.02221609,-0.03713469,0.99898223,1.03496056,-0.09513495,0.02732341,0.76121960,-0.33589816,0.02202412,0.59457340,-0.09036799,0.01853532,0.34456062,-0.29163545,0.04975399,0.01198997,1.83143222,0.50860686,0.30887179,3.28875141,-0.82969657,-0.26622361,2.27079372,-2.46930722,0.02711937,3.82789621,-2.42475109
0.94336498,0.02357506,-0.15030062,-0.00675074,0.13975136,-0.04655309,0.05858091,1.09945762,-1.33147895,-0.01989486,0.37011337,-1.37538099,0.10455079,1.36839318,-1.61897707,-0.10921660,0.62820470,-1.60874605,0.87214413,0.04586163,0.33071442,0.32657638,0.30958059,0.12798469,-0.30476877,0.06570923,-0.13159934,-0.30339327,-0.12849683,0.10232567,-0.30797780,-0.33795469,-0.12177879,-0.26963313,0.71387959,-0.20129223,-0.01308997,-0.02102364,-0.03775345,0.99898015,1.03218174,-0.09687021,0.02180761,0.76954079,-0.33744626,0.02318311,0.59341335,-0.08962368,0.01859858,0.36774826,-0.29739921,0.05694325,-0.16911505,1.28577220,0.19552945,-0.34571818,4.31534672,-2.51930213,-0.86190009,1.09951973,-3.03100324,-0.01251966,4.24125910,-2.21574068
0.98713482,0.00636421,-0.14517631,0.19805287,0.35763861,0.03030788,0.05819576,1.11199291,-1.37643809,-0.03105171,0.45850505,-1.43891675,0.07494492,1.34800293,-1.67549555,-0.11050326,0.70532241,-1.64147577,0.87214413,0.04586163,0.33071442,0.32437198,0.28717843,0.12567373,-0.30497369,0.06882889,-0.13086309,-0.29990982,-0.14914766,0.10326382,-0.30494371,-0.32340780,-0.12851717,-0.26413174,0.73364277,-0.20268893,-0.01129267,-0.01744622,-0.03744174,0.99908269,1.02938251,-0.09874982,0.01939829,0.79253540,-0.33831423,0.02446215,0.59259911,-0.08860507,0.01942827,0.40156250,-0.30676564,0.06024024,-0.00632036,0.60498042,-2.35126429,-0.55507700,4.40933418,-3.17160964,-1.49089341,-1.06921287,-2.82196116,-0.06523552,3.83551216,-1.61164131
1.02690155,-0.01882072,-0.11732540,0.37409582,0.55005254,-0.00459801,0.06638071,1.10561602,-1.48347130,-0.03974089,0.53760306,-1.49550078,0.04067457,1.29605725,-1.72612445,-0.11246256,0.76828618,-1.65733671,0.87214413,0.04586163,0.33071442,0.32249427,0.26608468,0.12522238,-0.30441346,0.08868650,-0.12676992,-0.29498357,-0.16872115,0.10476932,-0.30196414,-0.30337515,-0.13547073,-0.26037754,0.75410404,-0.20460650,-0.00782706,-0.01187919,-0.03743766,0.99919770,1.02879429,-0.09959712,0.01808081,0.83307953,-0.33764326,0.02751070,0.59367485,-0.08753425,0.02053013,0.44146233,-0.31705185,0.06211674,0.43026430,-0.39904690,-5.45586300,-0.42360856,3.91320925,-2.78557467,-1.70716267,-2.66433611,-2.49236283,-0.10017844,3.10851336,-0.74858235
1.05745149,-0.03861696,-0.07052972,0.46801336,0.56019272,-0.10858386,0.08117834,1.06937273,-1.61211076,-0.04554185,0.60400958,-1.53653901,0.01060138,1.22393730,-1.76228685,-0.11530244,0.82202299,-1.66282587,0.87214413,0.04586163,0.33071442,0.32128894,0.24728130,0.12619945,-0.30395125,0.11995887,-0.12054315,-0.28890905,-0.18703274,0.10646671,-0.29903640,-0.28135127,-0.14094394,-0.25868642,0.77511597,-0.20697801,-0.00341998,-0.00602257,-0.03843034,0.99923728,1.03135548,-0.10013392,0.01733769,0.88546715,-0.33637429,0.03237990,0.59680824,-0.08646759,0.02225255,0.48377514,-0.32590763,0.06260252,0.76397454,-1.95042357,-6.43962860,-0.28286669,3.27679300,-1.98370583,-1.47439721,-3.67363620,-1.74161904,-0.14637278,2.67392039,-0.25966928
1.06228817,-0.04987537,-0.02294767,0.51971155,0.39568957,-0.23092097,0.10083996,0.99488933,-1.73222504,-0.05031741,0.66387661,-1.56272447,-0.01243554,1.13701026,-1.78325787,-0.11976624,0.87492044,-1.66785259,0.87214413,0.04586163,0.33071442,0.32080879,0.22982412,0.12776748,-0.30358653,0.15862482,-0.11315401,-0.28137832,-0.20419002,0.10810775,-0.29562590,-0.25758092,-0.14440306,-0.25951941,0.79622383,-0.20966439,0.00155064,-0.00164495,-0.04061007,0.99917251,1.03565922,-0.10097056,0.01722226,0.94514198,-0.33531887,0.03943047,0.60148125,-0.08534153,0.02518290,0.52777309,-0.33268623,0.06128938,1.00762795,-3.96831155,-5.91280556,-0.23570541,2.97148895,-1.22895095,-1.11074564,-4.42678351,-0.96313756,-0.23505020,2.64939857,-0.26150036
1.04159748,-0.05543561,0.02831942,0.54898297,0.16725802,-0.35118946,0.12125514,0.86692226,-1.81954169,-0.05479239,0.72339690,-1.57617784,-0.02955035,1.03631985,-1.78761494,-0.12535350,0.92681354,-1.66938543,0.87214413,0.04586163,0.33071442,0.32119325,0.21229333,0.12961994,-0.30318192,0.20412838,-0.10595302,-0.27276599,-0.22022079,0.10968721,-0.29264590,-0.23176094,-0.14615274,-0.26285875,0.81694889,-0.21257647,0.00691532,0.00056709,-0.04396259,0.99900908,1.03980637,-0.10210325,0.01801133,1.01098251,-0.33604869,0.04842725,0.60721302,-0.08397108,0.02854735,0.57324696,-0.33780876,0.05833450,1.01602113,-6.81111908,-4.08431053,-0.22227956,2.98347807,-0.58550829,-0.81706989,-5.13193798,-0.09442090,-0.28466776,2.58234835,-0.03662109
1.00729121,-0.05246167,0.06609596,0.50084099,-0.03914279,-0.44781579,0.13775081,0.68868808,-1.84657180,-0.05756594,0.78321122,-1.57470267,-0.04126488,0.92173175,-1.76991718,-0.13104486,0.97552292,-1.65894287,0.87214413,0.04586163,0.33071442,0.32243322,0.19402889,0.13182627,-0.30289662,0.25253160,-0.10067372,-0.26317215,-0.23585353,0.11101628,-0.29155571,-0.20379054,-0.14668869,-0.26844285,0.83691807,-0.21559944,0.01196714,0.00041875,-0.04840587,0.99875597,1.04278316,-0.10314973,0.01953659,1.07853336,-0.34021667,0.05926107,0.61290264,-0.08230057,0.03087750,0.61990013,-0.34189819,0.05399036,0.81447579,-8.93390427,-1.26737586,-0.13402573,2.98765087,0.09420775,-0.57597533,-5.73805790,0.91290514,-0.28432218,2.43182206,0.53378245
0.97493206,-0.04400459,0.09200518,0.39295030,-0.23272956,-0.50651061,0.14700159,0.50521890,-1.81847932,-0.05723944,0.83973943,-1.55833609,-0.04557766,0.80375468,-1.73370454,-0.13703898,1.02282917,-1.64232323,0.87214413,0.04586163,0.33071442,0.32424328,0.17551202,0.13443292,-0.30294713,0.29669985,-0.09770797,-0.25428391,-0.25107628,0.11175075,-0.29164621,-0.17545737,-0.14566046,-0.27541467,0.85623302,-0.21861686,0.01607254,-0.00167275,-0.05341519,0.99844163,1.04508915,-0.10368189,0.02129615,1.14081135,-0.34743001,0.06995937,0.61851635,-0.08070997,0.03259707,0.66623306,-0.34472107,0.04882861,0.44162768,-9.11483078,1.53520190,0.02406724,2.80887413,0.86499587,-0.19037590,-5.88947773,1.85569518,-0.30396276,2.36951470,0.83448166
0.95773614,-0.02975393,0.10480860,0.30006437,-0.37379864,-0.48933303,0.14638760,0.34837735,-1.75003157,-0.05441790,0.88951604,-1.52412434,-0.04080274,0.68896543,-1.68367734,-0.14575015,1.07362764,-1.62554655,0.87214413,0.04586163,0.33071442,0.32645592,0.15667938,0.13733230,-0.30388179,0.33275359,-0.09688509,-0.24834818,-0.26654880,0.11136176,-0.29181417,-0.14775996,-0.14244482,-0.28308791,0.87517414,-0.22153351,0.01931372,-0.00524195,-0.05829319,0.99809890,1.04679432,-0.10340179,0.02257413,1.19436512,-0.35654754,0.07810774,0.62342415,-0.07985907,0.03464175,0.71181660,-0.34578264,0.04336801,-0.08752440,-7.69305544,3.56478443,0.15054250,2.45638680,1.79570527,0.27909676,-5.72633505,2.54937873,-0.45421528,2.56644034,0.83340448
0.96005404,-0.00947659,0.10150588,0.25102250,-0.44284314,-0.35055212,0.13133917,0.22935473,-1.64883075,-0.04968510,0.93238461,-1.47319751,-0.02736115,0.57598923,-1.62120914,-0.15860803,1.13234518,-1.60672550,0.87214413,0.04586163,0.33071442,0.32878078,0.13696060,0.14061597,-0.30556875,0.35966767,-0.09842299,-0.24872313,-0.28425479,0.10972227,-0.29139244,-0.12036955,-0.13681903,-0.29109888,0.89413891,-0.22422117,0.02210285,-0.00952105,-0.06191583,0.99779118,1.04747829,-0.10167285,0.02321203,1.23882694,-0.36648175,0.08005765,0.62568283,-0.08009936,0.03738834,0.75773335,-0.34505906,0.03768189,-0.83994121,-5.72196302,5.24517450,0.24628752,2.10679145,2.62837439,0.71839526,-5.64380579,3.19980073,-0.66570420,2.98854995,0.96692561
0.96528169,0.00654804,0.06245655,0.24912009,-0.46343587,-0.08910250,0.11079179,0.16457859,-1.53692174,-0.04543590,0.96867150,-1.41453588,-0.01135756,0.48632520,-1.55724657,-0.17222762,1.19627178,-1.58350909,0.87214413,0.04586163,0.33071442,0.33061475,0.11736229,0.14380168,-0.30703957,0.37382009,-0.09997397,-0.25742730,-0.30410591,0.10807647,-0.28989588,-0.09863234,-0.13023766,-0.29891468,0.91324234,-0.22663438,0.02485549,-0.01399959,-0.06311103,0.99759872,1.04787254,-0.09885513,0.02357517,1.27138996,-0.37314901,0.07318745,0.62527370,-0.08091208,0.04071887,0.79890919,-0.34333107,0.03170007,-1.03859818,-2.81092620,5.60996485,0.20280024,1.76684606,2.96941257,0.80264145,-4.25258160,3.17487693,-0.67719156,3.22208381,1.19183767
0.96508969,0.00309158,-0.01055902,0.24176283,-0.46424153,0.11595376,0.08770309,0.16916127,-1.45024838,-0.04558316,1.00103424,-1.35766521,0.00124666,0.45944111,-1.52200146,-0.18290240,1.25522194,-1.56282976,0.87214413,0.04586163,0.33071442,0.33108831,0.09872120,0.14561537,-0.30749533,0.37087688,-0.10181849,-0.27216670,-0.32195585,0.10748341,-0.28715938,-0.09162206,-0.12449840,-0.30554640,0.93240051,-0.22896331,0.02757939,-0.01845462,-0.06190053,0.99753051,1.04849377,-0.09678137,0.02359298,1.28770313,-0.37619344,0.05892161,0.62634354,-0.08220712,0.04392893,0.82598190,-0.34107724,0.02554191,-1.15765440,0.27815936,4.29260726,-0.01143998,1.61740339,2.82665181,0.62481719,-1.26551369,1.70530986,-0.53065574,2.94865441,0.99206677
0.95936658,-0.00989794,-0.08040192,0.23406825,-0.40337610,0.18550159,0.06529687,0.20410312,-1.39420915,-0.04780174,1.03388917,-1.31430469,0.00957606,0.48419328,-1.52490230,-0.19044746,1.31392498,-1.57135437,0.87214413,0.04586163,0.33071442,0.33032600,0.08192181,0.14666409,-0.30603116,0.35990950,-0.10434508,-0.28593048,-0.33390195,0.10808423,-0.28108906,-0.09617184,-0.12017209,-0.30945375,0.95149002,-0.23138103,0.03020997,-0.02235918,-0.05998172,0.99749166,1.05057201,-0.09571859,0.02429484,1.29611225,-0.37854849,0.04439553,0.63313675,-0.08365186,0.04923694,0.84147148,-0.33902059,0.02087225,-1.09739008,1.80555785,2.70092278,-0.11125704,1.65133512,2.11733274,0.40069225,1.36051611,-0.24177362,-0.36137185,2.92694783,-0.50877137
0.95973730,-0.02263436,-0.13969715,0.18226562,-0.21059571,0.13953345,0.05489780,0.26055490,-1.38058817,-0.04845883,1.06916108,-1.28943589,0.01333215,0.54360352,-1.55436575,-0.19137955,1.36188095,-1.59629691,0.87214413,0.04586163,0.33071442,0.32846233,0.06690460,0.14773776,-0.30251957,0.34391724,-0.10477858,-0.29584695,-0.34027035,0.11006538,-0.27372169,-0.10918523,-0.11777763,-0.31047670,0.97060909,-0.23391918,0.03227750,-0.02450562,-0.05848629,0.99746528,1.05453224,-0.09514031,0.02594276,1.29970455,-0.37867345,0.03261539,0.64576073,-0.08434700,0.05474065,0.84824924,-0.33794347,0.01798563,-0.44572382,2.92075763,0.45894381,-0.01658365,1.77058828,1.15990869,0.17362684,3.07127719,-1.54533570,-0.01223730,2.30673535,-1.24622428
0.98134562,-0.02443738,-0.16908942,0.03078120,0.05227606,0.01806545,0.05977013,0.33602976,-1.41111190,-0.04419215,1.10126181,-1.28273447,0.01622904,0.61642723,-1.59384348,-0.18466255,1.38817713,-1.62912705,0.87214413,0.04586163,0.33071442,0.32597247,0.05523877,0.14924515,-0.29812426,0.32426755,-0.10248290,-0.30106705,-0.34045933,0.11274461,-0.26720695,-0.12628511,-0.11681622,-0.30896270,0.99013538,-0.23650085,0.03278054,-0.02424474,-0.05817622,0.99747339,1.06256561,-0.09479942,0.02784820,1.30007763,-0.37645797,0.02490541,0.66532249,-0.08444661,0.05876552,0.85097218,-0.33763226,0.01700977,0.32210092,3.86580453,-1.74552869,0.24630063,1.56633127,0.23692845,0.15042977,3.67455459,-2.00186632,0.37797401,1.18927429,-1.72128570
1.01670240,-0.01035707,-0.15299940,-0.15667441,0.27774053,-0.09811431,0.07109056,0.41942486,-1.46466887,-0.03531018,1.12901938,-1.30572951,0.02101116,0.68868077,-1.62798357,-0.17191318,1.38789916,-1.67301238,0.87214413,0.04586163,0.33071442,0.32366413,0.05003603,0.15083385,-0.29297395,0.30324848,-0.10007860,-0.30273166,-0.33272085,0.11545008,-0.26240610,-0.14472027,-0.11657216,-0.30639437,1.01032829,-0.23896898,0.03131520,-0.02187679,-0.05904888,0.99752393,1.07799721,-0.09517966,0.03069018,1.29947567,-0.37450185,0.02093247,0.69375229,-0.08465916,0.06125803,0.85273743,-0.33744814,0.01726976,0.59126055,4.20292664,-2.79850936,0.47376794,1.36379945,-1.39764535,0.25516570,3.59029031,-1.63963783,0.67673022,-0.21687268,-2.26492882
1.04382813,0.01686457,-0.12914286,-0.32801114,0.43796757,-0.12761289,0.08565014,0.50539097,-1.52822266,-0.02680373,1.14194341,-1.36960142,0.02790917,0.75284874,-1.65031545,-0.15375442,1.35183418,-1.72192125,0.87214413,0.04586163,0.33071442,0.32177156,0.05703093,0.15101120,-0.28853920,0.28195249,-0.09848503,-0.30161479,-0.31609100,0.11800588,-0.26037447,-0.16285865,-0.11693269,-0.30337178,1.03117275,-0.24104793,0.02779866,-0.01776484,-0.06040068,0.99762889,1.10613842,-0.09808969,0.03323236,1.29906178,-0.37307815,0.02015678,0.73177147,-0.08549158,0.06139709,0.85530701,-0.33731543,0.01839978,0.72583405,4.29879723,-3.16925645,0.42018377,0.63281388,-3.26761408,0.34599766,3.19550920,-1.09762276,0.91397035,-1.84302936,-2.43843250
1.04728704,0.04723687,-0.11224173,-0.45336882,0.49591442,-0.05125667,0.09773903,0.58963813,-1.58330269,-0.02235451,1.14328361,-1.47609174,0.03508238,0.80798457,-1.66019323,-0.13236219,1.28934944,-1.76440182,0.87214413,0.04586163,0.33071442,0.32005227,0.07570191,0.14921408,-0.28299473,0.26058825,-0.09850780,-0.30006062,-0.29460764,0.12057334,-0.26031978,-0.18006572,-0.11790917,-0.30071536,1.05214481,-0.24260776,0.02300166,-0.01310764,-0.06104392,0.99778392,1.14554882,-0.10378661,0.03705754,1.29870930,-0.37228419,0.01999165,0.77451897,-0.08686604,0.05973249,0.85899582,-0.33757986,0.01933691,0.59046191,4.19270687,-2.71142697,0.20758367,0.01810884,-5.38060522,0.35592657,2.73091626,-0.46420379,1.07178404,-3.18953252,-2.09480090
1.02812197,0.07135052,-0.08519612,-0.49032337,0.44535863,0.11096030,0.10485420,0.66505544,-1.62166393,-0.02481821,1.12445951,-1.59220686,0.04095918,0.85513805,-1.66049600,-0.11152028,1.20585320,-1.79471929,0.87214413,0.04586163,0.33071442,0.31867617,0.10148826,0.14534358,-0.27735344,0.24073676,-0.10007373,-0.29881847,-0.27002643,0.12281943,-0.26187776,-0.19593617,-0.11940279,-0.29859192,1.07280254,-0.24364810,0.01784219,-0.00886391,-0.06013735,0.99799128,1.19104710,-0.11157671,0.04132273,1.29974384,-0.37197030,0.01985770,0.81952229,-0.08922014,0.05679841,0.86391907,-0.33859915,0.02008424,0.33398614,3.72186875,-1.83602269,-0.16256008,-1.04504577,-5.78982449,0.28634431,2.32960000,0.02124166,1.03224667,-4.25433502,-1.45269716
0.99425351,0.08469639,-0.04147078,-0.47115475,0.31074124,0.32279286,0.10704971,0.73068736,-1.64068396,-0.03788948,1.07277398,-1.70269637,0.04537334,0.89871284,-1.65345402,-0.09359266,1.10346081,-1.80796788,0.87214413,0.04586163,0.33071442,0.31799968,0.13437262,0.13890782,-0.27205482,0.22246577,-0.10262869,-0.29841592,-0.24290648,0.12449160,-0.26515369,-0.21114495,-0.12108804,-0.29723880,1.09284153,-0.24426286,0.01293129,-0.00583121,-0.05717984,0.99826311,1.24221287,-0.12162686,0.04594486,1.30211658,-0.37165053,0.01958376,0.86575909,-0.09281886,0.05284598,0.86923828,-0.34041946,0.02076088,0.08235114,3.23273826,-0.83962862,-0.72026379,-2.80904939,-5.48414993,0.21357723,2.17102647,0.38916633,0.87708694,-5.22905684,-0.55491681
0.95269612,0.08776311,0.01144906,-0.43603813,0.11949019,0.55429711,0.10341921,0.79029691,-1.63886380,-0.06174310,0.96107394,-1.79528713,0.05009989,0.94406807,-1.64314246,-0.07978326,0.98407120,-1.80098653,0.87214413,0.04586163,0.33071442,0.31827274,0.17875737,0.13014812,-0.26676401,0.20433296,-0.10626381,-0.29921313,-0.21328417,0.12536508,-0.27010867,-0.22642789,-0.12235412,-0.29642424,1.11208916,-0.24454427,0.00847258,-0.00454891,-0.05196321,0.99860270,1.30339718,-0.13366608,0.05150872,1.30428028,-0.37145576,0.01905961,0.91297913,-0.09770512,0.04816407,0.87417793,-0.34271947,0.02184850,-0.22607310,2.94468260,0.24372338,-1.26715457,-6.07276058,-4.47071314,0.24301662,2.28942251,0.52973986,0.65893465,-6.08473396,0.49761054
0.91796714,0.08123612,0.05469255,-0.38915726,-0.06555513,0.73946497,0.09231165,0.83884453,-1.61468284,-0.08644503,0.78348228,-1.82388065,0.05884101,0.99235284,-1.63354373,-0.07300046,0.85967628,-1.77094154,0.87214413,0.04586163,0.33071442,0.31954902,0.22948645,0.12202574,-0.26191482,0.18718330,-0.11155588,-0.30109453,-0.18355193,0.12481968,-0.27628977,-0.24133571,-0.12213056,-0.29590017,1.13052387,-0.24457314,0.00462940,-0.00531438,-0.04458194,0.99898087,1.36997280,-0.14348644,0.05763420,1.30701962,-0.37236812,0.01845450,0.95882721,-0.10389080,0.04325925,0.87926350,-0.34470816,0.02364885,-0.56039711,2.41362457,1.22540758,-1.21864191,-8.91121769,-1.33340112,0.44111593,2.41660357,0.47960469,0.32918561,-6.22109652,1.53171864
0.89137245,0.06353234,0.08745254,-0.30658128,-0.17694657,0.79163174,0.07876068,0.87861794,-1.57986639,-0.09903549,0.59445466,-1.78788583,0.07045856,1.04137681,-1.62076874,-0.07370018,0.73361665,-1.72010336,0.87214413,0.04586163,0.33071442,0.32151912,0.27591021,0.11747528,-0.25823157,0.17110884,-0.11711169,-0.30323611,-0.15421525,0.12257983,-0.28345135,-0.25647324,-0.12058975,-0.29585696,1.14839878,-0.24460874,0.00162408,-0.00713469,-0.03663199,0.99930203,1.43217220,-0.14765757,0.06328755,1.31047039,-0.37393847,0.01828302,1.00357590,-0.11106291,0.03806777,0.88378201,-0.34608964,0.02566217,-0.67688562,1.96970840,1.76537979,-0.59067943,-9.40756359,1.96425091,0.58934095,2.44676304,0.67217155,-0.06003955,-6.31287241,2.60249367
0.87350575,0.03906173,0.10690238,-0.21396289,-0.24894679,0.69060148,0.06716897,0.91204689,-1.53755872,-0.09920828,0.42810227,-1.70376267,0.08410293,1.08870413,-1.59641135,-0.08254530,0.60837777,-1.65168643,0.87214413,0.04586163,0.33071442,0.32396938,0.31392299,0.11622505,-0.25753828,0.15557998,-0.12159069,-0.30571100,-0.12535129,0.11838917,-0.29115894,-0.27289698,-0.11787144,-0.29709877,1.16586361,-0.24483520,-0.00044689,-0.00965377,-0.02957042,0.99951598,1.48610821,-0.14737085,0.06643110,1.31398373,-0.37541031,0.01825838,1.04773006,-0.11924298,0.03281044,0.88647594,-0.34636831,0.02687061,-0.56131890,1.64592707,2.14118094,0.03784981,-8.17850046,4.35842047,0.68555998,2.35826945,1.26684942,-0.47360315,-6.23395338,3.47546458
0.86864189,0.01541354,0.10382475,-0.16673346,-0.26879072,0.44916618,0.06067944,0.94107671,-1.49234827,-0.09127422,0.30213064,-1.59638987,0.09833051,1.13501170,-1.56750739,-0.09511054,0.50204091,-1.58017211,0.87214413,0.04586163,0.33071442,0.32648727,0.34157219,0.11688209,-0.26095858,0.14050073,-0.12430511,-0.30823886,-0.10079327,0.11327377,-0.29809753,-0.28990194,-0.11475084,-0.29815122,1.18317928,-0.24534340,-0.00202398,-0.01238491,-0.02475769,0.99961471,1.53011456,-0.14549902,0.06552868,1.31735973,-0.37644573,0.01824841,1.08811207,-0.12722289,0.02838973,0.88795643,-0.34561482,0.02833605,-0.29172115,1.43301976,2.26375294,0.43128228,-6.03389196,5.44887352,0.71386963,2.31327701,1.44168365,-0.63411548,-5.15581274,3.55207133
0.86912593,0.00195007,0.08268610,-0.18893395,-0.29214293,0.15795232,0.05926263,0.96888429,-1.45065367,-0.07770152,0.22376150,-1.49136281,0.11078760,1.18070960,-1.54180586,-0.10573792,0.43193328,-1.52358890,0.87214413,0.04586163,0.33071442,0.32872549,0.35783613,0.11874780,-0.26780780,0.12612898,-0.12566041,-0.30988327,-0.08424556,0.10862944,-0.30357385,-0.30611834,-0.11240599,-0.29790585,1.20048618,-0.24605539,-0.00377268,-0.01531676,-0.02275336,0.99961665,1.56334400,-0.14367407,0.06091769,1.32078075,-0.37731192,0.01884222,1.12125874,-0.13371359,0.02515163,0.88958073,-0.34444919,0.03081964,-0.03649100,1.38739216,2.04795599,0.71773136,-3.57477641,5.18777800,0.60390425,2.27984905,1.25480878,-0.50906402,-3.22360373,2.69167161
0.87110346,0.00273611,0.04210391,-0.23888220,-0.28309884,-0.07145706,0.06052934,0.99200718,-1.40960457,-0.05774787,0.19245036,-1.40217044,0.11933252,1.22397408,-1.52024674,-0.11090861,0.40886462,-1.48995473,0.87214413,0.04586163,0.33071442,0.33023443,0.36231828,0.12216901,-0.27763119,0.11295553,-0.12657725,-0.31103033,-0.07884385,0.10523107,-0.30869639,-0.32087230,-0.11168052,-0.29621454,1.21784687,-0.24680322,-0.00609619,-0.01821064,-0.02339723,0.99954178,1.58546276,-0.14164447,0.05260323,1.32478352,-0.37850479,0.01920410,1.14399052,-0.13801365,0.02153803,0.89212055,-0.34341552,0.03401989,0.06359410,1.15601122,2.04605052,1.00408709,-1.51528170,4.42434554,0.42139575,2.16060448,1.06607150,-0.25230822,-1.09763923,1.64290370
0.87405015,0.01153427,-0.01730094,-0.26848792,-0.22092198,-0.19807547,0.06172926,1.01561501,-1.37341139,-0.03485379,0.19554842,-1.33983052,0.12381377,1.26521220,-1.50936675,-0.11240530,0.42662017,-1.48897722,0.87214413,0.04586163,0.33071442,0.33067828,0.35810848,0.12666366,-0.28769648,0.09995691,-0.12778745,-0.31108687,-0.08261727,0.10296006,-0.31183871,-0.33317806,-0.11243352,-0.29270244,1.23530827,-0.24746265,-0.00876100,-0.02051776,-0.02530458,0.99943081,1.59933071,-0.13895909,0.04298180,1.32871571,-0.38011281,0.01959141,1.15797062,-0.14048006,0.01883957,0.89689999,-0.34300717,0.03797584,0.05803603,1.18590748,1.79312170,1.14208591,0.24761834,3.02483354,0.21267682,2.05474086,0.49663063,-0.06922495,1.01705002,-0.08366917
0.88365003,0.02121697,-0.08008661,-0.24105294,-0.11436434,-0.21029419,0.06232689,1.04266112,-1.34464273,-0.01695864,0.23132256,-1.31409798,0.12414655,1.30610001,-1.52126274,-0.11232553,0.48264694,-1.52406015,0.87214413,0.04586163,0.33071442,0.32994815,0.34610802,0.13020026,-0.29653653,0.08654479,-0.12915133,-0.30978857,-0.09469914,0.10169881,-0.31172152,-0.34114396,-0.11438463,-0.28658217,1.25300083,-0.24804128,-0.01123373,-0.02180804,-0.02739882,0.99932353,1.60567074,-0.13683515,0.03341161,1.33240185,-0.38170334,0.02015958,1.16396618,-0.14134824,0.01822662,0.90614681,-0.34372482,0.04336597,0.02777843,1.37565553,1.39726198,0.85000390,1.93003707,1.10487841,-0.00207424,2.05521722,-0.72782128,0.00853389,2.92550597,-1.84966130
0.90583880,0.02505626,-0.13081827,-0.13721912,0.02194120,-0.12339343,0.06193472,1.07885444,-1.33598199,-0.01253396,0.29932687,-1.33512001,0.11832002,1.35043666,-1.57346449,-0.11176306,0.56040378,-1.57330117,0.87214413,0.04586163,0.33071442,0.32822556,0.32752533,0.13043049,-0.30228618,0.07344187,-0.13038178,-0.30587185,-0.11228480,0.10134713,-0.30975423,-0.34221978,-0.11768353,-0.27639405,1.27115040,-0.24863313,-0.01277648,-0.02177267,-0.02871964,0.99926868,1.60556622,-0.13704902,0.02593938,1.33705502,-0.38298230,0.02235371,1.16481380,-0.14106156,0.01847133,0.92278919,-0.34665487,0.05183151,-0.02740364,1.87778795,0.27312896,0.13128293,3.58118701,-1.33689871,-0.33420626,2.24049425,-2.88012292,0.02840513,3.98097463,-2.50811701
0.94278966,0.01862496,-0.14853270,0.03475477,0.16833810,-0.00327631,0.05833424,1.10208750,-1.33218348,-0.01979653,0.38473052,-1.38560510,0.10018471,1.36745739,-1.62887931,-0.11194474,0.64301485,-1.61542273,0.87214413,0.04586163,0.33071442,0.32606488,0.30564510,0.12812771,-0.30503274,0.06451991,-0.13159640,-0.30314596,-0.13254188,0.10165520,-0.30759010,-0.33617203,-0.12284825,-0.26828004,1.28999043,-0.24939074,-0.01272789,-0.02028952,-0.02890460,0.99929518,1.60247517,-0.13898727,0.02103215,1.34686375,-0.38446796,0.02291892,1.16349125,-0.14030780,0.01847478,0.94733143,-0.35277420,0.05778484,-0.20820937,0.99798912,0.22125719,-0.43502510,4.35369015,-2.67598605,-1.00841355,0.56604624,-2.66785359,-0.01666591,4.13252926,-2.01184988
0.98460353,-0.00090923,-0.13894445,0.23421605,0.39068414,0.05599997,0.05860205,1.11360629,-1.38898687,-0.03129930,0.47190033,-1.44889762,0.06866304,1.34010239,-1.68425767,-0.11324613,0.71714358,-1.64527941,0.87214413,0.04586163,0.33071442,0.32393720,0.28347670,0.12598548,-0.30495485,0.07018094,-0.13043557,-0.29923383,-0.15280066,0.10281864,-0.30446285,-0.32029684,-0.12980172,-0.26333683,1.30971088,-0.25056365,-0.01053609,-0.01638854,-0.02833187,0.99940868,1.59983273,-0.14074246,0.01898234,1.37243481,-0.38474455,0.02470337,1.16294308,-0.13930303,0.01947435,0.98261242,-0.36212147,0.06060036,0.02640174,0.54745383,-2.93313618,-0.57030522,4.34478092,-3.15429616,-1.58432193,-1.41439815,-2.76165080,-0.06546128,3.68382144,-1.46503819
1.02156833,-0.02604208,-0.10727731,0.39056364,0.56469652,0.00024448,0.06722092,1.10255973,-1.50065422,-0.03938315,0.54814667,-1.50254452,0.03397855,1.28331680,-1.73190486,-0.11497496,0.77648621,-1.65732484,0.87214413,0.04586163,0.33071442,0.32220470,0.26292299,0.12587998,-0.30437159,0.09217241,-0.12608263,-0.29432323,-0.17186227,0.10450223,-0.30168789,-0.29971002,-0.13672678,-0.26005134,1.33008366,-0.25223920,-0.00684731,-0.01068085,-0.02827658,0.99951962,1.59968700,-0.14138657,0.01783312,1.41499920,-0.38331907,0.02788147,1.16438808,-0.13821143,0.02051681,1.02314014,-0.37184684,0.06215336,0.44939708,-0.63555331,-5.66717243,-0.39417105,3.77163067,-2.63753829,-1.72466021,-2.90034461,-2.34138374,-0.08875894,2.93234515,-0.56313797
1.04756907,-0.04430469,-0.06078368,0.47045642,0.54362894,-0.10962283,0.08212982,1.06093049,-1.62840405,-0.04478755,0.61210784,-1.54046795,0.00438142,1.20813220,-1.76503286,-0.11773292,0.82900232,-1.66204002,0.87214413,0.04586163,0.33071442,0.32114788,0.24467336,0.12704690,-0.30392410,0.12466445,-0.11979217,-0.28819943,-0.18978705,0.10631251,-0.29873036,-0.27735164,-0.14203020,-0.25882082,1.35093594,-0.25432713,-0.00235077,-0.00501146,-0.02927788,0.99955598,1.60262356,-0.14181353,0.01722377,1.46837788,-0.38120810,0.03294845,1.16769428,-0.13709245,0.02241752,1.06574936,-0.37988638,0.06232705,0.77143770,-2.22083740,-6.38070440,-0.26346788,3.15657854,-1.82854979,-1.44811115,-3.82108917,-1.59315908,-0.14355405,2.62711191,-0.24072360
1.04814804,-0.05415150,-0.01421936,0.51955856,0.36409279,-0.23366625,0.10177015,0.97916713,-1.74454374,-0.04929030,0.67046810,-1.56405084,-0.01804754,1.11898277,-1.78335252,-0.12200435,0.88171350,-1.66683738,0.87214413,0.04586163,0.33071442,0.32080963,0.22760572,0.12873835,-0.30354947,0.16444312,-0.11242087,-0.28059575,-0.20668747,0.10807823,-0.29532312,-0.25322323,-0.14530696,-0.26003666,1.37180843,-0.25669791,0.00266927,-0.00098562,-0.03148517,0.99950017,1.60706615,-0.14254131,0.01726016,1.52884922,-0.37924660,0.04021388,1.17233372,-0.13582420,0.02548651,1.10994110,-0.38577779,0.06077298,1.00333823,-4.35013347,-5.69766951,-0.22287318,2.90348387,-1.10336058,-1.08151174,-4.53526030,-0.83113997,-0.22305025,2.63620281,-0.23572539
1.02516545,-0.05846658,0.03621687,0.54556943,0.13772349,-0.35533727,0.12170845,0.84309906,-1.82501924,-0.05361000,0.72899795,-1.57538915,-0.03471053,1.01590753,-1.78463221,-0.12735218,0.93370593,-1.66739953,0.87214413,0.04586163,0.33071442,0.32133761,0.21033358,0.13064654,-0.30313654,0.21084991,-0.10540019,-0.27186193,-0.22266174,0.10974462,-0.29249322,-0.22696724,-0.14694055,-0.26371242,1.39225674,-0.25927721,0.00803681,0.00087082,-0.03487612,0.99935895,1.61118412,-0.14360727,0.01820107,1.59524822,-0.37911603,0.04947568,1.17778492,-0.13428131,0.02884439,1.15560055,-0.39004228,0.05762519,0.98923349,-7.21546745,-3.72179008,-0.21528637,2.93545222,-0.48236129,-0.79545766,-5.25412512,0.06399393,-0.27341589,2.59211159,0.01217365
0.99040546,-0.05422432,0.07020721,0.48839100,-0.06331023,-0.44698683,0.13737572,0.66185552,-1.84385724,-0.05597683,0.78768226,-1.57189882,-0.04561226,0.90001961,-1.76355488,-0.13295552,0.98143766,-1.65388386,0.87214413,0.04586163,0.33071442,0.32266010,0.19229713,0.13290857,-0.30289090,0.25904872,-0.10042086,-0.26220769,-0.23834376,0.11100332,-0.29189636,-0.19877727,-0.14732951,-0.26952284,1.41193790,-0.26195056,0.01297341,0.00042719,-0.03931003,0.99914275,1.61407986,-0.14455591,0.01976920,1.66229916,-0.38240733,0.06045242,1.18304882,-0.13257022,0.03076375,1.20220318,-0.39321263,0.05313726,0.77213893,-9.07688084,-0.85838263,-0.11350608,2.93101478,0.19520472,-0.53444342,-5.80030518,1.08133786,-0.28023791,2.38540983,0.68208212
0.95938075,-0.04419284,0.09449472,0.37993176,-0.25612501,-0.49792054,0.14551027,0.48065342,-1.80884314,-0.05522208,0.84296924,-1.55316131,-0.04858821,0.78247522,-1.72459595,-0.13914642,1.02925637,-1.63740199,0.87214413,0.04586163,0.33071442,0.32453450,0.17393255,0.13555875,-0.30306174,0.30230558,-0.09773813,-0.25357197,-0.25353334,0.11161551,-0.29201165,-0.17052503,-0.14602043,-0.27663836,1.43098850,-0.26459506,0.01693693,-0.00195076,-0.04423966,0.99887546,1.61622906,-0.14495123,0.02147276,1.72346478,-0.38868792,0.07096253,1.18832073,-0.13099293,0.03252285,1.24821682,-0.39496095,0.04789614,0.38752412,-8.98616772,1.87163956,0.04477599,2.74637866,0.98590556,-0.12275523,-5.86423492,1.98940356,-0.31506728,2.39768791,0.82226080
0.94450248,-0.02892677,0.10388256,0.29491919,-0.38247409,-0.46753833,0.14318826,0.32898916,-1.73532372,-0.05208165,0.89151736,-1.51634502,-0.04232660,0.66841929,-1.67257483,-0.14841173,1.08105540,-1.62074711,0.87214413,0.04586163,0.33071442,0.32675458,0.15506835,0.13849790,-0.30419683,0.33709902,-0.09722345,-0.24833081,-0.26919849,0.11102781,-0.29209789,-0.14294001,-0.14244462,-0.28433372,1.44971333,-0.26711836,0.02008800,-0.00565371,-0.04890720,0.99858530,1.61759663,-0.14446821,0.02255776,1.77567387,-0.39687919,0.07842377,1.19267864,-0.13026745,0.03465669,1.29351368,-0.39488372,0.04242087,-0.18225967,-7.43570757,3.81915512,0.16680093,2.39595785,1.92354150,0.35337186,-5.69388018,2.64876342,-0.48296444,2.61624932,0.83813947
0.94737412,-0.00817662,0.09675754,0.25225551,-0.44759576,-0.30505999,0.12701879,0.21725191,-1.63113704,-0.04721462,0.93332258,-1.46424003,-0.02806286,0.55715101,-1.60848639,-0.16132974,1.14161224,-1.60297997,0.87214413,0.04586163,0.33071442,0.32901343,0.13544058,0.14180213,-0.30591026,0.36234774,-0.09885577,-0.24986026,-0.28717936,0.10939218,-0.29130655,-0.11593129,-0.13659866,-0.29234143,1.46847706,-0.26938253,0.02284899,-0.00999681,-0.05210835,0.99832996,1.61799641,-0.14251267,0.02310317,1.81850834,-0.40556789,0.07915317,1.19430370,-0.13057473,0.03770688,1.33890400,-0.39311644,0.03667200,-0.88078877,-5.33509741,5.37282190,0.25083821,2.05428028,2.67540960,0.75291709,-5.54445333,3.27738738,-0.66272856,3.08912206,0.89408392
0.95260991,0.00511117,0.05177031,0.25651555,-0.44972222,-0.03826845,0.10667690,0.16240439,-1.52171910,-0.04352385,0.96881557,-1.40578759,-0.01246498,0.47458196,-1.54599857,-0.17378785,1.20385194,-1.57712245,0.87214413,0.04586163,0.33071442,0.33066839,0.11601555,0.14481213,-0.30734906,0.37409266,-0.10026783,-0.25964238,-0.30710998,0.10805152,-0.28990828,-0.09597282,-0.13013136,-0.30011550,1.48737431,-0.27138853,0.02562133,-0.01438273,-0.05279826,0.99817284,1.61810970,-0.13971311,0.02331933,1.84870625,-0.41080943,0.07102601,1.19347286,-0.13133993,0.04076011,1.37812710,-0.39059424,0.03055289,-1.02266097,-2.29936099,5.44146490,0.16903235,1.72951686,2.95101619,0.77336991,-3.85094023,3.07190156,-0.60989225,3.09817290,1.37091625
0.95073813,-0.00119699,-0.02072245,0.24500418,-0.45075659,0.14045358,0.08352618,0.17259742,-1.44016702,-0.04437308,1.00131226,-1.35105925,-0.00048677,0.45599644,-1.51601584,-0.18350543,1.26183016,-1.55965116,0.87214413,0.04586163,0.33071442,0.33094474,0.09765083,0.14636283,-0.30760763,0.36969646,-0.10228931,-0.27430998,-0.32409601,0.10772557,-0.28679004,-0.09087423,-0.12462053,-0.30643416,1.50629215,-0.27335576,0.02832743,-0.01872545,-0.05133929,0.99810380,1.61858158,-0.13789784,0.02333711,1.86340122,-0.41339748,0.05663476,1.19510136,-0.13263152,0.04415470,1.40299549,-0.38789048,0.02451058,-1.15956089,0.55284722,4.03688903,-0.04597369,1.62505233,2.71735077,0.59347192,-0.85219709,1.44099703,-0.48229908,2.89910436,0.83378506
0.94504415,-0.01531788,-0.08865804,0.23620121,-0.37506220,0.19239215,0.06219989,0.21000778,-1.38953264,-0.04683678,1.03477445,-1.31080675,0.00723272,0.48733201,-1.52408659,-0.18985205,1.31906793,-1.57015932,0.87214413,0.04586163,0.33071442,0.33000755,0.08112134,0.14727614,-0.30587295,0.35809600,-0.10472944,-0.28752294,-0.33533818,0.10860097,-0.28051173,-0.09697405,-0.12054758,-0.30990904,1.52513981,-0.27543411,0.03092900,-0.02238084,-0.04934643,0.99805181,1.62057819,-0.13700561,0.02413460,1.87097187,-0.41543833,0.04248461,1.20233860,-0.13385289,0.04949582,1.41660023,-0.38568312,0.02009851,-1.03794563,1.92671318,2.42611580,-0.12176853,1.68167484,1.96319671,0.37058065,1.68059622,-0.49337478,-0.30152175,2.85351682,-0.60630507
0.94785463,-0.02713450,-0.14364611,0.17030821,-0.16880656,0.13313463,0.05420845,0.26859984,-1.38223789,-0.04716381,1.07012453,-1.28845844,0.01068160,0.54897833,-1.55493751,-0.18966625,1.36496940,-1.59635098,0.87214413,0.04586163,0.33071442,0.32803992,0.06637005,0.14832711,-0.30223550,0.34169240,-0.10469856,-0.29676199,-0.34108488,0.11073437,-0.27306506,-0.11072296,-0.11836499,-0.31069006,1.54406261,-0.27762805,0.03284987,-0.02414331,-0.04791616,0.99801905,1.62455387,-0.13646476,0.02580442,1.87394276,-0.41508560,0.03127793,1.21537457,-0.13422247,0.05497486,1.42234516,-0.38465471,0.01734986,-0.32296047,3.02902870,0.14254760,0.00218198,1.76925218,1.03722945,0.16052592,3.15778732,-1.59067285,0.04299563,2.19845278,-1.30462348
0.97249417,-0.02673276,-0.16483918,0.00879485,0.08084399,0.00835803,0.06030274,0.34451569,-1.41638162,-0.04236638,1.10165820,-1.28334255,0.01384805,0.62229669,-1.59552555,-0.18223615,1.38873916,-1.62955191,0.87214413,0.04586163,0.33071442,0.32558968,0.05504544,0.14984212,-0.29786584,0.32205728,-0.10226919,-0.30140465,-0.34068948,0.11341386,-0.26670648,-0.12800069,-0.11748342,-0.30881044,1.56344814,-0.27983499,0.03312367,-0.02358982,-0.04770671,0.99803327,1.63275166,-0.13603067,0.02772384,1.87408237,-0.41282467,0.02418503,1.23534908,-0.13394795,0.05888320,1.42466755,-0.38436479,0.01677924,0.36896000,3.86960468,-1.89938163,0.27258270,1.53677118,0.16365622,0.16741621,3.70716667,-2.07864616,0.41024259,1.06379120,-1.73509872
1.00788294,-0.01096093,-0.14513396,-0.18071475,0.29434175,-0.10033546,0.07188850,0.42642391,-1.47259045,-0.03324602,1.12913001,-1.30950892,0.01886789,0.69321811,-1.63056803,-0.16934752,1.38694918,-1.67420959,0.87214413,0.04586163,0.33071442,0.32340425,0.05048740,0.15136604,-0.29265815,0.30165417,-0.10001906,-0.30232748,-0.33251061,0.11602387,-0.26197550,-0.14603612,-0.11731142,-0.30582677,1.58350277,-0.28188825,0.03143690,-0.02104050,-0.04861672,0.99810091,1.64864635,-0.13622779,0.03074610,1.87384510,-0.41111821,0.02107678,1.26402950,-0.13369352,0.06142876,1.42662716,-0.38425308,0.01757748,0.60207987,4.11842823,-2.93499446,0.48289192,1.35292757,-1.57507169,0.26497900,3.50147700,-1.67204607,0.67964756,-0.28274775,-2.30992532
1.03339928,0.01624337,-0.12197111,-0.34443184,0.43589828,-0.11996111,0.08633355,0.51052109,-1.53204286,-0.02488693,1.14155617,-1.37463851,0.02590302,0.75501009,-1.64884865,-0.15150067,1.34847980,-1.72194021,0.87214413,0.04586163,0.33071442,0.32162554,0.05786288,0.15144460,-0.28824136,0.28051247,-0.09844731,-0.30166351,-0.31553921,0.11842964,-0.26032404,-0.16400564,-0.11762678,-0.30331644,1.60417080,-0.28352705,0.02780201,-0.01691471,-0.04989410,0.99822418,1.67697544,-0.13867174,0.03338418,1.87335644,-0.40969445,0.01996203,1.30214634,-0.13395501,0.06130150,1.42916393,-0.38405817,0.01830910,0.71939943,4.20636845,-2.96869159,0.41269313,0.60557551,-3.32315655,0.35263948,3.07859206,-0.90099329,0.89775605,-1.96036849,-2.38094740
1.03554808,0.04612537,-0.10679505,-0.46423243,0.48085057,-0.03828827,0.09797565,0.59347006,-1.58534529,-0.02058259,1.14103708,-1.47912025,0.03312397,0.80888017,-1.65777061,-0.13080308,1.28514452,-1.76397669,0.87214413,0.04586163,0.33071442,0.31998875,0.07667515,0.14960312,-0.28298402,0.25939804,-0.09858656,-0.30017863,-0.29389189,0.12082328,-0.26042780,-0.18095734,-0.11858074,-0.30075251,1.62493343,-0.28464277,0.02295249,-0.01235456,-0.05040845,0.99838847,1.71636143,-0.14357152,0.03700473,1.87301693,-0.40898596,0.01981012,1.34478474,-0.13468472,0.05956095,1.43290005,-0.38429279,0.01923625,0.56834012,4.12841911,-2.62326608,0.20097646,-0.07674409,-5.28422165,0.35849085,2.66931844,-0.41770073,1.03632045,-3.23092580,-2.07279820
1.01459768,0.06906556,-0.08153215,-0.49589987,0.42184553,0.12557975,0.10477506,0.66784475,-1.62226171,-0.02311144,1.12062125,-1.59404712,0.03910765,0.85573061,-1.65823073,-0.11082916,1.20124831,-1.79390264,0.87214413,0.04586163,0.33071442,0.31866710,0.10270949,0.14573428,-0.27747633,0.23977175,-0.10019562,-0.29899094,-0.26919542,0.12287981,-0.26210955,-0.19666358,-0.12001848,-0.29861915,1.64533482,-0.28525622,0.01779154,-0.00828420,-0.04935297,0.99858856,1.76195011,-0.15039113,0.04119077,1.87402515,-0.40866765,0.01967616,1.38960781,-0.13636256,0.05655755,1.43776836,-0.38524206,0.02004795,0.31907386,3.67104983,-1.76567166,-0.16629377,-1.11817925,-5.73052406,0.29192461,2.32069578,0.00481796,0.98857684,-4.27209482,-1.43324363
0.97957279,0.08173062,-0.03883271,-0.47099291,0.28260728,0.33561455,0.10673961,0.73277438,-1.64013433,-0.03644968,1.06780648,-1.70326557,0.04358757,0.89933317,-1.65108533,-0.09373925,1.09852400,-1.80678782,0.87214413,0.04586163,0.33071442,0.31803019,0.13571793,0.13925627,-0.27221730,0.22166373,-0.10275273,-0.29862792,-0.24192855,0.12438148,-0.26548776,-0.21181806,-0.12163938,-0.29733197,1.66508656,-0.28546585,0.01292082,-0.00547382,-0.04626069,0.99883084,1.81311131,-0.15936930,0.04581289,1.87628803,-0.40829447,0.01940227,1.43570919,-0.13922564,0.05254243,1.44291897,-0.38697738,0.02069822,0.07077518,3.19971490,-0.78334229,-0.73515429,-2.86733987,-5.41965675,0.21621768,2.16947508,0.40550134,0.83577476,-5.24721146,-0.53690524
0.93780782,0.08499613,0.01367904,-0.43993956,0.09235034,0.56571554,0.10293995,0.79164636,-1.63714743,-0.06045392,0.95486557,-1.79396892,0.04864367,0.94489259,-1.64097345,-0.08055349,0.97927821,-1.79931295,0.87214413,0.04586163,0.33071442,0.31834286,0.18020068,0.13044576,-0.26698270,0.20367999,-0.10641373,-0.29947299,-0.21227828,0.12509875,-0.27052538,-0.22704012,-0.12280371,-0.29655211,1.68403339,-0.28535427,0.00845671,-0.00441607,-0.04092353,0.99911673,1.87430668,-0.17009604,0.05136016,1.87831974,-0.40808257,0.01886988,1.48270702,-0.14329986,0.04781748,1.44770336,-0.38916218,0.02179076,-0.23389889,2.90640569,0.30279633,-1.27275097,-6.13500547,-4.37064886,0.26245594,2.30286574,0.51114321,0.62960649,-6.07200575,0.52366734
0.90318893,0.07829054,0.05513456,-0.38357231,-0.08557841,0.74648361,0.09168437,0.83929309,-1.61246994,-0.08501838,0.77771063,-1.82071872,0.05750709,0.99330003,-1.63182721,-0.07439014,0.85533959,-1.76888933,0.87214413,0.04586163,0.33071442,0.31962740,0.23068634,0.12236269,-0.26215894,0.18676017,-0.11172398,-0.30135115,-0.18260267,0.12440690,-0.27673447,-0.24185382,-0.12252100,-0.29600663,1.70216465,-0.28501226,0.00466681,-0.00533746,-0.03346629,0.99941470,1.94052525,-0.17836779,0.05746846,1.88102627,-0.40898859,0.01827625,1.52830029,-0.14865980,0.04289293,1.45265102,-0.39106705,0.02362077,-0.56753439,2.36882882,1.24950302,-1.21176076,-8.88679924,-1.24242487,0.44733129,2.42285347,0.45684811,0.29854674,-6.19876356,1.55077734
0.87719404,0.06120151,0.08749662,-0.29680101,-0.19101623,0.79322945,0.07817192,0.87843035,-1.57757699,-0.09754382,0.59031298,-1.78377171,0.06927891,1.04228857,-1.61907845,-0.07547721,0.72930142,-1.71750526,0.87214413,0.04586163,0.33071442,0.32159915,0.27672551,0.11784144,-0.25851671,0.17088703,-0.11723857,-0.30347788,-0.15323767,0.12208166,-0.28391420,-0.25694886,-0.12089931,-0.29599805,1.71974735,-0.28468216,0.00174244,-0.00726504,-0.02549382,0.99964706,2.00212269,-0.18110715,0.06308244,1.88443279,-0.41048345,0.01812127,1.57293530,-0.15494421,0.03768495,1.45696697,-0.39231967,0.02560110,-0.67441307,1.93930502,1.76865852,-0.58819169,-9.32704887,2.00899305,0.59687357,2.44283056,0.67578219,-0.07875188,-6.31373930,2.63082495
0.86067491,0.03732682,0.10651820,-0.20380503,-0.25469295,0.68826716,0.06681235,0.91161067,-1.53549063,-0.09782747,0.42539731,-1.69956486,0.08309886,1.08972104,-1.59526751,-0.08440534,0.60411882,-1.64861984,0.87214413,0.04586163,0.33071442,0.32404445,0.31444432,0.11658265,-0.25785773,0.15546019,-0.12162470,-0.30593791,-0.12437777,0.11787979,-0.29159206,-0.27330168,-0.11810793,-0.29718049,1.73695354,-0.28454604,-0.00025046,-0.00982181,-0.01845163,0.99978148,2.05548534,-0.17964495,0.06618672,1.88782024,-0.41182400,0.01810654,1.61700993,-0.16215730,0.03245239,1.45948009,-0.39248942,0.02686396,-0.54886906,1.63456309,2.12822909,0.03207421,-8.10662975,4.35965500,0.69491310,2.36925435,1.22448056,-0.47602081,-6.22691097,3.49604106
0.85565719,0.01418354,0.10293210,-0.16107040,-0.27212066,0.44548033,0.06066131,0.94056787,-1.49073660,-0.09002337,0.30081715,-1.59264805,0.09751396,1.13546674,-1.56594174,-0.09670693,0.49874651,-1.57735128,0.87214413,0.04586163,0.33071442,0.32654421,0.34178843,0.11721483,-0.26131912,0.14046567,-0.12423923,-0.30843118,-0.10002874,0.11283320,-0.29844650,-0.29023950,-0.11492424,-0.29831050,1.75401821,-0.28468897,-0.00179392,-0.01256481,-0.01367336,0.99982596,2.09887981,-0.17685056,0.06522508,1.89103909,-0.41271737,0.01811303,1.65710773,-0.16916651,0.02809771,1.46074886,-0.39164522,0.02823370,-0.27457602,1.43008149,2.24046707,0.42482612,-5.96480579,5.42362642,0.72279074,2.27278657,1.48750293,-0.61919981,-5.10273056,3.53548884
0.85664575,0.00135547,0.08238649,-0.18302335,-0.29035783,0.15164759,0.05952990,0.96821880,-1.44954848,-0.07650399,0.22337750,-1.48823512,0.10999212,1.18079031,-1.54060316,-0.10693499,0.42988285,-1.52120996,0.87214413,0.04586163,0.33071442,0.32877088,0.35781134,0.11908145,-0.26819951,0.12620118,-0.12551374,-0.31005883,-0.08380484,0.10829401,-0.30387894,-0.30631344,-0.11257740,-0.29802716,1.77108479,-0.28502686,-0.00351835,-0.01546641,-0.01172733,0.99980542,2.13157940,-0.17433368,0.06057136,1.89432049,-0.41345349,0.01871204,1.68983173,-0.17480534,0.02489194,1.46222591,-0.39042038,0.03074372,-0.02286203,1.37837279,2.02236414,0.71581089,-3.53267837,5.15671444,0.60352111,2.26920605,1.21644962,-0.48860770,-3.16103864,2.66976333
0.85762162,0.00275567,0.04098619,-0.23483166,-0.28473500,-0.07315295,0.06095247,0.99130542,-1.40898652,-0.05649909,0.19271818,-1.39974096,0.11855648,1.22361600,-1.51918256,-0.11175239,0.40837630,-1.48858924,0.87214413,0.04586163,0.33071442,0.33025010,0.36211492,0.12253154,-0.27800231,0.11310378,-0.12639893,-0.31117764,-0.07878390,0.10498650,-0.30894873,-0.32094413,-0.11185382,-0.29634501,1.78818874,-0.28538499,-0.00583418,-0.01835126,-0.01238853,0.99973782,2.15320530,-0.17178874,0.05224779,1.89815235,-0.41452506,0.01907246,1.71200848,-0.17849423,0.02130136,1.46459293,-0.38931844,0.03390508,0.07125364,1.15415871,2.02175186,1.00642743,-1.48296055,4.38924794,0.42241821,2.13847160,1.05929946,-0.23513505,-1.01994637,1.59088601
0.86063909,0.01107367,-0.01835837,-0.26226915,-0.22043974,-0.19669584,0.06222383,1.01489427,-1.37331033,-0.03376360,0.19626192,-1.33821471,0.12314134,1.26432545,-1.50840523,-0.11314633,0.42749504,-1.48940597,0.87214413,0.04586163,0.33071442,0.33066260,0.35777259,0.12701368,-0.28801860,0.10017371,-0.12758226,-0.31121940,-0.08282398,0.10277646,-0.31188034,-0.33312353,-0.11256200,-0.29286364,1.80539227,-0.28566213,-0.00846240,-0.02062526,-0.01428562,0.99964939,2.16660862,-0.16880132,0.04264399,1.90192356,-0.41602207,0.01944319,1.72550335,-0.18058800,0.01878226,1.46922321,-0.38877302,0.03779896,0.06142978,1.18532526,1.76668298,1.13316879,0.26919059,2.98393092,0.21844518,2.02837653,0.49108597,-0.06413617,1.08528362,-0.17446231
0.87040336,0.02078067,-0.08040945,-0.23751658,-0.11331611,-0.20616085,0.06288989,1.04192879,-1.34506781,-0.01622274,0.23227956,-1.31333947,0.12371684,1.30468640,-1.52026510,-0.11294101,0.48403068,-1.52513342,0.87214413,0.04586163,0.33071442,0.32991020,0.34571732,0.13046877,-0.29678263,0.08683116,-0.12892062,-0.30991348,-0.09502904,0.10157106,-0.31166279,-0.34099863,-0.11442980,-0.28679786,1.82282963,-0.28584861,-0.01090889,-0.02187828,-0.01633936,0.99956759,2.17257099,-0.16658609,0.03312757,1.90546207,-0.41749988,0.01999672,1.73112240,-0.18126858,0.01824741,1.47832127,-0.38923250,0.04311234,0.03152650,1.37441671,1.37204206,0.83230752,1.94161382,1.06201456,0.01027706,2.02875419,-0.72380440,0.01513705,2.94225726,-1.86822791
0.89269904,0.02448362,-0.12979161,-0.13105225,0.02216923,-0.11725984,0.06254310,1.07857234,-1.33773639,-0.01220132,0.29986444,-1.33462777,0.11816351,1.34848313,-1.57109089,-0.11233603,0.56058416,-1.57263269,0.87214413,0.04586163,0.33071442,0.32819089,0.32725319,0.13061548,-0.30244936,0.07383581,-0.13011155,-0.30589490,-0.11246447,0.10123744,-0.30987686,-0.34224714,-0.11761416,-0.27677552,1.84072208,-0.28603844,-0.01239604,-0.02182299,-0.01760350,0.99953000,2.17230854,-0.16685171,0.02574153,1.91000080,-0.41863257,0.02229599,1.73183651,-0.18096129,0.01831403,1.49460163,-0.39171164,0.05141538,-0.02569118,1.90557716,0.19754360,0.11061204,3.55418468,-1.34430304,-0.32045663,2.21348763,-2.80013731,0.02937439,3.91237712,-2.41082649
0.93030936,0.01713924,-0.14566787,0.03867738,0.16737460,0.00290448,0.05863589,1.10179126,-1.33267426,-0.01965248,0.38412189,-1.38459492,0.10050195,1.36690998,-1.62708807,-0.11260439,0.64230084,-1.61508596,0.87214413,0.04586163,0.33071442,0.32606900,0.30567299,0.12830422,-0.30513596,0.06466545,-0.13137218,-0.30324902,-0.13242510,0.10158289,-0.30757781,-0.33643783,-0.12264425,-0.26849043,1.85932064,-0.28639027,-0.01228467,-0.02034848,-0.01772770,0.99956028,2.16929340,-0.16885374,0.02093304,1.91935253,-0.41994342,0.02281998,1.73052883,-0.18023869,0.01849119,1.51879978,-0.39719447,0.05757856,-0.22678903,0.98999971,0.31492707,-0.44205427,4.29212809,-2.64520144,-0.98276538,0.65581793,-2.72214866,-0.02171382,4.09511423,-2.05427170
0.97080898,-0.00146945,-0.13582780,0.22596842,0.38912525,0.06041519,0.05818478,1.11323090,-1.38563914,-0.03124869,0.47035010,-1.44728167,0.06941579,1.34053257,-1.68170931,-0.11372937,0.71505871,-1.64368186,0.87214413,0.04586163,0.33071442,0.32399496,0.28375349,0.12613237,-0.30505892,0.06960770,-0.13041693,-0.29953096,-0.15240903,0.10277926,-0.30463286,-0.32091796,-0.12949208,-0.26358936,1.87878551,-0.28711971,-0.01012921,-0.01648896,-0.01711301,0.99966627,2.16665173,-0.17067890,0.01893604,1.94393215,-0.41982135,0.02446400,1.72994823,-0.17923295,0.01936210,1.55366230,-0.40565845,0.06040560,-0.00989337,0.54518075,-2.74095001,-0.57525120,4.29930115,-3.12543273,-1.56336682,-1.36601968,-2.72514844,-0.05660149,3.61675620,-1.40422000
1.00617938,-0.02683278,-0.10624552,0.37785059,0.56420754,0.00841327,0.06593585,1.10316195,-1.49389877,-0.03948239,0.54636784,-1.50096037,0.03466375,1.28445265,-1.72946813,-0.11526750,0.77393498,-1.65587854,0.87214413,0.04586163,0.33071442,0.32228060,0.26331711,0.12598106,-0.30444089,0.09073142,-0.12629985,-0.29480067,-0.17127441,0.10452461,-0.30186945,-0.30042267,-0.13643477,-0.26033196,1.89888363,-0.28833835,-0.00650040,-0.01083431,-0.01697654,0.99977605,2.16630993,-0.17133280,0.01783970,1.98529263,-0.41763386,0.02747993,1.73124142,-0.17808226,0.02041115,1.59401951,-0.41453700,0.06194864,0.40626482,-0.58452839,-5.50239754,-0.40085549,3.75932598,-2.63837800,-1.72896574,-2.86527562,-2.34888391,-0.07927563,2.91068149,-0.57371660
1.03219894,-0.04509220,-0.06103483,0.45791536,0.55124269,-0.10128211,0.08001294,1.06325769,-1.62023368,-0.04488067,0.60980086,-1.53888016,0.00474800,1.20993516,-1.76314731,-0.11777185,0.82591122,-1.66037135,0.87214413,0.04586163,0.33071442,0.32122130,0.24523511,0.12714882,-0.30397610,0.12261218,-0.12021175,-0.28886259,-0.18907059,0.10640347,-0.29897876,-0.27809739,-0.14181953,-0.25904443,1.91946926,-0.28995611,-0.00206901,-0.00515150,-0.01789732,0.99982442,2.16909542,-0.17166046,0.01724521,2.03770313,-0.41447664,0.03235871,1.73432560,-0.17685786,0.02224254,1.63647709,-0.42173762,0.06217687,0.72969215,-2.13140326,-6.31866455,-0.26321928,3.12892532,-1.82951396,-1.46469684,-3.78768959,-1.62127578,-0.13014184,2.59607553,-0.21983670
1.03335610,-0.05506486,-0.01585413,0.51110100,0.37704939,-0.22801949,0.09898396,0.98442435,-1.73692446,-0.04941333,0.66727688,-1.56262069,-0.01809629,1.12133610,-1.78222280,-0.12182961,0.87826596,-1.66478071,0.87214413,0.04586163,0.33071442,0.32085665,0.22843656,0.12883267,-0.30358501,0.16189578,-0.11297237,-0.28139433,-0.20595081,0.10822199,-0.29565726,-0.25397467,-0.14520191,-0.26015462,1.94009228,-0.29185424,0.00290481,-0.00105931,-0.02004474,0.99979430,2.17350979,-0.17228257,0.01727164,2.09732914,-0.41122578,0.03946232,1.73864536,-0.17546319,0.02519939,1.68050098,-0.42675823,0.06070203,0.97165260,-4.19476705,-5.73617744,-0.22467102,2.85695648,-1.11170905,-1.10259004,-4.50895319,-0.87042038,-0.21349774,2.62425804,-0.22443722
1.01073232,-0.05966882,0.03459230,0.53745697,0.15335112,-0.34712693,0.11866861,0.85210407,-1.81964636,-0.05371128,0.72475988,-1.57432377,-0.03503445,1.01832378,-1.78417051,-0.12690462,0.93040216,-1.66542149,0.87214413,0.04586163,0.33071442,0.32135412,0.21149948,0.13072440,-0.30316138,0.20789776,-0.10597464,-0.27277006,-0.22198775,0.10994327,-0.29283150,-0.22764242,-0.14692786,-0.26375368,1.96030331,-0.29397199,0.00820963,0.00088599,-0.02336166,0.99969298,2.17767620,-0.17326605,0.01819274,2.16302586,-0.40953872,0.04858406,1.74369144,-0.17378302,0.02852263,1.72604847,-0.43010992,0.05760044,0.97981763,-7.02433300,-3.84558654,-0.21353132,2.88264132,-0.50243855,-0.80765903,-5.25524807,0.03221512,-0.25861815,2.60136342,0.00763178
0.97547788,-0.05547166,0.06874529,0.48903823,-0.04966803,-0.44437268,0.13447893,0.67318808,-1.84198453,-0.05617861,0.78269727,-1.57161396,-0.04627742,0.90215904,-1.76351478,-0.13230196,0.97836761,-1.65202324,0.87214413,0.04586163,0.33071442,0.32264937,0.19378635,0.13295187,-0.30288845,0.25608570,-0.10090843,-0.26313879,-0.23774644,0.11125761,-0.29222059,-0.19933492,-0.14741349,-0.26952027,1.97974262,-0.29619811,0.01314205,0.00052087,-0.02777230,0.99952775,2.18060970,-0.17420726,0.01976091,2.22983265,-0.41116496,0.05951058,1.74853802,-0.17191595,0.03042878,1.77253284,-0.43232031,0.05312910,0.77991304,-8.96388874,-1.03369466,-0.11875953,2.89424634,0.15541504,-0.55172186,-5.81497879,1.06073277,-0.27002513,2.39652348,0.67647594
0.94380963,-0.04588064,0.09251359,0.38637042,-0.24318122,-0.49621740,0.14306263,0.49198489,-1.81024244,-0.05561770,0.83769240,-1.55414784,-0.04971897,0.78407749,-1.72478049,-0.13831824,1.02620378,-1.63594120,0.87214413,0.04586163,0.33071442,0.32448253,0.17569736,0.13554859,-0.30300820,0.29965415,-0.09810450,-0.25438232,-0.25291264,0.11192604,-0.29228144,-0.17094013,-0.14623112,-0.27658463,1.99853840,-0.29841399,0.01713995,-0.00176792,-0.03268610,0.99931712,2.18272305,-0.17464405,0.02147433,2.29113636,-0.41590243,0.07010021,1.75348568,-0.17018994,0.03220109,1.81840229,-0.43315467,0.04789790,0.40993344,-8.99258366,1.71183716,0.03529277,2.73344970,0.92124788,-0.14619504,-5.88953552,1.97776778,-0.30621206,2.39926004,0.79812092
0.92785208,-0.03109349,0.10192090,0.29822960,-0.37361361,-0.47006176,0.14178676,0.33910184,-1.73956094,-0.05254651,0.88631942,-1.51885762,-0.04396118,0.66984986,-1.67295306,-0.14726752,1.07779696,-1.62028532,0.87214413,0.04586163,0.33071442,0.32665805,0.15709091,0.13843703,-0.30408395,0.33485449,-0.09741246,-0.24882468,-0.26836430,0.11140490,-0.29228855,-0.14330415,-0.14282995,-0.28421576,2.01698399,-0.30052063,0.02028488,-0.00541847,-0.03737705,0.99908064,2.18400364,-0.17423998,0.02257410,2.34360065,-0.42274283,0.07783338,1.75771885,-0.16932597,0.03436950,1.86338329,-0.43221459,0.04244229,-0.12388568,-7.49610100,3.67400398,0.16416768,2.40028300,1.84686751,0.32811792,-5.70192480,2.64019608,-0.46599768,2.60232472,0.79049486
0.92966849,-0.01038689,0.09538527,0.25573731,-0.43949389,-0.31689305,0.12661156,0.22485040,-1.63755188,-0.04757502,0.92823286,-1.46786370,-0.03001914,0.55783778,-1.60865228,-0.15977043,1.13687837,-1.60142765,0.87214413,0.04586163,0.33071442,0.32887896,0.13766966,0.14172898,-0.30581884,0.36071928,-0.09894667,-0.24978509,-0.28615995,0.10980769,-0.29177274,-0.11613036,-0.13712767,-0.29219543,2.03543949,-0.30236960,0.02302437,-0.00971325,-0.04068606,0.99885944,2.18423328,-0.17236788,0.02306011,2.38686390,-0.43047006,0.07909386,1.75921268,-0.16953889,0.03710622,1.90848904,-0.42954602,0.03668353,-0.83766118,-5.47430649,5.27379904,0.25696899,2.05960393,2.62437611,0.73871593,-5.58790445,3.29094720,-0.64214797,3.00628686,0.96720027
0.93409045,0.00318362,0.05339841,0.26087833,-0.44316505,-0.05104428,0.10661202,0.16501056,-1.52763927,-0.04355897,0.96395755,-1.41007853,-0.01458105,0.47272378,-1.54490912,-0.17204238,1.19914567,-1.57721376,0.87214413,0.04586163,0.33071442,0.33054462,0.11834774,0.14480268,-0.30731606,0.37365675,-0.10040794,-0.25889988,-0.30580365,0.10848209,-0.29030441,-0.09556325,-0.13075287,-0.29995856,2.05400753,-0.30395658,0.02578575,-0.01406421,-0.04150618,0.99870643,2.18405437,-0.16956230,0.02322856,2.41795444,-0.43527210,0.07164474,1.75835133,-0.17027171,0.04024021,1.94784069,-0.42625642,0.03058606,-1.00876987,-2.56700897,5.48799229,0.18705098,1.74238074,2.91983104,0.76605767,-3.99306870,3.14362741,-0.60278708,3.11911559,1.25209796
0.93396507,-0.00310526,-0.01741733,0.25273314,-0.44064052,0.13615796,0.08381278,0.17171560,-1.44440587,-0.04417898,0.99663646,-1.35540755,-0.00265399,0.45134056,-1.51275923,-0.18142075,1.25510550,-1.55598516,0.87214413,0.04586163,0.33071442,0.33086968,0.09995184,0.14641015,-0.30769921,0.37013190,-0.10236559,-0.27335890,-0.32304289,0.10814764,-0.28774289,-0.08988211,-0.12527659,-0.30638385,2.07262440,-0.30551170,0.02851395,-0.01833309,-0.04009410,0.99862071,2.18413067,-0.16769786,0.02317047,2.43322582,-0.43758346,0.05751078,1.75942593,-0.17149924,0.04312679,1.97287006,-0.42307909,0.02448583,-1.14308867,0.38056735,4.12145085,-0.03493510,1.63379490,2.71548538,0.59128091,-0.99126712,1.54913797,-0.46638677,2.80284667,1.01866283
0.92930092,-0.01696658,-0.08397951,0.24557859,-0.36967621,0.19590077,0.06202814,0.20680944,-1.39152930,-0.04670549,1.03000796,-1.31464031,0.00527601,0.48060617,-1.51917045,-0.18813142,1.31334810,-1.56545510,0.87214413,0.04586163,0.33071442,0.33000672,0.08336759,0.14731069,-0.30614767,0.35909925,-0.10490595,-0.28664599,-0.33481979,0.10891493,-0.28144966,-0.09555244,-0.12112843,-0.31001883,2.09119282,-0.30717750,0.03116270,-0.02195279,-0.03807064,0.99854774,2.18572140,-0.16676759,0.02385905,2.44108639,-0.43958603,0.04336073,1.76581631,-0.17265285,0.04855706,1.98654423,-0.42053992,0.01998789,-1.06345294,1.81200433,2.54135637,-0.12571715,1.67625391,1.98964114,0.38188964,1.58029877,-0.41439053,-0.32151458,2.91067863,-0.56664700
0.93258222,-0.02930661,-0.13877256,0.18054823,-0.17620073,0.14152337,0.05289818,0.26305290,-1.38075268,-0.04731723,1.06538143,-1.29120946,0.00907145,0.54120257,-1.54967532,-0.18860344,1.36117532,-1.59139292,0.87214413,0.04586163,0.33071442,0.32812077,0.06844716,0.14832024,-0.30267210,0.34319364,-0.10512998,-0.29615616,-0.34111229,0.11093483,-0.27384237,-0.10899627,-0.11879069,-0.31092015,2.10984898,-0.30896579,0.03317034,-0.02379056,-0.03655772,0.99849751,2.18917866,-0.16616975,0.02544867,2.44423580,-0.43942512,0.03196461,1.77797108,-0.17287320,0.05427840,1.99228802,-0.41928731,0.01720062,-0.38150868,2.90904441,0.32277484,-0.01265600,1.77333486,1.09562007,0.17764712,3.10909128,-1.57852066,0.01074779,2.29010994,-1.27526939
0.95683177,-0.02959519,-0.16225425,0.02353846,0.06686182,0.02039539,0.05835118,0.33678041,-1.41134636,-0.04293684,1.09712586,-1.28361306,0.01222749,0.61397371,-1.59048486,-0.18193556,1.38694546,-1.62246897,0.87214413,0.04586163,0.33071442,0.32571673,0.05660727,0.14981262,-0.29845077,0.32397247,-0.10273938,-0.30120703,-0.34160768,0.11352363,-0.26742637,-0.12605335,-0.11780558,-0.30915055,2.12896214,-0.31076260,0.03359675,-0.02336840,-0.03623110,0.99850512,2.19649982,-0.16554943,0.02726596,2.44444408,-0.43719315,0.02450970,1.79669132,-0.17227242,0.05829036,1.99453716,-0.41891771,0.01656617,0.34349024,3.76434398,-1.72733116,0.25100969,1.54626977,0.29739759,0.16353333,3.68103266,-2.09024618,0.37044415,1.16918700,-1.62680614
0.99181367,-0.01506651,-0.14384427,-0.16580379,0.27312114,-0.09296795,0.06955224,0.41680086,-1.46525264,-0.03382989,1.12567973,-1.30536938,0.01695763,0.68424100,-1.62595630,-0.16992836,1.38867998,-1.66503215,0.87214413,0.04586163,0.33071442,0.32355276,0.05086101,0.15147016,-0.29324007,0.30396520,-0.10041621,-0.30243640,-0.33464017,0.11606416,-0.26248837,-0.14380957,-0.11757957,-0.30626357,2.14873409,-0.31240545,0.03209993,-0.02099273,-0.03705761,0.99857680,2.21087360,-0.16520242,0.03031269,2.44426060,-0.43545967,0.02111636,1.82380009,-0.17143445,0.06106439,1.99646664,-0.41880456,0.01728918,0.58211350,4.02496719,-2.82961583,0.48661819,1.41626346,-1.34013164,0.24938188,3.46708751,-1.69530618,0.63522840,-0.09397029,-2.20652819
1.02014584,0.01082175,-0.11959685,-0.33136828,0.41957180,-0.12398509,0.08379850,0.49859631,-1.52562537,-0.02486530,1.14009261,-1.36306036,0.02365322,0.74570196,-1.64620237,-0.15322629,1.35663881,-1.71430521,0.87214413,0.04586163,0.33071442,0.32182190,0.05613192,0.15186557,-0.28884631,0.28357251,-0.09877771,-0.30159221,-0.31888060,0.11837439,-0.26014839,-0.16144250,-0.11787106,-0.30360254,2.16916103,-0.31365424,0.02865079,-0.01698678,-0.03837333,0.99870820,2.23691730,-0.16660653,0.03297559,2.44420605,-0.43415587,0.02022970,1.86043644,-0.17087308,0.06167351,1.99905224,-0.41863169,0.01821936,0.71110409,4.09297991,-3.00827384,0.44342528,0.70024819,-2.94164782,0.33628635,3.06173062,-0.99288225,0.84058082,-1.64837680,-2.45177917
1.02635164,0.04049326,-0.10484527,-0.45909258,0.46812937,-0.05530230,0.09611134,0.58080919,-1.57801485,-0.01967068,1.14084964,-1.45865343,0.03090948,0.79941177,-1.65458822,-0.13342837,1.29576859,-1.75594335,0.87214413,0.04586163,0.33071442,0.32023461,0.07285700,0.15038188,-0.28412508,0.26250175,-0.09855911,-0.30052017,-0.29787572,0.12060662,-0.26037036,-0.17844061,-0.11869735,-0.30131849,2.18974667,-0.31439361,0.02391645,-0.01250173,-0.03905057,0.99887275,2.27420292,-0.17020626,0.03610953,2.44368572,-0.43328861,0.01971443,1.90227680,-0.17073784,0.05986425,2.00252514,-0.41869228,0.01891612,0.60235214,4.09878063,-2.59145427,0.24605153,0.00327158,-4.87317877,0.36088590,2.66456485,-0.39779806,0.99346621,-3.10020852,-2.06492610
1.00835180,0.06447855,-0.08417001,-0.50223223,0.41693137,0.09577902,0.10371115,0.65621288,-1.61719406,-0.02054985,1.12455347,-1.57233660,0.03714025,0.84670241,-1.65602338,-0.11367673,1.21560345,-1.78839686,0.87214413,0.04586163,0.33071442,0.31888077,0.09766556,0.14696386,-0.27866911,0.24273212,-0.09993063,-0.29928543,-0.27365549,0.12262870,-0.26183174,-0.19419288,-0.12004740,-0.29917271,2.21002445,-0.31463487,0.01874494,-0.00844104,-0.03828570,0.99905534,2.31869183,-0.17560847,0.04021167,2.44436207,-0.43291798,0.01959534,1.94659863,-0.17134509,0.05704903,2.00718288,-0.41940868,0.01970806,0.35943951,3.72581840,-1.88289626,-0.07733776,-0.91618100,-5.67800856,0.30513801,2.34219136,-0.04523992,0.97997874,-4.08781090,-1.56479061
0.97461311,0.07815443,-0.04575333,-0.48036748,0.28781264,0.29831685,0.10648912,0.72183836,-1.63783529,-0.03150327,1.07957575,-1.68176901,0.04183569,0.89058151,-1.65054390,-0.09649910,1.11708732,-1.80485957,0.87214413,0.04586163,0.33071442,0.31812012,0.12887600,0.14105697,-0.27348223,0.22463818,-0.10231025,-0.29877238,-0.24695839,0.12413857,-0.26490810,-0.20927008,-0.12164125,-0.29770907,2.22967091,-0.31447994,0.01380800,-0.00554126,-0.03555958,0.99925680,2.36826611,-0.18296013,0.04463789,2.44645176,-0.43252977,0.01934774,1.99218121,-0.17306753,0.05321202,2.01226864,-0.42090744,0.02041105,0.11123094,3.22785735,-0.92274563,-0.61503386,-2.43432834,-5.43526220,0.22581919,2.18218017,0.31660221,0.84074489,-5.02976236,-0.72111223
0.93269607,0.08362348,0.00559533,-0.44231072,0.11110998,0.52213141,0.10391269,0.78154367,-1.63859487,-0.05379112,0.98033655,-1.77807319,0.04637599,0.93547064,-1.64061069,-0.08281571,1.00020087,-1.80115390,0.87214413,0.04586163,0.33071442,0.31827274,0.17106785,0.13260180,-0.26826903,0.20676847,-0.10567505,-0.29938649,-0.21757624,0.12497287,-0.26972927,-0.22442692,-0.12296942,-0.29689458,2.24850941,-0.31400183,0.00931154,-0.00427068,-0.03065011,0.99947768,2.42739010,-0.19214476,0.05000371,2.44840527,-0.43216300,0.01888625,2.03901005,-0.17591614,0.04854347,2.01696110,-0.42297110,0.02137816,-0.16853167,2.95277214,0.10617971,-1.19405544,-5.41185331,-4.70210505,0.22993973,2.26044416,0.51988363,0.65829539,-5.97604704,0.33595559
0.89636541,0.07868744,0.04790747,-0.38912377,-0.07665475,0.72000616,0.09365947,0.83046725,-1.61659255,-0.07969775,0.81194072,-1.81750443,0.05460264,0.98386476,-1.63208790,-0.07568354,0.87693814,-1.77463646,0.87214413,0.04586163,0.33071442,0.31940383,0.22128754,0.12405189,-0.26336018,0.18983285,-0.11074015,-0.30115902,-0.18781722,0.12450631,-0.27576666,-0.23924063,-0.12291463,-0.29625666,2.26649799,-0.31328404,0.00545414,-0.00506000,-0.02346313,0.99969702,2.49336796,-0.19976283,0.05604366,2.45091991,-0.43281832,0.01824481,2.08473606,-0.18009346,0.04363717,2.02174816,-0.42482599,0.02314718,-0.51851326,2.43264823,1.11760995,-1.28167182,-8.46408882,-1.87717133,0.41578363,2.42076206,0.42691609,0.34742544,-6.16537113,1.35531654
0.86967962,0.06387998,0.08121547,-0.30914124,-0.18524703,0.79328789,0.08034798,0.87064631,-1.58352427,-0.09490933,0.62451677,-1.79262893,0.06595910,1.03264382,-1.62080379,-0.07537526,0.75164200,-1.72728815,0.87214413,0.04586163,0.33071442,0.32123862,0.26849324,0.11876264,-0.25930882,0.17395361,-0.11628183,-0.30321805,-0.15846184,0.12249904,-0.28275006,-0.25408415,-0.12150802,-0.29610130,2.28392658,-0.31254826,0.00238322,-0.00689743,-0.01550193,0.99985321,2.55597630,-0.20217555,0.06192980,2.45418758,-0.43417274,0.01802057,2.12934284,-0.18519035,0.03848856,2.02619381,-0.42611222,0.02513732,-0.66689521,1.98915977,1.67660224,-0.72192752,-9.33999062,1.41489018,0.57686719,2.43752050,0.58793731,-0.00691044,-6.27396545,2.42850056
0.85131120,0.04137706,0.10324221,-0.20969256,-0.25512690,0.71694710,0.06831846,0.90460297,-1.54294395,-0.09753654,0.45471960,-1.71651156,0.07950128,1.08036404,-1.59949539,-0.08290175,0.62550955,-1.66096349,0.87214413,0.04586163,0.33071442,0.32358988,0.30779722,0.11691784,-0.25792339,0.15860944,-0.12093355,-0.30557906,-0.12932505,0.11865531,-0.29039316,-0.27008575,-0.11887331,-0.29708578,2.30094738,-0.31197945,0.00029465,-0.00942413,-0.00819655,0.99992195,2.61062069,-0.20012529,0.06566649,2.45755215,-0.43549797,0.01801082,2.17358570,-0.19121913,0.03319672,2.02894840,-0.42640728,0.02650410,-0.58601534,1.67519534,2.05775924,-0.08281936,-8.37600269,3.97605619,0.68087746,2.37828660,1.11819925,-0.41002339,-6.29666767,3.38382602
0.84447894,0.01787310,0.10479191,-0.15525508,-0.27082582,0.49568010,0.06122181,0.93422340,-1.49869699,-0.09130015,0.32143003,-1.61276624,0.09390522,1.12620683,-1.57071016,-0.09492012,0.51471794,-1.58871808,0.87214413,0.04586163,0.33071442,0.32609789,0.33732854,0.11722391,-0.26044977,0.14356998,-0.12382941,-0.30810031,-0.10374764,0.11369676,-0.29742722,-0.28694798,-0.11567881,-0.29833610,2.31779232,-0.31168241,-0.00122842,-0.01214505,-0.00293421,0.99992119,2.65579967,-0.19643045,0.06564812,2.46063671,-0.43634813,0.01799758,2.21471043,-0.19738172,0.02867067,2.03017368,-0.42568352,0.02776179,-0.32096448,1.46029675,2.22027111,0.35191465,-6.41325817,5.29335690,0.72504612,2.28108926,1.46125019,-0.61213819,-5.39612656,3.60388446
0.84521568,0.00238915,0.08705543,-0.16716404,-0.28824876,0.20444663,0.05939764,0.96084136,-1.45534742,-0.07926397,0.23448765,-1.50456166,0.10702174,1.16966605,-1.54213953,-0.10555629,0.43809864,-1.52729571,0.87214413,0.04586163,0.33071442,0.32838726,0.35552594,0.11873226,-0.26710422,0.12926475,-0.12523613,-0.31017703,-0.08592386,0.10905306,-0.30332093,-0.30314919,-0.11301672,-0.29874967,2.33463192,-0.31161033,-0.00283329,-0.01500470,-0.00046068,0.99988330,2.69025707,-0.19317554,0.06128304,2.46379185,-0.43695456,0.01821023,2.24879932,-0.20248542,0.02506633,2.03138828,-0.42437339,0.02963759,-0.05541734,1.31123531,2.15454340,0.63975912,-4.00925684,5.40177536,0.64052713,2.15465069,1.41539085,-0.51237655,-3.56096840,2.96708083
0.84627302,0.00195569,0.05006829,-0.21832017,-0.29309316,-0.03766788,0.06076569,0.98589859,-1.41670642,-0.06019204,0.19680848,-1.41467414,0.11634820,1.21431425,-1.52199275,-0.11135388,0.40881924,-1.49224527,0.87214413,0.04586163,0.33071442,0.33002158,0.36173023,0.12197617,-0.27615158,0.11598684,-0.12608280,-0.31112106,-0.07886847,0.10555863,-0.30807661,-0.31804243,-0.11202036,-0.29700440,2.35151005,-0.31158558,-0.00500911,-0.01794505,-0.00076316,0.99982614,2.71340427,-0.19009683,0.05387000,2.46732693,-0.43782452,0.01890053,2.27278385,-0.20592080,0.02194497,2.03331699,-0.42317739,0.03301719,0.06898954,1.24851882,1.93071687,0.96032906,-1.83364408,4.46661572,0.46066186,2.22649527,1.00249671,-0.28293753,-1.40636399,1.72006978
0.84878683,0.00926526,-0.00625893,-0.25383660,-0.23897452,-0.18234213,0.06224736,1.00919614,-1.38032465,-0.03763891,0.19359117,-1.34732528,0.12176278,1.25514705,-1.50823991,-0.11312978,0.42066503,-1.48610227,0.87214413,0.04586163,0.33071442,0.33065354,0.35907240,0.12635237,-0.28618272,0.10313327,-0.12716311,-0.31139154,-0.08136676,0.10318546,-0.31157134,-0.33081806,-0.11243868,-0.29395787,2.36847019,-0.31148838,-0.00756938,-0.02037223,-0.00250725,0.99976067,2.72813358,-0.18682822,0.04447081,2.47100353,-0.43913571,0.01926199,2.28759022,-0.20792092,0.01908220,2.03712635,-0.42236806,0.03669567,0.07228401,1.16899383,1.80316103,1.12880583,-0.06782000,3.28085637,0.25991533,2.03305860,0.64791293,-0.08328875,0.71551211,0.18033599
0.85668982,0.01918977,-0.06838655,-0.24320744,-0.13904563,-0.21192971,0.06308859,1.03478713,-1.35042009,-0.01840191,0.22261620,-1.31414070,0.12338454,1.29472280,-1.51378450,-0.11322103,0.47063094,-1.51639986,0.87214413,0.04586163,0.33071442,0.33012636,0.34859426,0.13021330,-0.29529499,0.09006359,-0.12847436,-0.31046239,-0.09208513,0.10177841,-0.31185681,-0.33971579,-0.11401343,-0.28861322,2.38562489,-0.31129023,-0.01007362,-0.02184968,-0.00460316,0.99969992,2.73534794,-0.18413972,0.03483137,2.47455807,-0.44054967,0.01966397,2.29443607,-0.20870798,0.01826955,2.04492207,-0.42231936,0.04151313,0.03925556,1.29425085,1.46231019,0.92639024,1.58758411,1.49075876,0.06478732,1.98337979,-0.39074562,0.00127163,2.63305116,-1.62565753
0.87636608,0.02424291,-0.12073408,-0.15701277,-0.00629119,-0.13872086,0.06320945,1.06979895,-1.33852010,-0.01150709,0.28366058,-1.32569036,0.11980403,1.33814030,-1.55514464,-0.11264118,0.54375166,-1.56263061,0.87214413,0.04586163,0.33071442,0.32858524,0.33136961,0.13106659,-0.30172690,0.07679916,-0.12964647,-0.30700708,-0.10857044,0.10126833,-0.31031962,-0.34274858,-0.11677234,-0.27946361,2.40318928,-0.31106449,-0.01179811,-0.02206139,-0.00606459,0.99966861,2.73605900,-0.18385593,0.02685834,2.47847729,-0.44159431,0.02157816,2.29580250,-0.20854184,0.01826563,2.05910740,-0.42384759,0.04912164,0.00164527,1.83009756,0.44787165,0.25677876,3.23608007,-0.85635558,-0.21474785,2.20469999,-2.31264619,0.02986917,3.75282836,-2.36009054
0.91094785,0.01958051,-0.14340065,-0.00369636,0.13177431,-0.01868428,0.06018116,1.10216522,-1.33921146,-0.01718154,0.36473182,-1.37065423,0.10573712,1.36665106,-1.61425662,-0.11254599,0.62381631,-1.60464287,0.87214413,0.04586163,0.33071442,0.32652688,0.31042181,0.12905163,-0.30500823,0.06616518,-0.13092337,-0.30288997,-0.12798489,0.10146517,-0.30842350,-0.33873151,-0.12125577,-0.27001284,2.42141247,-0.31094657,-0.01207493,-0.02093241,-0.00640437,0.99968746,2.73339939,-0.18572604,0.02151865,2.48596096,-0.44267452,0.02363691,2.29468632,-0.20791358,0.01810338,2.08121395,-0.42802334,0.05651404,-0.18070689,1.55210483,-0.08691787,-0.36543432,4.16189957,-2.44289851,-0.79034817,1.25955808,-3.01079726,-0.00052527,4.02427530,-2.03415155
0.95220999,0.00311043,-0.13658361,0.18322235,0.33939453,0.05885367,0.05783110,1.11158683,-1.36791708,-0.02888315,0.45098509,-1.43257813,0.07711925,1.34928083,-1.66799779,-0.11352195,0.69856342,-1.63694203,0.87214413,0.04586163,0.33071442,0.32446520,0.28864165,0.12660070,-0.30524523,0.06711280,-0.13068880,-0.30062391,-0.14786965,0.10254636,-0.30546440,-0.32532066,-0.12772725,-0.26468894,2.44052181,-0.31114286,-0.01030260,-0.01759929,-0.00581264,0.99977514,2.73057156,-0.18780234,0.01921998,2.50615788,-0.44257953,0.02384129,2.29381695,-0.20693695,0.01900080,2.11378269,-0.43519660,0.05977627,-0.10653246,0.45978069,-1.54535289,-0.58305696,4.30655966,-3.09478974,-1.44350986,-0.91956420,-2.68654037,-0.04933431,3.71839118,-1.59024943
0.98708068,-0.02173670,-0.11377527,0.34261755,0.54023779,0.03048322,0.06314872,1.10795214,-1.46373203,-0.03824722,0.52988292,-1.48944945,0.04243229,1.29944568,-1.71822782,-0.11489306,0.76006142,-1.65278928,0.87214413,0.04586163,0.33071442,0.32265019,0.26779354,0.12595477,-0.30460902,0.08421085,-0.12737211,-0.29622349,-0.16686451,0.10425460,-0.30261023,-0.30567431,-0.13476948,-0.26109954,2.46026897,-0.31179467,-0.00696147,-0.01226269,-0.00546310,0.99988565,2.72940197,-0.18872797,0.01804117,2.54310474,-0.44006531,0.02642671,2.29453564,-0.20575106,0.02003996,2.15316257,-0.44326807,0.06155066,0.28770548,-0.25579832,-4.91148071,-0.45494511,3.90185499,-2.80006719,-1.73195667,-2.56114187,-2.47897897,-0.06982532,3.03722882,-0.75138612
1.01658051,-0.04229814,-0.07062806,0.43010598,0.57969233,-0.07242519,0.07527936,1.07641959,-1.58723874,-0.04405856,0.59525726,-1.53084846,0.01096764,1.22898676,-1.75558441,-0.11682302,0.81225728,-1.65773191,0.87214413,0.04586163,0.33071442,0.32144488,0.24936642,0.12691817,-0.30409240,0.11356609,-0.12181899,-0.29073838,-0.18478918,0.10620228,-0.29986565,-0.28373360,-0.14060330,-0.25928947,2.48057079,-0.31286600,-0.00274860,-0.00638808,-0.00609652,0.99995723,2.73146191,-0.18898911,0.01735249,2.59264736,-0.43605677,0.03070650,2.29708652,-0.20442483,0.02157924,2.19514866,-0.45000916,0.06215541,0.63101251,-1.70747850,-6.21078539,-0.28155625,3.21955466,-2.00222380,-1.54579155,-3.59041476,-1.80413954,-0.09954687,2.59211302,-0.22003840
1.02413579,-0.05391920,-0.02643989,0.48596355,0.43577595,-0.19712853,0.09291432,1.00976357,-1.70808396,-0.04862055,0.65273206,-1.55758491,-0.01357514,1.14383318,-1.77854769,-0.12035103,0.86425663,-1.66220818,0.87214413,0.04586163,0.33071442,0.32090863,0.23261619,0.12851470,-0.30369486,0.15079852,-0.11487037,-0.28370956,-0.20185692,0.10806602,-0.29661017,-0.26005574,-0.14448290,-0.25978588,2.50103664,-0.31423714,0.00201699,-0.00179369,-0.00793913,0.99996484,2.73566494,-0.18943377,0.01721377,2.64999142,-0.43148845,0.03719907,2.30092182,-0.20297825,0.02429846,2.23871861,-0.45457081,0.06112275,0.91231078,-3.55318432,-5.98019552,-0.22461689,2.84390664,-1.25792310,-1.18536155,-4.33715625,-1.06792109,-0.18933185,2.61568213,-0.24624252
1.00587351,-0.05913600,0.02201689,0.53319821,0.21617022,-0.31993876,0.11242375,0.89276361,-1.80201709,-0.05302989,0.70917839,-1.57206964,-0.03195912,1.04423785,-1.78521931,-0.12532920,0.91656125,-1.66429842,0.87214413,0.04586163,0.33071442,0.32117674,0.21602819,0.13036404,-0.30327292,0.19514215,-0.10774920,-0.27540796,-0.21805228,0.10980061,-0.29358640,-0.23418909,-0.14659157,-0.26279253,2.52118778,-0.31583689,0.00726093,0.00071778,-0.01098156,0.99991308,2.74002552,-0.19024626,0.01790382,2.71391773,-0.42784366,0.04576878,2.30559826,-0.20127632,0.02759033,2.28383732,-0.45725250,0.05838421,0.97893471,-6.24324512,-4.45856810,-0.22068164,2.82694793,-0.64116949,-0.87849987,-5.08444500,-0.21078585,-0.25694445,2.61042571,-0.06943703
0.97188324,-0.05781781,0.06186275,0.50574437,0.00747350,-0.42300302,0.12920543,0.72212224,-1.83942750,-0.05613308,0.76669925,-1.57288294,-0.04462080,0.92944119,-1.76946480,-0.13047576,0.96570319,-1.65364087,0.87214413,0.04586163,0.33071442,0.32232845,0.19868897,0.13249385,-0.30292585,0.24342063,-0.10220581,-0.26597374,-0.23396461,0.11129787,-0.29251520,-0.20596765,-0.14737173,-0.26817789,2.54060307,-0.31761171,0.01234684,0.00087116,-0.01518174,0.99980814,2.74321995,-0.19120631,0.01940260,2.78081112,-0.42715495,0.05635471,2.31012249,-0.19926746,0.02981325,2.33025951,-0.45866734,0.05415056,0.83140999,-8.56408978,-1.78825236,-0.15104403,2.87486362,-0.02150059,-0.62374830,-5.74957514,0.81667750,-0.25738388,2.45315456,0.54352852
0.93792718,-0.04910112,0.08683819,0.41154242,-0.19034023,-0.48878518,0.13987125,0.53891479,-1.82142694,-0.05636255,0.82238637,-1.55979605,-0.05017211,0.81064253,-1.73459094,-0.13602411,1.01327759,-1.63797462,0.87214413,0.04586163,0.33071442,0.32402300,0.18086738,0.13495791,-0.30289384,0.28858658,-0.09883336,-0.25678728,-0.24922933,0.11218616,-0.29245396,-0.17736274,-0.14667933,-0.27496817,2.55933781,-0.31940253,0.01655562,-0.00092622,-0.02001996,0.99966207,2.74546604,-0.19179796,0.02112917,2.84373379,-0.42971650,0.06723572,2.31480236,-0.19732302,0.03156904,2.37624187,-0.45885950,0.04905483,0.51050229,-9.12592525,1.04279841,-0.00331342,2.77191544,0.69752596,-0.25313838,-5.93124151,1.79012625,-0.28115647,2.38275623,0.78014368
0.91643638,-0.03627412,0.10028582,0.31961537,-0.34632181,-0.48674153,0.14193937,0.37749333,-1.76053822,-0.05394965,0.87260859,-1.52981031,-0.04689994,0.69552459,-1.68558633,-0.14395127,1.06316257,-1.62236824,0.87214413,0.04586163,0.33071442,0.32611933,0.16263380,0.13771842,-0.30366764,0.32610794,-0.09749586,-0.25009283,-0.26432469,0.11199621,-0.29256507,-0.14955148,-0.14392936,-0.28247575,2.57761059,-0.32112985,0.01988254,-0.00430396,-0.02485806,0.99948399,2.74690914,-0.19169216,0.02245168,2.89845142,-0.43476517,0.07602650,2.31919918,-0.19609291,0.03355426,2.42106838,-0.45742307,0.04364358,0.06300687,-7.92210579,3.18777585,0.13074807,2.48134208,1.58191245,0.20298840,-5.73647223,2.49867139,-0.41266784,2.50928140,0.78605741
0.91500489,-0.01684007,0.09664290,0.26536831,-0.41716353,-0.37422615,0.13022391,0.25137359,-1.66613767,-0.04920261,0.91603553,-1.48261654,-0.03464113,0.58141335,-1.62350051,-0.15564793,1.12026095,-1.60530405,0.87214413,0.04586163,0.33071442,0.32831712,0.14350601,0.14092201,-0.30534304,0.35478366,-0.09860029,-0.24889924,-0.28132445,0.11058103,-0.29217152,-0.12188663,-0.13876397,-0.29037931,2.59581509,-0.32264181,0.02266999,-0.00843252,-0.02869412,0.99929556,2.74721813,-0.19024051,0.02297408,2.94431400,-0.44156181,0.07941788,2.32134457,-0.19600239,0.03614560,2.46611996,-0.45413691,0.03793781,-0.68320973,-6.10193596,4.91180520,0.25059060,2.13316293,2.44914272,0.66342694,-5.71491861,3.18666148,-0.60621817,2.91202044,0.86204904
0.91927024,0.00046933,0.06676509,0.25965855,-0.44868081,-0.12085230,0.11084660,0.17423232,-1.55487955,-0.04424121,0.95317554,-1.42604053,-0.01887280,0.48496383,-1.55648923,-0.16822022,1.18257046,-1.58291316,0.87214413,0.04586163,0.33071442,0.33016512,0.12419595,0.14421550,-0.30696955,0.37191212,-0.10026172,-0.25568238,-0.30060568,0.10906243,-0.29096448,-0.09853019,-0.13240587,-0.29824179,2.61410999,-0.32386249,0.02537817,-0.01283669,-0.03020234,0.99913912,2.74687481,-0.18749443,0.02319556,2.97921085,-0.44663218,0.07448274,2.32071972,-0.19665976,0.03920063,2.50768375,-0.45000911,0.03192332,-0.99676561,-3.46930385,5.63559246,0.24359418,1.81322324,2.87789559,0.79826885,-4.64117956,3.35863328,-0.62667841,3.13903546,1.16839159
0.92187574,-0.00199063,0.00012266,0.26389078,-0.43185782,0.09939791,0.08884864,0.16769265,-1.46394856,-0.04372096,0.98623111,-1.36981034,-0.00624643,0.44879354,-1.51469676,-0.17816176,1.23998868,-1.55842743,0.87214413,0.04586163,0.33071442,0.33079789,0.10549709,0.14619248,-0.30774774,0.37172392,-0.10195068,-0.26953886,-0.31895275,0.10850725,-0.28879101,-0.08954626,-0.12673412,-0.30515188,2.63250332,-0.32499211,0.02816233,-0.01704924,-0.02916829,0.99903224,2.74647999,-0.18530962,0.02305015,2.99753094,-0.44879621,0.06125904,2.32054272,-0.19777079,0.04200688,2.53560276,-0.44619587,0.02564601,-1.10486367,-0.27008107,4.50671439,0.02094242,1.65149391,2.79781985,0.62669126,-1.72743702,2.03285817,-0.49428391,2.86873317,1.19490184
0.91819813,-0.01506203,-0.06696198,0.25580995,-0.38912771,0.19212556,0.06579534,0.19589050,-1.40216205,-0.04599388,1.01920493,-1.32515001,0.00275368,0.46641808,-1.51191075,-0.18567963,1.29693558,-1.55827889,0.87214413,0.04586163,0.33071442,0.33024185,0.08847823,0.14719970,-0.30678016,0.36247611,-0.10461472,-0.28335017,-0.33230309,0.10893118,-0.28365613,-0.09258657,-0.12222090,-0.30953298,2.65087032,-0.32622440,0.03086724,-0.02086553,-0.02719578,0.99893555,2.74740543,-0.18417820,0.02346170,3.00696087,-0.45085463,0.04689168,2.32514629,-0.19896403,0.04658572,2.55162373,-0.44310184,0.02070887,-1.13838966,1.47275598,2.99705300,-0.11622718,1.65429485,2.18576412,0.43687739,1.01378697,0.03306054,-0.36562262,2.85352111,-0.08902215
0.91887353,-0.02850927,-0.12443795,0.21164876,-0.22809289,0.16575550,0.05234370,0.24608708,-1.37931135,-0.04747420,1.05459471,-1.29761832,0.00752031,0.52198111,-1.53955216,-0.18810649,1.34888611,-1.58096523,0.87214413,0.04586163,0.33071442,0.32862815,0.07305873,0.14812174,-0.30373523,0.34788259,-0.10572993,-0.29393671,-0.34015810,0.11062358,-0.27613529,-0.10455857,-0.11940026,-0.31092944,2.66928043,-0.32758428,0.03315808,-0.02321282,-0.02544712,0.99885642,2.75000439,-0.18349657,0.02489291,3.01114140,-0.45140752,0.03469144,2.33538990,-0.19927910,0.05249286,2.55860577,-0.44133856,0.01769871,-0.60511635,2.60408921,0.93772172,-0.06092741,1.78244007,1.29980270,0.22225284,2.89241576,-1.47386446,-0.09097409,2.53520942,-1.16976776
0.93774477,-0.03278178,-0.15973954,0.07060433,0.01166143,0.05492447,0.05500054,0.31546416,-1.39955971,-0.04454648,1.08708410,-1.28458903,0.01066402,0.59233000,-1.57819152,-0.18350126,1.38151340,-1.61011529,0.87214413,0.04586163,0.33071442,0.32630000,0.06016417,0.14948945,-0.29980910,0.32940185,-0.10368896,-0.30027750,-0.34257165,0.11306499,-0.26923633,-0.12090709,-0.11806706,-0.30991671,2.68805714,-0.32898297,0.03407031,-0.02332889,-0.02477287,0.99883997,2.75578594,-0.18276521,0.02649090,3.01172657,-0.44937847,0.02602250,2.35171452,-0.19855034,0.05706367,2.56127148,-0.44071369,0.01638329,0.22646139,3.56639857,-1.23859539,0.17737747,1.58251464,0.58322235,0.15703489,3.55103889,-1.95015323,0.27021322,1.50044904,-1.48668897
0.97240172,-0.02179440,-0.14871323,-0.11783247,0.21779611,-0.06973730,0.06518155,0.39369029,-1.44817162,-0.03633861,1.11724615,-1.29576385,0.01479323,0.66381985,-1.61671031,-0.17310783,1.39116693,-1.64877033,0.87214413,0.04586163,0.33071442,0.32406011,0.05194964,0.15123450,-0.29482004,0.30965551,-0.10117596,-0.30245464,-0.33812474,0.11559520,-0.26377669,-0.13848176,-0.11768952,-0.30711386,2.70747280,-0.33025989,0.03310118,-0.02146747,-0.02534121,0.99890004,2.76723003,-0.18193689,0.02924007,3.01143742,-0.44742909,0.02160548,2.37582874,-0.19720800,0.06028342,2.56304836,-0.44057581,0.01694625,0.53748202,3.95102429,-2.60114169,0.44769934,1.50580633,-0.76666111,0.21639100,3.56910443,-1.91564071,0.55757761,0.31839606,-2.01320887
1.00411584,0.00135345,-0.12231968,-0.29028961,0.37782248,-0.12365907,0.07896612,0.47290663,-1.50696919,-0.02655214,1.13606100,-1.34072654,0.02091841,0.72650681,-1.64042888,-0.15809523,1.36897817,-1.69672058,0.87214413,0.04586163,0.33071442,0.32229709,0.05340829,0.15218683,-0.29024801,0.28991276,-0.09927411,-0.30201285,-0.32483530,0.11783619,-0.26073213,-0.15593136,-0.11785770,-0.30441383,2.72759571,-0.33119157,0.03012248,-0.01783656,-0.02664197,0.99903188,2.78919468,-0.18213171,0.03204908,3.01168575,-0.44607241,0.02028424,2.40964336,-0.19587844,0.06156496,2.56549053,-0.44040209,0.01788326,0.69041270,3.96520023,-2.93546510,0.48528845,0.91933536,-2.29689641,0.30816612,3.12356019,-1.16490115,0.75634855,-1.15646405,-2.39300804
1.01862545,0.03035402,-0.10499899,-0.43323677,0.45235912,-0.08786545,0.09228882,0.55425099,-1.56169913,-0.01991553,1.14098911,-1.42190344,0.02801929,0.78194516,-1.65165968,-0.13947698,1.31699939,-1.74103978,0.87214413,0.04586163,0.33071442,0.32074775,0.06608853,0.15134904,-0.28599259,0.26919794,-0.09850720,-0.30106146,-0.30541805,0.12000722,-0.26027687,-0.17307320,-0.11851527,-0.30210885,2.74802113,-0.33164892,0.02571875,-0.01346895,-0.02763134,0.99919650,2.82247105,-0.18423306,0.03475516,3.01128826,-0.44505798,0.01968629,2.44979305,-0.19474774,0.06047088,2.56859035,-0.44029882,0.01863891,0.65559694,4.06658077,-2.71788716,0.32050630,0.21457385,-4.17717757,0.35526495,2.75336814,-0.54179902,0.93837758,-2.66170826,-2.20216942
1.00836767,0.05646653,-0.09030014,-0.50449629,0.42757444,0.03747176,0.10148456,0.63198899,-1.60589306,-0.01819911,1.13181481,-1.53160343,0.03465115,0.83088750,-1.65564179,-0.11966411,1.24380155,-1.77774098,0.87214413,0.04586163,0.33071442,0.31932462,0.08830064,0.14867455,-0.28072462,0.24904015,-0.09940512,-0.29975231,-0.28221207,0.12208507,-0.26125796,-0.18908703,-0.11971772,-0.29982945,2.76828632,-0.33160310,0.02058025,-0.00928091,-0.02743587,0.99936860,2.86466312,-0.18803208,0.03860001,3.01145649,-0.44461037,0.01957231,2.49324741,-0.19411849,0.05806666,2.57287617,-0.44069530,0.01949517,0.43959303,3.85211120,-2.14155562,0.05926788,-0.53607555,-5.53356409,0.32646071,2.41925502,-0.16610097,0.98765917,-3.74654379,-1.78646128
0.97912188,0.07356278,-0.06004748,-0.49563322,0.31791504,0.22342563,0.10587198,0.70028652,-1.63266747,-0.02499489,1.09902616,-1.64256010,0.03978486,0.87528151,-1.65262156,-0.10181390,1.15234056,-1.80050352,0.87214413,0.04586163,0.33071442,0.31832473,0.11683952,0.14377723,-0.27550395,0.23059435,-0.10145546,-0.29894733,-0.25645297,0.12372072,-0.26375184,-0.20417141,-0.12125612,-0.29811010,2.78800526,-0.33114025,0.01552043,-0.00605593,-0.02544759,0.99953732,2.91203403,-0.19351675,0.04282078,3.01311817,-0.44423816,0.01937740,2.53820438,-0.19448571,0.05457289,2.57790852,-0.44181260,0.02021463,0.19148172,3.35526013,-1.23266599,-0.39835813,-1.79821585,-5.51183462,0.24683644,2.20207925,0.18803071,0.87586770,-4.66902885,-1.04733889
0.93847243,0.08150703,-0.01209137,-0.45414414,0.16191002,0.44232125,0.10541296,0.76154155,-1.64062321,-0.04352608,1.02350855,-1.74620831,0.04401390,0.91874772,-1.64281809,-0.08696511,1.04085386,-1.80411708,0.87214413,0.04586163,0.33071442,0.31814075,0.15457816,0.13613396,-0.27032951,0.21288619,-0.10437036,-0.29912280,-0.22778459,0.12479769,-0.26805462,-0.21920730,-0.12273777,-0.29728243,2.80694675,-0.33035275,0.01089570,-0.00426960,-0.02133706,0.99970385,2.96720409,-0.20095241,0.04781124,3.01517582,-0.44372982,0.01901795,2.58470631,-0.19593004,0.05008613,2.58269215,-0.44360587,0.02085832,-0.05747079,3.02213407,-0.26262760,-1.01462865,-4.12377834,-5.12732458,0.20732960,2.17284322,0.53949594,0.72074664,-5.72660160,-0.03458261
0.89915118,0.08008123,0.03419674,-0.40803100,-0.03380456,0.65478249,0.09751848,0.81406984,-1.62488585,-0.07011163,0.87432636,-1.80815501,0.05088236,0.96672767,-1.63413680,-0.07778682,0.91877607,-1.78479521,0.87214413,0.04586163,0.33071442,0.31898555,0.20353932,0.12715518,-0.26526850,0.19560712,-0.10890099,-0.30060723,-0.19793057,0.12476753,-0.27376406,-0.23421867,-0.12319088,-0.29656106,2.82498150,-0.32929879,0.00682976,-0.00458681,-0.01481763,0.99985637,3.03220692,-0.20824375,0.05371705,3.01726856,-0.44396027,0.01837831,2.63084316,-0.19870876,0.04522149,2.58720798,-0.44548025,0.02242449,-0.40312159,2.61176686,0.80964224,-1.32383678,-7.52774220,-3.00636128,0.34892024,2.39854336,0.43406722,0.44997451,-6.10677738,0.99479191
0.86952819,0.06918047,0.06979824,-0.33415117,-0.16443492,0.77900916,0.08487009,0.85676866,-1.59519901,-0.09022964,0.68999873,-1.80623884,0.06133903,1.01514517,-1.62485921,-0.07498238,0.79479038,-1.74514792,0.87214413,0.04586163,0.33071442,0.32056955,0.25245865,0.12043588,-0.26074409,0.17951040,-0.11438618,-0.30258372,-0.16855188,0.12333431,-0.28037481,-0.24875902,-0.12220487,-0.29617816,2.84240170,-0.32816770,0.00349166,-0.00617859,-0.00702824,0.99995012,3.09653339,-0.21130346,0.05982546,3.02028141,-0.44507360,0.01798583,2.67560558,-0.20246907,0.04019474,2.59194431,-0.44685292,0.02439139,-0.63796954,2.10988493,1.50996625,-0.96842856,-9.22466946,0.27956914,0.53122996,2.42751980,0.46983002,0.12118488,-6.20392189,2.04212649
0.84806153,0.04925624,0.09678219,-0.23409870,-0.24586565,0.75907439,0.07193119,0.89241886,-1.55717573,-0.09744733,0.51199558,-1.74677448,0.07406926,1.06336432,-1.60738788,-0.07973861,0.66812373,-1.68474729,0.87214413,0.04586163,0.33071442,0.32275003,0.29472637,0.11737644,-0.25819447,0.16416834,-0.11946455,-0.30480858,-0.13916895,0.12016290,-0.28788166,-0.26427964,-0.11998658,-0.29679883,2.85935841,-0.32714782,0.00112314,-0.00857603,0.00065282,0.99996238,3.15393353,-0.20939230,0.06455556,3.02368031,-0.44640107,0.01794144,2.72003498,-0.20716406,0.03486836,2.59523335,-0.44747430,0.02595120,-0.63875006,1.76213539,1.93327899,-0.30682528,-8.82033596,3.18117852,0.64245366,2.39568305,0.94360249,-0.27534402,-6.35086632,3.10804057
0.83744342,0.02540926,0.10637086,-0.15731580,-0.27071384,0.58493072,0.06291727,0.92332025,-1.51395836,-0.09403316,0.36385822,-1.65078740,0.08816606,1.10967917,-1.58024783,-0.09078746,0.54900302,-1.61235998,0.87214413,0.04586163,0.33071442,0.32523987,0.32806458,0.11705190,-0.25911013,0.14906378,-0.12297601,-0.30732479,-0.11168879,0.11546111,-0.29524673,-0.28094652,-0.11691547,-0.29814307,2.87606373,-0.32637853,-0.00047148,-0.01127032,0.00676214,0.99991351,3.20251369,-0.20489629,0.06612973,3.02677860,-0.44732537,0.01791507,2.76282215,-0.21243995,0.02999314,2.59672565,-0.44708651,0.02709679,-0.41964151,1.51795566,2.18069458,0.22296799,-7.18803082,4.95662031,0.71256355,2.31197381,1.38365352,-0.57783639,-5.86304188,3.65122294
0.83610058,0.00596634,0.09488538,-0.14387986,-0.28206248,0.30523529,0.05938672,0.95098895,-1.47033942,-0.08402030,0.26011857,-1.54180014,0.10186518,1.15333104,-1.55059350,-0.10237512,0.45898914,-1.54555655,0.87214413,0.04586163,0.33071442,0.32763237,0.35034081,0.11817497,-0.26438532,0.13448496,-0.12479289,-0.30960362,-0.09082492,0.11063293,-0.30147637,-0.29741674,-0.11393703,-0.29902595,2.89272022,-0.32587309,-0.00189638,-0.01406424,0.01023417,0.99984692,3.24056149,-0.20053170,0.06324705,3.02973843,-0.44787917,0.01802875,2.79964352,-0.21712780,0.02615600,2.59770489,-0.44589108,0.02860641,-0.13722114,1.36466491,2.17504978,0.54049999,-4.85242319,5.50073099,0.67711735,2.15784788,1.49453390,-0.57207400,-4.25612211,3.26840377
0.83761739,0.00131962,0.06498471,-0.19647970,-0.29930627,0.03636145,0.06030900,0.97697774,-1.43100698,-0.06713911,0.20756264,-1.44533930,0.11267933,1.19846940,-1.52882655,-0.10968754,0.41478217,-1.50174623,0.87214413,0.04586163,0.33071442,0.32952245,0.36025233,0.12084643,-0.27271462,0.12090648,-0.12566441,-0.31081589,-0.08031459,0.10677573,-0.30648523,-0.31276670,-0.11236436,-0.29779669,2.90941219,-0.32547787,-0.00387460,-0.01704089,0.01067785,0.99979027,3.26698360,-0.19691549,0.05680784,3.03299198,-0.44851428,0.01870656,2.82682095,-0.22045324,0.02303722,2.59913311,-0.44453941,0.03172577,0.04780429,1.29308929,1.96651256,0.85203488,-2.57350817,4.80015383,0.53497791,2.25063353,1.08654928,-0.35851083,-2.15072337,2.16003921
0.83963021,0.00628023,0.01518076,-0.23801986,-0.26573703,-0.14370169,0.06195817,0.99998473,-1.39311507,-0.04548708,0.19180174,-1.36801233,0.11951891,1.23977690,-1.51089890,-0.11263470,0.41195286,-1.48357124,0.87214413,0.04586163,0.33071442,0.33054709,0.36074970,0.12487805,-0.28267775,0.10806663,-0.12660142,-0.31148347,-0.07953212,0.10402481,-0.31072603,-0.32642867,-0.11226192,-0.29544834,2.92617092,-0.32503666,-0.00629140,-0.01970227,0.00934094,0.99974246,3.28449078,-0.19334856,0.04786935,3.03661594,-0.44956864,0.01906363,2.84468288,-0.22253682,0.01982106,2.60192699,-0.44346088,0.03509875,0.08127790,1.15228267,1.88073623,1.09043291,-0.69153636,3.78944912,0.33088077,2.05848737,0.86698005,-0.13925546,-0.02581390,0.80477850
0.84471997,0.01603653,-0.04665817,-0.24873319,-0.18077140,-0.21661462,0.06309897,1.02451003,-1.36079051,-0.02402037,0.20868650,-1.32102575,0.12259588,1.27905223,-1.50748577,-0.11323921,0.44880224,-1.50178566,0.87214413,0.04586163,0.33071442,0.33043573,0.35311220,0.12922353,-0.29227795,0.09513020,-0.12783940,-0.31102383,-0.08739189,0.10227048,-0.31211715,-0.33694764,-0.11341166,-0.29112073,2.94306583,-0.32449070,-0.00884725,-0.02155869,0.00723228,0.99970228,3.29421940,-0.19003578,0.03815778,3.04008465,-0.45090279,0.01941190,2.85416431,-0.22352975,0.01831858,2.60784016,-0.44289536,0.03931500,0.05431714,1.23758113,1.58827245,1.05581961,0.97767784,2.19972308,0.13841914,1.95721996,0.08431575,-0.02300477,2.00795274,-1.06667368
0.85969113,0.02355145,-0.10331187,-0.19672465,-0.05929904,-0.17524752,0.06368425,1.05527799,-1.34026873,-0.01189337,0.25771270,-1.31483727,0.12163742,1.32091348,-1.53312812,-0.11275759,0.51493223,-1.54404397,0.87214413,0.04586163,0.33071442,0.32924112,0.33825805,0.13137433,-0.29995319,0.08175516,-0.12905115,-0.30872570,-0.10205378,0.10143421,-0.31117024,-0.34265044,-0.11559426,-0.28354640,2.96028156,-0.32387412,-0.01094096,-0.02226511,0.00543774,0.99967744,3.29702396,-0.18866216,0.02928793,3.04349880,-0.45198734,0.02051542,2.85708103,-0.22360686,0.01807088,2.61896763,-0.44335698,0.04569472,0.02643165,1.58950841,0.93601649,0.53046834,2.63928409,0.05104923,-0.07284826,2.12546823,-1.48633137,0.02772170,3.43382134,-2.19740131
0.88894135,0.02287548,-0.13950695,-0.06879160,0.07790310,-0.06174633,0.06235246,1.09364080,-1.34155309,-0.01378001,0.33367777,-1.35229695,0.11304274,1.36272359,-1.59703875,-0.11234391,0.59422678,-1.59111679,0.87214413,0.04586163,0.33071442,0.32730237,0.31841256,0.13013128,-0.30399124,0.06965180,-0.13021505,-0.30391957,-0.12053863,0.10142641,-0.30900016,-0.34089487,-0.11924421,-0.27255744,2.97807026,-0.32329656,-0.01183601,-0.02166536,0.00467800,0.99968427,3.29518223,-0.19002727,0.02331113,3.04900455,-0.45281744,0.02338280,2.85653591,-0.22306544,0.01830221,2.63836956,-0.44590133,0.05474493,-0.08434384,1.96853387,-0.23724316,-0.19652723,3.97365499,-2.18027830,-0.49363327,2.07379103,-3.47610688,0.01818448,4.03271198,-2.35954261
0.93013741,0.01007808,-0.13912158,0.11208171,0.25692193,0.03901916,0.05833215,1.10643148,-1.34825127,-0.02451639,0.41897569,-1.40883026,0.08870403,1.35933564,-1.64670124,-0.11306146,0.67175078,-1.62654378,0.87214413,0.04586163,0.33071442,0.32522666,0.29672526,0.12750122,-0.30534167,0.06556072,-0.13085918,-0.30217917,-0.14048016,0.10219298,-0.30651948,-0.33134933,-0.12510766,-0.26658156,2.99674206,-0.32294857,-0.01074692,-0.01917079,0.00506055,0.99974566,3.29210720,-0.19232745,0.01988499,3.06367817,-0.45310958,0.02304749,2.85519276,-0.22224169,0.01870719,2.66672955,-0.45154113,0.05864511,-0.19423877,0.63866037,-0.43455502,-0.53966317,4.26588364,-2.83998847,-1.23248439,-0.22203539,-2.49308085,-0.03662673,3.86145163,-1.75180852
0.96631449,-0.01228077,-0.12294227,0.28033684,0.48070404,0.05498233,0.06012489,1.11218653,-1.42119782,-0.03537622,0.50146365,-1.46907153,0.05552377,1.32107785,-1.69943590,-0.11421323,0.73793437,-1.64791586,0.87214413,0.04586163,0.33071442,0.32331268,0.27539773,0.12603544,-0.30489999,0.07577682,-0.12885217,-0.29812433,-0.15980831,0.10371349,-0.30368514,-0.31367395,-0.13206959,-0.26240135,3.01609783,-0.32298321,-0.00798324,-0.01450105,0.00564058,0.99984707,3.29002590,-0.19378470,0.01841269,3.09335346,-0.45095420,0.02518835,2.85510578,-0.22111691,0.01962753,2.70396557,-0.45865623,0.06091133,0.11388354,0.22176359,-3.81158032,-0.53000644,4.09135933,-2.98252749,-1.66968522,-1.99839861,-2.61767268,-0.05818614,3.26951742,-1.02576103
0.99920572,-0.03555137,-0.08670733,0.39051450,0.59966667,-0.02779433,0.06928296,1.09235549,-1.53690782,-0.04228452,0.57149954,-1.51658740,0.02209736,1.25763309,-1.74233544,-0.11580085,0.79163384,-1.65492022,0.87214413,0.04586163,0.33071442,0.32186975,0.25610102,0.12651095,-0.30430424,0.10077728,-0.12418653,-0.29322400,-0.17795976,0.10560363,-0.30109400,-0.29241450,-0.13851112,-0.25983830,3.03606548,-0.32345617,-0.00411381,-0.00855290,0.00544633,0.99994013,3.29076405,-0.19414494,0.01756552,3.13819828,-0.44653031,0.02864575,2.85695858,-0.21981003,0.02077575,2.74518719,-0.46516499,0.06203146,0.48306358,-1.11543552,-5.88462734,-0.33186939,3.44335036,-2.30761089,-1.65243711,-3.25308871,-2.08474572,-0.08254408,2.63945580,-0.29222629
1.01659044,-0.05001652,-0.04298465,0.45620761,0.51517892,-0.14824076,0.08449871,1.04160924,-1.66101732,-0.04716159,0.63068318,-1.54862995,-0.00525834,1.17818964,-1.77114599,-0.11893519,0.84300010,-1.65922916,0.87214413,0.04586163,0.33071442,0.32106949,0.23899826,0.12793119,-0.30387058,0.13489406,-0.11779062,-0.28691505,-0.19529911,0.10744290,-0.29803326,-0.26948016,-0.14316960,-0.25938092,3.05638866,-0.32425689,0.00040605,-0.00326445,0.00409181,0.99998622,3.29433231,-0.19437474,0.01719891,3.19224186,-0.44093999,0.03415444,2.86021709,-0.21841533,0.02303623,2.78808880,-0.46962633,0.06168857,0.79620430,-2.72258070,-6.19034195,-0.23708692,2.90910363,-1.51557674,-1.32596064,-4.05130858,-1.35986841,-0.16902100,2.59049797,-0.24648426
1.00766464,-0.05825909,0.00265146,0.51262826,0.31393669,-0.27424572,0.10373641,0.94731045,-1.76918459,-0.05153823,0.68639797,-1.56755114,-0.02580094,1.08437085,-1.78496516,-0.12291074,0.89515156,-1.66292346,0.87214413,0.04586163,0.33071442,0.32099524,0.22264629,0.12972551,-0.30347112,0.17640212,-0.11055036,-0.27909949,-0.21175278,0.10938641,-0.29476620,-0.24445229,-0.14589060,-0.26139021,3.07658100,-0.32532461,0.00546106,0.00014840,0.00150807,0.99998394,3.29883480,-0.19492781,0.01752412,3.25331593,-0.43534213,0.04189575,2.86449909,-0.21657771,0.02622904,2.83257008,-0.47195223,0.05960503,0.98439568,-5.05783033,-5.25650692,-0.21721064,2.77608967,-0.85812086,-0.97991151,-4.79512405,-0.58137411,-0.20103736,2.60433173,-0.16304968
0.97680204,-0.05907906,0.04876053,0.51720005,0.09531000,-0.38584648,0.12189361,0.79337254,-1.82877748,-0.05534152,0.74316823,-1.57332616,-0.04038725,0.97368059,-1.77717593,-0.12813922,0.94638159,-1.65755992,0.87214413,0.04586163,0.33071442,0.32188295,0.20578085,0.13172311,-0.30306638,0.22401341,-0.10433350,-0.27006267,-0.22785813,0.11097859,-0.29288162,-0.21678577,-0.14710531,-0.26607248,3.09613438,-0.32661434,0.01065181,0.00112606,-0.00232550,0.99993993,3.30252247,-0.19584474,0.01881657,3.31966267,-0.43198318,0.05182029,2.86879215,-0.21458270,0.02900133,2.87867031,-0.47271507,0.05581047,0.90305725,-7.74839153,-2.90187244,-0.18727566,2.83905864,-0.27121351,-0.72205646,-5.54962540,0.41900538,-0.26058787,2.55444622,0.28564451
0.94138994,-0.05296507,0.07685226,0.45074781,-0.10584366,-0.46896314,0.13532229,0.61186965,-1.83327305,-0.05674960,0.79956644,-1.56634207,-0.04909042,0.85500007,-1.74928076,-0.13317606,0.99401257,-1.64286237,0.87214413,0.04586163,0.33071442,0.32334815,0.18828440,0.13404071,-0.30285121,0.27098204,-0.10007102,-0.26052094,-0.24338164,0.11219353,-0.29255136,-0.18806275,-0.14708967,-0.27236579,3.11498585,-0.32798029,0.01522528,0.00013791,-0.00696068,0.99985985,3.30511723,-0.19657257,0.02049695,3.38454914,-0.43181239,0.06282722,2.87318897,-0.21241091,0.03079679,2.92489452,-0.47243878,0.05098236,0.64816320,-9.09331226,-0.06266503,-0.06089678,2.81346107,0.38910767,-0.41262189,-5.93836536,1.44809813,-0.25410729,2.38083506,0.74087900
0.91354682,-0.04201296,0.09655551,0.35522640,-0.29126441,-0.49862876,0.14130397,0.43925551,-1.78848624,-0.05536241,0.85212246,-1.54383826,-0.04949733,0.73815206,-1.70524597,-0.13982071,1.04255383,-1.62737579,0.87214413,0.04586163,0.33071442,0.32529844,0.17040218,0.13665053,-0.30321674,0.31188113,-0.09790062,-0.25251423,-0.25834635,0.11249023,-0.29265019,-0.15989879,-0.14524210,-0.27964817,3.13325634,-0.32933451,0.01887857,-0.00268785,-0.01189926,0.99974736,3.30687504,-0.19679463,0.02208170,3.44270916,-0.43465936,0.07278422,2.87767162,-0.21070339,0.03264825,2.96993275,-0.47071447,0.04565027,0.27115540,-8.50548191,2.40793686,0.07829792,2.60227680,1.20058098,0.01754392,-5.81539574,2.25645571,-0.34377996,2.43759274,0.77021593
0.90435280,-0.02558020,0.09759072,0.28804890,-0.38491151,-0.43709739,0.13551400,0.29781846,-1.70778174,-0.05146508,0.89815868,-1.50327902,-0.04066282,0.62378012,-1.64841838,-0.15001802,1.09605510,-1.61135778,0.87214413,0.04586163,0.33071442,0.32744676,0.15169409,0.13965247,-0.30463475,0.34428076,-0.09805626,-0.24855726,-0.27429565,0.11150589,-0.29253415,-0.13219426,-0.14104417,-0.28735405,3.15129833,-0.33054771,0.02185394,-0.00652234,-0.01630546,0.99960692,3.30750294,-0.19595934,0.02281201,3.49216824,-0.43987284,0.07888950,2.88081799,-0.21008174,0.03491261,3.01453724,-0.46716830,0.04009271,-0.37928635,-6.88530598,4.22580523,0.21102908,2.26213713,2.13312557,0.49625041,-5.72084026,2.91459107,-0.53384452,2.71413350,0.81032747
0.90868446,-0.00524200,0.08388510,0.26077820,-0.44521061,-0.23456570,0.11764947,0.19811502,-1.59921622,-0.04596155,0.93787223,-1.44937551,-0.02520712,0.51526994,-1.58036101,-0.16283266,1.15793943,-1.59291601,0.87214413,0.04586163,0.33071442,0.32951337,0.13233989,0.14304802,-0.30639204,0.36675663,-0.09988104,-0.25198604,-0.29272884,0.10982280,-0.29150930,-0.10587985,-0.13490394,-0.29533654,3.16939640,-0.33147542,0.02454603,-0.01090221,-0.01888325,0.99946088,3.30711651,-0.19359955,0.02312133,3.53205967,-0.44532621,0.07752733,2.88108730,-0.21052466,0.03800407,3.05842876,-0.46222633,0.03417683,-0.96907848,-4.66110849,5.61159563,0.28315744,1.94228756,2.77603602,0.81173432,-5.36576939,3.47856021,-0.65491581,3.15851188,0.94161266
0.91243245,-0.00043791,0.02765882,0.27336468,-0.42656711,0.02643022,0.09696475,0.16611643,-1.49720604,-0.04348694,0.97164100,-1.39188561,-0.01129587,0.45505754,-1.52589836,-0.17357634,1.21668732,-1.56534002,0.87214413,0.04586163,0.33071442,0.33063208,0.11340242,0.14563496,-0.30761650,0.37286880,-0.10132876,-0.26389237,-0.31207914,0.10893399,-0.28999606,-0.09129048,-0.12891501,-0.30270172,3.18760509,-0.33220641,0.02736662,-0.01510727,-0.01859305,0.99933835,3.30646038,-0.19098648,0.02301559,3.55635357,-0.44763268,0.06673971,2.87989140,-0.21149070,0.04063603,3.09148121,-0.45755884,0.02793037,-1.03917854,-1.51996650,5.06107626,0.11714806,1.68629897,2.86750722,0.69070326,-2.92588402,2.67512920,-0.53408843,2.93194318,1.36382809
0.91244833,-0.00579814,-0.01874675,0.26540263,-0.42502572,0.14449517,0.08152734,0.17143840,-1.44234335,-0.04403126,0.99344033,-1.35588813,-0.00364151,0.44316119,-1.50559092,-0.17970702,1.25403559,-1.55194652,0.87214413,0.04586163,0.33071442,0.33080038,0.10119550,0.14664806,-0.30787748,0.37027227,-0.10275086,-0.27355035,-0.32347823,0.10873285,-0.28815213,-0.08806969,-0.12537143,-0.30692353,3.19976330,-0.33270924,0.02920186,-0.01787954,-0.01757947,0.99925899,3.30620098,-0.18982046,0.02292290,3.56607342,-0.44879621,0.05725003,2.88043308,-0.21233809,0.04264826,3.10721302,-0.45481047,0.02387685,-1.15780580,0.39914754,4.11470175,-0.04082366,1.63494933,2.69981122,0.57407671,-0.89222604,1.52305830,-0.45980123,2.80112004,1.00451231
