vx,vy,vz,wx,wy,wz,base1,shoulder1,elbow1,base2,shoulder2,elbow2,base3,shoulder3,elbow3,base4,shoulder4,elbow4,com_vx,com_vy,com_wz,height,e1x,e1y,e1z,e2x,e2y,e2z,e3x,e3y,e3z,e4x,e4y,e4z,com_x,com_y,quat_x,quat_y,quat_z,quat_w,e1x_w,e1y_w,e1z_w,e2x_w,e2y_w,e2z_w,e3x_w,e3y_w,e3z_w,e4x_w,e4y_w,e4z_w,jv_base1,jv_shoulder1,jv_elbow1,jv_base2,jv_shoulder2,jv_elbow2,jv_base3,jv_shoulder3,jv_elbow3,jv_base4,jv_shoulder4,jv_elbow4
0.00000000,0.00000000,0.00000000,0.00000000,0.00000000,0.00000000,-0.12390890,0.62037319,-1.61416411,0.19777472,-0.00413024,-1.24481356,-0.21135922,1.07272542,-1.44026363,0.20425817,0.55846721,-1.50825059,0.38580412,0.01985858,0.00186179,0.28289622,0.38805749,0.19522871,-0.26853120,0.23926857,-0.17704832,-0.28317794,-0.14177380,0.20179489,-0.27453233,-0.31248015,-0.20292306,-0.26407458,0.00000000,0.00000000,0.00133036,0.01573241,-0.08425068,0.99631950,0.41533051,0.12729268,0.01436502,0.20614049,-0.21471296,-0.00028172,-0.10587461,0.22273651,0.00836389,-0.34211843,-0.14756895,0.01882164,0.00000000,0.00000000,0.00000000,0.00000000,0.00000000,0.00000000,0.00000000,0.00000000,0.00000000,0.00000000,0.00000000,0.00000000
0.43325493,0.05773206,0.06801401,0.09502287,0.55740689,-0.02570658,-0.12610438,0.63220669,-1.62014933,0.20373167,-0.03784307,-1.21076400,-0.20311984,1.06030171,-1.44581933,0.20150826,0.56628665,-1.50551326,0.38580412,0.01985858,0.00186179,0.28340546,0.39374695,0.19673232,-0.26996815,0.23499666,-0.17759759,-0.28367884,-0.14607247,0.20121380,-0.27497574,-0.30918640,-0.20084308,-0.26467995,0.00431001,-0.00016057,0.00156669,0.01849889,-0.08437178,0.99626138,0.42553377,0.12755319,0.01343731,0.20609312,-0.21474834,-0.00027338,-0.10584382,0.22275263,0.00842972,-0.33424884,-0.14614715,0.01872551,-0.22361055,1.20532646,-0.60863490,0.60612642,-3.43134527,3.46979160,0.83747654,-1.26596284,-0.56654215,-0.28037610,0.79651868,0.27912591
0.41267818,0.05800691,0.06850247,0.08696882,0.50920567,-0.03478147,-0.12830970,0.64408015,-1.62533579,0.20916714,-0.06929241,-1.17598679,-0.19627407,1.04747765,-1.45211201,0.19851795,0.57424639,-1.50261710,0.38580412,0.01985858,0.00186179,0.28392781,0.39877798,0.19818159,-0.27182538,0.23068787,-0.17816198,-0.28420129,-0.15039797,0.20056100,-0.27545617,-0.30557030,-0.19910722,-0.26508083,0.00862079,-0.00029510,0.00179567,0.02115821,-0.08454153,0.99619367,0.43509251,0.12785205,0.01210243,0.20598654,-0.21478365,-0.00027348,-0.10582871,0.22274207,0.00847164,-0.32613220,-0.14506156,0.01884698,-0.21472946,1.15453701,-0.49660205,0.52296323,-3.03023205,3.37461433,0.65263433,-1.24912262,-0.62200425,-0.29301817,0.77634454,0.28112929
0.43886023,0.06579742,0.07725728,0.08679784,0.50702789,-0.03977890,-0.13058788,0.65596155,-1.62950773,0.21396926,-0.09727615,-1.14239788,-0.19092319,1.03410523,-1.45949216,0.19529265,0.58247330,-1.49977767,0.38580412,0.01985858,0.00186179,0.28446733,0.40297390,0.19953822,-0.27395995,0.22636363,-0.17876411,-0.28473745,-0.15471951,0.19983072,-0.27596540,-0.30147655,-0.19774677,-0.26529069,0.01291298,-0.00039252,0.00201050,0.02363570,-0.08472895,0.99612164,0.44379887,0.12821855,0.01050738,0.20583215,-0.21482035,-0.00027012,-0.10583327,0.22269887,0.00850192,-0.31763112,-0.14438036,0.01917664,-0.23834294,1.23755181,-0.42489764,0.49525349,-2.88378701,3.48384361,0.54562982,-1.40087593,-0.77609712,-0.33742449,0.85881495,0.29525459
0.39340102,0.06222063,0.07361546,0.07146922,0.41668540,-0.01614069,-0.13303896,0.66784140,-1.63257160,0.21826342,-0.12190892,-1.11098299,-0.18666252,1.01927979,-1.46735449,0.19202605,0.59082909,-1.49696391,0.38580412,0.01985858,0.00186179,0.28502489,0.40646520,0.20080242,-0.27613475,0.22204110,-0.17943395,-0.28526540,-0.15896690,0.19907654,-0.27649172,-0.29672959,-0.19667805,-0.26552983,0.01715027,-0.00045610,0.00220381,0.02587857,-0.08482321,0.99605746,0.45171652,0.12872496,0.00889014,0.20565327,-0.21485156,-0.00024051,-0.10586538,0.22263378,0.00853317,-0.30856313,-0.14412755,0.01949507,-0.23462412,1.12753360,-0.28035774,0.40317989,-2.30778928,2.95794621,0.39584497,-1.42443187,-0.74830419,-0.30956066,0.79367874,0.26703510
0.42070364,0.06835762,0.08430835,0.06846891,0.39938360,0.03530754,-0.13577121,0.67976522,-1.63447821,0.22200790,-0.14307237,-1.08287942,-0.18309808,1.00206053,-1.47541964,0.18889433,0.59935600,-1.49424195,0.38580412,0.01985858,0.00186179,0.28560400,0.40932377,0.20193178,-0.27817076,0.21771446,-0.18020273,-0.28576611,-0.16312335,0.19834724,-0.27701353,-0.29108757,-0.19580847,-0.26596598,0.02129477,-0.00049994,0.00236842,0.02785515,-0.08468756,0.99601531,0.45883520,0.12942605,0.00743324,0.20545988,-0.21487303,-0.00016211,-0.10599953,0.22254046,0.00859047,-0.29867296,-0.14435260,0.01963802,-0.28918311,1.24295056,-0.18119811,0.38140637,-2.15156174,2.87361431,0.36227143,-1.83236587,-0.84298843,-0.32370907,0.89136505,0.28163195
0.39635697,0.06302785,0.08672360,0.05724938,0.33509651,0.10003065,-0.13887171,0.69176891,-1.63499918,0.22485450,-0.15910910,-1.06004641,-0.17992137,0.98198911,-1.48421590,0.18595838,0.60839286,-1.49186814,0.38580412,0.01985858,0.00186179,0.28622280,0.41124513,0.20284534,-0.28008845,0.21336290,-0.18110047,-0.28623666,-0.16723235,0.19765337,-0.27750182,-0.28428843,-0.19503343,-0.26659753,0.02528040,-0.00055008,0.00249554,0.02952186,-0.08419848,0.99600846,0.46474154,0.13038004,0.00613436,0.20521370,-0.21489820,-0.00001386,-0.10639822,0.22237201,0.00872098,-0.28771431,-0.14509163,0.01962528,-0.31617646,1.22266276,-0.05146265,0.28860437,-1.62604198,2.31831341,0.32327919,-2.04698167,-0.89735715,-0.29880934,0.92120035,0.24123457
0.35552911,0.05089710,0.08941081,0.04563266,0.26922444,0.16003979,-0.14225284,0.70381901,-1.63434300,0.22663778,-0.16934322,-1.04302552,-0.17696010,0.96003548,-1.49413993,0.18319564,0.61802132,-1.48990638,0.38580412,0.01985858,0.00186179,0.28690625,0.41204765,0.20352472,-0.28205347,0.20897999,-0.18209901,-0.28668838,-0.17133940,0.19699005,-0.27794238,-0.27658327,-0.19427920,-0.26723517,0.02904634,-0.00064435,0.00259055,0.03094114,-0.08339971,0.99603234,0.46920219,0.13152373,0.00485279,0.20483371,-0.21496068,0.00021788,-0.10714821,0.22209612,0.00896387,-0.27599390,-0.14622308,0.01967108,-0.33074296,1.17184718,0.07250905,0.16374638,-0.94373603,1.60243115,0.28603598,-2.14661164,-0.97453992,-0.26712964,0.94084642,0.18742283
0.36645154,0.04660622,0.10083760,0.04105174,0.24496756,0.23394196,-0.14587922,0.71591960,-1.63266330,0.22714096,-0.17288209,-1.03331091,-0.17417944,0.93662856,-1.50518949,0.18060319,0.62819687,-1.48830750,0.38580412,0.01985858,0.00186179,0.28764483,0.41157764,0.20390118,-0.28405989,0.20455884,-0.18318533,-0.28711353,-0.17545465,0.19635839,-0.27833119,-0.26812990,-0.19352372,-0.26776506,0.03264481,-0.00078792,0.00265607,0.03214821,-0.08230322,0.99608515,0.47210762,0.13279459,0.00358494,0.20436275,-0.21506376,0.00053129,-0.10820150,0.22170537,0.00931363,-0.26361237,-0.14767821,0.01987977,-0.37982312,1.26106582,0.18322169,0.04018768,-0.30602030,0.93829027,0.28868690,-2.45015159,-1.15988851,-0.26870406,1.06423197,0.16394555
0.34202225,0.04430862,0.08939181,0.03137451,0.19015799,0.26588754,-0.14969943,0.72811159,-1.63017750,0.22618959,-0.16945952,-1.03276684,-0.17139259,0.91193423,-1.51699426,0.17808657,0.63876535,-1.48692930,0.38580412,0.01985858,0.00186179,0.28835090,0.40990354,0.20386103,-0.28587705,0.20009113,-0.18434024,-0.28749716,-0.17956965,0.19573494,-0.27868929,-0.25908112,-0.19271411,-0.26816192,0.03631755,-0.00092085,0.00269541,0.03317926,-0.08093082,0.99616368,0.47375273,0.13410026,0.00247385,0.20402854,-0.21514225,0.00085374,-0.10930175,0.22123326,0.00966161,-0.25047377,-0.14928692,0.02018898,-0.36409324,1.15813370,0.24256409,-0.10435160,0.38893080,-0.03967884,0.26534349,-2.35525565,-1.12568078,-0.23866193,1.00606551,0.12925168
0.39385341,0.05719123,0.08887756,0.02874635,0.17779866,0.33833899,-0.15359844,0.74044812,-1.62711847,0.22353400,-0.15978135,-1.04231548,-0.16851671,0.88607883,-1.52902889,0.17554019,0.64967197,-1.48572135,0.38580412,0.01985858,0.00186179,0.28895977,0.40730634,0.20325696,-0.28723259,0.19557177,-0.18552650,-0.28782843,-0.18369112,0.19509050,-0.27902879,-0.24960072,-0.19183259,-0.26842067,0.04016028,-0.00099492,0.00271281,0.03406472,-0.07933936,0.99626176,0.47450240,0.13523563,0.00172719,0.20390368,-0.21513623,0.00113134,-0.11033852,0.22070949,0.00993098,-0.23665585,-0.15090522,0.02053910,-0.40680727,1.28740811,0.32632050,-0.30308962,1.09725809,-1.14621222,0.30087864,-2.71001434,-1.25497568,-0.26598573,1.14119792,0.12327730
0.40353401,0.06617578,0.07533932,0.02309684,0.14576920,0.35503133,-0.15743441,0.75298828,-1.62354650,0.21868099,-0.14474204,-1.06177144,-0.16569793,0.85912045,-1.54065225,0.17313455,0.66109717,-1.48469908,0.38580412,0.01985858,0.00186179,0.28942290,0.40403981,0.20191211,-0.28799563,0.19099254,-0.18670689,-0.28809994,-0.18786361,0.19446929,-0.27931951,-0.23983047,-0.19091410,-0.26851253,0.04421431,-0.00097398,0.00270972,0.03479333,-0.07760161,0.99637346,0.47464376,0.13594626,0.00142727,0.20399609,-0.21500061,0.00132296,-0.11127443,0.22023698,0.01010339,-0.22228314,-0.15245321,0.02091037,-0.39054039,1.27744665,0.36447973,-0.49651065,1.53656583,-1.99005728,0.28686572,-2.74689384,-1.18287537,-0.24460239,1.16436350,0.10394652
0.40117113,0.07170453,0.06126211,0.01628886,0.10514698,0.34339747,-0.16114653,0.76565930,-1.61943898,0.21240024,-0.12633752,-1.08677011,-0.16309671,0.83130239,-1.55146773,0.17102141,0.67304080,-1.48383005,0.38580412,0.01985858,0.00186179,0.28976755,0.40032150,0.20011480,-0.28840935,0.18637259,-0.18786121,-0.28832986,-0.19208502,0.19392215,-0.27955277,-0.22990470,-0.19002804,-0.26847120,0.04842762,-0.00087938,0.00269081,0.03535841,-0.07583750,0.99648945,0.47442250,0.13634889,0.00135819,0.20422416,-0.21478126,0.00143768,-0.11209834,0.21987812,0.01021478,-0.20758672,-0.15392671,0.02129634,-0.35985584,1.23241839,0.40418903,-0.61694980,1.81105084,-2.45790873,0.25034249,-2.71142125,-1.04384224,-0.20357619,1.16529663,0.08283258
0.44127936,0.08173001,0.05664321,0.01096279,0.07225820,0.35294581,-0.16474081,0.77834536,-1.61473567,0.20570309,-0.10568220,-1.11402764,-0.16087977,0.80262221,-1.56132302,0.16905001,0.68551586,-1.48323581,0.38580412,0.01985858,0.00186179,0.29001417,0.39622063,0.19820903,-0.28865543,0.18175089,-0.18899165,-0.28851541,-0.19632330,0.19340195,-0.27974437,-0.21983042,-0.18922558,-0.26829092,0.05275392,-0.00073718,0.00265795,0.03573012,-0.07413915,0.99660407,0.47394115,0.13666341,0.00135873,0.20454012,-0.21454126,0.00149876,-0.11279171,0.21958485,0.01026979,-0.19265545,-0.15535275,0.02172324,-0.37351621,1.32100725,0.49507021,-0.69681289,2.16590309,-2.84516191,0.22675543,-2.99514818,-1.01808306,-0.20520276,1.30439091,0.05865991
0.40669638,0.07524513,0.04396240,0.00373592,0.02506322,0.29776104,-0.16823856,0.79092673,-1.60958631,0.19932920,-0.08407423,-1.14083056,-0.15917950,0.77315181,-1.57030253,0.16708188,0.69859240,-1.48306239,0.38580412,0.01985858,0.00186179,0.29017597,0.39191189,0.19643329,-0.28884795,0.17719445,-0.19009961,-0.28862737,-0.20056507,0.19286428,-0.27990183,-0.20960258,-0.18854148,-0.26793350,0.05712862,-0.00057722,0.00261274,0.03588869,-0.07256236,0.99671454,0.47335860,0.13702209,0.00132802,0.20492153,-0.21433642,0.00154860,-0.11338805,0.21930239,0.01027414,-0.17757135,-0.15677279,0.02224247,-0.33108923,1.19272494,0.49194100,-0.60031843,2.05506420,-2.53189077,0.15624381,-2.80382929,-0.84465016,-0.18685439,1.24699173,0.01216034
0.44411612,0.07942160,0.03897151,-0.00334436,-0.02312316,0.29892316,-0.17159635,0.80332267,-1.60435438,0.19345108,-0.06249500,-1.16575706,-0.15806790,0.74307317,-1.57838917,0.16522999,0.71235102,-1.48340154,0.38580412,0.01985858,0.00186179,0.29025504,0.38758541,0.19484122,-0.28902838,0.17279354,-0.19116340,-0.28861924,-0.20480512,0.19233979,-0.28000371,-0.19926711,-0.18799521,-0.26738191,0.06147899,-0.00042756,0.00255505,0.03581461,-0.07111429,0.99682172,0.47279869,0.13741894,0.00122666,0.20538509,-0.21418464,0.00163580,-0.11394748,0.21903834,0.01025133,-0.16245775,-0.15823097,0.02287313,-0.34741497,1.28824258,0.54463744,-0.60494053,2.24446821,-2.56507087,0.10682269,-3.14144778,-0.82862371,-0.19044241,1.44358718,-0.04324317
0.42499086,0.07105976,0.02779630,-0.01102261,-0.07795298,0.26743160,-0.17466810,0.81549921,-1.59958313,0.18806162,-0.04136175,-1.18820188,-0.15747210,0.71270808,-1.58482602,0.16371472,0.72687368,-1.48441339,0.38580412,0.01985858,0.00186179,0.29023224,0.38336203,0.19342732,-0.28917906,0.16868430,-0.19212990,-0.28841340,-0.20899511,0.19188471,-0.28001829,-0.18900448,-0.18757055,-0.26672657,0.06571870,-0.00031874,0.00248134,0.03543648,-0.06980491,0.99692797,0.47229538,0.13779706,0.00105318,0.20598241,-0.21408118,0.00181884,-0.11449665,0.21881849,0.01021395,-0.14758075,-0.15971996,0.02350567,-0.31243314,1.24005010,0.48501624,-0.54834914,2.15200241,-2.28334923,0.06055286,-3.09261198,-0.65291718,-0.15384256,1.47998927,-0.10379552
0.39252951,0.05900957,0.01499619,-0.01902004,-0.13698438,0.22872752,-0.17739804,0.82760885,-1.59561169,0.18312778,-0.02052914,-1.20866048,-0.15687788,0.68248416,-1.58914125,0.16258913,0.74201062,-1.48593669,0.38580412,0.01985858,0.00186179,0.29011302,0.37924254,0.19217425,-0.28926914,0.16488106,-0.19297212,-0.28799231,-0.21311175,0.19152324,-0.27997219,-0.17899246,-0.18715599,-0.26617171,0.06981503,-0.00026546,0.00239232,0.03475615,-0.06862277,0.99703420,0.47181025,0.13813862,0.00084388,0.20670322,-0.21400742,0.00212071,-0.11504756,0.21864912,0.01014083,-0.13313087,-0.16113382,0.02394131,-0.26236997,1.17775900,0.37807028,-0.47567065,2.02392571,-1.97431650,0.05967468,-2.93643570,-0.40091873,-0.10596812,1.47626703,-0.15125274
0.40569311,0.05283283,0.00400201,-0.02918619,-0.21338762,0.21506058,-0.17969053,0.83985116,-1.59285059,0.17871822,0.00017507,-1.22734733,-0.15605858,0.65243191,-1.59109547,0.16188218,0.75771424,-1.48785279,0.38580412,0.01985858,0.00186179,0.28989621,0.37520698,0.19109691,-0.28927783,0.16140657,-0.19365237,-0.28731685,-0.21714604,0.19126614,-0.27988905,-0.16924309,-0.18670008,-0.26581409,0.07375041,-0.00028122,0.00228803,0.03375551,-0.06758292,0.99713985,0.47131139,0.13843998,0.00061837,0.20755063,-0.21394175,0.00257936,-0.11560150,0.21853604,0.01000716,-0.11913702,-0.16243726,0.02408212,-0.23424885,1.27735579,0.27446149,-0.45442021,2.15621262,-1.93170600,0.08717812,-3.12986803,-0.18230378,-0.07011480,1.64066842,-0.20304619
0.35582145,0.03848073,-0.00656124,-0.03440984,-0.25489934,0.16532426,-0.18138611,0.85234237,-1.59190474,0.17486845,0.02083342,-1.24443836,-0.15517514,0.62225124,-1.59068077,0.16146212,0.77397653,-1.49027536,0.38580412,0.01985858,0.00186179,0.28959156,0.37124549,0.19020000,-0.28919332,0.15832981,-0.19411067,-0.28634129,-0.22107597,0.19107120,-0.27977627,-0.15964132,-0.18625036,-0.26564221,0.07752346,-0.00036998,0.00216969,0.03243677,-0.06670142,0.99724323,0.47079209,0.13869489,0.00039824,0.20859210,-0.21383729,0.00325027,-0.11613719,0.21844121,0.00981528,-0.10549988,-0.16370094,0.02394935,-0.15479107,1.18789594,0.07058514,-0.36011889,1.96025743,-1.60775018,0.08345772,-2.86689720,0.06120768,-0.03796083,1.54867303,-0.23544134
0.37748011,0.03334759,-0.01498213,-0.04586040,-0.34352390,0.14435706,-0.18247230,0.86483490,-1.59344256,0.17158362,0.04135110,-1.25992978,-0.15448132,0.59165049,-1.58793318,0.16113605,0.79080719,-1.49341702,0.38580412,0.01985858,0.00186179,0.28923079,0.36737332,0.18948114,-0.28902426,0.15583048,-0.19432796,-0.28501064,-0.22487848,0.19087610,-0.27962938,-0.15007925,-0.18587585,-0.26560616,0.08116030,-0.00051989,0.00203926,0.03082070,-0.06598932,0.99734214,0.47029586,0.13890670,0.00020653,0.21002893,-0.21368502,0.00422016,-0.11660920,0.21832079,0.00960141,-0.09210044,-0.16500190,0.02362463,-0.10439194,1.29979837,-0.19960104,-0.33377668,2.13456798,-1.58956635,0.06857142,-3.19470453,0.32076237,-0.03323331,1.76165247,-0.33868846
0.36573877,0.02815699,-0.01414350,-0.05130426,-0.38797369,0.10630106,-0.18319515,0.87627773,-1.59842889,0.16890091,0.06150951,-1.27352850,-0.15425085,0.56052210,-1.58263879,0.16083961,0.80819117,-1.49741092,0.38580412,0.01985858,0.00186179,0.28888428,0.36362912,0.18894913,-0.28878701,0.15438799,-0.19435306,-0.28321924,-0.22851973,0.19065595,-0.27943996,-0.14052443,-0.18564898,-0.26565473,0.08474336,-0.00071299,0.00189762,0.02890848,-0.06547054,0.99743386,0.46995099,0.13908326,0.00009727,0.21240189,-0.21357929,0.00566503,-0.11689412,0.21817803,0.00944431,-0.07884243,-0.16640049,0.02322954,-0.07337530,1.16291709,-0.51203831,-0.27261410,2.05273824,-1.38308332,0.02273404,-3.17095704,0.54207776,-0.03011078,1.77115264,-0.40770502
0.34289747,0.02293685,-0.01702594,-0.05441315,-0.41436755,0.06815603,-0.18367249,0.88544536,-1.60644557,0.16667468,0.08136253,-1.28572638,-0.15461313,0.52906783,-1.57520680,0.16063274,0.82600971,-1.50211039,0.38580412,0.01985858,0.00186179,0.28852288,0.35998727,0.18855620,-0.28849410,0.15424432,-0.19423819,-0.28109061,-0.23203124,0.19043449,-0.27919569,-0.13100297,-0.18560443,-0.26572771,0.08826249,-0.00093353,0.00174818,0.02678068,-0.06511172,0.99751702,0.46970632,0.13922665,0.00002878,0.21594827,-0.21357437,0.00743227,-0.11704464,0.21804770,0.00932719,-0.06575631,-0.16793350,0.02279517,-0.04331172,0.86643894,-0.80101091,-0.21314050,1.92816854,-1.17657588,-0.04058157,-3.06000113,0.73942342,-0.01884922,1.73599916,-0.46269696
0.36062264,0.02087473,-0.02470713,-0.06267252,-0.47918214,0.03751832,-0.18367149,0.89089217,-1.61662488,0.16485006,0.10095908,-1.29683115,-0.15566408,0.49738861,-1.56565170,0.16060027,0.84431776,-1.50755391,0.38580412,0.01985858,0.00186179,0.28812057,0.35643237,0.18828016,-0.28813955,0.15563759,-0.19395173,-0.27883682,-0.23544254,0.19023483,-0.27886069,-0.12154595,-0.18576839,-0.26580414,0.09171149,-0.00117940,0.00159314,0.02447987,-0.06492061,0.99758885,0.46953981,0.13931690,-0.00001898,0.22089902,-0.21366684,0.00928375,-0.11708963,0.21796571,0.00925988,-0.05288602,-0.16962783,0.02231643,0.00542551,0.52714642,-1.07298193,-0.18664485,2.03894277,-1.14796758,-0.11578202,-3.30168447,1.01425049,-0.00164397,1.91182482,-0.57382882
0.32304877,0.01632952,-0.02990330,-0.06014811,-0.46043796,-0.00221245,-0.18305759,0.89105787,-1.62698336,0.16341714,0.12026906,-1.30703967,-0.15737872,0.46553541,-1.55401888,0.16067058,0.86319455,-1.51369171,0.38580412,0.01985858,0.00186179,0.28766136,0.35296260,0.18811256,-0.28771923,0.15864697,-0.19351672,-0.27678491,-0.23880802,0.19003595,-0.27842867,-0.11216963,-0.18613276,-0.26587375,0.09509751,-0.00144591,0.00143480,0.02205029,-0.06491697,0.99764599,0.46946154,0.13933940,-0.00005787,0.22732855,-0.21389011,0.01087645,-0.11706969,0.21793507,0.00923269,-0.04024749,-0.17147285,0.02178761,0.06405662,-0.03855726,-0.97617013,-0.13230795,1.82985568,-0.96116929,-0.16857957,-3.02454996,1.12298665,0.00698678,1.79707878,-0.58848760
0.34992491,0.01564017,-0.04159216,-0.06859812,-0.52409834,-0.04371382,-0.18190584,0.88477641,-1.63510740,0.16238926,0.13930197,-1.31655264,-0.15960650,0.43364418,-1.54046488,0.16066614,0.88266617,-1.52035940,0.38580412,0.01985858,0.00186179,0.28713986,0.34956863,0.18805253,-0.28722593,0.16317947,-0.19301849,-0.27525315,-0.24218297,0.18978894,-0.27792513,-0.10290327,-0.18665393,-0.26593433,0.09843595,-0.00172895,0.00127443,0.01953042,-0.06510287,0.99768660,0.46947847,0.13930094,-0.00008607,0.23514807,-0.21431651,0.01188672,-0.11702941,0.21792330,0.00921473,-0.02785118,-0.17342733,0.02120553,0.12745522,-0.75373793,-0.80415601,-0.10100193,1.97862542,-0.98139042,-0.23899226,-3.32186723,1.43972027,-0.00222214,2.03713012,-0.70175523
0.33991269,0.01243294,-0.04837786,-0.06880136,-0.52336754,-0.07524302,-0.18047143,0.87112499,-1.63919878,0.16176108,0.15813877,-1.32549660,-0.16215906,0.40226424,-1.52520800,0.16074490,0.90265746,-1.52752886,0.38580412,0.01985858,0.00186179,0.28655246,0.34622125,0.18809738,-0.28666404,0.16920446,-0.19256728,-0.27440279,-0.24555317,0.18953835,-0.27731625,-0.09388109,-0.18728110,-0.26598293,0.10174284,-0.00204120,0.00111185,0.01694501,-0.06547288,0.99770984,0.46957618,0.13919765,-0.00011157,0.24433085,-0.21506929,0.01214967,-0.11693495,0.21796145,0.00923622,-0.01580770,-0.17544749,0.02056954,0.14607956,-1.39779842,-0.41245352,-0.06359716,1.91848691,-0.91042515,-0.26013072,-3.19470763,1.55520165,0.00845989,2.03655024,-0.73071316
0.32451363,0.00795810,-0.05229313,-0.06683950,-0.50490828,-0.09483441,-0.17906125,0.85230254,-1.64037452,0.16141876,0.17694093,-1.33405626,-0.16476948,0.37214111,-1.50917268,0.16113324,0.92293921,-1.53497887,0.38580412,0.01985858,0.00186179,0.28592156,0.34286486,0.18821764,-0.28607244,0.17627481,-0.19219757,-0.27392517,-0.24890959,0.18935482,-0.27659298,-0.08524896,-0.18793501,-0.26601706,0.10504495,-0.00239357,0.00094721,0.01433216,-0.06595549,0.99771918,0.46970265,0.13905238,-0.00015087,0.25448545,-0.21612296,0.01199639,-0.11677246,0.21807925,0.00932859,-0.00420142,-0.17747122,0.01990450,0.13668835,-1.86295807,-0.09723704,-0.03110170,1.82816141,-0.82952381,-0.25317273,-2.91468358,1.56171119,0.03978610,1.97389927,-0.72474478
0.34995987,0.00456170,-0.06026808,-0.07238827,-0.54254612,-0.11432966,-0.17759368,0.82993159,-1.63979402,0.16133371,0.19574321,-1.34229150,-0.16724496,0.34406092,-1.49303651,0.16167591,0.94346093,-1.54229658,0.38580412,0.01985858,0.00186179,0.28526562,0.33948261,0.18840532,-0.28546201,0.18411359,-0.19184268,-0.27357890,-0.25231992,0.18920098,-0.27581771,-0.07718210,-0.18856295,-0.26605395,0.10836401,-0.00279036,0.00078032,0.01171070,-0.06650177,0.99771728,0.46984831,0.13889277,-0.00019639,0.26538787,-0.21737119,0.01168672,-0.11661343,0.21822436,0.00944791,0.00683894,-0.17944177,0.01921167,0.15468559,-2.35473809,0.07145106,-0.00676923,1.95831313,-0.85507625,-0.25597884,-2.90338898,1.67886901,0.05669705,2.13958468,-0.75884753
0.32209363,0.00092867,-0.05720187,-0.06684504,-0.49677677,-0.10817318,-0.17568426,0.80548291,-1.63823500,0.16144365,0.21446410,-1.35018525,-0.16948453,0.31879796,-1.47751455,0.16221326,0.96413137,-1.54903882,0.38580412,0.01985858,0.00186179,0.28460152,0.33609805,0.18864248,-0.28483078,0.19242720,-0.19136883,-0.27323758,-0.25583410,0.18903991,-0.27506868,-0.06984217,-0.18913821,-0.26611105,0.11171381,-0.00322937,0.00061006,0.00907736,-0.06707119,0.99770671,0.47003672,0.13873041,-0.00022926,0.27679566,-0.21863188,0.01136394,-0.11651613,0.21835193,0.00953284,0.01718471,-0.18131766,0.01849047,0.18696806,-2.33502593,0.15527639,0.01196791,1.77563310,-0.74578990,-0.21019471,-2.36881676,1.46473746,0.05078154,1.96270566,-0.63321887
0.35732724,-0.00246921,-0.06434049,-0.07550538,-0.55630261,-0.11586415,-0.17289788,0.78005117,-1.63593698,0.16168509,0.23311748,-1.35767829,-0.17140710,0.29719496,-1.46357560,0.16280274,0.98490268,-1.55501032,0.38580412,0.01985858,0.00186179,0.28393936,0.33272048,0.18891424,-0.28417778,0.20095848,-0.19064757,-0.27287932,-0.25945424,0.18889084,-0.27437770,-0.06337535,-0.18963468,-0.26618119,0.11509676,-0.00370892,0.00043363,0.00639694,-0.06763008,0.99768986,0.47026809,0.13857542,-0.00023842,0.28848836,-0.21973243,0.01106004,-0.11649255,0.21846813,0.00956166,0.02670935,-0.18305610,0.01775817,0.30482188,-2.66019249,0.25007129,0.02690404,1.94237185,-0.77435368,-0.19517912,-2.19259405,1.42440188,0.06262958,2.16518331,-0.61026216
0.35180838,-0.00557946,-0.06433599,-0.07783859,-0.56895042,-0.10091828,-0.16894966,0.75441864,-1.63282273,0.16195615,0.25196058,-1.36472352,-0.17276526,0.28085749,-1.45294814,0.16361187,1.00605295,-1.56045506,0.38580412,0.01985858,0.00186179,0.28328279,0.32931318,0.18919872,-0.28350166,0.20952179,-0.18960067,-0.27247676,-0.26316851,0.18878950,-0.27370962,-0.05806154,-0.18997527,-0.26623668,0.11850666,-0.00423172,0.00024476,0.00358644,-0.06812650,0.99767021,0.47048214,0.13844480,-0.00021887,0.30030975,-0.22055424,0.01080603,-0.11655543,0.21857975,0.00957318,0.03515935,-0.18455081,0.01704611,0.40318949,-2.61042571,0.31809540,0.02743651,1.91964037,-0.71709019,-0.13752017,-1.65707827,1.07739502,0.08276336,2.15502236,-0.55453910
0.33589810,-0.00740433,-0.06224213,-0.07990912,-0.58003645,-0.07603222,-0.16432376,0.72904792,-1.62901232,0.16205044,0.27114943,-1.37140901,-0.17350068,0.26989357,-1.44626703,0.16467644,1.02788327,-1.56594942,0.38580412,0.01985858,0.00186179,0.28263685,0.32586271,0.18943846,-0.28281075,0.21802706,-0.18835884,-0.27196071,-0.26693924,0.18873013,-0.27300322,-0.05386621,-0.19013579,-0.26627427,0.12191906,-0.00477854,0.00004097,0.00059894,-0.06852611,0.99764914,0.47062332,0.13832554,-0.00017390,0.31214417,-0.22117924,0.01067613,-0.11670808,0.21867772,0.00963363,0.04256146,-0.18576351,0.01636257,0.45271764,-2.46375709,0.37624041,0.00681728,1.86864984,-0.64716536,-0.06636108,-1.02051396,0.61540406,0.10531569,2.12885339,-0.53581992
0.35658753,-0.00842452,-0.06548930,-0.09215127,-0.66570006,-0.05708105,-0.15946880,0.70398611,-1.62439284,0.16182050,0.29075854,-1.37775462,-0.17356194,0.26484162,-1.44393430,0.16593510,1.05051668,-1.57160494,0.38580412,0.01985858,0.00186179,0.28202201,0.32236658,0.18959101,-0.28210933,0.22646783,-0.18704858,-0.27127437,-0.27076003,0.18868908,-0.27226261,-0.05089901,-0.19010879,-0.26635400,0.12530565,-0.00532953,-0.00017948,-0.00260028,-0.06880947,0.99762641,0.47064913,0.13820739,-0.00008732,0.32394842,-0.22169935,0.01074765,-0.11698467,0.21874627,0.00975941,0.04878798,-0.18664998,0.01566801,0.50603150,-2.60843029,0.48937498,-0.02718232,2.04677134,-0.65813953,-0.00004359,-0.47121344,0.20362435,0.13243034,2.36468601,-0.59000552
0.31738251,-0.00764373,-0.05475224,-0.08968079,-0.64593055,-0.02823193,-0.15467234,0.67896923,-1.61868629,0.16124081,0.31087688,-1.38381593,-0.17279713,0.26611465,-1.44585152,0.16732614,1.07383015,-1.57722070,0.38580412,0.01985858,0.00186179,0.28147691,0.31880033,0.18964678,-0.28140358,0.23488768,-0.18575598,-0.27041911,-0.27463017,0.18865150,-0.27152347,-0.04928813,-0.18987107,-0.26661424,0.12862233,-0.00587157,-0.00041542,-0.00600816,-0.06896909,0.99760062,0.47048736,0.13810013,0.00007334,0.33571303,-0.22218371,0.01105781,-0.11743431,0.21877760,0.00995344,0.05367453,-0.18715358,0.01486268,0.45403293,-2.37525072,0.55284669,-0.05817152,1.91439791,-0.57288243,0.08104291,0.18050606,-0.22020309,0.13313873,2.21816597,-0.53164198
0.33099349,-0.00997798,-0.04754480,-0.10274142,-0.73923640,-0.00163895,-0.15001318,0.65352434,-1.61154795,0.16036567,0.33149630,-1.38967896,-0.17099600,0.27366036,-1.45139194,0.16882166,1.09755516,-1.58248317,0.38580412,0.01985858,0.00186179,0.28106073,0.31513929,0.18961582,-0.28070639,0.24335528,-0.18450966,-0.26945098,-0.27856078,0.18861610,-0.27080800,-0.04909416,-0.18938594,-0.26721641,0.13178930,-0.00640588,-0.00066145,-0.00956378,-0.06899452,0.99757098,0.47003178,0.13802041,0.00035433,0.34742670,-0.22266063,0.01160974,-0.11815308,0.21876283,0.01025273,0.05709048,-0.18722999,0.01384431,0.48323160,-2.65880656,0.76617295,-0.09528733,2.15506911,-0.60813129,0.20377150,0.87832284,-0.62802428,0.15724076,2.47636437,-0.54167211
0.33274044,-0.01026338,-0.03890517,-0.10022398,-0.72168544,0.02658564,-0.14539182,0.62707516,-1.60256569,0.15931038,0.35247950,-1.39550481,-0.16832176,0.28714113,-1.45988944,0.17032142,1.12130058,-1.58685966,0.38580412,0.01985858,0.00186179,0.28076416,0.31136440,0.18951851,-0.28003099,0.25193225,-0.18328353,-0.26844757,-0.28260513,0.18856451,-0.27013202,-0.05033178,-0.18870389,-0.26820652,0.13501780,-0.00695560,-0.00090656,-0.01313349,-0.06886314,0.99753925,0.46947059,0.13798020,0.00073317,0.35937503,-0.22311883,0.01231660,-0.11899569,0.21865331,0.01063214,0.05923343,-0.18695331,0.01255764,0.47083462,-2.69525247,0.91683066,-0.10750939,2.13738208,-0.59358412,0.27240581,1.37834847,-0.86839592,0.15266421,2.41795239,-0.44421353
0.33833823,-0.00866751,-0.03637713,-0.09065601,-0.65467327,0.04799733,-0.14064327,0.59962720,-1.59220159,0.15825984,0.37357107,-1.40154710,-0.16589994,0.30448062,-1.47083466,0.17177880,1.14441183,-1.58992400,0.38580412,0.01985858,0.00186179,0.28050581,0.30748409,0.18939814,-0.27938338,0.26058764,-0.18202178,-0.26746227,-0.28676006,0.18850515,-0.26950608,-0.05254072,-0.18808630,-0.26919566,0.13844444,-0.00752097,-0.00113803,-0.01654535,-0.06862048,0.99750498,0.46896745,0.13798731,0.00112243,0.37165194,-0.22351196,0.01304355,-0.11980112,0.21847627,0.01099973,0.06064284,-0.18664074,0.01131015,0.46308090,-2.67597737,1.01643207,-0.10160953,2.05051551,-0.59030453,0.22798677,1.71335638,-1.08846424,0.14184142,2.23774514,-0.28456450
0.38626555,-0.00710337,-0.04449710,-0.08725633,-0.63266666,0.06472777,-0.13573596,0.57130965,-1.58092787,0.15729249,0.39455869,-1.40801487,-0.16460178,0.32524937,-1.48523962,0.17330521,1.16604159,-1.59109273,0.38580412,0.01985858,0.00186179,0.28022845,0.30349656,0.18926875,-0.27878496,0.26925725,-0.18070310,-0.26650108,-0.29099220,0.18849171,-0.26895069,-0.05560795,-0.18771848,-0.26976097,0.14210253,-0.00809543,-0.00134472,-0.01963798,-0.06831028,0.99746992,0.46856816,0.13803127,0.00144350,0.38421110,-0.22381868,0.01372737,-0.12047625,0.21830679,0.01127776,0.06142251,-0.18648043,0.01046748,0.51236186,-2.95672255,1.18007958,-0.09982213,2.18412571,-0.67830080,0.12301765,2.19349618,-1.53607714,0.16021243,2.23600864,-0.10228752
0.37152008,-0.00411513,-0.04747714,-0.06608976,-0.48142269,0.05777489,-0.13076632,0.54224259,-1.56926572,0.15646500,0.41514535,-1.41506844,-0.16449248,0.34880388,-1.50306427,0.17493519,1.18546908,-1.58998227,0.38580412,0.01985858,0.00186179,0.27990765,0.29942036,0.18913953,-0.27826167,0.27787466,-0.17934166,-0.26555467,-0.29527475,0.18855405,-0.26846456,-0.05944073,-0.18760075,-0.26976301,0.14597385,-0.00867221,-0.00151650,-0.02224542,-0.06800005,0.99743613,0.46829360,0.13808029,0.00164597,0.39693740,-0.22406733,0.01435298,-0.12097850,0.21821158,0.01144309,0.06162214,-0.18646993,0.01014464,0.47174456,-2.76539707,1.10865872,-0.07700249,1.94895086,-0.67536963,0.00060387,2.25723748,-1.71944506,0.15543298,1.82142134,0.12719035
0.42340205,-0.00111625,-0.05707060,-0.05254400,-0.38431723,0.04040123,-0.12587307,0.51236379,-1.55763769,0.15586464,0.43497080,-1.42285275,-0.16502821,0.37318894,-1.52197838,0.17637296,1.20226920,-1.58661091,0.38580412,0.01985858,0.00186179,0.27956027,0.29529338,0.18902920,-0.27783092,0.28640866,-0.17796554,-0.26461998,-0.29958779,0.18862822,-0.26802780,-0.06375153,-0.18761801,-0.26942250,0.15000138,-0.00923791,-0.00164481,-0.02420172,-0.06778614,0.99740494,0.46815510,0.13809988,0.00172935,0.40969767,-0.22431811,0.01494029,-0.12131019,0.21819006,0.01153247,0.06145133,-0.18650512,0.01013777,0.50806439,-3.12496710,1.20936334,-0.05879067,2.05242634,-0.82227582,-0.06296299,2.54343820,-1.97507429,0.14529005,1.70966971,0.38427112
0.42061268,0.00415717,-0.05483534,-0.02794625,-0.20475753,-0.00544949,-0.12113420,0.48124788,-1.54629729,0.15561413,0.45350980,-1.43163185,-0.16570279,0.39572443,-1.53865721,0.17676111,1.21581929,-1.58104224,0.38580412,0.01985858,0.00186179,0.27923080,0.29115506,0.18896079,-0.27752744,0.29485063,-0.17658365,-0.26373537,-0.30390495,0.18851348,-0.26763825,-0.06819251,-0.18768689,-0.26905038,0.15411990,-0.00976015,-0.00171498,-0.02522538,-0.06780761,0.99737800,0.46817097,0.13805518,0.00170335,0.42235750,-0.22462584,0.01549543,-0.12147406,0.21815107,0.01159254,0.06115217,-0.18649042,0.01018042,0.48253633,-3.17096457,1.15471151,-0.02510332,1.88656542,-0.89549352,-0.06866571,2.29162142,-1.69428313,0.03778537,1.37623804,0.56917535
0.40270953,0.01094880,-0.04790929,-0.00054828,-0.00431829,-0.06362704,-0.11647724,0.44874279,-1.53514321,0.15565169,0.47082471,-1.44147849,-0.16636727,0.41540273,-1.55180676,0.17598669,1.22640913,-1.57411771,0.38580412,0.01985858,0.00186179,0.27894499,0.28700540,0.18892114,-0.27735067,0.30322643,-0.17518222,-0.26295783,-0.30815027,0.18817560,-0.26722022,-0.07258973,-0.18779787,-0.26880908,0.15825872,-0.01022002,-0.00172938,-0.02532476,-0.06810900,0.99735492,0.46828260,0.13793021,0.00159432,0.43485490,-0.22499812,0.01598716,-0.12144921,0.21810020,0.01172478,0.06081265,-0.18640621,0.01013592,0.45238435,-3.17252622,1.08419259,0.00548412,1.67438090,-0.96707147,-0.06494199,1.88869436,-1.24769609,-0.08135587,1.00529389,0.68094331
0.42931265,0.01928708,-0.04582966,0.02616215,0.18922952,-0.13404558,-0.11186348,0.41460603,-1.52383287,0.15588501,0.48710622,-1.45262582,-0.16712745,0.43201559,-1.56108491,0.17487982,1.23393240,-1.56643722,0.38580412,0.01985858,0.00186179,0.27870424,0.28281173,0.18888134,-0.27729126,0.31155900,-0.17375537,-0.26234669,-0.31219478,0.18782307,-0.26661328,-0.07693182,-0.18799231,-0.26873136,0.16238507,-0.01061022,-0.00168725,-0.02448775,-0.06872431,0.99733368,0.46843161,0.13769405,0.00141298,0.44716617,-0.22545821,0.01635755,-0.12109621,0.21825973,0.01209096,0.06039447,-0.18627333,0.00997287,0.48026291,-3.57144237,1.18176341,0.02563335,1.68798113,-1.17363930,-0.08066967,1.70335314,-0.93191859,-0.11312812,0.75619811,0.80421263
0.38812183,0.02507700,-0.03617590,0.04660040,0.33366751,-0.18379040,-0.10728209,0.37868304,-1.51179168,0.15624695,0.50260893,-1.46508863,-0.16812168,0.44572692,-1.56668985,0.17402623,1.23862705,-1.55849669,0.38580412,0.01985858,0.00186179,0.27850610,0.27854836,0.18882551,-0.27732604,0.31987834,-0.17230987,-0.26195062,-0.31596975,0.18759471,-0.26572599,-0.08122028,-0.18830887,-0.26879731,0.16648702,-0.01092641,-0.00159200,-0.02279499,-0.06966166,0.99730893,0.46858123,0.13734142,0.00118006,0.45930447,-0.22603286,0.01655548,-0.12033489,0.21877308,0.01278011,0.05987654,-0.18611538,0.00970879,0.43454619,-3.42622285,1.15183797,0.03540114,1.46493268,-1.19443803,-0.09699795,1.27541015,-0.49930679,-0.07859634,0.42109357,0.75459186
0.42387211,0.03813152,-0.03122922,0.07259791,0.51197781,-0.26109944,-0.10271866,0.34095767,-1.49833560,0.15670250,0.51752961,-1.47853255,-0.16947383,0.45692042,-1.56917858,0.17265394,1.24122858,-1.55060196,0.38580412,0.01985858,0.00186179,0.27836424,0.27421251,0.18875511,-0.27743758,0.32821642,-0.17085429,-0.26179866,-0.31952525,0.18727844,-0.26466849,-0.08544295,-0.18877375,-0.26895579,0.17057683,-0.01115409,-0.00145056,-0.02040993,-0.07087778,0.99727512,0.46872844,0.13692229,0.00092667,0.47133051,-0.22671018,0.01656558,-0.11925019,0.21943189,0.01369575,0.05929473,-0.18594630,0.00940845,0.47515145,-3.95643330,1.42534065,0.04872866,1.54621887,-1.41337502,-0.14660880,1.13018227,-0.21530686,-0.15530549,0.24311243,0.82078570
0.41648166,0.04882745,-0.01715616,0.08488429,0.58732323,-0.28305776,-0.09822496,0.30122868,-1.48233325,0.15719312,0.53201814,-1.49255319,-0.17120785,0.46592705,-1.56902764,0.16965663,1.24242487,-1.54308264,0.38580412,0.01985858,0.00186179,0.27833737,0.26981539,0.18866824,-0.27760450,0.33663606,-0.16942429,-0.26192327,-0.32288663,0.18657828,-0.26359932,-0.08957326,-0.18938389,-0.26917188,0.17469480,-0.01127086,-0.00126816,-0.01750635,-0.07226723,0.99723085,0.46889301,0.13652450,0.00073287,0.48338622,-0.22746068,0.01641409,-0.11791760,0.21991135,0.01473804,0.05875232,-0.18576146,0.00916548,0.45746712,-4.04875269,1.63366787,0.04987104,1.47538512,-1.42824774,-0.17682015,0.91548359,0.01766152,-0.30707070,0.12078153,0.76507723
0.40238136,0.05605227,0.00134828,0.08904206,0.60377390,-0.26454572,-0.09395649,0.25980278,-1.46331947,0.15754780,0.54628680,-1.50662231,-0.17304758,0.47365759,-1.56726253,0.16540620,1.24287071,-1.53622363,0.38580412,0.01985858,0.00186179,0.27846019,0.26539672,0.18853103,-0.27780534,0.34518601,-0.16806865,-0.26225972,-0.32602100,0.18556559,-0.26256896,-0.09362260,-0.19005407,-0.26944941,0.17886898,-0.01131226,-0.00106146,-0.01438350,-0.07363706,0.99718081,0.46908014,0.13618976,0.00065484,0.49562320,-0.22826206,0.01620047,-0.11635801,0.22012955,0.01589123,0.05834496,-0.18555261,0.00901078,0.41209758,-4.04043570,1.87522180,0.03220017,1.38560035,-1.36587420,-0.17869248,0.74401052,0.18212995,-0.42121485,0.03844102,0.66019297
0.43237802,0.06520736,0.01641511,0.09843431,0.65610043,-0.24704506,-0.09015939,0.21689038,-1.44092388,0.15754350,0.56031439,-1.52026031,-0.17484407,0.48061637,-1.56432369,0.16036454,1.24276299,-1.53032670,0.38580412,0.01985858,0.00186179,0.27870182,0.26099894,0.18829398,-0.27806638,0.35388119,-0.16685945,-0.26274981,-0.32883696,0.18434756,-0.26158111,-0.09761078,-0.19073970,-0.26980962,0.18306171,-0.01131439,-0.00084049,-0.01120583,-0.07484200,0.99713209,0.46924372,0.13590969,0.00063544,0.50807028,-0.22912945,0.01595201,-0.11457272,0.22005440,0.01712071,0.05807217,-0.18534632,0.00889220,0.39004979,-4.48163319,2.36333899,-0.00450313,1.45863140,-1.41457903,-0.18648988,0.72014923,0.31479893,-0.52968819,-0.01539588,0.60420332
0.39385655,0.06129423,0.02634474,0.08907508,0.58546935,-0.17316338,-0.08710989,0.17307845,-1.41541314,0.15707230,0.57404571,-1.53308990,-0.17656308,0.48729383,-1.56066258,0.15535951,1.24226546,-1.52583914,0.38580412,0.01985858,0.00186179,0.27903832,0.25665490,0.18793846,-0.27840853,0.36264966,-0.16586994,-0.26330048,-0.33123161,0.18312631,-0.26055474,-0.10157953,-0.19142479,-0.27024303,0.18725661,-0.01130287,-0.00061423,-0.00808549,-0.07578239,0.99709141,0.46936727,0.13568755,0.00062979,0.52067206,-0.23007616,0.01573784,-0.11249365,0.21978025,0.01848358,0.05791312,-0.18517671,0.00879529,0.28156920,-4.16363697,2.44794002,-0.04913170,1.30040629,-1.20922592,-0.16239190,0.63285580,0.35242671,-0.47090912,-0.05028844,0.41089027
0.43281784,0.06628657,0.03859418,0.09475475,0.61655780,-0.12234875,-0.08498774,0.12944995,-1.38771999,0.15616696,0.58753979,-1.54500449,-0.17818654,0.49413607,-1.55679131,0.15141442,1.24126804,-1.52352607,0.38580412,0.01985858,0.00186179,0.27944252,0.25236354,0.18747954,-0.27882255,0.37129487,-0.16514376,-0.26383141,-0.33298730,0.18216076,-0.25937098,-0.10557835,-0.19209402,-0.27071003,0.19145537,-0.01130375,-0.00038945,-0.00508161,-0.07641434,0.99706312,0.46944050,0.13553018,0.00061997,0.53324880,-0.23109819,0.01561111,-0.10988475,0.21947150,0.02007154,0.05783801,-0.18506595,0.00873249,0.20678434,-4.53723955,2.91295338,-0.10051578,1.40248978,-1.22743845,-0.16760452,0.71673465,0.40444729,-0.39150378,-0.11233985,0.20529328
0.42531225,0.06006076,0.04418255,0.08929535,0.57763363,-0.05895916,-0.08383422,0.08792360,-1.35915060,0.15493071,0.60087812,-1.55590765,-0.17962051,0.50148411,-1.55314279,0.14888942,1.23844771,-1.52467766,0.38580412,0.01985858,0.00186179,0.27989449,0.24810234,0.18695150,-0.27929590,0.37939123,-0.16469373,-0.26437286,-0.33346052,0.18156282,-0.25811935,-0.10965353,-0.19271126,-0.27117001,0.19567005,-0.01135848,-0.00017071,-0.00221936,-0.07670701,0.99705119,0.46944927,0.13544265,0.00059859,0.54540466,-0.23214669,0.01552163,-0.10609402,0.21907463,0.02177514,0.05782934,-0.18502905,0.00872448,0.11667162,-4.22539253,2.90954361,-0.12606366,1.35839577,-1.10938418,-0.14567292,0.74901215,0.37127334,-0.25633755,-0.29116868,-0.12134711
0.40845168,0.04945500,0.04776772,0.08267621,0.53364506,-0.00969753,-0.08322968,0.04978142,-1.33099146,0.15363407,0.61410623,-1.56597841,-0.18073359,0.50922301,-1.54967561,0.14677638,1.23232503,-1.52850738,0.38580412,0.01985858,0.00186179,0.28037843,0.24384326,0.18642536,-0.27980154,0.38663761,-0.16440950,-0.26508719,-0.33243271,0.18111078,-0.25716273,-0.11380074,-0.19324036,-0.27163513,0.19989941,-0.01149168,0.00004267,0.00055440,-0.07677105,0.99704859,0.46940801,0.13540645,0.00057689,0.55681020,-0.23315315,0.01529125,-0.10088865,0.21837602,0.02321570,0.05785713,-0.18503256,0.00874331,0.05578548,-3.67641058,2.73081856,-0.12549262,1.28506718,-0.97283328,-0.10500674,0.75424412,0.33707619,-0.20657803,-0.62829255,-0.38588644
0.43907203,0.04347489,0.05736716,0.08742011,0.56449475,0.01690859,-0.08295032,0.01575893,-1.30383191,0.15247209,0.62717910,-1.57526886,-0.18144812,0.51706922,-1.54606493,0.14421010,1.22184846,-1.53325310,0.38580412,0.01985858,0.00186179,0.28089799,0.23957593,0.18595391,-0.28032664,0.39283956,-0.16423922,-0.26613046,-0.33000226,0.18061133,-0.25682290,-0.11799926,-0.19366508,-0.27214047,0.20413253,-0.01171644,0.00025298,0.00328929,-0.07669732,0.99704896,0.46933030,0.13540810,0.00057135,0.56723096,-0.23410568,0.01476753,-0.09436387,0.21724172,0.02407509,0.05790170,-0.18505579,0.00875752,0.02680868,-3.50596757,2.81860805,-0.11908821,1.36002147,-0.96090134,-0.07094070,0.81677282,0.37911829,-0.27504712,-1.13246729,-0.49310027
0.39990384,0.03071904,0.05859557,0.07979561,0.51602237,0.02048629,-0.08289472,-0.01422939,-1.27787395,0.15159775,0.64000967,-1.58375423,-0.18180491,0.52474027,-1.54199641,0.14043693,1.20719273,-1.53750415,0.38580412,0.01985858,0.00186179,0.28145999,0.23529570,0.18557926,-0.28087277,0.39800469,-0.16415745,-0.26756189,-0.32652500,0.17986475,-0.25720720,-0.12222711,-0.19400140,-0.27270373,0.20835483,-0.01203245,0.00046317,0.00603012,-0.07658823,0.99704447,0.46923344,0.13543305,0.00058722,0.57661849,-0.23505100,0.01389810,-0.08686878,0.21559207,0.02425279,0.05793197,-0.18509018,0.00875626,0.00343323,-2.81033368,2.45230870,-0.07983881,1.21513989,-0.79760982,-0.03077984,0.72562149,0.39121343,-0.37164896,-1.42664351,-0.39640965
0.43709023,0.02390466,0.07192622,0.08819123,0.57087277,0.00512980,-0.08293758,-0.04089625,-1.25305498,0.15116109,0.65254951,-1.59132981,-0.18181543,0.53212118,-1.53739440,0.13527054,1.18994105,-1.54177642,0.38580412,0.01985858,0.00186179,0.28206947,0.23099280,0.18534463,-0.28144272,0.40231100,-0.16412533,-0.26933279,-0.32233430,0.17877024,-0.25805433,-0.12647004,-0.19425224,-0.27332437,0.21255219,-0.01243565,0.00067499,0.00879162,-0.07654844,0.99702687,0.46913122,0.13547482,0.00062676,0.58509369,-0.23605160,0.01273669,-0.07871436,0.21344485,0.02401514,0.05791111,-0.18510510,0.00874510,-0.00532996,-2.73160195,2.56884074,-0.03838725,1.30183244,-0.77512854,0.00413693,0.76435500,0.48722324,-0.55848247,-1.82817864,-0.45000014
0.42383165,0.01437177,0.07723578,0.08491059,0.54934699,-0.02667334,-0.08269984,-0.06458543,-1.22954865,0.15138737,0.66478571,-1.59766726,-0.18144070,0.53930699,-1.53247554,0.12959504,1.17193289,-1.54768300,0.38580412,0.01985858,0.00186179,0.28273097,0.22666164,0.18531930,-0.28202306,0.40588762,-0.16403766,-0.27136460,-0.31757915,0.17749330,-0.25889527,-0.13070541,-0.19439869,-0.27398297,0.21670302,-0.01293400,0.00088555,0.01151377,-0.07667478,0.99698928,0.46903606,0.13554758,0.00070790,0.59273485,-0.23710621,0.01136636,-0.07000133,0.21103252,0.02383570,0.05780949,-0.18506070,0.00874800,0.02493213,-2.40932007,2.39218464,0.02374450,1.24593964,-0.64383873,0.03847265,0.73196089,0.50097175,-0.57739264,-1.83434081,-0.60369307
0.39869201,0.00544759,0.07966186,0.07627783,0.49207698,-0.05792120,-0.08191259,-0.08542295,-1.20778494,0.15204097,0.67678369,-1.60273738,-0.18086696,0.54663419,-1.52764080,0.12450504,1.15362878,-1.55495782,0.38580412,0.01985858,0.00186179,0.28343117,0.22233430,0.18543876,-0.28261318,0.40885356,-0.16381979,-0.27352785,-0.31238528,0.17632366,-0.25960141,-0.13492047,-0.19448305,-0.27464269,0.22079155,-0.01350602,0.00108741,0.01408471,-0.07695755,0.99693429,0.46895180,0.13561330,0.00081799,0.59965925,-0.23813332,0.00990332,-0.06083173,0.20867166,0.02382976,0.05762146,-0.18497820,0.00878847,0.08102245,-1.99865842,2.09718943,0.06494820,1.16495490,-0.48236051,0.05672078,0.71519315,0.46805938,-0.48859790,-1.78514123,-0.71382920
0.41751602,-0.00135735,0.09128040,0.07387052,0.47436094,-0.08790120,-0.08063657,-0.10239631,-1.18884254,0.15274393,0.68870994,-1.60649548,-0.18017231,0.55442697,-1.52314234,0.12009294,1.13429692,-1.56283436,0.38580412,0.01985858,0.00186179,0.28417130,0.21800480,0.18560007,-0.28323467,0.41105017,-0.16349081,-0.27575880,-0.30665171,0.17530744,-0.26034330,-0.13912605,-0.19452216,-0.27529576,0.22478589,-0.01413703,0.00127343,0.01640602,-0.07736648,0.99686692,0.46881644,0.13560464,0.00093662,0.60568900,-0.23909105,0.00841249,-0.05114568,0.20638449,0.02382800,0.05731297,-0.18486415,0.00887554,0.13637580,-1.72837179,1.94247954,0.07214807,1.24309659,-0.37998554,0.07346757,0.81720793,0.46456155,-0.45486669,-2.02678437,-0.82317585
0.36576214,-0.00721603,0.08966253,0.05882539,0.37546200,-0.09543512,-0.07902075,-0.11448303,-1.17395225,0.15334954,0.70086914,-1.60901489,-0.17932912,0.56289958,-1.51918902,0.11604731,1.11318362,-1.57098074,0.38580412,0.01985858,0.00186179,0.28496671,0.21361327,0.18576200,-0.28388286,0.41230092,-0.16309051,-0.27799952,-0.30020804,0.17437402,-0.26126806,-0.14333230,-0.19450337,-0.27593708,0.22863032,-0.01481182,0.00143972,0.01843079,-0.07785842,0.99679301,0.46849624,0.13552942,0.00108384,0.61060770,-0.23994255,0.00696719,-0.04086165,0.20406084,0.02369865,0.05683571,-0.18470097,0.00902963,0.15617080,-1.09880502,1.37140749,0.05673754,1.15716724,-0.22797121,0.08157057,0.81088264,0.36949815,-0.38169857,-2.02252536,-0.77542199
0.37293883,-0.01400167,0.10882844,0.05527395,0.35019223,-0.11855883,-0.07707921,-0.12096370,-1.16437674,0.15403704,0.71332854,-1.61038387,-0.17832977,0.57207805,-1.51584661,0.11220814,1.08992183,-1.57958651,0.38580412,0.01985858,0.00186179,0.28585154,0.20914297,0.18597139,-0.28452128,0.41248766,-0.16261682,-0.28017785,-0.29291586,0.17347903,-0.26236601,-0.14753931,-0.19442178,-0.27655746,0.23222432,-0.01550842,0.00158655,0.02016656,-0.07841413,0.99671561,0.46787597,0.13546986,0.00133026,0.61420776,-0.24062828,0.00567369,-0.02995975,0.20164173,0.02348553,0.05609700,-0.18446652,0.00929408,0.20721833,-0.58933622,0.91359013,0.07379614,1.30207086,-0.12579560,0.10635889,0.96644455,0.33910570,-0.39706656,-2.45583057,-0.90454513
0.36566894,-0.01695892,0.10833076,0.04720335,0.29680223,-0.13948460,-0.07471024,-0.12033514,-1.16269400,0.15494660,0.72604448,-1.61067376,-0.17731674,0.58185558,-1.51291308,0.10896773,1.06443596,-1.58914864,0.38580412,0.01985858,0.00186179,0.28675882,0.20459743,0.18626470,-0.28511583,0.41135270,-0.16202875,-0.28214340,-0.28466933,0.17271224,-0.26343522,-0.15175289,-0.19431900,-0.27715013,0.23578391,-0.01624539,0.00171730,0.02163801,-0.07909206,0.99663097,0.46719908,0.13541760,0.00164299,0.61643163,-0.24112683,0.00461541,-0.01808109,0.19920462,0.02332359,0.05528145,-0.18419680,0.00960869,0.24192084,0.07255608,0.16081333,0.09272313,1.29557178,-0.02861420,0.10291768,0.99623866,0.29877160,-0.32860181,-2.59782066,-0.97499419
0.36461557,-0.01652341,0.10006564,0.04062996,0.25288746,-0.16787765,-0.07176990,-0.11345316,-1.16895998,0.15586672,0.73907250,-1.61031613,-0.17654414,0.59185009,-1.50989809,0.10693915,1.03750062,-1.59934781,0.38580412,0.01985858,0.00186179,0.28761983,0.19995057,0.18657142,-0.28568131,0.40908198,-0.16127249,-0.28379653,-0.27581042,0.17224574,-0.26425256,-0.15597796,-0.19428060,-0.27771668,0.23948715,-0.01701568,0.00184178,0.02295841,-0.07993567,0.99653390,0.46662092,0.13529772,0.00193852,0.61763140,-0.24143450,0.00382330,-0.00534044,0.19699235,0.02336727,0.05453489,-0.18394901,0.00990315,0.29217862,0.71474152,-0.67134501,0.08849626,1.26882894,0.03907681,0.07234464,0.97203455,0.29558936,-0.18514892,-2.62841578,-0.99318427
0.40995436,-0.01624335,0.10118039,0.04048144,0.24902799,-0.21258860,-0.06798226,-0.10141646,-1.18241630,0.15662145,0.75223027,-1.60939403,-0.17611255,0.60184650,-1.50652838,0.10632409,1.00935091,-1.60944185,0.38580412,0.01985858,0.00186179,0.28840631,0.19523865,0.18683916,-0.28624270,0.40590802,-0.16026788,-0.28508941,-0.26657163,0.17214403,-0.26478128,-0.16020954,-0.19434217,-0.27826496,0.24337235,-0.01780992,0.00196366,0.02417174,-0.08093855,0.99642402,0.46620602,0.13506964,0.00216361,0.61809285,-0.24148749,0.00331690,0.00807828,0.19510017,0.02362502,0.05389763,-0.18374758,0.01014134,0.40272939,1.29272258,-1.45826929,0.07661208,1.36998141,0.10135173,0.04200712,1.04081333,0.35470423,-0.05273185,-2.94300756,-1.04687512
0.38963574,-0.01263662,0.08566843,0.03379944,0.20517336,-0.20992983,-0.06364456,-0.08565963,-1.20111480,0.15710796,0.76521176,-1.60783010,-0.17591487,0.61187162,-1.50287948,0.10655431,0.97991854,-1.61881766,0.38580412,0.01985858,0.00186179,0.28910804,0.19054009,0.18703986,-0.28682219,0.40210449,-0.15909909,-0.28603140,-0.25704676,0.17225851,-0.26513790,-0.16444411,-0.19447183,-0.27880145,0.24742526,-0.01861840,0.00208102,0.02527287,-0.08203263,0.99630698,0.46599236,0.13473692,0.00228585,0.61809149,-0.24134489,0.00307664,0.02201562,0.19336397,0.02397014,0.05338708,-0.18357399,0.01030659,0.41422780,1.52546446,-1.81557081,0.04338788,1.22966492,0.15470717,0.01726589,0.95229647,0.34795968,0.02672917,-2.80577564,-0.88176434
0.44214903,-0.01101377,0.08675191,0.03208816,0.19201711,-0.22645264,-0.05976438,-0.06725243,-1.22268653,0.15735109,0.77801061,-1.60556114,-0.17570175,0.62221795,-1.49937856,0.10696692,0.94916677,-1.62728000,0.38580412,0.01985858,0.00186179,0.28972787,0.18586564,0.18718150,-0.28741227,0.39783526,-0.15804932,-0.28669718,-0.24724122,0.17240673,-0.26542482,-0.16869261,-0.19458808,-0.27931680,0.25161312,-0.01943195,0.00218807,0.02622444,-0.08311846,0.99619216,0.46592827,0.13436000,0.00231560,0.61775582,-0.24122466,0.00303069,0.03636150,0.19156342,0.02430305,0.05300613,-0.18337396,0.01041107,0.39301625,1.95333171,-2.28059292,0.02204627,1.33093441,0.24700163,0.02348237,1.08389556,0.36053357,0.04364270,-3.22280812,-0.86764985
0.43987434,-0.00890153,0.07892363,0.02447920,0.14479467,-0.19055709,-0.05714429,-0.04744069,-1.24413989,0.15763024,0.79064525,-1.60247712,-0.17531694,0.63333549,-1.49647455,0.10759765,0.91728630,-1.63454249,0.38580412,0.01985858,0.00186179,0.29026891,0.18123775,0.18734487,-0.28795026,0.39329883,-0.15734716,-0.28724223,-0.23721180,0.17258886,-0.26563105,-0.17298463,-0.19463162,-0.27979522,0.25589091,-0.02024776,0.00227358,0.02694363,-0.08405172,0.99609446,0.46595929,0.13407820,0.00231865,0.61726204,-0.24127493,0.00302668,0.05095384,0.18965019,0.02463786,0.05273794,-0.18314040,0.01047369,0.26556591,2.01799788,-2.18257906,0.02870775,1.28648272,0.31495227,0.03919850,1.13337367,0.29516220,0.06490581,-3.24785571,-0.73809090
0.42099698,-0.00752125,0.06984518,0.01467805,0.08600191,-0.12740811,-0.05546561,-0.02762211,-1.26363370,0.15810067,0.80292674,-1.59882808,-0.17496929,0.64520669,-1.49397182,0.10878448,0.88490880,-1.64056547,0.38580412,0.01985858,0.00186179,0.29075254,0.17676183,0.18756540,-0.28838762,0.38877467,-0.15691353,-0.28778698,-0.22712489,0.17290831,-0.26573068,-0.17732472,-0.19467084,-0.28024998,0.26018023,-0.02106164,0.00233181,0.02741111,-0.08472904,0.99602419,0.46608427,0.13395143,0.00236492,0.61686403,-0.24138927,0.00296557,0.06552519,0.18772633,0.02502187,0.05252120,-0.18298296,0.01050256,0.15648392,1.92495675,-1.87807682,0.04690786,1.18991432,0.35787026,0.03269911,1.15960634,0.24142266,0.12085611,-3.15006280,-0.57524643
0.44709319,-0.00712384,0.06882065,0.00614199,0.03579749,-0.06594779,-0.05466895,-0.00798273,-1.28111556,0.15865815,0.81461974,-1.59489803,-0.17469794,0.65773422,-1.49173050,0.11067059,0.85225780,-1.64523058,0.38580412,0.01985858,0.00186179,0.29117950,0.17256170,0.18780819,-0.28870408,0.38432426,-0.15673033,-0.28830466,-0.21704480,0.17340571,-0.26571949,-0.18168916,-0.19471908,-0.28070153,0.26443285,-0.02186356,0.00235814,0.02760735,-0.08507434,0.99598927,0.46634636,0.13395811,0.00247542,0.61660872,-0.24150347,0.00287484,0.07994124,0.18584015,0.02546000,0.05235205,-0.18294802,0.01047797,0.07469123,2.04480987,-1.80484343,0.05812756,1.21193969,0.41058061,0.02832636,1.31043038,0.23087262,0.20283366,-3.40346832,-0.47314165
0.40139586,-0.00545967,0.05604387,-0.00295681,-0.01716859,0.00582940,-0.05474546,0.01156520,-1.29691741,0.15916954,0.82570804,-1.59091368,-0.17433495,0.67087258,-1.48993578,0.11322781,0.81924005,-1.64828138,0.38580412,0.01985858,0.00186179,0.29154207,0.16867284,0.18803207,-0.28890167,0.37994107,-0.15679281,-0.28876143,-0.20697932,0.17407668,-0.26563629,-0.18603909,-0.19472088,-0.28114452,0.26862350,-0.02264431,0.00235252,0.02754093,-0.08507657,0.99599093,0.46674310,0.13405671,0.00264041,0.61646816,-0.24160386,0.00278065,0.09416621,0.18401431,0.02590578,0.05225481,-0.18299192,0.01039755,-0.01495968,1.85450702,-1.48507786,0.04774370,1.04729321,0.37809080,0.03588837,1.25256400,0.16511678,0.24862382,-3.13776550,-0.27334756
0.43431318,-0.00428689,0.05218447,-0.01193738,-0.06949169,0.06799583,-0.05543636,0.03095434,-1.31120777,0.15957358,0.83675319,-1.58701360,-0.17386883,0.68457323,-1.48882401,0.11630726,0.78565109,-1.64934361,0.38580412,0.01985858,0.00186179,0.29182622,0.16493670,0.18821683,-0.28897460,0.37563871,-0.15703044,-0.28916571,-0.19692622,0.17488583,-0.26554793,-0.19033365,-0.19466517,-0.28153880,0.27275482,-0.02339739,0.00231870,0.02723743,-0.08479078,0.99602373,0.46713309,0.13423121,0.00285162,0.61644478,-0.24166377,0.00266051,0.10822389,0.18225903,0.02627829,0.05225506,-0.18308861,0.01028742,-0.07981946,2.01686716,-1.46649766,0.04035979,1.15289533,0.40453669,0.04977733,1.43524253,0.10493397,0.32784694,-3.50809073,-0.07963180
0.42145249,-0.00079149,0.03983489,-0.01841366,-0.10777945,0.10851692,-0.05655980,0.05004488,-1.32399151,0.15980069,0.84936478,-1.58356562,-0.17343948,0.69872837,-1.48848848,0.11968985,0.75127038,-1.64780815,0.38580412,0.01985858,0.00186179,0.29199652,0.16092921,0.18832773,-0.28883361,0.37144896,-0.15739556,-0.28951523,-0.18689376,0.17578130,-0.26552435,-0.19452356,-0.19458906,-0.28184269,0.27684768,-0.02410345,0.00225926,0.02670619,-0.08426356,0.99608299,0.46712667,0.13451386,0.00316291,0.61657750,-0.24166112,0.00248129,0.12213894,0.18057569,0.02647217,0.05239991,-0.18324966,0.01015383,-0.11489842,1.94400971,-1.30059977,0.02284298,1.28784568,0.35007793,0.04358490,1.44207866,0.03340112,0.34466317,-3.50270600,0.15954309
0.39887822,0.00484890,0.02512852,-0.02310132,-0.13629227,0.13416378,-0.05802983,0.06881848,-1.33574369,0.15979093,0.86461415,-1.58122087,-0.17314946,0.71312618,-1.48872695,0.12317793,0.71617051,-1.64387310,0.38580412,0.01985858,0.00186179,0.29205027,0.15640770,0.18832881,-0.28838035,0.36737160,-0.15786066,-0.28978723,-0.17688271,0.17671031,-0.26558447,-0.19860460,-0.19452815,-0.28205756,0.28091293,-0.02474567,0.00218271,0.02601164,-0.08358668,0.99615857,0.46651758,0.13488522,0.00366992,0.61684093,-0.24161949,0.00226304,0.13595141,0.17897027,0.02646580,0.05266832,-0.18345732,0.00999271,-0.14542819,1.82236798,-1.13563743,-0.00320673,1.50587261,0.21390320,0.02650470,1.40125153,-0.02753536,0.33995236,-3.41795783,0.40193002
0.41804054,0.01207172,0.01460259,-0.02960318,-0.17618422,0.15795421,-0.05975525,0.08720706,-1.34667273,0.15950247,0.88262093,-1.58142936,-0.17312580,0.72769140,-1.48951652,0.12681376,0.68046845,-1.63750231,0.38580412,0.01985858,0.00186179,0.29199564,0.15158182,0.18817243,-0.28741710,0.36342948,-0.15839899,-0.28995771,-0.16691559,0.17768664,-0.26572486,-0.20256215,-0.19452011,-0.28216577,0.28490202,-0.02530261,0.00209305,0.02517121,-0.08283562,0.99624309,0.46547975,0.13525142,0.00457854,0.61718055,-0.24154832,0.00203794,0.14962425,0.17751080,0.02627079,0.05299570,-0.18369753,0.00982987,-0.18128975,1.91172001,-1.13169551,-0.03246702,1.89820969,-0.05382299,-0.00054687,1.51850126,-0.08720159,0.38055962,-3.72330379,0.68533417
0.36322946,0.01701212,0.00825708,-0.03137679,-0.18843018,0.14004950,-0.06157712,0.10515530,-1.35685205,0.15907961,0.90239472,-1.58650997,-0.17348034,0.74236780,-1.49082506,0.13072843,0.64440919,-1.62870257,0.38580412,0.01985858,0.00186179,0.29189744,0.14716330,0.18785206,-0.28566739,0.35964230,-0.15896683,-0.29002689,-0.15703669,0.17874905,-0.26593592,-0.20637972,-0.19459857,-0.28216046,0.28872631,-0.02576194,0.00199291,0.02418458,-0.08209820,0.99632877,0.46465415,0.13546718,0.00623005,0.61749642,-0.24145443,0.00187055,0.16306719,0.17628145,0.02596152,0.05327645,-0.18395343,0.00973698,-0.17325976,1.69920771,-0.95919242,-0.04042896,1.88780882,-0.53616299,-0.03743470,1.39369690,-0.12874538,0.37462800,-3.42470398,0.85763272
0.37694261,0.02427698,0.00429243,-0.03964587,-0.24010608,0.13628210,-0.06338959,0.12264702,-1.36626041,0.15891773,0.92137241,-1.59787440,-0.17421308,0.75702286,-1.49251592,0.13504048,0.60811949,-1.61741984,0.38580412,0.01985858,0.00186179,0.29177567,0.14418214,0.18746405,-0.28303677,0.35601584,-0.15953611,-0.29001004,-0.14726119,0.17993463,-0.26622223,-0.21003161,-0.19476713,-0.28207009,0.29235955,-0.02613148,0.00188339,0.02304420,-0.08143615,0.99641034,0.46506764,0.13543327,0.00873891,0.61774619,-0.24135829,0.00176563,0.17626941,0.17532672,0.02555344,0.05349001,-0.18421013,0.00970559,-0.18837768,1.81525195,-0.96841151,-0.01123547,1.95310259,-1.28000963,-0.08177198,1.52561057,-0.18116830,0.45545956,-3.78342700,1.21256709
0.35097706,0.02716976,-0.00223246,-0.04389312,-0.26787946,0.11352297,-0.06515088,0.13968028,-1.37479036,0.15941956,0.93383559,-1.61349068,-0.17515653,0.77155190,-1.49457102,0.13993650,0.57164359,-1.60317125,0.38580412,0.01985858,0.00186179,0.29160433,0.14397814,0.18719826,-0.28002250,0.35255875,-0.16009815,-0.28991184,-0.13760747,0.18130724,-0.26661092,-0.21346880,-0.19497712,-0.28193734,0.29580109,-0.02642391,0.00176300,0.02171949,-0.08088221,0.99648544,0.46808447,0.13510421,0.01158183,0.61792540,-0.24128438,0.00169249,0.18923478,0.17470230,0.02499341,0.05368217,-0.18442212,0.00966699,-0.17933059,1.73450952,-0.86791776,0.05186349,1.25692482,-1.58996575,-0.09610669,1.47987065,-0.20993682,0.49959072,-3.71500707,1.45480227
0.32109836,0.02794002,-0.00947314,-0.04709567,-0.28937459,0.09378835,-0.06687281,0.15651422,-1.38273885,0.16046166,0.93654040,-1.62768145,-0.17612805,0.78622348,-1.49715233,0.14559210,0.53541565,-1.58620033,0.38580412,0.01985858,0.00186179,0.29137784,0.14644956,0.18716160,-0.27751879,0.34920659,-0.16065423,-0.28974147,-0.12816744,0.18291998,-0.26710753,-0.21676049,-0.19517138,-0.28176518,0.29910958,-0.02667149,0.00163231,0.02023094,-0.08039991,0.99655602,0.47366928,0.13459180,0.01385905,0.61804486,-0.24122990,0.00163637,0.20192409,0.17442946,0.02427031,0.05386426,-0.18456928,0.00961266,-0.16721550,1.63649917,-0.76971849,0.10505840,0.17899276,-1.34876974,-0.09501775,1.42944355,-0.25625627,0.55712908,-3.51723037,1.67220831
0.33377126,0.03112391,-0.01805569,-0.05536107,-0.34207182,0.09142472,-0.06858682,0.17343261,-1.39042521,0.16196119,0.92931246,-1.63755949,-0.17725497,0.80136960,-1.50039895,0.15217733,0.50000634,-1.56640241,0.38580412,0.01985858,0.00186179,0.29109045,0.15111583,0.18738926,-0.27586274,0.34589728,-0.16121201,-0.28948571,-0.11910406,0.18483565,-0.26775558,-0.21998800,-0.19538234,-0.28150826,0.30231906,-0.02688820,0.00149138,0.01858665,-0.07996204,0.99662349,0.48137902,0.13401009,0.01522771,0.61808795,-0.24118763,0.00160474,0.21420872,0.17457287,0.02333487,0.05399354,-0.18469637,0.00958219,-0.17866920,1.76429219,-0.79977804,0.16011632,-0.83388089,-0.98544654,-0.11977739,1.58304715,-0.34410654,0.69440935,-3.67881036,2.08779263
0.29656205,0.02878286,-0.02331437,-0.05427103,-0.33706973,0.07559931,-0.07033559,0.19060615,-1.39807229,0.16384159,0.91463903,-1.64315102,-0.17868124,0.81711755,-1.50421722,0.15970348,0.46585026,-1.54375393,0.38580412,0.01985858,0.00186179,0.29074497,0.15725820,0.18783965,-0.27488416,0.34258738,-0.16178201,-0.28913722,-0.11054388,0.18707472,-0.26860692,-0.22321428,-0.19565228,-0.28114578,0.30544972,-0.02708451,0.00134174,0.01680686,-0.07956355,0.99668720,0.49051618,0.13342804,0.01586081,0.61803255,-0.24116746,0.00160775,0.22598427,0.17515827,0.02213805,0.05402303,-0.18484715,0.00959920,-0.16643594,1.63250623,-0.72581602,0.18159056,-1.45028439,-0.49506658,-0.13835526,1.50020609,-0.36704308,0.72296326,-3.22887111,2.17585735
0.31610991,0.03053882,-0.03181612,-0.06295457,-0.39283067,0.07011309,-0.07213441,0.20800176,-1.40567183,0.16587122,0.89575535,-1.64610612,-0.18040514,0.83339024,-1.50834787,0.16822828,0.43329236,-1.51840365,0.38580412,0.01985858,0.00186179,0.29035467,0.16422561,0.18839143,-0.27421297,0.33926994,-0.16236804,-0.28870952,-0.10257944,0.18966831,-0.26967574,-0.22647183,-0.19598514,-0.28070059,0.30849501,-0.02727329,0.00118572,0.01491842,-0.07922156,0.99674469,0.50041761,0.13281138,0.01614170,0.61785735,-0.24119481,0.00164515,0.23716398,0.17621748,0.02067893,0.05390818,-0.18502374,0.00965407,-0.18812063,1.81499112,-0.79059595,0.21251848,-2.01769161,-0.27579069,-0.18385051,1.70239794,-0.43378767,0.90322828,-3.36637712,2.68000340
0.29451337,0.02508691,-0.03444584,-0.06436756,-0.40317887,0.04994366,-0.07393369,0.22555447,-1.41304410,0.16749348,0.87525456,-1.64787805,-0.18256331,0.85012820,-1.51242597,0.17789446,0.40334829,-1.49103937,0.38580412,0.01985858,0.00186179,0.28994156,0.17152120,0.18884491,-0.27357867,0.33594731,-0.16295833,-0.28822886,-0.09542994,0.19266971,-0.27090374,-0.22980038,-0.19642479,-0.28019342,0.31138251,-0.02748321,0.00102390,0.01292225,-0.07897807,0.99679207,0.51050214,0.13199500,0.01636289,0.61747614,-0.24131188,0.00171270,0.24748410,0.17781044,0.01903782,0.05351722,-0.18526915,0.00974814,-0.18319860,1.78796744,-0.75043038,0.16414555,-2.08819363,-0.17972389,-0.22050174,1.70531530,-0.41513441,0.98568014,-3.04562373,2.78756070
0.25458903,0.01212893,-0.03310984,-0.06531407,-0.41015564,0.02505835,-0.07568579,0.24326833,-1.42003973,0.16821684,0.85472739,-1.64901717,-0.18524111,0.86728983,-1.51638057,0.18841428,0.37699075,-1.46387296,0.38580412,0.01985858,0.00186179,0.28954146,0.17878650,0.18905071,-0.27294205,0.33261207,-0.16354109,-0.28772810,-0.08918242,0.19596573,-0.27210840,-0.23319376,-0.19699571,-0.27962958,0.31401016,-0.02776136,0.00085467,0.01080558,-0.07884185,0.99682821,0.52029287,0.13083319,0.01659941,0.61677770,-0.24155635,0.00181336,0.25674281,0.17978749,0.01743305,0.05274770,-0.18564918,0.00991188,-0.16995482,1.72378049,-0.67638754,0.06162624,-1.99417675,-0.10442138,-0.26445861,1.67241597,-0.38446189,1.02903296,-2.52643781,2.62880521
0.22464980,-0.01184115,-0.03156690,-0.07583616,-0.47662454,-0.00186559,-0.07737567,0.26120057,-1.42654648,0.16785927,0.83422000,-1.64919205,-0.18834037,0.88499563,-1.52041261,0.19961468,0.35580840,-1.43916602,0.38580412,0.01985858,0.00186179,0.28919492,0.18599206,0.18896948,-0.27235981,0.32926768,-0.16411429,-0.28720284,-0.08408017,0.19947749,-0.27312896,-0.23662376,-0.19766094,-0.27901768,0.31616870,-0.02819361,0.00067333,0.00851397,-0.07883930,0.99685075,0.52955325,0.12918983,0.01683511,0.61554517,-0.24202634,0.00199208,0.26449040,0.18202080,0.01606596,0.05141568,-0.18620147,0.01017723,-0.17531587,1.87009192,-0.67321652,-0.04671588,-2.13805437,-0.00761747,-0.32544432,1.84980476,-0.42163727,1.17147818,-2.15283027,2.54096079
0.17703889,-0.02854623,-0.02746919,-0.07658900,-0.48074299,-0.03611871,-0.07891675,0.27941194,-1.43256054,0.16658555,0.81307499,-1.64794321,-0.19159768,0.90338340,-1.52467773,0.21090530,0.34136478,-1.41937618,0.38580412,0.01985858,0.00186179,0.28888294,0.19330446,0.18865858,-0.27185775,0.32593080,-0.16465403,-0.28663053,-0.08034203,0.20299720,-0.27385283,-0.24006885,-0.19833767,-0.27840221,0.31797551,-0.02877411,0.00047416,0.00598305,-0.07901179,0.99685561,0.53858617,0.12707714,0.01702518,0.61389834,-0.24271689,0.00225240,0.27061527,0.18434490,0.01503011,0.04965960,-0.18681668,0.01048073,-0.14440372,1.73124380,-0.56635011,-0.12836547,-2.01569672,0.13334950,-0.30967834,1.75194662,-0.40729775,1.06931601,-1.30335240,1.82394352
0.20046286,-0.03263616,-0.03436882,-0.09487292,-0.59320592,-0.08066761,-0.08017901,0.29801208,-1.43807507,0.16472454,0.79049039,-1.64474249,-0.19494964,0.92264175,-1.52923620,0.22117609,0.33472931,-1.40664697,0.38580412,0.01985858,0.00186179,0.28854594,0.20092714,0.18821896,-0.27143389,0.32260050,-0.16512421,-0.28600465,-0.07807055,0.20616387,-0.27426424,-0.24354026,-0.19900178,-0.27780525,0.31980944,-0.02938695,0.00025106,0.00315314,-0.07937209,0.99684004,0.54798944,0.12466491,0.01711205,0.61221524,-0.24348023,0.00254129,0.27534680,0.18653347,0.01428170,0.04784691,-0.18734249,0.01074068,-0.12687035,1.94378185,-0.56686997,-0.20128115,-2.37684679,0.36454198,-0.35079008,2.01983738,-0.47934052,1.05007172,-0.57188791,1.21374428
0.22083039,-0.01890101,-0.03971195,-0.10372855,-0.64480541,-0.10754372,-0.08109605,0.31716917,-1.44288304,0.16255780,0.76568756,-1.63863914,-0.19873528,0.94307840,-1.53401759,0.22889198,0.33685251,-1.40282147,0.38580412,0.01985858,0.00186179,0.28815683,0.20901506,0.18774062,-0.27110483,0.31924013,-0.16550791,-0.28534943,-0.07734879,0.20849717,-0.27445484,-0.24710154,-0.19973627,-0.27719270,0.32191627,-0.02991717,-0.00000338,-0.00003925,-0.07989733,0.99680310,0.55816684,0.12213382,0.01705200,0.61071787,-0.24416180,0.00280740,0.27876523,0.18823849,0.01370199,0.04615476,-0.18774411,0.01096413,-0.09306669,1.95183048,-0.48883227,-0.22080838,-2.52887392,0.62537988,-0.38634305,2.08275056,-0.48698317,0.78210266,0.22503569,0.37991073
0.24152835,0.00122317,-0.04436117,-0.10764470,-0.66399213,-0.12681505,-0.08176668,0.33678616,-1.44710414,0.16036336,0.73891008,-1.62971113,-0.20309198,0.96432064,-1.53870518,0.23376023,0.34530197,-1.40622661,0.38580412,0.01985858,0.00186179,0.28772150,0.21747109,0.18729702,-0.27086269,0.31581802,-0.16582986,-0.28470029,-0.07767613,0.20990897,-0.27453298,-0.25076350,-0.20058765,-0.27654277,0.32434582,-0.03031557,-0.00028114,-0.00347429,-0.08053655,0.99674556,0.56906648,0.11963658,0.01685882,0.60944279,-0.24469907,0.00302122,0.28137840,0.18934133,0.01318852,0.04463082,-0.18804082,0.01117873,-0.06337762,1.91029758,-0.40711363,-0.21229312,-2.61831589,0.89032651,-0.42790598,2.06898856,-0.45328538,0.45083041,0.86544852,-0.38605727
0.29130189,0.02051554,-0.05397707,-0.11871071,-0.72593458,-0.16648593,-0.08221356,0.35670525,-1.45110886,0.15847489,0.71032063,-1.61811440,-0.20790356,0.98573146,-1.54290166,0.23604648,0.35916849,-1.41639483,0.38580412,0.01985858,0.00186179,0.28724563,0.22621113,0.18697160,-0.27067575,0.31232265,-0.16608779,-0.28406348,-0.07890177,0.21045706,-0.27442125,-0.25449297,-0.20153424,-0.27587201,0.32711491,-0.03058535,-0.00057118,-0.00699441,-0.08131737,0.99666355,0.58064236,0.11724457,0.01656987,0.60838403,-0.24510405,0.00318215,0.28337178,0.18987825,0.01282437,0.04331906,-0.18820084,0.01137362,-0.04462283,2.07656393,-0.41755733,-0.19192396,-2.99339285,1.23010271,-0.50417591,2.22814970,-0.43058094,0.21806619,1.49132454,-1.11758401
0.29544597,0.03194825,-0.05328351,-0.10416135,-0.63017687,-0.18423231,-0.08249568,0.37662656,-1.45542047,0.15733138,0.68011833,-1.60442421,-0.21281803,1.00643063,-1.54606171,0.23651743,0.37819661,-1.43232944,0.38580412,0.01985858,0.00186179,0.28674994,0.23514935,0.18686832,-0.27047110,0.30876233,-0.16628670,-0.28343862,-0.08116391,0.21037805,-0.27409478,-0.25825335,-0.20250172,-0.27522960,0.33021951,-0.03077157,-0.00085647,-0.01037069,-0.08226569,0.99655611,0.59282884,0.11500678,0.01627884,0.60753409,-0.24543891,0.00331132,0.28465261,0.19006811,0.01265517,0.04225534,-0.18818305,0.01152034,-0.02560477,1.88942595,-0.41386585,-0.10018341,-2.88063602,1.31602490,-0.46577682,1.95464067,-0.28821396,0.03090364,1.85307186,-1.56033139
0.35606638,0.04336957,-0.05872635,-0.10006990,-0.59734793,-0.23040788,-0.08276695,0.39614239,-1.46048141,0.15702710,0.64852405,-1.58954334,-0.21731222,1.02551782,-1.54757321,0.23596378,0.40128389,-1.45158958,0.38580412,0.01985858,0.00186179,0.28627351,0.24420185,0.18698999,-0.27020042,0.30515156,-0.16646050,-0.28284052,-0.08451092,0.20995653,-0.27367037,-0.26203922,-0.20337946,-0.27468121,0.33363070,-0.03093269,-0.00111544,-0.01333521,-0.08334770,0.99643067,0.60550375,0.11288957,0.01607309,0.60688771,-0.24577491,0.00343299,0.28517427,0.19014606,0.01260314,0.04144535,-0.18795334,0.01159230,-0.02878345,2.02525759,-0.53979456,-0.01957640,-3.31093359,1.56414497,-0.45980138,1.96100760,-0.13062358,-0.07015094,2.45917201,-2.04467773
0.37183758,0.04548331,-0.05297196,-0.07493491,-0.44177463,-0.23503459,-0.08314446,0.41476059,-1.46674678,0.15721014,0.61561885,-1.57439425,-0.22086807,1.04185302,-1.54643714,0.23492623,0.42557049,-1.47060506,0.38580412,0.01985858,0.00186179,0.28586651,0.25328064,0.18720287,-0.26988232,0.30148789,-0.16662953,-0.28232069,-0.08862222,0.20941732,-0.27329677,-0.26589495,-0.20407296,-0.27429815,0.33731638,-0.03110955,-0.00131778,-0.01553588,-0.08449454,0.99630195,0.61850555,0.11076591,0.01598419,0.60643713,-0.24613135,0.00354582,0.28522682,0.19024128,0.01256974,0.04085205,-0.18748985,0.01156836,-0.03851238,1.89505970,-0.63969290,0.01891454,-3.35277648,1.54264627,-0.36127764,1.65988860,0.11953248,-0.10592639,2.47197614,-1.93374159
0.37216153,0.04640548,-0.04425068,-0.04310065,-0.25094674,-0.22487129,-0.08356041,0.43242601,-1.47420437,0.15763616,0.58173029,-1.55955236,-0.22399547,1.05508692,-1.54222748,0.23370568,0.44829856,-1.48714430,0.38580412,0.01985858,0.00186179,0.28553554,0.26230589,0.18743257,-0.26954900,0.29776198,-0.16677822,-0.28192273,-0.09293765,0.20887652,-0.27302355,-0.26984741,-0.20475283,-0.27403703,0.34117155,-0.03129534,-0.00145409,-0.01691109,-0.08564601,0.99618104,0.63162048,0.10861450,0.01598654,0.60609708,-0.24645025,0.00361281,0.28525024,0.19037923,0.01251199,0.04033542,-0.18698404,0.01149851,-0.04056717,1.70957496,-0.73487163,0.04409477,-3.30221753,1.43917994,-0.30553863,1.25870905,0.43731728,-0.11999682,2.19127145,-1.58450010
0.41056705,0.05371977,-0.04109873,-0.01370157,-0.07935708,-0.23381232,-0.08402450,0.44907742,-1.48294158,0.15845514,0.54685993,-1.54523938,-0.22750080,1.06468744,-1.53447747,0.23228893,0.46856306,-1.50072522,0.38580412,0.01985858,0.00186179,0.28527334,0.27124369,0.18771018,-0.26919765,0.29396017,-0.16690860,-0.28166867,-0.09729188,0.20833668,-0.27283368,-0.27389174,-0.20566167,-0.27380194,0.34514577,-0.03147204,-0.00151358,-0.01737548,-0.08676774,0.99607588,0.64476044,0.10651091,0.01607569,0.60581867,-0.24669449,0.00360467,0.28534217,0.19054915,0.01243966,0.03981898,-0.18667824,0.01147140,-0.04915483,1.72524071,-0.92204207,0.08948296,-3.64153814,1.48558903,-0.37078297,0.96623894,0.83898300,-0.14966651,2.08716304,-1.38826954
0.38075257,0.05098898,-0.03214569,0.01910569,0.10752808,-0.19447336,-0.08463256,0.46470455,-1.49303107,0.15972054,0.51082518,-1.53144748,-0.23112335,1.07078648,-1.52383361,0.23059784,0.48612503,-1.51142287,0.38580412,0.01985858,0.00186179,0.28506607,0.28011414,0.18804275,-0.26884172,0.29007903,-0.16704809,-0.28154750,-0.10163672,0.20777457,-0.27269979,-0.27797752,-0.20672157,-0.27352794,0.34919327,-0.03164601,-0.00148913,-0.01689334,-0.08780050,0.99599371,0.65788508,0.10449133,0.01622436,0.60557392,-0.24686653,0.00351857,0.28547373,0.19070532,0.01236629,0.03933731,-0.18654791,0.01153813,-0.05941048,1.47375193,-0.97021130,0.12408470,-3.43166971,1.30466785,-0.34131578,0.54840711,1.03242468,-0.16331821,1.64142096,-0.98910730
0.42169747,0.05430240,-0.03015899,0.05531069,0.30946284,-0.16925185,-0.08549561,0.47941852,-1.50438893,0.16132036,0.47334972,-1.51780653,-0.23360993,1.07430220,-1.51198089,0.22860146,0.50101912,-1.51936066,0.38580412,0.01985858,0.00186179,0.28489780,0.28897460,0.18839797,-0.26852418,0.28610986,-0.16723110,-0.28153636,-0.10595402,0.20718261,-0.27262118,-0.28203176,-0.20755313,-0.27319741,0.35327359,-0.03184452,-0.00138086,-0.01551450,-0.08864311,0.99594166,0.67097868,0.10255634,0.01637363,0.60535146,-0.24697666,0.00336144,0.28557549,0.19079387,0.01227663,0.03901921,-0.18632561,0.01170039,-0.09412038,1.51970971,-1.20140612,0.17105041,-3.92618394,1.42054248,-0.23695453,0.33196804,1.24554336,-0.21250358,1.51217723,-0.78618520
0.41318563,0.04987980,-0.02594936,0.08123757,0.45097202,-0.09389814,-0.08687213,0.49333873,-1.51681108,0.16307900,0.43399699,-1.50341945,-0.23448796,1.07591894,-1.50032744,0.22636246,0.51313640,-1.52424791,0.38580412,0.01985858,0.00186179,0.28475124,0.29788136,0.18872612,-0.26833680,0.28202606,-0.16753344,-0.28161148,-0.11023239,0.20659148,-0.27263380,-0.28596634,-0.20798865,-0.27271203,0.35735820,-0.03208342,-0.00118829,-0.01328135,-0.08911040,0.99593249,0.68401203,0.10076283,0.01641443,0.60516273,-0.24702309,0.00313976,0.28555241,0.19079580,0.01211743,0.03901049,-0.18600147,0.01203921,-0.14101433,1.41707227,-1.26595886,0.17907834,-4.01037636,1.46720004,-0.08866025,0.16278955,1.18647683,-0.22816988,1.23125571,-0.49440861
0.39364034,0.04569482,-0.02213013,0.09775001,0.54121615,-0.00315170,-0.08886551,0.50673304,-1.52966104,0.16476593,0.39297152,-1.48742886,-0.23493144,1.07620213,-1.48900347,0.22405127,0.52314073,-1.52669384,0.38580412,0.01985858,0.00186179,0.28460886,0.30685179,0.18899424,-0.26834641,0.27785412,-0.16799678,-0.28172905,-0.11445070,0.20603525,-0.27273649,-0.28975445,-0.20832804,-0.27201093,0.36143141,-0.03234012,-0.00094005,-0.01049940,-0.08916339,0.99596123,0.69697399,0.09914378,0.01626246,0.60502645,-0.24701962,0.00287982,0.28539798,0.19074821,0.01187237,0.03928009,-0.18588733,0.01259793,-0.19873579,1.29852197,-1.25009415,0.16264891,-4.00163326,1.57144666,-0.04257585,0.01866619,1.09851563,-0.22483866,0.95762213,-0.22048354
0.42004492,0.04717635,-0.02041048,0.11728325,0.65078795,0.07451771,-0.09140297,0.51969279,-1.54244008,0.16630231,0.35031409,-1.46902919,-0.23506919,1.07574608,-1.47828221,0.22173905,0.53144757,-1.52720418,0.38580412,0.01985858,0.00186179,0.28447171,0.31590916,0.18919811,-0.26859346,0.27362425,-0.16860557,-0.28188457,-0.11858152,0.20552100,-0.27290814,-0.29341055,-0.20858680,-0.27111225,0.36548477,-0.03260728,-0.00065678,-0.00736071,-0.08883762,0.99601871,0.70989108,0.09769550,0.01587825,0.60495044,-0.24697673,0.00258714,0.28514767,0.19065581,0.01156357,0.03979056,-0.18597444,0.01335947,-0.26825087,1.34647479,-1.32848310,0.15894099,-4.45791149,1.94161224,-0.00879057,-0.04960596,1.10788047,-0.24066827,0.85246259,-0.03880858
0.38096149,0.03997517,-0.01379310,0.11176337,0.62368593,0.11204066,-0.09424324,0.53230938,-1.55478773,0.16786493,0.30600159,-1.44743023,-0.23427487,1.07557094,-1.46905766,0.21949200,0.53860527,-1.52642055,0.38580412,0.01985858,0.00186179,0.28435605,0.32509924,0.18940375,-0.26906927,0.26937445,-0.16929495,-0.28207787,-0.12262389,0.20505065,-0.27311275,-0.29695971,-0.20855593,-0.27005696,0.36951379,-0.03289602,-0.00035885,-0.00404686,-0.08826884,0.99608840,0.72285366,0.09638754,0.01528678,0.60492005,-0.24692235,0.00227818,0.28485892,0.19052273,0.01124329,0.04050705,-0.18598164,0.01429909,-0.27141082,1.19456882,-1.16696787,0.14958366,-4.22117958,2.08231239,0.08616626,-0.01043644,0.85816219,-0.21235203,0.67068039,0.08417765
0.41714880,0.04013958,-0.00544946,0.12247818,0.68865651,0.13767765,-0.09717210,0.54467672,-1.56654429,0.16978876,0.25987244,-1.42187071,-0.23257060,1.07622862,-1.46180868,0.21740220,0.54510021,-1.52478015,0.38580412,0.01985858,0.00186179,0.28429931,0.33449744,0.18971660,-0.26973104,0.26514104,-0.17000675,-0.28229294,-0.12659805,0.20463992,-0.27333221,-0.30038961,-0.20821836,-0.26883994,0.37352617,-0.03321181,-0.00006178,-0.00070236,-0.08761739,0.99615395,0.73600496,0.09520178,0.01456828,0.60491981,-0.24689160,0.00200637,0.28459398,0.19038521,0.01096711,0.04140184,-0.18579699,0.01545937,-0.30574760,1.28489721,-1.21548772,0.20710191,-4.83294201,2.72412586,0.18955579,0.08188187,0.72507554,-0.21499580,0.66830212,0.18242000
0.41018243,0.03853120,0.01161021,0.11663751,0.66068669,0.12677024,-0.10007938,0.55685943,-1.57760077,0.17248854,0.21152018,-1.39134398,-0.23062944,1.07722814,-1.45628822,0.21551184,0.55119973,-1.52233050,0.38580412,0.01985858,0.00186179,0.28439111,0.34421510,0.19025376,-0.27050330,0.26094809,-0.17071274,-0.28250990,-0.13053309,0.20430000,-0.27358785,-0.30354711,-0.20777279,-0.26748122,0.37755846,-0.03353724,0.00022507,0.00257967,-0.08699632,0.99620527,0.74954059,0.09417265,0.01388781,0.60496638,-0.24689699,0.00188120,0.28441327,0.19029607,0.01080326,0.04259210,-0.18555012,0.01690989,-0.29594864,1.24069648,-1.12533438,0.27612746,-4.92705374,3.11457562,0.19776837,0.10097291,0.56073533,-0.19239137,0.62100817,0.25031168
0.39223183,0.03583651,0.02348348,0.10778393,0.61490153,0.10128644,-0.10279742,0.56894501,-1.58804474,0.17612947,0.16171099,-1.35705681,-0.22848442,1.07731254,-1.45206249,0.21368794,0.55717760,-1.51935375,0.38580412,0.01985858,0.00186179,0.28457928,0.35414682,0.19103565,-0.27122948,0.25678199,-0.17136600,-0.28274513,-0.13447087,0.20398997,-0.27388205,-0.30613155,-0.20726812,-0.26617176,0.38159795,-0.03386984,0.00050183,0.00578477,-0.08646471,0.99623799,0.76336179,0.09329523,0.01334980,0.60501659,-0.24691303,0.00183415,0.28428213,0.19023718,0.01069723,0.04433480,-0.18529695,0.01840751,-0.26143765,1.17431884,-1.01018751,0.36287084,-4.84872351,3.35735869,0.21334490,-0.00476042,0.39788086,-0.17766804,0.58139366,0.29190183
0.42080153,0.03964243,0.03559801,0.11187052,0.64151558,0.06904554,-0.10509913,0.58093048,-1.59777136,0.18099901,0.11184656,-1.32042320,-0.22540703,1.07539437,-1.44978054,0.21173489,0.56327430,-1.51619825,0.38580412,0.01985858,0.00186179,0.28484278,0.36400757,0.19212118,-0.27178253,0.25263264,-0.17190675,-0.28304482,-0.13844017,0.20364562,-0.27420180,-0.30768760,-0.20652365,-0.26512271,0.38564726,-0.03419104,0.00076974,0.00890665,-0.08611252,0.99624531,0.77722237,0.09261979,0.01306025,0.60503503,-0.24689786,0.00179796,0.28420441,0.19018936,0.01064098,0.04708543,-0.18485478,0.01972007,-0.23531224,1.24740303,-1.00604292,0.51950290,-5.18611708,3.82905884,0.33278427,-0.22208094,0.21663903,-0.20561589,0.63723024,0.32867786
0.38408611,0.03933306,0.04106770,0.09832340,0.56518584,0.01483033,-0.10697805,0.59277812,-1.60661821,0.18718145,0.06399340,-1.28320096,-0.22062938,1.07068303,-1.44997938,0.20948538,0.56967517,-1.51311169,0.38580412,0.01985858,0.00186179,0.28517228,0.37334106,0.19353254,-0.27215039,0.24849861,-0.17233853,-0.28343033,-0.14245838,0.20321264,-0.27454526,-0.30786892,-0.20533750,-0.26453240,0.38971267,-0.03448146,0.00102979,0.01192826,-0.08600691,0.99622260,0.79069887,0.09220107,0.01302189,0.60499751,-0.24685981,0.00174196,0.28419051,0.19014009,0.01062703,0.05120662,-0.18401545,0.02063988,-0.17493296,1.12303793,-0.83093513,0.59849753,-4.51532469,3.53204842,0.47147892,-0.47507882,-0.04268620,-0.21660867,0.61074067,0.29183626
0.42232463,0.04749736,0.05367706,0.10314939,0.59259170,-0.02726230,-0.10868807,0.60449404,-1.61448562,0.19419973,0.01999698,-1.24665093,-0.21397543,1.06299746,-1.45265961,0.20696299,0.57642764,-1.51009643,0.38580412,0.01985858,0.00186179,0.28555894,0.38171217,0.19517005,-0.27251586,0.24437819,-0.17273584,-0.28387715,-0.14652556,0.20269640,-0.27491648,-0.30661408,-0.20365451,-0.26446484,0.39379589,-0.03473547,0.00128130,0.01482340,-0.08610728,0.99617476,0.80333640,0.09204033,0.01304308,0.60490902,-0.24684304,0.00168179,0.28422508,0.19009736,0.01064245,0.05678373,-0.18275626,0.02109410,-0.17678830,1.21855736,-0.80470735,0.74093783,-4.51951551,3.79368639,0.72060895,-0.84458286,-0.31557676,-0.26643276,0.70861721,0.31331182
0.41323265,0.04981794,0.05895077,0.09546250,0.54733989,-0.04248503,-0.11048252,0.61614624,-1.62126198,0.20116035,-0.01859037,-1.21123075,-0.20642284,1.05270491,-1.45825796,0.20433635,0.58346512,-1.50694742,0.38580412,0.01985858,0.00186179,0.28599411,0.38871738,0.19685381,-0.27322501,0.24026591,-0.17317128,-0.28434490,-0.15062331,0.20214809,-0.27532471,-0.30392227,-0.20170591,-0.26469673,0.39789425,-0.03495489,0.00152007,0.01754229,-0.08631114,0.99611262,0.81467799,0.09210388,0.01276909,0.60479303,-0.24687208,0.00164920,0.28428620,0.19008831,0.01066940,0.06380725,-0.18137859,0.02129738,-0.18294105,1.18686094,-0.68902171,0.70818493,-3.92399573,3.60639610,0.76865751,-1.05011199,-0.57381127,-0.26749421,0.71689085,0.32114053
0.39391328,0.05030541,0.06094321,0.08512675,0.48680343,-0.03915015,-0.11240540,0.62787222,-1.62716327,0.20749856,-0.05262995,-1.17678156,-0.19948032,1.04124827,-1.46646352,0.20173864,0.59055367,-1.50349116,0.38580412,0.01985858,0.00186179,0.28645564,0.39457045,0.19845797,-0.27436815,0.23613975,-0.17365504,-0.28480831,-0.15470224,0.20160875,-0.27577506,-0.30028390,-0.19987449,-0.26482467,0.40199643,-0.03514959,0.00174484,0.02008839,-0.08651096,0.99604682,0.82487418,0.09230949,0.01208749,0.60466061,-0.24691664,0.00164733,0.28436973,0.19011210,0.01068058,0.07174913,-0.18025973,0.02163097,-0.18792301,1.14114385,-0.56687000,0.61043379,-3.27603326,3.34047480,0.66683887,-1.11923020,-0.81605711,-0.25225952,0.68893133,0.33843716
0.41990107,0.05680541,0.06852301,0.08443111,0.48183559,-0.02668800,-0.11446397,0.63972118,-1.63214588,0.21315278,-0.08266833,-1.14369082,-0.19352001,1.02896183,-1.47642832,0.19914788,0.59766595,-1.49988077,0.38580412,0.01985858,0.00186179,0.28693055,0.39945679,0.19995484,-0.27582489,0.23198728,-0.17419061,-0.28526748,-0.15872388,0.20106635,-0.27625291,-0.29596007,-0.19826993,-0.26480454,0.40608794,-0.03531577,0.00195250,0.02244409,-0.08664287,0.99598467,0.83407197,0.09265820,0.01110566,0.60451159,-0.24694876,0.00166307,0.28446800,0.19013830,0.01067764,0.08033689,-0.17950169,0.02212601,-0.21579599,1.23515127,-0.51018296,0.58340317,-3.09569483,3.43177891,0.61259527,-1.28903978,-1.04720888,-0.27016959,0.74170673,0.37567613
0.37853423,0.05498505,0.06429290,0.06981974,0.39815197,0.00652048,-0.11672664,0.65159137,-1.63604732,0.21823630,-0.10906397,-1.11283488,-0.18833668,1.01490238,-1.48661218,0.19647173,0.60503883,-1.49655130,0.38580412,0.01985858,0.00186179,0.28741012,0.40355509,0.20134083,-0.27737033,0.22782733,-0.17479974,-0.28572682,-0.16268816,0.20048251,-0.27672158,-0.29096495,-0.19687751,-0.26487668,0.41014850,-0.03544289,0.00213845,0.02458676,-0.08662284,0.99593544,0.84240456,0.09320214,0.01003978,0.60437614,-0.24695143,0.00168329,0.28451593,0.19011671,0.01068854,0.08956249,-0.17912993,0.02253344,-0.21699283,1.12622554,-0.35963091,0.47755479,-2.47201796,2.90404634,0.48577907,-1.35591829,-0.96291077,-0.25513764,0.70330751,0.31175548
0.40855493,0.06424441,0.07216700,0.06774241,0.38714457,0.06668872,-0.11931458,0.66338223,-1.63875592,0.22268882,-0.13164505,-1.08540523,-0.18363000,0.99764216,-1.49592304,0.19366001,0.61291343,-1.49373269,0.38580412,0.01985858,0.00186179,0.28789288,0.40691762,0.20257234,-0.27884983,0.22368067,-0.17551749,-0.28617868,-0.16662574,0.19983776,-0.27716808,-0.28507699,-0.19565035,-0.26529641,0.41415723,-0.03552269,0.00229740,0.02649959,-0.08634125,0.99591048,0.84986587,0.09399750,0.00904305,0.60429431,-0.24691644,0.00171420,0.28440927,0.19000942,0.01072480,0.09966259,-0.17919270,0.02259646,-0.27490780,1.22678280,-0.26413798,0.45381483,-2.29402065,2.80156708,0.48430634,-1.85075390,-0.95401698,-0.29497221,0.82843000,0.28568506
0.39031350,0.06492652,0.07239568,0.05723731,0.32882156,0.13494787,-0.12237815,0.67511595,-1.64011168,0.22599635,-0.14895744,-1.06334519,-0.17908661,0.97616855,-1.50437827,0.19083440,0.62131023,-1.49131639,0.38580412,0.01985858,0.00186179,0.28838595,0.40929780,0.20351765,-0.28027273,0.21954265,-0.17638984,-0.28660161,-0.17053007,0.19916780,-0.27760139,-0.27796147,-0.19449392,-0.26615081,0.41807685,-0.03555525,0.00242049,0.02813624,-0.08568166,0.99592226,0.85612123,0.09506345,0.00811322,0.60426593,-0.24685120,0.00178435,0.28407063,0.18981256,0.01078456,0.11098016,-0.17971517,0.02223515,-0.31255367,1.19512348,-0.13658734,0.33512974,-1.75621979,2.23965769,0.46274281,-2.19126801,-0.86109635,-0.28757998,0.85571867,0.24577380
0.35953351,0.06039991,0.07160808,0.04501494,0.26113662,0.18766805,-0.12579732,0.68688828,-1.64036245,0.22792911,-0.16073640,-1.04691677,-0.17459064,0.95185405,-1.51297932,0.18819621,0.63011615,-1.48920138,0.38580412,0.01985858,0.00186179,0.28889968,0.41063238,0.20413554,-0.28175295,0.21539801,-0.17737969,-0.28698926,-0.17438546,0.19853533,-0.27800672,-0.26983987,-0.19333172,-0.26717362,0.42187596,-0.03557329,0.00251109,0.02951724,-0.08473595,0.99596297,0.86109217,0.09625763,0.00714674,0.60421224,-0.24679198,0.00191043,0.28353670,0.18956848,0.01089296,0.12325380,-0.18054058,0.02172607,-0.33443967,1.14527249,-0.01618664,0.17593553,-1.09765182,1.54874125,0.43594440,-2.38070693,-0.84152819,-0.25448651,0.86016554,0.20222068
0.36526323,0.05749256,0.08116145,0.03857479,0.22654381,0.24392598,-0.12940479,0.69879282,-1.63964970,0.22832544,-0.16631135,-1.03699260,-0.17034152,0.92582067,-1.52245424,0.18579202,0.63950742,-1.48759935,0.38580412,0.01985858,0.00186179,0.28945669,0.41080045,0.20438916,-0.28331926,0.21123273,-0.17843907,-0.28733982,-0.17821130,0.19794951,-0.27835161,-0.26091180,-0.19218543,-0.26810459,0.42548617,-0.03561626,0.00257101,0.03064049,-0.08358219,0.99602639,0.86460454,0.09745142,0.00613743,0.60402652,-0.24676339,0.00211687,0.28275701,0.18926518,0.01110508,0.13619409,-0.18163097,0.02135210,-0.37667116,1.24169884,0.08202791,0.02723262,-0.52276065,0.97096256,0.43921915,-2.72242408,-0.99720356,-0.24856701,0.98440049,0.16129910
0.32613545,0.04889415,0.07594897,0.02702481,0.16113528,0.25422896,-0.13306947,0.71091869,-1.63816369,0.22712815,-0.16527175,-1.03467121,-0.16655330,0.89901499,-1.53318431,0.18352962,0.64958843,-1.48655207,0.38580412,0.01985858,0.00186179,0.29003823,0.40976869,0.20423894,-0.28488759,0.20703034,-0.17952856,-0.28764710,-0.18204140,0.19738387,-0.27864051,-0.25141269,-0.19109597,-0.26873456,0.42900251,-0.03567906,0.00260320,0.03152383,-0.08226142,0.99610869,0.86672463,0.09857174,0.00515064,0.60377704,-0.24673812,0.00239113,0.28180750,0.18889407,0.01139772,0.14964714,-0.18294273,0.02130367,-0.34803770,1.15314393,0.14751024,-0.12852558,0.16076314,0.14597209,0.35470443,-2.54831719,-1.03074312,-0.21387513,0.96316044,0.09474456
0.36902247,0.05766383,0.08027776,0.02153982,0.13090199,0.31184777,-0.13674876,0.72327375,-1.63604367,0.22424291,-0.15785183,-1.04066384,-0.16329081,0.87204063,-1.54510760,0.18130651,0.66028786,-1.48579824,0.38580412,0.01985858,0.00186179,0.29058537,0.40765897,0.20361291,-0.28630243,0.20278893,-0.18063334,-0.28790300,-0.18590512,0.19681612,-0.27891782,-0.24156934,-0.19007871,-0.26896495,0.43261190,-0.03571558,0.00261068,0.03219194,-0.08078970,0.99620775,0.86775286,0.09954858,0.00428294,0.60364456,-0.24666482,0.00268237,0.28085002,0.18848440,0.01166755,0.16357100,-0.18438521,0.02162042,-0.38341430,1.29027653,0.22988020,-0.32613611,0.86591202,-0.74964756,0.33199227,-2.81060481,-1.25890958,-0.23129767,1.12329423,0.07539988
0.37648612,0.06368767,0.07118769,0.01443255,0.08924957,0.32947127,-0.14042388,0.73575649,-1.63322043,0.21931722,-0.14473963,-1.05538592,-0.16054624,0.84493406,-1.55749226,0.17920464,0.67161336,-1.48524256,0.38580412,0.01985858,0.00186179,0.29104216,0.40471548,0.20235328,-0.28735766,0.19852548,-0.18175228,-0.28810728,-0.18981387,0.19626744,-0.27917915,-0.23155113,-0.18913172,-0.26880536,0.43639605,-0.03568871,0.00259391,0.03264065,-0.07917832,0.99632256,0.86799201,0.10020241,0.00368449,0.60372305,-0.24651550,0.00293487,0.27996390,0.18809510,0.01186300,0.17787917,-0.18587444,0.02223679,-0.37426582,1.27142200,0.28839377,-0.50379003,1.34026022,-1.50768485,0.27905504,-2.76136789,-1.26072557,-0.21376542,1.15425720,0.05620055
0.37411050,0.06737133,0.05855322,0.00769060,0.04846561,0.32858737,-0.14403240,0.74827492,-1.62977052,0.21302537,-0.12829385,-1.07574773,-0.15816605,0.81736481,-1.56918330,0.17734569,0.68350329,-1.48501892,0.38580412,0.01985858,0.00186179,0.29139764,0.40135429,0.20064762,-0.28804060,0.19425003,-0.18286313,-0.28828097,-0.19374743,0.19577398,-0.27937775,-0.22148304,-0.18825619,-0.26844765,0.44032517,-0.03560719,0.00255952,0.03291096,-0.07749620,0.99644601,0.86787554,0.10057436,0.00335703,0.60396698,-0.24630450,0.00311666,0.27917606,0.18776801,0.01201989,0.19239903,-0.18735621,0.02294999,-0.34975061,1.21758084,0.34018357,-0.61816474,1.62011285,-2.01307940,0.22855774,-2.68549328,-1.12747552,-0.17869869,1.16063752,0.01846949
0.41363170,0.07530589,0.05338573,0.00215352,0.01364111,0.34882494,-0.14745581,0.76089400,-1.62573912,0.20630003,-0.10947889,-1.09935381,-0.15617306,0.78912977,-1.57966566,0.17569510,0.69600772,-1.48521361,0.38580412,0.01985858,0.00186179,0.29165429,0.39766175,0.19879107,-0.28842851,0.18994857,-0.18393194,-0.28843080,-0.19770285,0.19532362,-0.27950818,-0.21138624,-0.18747231,-0.26796022,0.44437541,-0.03549802,0.00251057,0.03299766,-0.07582259,0.99657202,0.86753508,0.10084216,0.00322578,0.60431028,-0.24605029,0.00322349,0.27849897,0.18748795,0.01214611,0.20705951,-0.18883155,0.02369407,-0.35436597,1.31581714,0.42488870,-0.69990152,1.97742343,-2.47636728,0.20381136,-2.94729605,-1.08046234,-0.17064399,1.30833826,-0.02408623
0.38572614,0.06806076,0.04098027,-0.00400916,-0.02673323,0.29655528,-0.15060513,0.77366508,-1.62117460,0.19991909,-0.08920423,-1.12375133,-0.15462174,0.76027790,-1.58888364,0.17412988,0.70922195,-1.48583503,0.38580412,0.01985858,0.00186179,0.29182515,0.39371456,0.19704239,-0.28865093,0.18562055,-0.18493248,-0.28855336,-0.20169556,0.19488022,-0.27959461,-0.20126778,-0.18679717,-0.26734756,0.44851333,-0.03539256,0.00244958,0.03288040,-0.07425238,0.99669427,0.86707849,0.10113610,0.00317422,0.60468249,-0.24578790,0.00327179,0.27792062,0.18722264,0.01223054,0.22178865,-0.19030486,0.02447760,-0.29619402,1.21349895,0.43799447,-0.60052675,1.93423262,-2.31479578,0.14302449,-2.74347057,-0.86327231,-0.14817314,1.26112323,-0.06293125
0.42846086,0.07132365,0.03659840,-0.01179927,-0.07965606,0.28803792,-0.15350148,0.78653854,-1.61615896,0.19415133,-0.06840380,-1.14719462,-0.15349823,0.73101431,-1.59668350,0.17263296,0.72326100,-1.48687589,0.38580412,0.01985858,0.00186179,0.29191846,0.38966172,0.19549637,-0.28879058,0.18130591,-0.18586774,-0.28862435,-0.20574494,0.19443840,-0.27964909,-0.19119129,-0.18623071,-0.26664162,0.45269234,-0.03531119,0.00237756,0.03253242,-0.07284960,0.99680937,0.86663677,0.10145541,0.00312788,0.60504867,-0.24556389,0.00329411,0.27740274,0.18697427,0.01226936,0.23645664,-0.19176601,0.02527684,-0.29816851,1.34219968,0.52878261,-0.59129483,2.17122483,-2.42258596,0.11082365,-3.05351591,-0.79038733,-0.15474856,1.47508824,-0.11461972
0.41742220,0.06445210,0.02686904,-0.01922794,-0.13236181,0.24718823,-0.15621207,0.79940523,-1.61089878,0.18909495,-0.04756162,-1.16871395,-0.15266229,0.70172774,-1.60226917,0.17140123,0.73826883,-1.48837812,0.38580412,0.01985858,0.00186179,0.29192094,0.38561045,0.19418636,-0.28886503,0.17710458,-0.18675202,-0.28857438,-0.20984309,0.19404937,-0.27965485,-0.18134971,-0.18574326,-0.26597119,0.45684831,-0.03527154,0.00229135,0.03188438,-0.07163969,0.99691820,0.86626215,0.10178347,0.00305590,0.60543061,-0.24542779,0.00334656,0.27690729,0.18678816,0.01226608,0.25080367,-0.19317619,0.02594975,-0.27591090,1.31038225,0.53565503,-0.51425808,2.12286267,-2.18951969,0.08513960,-2.98245273,-0.56588915,-0.12500352,1.52958694,-0.15357203
0.39145445,0.05490475,0.01552275,-0.02641177,-0.18487990,0.20945636,-0.15877991,0.81217903,-1.60583863,0.18456438,-0.02667453,-1.18855491,-0.15178057,0.67280339,-1.60556006,0.17050070,0.75399454,-1.49032419,0.38580412,0.01985858,0.00186179,0.29183779,0.38157276,0.19305797,-0.28889149,0.17310500,-0.18758363,-0.28835776,-0.21392055,0.19373639,-0.27960929,-0.17184463,-0.18526503,-0.26546415,0.46092509,-0.03527597,0.00219068,0.03095259,-0.07055876,0.99702487,0.86588383,0.10211972,0.00294629,0.60588680,-0.24536896,0.00348003,0.27642115,0.18665664,0.01222850,0.26470170,-0.19449309,0.02637364,-0.24819747,1.24102232,0.48796535,-0.43701728,2.03122220,-1.91631517,0.08703197,-2.80861363,-0.30152997,-0.08510848,1.53365331,-0.19301971
0.40808726,0.05135200,0.00541239,-0.03607919,-0.25606472,0.19854887,-0.16111055,0.82486606,-1.60149281,0.18045398,-0.00576111,-1.20682669,-0.15078157,0.64418433,-1.60655348,0.16988482,0.77026331,-1.49276350,0.38580412,0.01985858,0.00186179,0.29166411,0.37756220,0.19207658,-0.28887225,0.16938733,-0.18832366,-0.28792690,-0.21791331,0.19348387,-0.27951736,-0.16263540,-0.18478126,-0.26515471,0.46488115,-0.03532742,0.00207607,0.02974033,-0.06959954,0.99712943,0.86546605,0.10243457,0.00279185,0.60646349,-0.24535673,0.00373721,0.27596026,0.18655343,0.01214674,0.27815244,-0.19572310,0.02650940,-0.24001373,1.32106981,0.44379827,-0.42459515,2.17823014,-1.88961911,0.10454244,-2.98000565,-0.08324384,-0.06188862,1.69883060,-0.25864243
0.35930512,0.03998684,-0.00565372,-0.03924536,-0.28187370,0.14721042,-0.16304585,0.83754547,-1.59843371,0.17680050,0.01507700,-1.22362065,-0.14990565,0.61538298,-1.60526516,0.16948539,0.78699372,-1.49571817,0.38580412,0.01985858,0.00186179,0.29139898,0.37360439,0.19124372,-0.28879177,0.16601064,-0.18891428,-0.28724396,-0.22180261,0.19327068,-0.27938157,-0.15356073,-0.18435776,-0.26500396,0.46869404,-0.03542446,0.00195085,0.02827076,-0.06881008,0.99722722,0.86502478,0.10269266,0.00260722,0.60718419,-0.24534972,0.00415502,0.27553902,0.18647887,0.01201741,0.29126732,-0.19694363,0.02639503,-0.17941594,1.20363188,0.27639734,-0.34211593,1.97666574,-1.58057446,0.08076351,-2.73730659,0.14350349,-0.03616351,1.59207888,-0.28523407
0.38039560,0.03731578,-0.01687263,-0.04930541,-0.35739442,0.11139746,-0.16449285,0.85021710,-1.59723246,0.17370300,0.03578139,-1.23905206,-0.14948624,0.58587950,-1.60165894,0.16915245,0.80419594,-1.49917972,0.38580412,0.01985858,0.00186179,0.29105362,0.36970873,0.19057945,-0.28863502,0.16305556,-0.18931647,-0.28626917,-0.22560898,0.19305250,-0.27921391,-0.14446301,-0.18408287,-0.26494762,0.47236656,-0.03555997,0.00181858,0.02657577,-0.06824614,0.99731283,0.86459012,0.10288043,0.00241860,0.60811307,-0.24532348,0.00478445,0.27515866,0.18642590,0.01183972,0.30417402,-0.19824782,0.02610601,-0.14329329,1.31963181,0.09538233,-0.31404755,2.15458059,-1.58759940,0.03569946,-3.08543420,0.41028854,-0.03441796,1.79900217,-0.36804375
0.36402740,0.03219605,-0.02159808,-0.05299757,-0.38661837,0.06341315,-0.16561800,0.86234330,-1.59875429,0.17123945,0.05624704,-1.25299876,-0.14977958,0.55533273,-1.59536934,0.16868563,0.82185717,-1.50318422,0.38580412,0.01985858,0.00186179,0.29066487,0.36588848,0.19010250,-0.28840465,0.16082525,-0.18955782,-0.28489688,-0.22932398,0.19276729,-0.27903123,-0.13526573,-0.18402463,-0.26494598,0.47593577,-0.03572905,0.00168027,0.02466762,-0.06793658,0.99738323,0.86422274,0.10300294,0.00226022,0.60957144,-0.24534401,0.00576799,0.27486925,0.18635421,0.01163364,0.31696557,-0.19971185,0.02571889,-0.11460598,1.23345649,-0.15848212,-0.25025209,2.08407245,-1.41884875,-0.03070235,-3.11240206,0.64379375,-0.04765987,1.79928401,-0.40852094
0.34700618,0.02776686,-0.02084376,-0.05418393,-0.39655770,0.02261554,-0.16676269,0.87298108,-1.60293081,0.16926386,0.07639785,-1.26574934,-0.15070657,0.52395153,-1.58664989,0.16816947,0.83987904,-1.50769453,0.38580412,0.01985858,0.00186179,0.29028963,0.36214337,0.18976741,-0.28812577,0.15955017,-0.18974022,-0.28316338,-0.23296495,0.19244372,-0.27880245,-0.12601549,-0.18416178,-0.26498433,0.47949935,-0.03592539,0.00153802,0.02262309,-0.06780986,0.99744055,0.86399415,0.10308268,0.00216386,0.61190162,-0.24551367,0.00712625,0.27472368,0.18627763,0.01148719,0.32971847,-0.20133747,0.02530531,-0.11173089,1.01716816,-0.42757193,-0.18849522,1.95623736,-1.23113990,-0.09534135,-3.05677557,0.86742642,-0.04985780,1.75531108,-0.44272742
0.36939211,0.02742302,-0.02619957,-0.06026794,-0.44126914,-0.01346623,-0.16786793,0.88110492,-1.60980227,0.16771993,0.09620074,-1.27753696,-0.15232390,0.49190890,-1.57547631,0.16767007,0.85830957,-1.51272485,0.38580412,0.01985858,0.00186179,0.28989539,0.35847071,0.18955192,-0.28780054,0.15950493,-0.18985229,-0.28113259,-0.23657024,0.19210020,-0.27849071,-0.11677191,-0.18451043,-0.26504938,0.48303775,-0.03614174,0.00139432,0.02049554,-0.06786136,0.99748325,0.86387803,0.10311294,0.00209485,0.61535970,-0.24584776,0.00876279,0.27466504,0.18622907,0.01140468,0.34235203,-0.20313667,0.02484601,-0.11364407,0.81945056,-0.73963996,-0.15719681,2.05985646,-1.22056599,-0.17502754,-3.34281607,1.18548863,-0.05215890,1.92358336,-0.52848756
0.33398895,0.02380078,-0.02946591,-0.05606900,-0.40952035,-0.05082359,-0.16869645,0.88568871,-1.61906235,0.16657320,0.11575026,-1.28864946,-0.15468909,0.45942034,-1.56201987,0.16712955,0.87710818,-1.51823914,0.38580412,0.01985858,0.00186179,0.28946047,0.35484203,0.18944174,-0.28742800,0.16090342,-0.18984142,-0.27892278,-0.24015356,0.19172084,-0.27809132,-0.10758108,-0.18508263,-0.26510499,0.48654743,-0.03636901,0.00125125,0.01832601,-0.06811118,0.99750863,0.86384663,0.10308118,0.00203248,0.62015251,-0.24631985,0.01053770,0.27468323,0.18621619,0.01136915,0.35480678,-0.20511044,0.02435548,-0.07530413,0.39850441,-0.89899501,-0.10522041,1.85357947,-1.04940605,-0.23149376,-3.08670931,1.29732692,-0.05185749,1.78718591,-0.52769220
0.36355699,0.02487309,-0.04032537,-0.06268388,-0.45522180,-0.09648752,-0.16917476,0.88544959,-1.62945950,0.16580462,0.13517316,-1.29932237,-0.15779790,0.42682233,-1.54663038,0.16662993,0.89619726,-1.52421272,0.38580412,0.01985858,0.00186179,0.28896928,0.35123096,0.18942927,-0.28699890,0.16388723,-0.18972178,-0.27673510,-0.24369983,0.19133005,-0.27759176,-0.09849675,-0.18587103,-0.26511262,0.49002750,-0.03660637,0.00110839,0.01612901,-0.06854976,0.99751670,0.86386962,0.10299558,0.00197038,0.62642114,-0.24696357,0.01223418,0.27479155,0.18626194,0.01137751,0.36703049,-0.20725625,0.02385666,-0.04466809,-0.10190158,-1.09377503,-0.07450394,2.02174664,-1.10597908,-0.33481416,-3.39578080,1.63035083,-0.05083345,1.99253106,-0.62902266
0.35199785,0.02061543,-0.04828853,-0.06280829,-0.45275362,-0.10838399,-0.16940595,0.87800834,-1.63817987,0.16534979,0.15440311,-1.30961268,-0.16161303,0.39481625,-1.52964823,0.16639989,0.91559799,-1.53060083,0.38580412,0.01985858,0.00186179,0.28840004,0.34766954,0.18949356,-0.28648688,0.16867751,-0.18959418,-0.27494341,-0.24720699,0.19099272,-0.27696483,-0.08966443,-0.18686494,-0.26504920,0.49346457,-0.03687955,0.00096188,0.01389070,-0.06908339,0.99751371,0.86393664,0.10287870,0.00191316,0.63439619,-0.24791588,0.01345663,0.27494599,0.18636726,0.01143520,0.37889684,-0.20960027,0.02335084,-0.02341072,-0.76708789,-0.88367325,-0.04614691,1.95823600,-1.04769469,-0.38905340,-3.25840936,1.73090556,-0.02293587,1.97627678,-0.65083102
0.33238220,0.01284272,-0.05451302,-0.06143524,-0.43942916,-0.08855886,-0.16952912,0.86375134,-1.64330196,0.16500547,0.17334570,-1.31963532,-0.16567637,0.36412333,-1.51187007,0.16657613,0.93515015,-1.53702073,0.38580412,0.01985858,0.00186179,0.28776454,0.34419231,0.18957481,-0.28589756,0.17486175,-0.18953402,-0.27371904,-0.25069920,0.19075577,-0.27624730,-0.08122289,-0.18793683,-0.26496700,0.49685805,-0.03721516,0.00080975,0.01161588,-0.06955028,0.99751049,0.86402791,0.10276073,0.00186699,0.64372565,-0.24918140,0.01404550,0.27505633,0.18648520,0.01151724,0.39034047,-0.21206200,0.02279754,-0.01101792,-1.43767591,-0.46572288,-0.03309176,1.83920567,-0.97287897,-0.39480627,-2.96960130,1.73191030,0.02101511,1.90095997,-0.62219499
0.35358699,0.00601379,-0.06491478,-0.06630610,-0.47166223,-0.06549157,-0.16944044,0.84354858,-1.64460137,0.16470327,0.19200304,-1.32949998,-0.16957234,0.33561854,-1.49393303,0.16721973,0.95461812,-1.54305112,0.38580412,0.01985858,0.00186179,0.28708101,0.34079180,0.18965162,-0.28524350,0.18216353,-0.18950753,-0.27302778,-0.25419729,0.19064474,-0.27547746,-0.07338476,-0.18897927,-0.26493298,0.50021746,-0.03762349,0.00065377,0.00933402,-0.06987836,0.99751164,0.86412225,0.10266225,0.00183751,0.65418047,-0.25067759,0.01405323,0.27508278,0.18659974,0.01160355,0.40120172,-0.21452564,0.02214803,0.01221523,-2.15095568,-0.10410249,-0.03117658,1.94118311,-1.02659464,-0.40270385,-2.94531121,1.86653423,0.07095672,2.02607651,-0.62299368
0.32100478,-0.00034573,-0.06281436,-0.06001501,-0.42546157,-0.03362303,-0.16881230,0.81911101,-1.64305513,0.16442302,0.21044065,-1.33924816,-0.17301055,0.31031003,-1.47667243,0.16821295,0.97384150,-1.54844797,0.38580412,0.01985858,0.00186179,0.28637285,0.33743629,0.18971961,-0.28455090,0.19025428,-0.18938957,-0.27269181,-0.25771513,0.19063077,-0.27469504,-0.06638723,-0.18991837,-0.26499777,0.50355776,-0.03809324,0.00049681,0.00707324,-0.07006886,0.99751696,0.86420269,0.10259085,0.00182194,0.66546773,-0.25221999,0.01368104,0.27502291,0.18669332,0.01167781,0.41127246,-0.21686594,0.02137508,0.06603971,-2.35175786,0.16855234,-0.02647775,1.74808643,-0.92404423,-0.32132534,-2.36879163,1.62868137,0.09688400,1.82190695,-0.50595737
0.35119829,-0.00489830,-0.07105843,-0.06581635,-0.46583477,-0.01267386,-0.16727357,0.79240656,-1.63994980,0.16412224,0.22874147,-1.34882009,-0.17587113,0.28912097,-1.46105444,0.16941360,0.99288625,-1.55323124,0.38580412,0.01985858,0.00186179,0.28565845,0.33410287,0.18977137,-0.28384156,0.19878690,-0.18903768,-0.27250232,-0.26126476,0.19067168,-0.27392000,-0.06041386,-0.19072150,-0.26517626,0.50688471,-0.03860534,0.00033898,0.00482054,-0.07014583,0.99752504,0.86425771,0.10254153,0.00181689,0.67725994,-0.25360246,0.01315613,0.27487515,0.18675332,0.01173845,0.42037435,-0.21899515,0.02048219,0.17512588,-2.80807900,0.34193692,-0.03183633,1.90462911,-0.99413091,-0.28914958,-2.14269757,1.59874547,0.12770481,1.98173511,-0.48948821
0.34054093,-0.00770592,-0.07000097,-0.06660301,-0.47132391,0.01083959,-0.16459089,0.76531416,-1.63619769,0.16374103,0.24706393,-1.35806146,-0.17808180,0.27350819,-1.44865370,0.17076637,1.01209753,-1.55760388,0.38580412,0.01985858,0.00186179,0.28495420,0.33077739,0.18979679,-0.28311412,0.20740843,-0.18835654,-0.27225973,-0.26486323,0.19074028,-0.27315220,-0.05571488,-0.19136003,-0.26543767,0.51018193,-0.03914710,0.00017511,0.00249146,-0.07009499,0.99753719,0.86425113,0.10252686,0.00184007,0.68921140,-0.25465788,0.01269446,0.27459561,0.18675879,0.01180200,0.42825369,-0.22083522,0.01951653,0.27428815,-2.75845327,0.38243927,-0.03895958,1.86644025,-0.94076258,-0.22436793,-1.58311691,1.25803541,0.13799535,1.95726881,-0.44523211
0.31875807,-0.01008937,-0.06550206,-0.06836403,-0.48468283,0.03750158,-0.16121357,0.73905379,-1.63223684,0.16324060,0.26563163,-1.36691699,-0.17963508,0.26337686,-1.44028993,0.17233112,1.03176515,-1.56189961,0.38580412,0.01985858,0.00186179,0.28427710,0.32743607,0.18979286,-0.28236274,0.21587036,-0.18746340,-0.27184312,-0.26849084,0.19084339,-0.27237737,-0.05216167,-0.19181275,-0.26570944,0.51342098,-0.03970610,-0.00000005,-0.00000232,-0.06991421,0.99755301,0.86412953,0.10255851,0.00191436,0.70103243,-0.25544781,0.01243398,0.27417493,0.18672240,0.01189972,0.43501400,-0.22236785,0.01856766,0.33185408,-2.54434347,0.38668513,-0.04997104,1.80805869,-0.85755187,-0.14463415,-0.93884225,0.77605845,0.15482952,1.91634102,-0.41745106
0.32934168,-0.01344789,-0.06587404,-0.07977773,-0.56775095,0.07144738,-0.15751458,0.71383262,-1.62797964,0.16252545,0.28460459,-1.37533956,-0.18027505,0.25923655,-1.43679705,0.17427853,1.05197728,-1.56612613,0.38580412,0.01985858,0.00186179,0.28365561,0.32406197,0.18973640,-0.28158883,0.22413291,-0.18646614,-0.27120296,-0.27213538,0.19102309,-0.27159775,-0.04980531,-0.19200090,-0.26599284,0.51654985,-0.04027326,-0.00018996,-0.00272593,-0.06958529,0.99757226,0.86381532,0.10263494,0.00206678,0.71262440,-0.25605082,0.01245266,0.27357035,0.18668148,0.01205787,0.44057066,-0.22350012,0.01766277,0.38675812,-2.61867771,0.44722852,-0.07699057,1.98049383,-0.87343448,-0.05720518,-0.37569104,0.31799376,0.20677558,2.11045742,-0.43910441
0.27973099,-0.01430292,-0.05110874,-0.07919850,-0.56709848,0.09735637,-0.15372303,0.68929250,-1.62303441,0.16148315,0.30408813,-1.38334126,-0.17974476,0.26138232,-1.43828378,0.17655481,1.07283614,-1.57017395,0.38580412,0.01985858,0.00186179,0.28313850,0.32063996,0.18959551,-0.28080034,0.23226474,-0.18543966,-0.27036103,-0.27582951,0.19126116,-0.27083993,-0.04870784,-0.19186225,-0.26638150,0.51947798,-0.04083130,-0.00039524,-0.00570955,-0.06908962,0.99759404,0.86319276,0.10275349,0.00233816,0.72396218,-0.25651856,0.01277747,0.27264744,0.18662733,0.01229856,0.44478670,-0.22414740,0.01675699,0.36022043,-2.32463531,0.47755541,-0.10228248,1.85418301,-0.75564784,0.06193415,0.26226922,-0.18613040,0.21831514,1.98622952,-0.38217339
0.30508530,-0.01755759,-0.04672644,-0.09363590,-0.67660042,0.14790749,-0.14989698,0.66478014,-1.61675560,0.16006599,0.32415012,-1.39094651,-0.17794627,0.26959559,-1.44399405,0.17893247,1.09444749,-1.57392550,0.38580412,0.01985858,0.00186179,0.28272837,0.31714611,0.18935476,-0.28001270,0.24037477,-0.18441559,-0.26940410,-0.27962832,0.19149298,-0.27013391,-0.04886691,-0.19138995,-0.26701939,0.52235936,-0.04139667,-0.00061339,-0.00894542,-0.06840707,0.99761720,0.86238380,0.10289561,0.00271568,0.73531170,-0.25689710,0.01332428,0.27148692,0.18647300,0.01259446,0.44782527,-0.22432495,0.01570898,0.39902514,-2.55562353,0.67654246,-0.15326962,2.09859371,-0.78637892,0.20630284,0.94427162,-0.65386289,0.24832039,2.26263690,-0.38589534
0.31727847,-0.01752345,-0.04182381,-0.09559439,-0.69903282,0.19403704,-0.14597666,0.63947004,-1.60811577,0.15820596,0.34478587,-1.39808798,-0.17532640,0.28386081,-1.45341196,0.18162865,1.11658278,-1.57705388,0.38580412,0.01985858,0.00186179,0.28239496,0.31355498,0.18898871,-0.27926188,0.24857686,-0.18339060,-0.26845873,-0.28354050,0.19177403,-0.26947118,-0.05032624,-0.19071324,-0.26793067,0.52542896,-0.04198756,-0.00083800,-0.01240006,-0.06745799,0.99764470,0.86157126,0.10307041,0.00313307,0.74705527,-0.25717201,0.01393623,0.27028584,0.18621078,0.01292378,0.44988719,-0.22418995,0.01446429,0.39944481,-2.57929883,0.88320569,-0.18997506,2.10219655,-0.72685211,0.26644948,1.45921769,-0.96349711,0.27552064,2.25450854,-0.31761194
0.32823479,-0.01490556,-0.04165523,-0.09149031,-0.68052164,0.24555903,-0.14197587,0.61306921,-1.59706635,0.15595958,0.36564804,-1.40488157,-0.17329510,0.30282498,-1.46632504,0.18504412,1.13855176,-1.57930956,0.38580412,0.01985858,0.00186179,0.28207569,0.30989986,0.18850502,-0.27857312,0.25688938,-0.18237129,-0.26761005,-0.28750345,0.19222556,-0.26879752,-0.05279242,-0.19017445,-0.26872596,0.52874552,-0.04258761,-0.00105625,-0.01592622,-0.06621931,0.99767742,0.86084057,0.10330597,0.00350257,0.75927835,-0.25731081,0.01446564,0.26916955,0.18594951,0.01327817,0.45128185,-0.22411652,0.01334973,0.38890938,-2.57576804,1.09284517,-0.22122761,2.02845435,-0.65862336,0.18698077,1.88007846,-1.28855104,0.33839023,2.13141646,-0.21035870
0.37812599,-0.01241998,-0.05040728,-0.09265667,-0.70351586,0.31976114,-0.13808776,0.58558626,-1.58393798,0.15342291,0.38642057,-1.41157930,-0.17266204,0.32610253,-1.48344684,0.18905896,1.15966182,-1.58015242,0.38580412,0.01985858,0.00186179,0.28173537,0.30620237,0.18791791,-0.27795874,0.26526896,-0.18140005,-0.26685366,-0.29152515,0.19283344,-0.26813926,-0.05619304,-0.18994868,-0.26904709,0.53232349,-0.04317824,-0.00125368,-0.01934498,-0.06470462,0.99771615,0.86023286,0.10361578,0.00377663,0.77194038,-0.25732153,0.01488171,0.26814712,0.18569398,0.01359612,0.45206695,-0.22427779,0.01268828,0.40274781,-2.87182012,1.38295579,-0.26603899,2.16165614,-0.69847995,0.05257316,2.46009736,-1.82153273,0.42120329,2.18775558,-0.07177889
0.36619864,-0.00768260,-0.05057755,-0.07297160,-0.56791584,0.31872420,-0.13455677,0.55717182,-1.56962833,0.15083510,0.40682369,-1.41858876,-0.17318911,0.35223200,-1.50366364,0.19298652,1.17904558,-1.57877955,0.38580412,0.01985858,0.00186179,0.28137710,0.30244908,0.18728196,-0.27743153,0.27364476,-0.18052232,-0.26613360,-0.29565602,0.19345156,-0.26760133,-0.06033095,-0.18996861,-0.26888113,0.53613926,-0.04374883,-0.00141475,-0.02240260,-0.06303429,0.99775889,0.85975302,0.10398106,0.00394558,0.78488972,-0.25727392,0.01524350,0.26717969,0.18537282,0.01377577,0.45238054,-0.22461445,0.01249597,0.33109131,-2.70482440,1.36524138,-0.24502895,1.93209300,-0.66967841,-0.05842120,2.49859576,-1.93930902,0.36901380,1.82040834,0.15373859
0.42038833,-0.00488285,-0.05626216,-0.05952374,-0.47649246,0.33542867,-0.13146128,0.52788228,-1.55519331,0.14850360,0.42659581,-1.42634082,-0.17413847,0.37855732,-1.52395272,0.19620951,1.19571018,-1.57459843,0.38580412,0.01985858,0.00186179,0.28103453,0.29860525,0.18667407,-0.27701240,0.28195808,-0.17973437,-0.26541189,-0.29989484,0.19396030,-0.26724771,-0.06484116,-0.19007702,-0.26850651,0.54013683,-0.04429627,-0.00152684,-0.02480845,-0.06140988,0.99780310,0.85937954,0.10435229,0.00402213,0.79792692,-0.25724949,0.01562264,0.26628982,0.18497503,0.01378682,0.45247670,-0.22498758,0.01252802,0.31596234,-3.06402874,1.50166440,-0.23789330,2.04922247,-0.82013005,-0.10229088,2.73426986,-2.10171938,0.32345390,1.69162440,0.47896799
0.42101845,-0.00202702,-0.05120516,-0.03299455,-0.26958702,0.26409138,-0.12868181,0.49734905,-1.54144669,0.14672259,0.44529005,-1.43535688,-0.17497803,0.40236118,-1.54103482,0.19866984,1.20818174,-1.56738312,0.38580412,0.01985858,0.00186179,0.28074828,0.29464140,0.18616017,-0.27674734,0.29017900,-0.17896929,-0.26472689,-0.30410499,0.19438743,-0.26699834,-0.06943132,-0.19019015,-0.26821470,0.54425791,-0.04481508,-0.00157545,-0.02615467,-0.06010862,0.99784789,0.85911558,0.10462993,0.00400094,0.81085496,-0.25732359,0.01602139,0.26568637,0.18467178,0.01374994,0.45249805,-0.22529535,0.01253357,0.28299837,-3.11170220,1.39914081,-0.18069809,1.90250566,-0.91993142,-0.08524904,2.42038331,-1.73471496,0.25005937,1.26507274,0.73753194
0.40748423,0.00116864,-0.04393795,-0.00452323,-0.03684918,0.15710561,-0.12592829,0.46535122,-1.52837739,0.14546819,0.46280036,-1.44559414,-0.17564081,0.42302560,-1.55420334,0.20074328,1.21692240,-1.55841653,0.38580412,0.01985858,0.00186179,0.28051531,0.29058723,0.18574425,-0.27663864,0.29835062,-0.17815464,-0.26415053,-0.30818530,0.19481751,-0.26664223,-0.07400275,-0.19030941,-0.26809276,0.54843563,-0.04530408,-0.00156986,-0.02643442,-0.05926048,0.99789125,0.85896404,0.10474249,0.00387667,0.82360397,-0.25751756,0.01636478,0.26547386,0.18461912,0.01387308,0.45242913,-0.22551737,0.01242254,0.26840866,-3.12404046,1.26647751,-0.11784484,1.69257081,-1.00477737,-0.06344914,1.98308282,-1.24848292,0.19879043,0.82382561,0.88080765
0.44070914,0.00538522,-0.04311240,0.02077324,0.17557086,0.06156764,-0.12306945,0.43165218,-1.51566007,0.14474518,0.47914925,-1.45701449,-0.17622595,0.44045196,-1.56347528,0.20241041,1.22290952,-1.54856975,0.38580412,0.01985858,0.00186179,0.28031749,0.28645106,0.18543193,-0.27667196,0.30651225,-0.17725583,-0.26373025,-0.31222960,0.19521610,-0.26601893,-0.07852767,-0.19046610,-0.26812264,0.55265514,-0.04575603,-0.00151589,-0.02567308,-0.05892294,0.99793120,0.85893743,0.10467791,0.00364552,0.83617816,-0.25785055,0.01658724,0.26556806,0.18484678,0.01429856,0.45225908,-0.22565756,0.01219485,0.29893219,-3.52604752,1.32361042,-0.07040910,1.69354298,-1.20003521,-0.06081648,1.78672366,-0.93233284,0.16938559,0.60523448,1.03046000
0.40560029,0.01036150,-0.03660882,0.03901378,0.32915642,-0.03152705,-0.12013910,0.39623397,-1.50275428,0.14457269,0.49465240,-1.46959379,-0.17686321,0.45487226,-1.56926088,0.20348413,1.22758133,-1.53843482,0.38580412,0.01985858,0.00186179,0.28013657,0.28221650,0.18523404,-0.27678985,0.31468273,-0.17629152,-0.26348137,-0.31644721,0.19549499,-0.26502924,-0.08297795,-0.19069129,-0.26826150,0.55692053,-0.04615859,-0.00142069,-0.02401128,-0.05904946,0.99796523,0.85901187,0.10450203,0.00334673,0.84861799,-0.25832954,0.01665521,0.26573551,0.18528991,0.01510733,0.45203395,-0.22573397,0.01187508,0.27838681,-3.37707262,1.22877233,-0.01126449,1.46502283,-1.20454667,-0.06143116,1.34206767,-0.51865612,0.09561285,0.43640635,0.96285245
0.44968684,0.01995730,-0.03560366,0.06029425,0.50560040,-0.10203968,-0.11729933,0.35923463,-1.48895276,0.14483888,0.50969434,-1.48319447,-0.17766735,0.46682695,-1.57219958,0.20366634,1.23198211,-1.52848136,0.38580412,0.01985858,0.00186179,0.27997851,0.27787402,0.18512543,-0.27693842,0.32286544,-0.17532195,-0.26340370,-0.32091881,0.19554697,-0.26368387,-0.08735162,-0.19100801,-0.26846986,0.56123368,-0.04649304,-0.00129148,-0.02166154,-0.05950098,0.99799236,0.85913564,0.10430423,0.00304010,0.86098035,-0.25893555,0.01657481,0.26582298,0.18579991,0.01629464,0.45180549,-0.22576891,0.01150866,0.29374659,-3.87699509,1.45380187,0.03358535,1.56133616,-1.43115211,-0.08662976,1.21096516,-0.26637316,0.00445172,0.45725700,1.03241205
0.44162057,0.02886553,-0.02242430,0.06928620,0.57546745,-0.12904367,-0.11471962,0.32056078,-1.47312791,0.14524560,0.52439823,-1.49735732,-0.17869222,0.47685282,-1.57286482,0.20240424,1.23564560,-1.51928763,0.38580412,0.01985858,0.00186179,0.27991972,0.27345512,0.18503288,-0.27712118,0.33109894,-0.17441377,-0.26351664,-0.32528399,0.19524156,-0.26219411,-0.09165628,-0.19142153,-0.26871638,0.56557732,-0.04673395,-0.00113403,-0.01882412,-0.06013572,0.99801205,0.85927178,0.10412504,0.00279854,0.87333795,-0.25964252,0.01640308,0.26609046,0.18615350,0.01772561,0.45159924,-0.22576487,0.01120334,0.26243825,-3.94095955,1.61499307,0.04127423,1.49723151,-1.44242570,-0.10457519,1.01962783,-0.06589359,-0.13029476,0.37091836,0.93501669
0.42164048,0.03495139,-0.00186774,0.07160195,0.58782322,-0.13370514,-0.11237536,0.28039570,-1.45474074,0.14550815,0.53882356,-1.51133242,-0.17983598,0.48581880,-1.57220464,0.19997301,1.23749125,-1.51127138,0.38580412,0.01985858,0.00186179,0.28002646,0.26901839,0.18489415,-0.27736250,0.33945127,-0.17357271,-0.26378225,-0.32900075,0.19467500,-0.26084379,-0.09590171,-0.19189149,-0.26898979,0.56992486,-0.04690719,-0.00096206,-0.01579149,-0.06082463,0.99802308,0.85940560,0.10394917,0.00266396,0.88578528,-0.26041794,0.01624421,0.26700025,0.18628057,0.01918267,0.45142978,-0.22573223,0.01103667,0.22601708,-3.91701012,1.81076329,0.02377853,1.40053232,-1.35477583,-0.11164198,0.86514504,0.07307331,-0.24263933,0.16216835,0.76737601
0.45037332,0.04116213,0.01417935,0.07886704,0.64037885,-0.13568943,-0.11032030,0.23877845,-1.43338935,0.14553784,0.55302596,-1.52471514,-0.18098815,0.49404870,-1.57048001,0.19701794,1.23736844,-1.50495503,0.38580412,0.01985858,0.00186179,0.28026249,0.26457684,0.18469574,-0.27767625,0.34796466,-0.17281847,-0.26416664,-0.33185108,0.19400840,-0.25964186,-0.10008638,-0.19238617,-0.26931717,0.57426081,-0.04704680,-0.00078213,-0.01270108,-0.06148384,0.99802696,0.85950746,0.10377684,0.00258624,0.89838165,-0.26126937,0.01609586,0.26873266,0.18622760,0.02062063,0.45131682,-0.22569310,0.01094533,0.21088904,-4.34727621,2.25117493,0.00086278,1.47766757,-1.38756323,-0.11952891,0.85176672,0.18849074,-0.30932871,-0.02789795,0.64051149
0.40886308,0.03862305,0.02599892,0.07266369,0.58433469,-0.09962169,-0.10873225,0.19609847,-1.40924609,0.14531019,0.56700282,-1.53733058,-0.18202810,0.50174945,-1.56781511,0.19404439,1.23587961,-1.50084193,0.38580412,0.01985858,0.00186179,0.28060901,0.26013777,0.18443644,-0.27807013,0.35658004,-0.17219781,-0.26461586,-0.33387377,0.19334706,-0.25846347,-0.10423417,-0.19287295,-0.26972456,0.57858148,-0.04717597,-0.00059674,-0.00960478,-0.06202443,0.99802824,0.85955369,0.10363212,0.00253888,0.91109692,-0.26219899,0.01599315,0.27121620,0.18602215,0.02214555,0.45126866,-0.22565898,0.01088445,0.14562346,-4.05842009,2.31555748,-0.02404145,1.32421355,-1.18989849,-0.09726029,0.72657300,0.26127729,-0.28133715,-0.15168687,0.36822889
0.44792232,0.04209189,0.04205524,0.08126012,0.64892646,-0.06853165,-0.10784770,0.15316406,-1.38309371,0.14483805,0.58066875,-1.54922330,-0.18284735,0.50902098,-1.56424642,0.19117768,1.23304212,-1.49943328,0.38580412,0.01985858,0.00186179,0.28105471,0.25571538,0.18411946,-0.27854340,0.36512020,-0.17176842,-0.26507988,-0.33498199,0.19271732,-0.25726232,-0.10838869,-0.19332279,-0.27022576,0.58289368,-0.04730885,-0.00040489,-0.00647773,-0.06238219,0.99803123,0.85954602,0.10353483,0.00251131,0.92378272,-0.26320655,0.01597483,0.27451693,0.18562177,0.02379239,0.45127530,-0.22562994,0.01082894,0.08075963,-4.47263718,2.75051570,-0.05270913,1.41853082,-1.22852623,-0.08166581,0.75126433,0.38519499,-0.29695219,-0.31699237,0.10462105
0.43864047,0.03930690,0.05294063,0.08256674,0.65685854,-0.02651512,-0.10797383,0.11136064,-1.35600946,0.14422289,0.59390154,-1.56053572,-0.18329090,0.51573139,-1.55957906,0.18792400,1.22706409,-1.50084376,0.38580412,0.01985858,0.00186179,0.28160138,0.25131609,0.18376985,-0.27908360,0.37323109,-0.17160748,-0.26557541,-0.33469590,0.19203849,-0.25630868,-0.11258786,-0.19369711,-0.27084039,0.58721121,-0.04746245,-0.00020269,-0.00323591,-0.06251525,0.99803874,0.85949493,0.10351011,0.00251779,0.93611067,-0.26430281,0.01602597,0.27909525,0.18484055,0.02529270,0.45133258,-0.22559609,0.01076099,-0.01395510,-4.25504222,2.75855188,-0.06264597,1.34723911,-1.15161605,-0.04469355,0.68274865,0.47661726,-0.33295270,-0.61445104,-0.14529626
0.42026314,0.03263241,0.06113775,0.08214288,0.65302094,0.00454076,-0.10884967,0.07187670,-1.32909009,0.14363188,0.60672295,-1.57134829,-0.18337711,0.52194008,-1.55405867,0.18329461,1.21669049,-1.50305862,0.38580412,0.01985858,0.00186179,0.28222359,0.24692990,0.18343327,-0.27967400,0.38064543,-0.17164869,-0.26621821,-0.33308709,0.19110199,-0.25602634,-0.11683310,-0.19399320,-0.27152988,0.59154119,-0.04766291,0.00000833,0.00013363,-0.06250073,0.99804491,0.85942650,0.10353101,0.00254959,0.94779837,-0.26545877,0.01600538,0.28489773,0.18350103,0.02619726,0.45141884,-0.22556474,0.01069372,-0.08934637,-3.81498771,2.61302385,-0.05692095,1.24327641,-1.04595027,-0.00569075,0.60047014,0.54182014,-0.46490406,-1.04698733,-0.21314025
0.45201208,0.02580265,0.07485380,0.08976848,0.71446390,0.02155098,-0.11009993,0.03560261,-1.30278020,0.14313856,0.61918070,-1.58134871,-0.18312660,0.52786390,-1.54806783,0.17689835,1.20182691,-1.50494432,0.38580412,0.01985858,0.00186179,0.28290656,0.24253052,0.18313878,-0.28033705,0.38716911,-0.17180507,-0.26714986,-0.33033372,0.18979815,-0.25656525,-0.12112345,-0.19420529,-0.27224866,0.59588185,-0.04794925,0.00022377,0.00358006,-0.06240185,0.99804466,0.85933552,0.10355333,0.00256951,0.95863539,-0.26664255,0.01575669,0.29176229,0.18151753,0.02634130,0.45151125,-0.22555476,0.01065789,-0.13174377,-3.74727244,2.73412151,-0.05016066,1.29498088,-1.03269812,0.02907328,0.61585754,0.62617358,-0.68084966,-1.58416617,-0.19285975
0.41326267,0.01266860,0.07498962,0.08156846,0.65052195,0.02679840,-0.11139844,0.00281199,-1.27723198,0.14290082,0.63140111,-1.59025831,-0.18253511,0.53375610,-1.54199135,0.16942315,1.18401313,-1.50717921,0.38580412,0.01985858,0.00186179,0.28363186,0.23808463,0.18293795,-0.28107001,0.39277187,-0.17200064,-0.26843682,-0.32668309,0.18823237,-0.25759586,-0.12545272,-0.19432135,-0.27296355,0.60022915,-0.04834785,0.00043848,0.00702954,-0.06226256,0.99803495,0.85920449,0.10358094,0.00256186,0.96857823,-0.26783113,0.01519504,0.29947380,0.17902735,0.02603600,0.45159761,-0.22557042,0.01066831,-0.12284621,-3.07995467,2.41742306,-0.01937544,1.15806248,-0.83492202,0.05934491,0.55964044,0.57643553,-0.71560112,-1.71055996,-0.22054017
0.45477683,0.00232061,0.08792074,0.08775607,0.70162535,0.03269598,-0.11264422,-0.02674900,-1.25252748,0.14313878,0.64342391,-1.59810197,-0.18160684,0.53974175,-1.53599250,0.16195503,1.16533160,-1.51124990,0.38580412,0.01985858,0.00186179,0.28438163,0.23361179,0.18289076,-0.28181387,0.39755531,-0.17220995,-0.27003408,-0.32238276,0.18660917,-0.25860028,-0.12980888,-0.19433726,-0.27366680,0.60458018,-0.04885425,0.00064882,0.01042621,-0.06210583,0.99801490,0.85906418,0.10366263,0.00256775,0.97771795,-0.26902394,0.01434755,0.30782019,0.17628378,0.02578135,0.45167913,-0.22559865,0.01071483,-0.12892205,-3.03263307,2.56049609,0.03264844,1.24938035,-0.80169731,0.10164826,0.62517822,0.62343478,-0.77382845,-1.95127714,-0.45685467
0.44511328,-0.00530329,0.09022626,0.08241379,0.66050496,0.02682615,-0.11385788,-0.05285854,-1.22912369,0.14376974,0.65528531,-1.60487936,-0.18036735,0.54594363,-1.53004870,0.15504400,1.14672210,-1.51754775,0.38580412,0.01985858,0.00186179,0.28514713,0.22914504,0.18297259,-0.28253450,0.40152492,-0.17243869,-0.27186066,-0.31757847,0.18504247,-0.25936778,-0.13419208,-0.19425986,-0.27437728,0.60893287,-0.04944872,0.00085006,0.01368980,-0.06197111,0.99798369,0.85895412,0.10376940,0.00261263,0.98603981,-0.27023758,0.01328647,0.31668676,0.17346161,0.02577935,0.45173872,-0.22561457,0.01076985,-0.12348997,-2.65500937,2.38163862,0.06422583,1.20818086,-0.68895812,0.12648139,0.63210258,0.60536464,-0.70347947,-1.89604619,-0.64251949
0.42435743,-0.00980422,0.08994590,0.07310517,0.58685926,0.00717960,-0.11489363,-0.07554763,-1.20745058,0.14433017,0.66726158,-1.61058385,-0.17898263,0.55253359,-1.52416945,0.14841639,1.12739704,-1.52439494,0.38580412,0.01985858,0.00186179,0.28592440,0.22463609,0.18305789,-0.28328318,0.40475457,-0.17264936,-0.27383455,-0.31235177,0.18350527,-0.26018484,-0.13860653,-0.19413610,-0.27510787,0.61328118,-0.05008912,0.00103912,0.01674661,-0.06192112,0.99794000,0.85882414,0.10379467,0.00264122,0.99358778,-0.27145069,0.01208985,0.32601061,0.17062208,0.02573956,0.45173836,-0.22560127,0.01081653,-0.09761217,-2.17530851,2.09023962,0.05310650,1.16641421,-0.54476261,0.13510982,0.64501863,0.57013632,-0.64280454,-1.88918912,-0.66488186
0.45142575,-0.01395809,0.09991949,0.07081161,0.56824607,-0.02591813,-0.11535453,-0.09413692,-1.18814197,0.14484269,0.67949449,-1.61499047,-0.17757700,0.55973468,-1.51859546,0.14203817,1.10667050,-1.53122549,0.38580412,0.01985858,0.00186179,0.28671254,0.22005460,0.18315902,-0.28406164,0.40713614,-0.17274797,-0.27598613,-0.30657745,0.18200658,-0.26120523,-0.14304400,-0.19399481,-0.27583373,0.61760271,-0.05076067,0.00121318,0.01951665,-0.06202556,0.99788299,0.85864514,0.10373788,0.00265090,1.00021262,-0.27259700,0.01072641,0.33592401,0.16781024,0.02550731,0.45163626,-0.22554827,0.01087881,-0.04066284,-1.89683385,1.98735588,0.05445890,1.27652576,-0.44674574,0.14612935,0.75635308,0.57645142,-0.66152135,-2.17266679,-0.71239465
0.40339155,-0.01520734,0.09430863,0.05722238,0.45746777,-0.07348977,-0.11481081,-0.10805619,-1.17197232,0.14564883,0.69192640,-1.61805649,-0.17624453,0.56757555,-1.51351700,0.13606827,1.08447211,-1.53855543,0.38580412,0.01985858,0.00186179,0.28751630,0.21542474,0.18337001,-0.28481419,0.40857393,-0.17262532,-0.27833842,-0.30011321,0.18058306,-0.26235884,-0.14746934,-0.19385676,-0.27652020,0.62184890,-0.05145248,0.00137365,0.02197050,-0.06238021,0.99780966,0.85843455,0.10365914,0.00270210,1.00574148,-0.27362054,0.00917787,0.34656365,0.16510285,0.02515746,0.45138344,-0.22543286,0.01099609,0.06216634,-1.27613235,1.50239003,0.08043229,1.18134358,-0.27881364,0.12550143,0.74967047,0.47719910,-0.56220888,-2.12002273,-0.70307387
0.42538486,-0.01752651,0.10892306,0.05591940,0.44269563,-0.15775851,-0.11316195,-0.11677574,-1.16027009,0.14685726,0.70450330,-1.61996162,-0.17505533,0.57576853,-1.50873840,0.13061339,1.06084859,-1.54703856,0.38580412,0.01985858,0.00186179,0.28835693,0.21076103,0.18371499,-0.28550999,0.40898882,-0.17224160,-0.28080268,-0.29286221,0.17925503,-0.26350410,-0.15183627,-0.19374538,-0.27716847,0.62594812,-0.05214101,0.00152652,0.02414439,-0.06308023,0.99771519,0.85816903,0.10356658,0.00284694,1.00998707,-0.27452154,0.00755425,0.35799438,0.16257143,0.02485283,0.45091946,-0.22522045,0.01118846,0.18798931,-0.82882863,1.14662945,0.13173744,1.31217384,-0.18209217,0.12150779,0.85722649,0.49459931,-0.56030226,-2.48196721,-0.90292090
0.39227678,-0.01534743,0.11373665,0.04968995,0.38792919,-0.22228483,-0.11064394,-0.11855571,-1.15633090,0.14827017,0.71726153,-1.62086589,-0.17403390,0.58401531,-1.50394049,0.12580029,1.03545496,-1.55708749,0.38580412,0.01985858,0.00186179,0.28927132,0.20605538,0.18413668,-0.28614852,0.40811105,-0.17162777,-0.28309328,-0.28466375,0.17804383,-0.26451384,-0.15610903,-0.19367129,-0.27780353,0.62980135,-0.05279065,0.00167641,0.02606081,-0.06416259,0.99759771,0.85774768,0.10343231,0.00312280,1.01256361,-0.27528509,0.00617804,0.37029121,0.16025286,0.02475748,0.45016844,-0.22486799,0.01146779,0.25709717,-0.17229244,0.38969252,0.14393644,1.29963355,-0.09111695,0.10390182,0.84009497,0.48863623,-0.48930081,-2.58846002,-1.02514560
0.37708550,-0.01450907,0.10493862,0.04259149,0.32609597,-0.25580627,-0.10764742,-0.11350620,-1.16134913,0.14969921,0.73014231,-1.62102835,-0.17311836,0.59245323,-1.49923782,0.12179966,1.00860152,-1.56827128,0.38580412,0.01985858,0.00186179,0.29014100,0.20133033,0.18457498,-0.28674094,0.40604431,-0.17085710,-0.28492824,-0.27572189,0.17700967,-0.26530823,-0.16033325,-0.19361858,-0.27842089,0.63367231,-0.05344967,0.00182241,0.02776359,-0.06546083,0.99746716,0.85739818,0.10323012,0.00340006,1.01390450,-0.27590777,0.00521276,0.38344886,0.15807623,0.02483276,0.44940997,-0.22445346,0.01172011,0.29511898,0.54561530,-0.56386789,0.13894861,1.25294032,-0.00996391,0.08805990,0.82348385,0.45515696,-0.38021195,-2.62022119,-1.09419630
0.41777114,-0.01760918,0.10285462,0.04035081,0.30267693,-0.29079850,-0.10411384,-0.10200190,-1.17544453,0.15112536,0.74310192,-1.62046294,-0.17234635,0.60135190,-1.49482992,0.11903467,0.98074510,-1.58005447,0.38580412,0.01985858,0.00186179,0.29090253,0.19660299,0.18502341,-0.28728273,0.40291391,-0.16990294,-0.28617171,-0.26627216,0.17627610,-0.26579813,-0.16455628,-0.19359509,-0.27899760,0.63766284,-0.05415420,0.00196035,0.02924244,-0.06684800,0.99733263,0.85719934,0.10297673,0.00361980,1.01429847,-0.27630783,0.00473082,0.39729723,0.15608020,0.02510440,0.44874248,-0.22405688,0.01190493,0.37358475,1.25080321,-1.54340260,0.14847554,1.35063818,0.06531476,0.07885284,0.93184853,0.45608577,-0.27538407,-2.90840101,-1.22957826
0.39468778,-0.01906352,0.08354395,0.03132119,0.23010052,-0.25687512,-0.10003407,-0.08565237,-1.19619038,0.15250159,0.75615653,-1.61919103,-0.17169999,0.61084805,-1.49082730,0.11753141,0.95216346,-1.59158401,0.38580412,0.01985858,0.00186179,0.29153923,0.19187587,0.18546811,-0.28777166,0.39901073,-0.16877623,-0.28691445,-0.25655266,0.17586246,-0.26602167,-0.16879452,-0.19359364,-0.27952847,0.64178834,-0.05491957,0.00208506,0.03048358,-0.06820259,0.99720349,0.85712912,0.10269742,0.00376756,1.01410451,-0.27644982,0.00462478,0.41156849,0.15423513,0.02551756,0.44820768,-0.22372898,0.01201076,0.39176950,1.58941684,-2.01826093,0.12986896,1.23999054,0.12717049,0.06052484,0.90712163,0.37569968,-0.13205453,-2.71915722,-1.08844709
0.44519190,-0.02375093,0.08162854,0.02695681,0.19407088,-0.24937347,-0.09590124,-0.06653763,-1.21961558,0.15375143,0.76928437,-1.61718607,-0.17102593,0.62110966,-1.48745310,0.11668726,0.92266351,-1.60189414,0.38580412,0.01985858,0.00186179,0.29206666,0.18716425,0.18588820,-0.28821155,0.39465961,-0.16763914,-0.28739616,-0.24667019,0.17561537,-0.26617405,-0.17304964,-0.19356430,-0.28001633,0.64601673,-0.05573652,0.00219013,0.03145815,-0.06941763,0.99708915,0.85713370,0.10242323,0.00385511,1.01363941,-0.27644597,0.00467051,0.42606105,0.15236548,0.02589262,0.44781454,-0.22345416,0.01205033,0.42867193,2.02447534,-2.46423483,0.12803823,1.36835861,0.21997093,0.07131882,1.08109415,0.34107265,-0.08102506,-3.08783340,-1.05229020
0.43963308,-0.02423654,0.07240043,0.01743987,0.12380685,-0.19527327,-0.09261599,-0.04636737,-1.24191508,0.15487128,0.78223079,-1.61420469,-0.17025602,0.63252826,-1.48509929,0.11591257,0.89182942,-1.61020560,0.38580412,0.01985858,0.00186179,0.29249951,0.18255471,0.18628910,-0.28859777,0.39013703,-0.16675873,-0.28781520,-0.23658822,0.17537140,-0.26643079,-0.17733084,-0.19347413,-0.28044440,0.65029340,-0.05658351,0.00226394,0.03207257,-0.07037549,0.99700226,0.85720678,0.10221417,0.00390174,1.01313665,-0.27649292,0.00468431,0.44068628,0.15028352,0.02606872,0.44754278,-0.22322879,0.01205510,0.33329079,2.05446124,-2.26806271,0.11402037,1.31805139,0.30487379,0.07841934,1.16451583,0.23839871,-0.07886547,-3.14196935,-0.84439777
0.41815538,-0.02344284,0.06225120,0.00616229,0.04337179,-0.12948125,-0.09026717,-0.02620557,-1.26177783,0.15598253,0.79469737,-1.61033092,-0.16949330,0.64508476,-1.48376839,0.11528847,0.85997975,-1.61698833,0.38580412,0.01985858,0.00186179,0.29286505,0.17814573,0.18669993,-0.28892106,0.38565701,-0.16616192,-0.28823078,-0.22629905,0.17515751,-0.26673402,-0.18162164,-0.19335605,-0.28080644,0.65455239,-0.05743693,0.00230424,0.03232653,-0.07106219,0.99694526,0.85737839,0.10210736,0.00394399,1.01274202,-0.27662019,0.00463427,0.45538549,0.14804776,0.02613102,0.44734153,-0.22307704,0.01205861,0.22211075,1.95868192,-1.91115935,0.10837813,1.20719075,0.38318038,0.07392317,1.22971535,0.12109876,-0.05706015,-3.10280328,-0.64906677
0.44329504,-0.02470275,0.05938101,-0.00463300,-0.03205408,-0.07730842,-0.08861678,-0.00622107,-1.27923694,0.15711863,0.80661821,-1.60576708,-0.16872818,0.65870609,-1.48344281,0.11535194,0.82748615,-1.62247527,0.38580412,0.01985858,0.00186179,0.29316505,0.17399487,0.18712567,-0.28915175,0.38127989,-0.16578049,-0.28863062,-0.21584904,0.17511923,-0.26695958,-0.18588568,-0.19320606,-0.28111359,0.65876303,-0.05828379,0.00230826,0.03220298,-0.07145800,0.99692096,0.85766785,0.10211292,0.00401330,1.01250066,-0.27674938,0.00453443,0.47009696,0.14583056,0.02620547,0.44722175,-0.22300281,0.01205146,0.16673467,2.08026509,-1.79849255,0.11835135,1.23764119,0.47993061,0.08009411,1.42765629,0.02541244,0.01551136,-3.38870416,-0.56010780
0.39982993,-0.02036085,0.04624158,-0.01408016,-0.09754330,-0.01255918,-0.08754646,0.01366223,-1.29460521,0.15816595,0.81849816,-1.60098870,-0.16793755,0.67321820,-1.48397090,0.11657052,0.79465526,-1.62651174,0.38580412,0.01985858,0.00186179,0.29339117,0.17001534,0.18752380,-0.28924359,0.37699534,-0.16557844,-0.28900492,-0.20534899,0.17538889,-0.26704141,-0.19009504,-0.19301944,-0.28138640,0.66292804,-0.05910444,0.00227664,0.03171918,-0.07155448,0.99692962,0.85798166,0.10221659,0.00414759,1.01241209,-0.27682583,0.00438626,0.48473195,0.14381334,0.02634976,0.44721568,-0.22299712,0.01200477,0.09621237,1.88656325,-1.44036677,0.09795407,1.13003144,0.45345625,0.07514420,1.38492119,-0.05734000,0.12744761,-3.11828370,-0.36849282
0.43730880,-0.01652943,0.03981205,-0.02520102,-0.17489480,0.04989743,-0.08714138,0.03353474,-1.30821753,0.15892091,0.83156610,-1.59658253,-0.16728425,0.68845391,-1.48515606,0.11896253,0.76149112,-1.62867880,0.38580412,0.01985858,0.00186179,0.29352620,0.16591156,0.18782206,-0.28913271,0.37277620,-0.16557424,-0.28933434,-0.19487497,0.17597743,-0.26701656,-0.19424493,-0.19284732,-0.28161548,0.66707720,-0.05987053,0.00221296,0.03091777,-0.07135884,0.99696896,0.85804744,0.10240744,0.00439349,1.01247193,-0.27684842,0.00419186,0.49925183,0.14206746,0.02650964,0.44734670,-0.22308723,0.01191072,0.03178790,2.07015538,-1.39306474,0.07347949,1.38436246,0.45125183,0.06512180,1.59723306,-0.13250113,0.26603043,-3.46000481,-0.19617377
0.42794547,-0.00763335,0.02654467,-0.03203442,-0.22348714,0.09638319,-0.08753143,0.05333178,-1.32022202,0.15917934,0.84782922,-1.59333658,-0.16702910,0.70423857,-1.48684828,0.12217439,0.72760231,-1.62828193,0.38580412,0.01985858,0.00186179,0.29353675,0.16120777,0.18793500,-0.28867052,0.36863936,-0.16580066,-0.28957313,-0.18440787,0.17679418,-0.26697766,-0.19830643,-0.19276823,-0.28177384,0.67123412,-0.06054159,0.00212011,0.02981665,-0.07089149,0.99703604,0.85741087,0.10269359,0.00486623,1.01270590,-0.27683274,0.00396363,0.51369589,0.14056572,0.02655910,0.44764808,-0.22331232,0.01176292,-0.04043629,2.01610782,-1.22116928,0.02578547,1.66118138,0.32831826,0.02545449,1.60807168,-0.17282299,0.32748463,-3.45282812,0.04352199
0.40396638,0.00155568,0.01324687,-0.03644763,-0.25640184,0.11547248,-0.08836311,0.07290706,-1.33117163,0.15907264,0.86763933,-1.59228520,-0.16716733,0.72029403,-1.48893015,0.12556443,0.69275587,-1.62553697,0.38580412,0.01985858,0.00186179,0.29344243,0.15593376,0.18787060,-0.28770222,0.36461090,-0.16615418,-0.28971049,-0.17387273,0.17766019,-0.26698593,-0.20225932,-0.19278353,-0.28185586,0.67535841,-0.06111675,0.00200997,0.02850487,-0.07030484,0.99711617,0.85611118,0.10301469,0.00574021,1.01304744,-0.27678882,0.00373194,0.52813496,0.13918335,0.02645650,0.44804902,-0.22361217,0.01158658,-0.08248687,1.90085261,-1.05790300,-0.01248568,1.95323236,0.07557274,-0.01636793,1.56284273,-0.20622412,0.32927866,-3.39659052,0.28559763
0.41679022,0.00831334,0.00781324,-0.04354873,-0.30893842,0.11837208,-0.08926938,0.09218076,-1.34140623,0.15877671,0.89040974,-1.59562960,-0.16761112,0.73658152,-1.49154420,0.12891846,0.65679263,-1.62038627,0.38580412,0.01985858,0.00186179,0.29330033,0.15063302,0.18762689,-0.28593541,0.36071059,-0.16653016,-0.28974694,-0.16323095,0.17851635,-0.26705004,-0.20609091,-0.19286347,-0.28184172,0.67934717,-0.06160148,0.00189002,0.02702521,-0.06973410,0.99719768,0.85462792,0.10323424,0.00736492,1.01336944,-0.27671436,0.00355339,0.54255075,0.13789580,0.02625029,0.44841947,-0.22390421,0.01145861,-0.09351372,2.00484400,-1.06117129,-0.03160015,2.39271660,-0.39998591,-0.04820116,1.69860413,-0.27765333,0.34909135,-3.75632467,0.55856104
0.36192934,0.01106924,0.00340854,-0.04262765,-0.30457270,0.08192860,-0.08998780,0.11113040,-1.35118024,0.15852755,0.91410829,-1.60559869,-0.16815841,0.75301881,-1.49468746,0.13239256,0.61983129,-1.61268353,0.38580412,0.01985858,0.00186179,0.29314449,0.14629398,0.18723071,-0.28316261,0.35693733,-0.16685328,-0.28969738,-0.15253278,0.17940990,-0.26715079,-0.20979948,-0.19294885,-0.28174852,0.68315350,-0.06201841,0.00176632,0.02542081,-0.06929088,0.99727099,0.85393455,0.10318178,0.00998188,1.01358643,-0.27663051,0.00344711,0.55689756,0.13676187,0.02599370,0.44868638,-0.22409939,0.01139596,-0.06583101,1.79541407,-0.92399983,-0.02228758,2.24803019,-1.01334288,-0.05208366,1.56089928,-0.30272770,0.33188633,-3.51618013,0.75526437
0.38096719,0.01448340,-0.00288451,-0.04895989,-0.35150335,0.05191381,-0.09045704,0.12974364,-1.36061645,0.15859811,0.93481165,-1.62169075,-0.16868638,0.76944315,-1.49814618,0.13633724,0.58229685,-1.60231495,0.38580412,0.01985858,0.00186179,0.29294926,0.14397500,0.18679397,-0.27964059,0.35328019,-0.16710416,-0.28957818,-0.14191002,0.18044381,-0.26725899,-0.21339103,-0.19300925,-0.28161205,0.68681003,-0.06238965,0.00164242,0.02373284,-0.06901999,0.99733159,0.85514332,0.10279113,0.01330867,1.01370390,-0.27656503,0.00337107,0.57110889,0.13588205,0.02569027,0.44886629,-0.22416444,0.01133721,-0.04519987,1.93382883,-0.97823137,0.01313724,2.09493184,-1.76061678,-0.05450286,1.71003485,-0.36402044,0.41931307,-3.91645718,1.12003088
0.36067388,0.01680122,-0.01087692,-0.04915607,-0.35388621,0.02757645,-0.09081097,0.14798837,-1.36975694,0.15932592,0.94599332,-1.63923826,-0.16938609,0.78578117,-1.50179980,0.14119563,0.54477570,-1.58887527,0.38580412,0.01985858,0.00186179,0.29268742,0.14472059,0.18654959,-0.27626479,0.34973961,-0.16731712,-0.28937479,-0.13155487,0.18175080,-0.26736201,-0.21687066,-0.19310205,-0.28141039,0.69033335,-0.06271261,0.00151844,0.02198437,-0.06888715,0.99738104,0.85932663,0.10216938,0.01642263,1.01374921,-0.27652326,0.00331262,0.58501480,0.13539857,0.02532540,0.44897427,-0.22416563,0.01127702,-0.03615775,1.85789776,-0.93066689,0.07507222,1.12399454,-1.78302121,-0.07176019,1.66405432,-0.37238596,0.49600717,-3.82107611,1.37234387
0.33541037,0.01988372,-0.01918036,-0.04843934,-0.34931773,0.02027685,-0.09128294,0.16598786,-1.37864633,0.16077429,0.94595739,-1.65297036,-0.17046734,0.80216930,-1.50569603,0.14689108,0.50773400,-1.57287066,0.38580412,0.01985858,0.00186179,0.29235650,0.14804559,0.18663797,-0.27376547,0.34628179,-0.16755747,-0.28908474,-0.12152992,0.18331161,-0.26748307,-0.22027619,-0.19328774,-0.28110875,0.69377334,-0.06298635,0.00139181,0.02018135,-0.06878616,0.99742631,0.86603802,0.10156186,0.01859103,1.01377555,-0.27649319,0.00327176,0.59855794,0.13527281,0.02487343,0.44904903,-0.22420596,0.01124775,-0.04753272,1.74856682,-0.86190702,0.14668455,-0.09191332,-1.29246120,-0.10832896,1.59472229,-0.38167239,0.55942065,-3.59578972,1.57493548
0.35325064,0.02576785,-0.02924355,-0.05435838,-0.39261794,0.02625354,-0.09198410,0.18385450,-1.38719127,0.16287301,0.93578995,-1.66152840,-0.17185823,0.81882968,-1.51003892,0.15321618,0.47151860,-1.55465288,0.38580412,0.01985858,0.00186179,0.29195723,0.15340567,0.18705804,-0.27220417,0.34288453,-0.16785990,-0.28871137,-0.11186528,0.18507015,-0.26764315,-0.22362394,-0.19353902,-0.28070038,0.69715765,-0.06320867,0.00125933,0.01829279,-0.06866616,0.99747118,0.87474897,0.10106346,0.01975306,1.01380563,-0.27647095,0.00324586,0.61170799,0.13544469,0.02431408,0.44912235,-0.22427855,0.01125685,-0.07534138,1.86041658,-0.88643128,0.22335945,-1.13755012,-0.84757503,-0.14652386,1.73898029,-0.45738217,0.66343764,-3.76345267,1.91539514
0.31867568,0.02795392,-0.03385128,-0.05246820,-0.37978541,0.03365221,-0.09294669,0.20166884,-1.39527304,0.16519289,0.91866332,-1.66619725,-0.17330602,0.83596330,-1.51493499,0.16000497,0.43651054,-1.53463907,0.38580412,0.01985858,0.00186179,0.29149675,0.16014114,0.18764300,-0.27124669,0.33953000,-0.16823737,-0.28826845,-0.10260308,0.18698177,-0.26785309,-0.22694091,-0.19377835,-0.28021630,0.70051272,-0.06337915,0.00111865,0.01629006,-0.06849729,0.99751767,0.88479984,0.10061274,0.02025006,1.01385927,-0.27644808,0.00322830,0.62443142,0.13587248,0.02364366,0.44921419,-0.22431787,0.01128045,-0.09380170,1.69040320,-0.76236693,0.22006781,-1.67719808,-0.41422414,-0.13705203,1.63103442,-0.46974952,0.64826344,-3.30994906,1.91478665
0.34881101,0.03652727,-0.04434342,-0.06084639,-0.44174526,0.04449231,-0.09413858,0.21946877,-1.40286350,0.16700885,0.89799345,-1.66888690,-0.17477356,0.85359770,-1.52013195,0.16727941,0.40313005,-1.51314211,0.38580412,0.01985858,0.00186179,0.29098338,0.16761322,0.18813423,-0.27054238,0.33620405,-0.16868275,-0.28777143,-0.09382891,0.18905797,-0.26812121,-0.23027480,-0.19399939,-0.27969371,0.70386417,-0.06349432,0.00097014,0.01417140,-0.06829071,0.99756434,0.89555193,0.10004308,0.02044100,1.01394428,-0.27642004,0.00321195,0.63667472,0.13658655,0.02286217,0.44930013,-0.22430289,0.01128967,-0.12736022,1.85405827,-0.78342849,0.17873196,-2.19365954,-0.25750697,-0.15350804,1.84418249,-0.54435432,0.76532733,-3.45130992,2.26031232
0.34242360,0.04198456,-0.04938447,-0.06206283,-0.45187157,0.03033434,-0.09546801,0.23735762,-1.41006188,0.16756008,0.87631495,-1.67043910,-0.17669621,0.87157305,-1.52510030,0.17539102,0.37232705,-1.49060073,0.38580412,0.01985858,0.00186179,0.29041868,0.17524578,0.18829467,-0.26994395,0.33288138,-0.16917045,-0.28722416,-0.08577027,0.19140493,-0.26841059,-0.23366192,-0.19433560,-0.27913333,0.70723812,-0.06354213,0.00081553,0.01193907,-0.06814242,0.99760383,0.90646009,0.09917411,0.02047473,1.01402424,-0.27640577,0.00319452,0.64829130,0.13774786,0.02200809,0.44932116,-0.22429990,0.01128535,-0.13542308,1.82224839,-0.73289866,0.05453974,-2.20773344,-0.15671517,-0.19676353,1.83104002,-0.50554806,0.82745668,-3.13346238,2.29596829
0.32928243,0.04603588,-0.05227700,-0.06212601,-0.45287118,-0.00254849,-0.09677802,0.25543925,-1.41705384,0.16695587,0.85485883,-1.67086668,-0.17932638,0.88974460,-1.52975571,0.18448283,0.34469943,-1.46833634,0.38580412,0.01985858,0.00186179,0.28981823,0.18269602,0.18815318,-0.26943872,0.32953991,-0.16965488,-0.28663748,-0.07849996,0.19404690,-0.26861071,-0.23708140,-0.19485987,-0.27851220,0.71064431,-0.06353578,0.00065592,0.00960360,-0.06814223,0.99762918,0.91722745,0.09802801,0.02037950,1.01405495,-0.27642382,0.00318075,0.65925875,0.13938285,0.02120752,0.44926896,-0.22434897,0.01130602,-0.12654762,1.75974314,-0.67808626,-0.06676912,-2.08375549,-0.03102024,-0.26130056,1.76887310,-0.45124094,0.89204735,-2.65601630,2.15559411
0.35525306,0.05337829,-0.06000136,-0.07064432,-0.51416316,-0.04197421,-0.09794276,0.27374747,-1.42379570,0.16548724,0.83347257,-1.66992090,-0.18255842,0.90829387,-1.53432620,0.19450615,0.32121361,-1.44768198,0.38580412,0.01985858,0.00186179,0.28919483,0.18999956,0.18779559,-0.26902361,0.32618407,-0.17010172,-0.28601812,-0.07217586,0.19695764,-0.26864871,-0.24053184,-0.19553177,-0.27782430,0.71408183,-0.06349385,0.00048834,0.00713172,-0.06832825,0.99763728,0.92791133,0.09664347,0.02017122,1.01402823,-0.27647929,0.00317671,0.66943326,0.14146511,0.02054612,0.44913715,-0.22440549,0.01137053,-0.11952295,1.90911651,-0.69959754,-0.15895216,-2.22966366,0.11130570,-0.34082455,1.93679175,-0.47637519,1.05132010,-2.40515537,2.13145308
0.32534387,0.04948448,-0.05680191,-0.06935297,-0.50258395,-0.06933533,-0.09890489,0.29229265,-1.43020868,0.16357865,0.81141084,-1.66749294,-0.18604589,0.92745821,-1.53897865,0.20507432,0.30280032,-1.42978737,0.38580412,0.01985858,0.00186179,0.28856544,0.19738877,0.18733844,-0.26864659,0.32282525,-0.17049581,-0.28536402,-0.06696569,0.20002468,-0.26854525,-0.24403412,-0.19624415,-0.27710755,0.71754171,-0.06344579,0.00030854,0.00448359,-0.06867945,0.99762866,0.93874042,0.09507595,0.01991885,1.01395740,-0.27657182,0.00320142,0.67861834,0.14386858,0.02002019,0.44891728,-0.22439714,0.01145789,-0.08943304,1.76235180,-0.60539445,-0.18362519,-2.10326643,0.24450290,-0.33189440,1.82524543,-0.44266021,1.00620663,-1.69747381,1.66920133
0.35811155,0.05219091,-0.06275882,-0.08259857,-0.59490242,-0.09060036,-0.09976080,0.31113106,-1.43621624,0.16155748,0.78775477,-1.66331899,-0.18931243,0.94735456,-1.54377699,0.21554084,0.29029575,-1.41557300,0.38580412,0.01985858,0.00186179,0.28794912,0.20511649,0.18687345,-0.26827770,0.31945169,-0.17086578,-0.28467111,-0.06304064,0.20307075,-0.26839850,-0.24759818,-0.19685841,-0.27642946,0.72101267,-0.06341932,0.00011336,0.00163640,-0.06910693,0.99760791,0.94993676,0.09338700,0.01967141,1.01385351,-0.27670021,0.00327800,0.68657430,0.14640406,0.01955061,0.44863589,-0.22425769,0.01151966,-0.08815340,1.96697927,-0.61942637,-0.21128541,-2.49131751,0.46211478,-0.33507866,2.08366656,-0.50215423,1.08608222,-1.21165812,1.42271805
0.34995201,0.04760630,-0.05954358,-0.08668726,-0.62059290,-0.07625743,-0.10073464,0.33037180,-1.44150894,0.15941018,0.76147937,-1.65642087,-0.19218258,0.96802769,-1.54857924,0.22490162,0.28529995,-1.40635734,0.38580412,0.01985858,0.00186179,0.28737366,0.21338085,0.18641038,-0.26798909,0.31601013,-0.17128002,-0.28396573,-0.06075939,0.20582653,-0.26838437,-0.25124413,-0.19732207,-0.27583371,0.72448206,-0.06343250,-0.00009972,-0.00143011,-0.06948174,0.99758219,0.96164428,0.09159749,0.01938457,1.01369680,-0.27686651,0.00340793,0.69284261,0.14882962,0.01898928,0.44830948,-0.22401992,0.01153995,-0.09945506,1.96016493,-0.53799550,-0.21895865,-2.67946253,0.70645407,-0.29258479,2.10636194,-0.48870643,0.95130798,-0.49985647,0.93256235
0.33128134,0.04097949,-0.05240469,-0.08762959,-0.62430703,-0.05265080,-0.10188911,0.34994205,-1.44600856,0.15709694,0.73279749,-1.64654009,-0.19539930,0.98925872,-1.55302184,0.23253813,0.28699954,-1.40167174,0.38580412,0.01985858,0.00186179,0.28685991,0.22208119,0.18594438,-0.26784419,0.31247572,-0.17175863,-0.28328956,-0.05996727,0.20812845,-0.26864689,-0.25500662,-0.19785234,-0.27523405,0.72792430,-0.06348586,-0.00032557,-0.00465393,-0.06975825,0.99755302,0.97372345,0.08973994,0.01901572,1.01345376,-0.27706261,0.00357036,0.69750760,0.15096309,0.01821302,0.44786285,-0.22392123,0.01162587,-0.11324510,1.90492020,-0.43157339,-0.22571981,-2.80640821,0.98546149,-0.31854063,2.06814806,-0.42810440,0.72611126,0.21659732,0.42076110
0.34600951,0.03519688,-0.04757724,-0.09693446,-0.68837187,-0.04500405,-0.10310153,0.36976202,-1.44991944,0.15476674,0.70206571,-1.63368201,-0.19924957,1.01090722,-1.55699544,0.23792864,0.29478220,-1.40124574,0.38580412,0.01985858,0.00186179,0.28644562,0.23111683,0.18551038,-0.26781857,0.30885459,-0.17226142,-0.28264413,-0.06053698,0.20982793,-0.26926394,-0.25889629,-0.19852602,-0.27457416,0.73127878,-0.06360804,-0.00055970,-0.00797709,-0.06997417,0.99751675,0.98603125,0.08781940,0.01862705,1.01305926,-0.27730154,0.00380149,0.70062869,0.15261652,0.01718167,0.44720180,-0.22404537,0.01187146,-0.12599378,2.06639605,-0.40395257,-0.24185030,-3.21709504,1.36416547,-0.40556338,2.25771952,-0.40986833,0.53921041,0.86038556,0.00780820
0.31375558,0.02937073,-0.03706999,-0.08862704,-0.62743487,-0.04882800,-0.10420780,0.38975463,-1.45369208,0.15266075,0.66990838,-1.61851077,-0.20347226,1.03254480,-1.56031208,0.24067137,0.30735266,-1.40497632,0.38580412,0.01985858,0.00186179,0.28612350,0.24036912,0.18515478,-0.26779947,0.30516044,-0.17273103,-0.28201010,-0.06213340,0.21077386,-0.27015100,-0.26287110,-0.19927645,-0.27389087,0.73459947,-0.06376651,-0.00079630,-0.01130975,-0.07022144,0.99746699,0.99853888,0.08588507,0.01832403,1.01254950,-0.27754838,0.00411340,0.70260942,0.15363361,0.01597251,0.44640151,-0.22424783,0.01223263,-0.10350571,1.89883213,-0.35847957,-0.19692530,-3.06272616,1.45807006,-0.40330457,2.05131540,-0.30727751,0.23474677,1.23196001,-0.39297080
0.35399015,0.03857966,-0.04088922,-0.09405316,-0.66260160,-0.08633637,-0.10510305,0.40985987,-1.45772767,0.15100881,0.63702416,-1.60202813,-0.20794582,1.05351985,-1.56246364,0.24095249,0.32306805,-1.41314936,0.38580412,0.01985858,0.00186179,0.28582859,0.24970777,0.18491699,-0.26765181,0.30138505,-0.17312790,-0.28138911,-0.06429458,0.21094269,-0.27099372,-0.26689984,-0.20008908,-0.27323627,0.73801024,-0.06388721,-0.00102886,-0.01453354,-0.07060801,0.99739773,1.01127847,0.08400715,0.01817678,1.01199956,-0.27774714,0.00443948,0.70407416,0.15400945,0.01483487,0.44558398,-0.22438034,0.01259232,-0.08981488,2.09575129,-0.42557713,-0.16451253,-3.43366694,1.73255789,-0.46958959,2.17254448,-0.20466743,-0.00556931,1.67751300,-0.91889495
0.35985759,0.04474785,-0.04602722,-0.08420203,-0.58908652,-0.13107679,-0.10573514,0.42991103,-1.46235709,0.15002103,0.60407329,-1.58520510,-0.21205786,1.07318292,-1.56320105,0.23980201,0.34103362,-1.42643051,0.38580412,0.01985858,0.00186179,0.28550118,0.25896031,0.18482745,-0.26726433,0.29750287,-0.17342524,-0.28081737,-0.06679060,0.21054624,-0.27134172,-0.27094703,-0.20081219,-0.27266274,0.74158128,-0.06395682,-0.00124691,-0.01745159,-0.07124356,0.99730549,1.02418461,0.08218347,0.01823684,1.01141136,-0.27791008,0.00468380,0.70539735,0.15394552,0.01415945,0.44484076,-0.22421565,0.01283843,-0.06417243,2.04189050,-0.47241182,-0.09987768,-3.35575457,1.71307318,-0.41766065,2.00075963,-0.07351636,-0.11746022,1.83251557,-1.35793016
0.36082001,0.04831978,-0.05089510,-0.06765723,-0.46834975,-0.16823026,-0.10625248,0.44961866,-1.46772957,0.14956147,0.57135034,-1.56873930,-0.21547536,1.09114194,-1.56245518,0.23855326,0.36112946,-1.44327145,0.38580412,0.01985858,0.00186179,0.28512936,0.26802040,0.18484305,-0.26668487,0.29354348,-0.17366226,-0.28030454,-0.06980897,0.21000717,-0.27121053,-0.27499725,-0.20138062,-0.27218669,0.74532748,-0.06400294,-0.00144057,-0.01992254,-0.07208900,0.99719817,1.03714729,0.08036839,0.01844450,1.01084066,-0.27808027,0.00482482,0.70644999,0.15386134,0.01391884,0.44422473,-0.22373641,0.01294267,-0.05022238,1.91184084,-0.52951376,-0.04095857,-3.18036470,1.59667137,-0.33033788,1.72808964,0.08987188,-0.11991883,1.97259536,-1.65789526
0.40567041,0.05777175,-0.05945442,-0.05433195,-0.37159581,-0.20826375,-0.10680895,0.46871105,-1.47411859,0.14956203,0.53853383,-1.55275183,-0.21923009,1.10642996,-1.55895507,0.23745470,0.38323263,-1.46186466,0.38580412,0.01985858,0.00186179,0.28473039,0.27689188,0.18494056,-0.26598960,0.28952868,-0.17387695,-0.27984823,-0.07356777,0.20946492,-0.27083133,-0.27911368,-0.20211656,-0.27175787,0.74926578,-0.06402728,-0.00159636,-0.02177830,-0.07307473,0.99708738,1.05016219,0.07856822,0.01874080,1.01035078,-0.27825771,0.00488216,0.70702266,0.15392521,0.01389906,0.44366717,-0.22329134,0.01297252,-0.05889311,1.98224175,-0.67591664,0.00406355,-3.42188454,1.66165221,-0.40102151,1.56374562,0.39593875,-0.11353529,2.31598306,-1.94242585
0.38481770,0.05723733,-0.05540396,-0.02818831,-0.19027837,-0.19790880,-0.10749194,0.48698965,-1.48177993,0.15001439,0.50500567,-1.53703556,-0.22417903,1.11827106,-1.55187733,0.23634901,0.40582436,-1.47997913,0.38580412,0.01985858,0.00186179,0.28433200,0.28564057,0.18511593,-0.26527108,0.28546747,-0.17408932,-0.27945518,-0.07790243,0.20893298,-0.27041637,-0.28333014,-0.20328070,-0.27129413,0.75337249,-0.06403470,-0.00169991,-0.02286687,-0.07411111,0.99698634,1.06324367,0.07681379,0.01906091,1.00996280,-0.27841795,0.00487681,0.70721768,0.15412009,0.01391562,0.44310063,-0.22318991,0.01303787,-0.06614965,1.72668169,-0.73965062,0.04713726,-3.19088116,1.49008043,-0.48133882,1.09032195,0.70532200,-0.10575160,2.14148545,-1.70705922
0.43379176,0.06279972,-0.05826083,-0.00278854,-0.01850550,-0.20401257,-0.10832056,0.50434327,-1.49085021,0.15091297,0.47026730,-1.52132928,-0.22933830,1.12678874,-1.54207754,0.23506853,0.42699528,-1.49579680,0.38580412,0.01985858,0.00186179,0.28396118,0.29432036,0.18536501,-0.26460803,0.28135684,-0.17430234,-0.27914308,-0.08247848,0.20840009,-0.27007933,-0.28758663,-0.20460585,-0.27078344,0.75758828,-0.06406127,-0.00173883,-0.02308250,-0.07509799,0.99690745,1.07635696,0.07511916,0.01935314,1.00965734,-0.27854709,0.00481810,0.70726140,0.15434318,0.01388185,0.44259484,-0.22327418,0.01317774,-0.08849426,1.79360056,-0.96611673,0.10019540,-3.63812947,1.63683283,-0.53431839,0.83954626,1.05592608,-0.13650209,2.17739844,-1.60762656
0.42862385,0.05499110,-0.05176144,0.02520961,0.16491555,-0.16016004,-0.10937436,0.52059499,-1.50142553,0.15223253,0.43382387,-1.50528278,-0.23289216,1.13240721,-1.53113034,0.23352799,0.44520017,-1.50789349,0.38580412,0.01985858,0.00186179,0.28364088,0.30296064,0.18566672,-0.26408165,0.27718694,-0.17453347,-0.27893762,-0.08706476,0.20787451,-0.26989001,-0.29178385,-0.20559037,-0.27022501,0.76184815,-0.06416627,-0.00169564,-0.02227567,-0.07588658,0.99686616,1.08942263,0.07350087,0.01955923,1.00942132,-0.27864717,0.00470326,0.70725327,0.15449210,0.01375087,0.44230577,-0.22321934,0.01341587,-0.10773804,1.65397787,-1.07850101,0.13469458,-3.71392651,1.63520832,-0.35968189,0.56961643,1.11517377,-0.15712727,1.85047681,-1.22764896
0.40962524,0.04386273,-0.04375174,0.04965701,0.32238363,-0.09428433,-0.11077748,0.53587228,-1.51293113,0.15372043,0.39579997,-1.48847303,-0.23480954,1.13613718,-1.52013080,0.23186207,0.46064790,-1.51674592,0.38580412,0.01985858,0.00186179,0.28336285,0.31159174,0.18596655,-0.26373475,0.27298009,-0.17483390,-0.27881990,-0.09157856,0.20738197,-0.26981547,-0.29588386,-0.20619362,-0.26956963,0.76609809,-0.06435779,-0.00158336,-0.02066157,-0.07639809,0.99686204,1.10238893,0.07195595,0.01962810,1.00924865,-0.27874721,0.00454295,0.70719033,0.15455724,0.01354737,0.44224943,-0.22305599,0.01379322,-0.14001180,1.47757134,-1.12366278,0.14491304,-3.70922394,1.64284310,-0.17523145,0.34971436,1.06814108,-0.16213953,1.48115160,-0.83685516
0.43696357,0.03818502,-0.04116384,0.07412849,0.47954853,-0.03501416,-0.11265053,0.55022228,-1.52492604,0.15517156,0.35622312,-1.47036641,-0.23535641,1.13838487,-1.50934911,0.23022179,0.47362992,-1.52278168,0.38580412,0.01985858,0.00186179,0.28311984,0.32023650,0.18621539,-0.26361001,0.26875862,-0.17524613,-0.27877183,-0.09599667,0.20695467,-0.26981594,-0.29987085,-0.20647183,-0.26880511,0.77031477,-0.06463139,-0.00141287,-0.01838871,-0.07659600,0.99689163,1.11524008,0.07047641,0.01950983,1.00914676,-0.27887816,0.00434801,0.70706090,0.15455927,0.01330390,0.44242152,-0.22286908,0.01431473,-0.19950418,1.48705385,-1.25207000,0.15000924,-4.13625822,1.90028238,-0.04518367,0.22263526,1.12044215,-0.17006619,1.33199160,-0.60574112
0.39567843,0.02727179,-0.03177646,0.08151866,0.52743234,0.02339182,-0.11492181,0.56386480,-1.53710041,0.15643716,0.31513849,-1.45034435,-0.23458230,1.13962989,-1.49900393,0.22867918,0.48455108,-1.52647417,0.38580412,0.01985858,0.00186179,0.28291221,0.32892128,0.18638416,-0.26374080,0.26451934,-0.17575503,-0.27877973,-0.10030957,0.20660295,-0.26987103,-0.30374737,-0.20642172,-0.26796385,0.77449115,-0.06497809,-0.00119925,-0.01562725,-0.07650331,0.99694613,1.12799919,0.06903805,0.01917141,1.00909725,-0.27903484,0.00413249,0.70687887,0.15451079,0.01304118,0.44280500,-0.22263813,0.01494836,-0.21859606,1.28933113,-1.15632319,0.11800329,-3.91303473,1.92025342,0.08570929,0.11085868,0.97682214,-0.14544105,1.01889532,-0.33035047
0.43249959,0.02405417,-0.02682191,0.09949225,0.64589532,0.07012175,-0.11732616,0.57714975,-1.54927421,0.15749460,0.27258247,-1.42775238,-0.23275134,1.14054775,-1.48957694,0.22718969,0.49383748,-1.52825642,0.38580412,0.01985858,0.00186179,0.28275192,0.33767322,0.18648130,-0.26414546,0.26023143,-0.17628899,-0.27884502,-0.10451843,0.20630702,-0.26998667,-0.30752618,-0.20608405,-0.26699817,0.77863862,-0.06537540,-0.00095846,-0.01254093,-0.07619800,0.99701338,1.14072867,0.06762561,0.01860646,1.00905795,-0.27916299,0.00390690,0.70668550,0.15441868,0.01276524,0.44336654,-0.22233279,0.01575375,-0.25127360,1.37989962,-1.26752245,0.10717101,-4.45470190,2.39400554,0.20487419,0.09348988,0.96607202,-0.15466847,0.94459200,-0.15877186
0.42428898,0.02396545,-0.01355965,0.10182581,0.66430705,0.07670779,-0.11960349,0.59027733,-1.56117871,0.15852593,0.22824333,-1.40141234,-0.23066604,1.14147279,-1.48156483,0.22564307,0.50185117,-1.52839777,0.38580412,0.01985858,0.00186179,0.28269410,0.34656471,0.18657232,-0.26484106,0.25587840,-0.17677993,-0.27898475,-0.10864383,0.20603216,-0.27018560,-0.31113961,-0.20564927,-0.26577973,0.78279314,-0.06577357,-0.00070377,-0.00925293,-0.07582412,0.99707803,1.15358563,0.06624637,0.01785303,1.00899672,-0.27921406,0.00370935,0.70655448,0.15431822,0.01250849,0.44413361,-0.22200801,0.01691436,-0.23167870,1.33686790,-1.21190946,0.10543399,-4.51831303,2.68781309,0.21185162,0.09359121,0.81505904,-0.15765527,0.81536435,-0.01309050
0.40918876,0.02739430,0.00453361,0.09914550,0.64977793,0.04369072,-0.12164411,0.60323070,-1.57261198,0.16003802,0.18219237,-1.37123175,-0.22901169,1.14166358,-1.47409241,0.22399626,0.50936197,-1.52768705,0.38580412,0.01985858,0.00186179,0.28278088,0.35563917,0.18679958,-0.26571065,0.25150587,-0.17720250,-0.27919333,-0.11276754,0.20575014,-0.27043513,-0.31447620,-0.20533268,-0.26444152,0.78699260,-0.06613190,-0.00044623,-0.00588605,-0.07558273,0.99712206,1.16672564,0.06492582,0.01707023,1.00891406,-0.27922061,0.00358755,0.70652741,0.15426545,0.01234575,0.44515862,-0.22171569,0.01833936,-0.19590420,1.25751891,-1.10726955,0.15449250,-4.49037743,2.96542444,0.15697505,0.00753999,0.72632234,-0.16094521,0.72891911,0.07316073
0.44150872,0.03246083,0.01876213,0.10709033,0.70280682,-0.01019816,-0.12334446,0.61593318,-1.58349752,0.16279898,0.13480688,-1.33746066,-0.22764228,1.14026389,-1.46680596,0.22223565,0.51681172,-1.52653799,0.38580412,0.01985858,0.00186179,0.28297416,0.36483819,0.18736366,-0.26659506,0.24715070,-0.17753045,-0.27947131,-0.11695497,0.20544750,-0.27070803,-0.31733054,-0.20512804,-0.26317291,0.79122591,-0.06646433,-0.00018834,-0.00248510,-0.07560633,0.99713463,1.18014376,0.06374684,0.01637910,1.00878291,-0.27923058,0.00350285,0.70658549,0.15426886,0.01226613,0.44659404,-0.22140000,0.01980125,-0.17376504,1.32070324,-1.12894773,0.30239260,-4.94399004,3.54582357,0.14250688,-0.16242265,0.75537556,-0.18450989,0.77669019,0.12273192
0.40540269,0.03178683,0.02784529,0.09825873,0.64308606,-0.06506706,-0.12473359,0.62836697,-1.59381056,0.16738303,0.08744346,-1.30155277,-0.22579272,1.13687606,-1.46062367,0.22032582,0.52430936,-1.52497358,0.38580412,0.01985858,0.00186179,0.28325193,0.37389488,0.18840078,-0.26732408,0.24282270,-0.17777459,-0.27981103,-0.12122885,0.20511421,-0.27101561,-0.31939025,-0.20483322,-0.26211022,0.79549561,-0.06678138,0.00007105,0.00093122,-0.07592101,0.99711340,1.19360483,0.06283840,0.01592785,1.00860329,-0.27927086,0.00344090,0.70671937,0.15432279,0.01223632,0.44877475,-0.22089636,0.02114171,-0.12940450,1.17762740,-0.97336707,0.45309502,-4.48855867,3.42076921,0.18342631,-0.34081738,0.57167677,-0.18280910,0.71183313,0.15284089
0.44971689,0.03819148,0.04125566,0.10872314,0.70705422,-0.11346758,-0.12601438,0.64061028,-1.60348368,0.17365381,0.04223603,-1.26562691,-0.22241357,1.13104188,-1.45669532,0.21821150,0.53175730,-1.52287698,0.38580412,0.01985858,0.00186179,0.28360057,0.38235660,0.18986331,-0.26788555,0.23849309,-0.17799526,-0.28019901,-0.12557210,0.20473677,-0.27137896,-0.32028522,-0.20416478,-0.26142526,0.79981412,-0.06708045,0.00033381,0.00435418,-0.07643864,0.99706472,1.20664366,0.06228096,0.01571502,1.00838812,-0.27934952,0.00340156,0.70691778,0.15440491,0.01222161,0.45215060,-0.22003783,0.02217531,-0.13272370,1.27293909,-0.99776679,0.67675298,-4.66842079,3.73439479,0.37878937,-0.64629310,0.37193295,-0.22350436,0.77462935,0.22667645
0.44483102,0.04225920,0.04948159,0.10665393,0.68851300,-0.11389697,-0.12743848,0.65280333,-1.61227424,0.18068155,0.00189514,-1.23149767,-0.21649829,1.12175405,-1.45585792,0.21579012,0.53911241,-1.52020862,0.38580412,0.01985858,0.00186179,0.28401763,0.38958280,0.19152451,-0.26857247,0.23410229,-0.17826693,-0.28063083,-0.12997345,0.20428648,-0.27181078,-0.31954586,-0.20285576,-0.26136962,0.80419970,-0.06734269,0.00059981,0.00776442,-0.07699561,0.99700102,1.21856950,0.06209480,0.01544515,1.00815528,-0.27943962,0.00338680,0.70713327,0.15447744,0.01220685,0.45729660,-0.21873046,0.02264801,-0.14537424,1.24187329,-0.89415573,0.71531497,-4.10207944,3.47358370,0.60517340,-0.94985428,0.08161200,-0.24702002,0.74905616,0.27234025
0.42797546,0.04638379,0.05535540,0.10131672,0.64945339,-0.08872702,-0.12912218,0.66495533,-1.62014225,0.18716691,-0.03344255,-1.19923229,-0.20884966,1.10982192,-1.45783441,0.21307658,0.54641086,-1.51714694,0.38580412,0.01985858,0.00186179,0.28448488,0.39553405,0.19308631,-0.26970648,0.22965004,-0.17862480,-0.28109599,-0.13441034,0.20375931,-0.27229363,-0.31745505,-0.20108053,-0.26173735,0.80863180,-0.06755746,0.00086564,0.01113843,-0.07745823,0.99693300,1.22924326,0.06211718,0.01477840,1.00793531,-0.27951046,0.00338889,0.70730732,0.15451762,0.01219125,0.46392753,-0.21719052,0.02274753,-0.16600042,1.18047197,-0.75701078,0.62255017,-3.39734626,3.12327147,0.75139923,-1.17545323,-0.21514494,-0.26596561,0.70913929,0.30014118
0.45806977,0.05587834,0.06654704,0.10700025,0.68243667,-0.06949401,-0.13108941,0.67692896,-1.62697473,0.19264207,-0.06430865,-1.16862807,-0.20077672,1.09644070,-1.46263678,0.21010756,0.55366334,-1.51383810,0.38580412,0.01985858,0.00186179,0.28499291,0.40034849,0.19444184,-0.27134940,0.22517338,-0.17907685,-0.28159211,-0.13885562,0.20315863,-0.27280376,-0.31434566,-0.19914309,-0.26216792,0.81307640,-0.06771719,0.00112788,0.01445009,-0.07779761,0.99686381,1.23874336,0.06226046,0.01364350,1.00774155,-0.27955923,0.00340080,0.70741997,0.15452374,0.01218915,0.47164166,-0.21568162,0.02282499,-0.20736566,1.24499640,-0.70204431,0.56124030,-3.17945490,3.17379212,0.83809713,-1.40098917,-0.52464007,-0.31137166,0.75515652,0.34610328
0.41337037,0.05589568,0.06618741,0.09486552,0.60292414,-0.04168778,-0.13332906,0.68863667,-1.63270254,0.19734377,-0.09162719,-1.13974843,-0.19350328,1.08251619,-1.46970875,0.20689085,0.56091105,-1.51044421,0.38580412,0.01985858,0.00186179,0.28553275,0.40430591,0.19563542,-0.27329820,0.22070366,-0.17962101,-0.28211448,-0.14328393,0.20248010,-0.27332451,-0.31057583,-0.19735726,-0.26239832,0.81749592,-0.06782179,0.00138285,0.01766579,-0.07802318,0.99679406,1.24731765,0.06252301,0.01223455,1.00756350,-0.27959556,0.00341826,0.70746193,0.15448655,0.01220824,0.47999482,-0.21445140,0.02313443,-0.21507132,1.10859494,-0.53323542,0.44076196,-2.56306429,2.72395091,0.67955223,-1.32480991,-0.68898602,-0.30767033,0.68802519,0.32236940
0.44632128,0.06545536,0.07788289,0.09952457,0.63128091,-0.01794909,-0.13587020,0.70013416,-1.63730657,0.20180303,-0.11592859,-1.11320543,-0.18747456,1.06781638,-1.47776783,0.20344102,0.56822842,-1.50707686,0.38580412,0.01985858,0.00186179,0.28609803,0.40762651,0.19677277,-0.27525187,0.21624091,-0.18026615,-0.28264640,-0.14768068,0.20172385,-0.27385162,-0.30631218,-0.19587208,-0.26248650,0.82186182,-0.06787927,0.00162594,0.02074439,-0.07812319,0.99672654,1.25516815,0.06298138,0.01084617,1.00737615,-0.27963491,0.00345163,0.70741363,0.15439017,0.01224642,0.48877291,-0.21363525,0.02361153,-0.26936829,1.19491661,-0.46284494,0.46296787,-2.48761082,2.72710609,0.60897130,-1.54528010,-0.84860617,-0.36268306,0.76357269,0.35004315
0.42630267,0.06442764,0.08099341,0.09118508,0.57828636,0.01923539,-0.13874423,0.71154771,-1.64061699,0.20634851,-0.13618993,-1.09074717,-0.18250577,1.05086346,-1.48548100,0.19991359,0.57579485,-1.50380497,0.38580412,0.01985858,0.00186179,0.28669369,0.41019195,0.19792248,-0.27700137,0.21176429,-0.18102495,-0.28317218,-0.15205231,0.20093022,-0.27437178,-0.30134662,-0.19468176,-0.26274065,0.82612894,-0.06791083,0.00184844,0.02361183,-0.07802680,0.99666990,1.26212437,0.06376575,0.00969232,1.00714194,-0.27968534,0.00352151,0.70719812,0.15423398,0.01232192,0.49815708,-0.21332481,0.02395304,-0.29300103,1.16250780,-0.33565625,0.46290786,-2.05766227,2.28135853,0.50535615,-1.73031614,-0.78483551,-0.35917940,0.77113307,0.33313299
0.39167072,0.05718561,0.08311430,0.07939679,0.50485070,0.06306944,-0.14181238,0.72299490,-1.64277644,0.21071340,-0.15161358,-1.07308097,-0.17803296,1.03114877,-1.49275124,0.19646541,0.58374745,-1.50061169,0.38580412,0.01985858,0.00186179,0.28733073,0.41184001,0.19903971,-0.27864991,0.20725953,-0.18185835,-0.28369168,-0.15642861,0.20014688,-0.27488512,-0.29553540,-0.19364100,-0.26329261,0.83025430,-0.06795721,0.00204697,0.02625216,-0.07771721,0.99662765,1.26797054,0.06483395,0.00868083,1.00681714,-0.27974610,0.00363906,0.70674296,0.15401945,0.01244562,0.50827363,-0.21344418,0.02403812,-0.29954612,1.11360748,-0.20071467,0.42022119,-1.45502965,1.67529783,0.43194343,-1.93897288,-0.70600905,-0.33447990,0.77672005,0.30999978
0.39471097,0.05065156,0.09725190,0.07616194,0.48692964,0.11829859,-0.14505635,0.73456151,-1.64376364,0.21432249,-0.16108352,-1.06110051,-0.17391944,1.00881147,-1.50019519,0.19311075,0.59215420,-1.49750297,0.38580412,0.01985858,0.00186179,0.28803768,0.41233246,0.20000528,-0.28035222,0.20271088,-0.18276252,-0.28419713,-0.16081112,0.19937854,-0.27540164,-0.28877616,-0.19269122,-0.26406852,0.83414539,-0.06806040,0.00221693,0.02863431,-0.07716783,0.99660438,1.27235155,0.06608703,0.00768545,1.00630584,-0.27984949,0.00384054,0.70594312,0.15369666,0.01263604,0.51914872,-0.21400103,0.02396916,-0.33969578,1.20631456,-0.09225905,0.36641505,-0.92915443,1.19288555,0.42537635,-2.34803843,-0.78026050,-0.34863537,0.87983900,0.32275018
0.34888664,0.04057787,0.09386703,0.06047517,0.39013607,0.15648019,-0.14852184,0.74630158,-1.64354272,0.21660613,-0.16388521,-1.05602295,-0.17014860,0.98441291,-1.50844152,0.18988290,0.60102509,-1.49462693,0.38580412,0.01985858,0.00186179,0.28879599,0.41156931,0.20066707,-0.28211361,0.19810418,-0.18375113,-0.28467709,-0.16516824,0.19863037,-0.27590182,-0.28109895,-0.19180126,-0.26491492,0.83789884,-0.06820500,0.00235506,0.03073687,-0.07636617,0.99660318,1.27523651,0.06741333,0.00668238,1.00569420,-0.27999372,0.00411890,0.70492188,0.15327118,0.01289417,0.53085911,-0.21493928,0.02388107,-0.33110349,1.11589503,0.03231863,0.20267136,-0.20241596,0.41288403,0.35475141,-2.33248706,-0.79186758,-0.30492093,0.84621741,0.27002329
0.39221692,0.04913680,0.10272961,0.05597052,0.36593427,0.22179242,-0.15218312,0.75820529,-1.64208090,0.21707621,-0.15996918,-1.05926108,-0.16665855,0.95853758,-1.51775539,0.18684103,0.61039889,-1.49215615,0.38580412,0.01985858,0.00186179,0.28953883,0.40965776,0.20084586,-0.28374280,0.19343536,-0.18481813,-0.28513327,-0.16947937,0.19791494,-0.27635638,-0.27262685,-0.19093571,-0.26570481,0.84173109,-0.06831974,0.00246051,0.03255159,-0.07533275,0.99662396,1.27692480,0.06866554,0.00579603,1.00518729,-0.28011457,0.00440556,0.70392735,0.15282209,0.01318245,0.54350097,-0.21610555,0.02383402,-0.38404575,1.24230230,0.17082690,0.02022460,0.50706041,-0.46618280,0.35970843,-2.71525955,-0.98650151,-0.31390411,0.98414713,0.25081635
0.39984365,0.05882709,0.09538736,0.04508249,0.29904532,0.25100018,-0.15586546,0.77027936,-1.63926163,0.21491670,-0.14966012,-1.07224331,-0.16332707,0.93151212,-1.52807255,0.18394460,0.62050418,-1.49006531,0.38580412,0.01985858,0.00186179,0.29020645,0.40683181,0.20024859,-0.28496367,0.18869824,-0.18592162,-0.28557661,-0.17379538,0.19721909,-0.27678797,-0.26346243,-0.19003834,-0.26635399,0.84575098,-0.06833847,0.00253055,0.03403805,-0.07410249,0.99666636,1.27772301,0.06954475,0.00524278,1.00487976,-0.28012115,0.00462984,0.70303190,0.15241358,0.01341848,0.55708188,-0.21732564,0.02385246,-0.37487114,1.22993515,0.28860172,-0.22316094,1.05567889,-1.33195057,0.33923617,-2.75363784,-1.05153720,-0.29491102,1.03022921,0.21268658
0.39827122,0.06747566,0.08419779,0.03360223,0.22686097,0.25755113,-0.15940447,0.78245385,-1.63536220,0.21050240,-0.13528759,-1.09196687,-0.16008210,0.90373287,-1.53880677,0.18114175,0.63135272,-1.48818753,0.38580412,0.01985858,0.00186179,0.29078814,0.40350445,0.19898039,-0.28580365,0.18391965,-0.18700781,-0.28601303,-0.17816491,0.19653739,-0.27722386,-0.25386797,-0.18910747,-0.26686079,0.84994216,-0.06826117,0.00257304,0.03523992,-0.07278226,0.99672176,1.27807195,0.06999192,0.00498449,1.00474446,-0.28000302,0.00477511,0.70221792,0.15207318,0.01356428,0.57129577,-0.21848357,0.02392735,-0.34282704,1.18388040,0.38731694,-0.44364085,1.42497025,-1.95952454,0.31429405,-2.70602908,-1.04445817,-0.27132382,1.06056235,0.18067757
0.44123317,0.08023920,0.08318195,0.02713276,0.18647684,0.27607899,-0.16281881,0.79460336,-1.63046033,0.20471679,-0.11764136,-1.11603801,-0.15707626,0.87531930,-1.54945636,0.17851720,0.64289134,-1.48658357,0.38580412,0.01985858,0.00186179,0.29128466,0.39970490,0.19732694,-0.28639151,0.17913536,-0.18807924,-0.28643208,-0.18256525,0.19589205,-0.27763742,-0.24398383,-0.18819588,-0.26721015,0.85427983,-0.06811397,0.00259256,0.03616763,-0.07145611,0.99678443,1.27804435,0.07018123,0.00489315,1.00475580,-0.27982193,0.00485258,0.70152347,0.15181617,0.01364723,0.58594653,-0.21958356,0.02407451,-0.35492813,1.26467934,0.51918625,-0.60952748,1.86488936,-2.53505092,0.30991062,-2.96505823,-1.10628903,-0.27143917,1.20755134,0.16420185
0.41129346,0.07606132,0.06927139,0.01748172,0.12237066,0.23912494,-0.16615900,0.80659481,-1.62474678,0.19866828,-0.09751124,-1.14195735,-0.15452275,0.84624208,-1.55955563,0.17608579,0.65499814,-1.48532925,0.38580412,0.01985858,0.00186179,0.29170042,0.39545440,0.19563329,-0.28686451,0.17439538,-0.18914454,-0.28680956,-0.18695631,0.19528451,-0.27800653,-0.23389929,-0.18737462,-0.26739166,0.85871702,-0.06793528,0.00259417,0.03684365,-0.07019077,0.99684957,1.27768367,0.07035250,0.00483591,1.00488674,-0.27965164,0.00489087,0.70097070,0.15162064,0.01369389,0.60086870,-0.22068467,0.02430876,-0.31637661,1.13621259,0.54874158,-0.57297348,1.92994816,-2.46838737,0.23750448,-2.76626606,-0.95194480,-0.22914712,1.15386648,0.11561679
0.45476177,0.08251030,0.06756578,0.01187644,0.08475331,0.23882355,-0.16939339,0.81837744,-1.61874235,0.19304578,-0.07615842,-1.16751826,-0.15252884,0.81623924,-1.56879687,0.17375501,0.66760963,-1.48447287,0.38580412,0.01985858,0.00186179,0.29203317,0.39094170,0.19410165,-0.28729247,0.16978088,-0.19018152,-0.28708732,-0.19132000,0.19468629,-0.27833179,-0.22360055,-0.18668170,-0.26741008,0.86318453,-0.06775649,0.00258202,0.03728854,-0.06903052,0.99691408,1.27714773,0.07061016,0.00474069,1.00513281,-0.27952344,0.00494584,0.70052357,0.15144092,0.01370138,0.61598809,-0.22183823,0.02462308,-0.33511779,1.22420490,0.62735379,-0.57749259,2.23722100,-2.64969444,0.19915400,-3.14032269,-0.94896549,-0.24173035,1.32109964,0.08311867
0.43903846,0.07652686,0.05598087,0.00498923,0.03600995,0.20076224,-0.17246126,0.83000678,-1.61340132,0.18813946,-0.05479512,-1.19106574,-0.15118507,0.78487862,-1.57681625,0.17149426,0.68081402,-1.48405192,0.38580412,0.01985858,0.00186179,0.29225898,0.38641489,0.19280879,-0.28767832,0.16544376,-0.19114999,-0.28712879,-0.19565782,0.19408373,-0.27861749,-0.21300694,-0.18613625,-0.26725200,0.86758756,-0.06760133,0.00255753,0.03747211,-0.06804508,0.99697501,1.27661605,0.07091723,0.00458065,1.00552552,-0.27945759,0.00513019,0.70011432,0.15126665,0.01364149,0.63126555,-0.22307019,0.02500697,-0.31226507,1.18439198,0.54246982,-0.49894353,2.17531719,-2.39556489,0.13613552,-3.19564724,-0.81513321,-0.23005455,1.34558537,0.04241334
0.40708436,0.06699557,0.04179241,-0.00226651,-0.01685581,0.15174248,-0.17535540,0.84158047,-1.60928040,0.18379838,-0.03386525,-1.21252680,-0.15037048,0.75246316,-1.58352253,0.16942849,0.69454530,-1.48400767,0.38580412,0.01985858,0.00186179,0.29238241,0.38199380,0.19170379,-0.28801391,0.16144665,-0.19203118,-0.28688718,-0.19996135,0.19351930,-0.27885881,-0.20222048,-0.18571771,-0.26695728,0.87186245,-0.06748019,0.00252327,0.03740853,-0.06725092,0.99703137,1.27614026,0.07118867,0.00436850,1.00605858,-0.27945281,0.00549522,0.69970033,0.15113927,0.01352360,0.64653342,-0.22435919,0.02542513,-0.27959893,1.12484694,0.38961172,-0.41795820,2.03142147,-2.07038121,0.07544011,-3.15814323,-0.64035060,-0.19851625,1.33920510,0.00075897
0.42013299,0.06412107,0.03262619,-0.01019032,-0.07582405,0.12254477,-0.17795134,0.85309227,-1.60662258,0.17996827,-0.01331937,-1.23201694,-0.14994258,0.71934303,-1.58863461,0.16767474,0.70880529,-1.48446693,0.38580412,0.01985858,0.00186179,0.29240376,0.37769220,0.19076918,-0.28828590,0.15785467,-0.19278464,-0.28635522,-0.20418965,0.19302408,-0.27903568,-0.19136758,-0.18539132,-0.26657815,0.87596934,-0.06740416,0.00247788,0.03706878,-0.06664963,0.99708455,1.27569166,0.07139913,0.00411786,1.00676110,-0.27948323,0.00604854,0.69928670,0.15107914,0.01336807,0.66162975,-0.22567619,0.02582561,-0.26686153,1.19841542,0.26292501,-0.39446166,2.13733726,-2.01332855,0.04215166,-3.45473433,-0.51676927,-0.17966589,1.49010110,-0.05301535
0.36696586,0.05041270,0.01961343,-0.01687227,-0.12626591,0.08158007,-0.18006425,0.86444440,-1.60570042,0.17664223,0.00694698,-1.24969068,-0.14964935,0.68585035,-1.59178197,0.16625119,0.72353097,-1.48552289,0.38580412,0.01985858,0.00186179,0.29233571,0.37350625,0.19000075,-0.28848000,0.15476046,-0.19335330,-0.28553776,-0.20829108,0.19260119,-0.27914734,-0.18057977,-0.18509671,-0.26620928,0.87989469,-0.06738373,0.00241896,0.03643035,-0.06620875,0.99713759,1.27524286,0.07156600,0.00385571,1.00773237,-0.27950121,0.00679796,0.69889689,0.15106578,0.01318838,0.67642770,-0.22698019,0.02612644,-0.19546387,1.07538190,0.07023050,-0.31100466,1.92112041,-1.66107588,0.02753097,-3.18106909,-0.27911366,-0.13210132,1.40147772,-0.10586150
0.38802067,0.04632195,0.01401452,-0.02706820,-0.20355410,0.06659024,-0.18167606,0.87525731,-1.60691106,0.17378473,0.02695235,-1.26567900,-0.14932740,0.65229160,-1.59269202,0.16513249,0.73861480,-1.48718560,0.38580412,0.01985858,0.00186179,0.29221162,0.36944207,0.18938490,-0.28858908,0.15234931,-0.19372430,-0.28441828,-0.21222530,0.19224311,-0.27920471,-0.16996806,-0.18479938,-0.26592666,0.88366629,-0.06742416,0.00234467,0.03549102,-0.06587844,0.99719352,1.27481182,0.07171339,0.00362255,1.00920643,-0.27950690,0.00779334,0.69857569,0.15106717,0.01300691,0.69086440,-0.22825756,0.02628496,-0.16071460,1.11640990,-0.15942751,-0.29089114,2.07993770,-1.64081144,0.03432669,-3.49555898,-0.06078183,-0.11211074,1.57618511,-0.18221138
0.37646024,0.03898029,0.01438753,-0.03375076,-0.25496937,0.05288781,-0.18294855,0.88430521,-1.61092227,0.17133771,0.04658314,-1.27987115,-0.14904489,0.61884543,-1.59107866,0.16423813,0.75421979,-1.48966601,0.38580412,0.01985858,0.00186179,0.29209921,0.36553225,0.18890340,-0.28861428,0.15110653,-0.19393105,-0.28295160,-0.21599460,0.19191960,-0.27919536,-0.15959290,-0.18452334,-0.26574077,0.88738252,-0.06752867,0.00225284,0.03423576,-0.06562187,0.99725454,1.27451639,0.07184740,0.00348493,1.01177385,-0.27958817,0.00914762,0.69839906,0.15103951,0.01290386,0.70498622,-0.22954825,0.02635844,-0.12930383,0.91819626,-0.41178993,-0.24889955,1.99893928,-1.44357276,0.02857149,-3.40655098,0.16715659,-0.09105884,1.59024653,-0.25379789
0.35281119,0.03228535,0.01026841,-0.03866070,-0.29317156,0.04177170,-0.18394825,0.89057770,-1.61728413,0.16912222,0.06584928,-1.29266603,-0.14895313,0.58533629,-1.58729296,0.16333447,0.77046671,-1.49301507,0.38580412,0.01985858,0.00186179,0.29196935,0.36176015,0.18849998,-0.28857980,0.15120504,-0.19401091,-0.28126546,-0.21966836,0.19156308,-0.27912326,-0.14936249,-0.18431260,-0.26561260,0.89102954,-0.06767099,0.00214712,0.03273802,-0.06540755,0.99731914,1.27431007,0.07196671,0.00338954,1.01560064,-0.27976822,0.01070389,0.69826185,0.15094104,0.01284609,0.71887427,-0.23089737,0.02635675,-0.09414479,0.58296819,-0.63518683,-0.21397099,1.87036147,-1.23399496,0.00666007,-3.25962801,0.38589638,-0.08862192,1.58466001,-0.33228199
0.36977012,0.03071704,0.00486367,-0.04724371,-0.35928778,0.03480689,-0.18451353,0.89313592,-1.62540743,0.16707472,0.08479800,-1.30430410,-0.14921078,0.55155412,-1.58120091,0.16240185,0.78724411,-1.49705863,0.38580412,0.01985858,0.00186179,0.29179951,0.35811613,0.18815171,-0.28848134,0.15279145,-0.19394111,-0.27950107,-0.22324992,0.19117192,-0.27900914,-0.13922018,-0.18421426,-0.26553557,0.89459130,-0.06783865,0.00202919,0.03102145,-0.06523990,0.99738524,1.27416551,0.07206005,0.00331817,1.02081721,-0.28003054,0.01229843,0.69814655,0.15078589,0.01279037,0.73256079,-0.23234782,0.02626394,-0.05440525,0.22938548,-0.85786575,-0.21191834,1.97131546,-1.20312567,-0.03072656,-3.52197123,0.65587457,-0.09660124,1.75104880,-0.42565462
0.32881244,0.02483562,-0.00279359,-0.04787522,-0.36483675,0.02129160,-0.18460721,0.89101485,-1.63397954,0.16515064,0.10350873,-1.31505172,-0.14996605,0.51745824,-1.57272832,0.16172365,0.80426593,-1.50148730,0.38580412,0.01985858,0.00186179,0.29157404,0.35458541,0.18784074,-0.28830844,0.15589808,-0.19374975,-0.27785446,-0.22670868,0.19083632,-0.27885389,-0.12914970,-0.18427092,-0.26549803,0.89806189,-0.06802679,0.00190048,0.02910666,-0.06512648,0.99745062,1.27406204,0.07211187,0.00326559,1.02744279,-0.28040324,0.01371958,0.69809274,0.15066858,0.01272014,0.74604765,-0.23393969,0.02607601,-0.00473257,-0.24827454,-0.81173714,-0.18166892,1.77388165,-1.01273527,-0.07672000,-3.23870564,0.82612869,-0.06066900,1.61681066,-0.42309231
0.35226006,0.02419812,-0.01254852,-0.05732932,-0.43746997,0.01548522,-0.18436712,0.88317293,-1.64095998,0.16329925,0.12208118,-1.32518542,-0.15131195,0.48313716,-1.56197417,0.16152456,0.82152641,-1.50640297,0.38580412,0.01985858,0.00186179,0.29128078,0.35114629,0.18754773,-0.28805351,0.16046492,-0.19352839,-0.27657706,-0.23003525,0.19061902,-0.27860513,-0.11915608,-0.18450626,-0.26547100,0.90144582,-0.06823189,0.00176195,0.02701818,-0.06505161,0.99751451,1.27397580,0.07212223,0.00322726,1.03541715,-0.28096156,0.01470372,0.69811554,0.15064849,0.01267564,0.75933619,-0.23570005,0.02580977,0.02929009,-0.90585643,-0.69513911,-0.19194371,1.93297482,-1.04749203,-0.14926307,-3.57803321,1.15360320,-0.01313351,1.80209422,-0.52040815
0.33819519,0.02151210,-0.02155746,-0.05964646,-0.45562792,0.01190273,-0.18400805,0.86815592,-1.64402540,0.16157349,0.14059492,-1.33484609,-0.15337034,0.44878093,-1.54884050,0.16167403,0.83939555,-1.51219847,0.38580412,0.01985858,0.00186179,0.29090544,0.34777943,0.18728248,-0.28770241,0.16653490,-0.19339161,-0.27592148,-0.23327878,0.19046937,-0.27821136,-0.10928657,-0.18495250,-0.26542071,0.90475176,-0.06845128,0.00161386,0.02476948,-0.06499690,0.99757670,1.27389245,0.07212042,0.00320303,1.04478445,-0.28181724,0.01498396,0.69816027,0.15067775,0.01269408,0.77238994,-0.23765923,0.02548473,0.03652076,-1.53740504,-0.30714404,-0.17556084,1.88554940,-0.98341306,-0.21039760,-3.49896765,1.34023685,0.01538263,1.82075431,-0.59115357
0.31888215,0.01869265,-0.02853572,-0.05974057,-0.45670863,0.00753255,-0.18367443,0.84748727,-1.64343088,0.15999896,0.15899471,-1.34406478,-0.15595389,0.41474884,-1.53385799,0.16193748,0.85778291,-1.51855004,0.38580412,0.01985858,0.00186179,0.29046903,0.34447182,0.18705265,-0.28728360,0.17371800,-0.19335703,-0.27573744,-0.23649846,0.19032706,-0.27773029,-0.09960714,-0.18555661,-0.26535137,0.90801475,-0.06868273,0.00145947,0.02241381,-0.06496024,0.99763503,1.27383461,0.07211982,0.00318542,1.05519162,-0.28293459,0.01473159,0.69819463,0.15070602,0.01273874,0.78518596,-0.23975560,0.02511766,0.03250018,-2.04801757,0.08334716,-0.15203904,1.78733768,-0.89215039,-0.25457268,-3.30384035,1.46976314,0.02639269,1.79081361,-0.61989625
0.34068090,0.01824314,-0.03666863,-0.06615313,-0.50595753,0.00506296,-0.18320552,0.82260438,-1.64004600,0.15854073,0.17720243,-1.35275178,-0.15890780,0.38157111,-1.51743629,0.16229099,0.87655505,-1.52508705,0.38580412,0.01985858,0.00186179,0.28998929,0.34122317,0.18685024,-0.28682765,0.18175721,-0.19334456,-0.27583245,-0.23972918,0.19019260,-0.27720382,-0.09023550,-0.18627593,-0.26526918,0.91126359,-0.06892937,0.00130025,0.01997628,-0.06493855,0.99768845,1.27382889,0.07211198,0.00316164,1.06642421,-0.28420358,0.01415683,0.69821154,0.15073430,0.01278546,0.79764271,-0.24193649,0.02472011,0.05156547,-2.62191582,0.37240384,-0.15103705,1.89493182,-0.89998537,-0.31032262,-3.44546728,1.72088134,0.03753118,1.95871732,-0.68122739
0.31279485,0.01478333,-0.03732905,-0.06176335,-0.47253039,0.00379820,-0.18219035,0.79525982,-1.63502033,0.15718104,0.19531109,-1.36094942,-0.16206100,0.35001307,-1.50027473,0.16270063,0.89573423,-1.53156221,0.38580412,0.01985858,0.00186179,0.28948286,0.33799665,0.18667197,-0.28635845,0.19033537,-0.19320148,-0.27602447,-0.24303006,0.19006023,-0.27665461,-0.08133357,-0.18706155,-0.26517015,0.91453283,-0.06919756,0.00113720,0.01747688,-0.06492150,0.99773667,1.27387004,0.07209975,0.00312441,1.07822650,-0.28543528,0.01345839,0.69818174,0.15075404,0.01282825,0.80964399,-0.24414185,0.02431271,0.10308317,-2.61179647,0.48815078,-0.12811799,1.71836751,-0.77390639,-0.30045105,-2.97704897,1.63274610,0.03923687,1.82428548,-0.61331390
0.34912743,0.01336360,-0.04426086,-0.06949851,-0.53189010,0.00515912,-0.18024449,0.76706040,-1.62932229,0.15592204,0.21350145,-1.36879671,-0.16520205,0.32105070,-1.48330164,0.16315910,0.91537881,-1.53784525,0.38580412,0.01985858,0.00186179,0.28896001,0.33474945,0.18651892,-0.28587689,0.19914078,-0.19279148,-0.27618033,-0.24644084,0.18992899,-0.27609308,-0.07310124,-0.18785401,-0.26506039,0.91785093,-0.06949771,0.00097026,0.01491683,-0.06490035,0.99777978,1.27394171,0.07208567,0.00308312,1.09033926,-0.28646172,0.01277968,0.69809027,0.15075524,0.01286693,0.82103075,-0.24629922,0.02389962,0.21775252,-2.94458103,0.60036778,-0.12964383,1.89671099,-0.81276888,-0.32617521,-2.97443557,1.76154065,0.04854425,2.05340981,-0.65127009
0.34800917,0.00918317,-0.04646132,-0.07070850,-0.54146908,0.01294071,-0.17723093,0.73927494,-1.62351539,0.15475174,0.23189782,-1.37630022,-0.16804310,0.29636892,-1.46792569,0.16381532,0.93555075,-1.54385376,0.38580412,0.01985858,0.00186179,0.28842039,0.33147348,0.18638817,-0.28536077,0.20791992,-0.19205574,-0.27616642,-0.24995906,0.18983803,-0.27552141,-0.06587815,-0.18857350,-0.26495655,0.92123778,-0.06984828,0.00079567,0.01224400,-0.06484025,0.99782022,1.27404549,0.07207400,0.00305961,1.10255380,-0.28719731,0.01225397,0.69794915,0.15074229,0.01289898,0.83150897,-0.24831014,0.02346383,0.30779026,-2.82880917,0.59131782,-0.11913196,1.87403316,-0.76382155,-0.28878153,-2.50788655,1.56292641,0.06730490,2.05517073,-0.61169064
0.33862040,0.00452628,-0.04806214,-0.07180737,-0.55079291,0.02781709,-0.17367965,0.71242024,-1.61780102,0.15361564,0.25059433,-1.38348668,-0.17041667,0.27638445,-1.45517616,0.16484891,0.95624954,-1.54968481,0.38580412,0.01985858,0.00186179,0.28786209,0.32816950,0.18626766,-0.28479808,0.21656512,-0.19114051,-0.27590261,-0.25354307,0.18983518,-0.27492890,-0.05968526,-0.18916823,-0.26485951,0.92468305,-0.07024700,0.00061026,0.00940969,-0.06470634,0.99785980,1.27416022,0.07207858,0.00306401,1.11474927,-0.28775557,0.01195949,0.69777997,0.15074276,0.01293319,0.84106708,-0.25012285,0.02300258,0.34739175,-2.60288315,0.55487754,-0.11048069,1.82111311,-0.69624779,-0.22654683,-1.90243378,1.21371548,0.10395150,2.01769676,-0.56627991
0.36899734,0.00159307,-0.05542609,-0.08244198,-0.63417148,0.04708198,-0.16994408,0.68645077,-1.61206717,0.15244149,0.26977996,-1.39035599,-0.17226060,0.26166506,-1.44595873,0.16624595,0.97773532,-1.55550148,0.38580412,0.01985858,0.00186179,0.28728608,0.32480648,0.18614041,-0.28419215,0.22509369,-0.19014855,-0.27534411,-0.25721352,0.18990728,-0.27430528,-0.05459548,-0.18961575,-0.26475541,0.92818594,-0.07068426,0.00041154,0.00636608,-0.06448920,0.99789801,1.27424927,0.07210117,0.00309393,1.12693279,-0.28822352,0.01194197,0.69755538,0.15074996,0.01298080,0.84963867,-0.25169566,0.02253067,0.38976928,-2.69869695,0.59871078,-0.12306086,2.00359731,-0.71260029,-0.18736756,-1.48433218,0.92529651,0.14790147,2.24652581,-0.60654581
0.34165679,0.00001859,-0.05294886,-0.08040465,-0.62104934,0.05766002,-0.16610988,0.66088517,-1.60589118,0.15114662,0.28954139,-1.39684675,-0.17357587,0.25260044,-1.44090273,0.16778623,1.00017565,-1.56138752,0.38580412,0.01985858,0.00186179,0.28670558,0.32136020,0.18598518,-0.28356522,0.23359595,-0.18911591,-0.27453270,-0.26099303,0.18998586,-0.27366778,-0.05066878,-0.18991338,-0.26464075,0.93174699,-0.07114335,0.00019927,0.00309596,-0.06419442,0.99793259,1.27428785,0.07213480,0.00314035,1.13918724,-0.28862998,0.01217287,0.69724691,0.15071630,0.01303780,0.85716323,-0.25299956,0.02206483,0.36498826,-2.42484202,0.59219599,-0.12426298,1.88087382,-0.61218377,-0.11992484,-0.80673342,0.43952862,0.14665640,2.13867002,-0.55925219
0.38061407,-0.00047871,-0.05804235,-0.09334868,-0.72502855,0.08112691,-0.16207130,0.63508493,-1.59865379,0.14967571,0.30983171,-1.40292251,-0.17425545,0.24950562,-1.44033349,0.16937970,1.02336931,-1.56718743,0.38580412,0.01985858,0.00186179,0.28614694,0.31782618,0.18578431,-0.28293893,0.24216853,-0.18802870,-0.27357250,-0.26485917,0.19004778,-0.27304450,-0.04798665,-0.19003566,-0.26456111,0.93536325,-0.07161229,-0.00002417,-0.00037789,-0.06381798,0.99796148,1.27426501,0.07217536,0.00320800,1.15160890,-0.28895582,0.01257443,0.69686897,0.15062411,0.01310244,0.86356153,-0.25398768,0.02158583,0.42423975,-2.69339228,0.77211851,-0.15600584,2.12114286,-0.62671304,-0.06069801,-0.23244134,-0.00825524,0.16679054,2.42596865,-0.60196221
0.37591544,-0.00160651,-0.05239010,-0.09415244,-0.73627486,0.10185141,-0.15776868,0.60846518,-1.58950872,0.14793719,0.33061072,-1.40865710,-0.17373131,0.25335962,-1.44440300,0.17121712,1.04693189,-1.57243690,0.38580412,0.01985858,0.00186179,0.28566093,0.31419686,0.18550249,-0.28232667,0.25086937,-0.18688235,-0.27256243,-0.26879878,0.19014989,-0.27245346,-0.04683689,-0.18985417,-0.26474188,0.93902622,-0.07209462,-0.00025440,-0.00401339,-0.06332028,0.99798516,1.27414871,0.07220978,0.00333426,1.16426428,-0.28918509,0.01309850,0.69641550,0.15050324,0.01320747,0.86856973,-0.25450674,0.02091906,0.43840126,-2.71238012,0.93401799,-0.17743126,2.11682973,-0.58380896,0.05535732,0.40030860,-0.41856366,0.18756273,2.39991879,-0.53360595
0.35955194,-0.00493648,-0.04040197,-0.09063799,-0.71550983,0.12651694,-0.15338183,0.58105515,-1.57843843,0.14593266,0.35170416,-1.41419823,-0.17164056,0.26289316,-1.45120208,0.17334136,1.07045984,-1.57683392,0.38580412,0.01985858,0.00186179,0.28529044,0.31048442,0.18513410,-0.28174389,0.25964670,-0.18573000,-0.27155418,-0.27281016,0.19031550,-0.27190208,-0.04704646,-0.18930461,-0.26543620,0.94269672,-0.07260503,-0.00048403,-0.00771373,-0.06268213,0.99800361,1.27390542,0.07222592,0.00354655,1.17706416,-0.28936283,0.01373626,0.69584301,0.15034927,0.01338836,0.87233391,-0.25453546,0.01985424,0.42626907,-2.67016697,1.09112062,-0.19687911,2.05275311,-0.53738755,0.21719262,0.96805195,-0.67570804,0.20822014,2.28607459,-0.41975181
0.38026852,-0.01280067,-0.02724258,-0.09554761,-0.76288352,0.16747319,-0.14908323,0.55309373,-1.56566517,0.14371399,0.37302399,-1.41962466,-0.16787679,0.27706907,-1.45953288,0.17560005,1.09377797,-1.58022745,0.38580412,0.01985858,0.00186179,0.28509446,0.30667973,0.18468896,-0.28120371,0.26842678,-0.18461336,-0.27053230,-0.27691569,0.19050641,-0.27139657,-0.04844028,-0.18836528,-0.26673177,0.94631677,-0.07317212,-0.00070655,-0.01140201,-0.06189048,0.99801757,1.27346540,0.07221098,0.00389076,1.18987761,-0.28953558,0.01456216,0.69506016,0.15008806,0.01369790,0.87497478,-0.25410929,0.01836269,0.44627783,-2.91618090,1.34376276,-0.23258103,2.22252822,-0.56486428,0.40602496,1.51160350,-0.87767237,0.23553631,2.42664809,-0.34418999
0.34702956,-0.01754849,-0.01381150,-0.08309634,-0.67283525,0.17783716,-0.14499569,0.52482439,-1.55167572,0.14140142,0.39449250,-1.42511492,-0.16302772,0.29421592,-1.46894555,0.17786159,1.11669600,-1.58252614,0.38580412,0.01985858,0.00186179,0.28504844,0.30277055,0.18419524,-0.28070362,0.27714814,-0.18355522,-0.26946081,-0.28113435,0.19069098,-0.27092298,-0.05062325,-0.18715618,-0.26836724,0.94992223,-0.07379676,-0.00091479,-0.01498186,-0.06096447,0.99802707,1.27286115,0.07217701,0.00434481,1.20266819,-0.28972056,0.01558763,0.69408822,0.14969493,0.01412546,0.87689550,-0.25339978,0.01668119,0.38567932,-2.68521118,1.33713019,-0.21985927,2.03859725,-0.52240260,0.46693614,1.64832244,-0.90317730,0.21448347,2.17041516,-0.20765762
0.39051125,-0.01996589,-0.01505317,-0.08349667,-0.68766829,0.21748563,-0.14116113,0.49628395,-1.53687179,0.13913777,0.41596448,-1.43081987,-0.15843840,0.31282067,-1.47968447,0.18022910,1.13868845,-1.58360314,0.38580412,0.01985858,0.00186179,0.28504023,0.29875220,0.18368882,-0.28024639,0.28578330,-0.18255731,-0.26833236,-0.28540840,0.19090721,-0.27045454,-0.05321355,-0.18598785,-0.26986233,0.95360996,-0.07443567,-0.00110120,-0.01833772,-0.05993320,0.99803333,1.27219744,0.07218109,0.00479384,1.21549268,-0.28988103,0.01670787,0.69309868,0.14925473,0.01458569,0.87852146,-0.25271882,0.01517790,0.39561462,-2.97716999,1.55298400,-0.23453309,2.23604584,-0.59787929,0.46832111,1.95489442,-1.13993883,0.24892202,2.27460265,-0.09348988
0.39531361,-0.01448079,-0.02374528,-0.07069189,-0.59234166,0.23083924,-0.13760723,0.46720109,-1.52133420,0.13704228,0.43708419,-1.43689060,-0.15597695,0.33301559,-1.49276142,0.18288491,1.15867388,-1.58292475,0.38580412,0.01985858,0.00186179,0.28497374,0.29463815,0.18319249,-0.27985888,0.29431675,-0.18161317,-0.26718853,-0.28964755,0.19122454,-0.26998789,-0.05628731,-0.18533267,-0.27073518,0.95745187,-0.07503419,-0.00125269,-0.02126841,-0.05879986,0.99804241,1.27156270,0.07229373,0.00511486,1.22840700,-0.28995047,0.01778521,0.69226222,0.14887870,0.01498585,0.87979167,-0.25247531,0.01423856,0.36165017,-2.96313996,1.58333240,-0.21325365,2.15028410,-0.61900749,0.24753262,2.05968437,-1.33538237,0.27065310,2.03251698,0.07176134
0.39307071,-0.00606605,-0.03370670,-0.05264076,-0.44987488,0.23358465,-0.13429917,0.43725889,-1.50520570,0.13506692,0.45754057,-1.44360867,-0.15570493,0.35525551,-1.50830894,0.18552268,1.17625396,-1.58007674,0.38580412,0.01985858,0.00186179,0.28482523,0.29048809,0.18269051,-0.27954101,0.30278324,-0.18071504,-0.26609681,-0.29390160,0.19158944,-0.26957706,-0.06003456,-0.18521428,-0.27098391,0.96145914,-0.07556820,-0.00136443,-0.02364882,-0.05760067,0.99805863,1.27103570,0.07249094,0.00528422,1.24144221,-0.28991628,0.01872842,0.69154976,0.14856030,0.01524817,0.88051570,-0.25264626,0.01384132,0.31960458,-2.91996408,1.57246785,-0.19136419,1.98233728,-0.66074531,0.01319424,2.17709942,-1.52812595,0.25364410,1.68791015,0.29717485
0.43511150,0.00061367,-0.04494290,-0.03786581,-0.32986579,0.24874969,-0.13123921,0.40605793,-1.48854811,0.13321734,0.47716649,-1.45148814,-0.15660341,0.37866693,-1.52512038,0.18758730,1.19105110,-1.57462771,0.38580412,0.01985858,0.00186179,0.28461046,0.28632030,0.18217457,-0.27927719,0.31121331,-0.17985655,-0.26511060,-0.29824824,0.19188105,-0.26927416,-0.06438714,-0.18537598,-0.27082214,0.96561578,-0.07603956,-0.00143000,-0.02530957,-0.05640264,0.99808623,1.27063730,0.07271781,0.00533327,1.25458474,-0.28981289,0.01949985,0.69088403,0.14822104,0.01533629,0.88075377,-0.25298135,0.01378831,0.31659564,-3.26294880,1.73955846,-0.19107087,2.03678226,-0.83357388,-0.09809993,2.44076772,-1.75268042,0.20733251,1.51528704,0.59136744
0.40388298,0.00468611,-0.04546557,-0.01543257,-0.13687353,0.20475828,-0.12836856,0.37330160,-1.47140930,0.13165603,0.49597687,-1.46095569,-0.15759133,0.40124425,-1.54090912,0.18880959,1.20286455,-1.56686137,0.38580412,0.01985858,0.00186179,0.28435741,0.28211187,0.18168692,-0.27903843,0.31962737,-0.17901447,-0.26427878,-0.30265679,0.19203893,-0.26902956,-0.06902238,-0.18555947,-0.27055026,0.96986356,-0.07646635,-0.00144746,-0.02612189,-0.05531041,0.99812640,1.27032259,0.07293785,0.00531898,1.26775480,-0.28970014,0.02007863,0.69027807,0.14783709,0.01532785,0.88076147,-0.25326347,0.01380715,0.27105085,-3.12402716,1.63098149,-0.14474814,1.77792854,-0.91432167,-0.09170386,2.12762275,-1.48073967,0.10836928,1.09312274,0.75615247
0.44389777,0.00710088,-0.05194070,0.00514339,0.04671008,0.17343044,-0.12551948,0.33877242,-1.45370853,0.13052505,0.51396948,-1.47202742,-0.15829679,0.42138335,-1.55388951,0.18984984,1.21163440,-1.55795991,0.38580412,0.01985858,0.00186179,0.28408402,0.27784050,0.18127254,-0.27882807,0.32804912,-0.17813771,-0.26365148,-0.30692515,0.19222143,-0.26861471,-0.07366519,-0.18569502,-0.27035504,0.97412761,-0.07686735,-0.00141966,-0.02602843,-0.05444328,0.99817655,1.27003546,0.07311139,0.00525595,1.28085609,-0.28962756,0.02043255,0.68992956,0.14759556,0.01546931,0.88070287,-0.25344883,0.01372898,0.29722601,-3.62394738,1.85272086,-0.11105090,1.86189628,-1.17658079,-0.06892346,2.05675507,-1.30501378,0.10947510,0.86815649,0.93862408
0.42819467,0.00884786,-0.04985413,0.02419689,0.22272814,0.09237756,-0.12242215,0.30191937,-1.43494155,0.12987487,0.53087699,-1.48436983,-0.15890825,0.43804320,-1.56288185,0.19151523,1.21724508,-1.54960551,0.38580412,0.01985858,0.00186179,0.28380487,0.27351104,0.18095174,-0.27870692,0.33654817,-0.17714406,-0.26330756,-0.31074635,0.19261616,-0.26773330,-0.07817812,-0.18585716,-0.27029859,0.97833652,-0.07723711,-0.00134891,-0.02494132,-0.05398641,0.99822922,1.26976769,0.07316133,0.00509795,1.29381690,-0.28964430,0.02049731,0.69017610,0.14776923,0.01607157,0.88056989,-0.25357879,0.01350628,0.31590022,-3.75641203,1.91322424,-0.06570419,1.72075291,-1.25798640,-0.06243222,1.69293046,-0.91139604,0.16966825,0.56852500,0.84947873
0.40213321,0.01415553,-0.04235036,0.03941154,0.36390796,-0.00331826,-0.11902101,0.26295298,-1.41476152,0.12960113,0.54682608,-1.49729240,-0.15965835,0.45186390,-1.56859117,0.19285647,1.22085030,-1.54225311,0.38580412,0.01985858,0.00186179,0.28355620,0.26914946,0.18071470,-0.27868634,0.34516405,-0.17603409,-0.26320968,-0.31420417,0.19295971,-0.26653967,-0.08256415,-0.18610208,-0.27034690,0.98248378,-0.07754687,-0.00124954,-0.02311437,-0.05396952,0.99827424,1.26954744,0.07309737,0.00486986,1.30665770,-0.28976726,0.02034651,0.69091405,0.14816268,0.01701653,0.88033710,-0.25366297,0.01320930,0.33264036,-3.80418329,1.97460258,-0.02392382,1.54361033,-1.25913219,-0.07446955,1.32340388,-0.53123038,0.12071928,0.33879877,0.70847074
0.42785348,0.02504604,-0.03385185,0.05520754,0.50736917,-0.08984462,-0.11545974,0.22224116,-1.39305072,0.12961343,0.56193600,-1.51043394,-0.16061634,0.46331952,-1.57147322,0.19258628,1.22327752,-1.53558614,0.38580412,0.01985858,0.00186179,0.28339192,0.26477082,0.18054383,-0.27876022,0.35386394,-0.17485316,-0.26329412,-0.31749310,0.19291456,-0.26526233,-0.08684262,-0.18644625,-0.27048901,0.98660316,-0.07776391,-0.00112770,-0.02071045,-0.05437017,0.99830541,1.26941548,0.07295719,0.00463171,1.31938453,-0.29001347,0.02009781,0.69193901,0.14849024,0.01812960,0.88002560,-0.25367602,0.01290291,0.37134102,-4.25350094,2.27445059,0.00320487,1.56695986,-1.36931527,-0.10180659,1.17443421,-0.27707515,-0.04719793,0.24585723,0.68971509
0.39281440,0.03280631,-0.01320916,0.05935079,0.53943427,-0.14146744,-0.11197733,0.18064359,-1.37020473,0.12976482,0.57631567,-1.52348735,-0.16179108,0.47290267,-1.57203259,0.19001821,1.22516789,-1.52945602,0.38580412,0.01985858,0.00186179,0.28338307,0.26039712,0.18040387,-0.27892319,0.36251296,-0.17367138,-0.26346903,-0.32073152,0.19229361,-0.26404120,-0.09103224,-0.18688770,-0.27071216,0.99075204,-0.07788482,-0.00098699,-0.01789045,-0.05509052,0.99832059,1.26941815,0.07277181,0.00445987,1.33195458,-0.29038948,0.01991404,0.69312629,0.14853172,0.01934187,0.87970903,-0.25362136,0.01267091,0.32893680,-3.95240345,2.17660694,0.01512522,1.35834107,-1.23712294,-0.11343571,0.89383996,-0.03344979,-0.26614337,0.17613902,0.57679814
0.43384219,0.04400018,0.00420548,0.07274084,0.65095779,-0.19062628,-0.10876336,0.13944237,-1.34695101,0.12991433,0.59010291,-1.53628349,-0.16310711,0.48105651,-1.57082021,0.18554403,1.22666764,-1.52396166,0.38580412,0.01985858,0.00186179,0.28352684,0.25604034,0.18025916,-0.27916376,0.37086574,-0.17254823,-0.26369356,-0.32387316,0.19118867,-0.26287809,-0.09514588,-0.18739861,-0.27099469,0.99493189,-0.07793866,-0.00082927,-0.01478702,-0.05598715,0.99832164,1.26952167,0.07256209,0.00436308,1.34417935,-0.29087175,0.01983327,0.69446655,0.14826371,0.02064875,0.87942941,-0.25352384,0.01253214,0.33020505,-4.28065252,2.42538738,0.01504831,1.42794096,-1.32869172,-0.13878010,0.82965565,0.15057623,-0.49136204,0.15018880,0.56229532
0.42472604,0.04616596,0.01764070,0.07625948,0.67136379,-0.18075373,-0.10598522,0.10063582,-1.32409058,0.12988536,0.60341446,-1.54874020,-0.16439977,0.48805431,-1.56813784,0.18066272,1.22725918,-1.51978757,0.38580412,0.01985858,0.00186179,0.28379477,0.25170102,0.18006417,-0.27947811,0.37845140,-0.17155282,-0.26408775,-0.32660232,0.18998293,-0.26162342,-0.09920180,-0.18792903,-0.27133809,0.99912130,-0.07796134,-0.00065356,-0.01147667,-0.05687714,0.99831501,1.26964486,0.07235005,0.00431666,1.35563922,-0.29138767,0.01970702,0.69621020,0.14788696,0.02217134,0.87921689,-0.25340719,0.01245668,0.28240300,-3.94812388,2.32737455,-0.00327693,1.35538173,-1.26832714,-0.13147907,0.71181982,0.27451515,-0.49624838,0.05859666,0.42245121
0.40608338,0.04333794,0.02743292,0.07671028,0.66522085,-0.14164817,-0.10363097,0.06535336,-1.30204830,0.12962435,0.61641357,-1.56086392,-0.16553182,0.49444719,-1.56456499,0.17655573,1.22638700,-1.51797988,0.38580412,0.01985858,0.00186179,0.28413926,0.24737431,0.17980435,-0.27984965,0.38502980,-0.17069966,-0.26481445,-0.32850714,0.18897896,-0.26019131,-0.10325805,-0.18843508,-0.27173162,1.00331606,-0.07799575,-0.00046405,-0.00804620,-0.05762154,0.99830597,1.26973503,0.07215280,0.00428961,1.36614900,-0.29186154,0.01932481,0.69873355,0.14752471,0.02394795,0.87906328,-0.25329906,0.01240763,0.22544427,-3.39826570,2.13531265,-0.02692019,1.26149058,-1.17561221,-0.10830661,0.61850348,0.35244225,-0.39160922,-0.10066231,0.15032690
0.43625988,0.04205578,0.03797325,0.08497113,0.72895680,-0.11148239,-0.10173242,0.03411809,-1.28098738,0.12923931,0.62913936,-1.57254770,-0.16640538,0.50055896,-1.56049683,0.17328753,1.22298474,-1.51954029,0.38580412,0.01985858,0.00186179,0.28453796,0.24305554,0.17951427,-0.28026594,0.39048832,-0.17001003,-0.26597710,-0.32906436,0.18820949,-0.25869702,-0.10735127,-0.18888239,-0.27215217,1.00751854,-0.07807559,-0.00026396,-0.00453452,-0.05817387,0.99829613,1.26977988,0.07199227,0.00427202,1.37561684,-0.29229085,0.01856086,0.70254236,0.14708144,0.02584094,0.87895484,-0.25321047,0.01238579,0.19343401,-3.21731830,2.18493037,-0.04037656,1.32337651,-1.21251941,-0.08824095,0.63532661,0.42646226,-0.33448523,-0.38331149,-0.19457934
0.39851744,0.03181480,0.04140539,0.07875904,0.67070304,-0.06676218,-0.10032880,0.00667263,-1.26088922,0.12890312,0.64167496,-1.58367517,-0.16692861,0.50660601,-1.55622747,0.17009774,1.21562295,-1.52402875,0.38580412,0.01985858,0.00186179,0.28497864,0.23872790,0.17924649,-0.28070778,0.39492197,-0.16949482,-0.26755303,-0.32794438,0.18751472,-0.25750479,-0.11149318,-0.18923891,-0.27258521,1.01172675,-0.07822580,-0.00005763,-0.00098488,-0.05854247,0.99828443,1.26976939,0.07188854,0.00427086,1.38413048,-0.29271896,0.01742561,0.70794776,0.14633513,0.02747385,0.87887876,-0.25313579,0.01239343,0.12856323,-2.57164540,1.89879842,-0.03090654,1.18837113,-1.05059681,-0.04612481,0.57388438,0.40635766,-0.30609308,-0.74036254,-0.44851636
0.43721989,0.02613781,0.05322825,0.08677574,0.73548216,-0.04587150,-0.09930874,-0.01765566,-1.24176145,0.12872604,0.65410709,-1.59413803,-0.16706403,0.51268619,-1.55182195,0.16561376,1.20355546,-1.52970374,0.38580412,0.01985858,0.00186179,0.28546181,0.23437199,0.17903491,-0.28116532,0.39853837,-0.16911415,-0.26943631,-0.32527804,0.18656453,-0.25702801,-0.11568649,-0.18949225,-0.27303915,1.01592852,-0.07845760,0.00015103,0.00256494,-0.05877859,0.99826774,1.26969154,0.07183564,0.00429650,1.39186676,-0.29317339,0.01602551,0.71479227,0.14499057,0.02843380,0.87880369,-0.25306417,0.01242266,0.10125431,-2.49055433,1.97783101,-0.01577474,1.29372621,-1.07955933,-0.00829808,0.63405925,0.46099719,-0.49188545,-1.32827449,-0.60138106
0.42348091,0.01721327,0.06092559,0.08458863,0.71450293,-0.04156844,-0.09829520,-0.03898489,-1.22419639,0.12880718,0.66637332,-1.60362439,-0.16684598,0.51876140,-1.54714968,0.15911413,1.18733296,-1.53573520,0.38580412,0.01985858,0.00186179,0.28600832,0.22998147,0.17891319,-0.28165450,0.40141841,-0.16875532,-0.27153788,-0.32137769,0.18513777,-0.25731956,-0.11992731,-0.18965278,-0.27352473,1.02008525,-0.07877930,0.00035999,0.00609115,-0.05898066,0.99824048,1.26953507,0.07180687,0.00435381,1.39883840,-0.29363076,0.01447043,0.72274509,0.14291517,0.02868875,0.87865920,-0.25299012,0.01248358,0.10365289,-2.16892772,1.78645973,0.00860476,1.24903848,-0.96487205,0.02247923,0.61866438,0.47627818,-0.66307847,-1.65503018,-0.61552128
0.39453690,0.00852612,0.06863314,0.08012658,0.67401148,-0.05585705,-0.09691066,-0.05756309,-1.20875540,0.12914476,0.67841008,-1.61207199,-0.16643513,0.52477160,-1.54219358,0.15219292,1.16933408,-1.54281385,0.38580412,0.01985858,0.00186179,0.28662924,0.22556768,0.17888101,-0.28218827,0.40367550,-0.16830602,-0.27376215,-0.31675650,0.18357581,-0.25777670,-0.12419043,-0.18976400,-0.27402882,1.02414869,-0.07916873,0.00056892,0.00958029,-0.05925655,0.99819665,1.26929560,0.07176896,0.00444097,1.40507672,-0.29405164,0.01286709,0.73133579,0.14059331,0.02885255,0.87837947,-0.25290696,0.01260043,0.13858800,-1.78220539,1.48081579,0.03483991,1.16836236,-0.81241727,0.04123623,0.58411362,0.48373740,-0.66841443,-1.75815823,-0.69921016
0.40497826,0.00060416,0.08580826,0.08393556,0.70209978,-0.08097038,-0.09503019,-0.07287093,-1.19613199,0.12972033,0.69026469,-1.61938040,-0.16583667,0.53086929,-1.53709924,0.14603078,1.15027022,-1.55096605,0.38580412,0.01985858,0.00186179,0.28734287,0.22112983,0.17893499,-0.28276394,0.40523841,-0.16773386,-0.27606906,-0.31157832,0.18217087,-0.25815057,-0.12847661,-0.18982404,-0.27454788,1.02804737,-0.07962256,0.00077569,0.01297927,-0.05963452,0.99813559,1.26890936,0.07171031,0.00457893,1.41043148,-0.29441365,0.01127381,0.74037605,0.13835102,0.02919230,0.87788297,-0.25279894,0.01279499,0.20024459,-1.56244686,1.28682549,0.06188415,1.23387721,-0.75087541,0.06430968,0.63731667,0.53069890,-0.63279716,-1.99560518,-0.85504049
0.34150144,-0.00945412,0.09120275,0.07242104,0.60157435,-0.07922405,-0.09276831,-0.08412724,-1.18714194,0.13047562,0.70214478,-1.62555573,-0.16496433,0.53741198,-1.53218586,0.14061074,1.12969241,-1.55908992,0.38580412,0.01985858,0.00186179,0.28817405,0.21666061,0.17905928,-0.28334967,0.40599924,-0.16707307,-0.27837933,-0.30588316,0.18094043,-0.25861746,-0.13280098,-0.18980273,-0.27508673,1.03166886,-0.08014889,0.00097408,0.01618775,-0.06004865,0.99806371,1.26823511,0.07164193,0.00482437,1.41470795,-0.29469457,0.00979472,0.74968629,0.13616057,0.02955659,0.87706920,-0.25266012,0.01308731,0.21745614,-1.02763879,0.81621377,0.07309504,1.12868202,-0.57582659,0.08569708,0.62649516,0.46335361,-0.50944935,-1.96990638,-0.76600446
0.36543003,-0.02179168,0.10641380,0.07236294,0.59712881,-0.06809124,-0.09040810,-0.09024441,-1.18317771,0.13135642,0.71426886,-1.63067412,-0.16375470,0.54475254,-1.52777553,0.13539359,1.10674345,-1.56624806,0.38580412,0.01985858,0.00186179,0.28905749,0.21215474,0.17923780,-0.28390417,0.40580336,-0.16639724,-0.28054398,-0.29956136,0.17976273,-0.25945029,-0.13717845,-0.18967521,-0.27564396,1.03516813,-0.08076949,0.00115645,0.01911230,-0.06038670,0.99799140,1.26738663,0.07158007,0.00515333,1.41794749,-0.29488249,0.00851352,0.75946720,0.13380134,0.02960721,0.87612040,-0.25252057,0.01341353,0.24611223,-0.55628455,0.33202764,0.09345635,1.26725423,-0.51774085,0.13116188,0.77769899,0.45083460,-0.54240972,-2.42903829,-0.72874123
0.37255080,-0.02948434,0.10123268,0.06326839,0.51989538,-0.03872164,-0.08830644,-0.08901054,-1.18739829,0.13237160,0.72664480,-1.63456335,-0.16223834,0.55318605,-1.52408545,0.13038763,1.08050826,-1.57242889,0.38580412,0.01985858,0.00186179,0.28989266,0.20762541,0.17947648,-0.28441347,0.40429116,-0.16578888,-0.28229411,-0.29230275,0.17863660,-0.26071807,-0.14163290,-0.18944306,-0.27620324,1.03880073,-0.08150307,0.00131611,0.02168156,-0.06057432,0.99792732,1.26661027,0.07154245,0.00547919,1.42007068,-0.29497561,0.00759855,0.77025098,0.13117735,0.02917459,0.87529369,-0.25242409,0.01368943,0.21366741,0.13486834,-0.44094985,0.10353757,1.26060371,-0.39462909,0.15462472,0.86008372,0.37515559,-0.50924205,-2.67560730,-0.62925811
0.37813455,-0.03197930,0.09075394,0.05370003,0.44016244,-0.02922501,-0.08641503,-0.08105615,-1.19977360,0.13347012,0.73906672,-1.63732643,-0.16064341,0.56236540,-1.52083480,0.12591798,1.05187590,-1.57864666,0.38580412,0.01985858,0.00186179,0.29064531,0.20309223,0.17975803,-0.28490906,0.40159798,-0.16522285,-0.28355088,-0.28419095,0.17762839,-0.26210484,-0.14613120,-0.18917505,-0.27674708,1.04264375,-0.08230294,0.00145899,0.02397700,-0.06071719,0.99786592,1.26603248,0.07150499,0.00573626,1.42124651,-0.29499869,0.00709443,0.78208598,0.12847180,0.02854047,0.87465406,-0.25236467,0.01389823,0.18390690,0.82207890,-1.26353698,0.10703082,1.20759110,-0.25978883,0.15454392,0.89642603,0.31411051,-0.42900916,-2.79773073,-0.60960052
0.42650803,-0.03350045,0.09179855,0.05169686,0.42254519,-0.05219567,-0.08440568,-0.06769007,-1.21866558,0.13456336,0.75148717,-1.63898518,-0.15920019,0.57193248,-1.51771879,0.12213176,1.02181191,-1.58573971,0.38580412,0.01985858,0.00186179,0.29131796,0.19854565,0.18005743,-0.28541381,0.39795774,-0.16461464,-0.28439748,-0.27535818,0.17675564,-0.26333857,-0.15062036,-0.18894102,-0.27726648,1.04669257,-0.08312528,0.00159047,0.02603504,-0.06095130,0.99779987,1.26567807,0.07142698,0.00590414,1.42165499,-0.29495428,0.00692047,0.79489593,0.12583198,0.02797938,0.87419472,-0.25232840,0.01405148,0.21173525,1.43194005,-2.01310511,0.11342279,1.29390945,-0.16304552,0.14795176,0.99866533,0.32466647,-0.38847010,-3.14044638,-0.74945086
0.40318112,-0.02719316,0.08059519,0.04163339,0.33848145,-0.07841231,-0.08219650,-0.05089999,-1.24085348,0.13559022,0.76392943,-1.63952491,-0.15803499,0.58172736,-1.51453629,0.11886857,0.99097819,-1.59398661,0.38580412,0.01985858,0.00186179,0.29193339,0.19397269,0.18035781,-0.28593634,0.39370949,-0.16395937,-0.28503700,-0.26595047,0.17596565,-0.26430145,-0.15507351,-0.18878146,-0.27777291,1.05090068,-0.08393701,0.00171251,0.02785157,-0.06134429,0.99772653,1.26550708,0.07129970,0.00599704,1.42155886,-0.29489281,0.00689639,0.80851006,0.12328352,0.02763194,0.87386852,-0.25229926,0.01416048,0.21101649,1.61815350,-2.12405405,0.09673581,1.18112798,-0.04066858,0.10793545,0.93166878,0.30305716,-0.30583709,-2.93199139,-0.79315041
0.45182144,-0.02524929,0.08711555,0.03809133,0.30706411,-0.11448515,-0.08005771,-0.03248854,-1.26323533,0.13655560,0.77636147,-1.63887608,-0.15701766,0.59186441,-1.51130688,0.11613057,0.95973253,-1.60299587,0.38580412,0.01985858,0.00186179,0.29251677,0.18939522,0.18066147,-0.28646661,0.38917900,-0.16334596,-0.28563160,-0.25613136,0.17526448,-0.26498848,-0.15949523,-0.18866024,-0.27830386,1.05520494,-0.08472270,0.00182186,0.02937630,-0.06187236,0.99765000,1.26547153,0.07115250,0.00605015,1.42121847,-0.29490427,0.00688516,0.82269217,0.12084656,0.02752829,0.87362088,-0.25222985,0.01421291,0.22045708,1.93579161,-2.32374668,0.09974278,1.29462028,0.08556246,0.10459497,1.06174493,0.33672151,-0.27675086,-3.25971079,-0.94762439
0.44342569,-0.02122911,0.08434848,0.02803263,0.22406426,-0.12186069,-0.07818537,-0.01365658,-1.28367481,0.13757528,0.78855935,-1.63684096,-0.15600136,0.60263903,-1.50828593,0.11470416,0.92839257,-1.61203930,0.38580412,0.01985858,0.00186179,0.29307783,0.18491307,0.18100449,-0.28696492,0.38463304,-0.16283529,-0.28623562,-0.24606877,0.17487427,-0.26534212,-0.16387517,-0.18852783,-0.27888230,1.05954084,-0.08547819,0.00190907,0.03048629,-0.06246720,0.99757947,1.26558945,0.07104476,0.00611291,1.42085584,-0.29502383,0.00684221,0.83720954,0.11872671,0.02773572,0.87342725,-0.25209015,0.01419553,0.19045596,1.91805696,-2.07897823,0.10409636,1.24177394,0.20884804,0.10337895,1.09832420,0.30716125,-0.14346630,-3.19204059,-0.92058311
0.42123639,-0.01779366,0.07811294,0.01645133,0.13033031,-0.10991245,-0.07649354,0.00518080,-1.30201368,0.13876697,0.80027057,-1.63364100,-0.15513839,0.61413183,-1.50573013,0.11448747,0.89698766,-1.62065084,0.38580412,0.01985858,0.00186179,0.29361202,0.18062076,0.18141349,-0.28740404,0.38017413,-0.16240018,-0.28684094,-0.23586513,0.17478650,-0.26545107,-0.16820090,-0.18842406,-0.27945755,1.06385969,-0.08621212,0.00197117,0.03119249,-0.06303566,0.99752175,1.26588033,0.07102140,0.00620798,1.42056639,-0.29517747,0.00677108,0.85187326,0.11687514,0.02816095,0.87327762,-0.25196387,0.01415448,0.16315319,1.83175554,-1.76690814,0.11704440,1.13412342,0.31994978,0.08164620,1.12367373,0.24348695,-0.01470161,-3.05495362,-0.83284180
0.44918407,-0.01665094,0.07898728,0.00720288,0.05669709,-0.09732766,-0.07498619,0.02411014,-1.31842501,0.13998125,0.81167096,-1.62942643,-0.15455528,0.62644045,-1.50386932,0.11483572,0.86527076,-1.62857444,0.38580412,0.01985858,0.00186179,0.29410145,0.17648163,0.18184440,-0.28778738,0.37578876,-0.16203868,-0.28744069,-0.22550218,0.17482661,-0.26542498,-0.17246608,-0.18838026,-0.27998105,1.06815691,-0.08692450,0.00200558,0.03149853,-0.06351142,0.99748189,1.26627658,0.07106839,0.00631407,1.42035976,-0.29531567,0.00666076,0.86664890,0.11509060,0.02867648,0.87319143,-0.25190975,0.01412040,0.15516709,1.97320588,-1.69341254,0.12517869,1.18776560,0.44689175,0.05828999,1.28966713,0.18684565,0.03849771,-3.30779538,-0.81762964
0.40986139,-0.01275253,0.06517028,-0.00244124,-0.01893290,-0.06355361,-0.07368478,0.04319387,-1.33314865,0.14090602,0.82401398,-1.62464995,-0.15414973,0.63952913,-1.50277064,0.11530898,0.83312163,-1.63533108,0.38580412,0.01985858,0.00186179,0.29452248,0.17217718,0.18220066,-0.28808097,0.37145997,-0.16175228,-0.28802449,-0.21504100,0.17487984,-0.26536167,-0.17666101,-0.18836457,-0.28045061,1.07245605,-0.08761497,0.00201235,0.03143261,-0.06385875,0.99746178,1.26646178,0.07114220,0.00644150,1.42025681,-0.29541522,0.00649798,0.88147129,0.11325914,0.02916081,0.87321709,-0.25191397,0.01407187,0.12161416,1.81260030,-1.38255787,0.08409529,1.18654370,0.45630402,0.03751943,1.24900427,0.09735922,0.04521383,-3.05512061,-0.62837039
0.45309648,-0.01120508,0.06045908,-0.01206007,-0.09359772,-0.04323754,-0.07259301,0.06234764,-1.34641647,0.14145783,0.83943272,-1.62025511,-0.15376107,0.65320718,-1.50232542,0.11580560,0.80077642,-1.64040744,0.38580412,0.01985858,0.00186179,0.29484639,0.16721086,0.18243425,-0.28811412,0.36720767,-0.16153633,-0.28856161,-0.20464172,0.17492764,-0.26532125,-0.18075718,-0.18833156,-0.28089528,1.07677962,-0.08828474,0.00199342,0.03102763,-0.06408348,0.99746008,1.26596101,0.07125250,0.00673227,1.42029734,-0.29548280,0.00628477,0.89620496,0.11139177,0.02952513,0.87340863,-0.25193734,0.01395111,0.11057965,1.99573481,-1.36126566,0.05207024,1.66048849,0.44792888,0.04075653,1.43270934,0.03720820,0.05202647,-3.37085104,-0.50206482
0.44180859,-0.00775582,0.04584768,-0.01940620,-0.15021475,-0.02081951,-0.07183372,0.08139787,-1.35835996,0.14167154,0.86018788,-1.61855702,-0.15341848,0.66742227,-1.50263336,0.11645259,0.76869134,-1.64335701,0.38580412,0.01985858,0.00186179,0.29503388,0.16129868,0.18249325,-0.28745159,0.36308707,-0.16141774,-0.28898315,-0.19449336,0.17501070,-0.26530665,-0.18472058,-0.18828503,-0.28129191,1.08109219,-0.08891933,0.00194911,0.03028885,-0.06418839,0.99747613,1.26445082,0.07139494,0.00758229,1.42049551,-0.29554290,0.00605073,0.91063427,0.10957628,0.02972723,0.87376252,-0.25197561,0.01374197,0.07683452,1.94004593,-1.21520219,0.02143697,2.11996760,0.16671020,0.03471755,1.44853389,-0.03248188,0.06621323,-3.26745830,-0.29800996
0.40724029,-0.00372107,0.03468220,-0.02422601,-0.18742120,0.00683446,-0.07146307,0.10024288,-1.36938090,0.14174524,0.88494610,-1.62234330,-0.15321186,0.68216898,-1.50381176,0.11733080,0.73688802,-1.64446657,0.38580412,0.01985858,0.00186179,0.29514411,0.15525882,0.18237146,-0.28574829,0.35908713,-0.16140680,-0.28928796,-0.18459638,0.17515694,-0.26529293,-0.18859093,-0.18825012,-0.28157958,1.08527372,-0.08950098,0.00188695,0.02933297,-0.06416742,0.99750617,1.26261933,0.07147475,0.00939582,1.42072091,-0.29558567,0.00585615,0.92464086,0.10786382,0.02985118,0.87411752,-0.25203623,0.01356453,0.03275027,1.83028655,-1.06480918,0.00823488,2.42800221,-0.42680500,0.01895378,1.43796203,-0.12198488,0.08705345,-3.09116645,-0.09290179
0.41502918,-0.00000842,0.03277511,-0.02934942,-0.22745288,0.04047031,-0.07150415,0.11885429,-1.37962608,0.14223636,0.91068600,-1.63372388,-0.15314739,0.69733573,-1.50578101,0.11836090,0.70498443,-1.64357743,0.38580412,0.01985858,0.00186179,0.29523613,0.15032733,0.18218859,-0.28280203,0.35517768,-0.16150848,-0.28950522,-0.17488812,0.17534900,-0.26530243,-0.19238766,-0.18822994,-0.28174046,1.08925144,-0.09001731,0.00181176,0.02824311,-0.06398984,0.99754917,1.26162463,0.07147099,0.01243410,1.42088242,-0.29558254,0.00573091,0.93820075,0.10623970,0.02993370,0.87439075,-0.25212347,0.01349567,-0.00792891,1.93662283,-1.06105208,0.05824975,2.67026262,-1.25564923,0.00545531,1.58223948,-0.21047889,0.10795928,-3.32661405,0.11180042
0.36330308,0.00415363,0.02346292,-0.02785400,-0.21679708,0.06831178,-0.07194725,0.13722496,-1.38929672,0.14376426,0.93210393,-1.65090928,-0.15321254,0.71252145,-1.50804660,0.11943073,0.67242706,-1.64034848,0.38580412,0.01985858,0.00186179,0.29528049,0.14771631,0.18217224,-0.27906381,0.35132896,-0.16171861,-0.28965493,-0.16527521,0.17556222,-0.26538180,-0.19610375,-0.18823127,-0.28181978,1.09307527,-0.09046773,0.00172893,0.02709774,-0.06364869,0.99760291,1.26274538,0.07145474,0.01621668,1.42100339,-0.29552404,0.00562555,0.95145165,0.10467513,0.02989868,0.87464004,-0.25225074,0.01346070,-0.04572869,1.74121850,-0.91329222,0.15629319,1.97122612,-1.67050297,-0.00730356,1.43970070,-0.21566319,0.10166748,-3.09794412,0.32944548
0.38483863,0.00934388,0.01752007,-0.03022472,-0.23698071,0.11109753,-0.07279930,0.15527833,-1.39854300,0.14658602,0.94357228,-1.66810250,-0.15331422,0.72741508,-1.51030564,0.12058395,0.63883352,-1.63451564,0.38580412,0.01985858,0.00186179,0.29526520,0.14798789,0.18253126,-0.27557313,0.34754118,-0.16203726,-0.28973707,-0.15568541,0.17581249,-0.26554579,-0.19972129,-0.18823342,-0.28185569,1.09677263,-0.09085408,0.00164256,0.02595291,-0.06314238,0.99766567,1.26659234,0.07156310,0.01969206,1.42111178,-0.29541473,0.00552813,0.96449508,0.10318361,0.02971940,0.87491341,-0.25240563,0.01340951,-0.09491294,1.87542284,-0.95722073,0.31363404,1.02686882,-1.76574278,-0.01063198,1.54632318,-0.23476778,0.12177880,-3.51576495,0.64705306
0.36501862,0.01453367,0.00894356,-0.02906113,-0.23007517,0.14415152,-0.07419606,0.17286055,-1.40729465,0.15087894,0.94070685,-1.67872314,-0.15340905,0.74222128,-1.51293073,0.12212557,0.60415891,-1.62570376,0.38580412,0.01985858,0.00186179,0.29517556,0.15120658,0.18346412,-0.27336254,0.34384776,-0.16250310,-0.28972863,-0.14612037,0.17618941,-0.26576912,-0.20324830,-0.18821607,-0.28179394,1.10034740,-0.09116035,0.00155329,0.02481848,-0.06244022,0.99773887,1.27324763,0.07202061,0.02181301,1.42125223,-0.29526482,0.00544693,0.97733356,0.10187194,0.02940644,0.87521905,-0.25256788,0.01338162,-0.14296414,1.79025743,-0.89075164,0.43862526,-0.30714805,-1.07225578,-0.00987069,1.50833061,-0.26811494,0.15789469,-3.53243680,0.90086721
0.33833520,0.02053966,0.00077731,-0.02839357,-0.22786088,0.16685694,-0.07611246,0.19006606,-1.41555934,0.15597281,0.92712176,-1.68266478,-0.15372175,0.75724716,-1.51605077,0.12440716,0.56905681,-1.61437526,0.38580412,0.01985858,0.00186179,0.29502332,0.15634845,0.18478283,-0.27230415,0.34024821,-0.16311131,-0.28962415,-0.13666084,0.17678517,-0.26601503,-0.20673064,-0.18824225,-0.28160809,1.10383046,-0.09138514,0.00145993,0.02364761,-0.06159437,0.99782002,1.28171821,0.07276565,0.02271917,1.42143457,-0.29510498,0.00539916,0.98994981,0.10086569,0.02900829,0.87551755,-0.25277262,0.01341523,-0.19022574,1.67016585,-0.79929231,0.49674337,-1.38906639,-0.33982994,-0.03327404,1.46257384,-0.30590693,0.22920705,-3.41312394,1.12087327
0.35308069,0.02850776,-0.00570713,-0.03259935,-0.26550033,0.19340213,-0.07847446,0.20694647,-1.42321944,0.16077951,0.90635527,-1.68216717,-0.15438070,0.77243497,-1.51936133,0.12761848,0.53412490,-1.60065444,0.38580412,0.01985858,0.00186179,0.29482031,0.16284763,0.18613623,-0.27200610,0.33675219,-0.16384534,-0.28942430,-0.12740952,0.17765455,-0.26629438,-0.21016208,-0.18835550,-0.28134919,1.10722943,-0.09152982,0.00136084,0.02237868,-0.06067287,0.99790588,1.29142838,0.07350591,0.02281421,1.42165079,-0.29496663,0.00539601,1.00228172,0.10025210,0.02852593,0.87579568,-0.25303621,0.01347111,-0.24946070,1.75549157,-0.79165989,0.49245652,-2.21034727,0.07924139,-0.07154531,1.58285046,-0.34496483,0.34280269,-3.63456597,1.44985604
0.31366612,0.03024395,-0.00970300,-0.03279741,-0.27124618,0.17875558,-0.08116090,0.22350929,-1.43007574,0.16423985,0.88199984,-1.67958534,-0.15519944,0.78773389,-1.52269132,0.13171293,0.49995892,-1.58469284,0.38580412,0.01985858,0.00186179,0.29458225,0.17012755,0.18717462,-0.27208500,0.33336857,-0.16467659,-0.28915193,-0.11847663,0.17879060,-0.26665297,-0.21352589,-0.18850492,-0.28109117,1.11054921,-0.09161201,0.00125470,0.02095966,-0.05973509,0.99799341,1.30178886,0.07393291,0.02249725,1.42189451,-0.29487807,0.00543031,1.01424516,0.10003433,0.02792928,0.87606240,-0.25330104,0.01349108,-0.25756157,1.56903160,-0.64256359,0.31300577,-2.33297639,0.25749042,-0.07803378,1.45316877,-0.31626655,0.39645555,-3.23344045,1.53515768
0.33656293,0.03530501,-0.01440508,-0.03998483,-0.33597839,0.20018362,-0.08404353,0.23983604,-1.43602085,0.16583325,0.85691470,-1.67621946,-0.15580216,0.80330068,-1.52623808,0.13664113,0.46712932,-1.56654537,0.38580412,0.01985858,0.00186179,0.29432157,0.17761258,0.18771749,-0.27230963,0.33007574,-0.16557391,-0.28884146,-0.10999458,0.18019126,-0.26715843,-0.21682541,-0.18857661,-0.28087039,1.11379941,-0.09165796,0.00114051,0.01936543,-0.05878115,0.99808239,1.31221862,0.07391349,0.02201194,1.42215808,-0.29483188,0.00548011,1.02571626,0.10019891,0.02716314,0.87633760,-0.25347973,0.01345117,-0.30269006,1.69765007,-0.60553849,0.13698824,-2.61443830,0.35893914,-0.05807168,1.62635732,-0.37382540,0.52567011,-3.39779997,1.92286062
0.32377589,0.03434658,-0.01720573,-0.04240755,-0.36243075,0.20489586,-0.08694353,0.25612951,-1.44106753,0.16530503,0.83291157,-1.67247553,-0.15617563,0.81945629,-1.53025308,0.14251662,0.43640419,-1.54593394,0.38580412,0.01985858,0.00186179,0.29404105,0.18486677,0.18768314,-0.27259103,0.32682028,-0.16649326,-0.28852663,-0.10218652,0.18191585,-0.26791193,-0.22010420,-0.18856078,-0.28065109,1.11698870,-0.09168889,0.00101786,0.01758045,-0.05777945,0.99817405,1.32227631,0.07341011,0.02145002,1.42241555,-0.29477987,0.00551442,1.03647480,0.10080260,0.02612912,0.87659774,-0.25359384,0.01338996,-0.29523430,1.65969491,-0.51329401,-0.05570154,-2.44325318,0.38158892,-0.03841403,1.64632790,-0.40929713,0.59961145,-3.12655597,2.10189290
0.30402499,0.03099723,-0.01951000,-0.04320996,-0.37623483,0.19652362,-0.08971925,0.27258568,-1.44566181,0.16358429,0.80983752,-1.66853757,-0.15690002,0.83626082,-1.53450146,0.14931074,0.40794752,-1.52356117,0.38580412,0.01985858,0.00186179,0.29374366,0.19193537,0.18731308,-0.27283069,0.32355515,-0.16738870,-0.28820041,-0.09505981,0.18395367,-0.26887254,-0.22344058,-0.18862815,-0.28036516,1.12012881,-0.09172418,0.00089024,0.01564861,-0.05676934,0.99826428,1.33206234,0.07262167,0.02091297,1.42262121,-0.29471498,0.00554325,1.04653659,0.10182040,0.02487112,0.87674411,-0.25380488,0.01337849,-0.26845697,1.60180526,-0.44489105,-0.17189831,-2.24014316,0.38431287,-0.07453958,1.63906519,-0.41407942,0.66833546,-2.74643550,2.18534665
0.31787226,0.02770439,-0.02336689,-0.04881546,-0.43238639,0.19486717,-0.09227122,0.28930409,-1.45012429,0.16162280,0.78673036,-1.66430233,-0.15801716,0.85372014,-1.53893762,0.15704032,0.38231792,-1.50034032,0.38580412,0.01985858,0.00186179,0.29343667,0.19907748,0.18686309,-0.27292117,0.32027388,-0.16822761,-0.28783064,-0.08869685,0.18630669,-0.26995960,-0.22684557,-0.18878947,-0.28000735,1.12319243,-0.09179449,0.00075951,0.01357637,-0.05582777,0.99834782,1.34186242,0.07170810,0.02051550,1.42271354,-0.29468113,0.00560603,1.05582022,0.10323961,0.02347707,0.87671271,-0.25411553,0.01342932,-0.26327574,1.74411454,-0.46475825,-0.20243114,-2.41243682,0.44518110,-0.11838153,1.82438338,-0.46444830,0.81295813,-2.64113083,2.42118235
0.27653624,0.01518226,-0.02183190,-0.04696458,-0.42240777,0.15000507,-0.09446643,0.30632004,-1.45457389,0.16004152,0.76252799,-1.65925119,-0.15936929,0.87178724,-1.54358273,0.16554083,0.36046697,-1.47758355,0.38580412,0.01985858,0.00186179,0.29313868,0.20653305,0.18651040,-0.27283849,0.31698010,-0.16896994,-0.28741101,-0.08326046,0.18892259,-0.27109369,-0.23029569,-0.18899692,-0.27960015,1.12611661,-0.09194537,0.00062606,0.01135631,-0.05502475,0.99842021,1.35189445,0.07073960,0.02030019,1.42260893,-0.29472488,0.00572767,1.06412107,0.10498254,0.02204499,0.87644680,-0.25449052,0.01353854,-0.20454723,1.61772752,-0.42215685,-0.14538513,-2.31049886,0.48949189,-0.13056952,1.72011311,-0.44241449,0.81319181,-2.03484735,2.15044289
0.27743036,-0.00203442,-0.02134495,-0.05487821,-0.49994559,0.13204567,-0.09622620,0.32364750,-1.45886719,0.15883279,0.73650652,-1.65250742,-0.16112259,0.89044029,-1.54817367,0.17468575,0.34361762,-1.45692682,0.38580412,0.01985858,0.00186179,0.29287925,0.21440799,0.18627228,-0.27268346,0.31366648,-0.16959495,-0.28696977,-0.07896541,0.19175284,-0.27217299,-0.23381656,-0.18930098,-0.27916038,1.12879713,-0.09223204,0.00048849,0.00897062,-0.05437221,0.99848032,1.36216421,0.06965667,0.02019580,1.42219289,-0.29488455,0.00590949,1.07112069,0.10696163,0.02070626,0.87580736,-0.25502400,0.01371887,-0.17667747,1.80964160,-0.44405457,-0.12116320,-2.73977947,0.73124462,-0.18955207,1.95175397,-0.47609207,0.96188664,-1.67599308,2.11399794
0.23438078,-0.02786412,-0.01484066,-0.05733688,-0.52812357,0.11301834,-0.09760961,0.34139143,-1.46268866,0.15756702,0.70818055,-1.64293206,-0.16309296,0.90993825,-1.55279393,0.18407729,0.33388926,-1.44104850,0.38580412,0.01985858,0.00186179,0.29270396,0.22274609,0.18605648,-0.27260119,0.31029885,-0.17012502,-0.28653610,-0.07618036,0.19465733,-0.27304990,-0.23743954,-0.18964143,-0.27870827,1.13105418,-0.09274987,0.00034346,0.00636947,-0.05381886,0.99853034,1.37250793,0.06828713,0.02010277,1.42126971,-0.29524145,0.00616786,1.07623767,0.10896794,0.01965406,0.87460677,-0.25577174,0.01399569,-0.14069792,1.80783265,-0.38859313,-0.12938563,-2.88741775,0.97869101,-0.20051796,1.98710954,-0.47112436,0.95570118,-0.98169442,1.60974917
0.22684916,-0.03307760,-0.01475337,-0.05844895,-0.54404301,0.10051432,-0.09887143,0.35959635,-1.46608760,0.15594822,0.67821815,-1.63090689,-0.16495747,0.93034724,-1.55783978,0.19251738,0.33111296,-1.43104527,0.38580412,0.01985858,0.00186179,0.29253705,0.23141350,0.18577184,-0.27259011,0.30685503,-0.17062941,-0.28609241,-0.07478736,0.19726438,-0.27375014,-0.24112888,-0.18991675,-0.27823008,1.13332309,-0.09333682,0.00019104,0.00357451,-0.05330035,0.99857211,1.38319710,0.06674555,0.01994694,1.42027111,-0.29566139,0.00644464,1.07995943,0.11076782,0.01878691,0.87334768,-0.25650634,0.01430697,-0.12236846,1.77402351,-0.32817324,-0.16022126,-2.92299390,1.18583040,-0.18085167,1.99142992,-0.49426358,0.80680349,-0.21416100,0.92164476
0.26590922,-0.02917753,-0.02028054,-0.06544875,-0.61475159,0.09442720,-0.10008092,0.37831670,-1.46931584,0.15406009,0.64726778,-1.61709352,-0.16681663,0.95158390,-1.56319218,0.19895637,0.33507202,-1.42741342,0.38580412,0.01985858,0.00186179,0.29234252,0.24030642,0.18542289,-0.27253820,0.30332027,-0.17112248,-0.28560922,-0.07470300,0.19925629,-0.27434983,-0.24489536,-0.19015601,-0.27770973,1.13580792,-0.09389077,0.00003312,0.00062193,-0.05284048,0.99860277,1.39434071,0.06513633,0.01980432,1.41937526,-0.29606807,0.00673330,1.08255027,0.11213648,0.01799269,0.87221232,-0.25714029,0.01463279,-0.12536179,1.95462322,-0.33613738,-0.19803381,-3.22960458,1.45107198,-0.19418074,2.21856074,-0.55838525,0.64967979,0.46908703,0.32191870
0.26983072,-0.01561413,-0.02437954,-0.06018821,-0.56951173,0.06248756,-0.10115769,0.39745784,-1.47265079,0.15216130,0.61602496,-1.60238819,-0.16871313,0.97332360,-1.56833673,0.20304549,0.34460509,-1.42974887,0.38580412,0.01985858,0.00186179,0.29210393,0.24928769,0.18505877,-0.27231599,0.29969249,-0.17157407,-0.28509149,-0.07567108,0.20051419,-0.27484896,-0.24878342,-0.19038208,-0.27716796,1.13858898,-0.09436164,-0.00012554,-0.00238997,-0.05249798,0.99861816,1.40590625,0.06353889,0.01978795,1.41863973,-0.29641318,0.00701244,1.08435922,0.11298152,0.01725498,0.87121504,-0.25760900,0.01493598,-0.10052992,1.81988668,-0.31834742,-0.17932931,-2.96555247,1.40062475,-0.18019362,2.06642470,-0.48423178,0.36638252,0.95099076,-0.27447808
0.32758184,-0.00490263,-0.03370402,-0.06262326,-0.59539210,0.03726113,-0.10200661,0.41673332,-1.47631848,0.15051903,0.58496481,-1.58762956,-0.17059438,0.99488419,-1.57261705,0.20512623,0.35811317,-1.43728220,0.38580412,0.01985858,0.00186179,0.29181999,0.25821834,0.18473466,-0.27184987,0.29597941,-0.17194841,-0.28458238,-0.07737759,0.20111248,-0.27512785,-0.25280413,-0.19059866,-0.27663444,1.14167221,-0.09474874,-0.00027672,-0.00528388,-0.05229815,0.99861750,1.41777439,0.06200326,0.01997012,1.41807170,-0.29667295,0.00723761,1.08572502,0.11334603,0.01669214,0.87034209,-0.25789819,0.01518555,-0.08475128,2.00857210,-0.38780269,-0.16629136,-3.23138380,1.53526652,-0.19551626,2.24012876,-0.43044981,0.18885544,1.46018338,-0.85905188
0.34789342,0.00266334,-0.03720766,-0.05226099,-0.49806364,0.01618041,-0.10260403,0.43576110,-1.48074980,0.14934818,0.55402308,-1.57335060,-0.17229910,1.01492605,-1.57507811,0.20581897,0.37495668,-1.44941697,0.38580412,0.01985858,0.00186179,0.29150774,0.26700329,0.18449266,-0.27114422,0.29216326,-0.17222476,-0.28414192,-0.07985097,0.20121930,-0.27506187,-0.25690686,-0.19079242,-0.27615087,1.14507385,-0.09507975,-0.00040504,-0.00774618,-0.05221725,0.99860562,1.42986269,0.06055961,0.02036352,1.41768155,-0.29683647,0.00736581,1.08664455,0.11337024,0.01644587,0.86966933,-0.25803753,0.01535687,-0.06063895,1.93749893,-0.45264030,-0.11874851,-3.15183864,1.45370555,-0.17315148,2.03857219,-0.24804407,0.06973594,1.71906252,-1.23947198
0.35773834,0.00662116,-0.03681867,-0.03717236,-0.35461343,0.00433800,-0.10305582,0.45439103,-1.48624091,0.14852124,0.52269931,-1.55952461,-0.17362553,1.03283067,-1.57550492,0.20598019,0.39424801,-1.46372581,0.38580412,0.01985858,0.00186179,0.29119895,0.27568269,0.18429789,-0.27032135,0.28824454,-0.17242724,-0.28377498,-0.08313976,0.20113815,-0.27482006,-0.26104549,-0.19092713,-0.27573675,1.14872809,-0.09539666,-0.00050327,-0.00962924,-0.05219074,0.99859058,1.44212075,0.05915885,0.02087761,1.41742769,-0.29693226,0.00742397,1.08700875,0.11331247,0.01637889,0.86920182,-0.25807113,0.01546220,-0.04302648,1.80792015,-0.54376323,-0.07840594,-3.05049624,1.34110451,-0.12561902,1.72228215,-0.02426903,0.01322404,1.89074278,-1.39867465
0.40491804,0.01011062,-0.03944454,-0.02589380,-0.24705644,-0.00491963,-0.10339409,0.47260870,-1.49302769,0.14790010,0.49063720,-1.54600227,-0.17465506,1.04834621,-1.57366400,0.20586762,0.41481578,-1.47836902,0.38580412,0.01985858,0.00186179,0.29090384,0.28430249,0.18411111,-0.26944284,0.28422738,-0.17256096,-0.28346092,-0.08710255,0.20098081,-0.27453785,-0.26523391,-0.19103737,-0.27538934,1.15259548,-0.09570704,-0.00056858,-0.01087476,-0.05220944,0.99857678,1.45454746,0.05775243,0.02146100,1.41727805,-0.29696713,0.00744291,1.08692664,0.11326124,0.01636599,0.86888582,-0.25804352,0.01551449,-0.03421772,1.89407012,-0.71909124,-0.06340220,-3.34748988,1.40688407,-0.10606571,1.59409630,0.21316707,-0.01375452,2.14627304,-1.52099419
0.38314464,0.01188271,-0.03535663,-0.01073467,-0.10235578,-0.01303980,-0.10362874,0.49037678,-1.50111737,0.14740591,0.45760227,-1.53245914,-0.17569955,1.06128452,-1.56936536,0.20554507,0.43500543,-1.49195130,0.38580412,0.01985858,0.00186179,0.29062280,0.29288808,0.18391406,-0.26856895,0.28012962,-0.17262904,-0.28318992,-0.09138667,0.20078225,-0.27426722,-0.26946832,-0.19121736,-0.27509087,1.15661812,-0.09600608,-0.00060090,-0.01147883,-0.05227360,0.99856665,1.46710801,0.05632197,0.02205385,1.41719222,-0.29694022,0.00743288,1.08669485,0.11322052,0.01635558,0.86865744,-0.25804279,0.01553193,-0.02138327,1.68183963,-0.77944432,-0.04585576,-3.14504447,1.28699672,-0.10028747,1.20337408,0.43114922,-0.03243668,1.90706768,-1.27524371
0.43022788,0.01466537,-0.03677677,0.00353773,0.03367134,-0.01375535,-0.10387595,0.50751859,-1.51031053,0.14702906,0.42331779,-1.51842797,-0.17674901,1.07154322,-1.56274974,0.20509268,0.45359159,-1.50350964,0.38580412,0.01985858,0.00186179,0.29036117,0.30145431,0.18370977,-0.26778284,0.27597386,-0.17266827,-0.28297816,-0.09574474,0.20057840,-0.27403561,-0.27372132,-0.19146667,-0.27481550,1.16073580,-0.09629906,-0.00059826,-0.01141365,-0.05234133,0.99856385,1.47974427,0.05488815,0.02257832,1.41714557,-0.29687308,0.00738300,1.08648540,0.11318990,0.01632556,0.86849739,-0.25810005,0.01554567,-0.02658274,1.77543974,-0.97310537,-0.03748387,-3.59104180,1.47068489,-0.10867789,1.02858245,0.72249764,-0.04865601,1.90848851,-1.17070973
0.42453966,0.01275945,-0.03234708,0.01902011,0.18097900,0.00910507,-0.10446136,0.52369103,-1.52052536,0.14676811,0.38720509,-1.50328410,-0.17730916,1.07894287,-1.55415490,0.20464870,0.46959444,-1.51198528,0.38580412,0.01985858,0.00186179,0.29013119,0.31003237,0.18349557,-0.26719647,0.27177783,-0.17277160,-0.28283841,-0.10008412,0.20043055,-0.27388418,-0.27797079,-0.19165136,-0.27451876,1.16490002,-0.09661004,-0.00055157,-0.01053091,-0.05229947,0.99857577,1.49240442,0.05349514,0.02293473,1.41714294,-0.29682673,0.00729278,1.08630076,0.11317888,0.01624702,0.86842983,-0.25817559,0.01561244,-0.06024788,1.64598351,-1.04147594,-0.02650254,-3.68053842,1.54416022,-0.05607108,0.75077080,0.87690879,-0.04514042,1.62672892,-0.85944595
0.40560195,0.00779427,-0.02702886,0.03310275,0.31596868,0.04769737,-0.10550314,0.53897090,-1.53153038,0.14654835,0.34925851,-1.48672392,-0.17710403,1.08426886,-1.54463751,0.20425895,0.48323027,-1.51763637,0.38580412,0.01985858,0.00186179,0.28992650,0.31866135,0.18325867,-0.26683632,0.26756346,-0.17297892,-0.28274140,-0.10439026,0.20035123,-0.27381697,-0.28218427,-0.19167111,-0.27414412,1.16906352,-0.09696053,-0.00046694,-0.00895231,-0.05207253,0.99860307,1.50505696,0.05216092,0.02309018,1.41718467,-0.29683002,0.00718510,1.08607755,0.11316150,0.01610953,0.86847437,-0.25824271,0.01578238,-0.10461360,1.47889652,-1.07573273,-0.02135138,-3.70428958,1.62342386,0.02648234,0.50366721,0.92831057,-0.03758694,1.30783024,-0.52815279
0.43222674,0.00183644,-0.02567238,0.04804384,0.46163628,0.09305415,-0.10685821,0.55348802,-1.54320049,0.14632084,0.30939407,-1.46826324,-0.17612940,1.08798676,-1.53507619,0.20391056,0.49474710,-1.52078571,0.38580412,0.01985858,0.00186179,0.28973570,0.32737873,0.18299095,-0.26672359,0.26333617,-0.17325136,-0.28268223,-0.10866128,0.20033246,-0.27382241,-0.28627943,-0.19150354,-0.27362206,1.17319885,-0.09736609,-0.00035050,-0.00677375,-0.05164356,0.99864255,1.51770704,0.05087907,0.02301211,1.41725912,-0.29685683,0.00705347,1.08578183,0.11310632,0.01591329,0.86869263,-0.25831788,0.01611364,-0.14268681,1.50627780,-1.22079253,-0.02388134,-4.16994295,1.94247055,0.10774620,0.37498471,0.99237260,-0.03588721,1.18233705,-0.30782519
0.39042358,-0.00510406,-0.02089227,0.05216515,0.50624905,0.11056394,-0.10822414,0.56747684,-1.55532732,0.14607304,0.26754369,-1.44728904,-0.17452880,1.09051390,-1.52613192,0.20362363,0.50455943,-1.52197738,0.38580412,0.01985858,0.00186179,0.28954944,0.33623411,0.18269805,-0.26686478,0.25908473,-0.17350701,-0.28267567,-0.11289454,0.20036895,-0.27386676,-0.29017264,-0.19117009,-0.27291774,1.17729168,-0.09783335,-0.00021167,-0.00413550,-0.05107290,0.99868634,1.53040932,0.04961120,0.02268466,1.41732474,-0.29686528,0.00687377,1.08542642,0.11300704,0.01568268,0.86913096,-0.25840462,0.01663170,-0.12861996,1.32368903,-1.15431619,-0.02370468,-3.99056025,2.01618247,0.15721185,0.23011367,0.84167820,-0.02654923,0.91712494,-0.09711153
0.42519182,-0.01203908,-0.01996415,0.06270662,0.61559893,0.11942492,-0.10935795,0.58120257,-1.56764162,0.14584178,0.22370788,-1.42316949,-0.17234710,1.09215212,-1.51783657,0.20338909,0.51323587,-1.52186549,0.38580412,0.01985858,0.00186179,0.28936699,0.34527501,0.18240116,-0.26724527,0.25479580,-0.17368376,-0.28272820,-0.11710252,0.20044472,-0.27391887,-0.29385035,-0.19067785,-0.27209838,1.18134661,-0.09835313,-0.00006091,-0.00120476,-0.05049595,0.99872354,1.54325838,0.04829232,0.02212172,1.41732474,-0.29685066,0.00663879,1.08505876,0.11288072,0.01544812,0.86976244,-0.25841991,0.01726861,-0.11392310,1.42682338,-1.28446507,-0.02362579,-4.59560347,2.56153917,0.23595801,0.15838443,0.85520738,-0.02377853,0.88921928,0.02853572
0.41473418,-0.01326385,-0.01613151,0.06226735,0.61718162,0.07086646,-0.11008653,0.59486024,-1.57980120,0.14598280,0.17803585,-1.39510331,-0.16985714,1.09320467,-1.51003630,0.20310585,0.52146236,-1.52099433,0.38580412,0.01985858,0.00186179,0.28919347,0.35451012,0.18220759,-0.26779640,0.25047917,-0.17374191,-0.28282896,-0.12133566,0.20052179,-0.27398355,-0.29732989,-0.19009813,-0.27121617,1.18538432,-0.09889083,0.00009219,0.00183697,-0.05014426,0.99874029,1.55636201,0.04689183,0.02139707,1.41720143,-0.29684764,0.00636451,1.08474362,0.11277584,0.01520992,0.87050897,-0.25825166,0.01797730,-0.07371339,1.39106574,-1.23799500,0.01541442,-4.65306616,2.86277261,0.25295432,0.10708570,0.79371263,-0.02902879,0.83800153,0.08916722
0.39734011,-0.00883102,-0.01039918,0.05834802,0.58048282,0.00119850,-0.11047990,0.60850172,-1.59154503,0.14703169,0.13168398,-1.36420369,-0.16806405,1.09419925,-1.50291340,0.20266972,0.52979535,-1.51980157,0.38580412,0.01985858,0.00186179,0.28904306,0.36378057,0.18225357,-0.26831945,0.24616929,-0.17370818,-0.28295209,-0.12562976,0.20056544,-0.27408322,-0.30064311,-0.18969398,-0.27016208,1.18943754,-0.09939465,0.00024287,0.00483892,-0.05011248,0.99873183,1.56963458,0.04552901,0.02072362,1.41698218,-0.29687195,0.00609097,1.08451541,0.11273899,0.01495984,0.87131604,-0.25804142,0.01888098,-0.03634046,1.32571359,-1.13743148,0.11143585,-4.50603991,3.02013555,0.16476561,0.09685755,0.68507591,-0.04395122,0.81133543,0.11832317
0.43147937,-0.00308183,0.00079017,0.06180216,0.61318654,-0.04712833,-0.11072568,0.62201891,-1.60269723,0.14926467,0.08596250,-1.33200459,-0.16730431,1.09493411,-1.49687243,0.20204144,0.53814979,-1.51824338,0.38580412,0.01985858,0.00186179,0.28897492,0.37283172,0.18259628,-0.26868471,0.24187882,-0.17363960,-0.28309709,-0.12996342,0.20056393,-0.27422556,-0.30364305,-0.18955809,-0.26888916,1.19354797,-0.09984490,0.00039292,0.00779498,-0.05032386,0.99870245,1.58284636,0.04434823,0.02029021,1.41674679,-0.29691941,0.00587783,1.08440419,0.11276746,0.01474936,0.87238796,-0.25791963,0.02008576,-0.02538319,1.40626276,-1.15585625,0.24307891,-4.75010805,3.35713601,0.07195435,0.07089376,0.61787066,-0.06712377,0.86892539,0.16638338
0.39873166,0.00189885,0.01391985,0.05675432,0.55993627,-0.05375612,-0.11103099,0.63533356,-1.61318855,0.15241549,0.04249260,-1.30026908,-0.16666951,1.09442580,-1.49243274,0.20124985,0.54621601,-1.51617434,0.38580412,0.01985858,0.00186179,0.28902103,0.38129935,0.18315628,-0.26892828,0.23759340,-0.17359564,-0.28327097,-0.13428998,0.20052523,-0.27439846,-0.30596355,-0.18945461,-0.26757821,1.19772659,-0.10025325,0.00054503,0.01075398,-0.05060496,0.99866070,1.59558735,0.04342079,0.02009275,1.41655486,-0.29697706,0.00575006,1.08439479,0.11281967,0.01462257,0.87417906,-0.25780876,0.02144281,-0.03011063,1.26175997,-0.98953083,0.30575967,-4.09889002,3.00204091,0.06381178,-0.06398890,0.40427747,-0.07646920,0.76190766,0.20147794
0.44181385,0.00619768,0.02714769,0.06276335,0.61601455,-0.04552395,-0.11149443,0.64854908,-1.62300837,0.15578808,0.00277056,-1.27003264,-0.16496563,1.09165442,-1.49043953,0.20030411,0.55391634,-1.51357484,0.38580412,0.01985858,0.00186179,0.28915361,0.38882080,0.18377023,-0.26928043,0.23327670,-0.17360414,-0.28347083,-0.13859372,0.20045124,-0.27459841,-0.30714379,-0.18906313,-0.26646422,1.20195146,-0.10062972,0.00069846,0.01372142,-0.05083223,0.99861270,1.60742302,0.04270876,0.01987318,1.41639419,-0.29702405,0.00568277,1.08442844,0.11285859,0.01455519,0.87719728,-0.25752745,0.02268939,-0.05083996,1.37577200,-1.01287663,0.35160965,-4.07681322,3.12475848,0.19746831,-0.32570955,0.16763805,-0.10086409,0.79683208,0.27854741
0.43530945,0.01082158,0.03514160,0.06053979,0.59217416,-0.02468758,-0.11216786,0.66183490,-1.63193099,0.15844837,-0.03171799,-1.24160626,-0.16144994,1.08586040,-1.49212189,0.19908340,0.56137894,-1.51053691,0.38580412,0.01985858,0.00186179,0.28935544,0.39501885,0.18424391,-0.27011090,0.22888536,-0.17368322,-0.28369805,-0.14287653,0.20030562,-0.27484338,-0.30669250,-0.18817094,-0.26569373,1.20622268,-0.10096064,0.00084911,0.01664052,-0.05095218,0.99856209,1.61794339,0.04211894,0.01924455,1.41624074,-0.29703915,0.00565739,1.08447653,0.11284750,0.01451206,0.88196986,-0.25693725,0.02366172,-0.06884535,1.35329158,-0.90752041,0.26963766,-3.50677934,2.89357100,0.35991585,-0.59345962,-0.17561516,-0.12471361,0.75996647,0.30959313
0.41715968,0.01598379,0.04039881,0.05574767,0.54446882,-0.00630379,-0.11303852,0.67515858,-1.63984773,0.16017427,-0.06194660,-1.21436179,-0.15675544,1.07762408,-1.49683862,0.19759365,0.56878484,-1.50743923,0.38580412,0.01985858,0.00186179,0.28960042,0.40014179,0.18454163,-0.27145981,0.22443665,-0.17383185,-0.28395677,-0.14711612,0.20007868,-0.27510334,-0.30488306,-0.18694306,-0.26518343,1.21052003,-0.10123999,0.00099377,0.01946129,-0.05098766,0.99850915,1.62737828,0.04158253,0.01814061,1.41608243,-0.29702922,0.00564365,1.08454954,0.11278353,0.01449708,0.88818043,-0.25615469,0.02441699,-0.08629523,1.29480956,-0.76072216,0.16161551,-2.90970864,2.64157057,0.46160643,-0.81868173,-0.47889351,-0.14656956,0.72015326,0.30020674
0.44516301,0.02273488,0.04936959,0.05676251,0.55438503,0.00617354,-0.11411613,0.68832798,-1.64659460,0.16136538,-0.08893094,-1.18791914,-0.15183509,1.06718771,-1.50377216,0.19593216,0.57626270,-1.50445468,0.38580412,0.01985858,0.00186179,0.28988146,0.40446619,0.18475919,-0.27316366,0.21998301,-0.17405464,-0.28424991,-0.15130686,0.19979280,-0.27535428,-0.30192897,-0.18564193,-0.26483446,1.21481235,-0.10146435,0.00113025,0.02214531,-0.05095981,0.99845451,1.63598752,0.04115518,0.01671780,1.41593137,-0.29701150,0.00563155,1.08463308,0.11269514,0.01452718,0.89555171,-0.25540158,0.02504700,-0.11409148,1.36942110,-0.69186682,0.12220256,-2.78705559,2.74853392,0.50944721,-1.10606251,-0.73794419,-0.17405039,0.78023964,0.30996798
0.40090691,0.02524852,0.05008003,0.04843825,0.47360488,0.01555338,-0.11538666,0.70118010,-1.65212390,0.16260243,-0.11359248,-1.16225429,-0.14776410,1.05448949,-1.51196227,0.19419081,0.58397359,-1.50148342,0.38580412,0.01985858,0.00186179,0.29019659,0.40826385,0.18502249,-0.27496791,0.21557494,-0.17434792,-0.28457293,-0.15549590,0.19947842,-0.27561462,-0.29798573,-0.18457398,-0.26456541,1.21906722,-0.10163622,0.00125700,0.02466622,-0.05087996,0.99839933,1.64402519,0.04092400,0.01522868,1.41580129,-0.29699605,0.00562366,1.08465568,0.11261632,0.01458197,0.90386164,-0.25496104,0.02563118,-0.12227682,1.21647997,-0.51354567,0.11960521,-2.32144575,2.42777700,0.37500731,-1.22707393,-0.78545181,-0.16580030,0.73458787,0.28249755
0.43259228,0.03216927,0.06021262,0.04906330,0.48086021,0.03100518,-0.11685035,0.71373230,-1.65651894,0.16407698,-0.13604754,-1.13799822,-0.14495672,1.03895295,-1.52018440,0.19237977,0.59208578,-1.49843633,0.38580412,0.01985858,0.00186179,0.29054463,0.41162035,0.18536133,-0.27670608,0.21122149,-0.17471023,-0.28490853,-0.15973890,0.19914234,-0.27590774,-0.29311477,-0.18387479,-0.26445675,1.22326393,-0.10175939,0.00137263,0.02700867,-0.05073784,0.99834579,1.65155573,0.04091599,0.01383855,1.41568466,-0.29698349,0.00563610,1.08453752,0.11255153,0.01463689,0.91301782,-0.25497024,0.02608788,-0.15540327,1.30338216,-0.44140217,0.15713273,-2.30539012,2.50247121,0.27341208,-1.66343141,-0.85189933,-0.18975882,0.85160130,0.31866130
0.41357963,0.03474290,0.06360794,0.04369810,0.42983730,0.05304529,-0.11860353,0.72615287,-1.65976756,0.16539034,-0.15480011,-1.11689751,-0.14262822,1.01924696,-1.52685306,0.19049759,0.60070642,-1.49543121,0.38580412,0.01985858,0.00186179,0.29093079,0.41425575,0.18567798,-0.27839066,0.20689415,-0.17516890,-0.28522392,-0.16403127,0.19877851,-0.27622261,-0.28721020,-0.18335243,-0.26485413,1.22736900,-0.10183306,0.00147277,0.02912917,-0.05047678,0.99829926,1.65824089,0.04111292,0.01254013,1.41553908,-0.29697750,0.00570687,1.08422464,0.11247711,0.01470818,0.92312929,-0.25528013,0.02607666,-0.17894316,1.26509657,-0.32957128,0.13307234,-1.90412002,2.14394200,0.23748096,-2.01243553,-0.67687957,-0.19173340,0.87851282,0.30583936
0.38085850,0.03479568,0.06619749,0.03700962,0.36651873,0.08345107,-0.12063723,0.73862407,-1.66200101,0.16616341,-0.16877992,-1.10007975,-0.14017510,0.99552445,-1.53197830,0.18858689,0.60969118,-1.49265153,0.38580412,0.01985858,0.00186179,0.29136215,0.41594292,0.18589044,-0.28013379,0.20254488,-0.17571979,-0.28551578,-0.16830428,0.19839299,-0.27652538,-0.28030598,-0.18282880,-0.26577263,1.23135031,-0.10187420,0.00155636,0.03103887,-0.05006001,0.99826257,1.66380349,0.04147160,0.01122836,1.41529956,-0.29697557,0.00584637,1.08373815,0.11236110,0.01483677,0.93415989,-0.25574321,0.02558952,-0.19982631,1.21330614,-0.20854274,0.07057786,-1.31452012,1.59415801,0.23718005,-2.33775978,-0.49045483,-0.18611153,0.87636710,0.26755334
0.38557252,0.03566823,0.07911135,0.03473053,0.34739161,0.12884620,-0.12292361,0.75121018,-1.66313162,0.16645001,-0.17669802,-1.08904915,-0.13812902,0.96813148,-1.53658905,0.18661505,0.61906278,-1.49025164,0.38580412,0.01985858,0.00186179,0.29186916,0.41643192,0.18601998,-0.28193583,0.19814119,-0.17635725,-0.28579784,-0.17253721,0.19797180,-0.27680199,-0.27228143,-0.18242454,-0.26694662,1.23513079,-0.10190327,0.00162146,0.03273126,-0.04945689,0.99823847,1.66791063,0.04204321,0.00993333,1.41486948,-0.29698227,0.00607132,1.08300720,0.11215358,0.01506717,0.94615090,-0.25652059,0.02492254,-0.24027078,1.31220362,-0.10769367,0.02659261,-0.76545920,1.08980826,0.20662954,-2.88279495,-0.48131642,-0.20615047,0.97999418,0.24611651
0.34388218,0.03210754,0.07667657,0.02723524,0.27639354,0.15667295,-0.12542886,0.76395243,-1.66319017,0.16636416,-0.17765601,-1.08555932,-0.13675255,0.93811947,-1.54173036,0.18458681,0.62887864,-1.48825183,0.38580412,0.01985858,0.00186179,0.29242576,0.41559918,0.18607720,-0.28365509,0.19366607,-0.17707137,-0.28606953,-0.17674582,0.19751620,-0.27704958,-0.26324201,-0.18218032,-0.26806654,1.23881450,-0.10192491,0.00166732,0.03421328,-0.04865077,0.99822832,1.67053876,0.04285618,0.00877067,1.41434372,-0.29698979,0.00635622,1.08211346,0.11184253,0.01537617,0.95910428,-0.25764330,0.02435922,-0.23967550,1.21096952,0.00397563,-0.01164642,-0.02429658,0.25507641,0.12484520,-2.86796446,-0.49574410,-0.19282463,0.93585205,0.18632577
0.39110411,0.03982170,0.08227642,0.02521588,0.26116838,0.21427662,-0.12809984,0.77692121,-1.66233397,0.16548088,-0.17173043,-1.09093904,-0.13574512,0.90681100,-1.54788637,0.18255942,0.63920891,-1.48652840,0.38580412,0.01985858,0.00186179,0.29295346,0.41356140,0.18590699,-0.28508105,0.18910731,-0.17784437,-0.28631493,-0.18097557,0.19704694,-0.27727501,-0.25350506,-0.18198702,-0.26894280,1.24261303,-0.10191241,0.00169452,0.03549960,-0.04764919,0.99823167,1.67200179,0.04375753,0.00787241,1.41392083,-0.29696069,0.00663853,1.08122905,0.11147658,0.01567845,0.97292627,-0.25892560,0.02401066,-0.28045288,1.35458255,0.10211765,-0.10637193,0.71782613,-0.69622689,0.10097585,-3.27570724,-0.65737957,-0.21095759,1.08405197,0.17599760
0.40225516,0.04712351,0.07427225,0.02051176,0.21712124,0.23606133,-0.13084719,0.79014490,-1.66054983,0.16264524,-0.15964152,-1.10599759,-0.13508494,0.87512468,-1.55501244,0.18056902,0.65025176,-1.48496804,0.38580412,0.01985858,0.00186179,0.29339288,0.41058988,0.18515323,-0.28601020,0.18445784,-0.17865397,-0.28652571,-0.18529443,0.19657414,-0.27748828,-0.24335996,-0.18181616,-0.26943098,1.24662845,-0.10182378,0.00170318,0.03657279,-0.04649151,0.99824750,1.67265001,0.04436583,0.00738268,1.41368289,-0.29684877,0.00686717,1.08040663,0.11112158,0.01590460,0.98742309,-0.26023390,0.02396190,-0.27979595,1.34701588,0.18284320,-0.29145579,1.23658578,-1.54284761,0.06649031,-3.22732987,-0.72629447,-0.20259733,1.12558339,0.15884902
0.40280574,0.05276053,0.06392810,0.01529495,0.16612089,0.23647608,-0.13355040,0.80345652,-1.65788875,0.15801671,-0.14376542,-1.12727911,-0.13504624,0.84344441,-1.56234586,0.17870463,0.66191102,-1.48344326,0.38580412,0.01985858,0.00186179,0.29374482,0.40709267,0.18387707,-0.28655818,0.17975751,-0.17946397,-0.28672381,-0.18969774,0.19613008,-0.27769392,-0.23308059,-0.18177001,-0.26957047,1.25082767,-0.10166612,0.00169836,0.03744856,-0.04527742,0.99827084,1.67289443,0.04460371,0.00718664,1.41360107,-0.29666587,0.00702101,1.07966358,0.11083115,0.01605090,1.00224927,-0.26159008,0.02417435,-0.26198353,1.29423935,0.26618838,-0.46019478,1.56908629,-2.10528777,-0.00223716,-3.07956233,-0.71136353,-0.17968614,1.13792517,0.14839371
0.44682427,0.06050100,0.06238657,0.01180452,0.13149746,0.25249403,-0.13612992,0.81675180,-1.65428965,0.15254757,-0.12494758,-1.15207002,-0.13572638,0.81182706,-1.56931345,0.17703811,0.67410316,-1.48193135,0.38580412,0.01985858,0.00186179,0.29402089,0.40312243,0.18237529,-0.28688998,0.17503443,-0.18025346,-0.28691983,-0.19414798,0.19573541,-0.27789121,-0.22277884,-0.18188743,-0.26941955,1.25517421,-0.10147005,0.00168174,0.03810331,-0.04406430,0.99830038,1.67279744,0.04467808,0.00713091,1.41364634,-0.29644427,0.00710106,1.07902693,0.11060994,0.01612968,1.01723620,-0.26302176,0.02460134,-0.26736631,1.38450406,0.38323995,-0.57191585,1.98311343,-2.60112271,-0.07682442,-3.29285846,-0.72058135,-0.17183384,1.27453794,0.15699565
0.41556094,0.05496190,0.05161903,0.00639299,0.07308585,0.22026738,-0.13856963,0.82995802,-1.64986537,0.14722216,-0.10411504,-1.17775257,-0.13698510,0.78021963,-1.57563150,0.17554589,0.68680849,-1.48057108,0.38580412,0.01985858,0.00186179,0.29423192,0.39876900,0.18094348,-0.28714897,0.17033354,-0.18101530,-0.28709287,-0.19860379,0.19537896,-0.27807237,-0.21248063,-0.18213375,-0.26904350,1.25960903,-0.10127039,0.00165498,0.03851541,-0.04289888,0.99833537,1.67242990,0.04479874,0.00708295,1.41378677,-0.29623007,0.00713905,1.07849740,0.11042510,0.01615955,1.03228776,-0.26450567,0.02518842,-0.23031782,1.25225241,0.42678649,-0.50137049,1.99197984,-2.43733869,-0.12418827,-3.00009751,-0.59315597,-0.14016881,1.21062694,0.12702777
0.45735154,0.05721191,0.04964933,0.00213007,0.02511251,0.22165155,-0.14091629,0.84294850,-1.64495182,0.14249188,-0.08239640,-1.20249951,-0.13868566,0.74844396,-1.58122969,0.17423628,0.70003963,-1.47953856,0.38580412,0.01985858,0.00186179,0.29437706,0.39423424,0.17970832,-0.28738431,0.16574631,-0.18175500,-0.28719041,-0.20303307,0.19505817,-0.27821712,-0.20214184,-0.18247058,-0.26847616,1.26405509,-0.10108905,0.00162009,0.03867432,-0.04182239,0.99837496,1.67193790,0.04501821,0.00699275,1.41401978,-0.29606934,0.00718665,1.07804687,0.11026624,0.01615994,1.04736067,-0.26601438,0.02590090,-0.24329497,1.34939694,0.51759183,-0.48294288,2.27129364,-2.55839515,-0.18330848,-3.31326556,-0.57230890,-0.13354793,1.38611341,0.10205805
0.43978508,0.05124895,0.03972479,-0.00236862,-0.02887412,0.19187000,-0.14324318,0.85555012,-1.64012702,0.13848552,-0.06062639,-1.22524035,-0.14061332,0.71641097,-1.58561206,0.17317557,0.71388749,-1.47905722,0.38580412,0.01985858,0.00186179,0.29443421,0.38970974,0.17869797,-0.28757885,0.16143791,-0.18248128,-0.28711089,-0.20739958,0.19478258,-0.27829595,-0.19179619,-0.18283359,-0.26778258,1.26841836,-0.10094150,0.00157795,0.03853731,-0.04088063,0.99841933,1.67143278,0.04529810,0.00685536,1.41439736,-0.29601008,0.00732332,1.07763722,0.11014472,0.01613827,1.06231689,-0.26748304,0.02665163,-0.23702928,1.28303697,0.49068133,-0.40729507,2.21707182,-2.31372252,-0.19617344,-3.26259789,-0.44413008,-0.10777728,1.41115119,0.04830757
0.40712400,0.04301226,0.02746374,-0.00675692,-0.08380973,0.15905137,-0.14557410,0.86781392,-1.63597925,0.13503513,-0.03903144,-1.24614875,-0.14239142,0.68455663,-1.58815289,0.17232380,0.72826141,-1.47908936,0.38580412,0.01985858,0.00186179,0.29440393,0.38526136,0.17786048,-0.28772214,0.15747941,-0.18318687,-0.28680155,-0.21169167,0.19454549,-0.27832304,-0.18167006,-0.18314788,-0.26715258,1.27264986,-0.10083293,0.00152974,0.03812961,-0.04005614,0.99846848,1.67092085,0.04559413,0.00668179,1.41494878,-0.29604618,0.00760238,1.07722280,0.11004517,0.01608089,1.07689234,-0.26883933,0.02725135,-0.22626147,1.18985875,0.39545893,-0.33141499,2.09830112,-2.01897421,-0.17115374,-3.09230876,-0.22920967,-0.08087655,1.40126746,-0.00661611
0.42043590,0.03853785,0.01827033,-0.01182383,-0.14916375,0.15135187,-0.14777480,0.87973974,-1.63297317,0.13206525,-0.01758552,-1.26536510,-0.14407609,0.65348316,-1.58843319,0.17178087,0.74306796,-1.47947924,0.38580412,0.01985858,0.00186179,0.29428413,0.38090046,0.17717228,-0.28780206,0.15395834,-0.18382536,-0.28623022,-0.21589399,0.19437969,-0.27831532,-0.17197650,-0.18344749,-0.26667901,1.27671924,-0.10077654,0.00147453,0.03743835,-0.03932498,0.99852378,1.67037354,0.04589136,0.00648207,1.41574393,-0.29614049,0.00805390,1.07678078,0.10997993,0.01596881,1.09084831,-0.27013089,0.02760512,-0.22706090,1.23891377,0.30104219,-0.30541047,2.23265619,-1.98713231,-0.17611569,-3.22751241,-0.00882745,-0.05302355,1.54565713,-0.04282891
0.36778285,0.02691105,0.00725302,-0.01499598,-0.19220422,0.12225870,-0.14965465,0.89114218,-1.63151000,0.12953610,0.00366866,-1.28291886,-0.14588929,0.62333912,-1.58651764,0.17162741,0.75823808,-1.48009851,0.38580412,0.01985858,0.00186179,0.29408493,0.37664704,0.17662070,-0.28781291,0.15100459,-0.18433708,-0.28539246,-0.21999775,0.19431156,-0.27828745,-0.16271941,-0.18380089,-0.26636322,1.28061676,-0.10078629,0.00141194,0.03645394,-0.03867521,0.99858567,1.66979609,0.04617397,0.00627202,1.41691165,-0.29625047,0.00869247,1.07630685,0.10995870,0.01579748,1.10416889,-0.27145124,0.02772171,-0.17490744,1.07630773,0.12326936,-0.23596784,2.01507893,-1.65037417,-0.17367962,-2.85307193,0.20153656,-0.01100045,1.44307473,-0.06076661
0.38947292,0.01975974,0.00055289,-0.02118412,-0.27537320,0.10855246,-0.15124632,0.90156829,-1.63196981,0.12749496,0.02461060,-1.29871023,-0.14766070,0.59347534,-1.58244121,0.17167906,0.77388591,-1.48116004,0.38580412,0.01985858,0.00186179,0.29383343,0.37253042,0.17621763,-0.28775427,0.14882008,-0.18472565,-0.28427185,-0.22400060,0.19428103,-0.27824213,-0.15367823,-0.18416136,-0.26623459,1.28436954,-0.10087074,0.00134327,0.03517315,-0.03813875,0.99865233,1.66925485,0.04642102,0.00607916,1.41866727,-0.29640873,0.00956158,1.07583906,0.10992874,0.01559131,1.11709310,-0.27277477,0.02759884,-0.16204825,1.06948614,-0.07793307,-0.20506604,2.17629671,-1.61825109,-0.18262675,-3.10999894,0.45695898,0.00736304,1.63780141,-0.11850893
0.37821373,0.01047992,-0.00020271,-0.02493548,-0.32797367,0.06872162,-0.15280691,0.91003642,-1.63510718,0.12606065,0.04505043,-1.31245561,-0.14928476,0.56301365,-1.57597711,0.17173954,0.79025064,-1.48323245,0.38580412,0.01985858,0.00186179,0.29358243,0.36860102,0.17599461,-0.28761237,0.14783733,-0.18505034,-0.28278860,-0.22785872,0.19421327,-0.27814228,-0.14458043,-0.18449486,-0.26629114,1.28807259,-0.10104736,0.00127045,0.03356452,-0.03780146,0.99872061,1.66892269,0.04658062,0.00597007,1.42149871,-0.29674348,0.01079383,1.07554667,0.10983442,0.01544016,1.12995959,-0.27408531,0.02729129,-0.15906591,0.85947775,-0.32302142,-0.14546994,2.08118398,-1.39771957,-0.16577491,-3.10346003,0.66077706,0.00631611,1.66751740,-0.21241902
0.35278246,0.00312214,-0.00489322,-0.02779928,-0.36798947,0.02999727,-0.15445233,0.91604643,-1.64087410,0.12504034,0.06501057,-1.32453218,-0.15132633,0.53195586,-1.56774886,0.17199366,0.80713987,-1.48628178,0.38580412,0.01985858,0.00186179,0.29330527,0.36484047,0.17589719,-0.28740897,0.14815326,-0.18534734,-0.28098586,-0.23154641,0.19416585,-0.27795583,-0.13535761,-0.18494860,-0.26635822,1.29169112,-0.10128376,0.00119424,0.03168980,-0.03763877,0.99878809,1.66873520,0.04665592,0.00589631,1.42547458,-0.29725573,0.01231941,1.07541473,0.10975804,0.01534944,1.14279781,-0.27552053,0.02694705,-0.16056895,0.56127510,-0.58160424,-0.09695279,1.93701003,-1.16184559,-0.20466223,-3.02285948,0.81302525,0.02773553,1.64548757,-0.30348896
0.36804374,-0.00157237,-0.01162185,-0.03351714,-0.44470128,0.01417254,-0.15618242,0.91869459,-1.64893346,0.12422985,0.08457359,-1.33519399,-0.15420023,0.50056747,-1.55780723,0.17265209,0.82446280,-1.49012992,0.38580412,0.01985858,0.00186179,0.29298847,0.36122682,0.17586821,-0.28715997,0.14994488,-0.18562697,-0.27894635,-0.23507254,0.19420356,-0.27767162,-0.12607758,-0.18563617,-0.26636501,1.29520903,-0.10156061,0.00111229,0.02957156,-0.03756979,0.99885574,1.66862634,0.04667556,0.00582850,1.43078606,-0.29792687,0.01404212,1.07538913,0.10975275,0.01531685,1.15554281,-0.27720140,0.02662346,-0.18108523,0.24035869,-0.85587794,-0.08342172,2.03487997,-1.09952986,-0.30744037,-3.27148280,1.05169711,0.07246509,1.80828857,-0.40695068
0.32673170,-0.00428302,-0.01643085,-0.03340824,-0.44391672,0.01424144,-0.15803199,0.91645455,-1.65766907,0.12348852,0.10386178,-1.34483101,-0.15790799,0.46901783,-1.54595034,0.17362976,0.84218888,-1.49452474,0.38580412,0.01985858,0.00186179,0.29263169,0.35773025,0.17586425,-0.28686152,0.15333981,-0.18593810,-0.27692392,-0.23849032,0.19430602,-0.27732017,-0.11682144,-0.18656474,-0.26634034,1.29863282,-0.10186090,0.00102290,0.02724722,-0.03750038,0.99892455,1.66854174,0.04668723,0.00577016,1.43760016,-0.29877243,0.01570776,1.07538202,0.10977923,0.01531152,1.16815234,-0.27914174,0.02629135,-0.17679942,-0.26419859,-0.82730619,-0.07001830,1.82842159,-0.90663402,-0.35912424,-2.99546208,1.14381015,0.09494432,1.68590050,-0.42121279
0.35041996,-0.00697358,-0.02441102,-0.03880387,-0.51701403,0.02648246,-0.16002706,0.90761137,-1.66432869,0.12277403,0.12290381,-1.35379922,-0.16231371,0.43737471,-1.53211546,0.17471652,0.86027670,-1.49930382,0.38580412,0.01985858,0.00186179,0.29223636,0.35433251,0.17586624,-0.28650434,0.15832618,-0.18635246,-0.27531649,-0.24184941,0.19441476,-0.27692616,-0.10763759,-0.18770024,-0.26630150,1.30197747,-0.10217596,0.00092727,0.02477927,-0.03738350,0.99899329,1.66846283,0.04671643,0.00573202,1.44593330,-0.29984016,0.01691987,1.07533456,0.10977033,0.01531020,1.18061264,-0.28130667,0.02593486,-0.21003930,-1.02555752,-0.65159792,-0.07408392,1.97981107,-0.92539185,-0.46882218,-3.29735494,1.47044647,0.11409073,1.88939261,-0.50318241
0.33774126,-0.00972318,-0.03118266,-0.03920903,-0.52442484,0.03212909,-0.16211915,0.89049016,-1.66578672,0.12212600,0.14168409,-1.36221035,-0.16741092,0.40594424,-1.51643901,0.17601064,0.87881917,-1.50461302,0.38580412,0.01985858,0.00186179,0.29178402,0.35102648,0.17588032,-0.28608181,0.16487120,-0.18692766,-0.27452922,-0.24516479,0.19455029,-0.27643386,-0.09860120,-0.18903629,-0.26620214,1.30526073,-0.10251625,0.00082735,0.02220158,-0.03722827,0.99905979,1.66840332,0.04675177,0.00570220,1.45576294,-0.30119576,0.01725479,1.07525492,0.10974047,0.01535016,1.19286428,-0.28369007,0.02558188,-0.21298758,-1.75244207,-0.14176632,-0.06584384,1.91270933,-0.85614783,-0.51982416,-3.20036836,1.59808123,0.13232447,1.88914335,-0.54144065
0.32080952,-0.01322277,-0.03822723,-0.03887986,-0.52238273,0.03079655,-0.16405941,0.86733283,-1.66244795,0.12160554,0.16045272,-1.37024038,-0.17293820,0.37537444,-1.49988170,0.17768685,0.89778219,-1.51039929,0.38580412,0.01985858,0.00186179,0.29126753,0.34775000,0.17592643,-0.28560368,0.17245315,-0.18757727,-0.27440039,-0.24843809,0.19476443,-0.27582760,-0.08980880,-0.19049210,-0.26601500,1.30852354,-0.10289194,0.00072432,0.01951954,-0.03707137,0.99912170,1.66835454,0.04678044,0.00566386,1.46660192,-0.30273324,0.01686714,1.07520175,0.10974769,0.01543993,1.20484510,-0.28620490,0.02525253,-0.18585870,-2.28984652,0.35680335,-0.04944603,1.82586117,-0.77821809,-0.53935398,-2.96140561,1.61312020,0.16584968,1.84693034,-0.56547525
0.34541870,-0.01760185,-0.04862129,-0.04316800,-0.58232627,0.02678152,-0.16553493,0.84010998,-1.65572648,0.12123380,0.17938340,-1.37795899,-0.17857228,0.34643778,-1.48311632,0.17958606,0.91719255,-1.51643434,0.38580412,0.01985858,0.00186179,0.29069404,0.34445993,0.17601260,-0.28507770,0.18078428,-0.18817280,-0.27465456,-0.25171403,0.19501393,-0.27515805,-0.08142142,-0.19197774,-0.26576352,1.31179812,-0.10330163,0.00061850,0.01672794,-0.03694053,0.99917726,1.66831463,0.04679521,0.00561634,1.47819400,-0.30431001,0.01603948,1.07517128,0.10976673,0.01553599,1.21642316,-0.28874304,0.02493052,-0.14818459,-2.86275291,0.72232481,-0.03735628,1.97362149,-0.80125326,-0.58613900,-2.99619865,1.74565601,0.19815265,2.02627764,-0.62945184
0.31924602,-0.01698169,-0.04890509,-0.04048760,-0.54736761,-0.00031526,-0.16630184,0.81076931,-1.64728417,0.12109382,0.19847845,-1.38530295,-0.18395638,0.31991205,-1.46668837,0.18132831,0.93718309,-1.52243710,0.38580412,0.01985858,0.00186179,0.29008788,0.34113812,0.17616356,-0.28451950,0.18958314,-0.18859798,-0.27500667,-0.25509397,0.19519395,-0.27449403,-0.07363216,-0.19340240,-0.26551726,1.31511824,-0.10372663,0.00051170,0.01384650,-0.03692735,0.99922189,1.66832869,0.04677650,0.00556838,1.49026356,-0.30580356,0.01508121,1.07512765,0.10976371,0.01559386,1.22741163,-0.29116658,0.02457062,-0.06559293,-2.79793291,0.81187686,-0.01059259,1.81362150,-0.69307884,-0.50751978,-2.49245100,1.55423980,0.16256082,1.90325613,-0.56855975
0.35818607,-0.01680004,-0.05653317,-0.04592819,-0.61854731,-0.05648783,-0.16627768,0.78088748,-1.63825703,0.12136090,0.21774352,-1.39216363,-0.18879332,0.29663521,-1.45126152,0.18274707,0.95792699,-1.52831483,0.38580412,0.01985858,0.00186179,0.28947124,0.33776761,0.17643075,-0.28393305,0.19857339,-0.18879483,-0.27525951,-0.25864885,0.19525663,-0.27385220,-0.06663661,-0.19469186,-0.26534410,1.31851156,-0.10414383,0.00040472,0.01088321,-0.03716007,0.99924998,1.66845031,0.04671253,0.00553819,1.50251408,-0.30716587,0.01421173,1.07507946,0.10978417,0.01561904,1.23759861,-0.29334862,0.02412714,0.01437403,-3.11542296,0.94567233,0.03456976,2.00944567,-0.70710474,-0.49467942,-2.37308049,1.58925343,0.14284253,2.17265630,-0.61039627
0.35720323,-0.01489990,-0.05746737,-0.04743859,-0.63246550,-0.09046061,-0.16551061,0.75173330,-1.62914355,0.12194921,0.23733531,-1.39850166,-0.19269128,0.27818438,-1.43830595,0.18412829,0.97960399,-1.53412559,0.38580412,0.01985858,0.00186179,0.28885251,0.33433083,0.17679452,-0.28330973,0.20750206,-0.18875923,-0.27526130,-0.26237682,0.19527452,-0.27319384,-0.06073707,-0.19573840,-0.26527544,1.32198785,-0.10455244,0.00029241,0.00777422,-0.03760528,0.99926239,1.66866083,0.04661384,0.00554278,1.51471591,-0.30837354,0.01359122,1.07502991,0.10988990,0.01565868,1.24671095,-0.29517222,0.02357707,0.07866903,-2.96790533,0.92826283,0.05978156,1.99596446,-0.64506660,-0.39577831,-1.87288382,1.31542807,0.14105820,2.20882092,-0.59169531
0.34479533,-0.01555214,-0.05664382,-0.04889141,-0.64407164,-0.06542570,-0.16440607,0.72370772,-1.61994550,0.12234257,0.25733253,-1.40452230,-0.19566957,0.26463006,-1.42865429,0.18582445,1.00196935,-1.53976891,0.38580412,0.01985858,0.00186179,0.28823732,0.33084687,0.17710837,-0.28266086,0.21625935,-0.18860622,-0.27499078,-0.26619755,0.19534910,-0.27251939,-0.05586734,-0.19653268,-0.26526414,1.32550514,-0.10497827,0.00016977,0.00447224,-0.03796173,0.99926917,1.66883555,0.04651845,0.00557646,1.52683173,-0.30944837,0.01324654,1.07489587,0.11000406,0.01571793,1.25488799,-0.29670586,0.02297319,0.10863716,-2.71588964,0.89603066,0.03491144,1.94787138,-0.58361692,-0.28255434,-1.27728035,0.90839069,0.16797954,2.17886276,-0.54612756
0.36937538,-0.01946387,-0.06132660,-0.05603542,-0.73420005,-0.01254286,-0.16319284,0.69660736,-1.61036823,0.12231178,0.27782180,-1.41037309,-0.19775827,0.25627229,-1.42297845,0.18787395,1.02483146,-1.54505150,0.38580412,0.01985858,0.00186179,0.28763949,0.32731218,0.17730416,-0.28198698,0.22486819,-0.18840873,-0.27446538,-0.27007803,0.19549273,-0.27186470,-0.05205439,-0.19707429,-0.26527743,1.32902677,-0.10543186,0.00003651,0.00095826,-0.03804873,0.99927542,1.66887389,0.04646934,0.00565252,1.53891683,-0.31039458,0.01317411,1.07459647,0.11003222,0.01577479,1.26213711,-0.29797719,0.02236206,0.12676492,-2.81690793,1.00286899,-0.00704601,2.13900495,-0.60850382,-0.20954198,-0.82309017,0.55335160,0.21623893,2.38513937,-0.54654777
0.33237706,-0.02020155,-0.05436091,-0.05371189,-0.70560190,0.04312979,-0.16192420,0.66983508,-1.59993546,0.12192494,0.29882696,-1.41610420,-0.19883098,0.25338510,-1.42167611,0.19019958,1.04804108,-1.54991109,0.38580412,0.01985858,0.00186179,0.28708120,0.32371302,0.17739771,-0.28128415,0.23342833,-0.18819462,-0.27375638,-0.27399568,0.19568347,-0.27124750,-0.04935857,-0.19732823,-0.26534070,1.33251117,-0.10590744,-0.00010401,-0.00274930,-0.03784799,0.99927972,1.66871548,0.04649572,0.00579705,1.55103531,-0.31121988,0.01332482,1.07410237,0.10994099,0.01583370,1.26836770,-0.29893674,0.02174050,0.12099975,-2.54027476,0.99993651,-0.03949777,1.99824357,-0.54272680,-0.09159160,-0.22232441,0.08219811,0.22305566,2.20554171,-0.45725207
0.35323330,-0.02515550,-0.05398637,-0.06093043,-0.80825913,0.09479185,-0.16054720,0.64280862,-1.58815384,0.12129492,0.32029799,-1.42164063,-0.19861566,0.25619048,-1.42464495,0.19289556,1.07144868,-1.55431771,0.38580412,0.01985858,0.00186179,0.28659606,0.32003693,0.17741959,-0.28056661,0.24203226,-0.18796078,-0.27294864,-0.27793180,0.19594545,-0.27064840,-0.04787027,-0.19723530,-0.26557682,1.33589764,-0.10640003,-0.00024776,-0.00661587,-0.03742208,0.99927762,1.66830797,0.04658598,0.00602945,1.56319375,-0.31193675,0.01364742,1.07339974,0.10978405,0.01594765,1.27340956,-0.29950250,0.02101924,0.14531240,-2.82094622,1.24906003,-0.06890297,2.24325061,-0.57342649,0.04269555,0.37759167,-0.37162003,0.28704479,2.44063139,-0.45213100
0.32786761,-0.02873979,-0.04174813,-0.06028373,-0.81101871,0.12775285,-0.15901118,0.61526946,-1.57454603,0.12041457,0.34228146,-1.42694101,-0.19679516,0.26532649,-1.43143103,0.19627573,1.09498906,-1.55818036,0.38580412,0.01985858,0.00186179,0.28625319,0.31624210,0.17736320,-0.27986427,0.25069522,-0.18769708,-0.27209236,-0.28190230,0.19635212,-0.27000708,-0.04781894,-0.19674433,-0.26622763,1.33909445,-0.10691832,-0.00039017,-0.01060481,-0.03679637,0.99926644,1.66752463,0.04670587,0.00638893,1.57530616,-0.31254496,0.01416083,1.07239673,0.10963511,0.01624611,1.27693506,-0.29961287,0.02002556,0.15655175,-2.80532818,1.38798018,-0.08997279,2.23960404,-0.53963264,0.18692380,0.93721118,-0.69428281,0.34489895,2.39785514,-0.39263034
0.32372649,-0.03054952,-0.03310034,-0.05687060,-0.78076575,0.15847961,-0.15744582,0.58748862,-1.55951436,0.11930743,0.36462421,-1.43206677,-0.19408214,0.27935100,-1.44048078,0.20001943,1.11862607,-1.56130345,0.38580412,0.01985858,0.00186179,0.28600496,0.31233255,0.17723284,-0.27920131,0.25934003,-0.18743552,-0.27118963,-0.28598773,0.19682252,-0.26934805,-0.04895087,-0.19605673,-0.26727239,1.34238577,-0.10746964,-0.00052637,-0.01462927,-0.03599512,0.99924474,1.66666093,0.04683110,0.00680365,1.58756740,-0.31307921,0.01481533,1.07130091,0.10941993,0.01665691,1.27945524,-0.29949614,0.01873257,0.15142460,-2.70141659,1.47097311,-0.10932411,2.17399402,-0.49679877,0.26601379,1.39891858,-0.89610220,0.36472505,2.29736571,-0.29489598
0.36985169,-0.03444520,-0.03514818,-0.05857472,-0.82408803,0.20772116,-0.15602897,0.55971527,-1.54343119,0.11803336,0.38708763,-1.43698509,-0.19153259,0.29778956,-1.45210347,0.20395474,1.14182711,-1.56308186,0.38580412,0.01985858,0.00186179,0.28579902,0.30832619,0.17704206,-0.27859950,0.26789267,-0.18721810,-0.27021299,-0.29020032,0.19732913,-0.26874740,-0.05114732,-0.19541917,-0.26840176,1.34589331,-0.10804676,-0.00065108,-0.01860134,-0.03501173,0.99921356,1.66585498,0.04698053,0.00719952,1.60002508,-0.31355623,0.01558603,1.07021630,0.10911031,0.01705162,1.28119352,-0.29940673,0.01739727,0.14563836,-2.89214840,1.68289530,-0.13366528,2.33977957,-0.51031113,0.25880000,1.95950556,-1.23990171,0.41278896,2.40870714,-0.17034411
0.36097759,-0.03275745,-0.03785457,-0.04923713,-0.71405732,0.21733749,-0.15479378,0.53202095,-1.52668934,0.11676663,0.40941074,-1.44173057,-0.19003961,0.32061385,-1.46792140,0.20845836,1.16363916,-1.56299593,0.38580412,0.01985858,0.00186179,0.28557484,0.30423279,0.17683731,-0.27807546,0.27630736,-0.18704539,-0.26916924,-0.29444615,0.19799655,-0.26820674,-0.05433893,-0.19499963,-0.26912375,1.34965370,-0.10864736,-0.00075877,-0.02239306,-0.03387770,0.99917480,1.66516562,0.04717707,0.00749938,1.61265726,-0.31397846,0.01640559,1.06929477,0.10883836,0.01736809,1.28223155,-0.29951860,0.01645109,0.11580169,-2.62782211,1.59371431,-0.11936431,2.11647997,-0.44914684,0.12984653,2.20706391,-1.54650218,0.43441049,2.05389404,0.02676977
0.42121762,-0.03738778,-0.05134870,-0.04638889,-0.69768995,0.25100781,-0.15361910,0.50418848,-1.50963414,0.11575176,0.43130681,-1.44655073,-0.18961830,0.34713918,-1.48826420,0.21343650,1.18334103,-1.56071270,0.38580412,0.01985858,0.00186179,0.28529930,0.30005429,0.17668257,-0.27763513,0.28457961,-0.18687221,-0.26811457,-0.29870150,0.19882288,-0.26772155,-0.05840416,-0.19476480,-0.26921806,1.35365231,-0.10926833,-0.00084410,-0.02580906,-0.03267703,0.99913232,1.66460998,0.04743084,0.00766417,1.62541337,-0.31433590,0.01718473,1.06858040,0.10864709,0.01757775,1.28264685,-0.29980074,0.01608124,0.12202001,-2.90246296,1.78003299,-0.10102055,2.27332473,-0.50444901,0.02917647,2.81388664,-2.18421221,0.52395272,2.01874971,0.27164817
0.42826857,-0.03659849,-0.05688553,-0.03452159,-0.53668806,0.22666477,-0.15245340,0.47558200,-1.49259925,0.11525972,0.45219988,-1.45212126,-0.18961007,0.37484966,-1.51023533,0.21796985,1.19999802,-1.55582349,0.38580412,0.01985858,0.00186179,0.28498122,0.29581870,0.17663549,-0.27727865,0.29272676,-0.18665764,-0.26713841,-0.30299724,0.19960351,-0.26731585,-0.06305236,-0.19457835,-0.26890738,1.35784958,-0.10989409,-0.00089879,-0.02845954,-0.03156053,0.99909618,1.66422687,0.04771858,0.00770256,1.63821178,-0.31465508,0.01784281,1.06805445,0.10843519,0.01766537,1.28264208,-0.30010493,0.01607383,0.11865281,-2.91516800,1.73472688,-0.04949793,2.12640026,-0.56896077,0.00102669,2.82044640,-2.23554630,0.46076558,1.69246984,0.50053329
0.41753201,-0.03303268,-0.05666486,-0.01951231,-0.31254008,0.16784614,-0.15135055,0.44568855,-1.47582669,0.11516363,0.47186291,-1.45901723,-0.18941655,0.40066138,-1.52996175,0.22185053,1.21351979,-1.54918578,0.38580412,0.01985858,0.00186179,0.28465770,0.29156140,0.17665434,-0.27700671,0.30081344,-0.18641074,-0.26629638,-0.30725255,0.20029873,-0.26684860,-0.06781945,-0.19435646,-0.26859901,1.36213830,-0.11050099,-0.00092569,-0.03015716,-0.03067137,0.99907405,1.66398692,0.04793578,0.00765099,1.65095048,-0.31501312,0.01836132,1.06775104,0.10826796,0.01780910,1.28252440,-0.30033128,0.01605870,0.10660464,-2.91887178,1.62799757,-0.00760518,1.90147507,-0.68338114,0.02114549,2.48548794,-1.88930235,0.37362227,1.28866439,0.65551796
0.45088252,-0.03117886,-0.05973321,-0.00629295,-0.10231770,0.10613130,-0.15030259,0.41409527,-1.45936058,0.11521938,0.49026612,-1.46759822,-0.18897683,0.42320483,-1.54580746,0.22533675,1.22383535,-1.54147003,0.38580412,0.01985858,0.00186179,0.28434952,0.28725643,0.17666288,-0.27686653,0.30887757,-0.18611816,-0.26563971,-0.31140698,0.20097742,-0.26613745,-0.07254149,-0.19412102,-0.26843050,1.36646610,-0.11106672,-0.00092723,-0.03074770,-0.03012818,0.99907258,1.66384580,0.04796578,0.00748299,1.66356738,-0.31545887,0.01870981,1.06773538,0.10831010,0.01821207,1.28235917,-0.30046383,0.01591901,0.10894462,-3.30753388,1.71283770,0.00636578,1.90606780,-0.90954894,0.04743673,2.31616416,-1.61256182,0.36042889,1.04666945,0.81090623
0.41195112,-0.02216738,-0.05098038,0.00734828,0.12257769,0.01770267,-0.14923439,0.38056717,-1.44300015,0.11546751,0.50747008,-1.47783840,-0.18847685,0.44215685,-1.55742302,0.22827524,1.23133390,-1.53311713,0.38580412,0.01985858,0.00186179,0.28407206,0.28288027,0.17667598,-0.27686783,0.31695125,-0.18575454,-0.26521028,-0.31549481,0.20159498,-0.26511450,-0.07718338,-0.19393564,-0.26841016,1.37080837,-0.11156876,-0.00090696,-0.03021000,-0.02999450,0.99909302,1.66377786,0.04781921,0.00720423,1.67604549,-0.31600248,0.01886178,1.06797532,0.10858949,0.01895756,1.28212991,-0.30052494,0.01566190,0.10187775,-3.20053048,1.55286622,0.02623271,1.62185473,-0.98654565,0.04715874,1.76546884,-1.06343958,0.27212406,0.68769721,0.79748994
0.45288095,-0.01460303,-0.04871462,0.02133127,0.35339918,-0.06660142,-0.14808241,0.34498224,-1.42623842,0.11619616,0.52355790,-1.48945725,-0.18812412,0.45770234,-1.56509173,0.22990966,1.23683965,-1.52453125,0.38580412,0.01985858,0.00186179,0.28384611,0.27844251,0.17678527,-0.27696196,0.32507323,-0.18530699,-0.26503363,-0.31960120,0.20194341,-0.26383808,-0.08173347,-0.19385541,-0.26850066,1.37515827,-0.11198586,-0.00086776,-0.02865224,-0.03025969,0.99913095,1.66378887,0.04762503,0.00688415,1.68842156,-0.31662552,0.01881248,1.06836374,0.10892858,0.02000803,1.28184314,-0.30053974,0.01534545,0.12142397,-3.73774385,1.75428379,0.08418690,1.65958691,-1.22958422,0.03386289,1.56970692,-0.74164563,0.14743023,0.54740906,0.89617068
0.44420186,-0.00386758,-0.03402748,0.03086056,0.50300117,-0.12877130,-0.14686732,0.30696951,-1.40806007,0.11747964,0.53866965,-1.50225317,-0.18798080,0.46992901,-1.56901920,0.22920858,1.24097116,-1.51646216,0.38580412,0.01985858,0.00186179,0.28373864,0.27395000,0.17701725,-0.27710545,0.33331785,-0.18479237,-0.26514308,-0.32367796,0.20174692,-0.26240275,-0.08615666,-0.19389373,-0.26868041,1.37951994,-0.11229492,-0.00080935,-0.02618756,-0.03089031,0.99917934,1.66388154,0.04746175,0.00663320,1.70078619,-0.31732420,0.01859556,1.06892250,0.10906106,0.02133589,1.28155055,-0.30049626,0.01505823,0.12369255,-3.87441335,1.85394280,0.13111068,1.53841505,-1.30427802,0.01446952,1.24217136,-0.39657220,-0.07435067,0.41935177,0.82050557
0.42635791,0.00457717,-0.01328743,0.03710330,0.58952309,-0.16510805,-0.14575974,0.26696638,-1.38795924,0.11899195,0.55327560,-1.51568730,-0.18791599,0.47995241,-1.57051775,0.22638195,1.24391348,-1.50951421,0.38580412,0.01985858,0.00186179,0.28379470,0.26940818,0.17729014,-0.27727759,0.34170384,-0.18427757,-0.26544900,-0.32745987,0.20104693,-0.26096345,-0.09046857,-0.19399510,-0.26891810,1.38390050,-0.11253078,-0.00073571,-0.02318459,-0.03172970,0.99922728,1.66401401,0.04730971,0.00651711,1.71322453,-0.31811633,0.01834570,1.06985567,0.10888664,0.02283125,1.28130627,-0.30039532,0.01487659,0.10568276,-3.90328422,1.97097661,0.14759439,1.41713419,-1.30898154,0.00604168,0.96036098,-0.12994012,-0.28968627,0.27477543,0.66453812
0.45755041,0.01030609,0.00144281,0.04536433,0.70115956,-0.19393577,-0.14500177,0.22544550,-1.36584532,0.12047505,0.56751881,-1.52930398,-0.18787753,0.48841199,-1.57020090,0.22208253,1.24530830,-1.50408249,0.38580412,0.01985858,0.00186179,0.28397346,0.26483355,0.17753878,-0.27749623,0.35018894,-0.18383538,-0.26585935,-0.33066943,0.20001083,-0.25957899,-0.09470039,-0.19413726,-0.26920997,1.38828595,-0.11272135,-0.00064779,-0.01983651,-0.03265988,0.99926945,1.66414719,0.04714549,0.00647723,1.72572348,-0.31903095,0.01811410,1.07138249,0.10845460,0.02439446,1.28111093,-0.30026056,0.01476349,0.07467009,-4.33557405,2.32037897,0.15303418,1.48044369,-1.41787815,0.00384636,0.86983138,0.04719793,-0.45622623,0.12997984,0.55065151
0.41698458,0.01182644,0.01399797,0.04510552,0.67825832,-0.16702469,-0.14481900,0.18324814,-1.34221079,0.12171476,0.58134258,-1.54268780,-0.18784024,0.49582292,-1.56844323,0.21740312,1.24487486,-1.50070324,0.38580412,0.01985858,0.00186179,0.28425452,0.26026923,0.17771029,-0.27778801,0.35863878,-0.18352714,-0.26627702,-0.33305698,0.19890984,-0.25819265,-0.09890059,-0.19430992,-0.26956721,1.39267104,-0.11289225,-0.00054605,-0.01627456,-0.03355009,0.99930437,1.66427346,0.04696128,0.00646650,1.73819282,-0.32006049,0.01797749,1.07370519,0.10790825,0.02606187,1.28096054,-0.30013122,0.01468731,0.01135853,-4.00765066,2.25462914,0.11484636,1.30768936,-1.26685929,0.00364387,0.69520739,0.17912421,-0.44375813,-0.05885098,0.29924380
0.45787071,0.01298486,0.02821325,0.05269436,0.77384905,-0.14488672,-0.14533994,0.14151426,-1.31786406,0.12266043,0.59467536,-1.55560625,-0.18773690,0.50256908,-1.56555247,0.21307199,1.24218631,-1.50016010,0.38580412,0.01985858,0.00186179,0.28462374,0.25574888,0.17779652,-0.27815904,0.36682608,-0.18338824,-0.26666503,-0.33430805,0.19792780,-0.25677717,-0.10311657,-0.19449070,-0.26999308,1.39705653,-0.11306710,-0.00043118,-0.01257177,-0.03427480,0.99933328,1.66438611,0.04678905,0.00646470,1.75045581,-0.32115738,0.01795872,1.07709505,0.10730062,0.02784657,1.28085680,-0.30003576,0.01463066,-0.06507523,-4.33581877,2.54353857,0.09418837,1.38135993,-1.33813906,0.01207366,0.69411093,0.31681356,-0.44413096,-0.31565127,0.01129508
0.44872793,0.01003612,0.03829004,0.05366323,0.77505824,-0.08446629,-0.14667066,0.10190940,-1.29351676,0.12335072,0.60752636,-1.56787267,-0.18739388,0.50892873,-1.56180537,0.20915087,1.23539813,-1.50261164,0.38580412,0.01985858,0.00186179,0.28507605,0.25126628,0.17781487,-0.27861220,0.37434148,-0.18346233,-0.26712973,-0.33385987,0.19712950,-0.25560730,-0.10739331,-0.19462569,-0.27048306,1.40145092,-0.11327328,-0.00030407,-0.00876102,-0.03469454,0.99935952,1.66444371,0.04668817,0.00646385,1.76216803,-0.32225447,0.01794631,1.08206578,0.10653478,0.02946874,1.28081889,-0.29998267,0.01459299,-0.13636467,-4.03013434,2.47943263,0.07007966,1.30851922,-1.24855430,0.03536658,0.64754680,0.38229092,-0.39957744,-0.69789751,-0.25122032
0.43000893,0.00521342,0.04589993,0.05239771,0.75101246,-0.01893188,-0.14859022,0.06521380,-1.26948512,0.12387523,0.62012867,-1.57952909,-0.18672380,0.51516221,-1.55760677,0.20478495,1.22362292,-1.50578880,0.38580412,0.01985858,0.00186179,0.28558719,0.24677969,0.17779226,-0.27912910,0.38101312,-0.18371064,-0.26782747,-0.33190196,0.19634090,-0.25509990,-0.11173821,-0.19468232,-0.27101544,1.40586071,-0.11352327,-0.00017054,-0.00489452,-0.03481593,0.99938174,1.66441477,0.04666445,0.00645809,1.77316561,-0.32330341,0.01775972,1.08842686,0.10543885,0.03048729,1.28084536,-0.29995769,0.01457175,-0.19055803,-3.54221148,2.33342261,0.04981272,1.22399826,-1.12836959,0.06778960,0.60545503,0.41111906,-0.43375145,-1.18571122,-0.30614933
0.46201059,0.00037887,0.05792764,0.05636180,0.80875915,0.03406350,-0.15095958,0.03168123,-1.24585543,0.12426663,0.63258642,-1.59054804,-0.18576756,0.52132467,-1.55304866,0.19902270,1.20732417,-1.50872250,0.38580412,0.01985858,0.00186179,0.28614824,0.24227139,0.17774047,-0.27969976,0.38679326,-0.18410911,-0.26883651,-0.32873991,0.19529651,-0.25539197,-0.11614301,-0.19466739,-0.27157685,1.41028371,-0.11382264,-0.00003506,-0.00100593,-0.03467315,0.99939820,1.66429081,0.04669993,0.00644848,1.78338733,-0.32429563,0.01731173,1.09586920,0.10378748,0.03075627,1.28092861,-0.29997271,0.01457139,-0.25027841,-3.46520419,2.45753222,0.03976878,1.29650974,-1.14186704,0.10160617,0.64131016,0.47791001,-0.61539445,-1.73067737,-0.30463338
0.42080552,-0.00484756,0.06033998,0.05081183,0.73493857,0.06950511,-0.15367660,0.00108672,-1.22278295,0.12459332,0.64487849,-1.60086026,-0.18461940,0.52743076,-1.54816203,0.19189016,1.18862581,-1.51238785,0.38580412,0.01985858,0.00186179,0.28675423,0.23775361,0.17768095,-0.28031185,0.39177288,-0.18462882,-0.27012237,-0.32474918,0.19390497,-0.25612383,-0.12059499,-0.19460405,-0.27215374,1.41470771,-0.11417302,0.00009856,0.00287465,-0.03432485,0.99940659,1.66409169,0.04677708,0.00644238,1.79289012,-0.32524613,0.01663185,1.10402750,0.10155591,0.03063039,1.28104520,-0.30004454,0.01460048,-0.26079930,-2.87763896,2.18374901,0.03073661,1.16483655,-0.97187464,0.11052485,0.57907668,0.46668386,-0.68734317,-1.78791323,-0.36047103
0.45949363,-0.01186963,0.07442895,0.05448220,0.79868549,0.10516720,-0.15665208,-0.02673343,-1.20071685,0.12496914,0.65695852,-1.61038435,-0.18323281,0.53352141,-1.54300702,0.18433207,1.16955674,-1.51806629,0.38580412,0.01985858,0.00186179,0.28740326,0.23324203,0.17764747,-0.28095086,0.39604464,-0.18523603,-0.27159479,-0.32022674,0.19232362,-0.25679569,-0.12508770,-0.19447676,-0.27274995,1.41911359,-0.11457776,0.00022755,0.00672089,-0.03383710,0.99940474,1.66383703,0.04688711,0.00645240,1.80172248,-0.32617686,0.01580847,1.11262836,0.09896460,0.03060757,1.28115852,-0.30014862,0.01465331,-0.31344405,-2.85685086,2.28144217,0.04034396,1.25505769,-0.98006421,0.14840253,0.63440198,0.54070354,-0.78947282,-1.98553491,-0.62534213
0.44380352,-0.01841372,0.08056894,0.05125068,0.76290623,0.10799250,-0.15969089,-0.05075868,-1.18076589,0.12553954,0.66885759,-1.61884780,-0.18143638,0.53962958,-1.53763700,0.17698815,1.15017495,-1.52540843,0.38580412,0.01985858,0.00186179,0.28810219,0.22872604,0.17768448,-0.28160894,0.39942564,-0.18588147,-0.27324713,-0.31523423,0.19071080,-0.25732875,-0.12960006,-0.19423554,-0.27338691,1.42346583,-0.11504857,0.00034886,0.01047421,-0.03330544,0.99939027,1.66351419,0.04701365,0.00649324,1.80962971,-0.32711040,0.01485505,1.12162808,0.09622662,0.03077343,1.28122158,-0.30022469,0.01471528,-0.30918914,-2.44151297,2.02872756,0.05840692,1.21185710,-0.86057976,0.18344040,0.62217112,0.54709647,-0.74777948,-1.97606874,-0.74772036
0.41393417,-0.02395972,0.08486857,0.04594740,0.69464913,0.08289403,-0.16235578,-0.07041646,-1.16345742,0.12636586,0.68071667,-1.62617793,-0.17932541,0.54581151,-1.53219657,0.16986163,1.12893806,-1.53237426,0.38580412,0.01985858,0.00186179,0.28885037,0.22418540,0.17781277,-0.28227728,0.40182324,-0.18646960,-0.27514840,-0.30971105,0.18913378,-0.25808210,-0.13409220,-0.19390058,-0.27405643,1.42773042,-0.11557200,0.00046248,0.01406937,-0.03286446,0.99936068,1.66311374,0.04712764,0.00657309,1.81643446,-0.32803847,0.01370197,1.13111459,0.09350114,0.03076826,1.28118868,-0.30024379,0.01479393,-0.25348738,-1.87240562,1.65908935,0.08278887,1.15312741,-0.70275067,0.20691057,0.60242114,0.52863758,-0.69000870,-2.08625798,-0.66814423
0.42724940,-0.03076016,0.10022005,0.04551905,0.69525669,0.04538552,-0.16411688,-0.08504611,-1.14942789,0.12756537,0.69260383,-1.63221648,-0.17709286,0.55226694,-1.52685168,0.16327333,1.10494795,-1.53830395,0.38580412,0.01985858,0.00186179,0.28966241,0.21961682,0.17806788,-0.28293695,0.40312915,-0.18687533,-0.27735447,-0.30348432,0.18769868,-0.25917872,-0.13856334,-0.19352128,-0.27473412,1.43185051,-0.11613374,0.00056908,0.01743405,-0.03262375,0.99931548,1.66261378,0.04723099,0.00672547,1.82193277,-0.32890433,0.01230795,1.14125459,0.09095934,0.03048370,1.28096023,-0.30020549,0.01492830,-0.17301849,-1.47732038,1.42861593,0.12904592,1.23858895,-0.61695871,0.23257470,0.67603880,0.55520833,-0.67933869,-2.52398834,-0.60972271
0.36461170,-0.03067328,0.10229686,0.03783774,0.57942150,-0.01337194,-0.16453252,-0.09419589,-1.14005003,0.12928787,0.70451262,-1.63688056,-0.17495879,0.55919667,-1.52169139,0.15740643,1.07861061,-1.54402537,0.38580412,0.01985858,0.00186179,0.29057068,0.21503491,0.17849190,-0.28356047,0.40334017,-0.18696403,-0.27973325,-0.29646643,0.18643131,-0.26046929,-0.14303386,-0.19315852,-0.27539851,1.43573149,-0.11670951,0.00067076,0.02051944,-0.03266266,0.99925555,1.66196366,0.04735869,0.00701022,1.82600115,-0.32961426,0.01083743,1.15207265,0.08868435,0.03010139,1.28038888,-0.30011501,0.01517217,-0.02575794,-0.81583319,0.84015992,0.16876555,1.13031621,-0.42976241,0.20092971,0.66256989,0.48796437,-0.55052316,-2.51818295,-0.54581664
0.39340681,-0.03729537,0.11726858,0.03755555,0.57051076,-0.08496294,-0.16338421,-0.09680863,-1.13829768,0.13147266,0.71641064,-1.64015222,-0.17305331,0.56662500,-1.51667511,0.15170702,1.05088115,-1.55094123,0.38580412,0.01985858,0.00186179,0.29151782,0.21045271,0.17906761,-0.28414921,0.40239170,-0.18662534,-0.28194455,-0.28864377,0.18514350,-0.26177144,-0.14750231,-0.19285100,-0.27604601,1.43952580,-0.11731378,0.00077018,0.02330466,-0.03302150,0.99918261,1.66134222,0.04746798,0.00736861,1.82871754,-0.33009977,0.00957327,1.16373594,0.08648341,0.02974638,1.27961238,-0.30000515,0.01547182,0.14339760,-0.16975309,0.05573034,0.23381411,1.23909855,-0.32007691,0.19476002,0.78102940,0.52067637,-0.59424150,-2.90554738,-0.74347848
0.40044542,-0.03945874,0.11076251,0.03313186,0.49545211,-0.14464082,-0.16054300,-0.09016916,-1.14918973,0.13371247,0.72834297,-1.64189661,-0.17142441,0.57453407,-1.51173677,0.14551147,1.02240443,-1.56020937,0.38580412,0.01985858,0.00186179,0.29240255,0.20585628,0.17968753,-0.28474989,0.39991615,-0.18576147,-0.28352818,-0.27997122,0.18361058,-0.26293236,-0.15194822,-0.19261173,-0.27668560,1.44347036,-0.11796845,0.00086922,0.02574353,-0.03372587,0.99909913,1.66097539,0.04742798,0.00765267,1.82994919,-0.33027569,0.00887437,1.17651837,0.08410422,0.02947020,1.27887912,-0.29989499,0.01571696,0.29084764,0.68700461,-1.12405879,0.22779652,1.21547575,-0.17605754,0.16564560,0.80607066,0.50292016,-0.63108652,-2.90088778,-0.94649656
0.40286374,-0.03798588,0.09914634,0.02813768,0.41037021,-0.17821543,-0.15683666,-0.07610238,-1.16988194,0.13569174,0.74039983,-1.64247096,-0.16996272,0.58284816,-1.50687833,0.13961681,0.99359667,-1.57112770,0.38580412,0.01985858,0.00186179,0.29319704,0.20123262,0.18025755,-0.28537681,0.39620271,-0.18461653,-0.28453285,-0.27074319,0.18207172,-0.26381055,-0.15636777,-0.19241217,-0.27732883,1.44761226,-0.11864820,0.00096681,0.02788090,-0.03463064,0.99901073,1.66084407,0.04724197,0.00782023,1.83007984,-0.33025727,0.00866418,1.19012683,0.08173453,0.02938649,1.27829595,-0.29977056,0.01586821,0.36239797,1.41247921,-2.06372936,0.19016936,1.17347536,-0.04751484,0.14137651,0.81180732,0.47101379,-0.56386142,-2.80272465,-1.06955373
0.44818718,-0.03785735,0.10010660,0.02632909,0.37384153,-0.19802964,-0.15324017,-0.05778922,-1.19474673,0.13741391,0.75263635,-1.64204452,-0.16855057,0.59169201,-1.50232058,0.13508562,0.96455386,-1.58267522,0.38580412,0.01985858,0.00186179,0.29390721,0.19658990,0.18077465,-0.28599787,0.39174894,-0.18351072,-0.28521797,-0.26118064,0.18084503,-0.26432410,-0.16076134,-0.19221384,-0.27796809,1.45191632,-0.11932216,0.00105835,0.02970492,-0.03558163,0.99892464,1.66087003,0.04700705,0.00790934,1.82961572,-0.33024057,0.00868925,1.20426464,0.07964744,0.02958311,1.27788647,-0.29961075,0.01593913,0.36925746,1.92877312,-2.59903054,0.17742588,1.27645874,0.05278289,0.14716499,0.92703098,0.47050413,-0.45743918,-3.02723484,-1.20390058
0.41672021,-0.03032997,0.08666086,0.01966559,0.27221829,-0.15854086,-0.15041519,-0.03831289,-1.21877046,0.13891631,0.76510347,-1.64067929,-0.16713376,0.60137190,-1.49840589,0.13187258,0.93529153,-1.59404054,0.38580412,0.01985858,0.00186179,0.29455056,0.19193949,0.18124748,-0.28658289,0.38709194,-0.18266419,-0.28580904,-0.25142558,0.17993820,-0.26456408,-0.16515098,-0.19199366,-0.27858156,1.45631395,-0.11996759,0.00113717,0.03117654,-0.03642922,0.99884916,1.66094656,0.04681643,0.00796767,1.82907121,-0.33034439,0.00874153,1.21866403,0.07780777,0.02998648,1.27761586,-0.29942067,0.01596900,0.25979181,1.85084381,-2.25944123,0.14055801,1.18554258,0.13827847,0.13448957,0.92773174,0.36442778,-0.29490686,-2.77925844,-1.07489629
0.45955368,-0.02884323,0.09085570,0.01538533,0.20837390,-0.13063882,-0.14831397,-0.01895326,-1.24009979,0.14015448,0.77776861,-1.63831198,-0.16576718,0.61217982,-1.49532890,0.12940200,0.90578401,-1.60476398,0.38580412,0.01985858,0.00186179,0.29514319,0.18730950,0.18166483,-0.28712583,0.38249790,-0.18207511,-0.28638786,-0.24153043,0.17920248,-0.26467662,-0.16956222,-0.19176353,-0.27915947,1.46073838,-0.12057919,0.00119698,0.03223825,-0.03708417,0.99879128,1.66100366,0.04669536,0.00801736,1.82868119,-0.33051745,0.00875533,1.23316188,0.07604079,0.03046657,1.27742262,-0.29924069,0.01598372,0.20914710,2.01265693,-2.17890739,0.12477673,1.32191920,0.26187301,0.14129095,1.14351511,0.30763447,-0.24833529,-3.07749200,-1.10606849
0.44545431,-0.02508574,0.08492949,0.00805309,0.10776104,-0.08059842,-0.14661281,0.00029638,-1.25839469,0.14098159,0.79034302,-1.63467684,-0.16452368,0.62433915,-1.49329827,0.12760026,0.87578894,-1.61430471,0.38580412,0.01985858,0.00186179,0.29568904,0.18280196,0.18199106,-0.28763761,0.37800718,-0.18166358,-0.28697932,-0.23146275,0.17862188,-0.26474325,-0.17396400,-0.19153698,-0.27969663,1.46512707,-0.12115634,0.00122995,0.03277379,-0.03748172,0.99875897,1.66105526,0.04662163,0.00805143,1.82845512,-0.33064097,0.00870972,1.24770327,0.07431150,0.03094579,1.27729650,-0.29911578,0.01599241,0.17303029,1.96068435,-1.86007676,0.08369949,1.28021567,0.37176872,0.12650937,1.23991702,0.20545985,-0.18271041,-3.05592213,-0.97006693
0.41841671,-0.02175084,0.07600883,0.00034768,0.00472496,-0.02929506,-0.14509326,0.01962442,-1.27427328,0.14142673,0.80249555,-1.62992277,-0.16338377,0.63757994,-1.49231842,0.12633959,0.84511935,-1.62252586,0.38580412,0.01985858,0.00186179,0.29619077,0.17850036,0.18222880,-0.28813260,0.37358056,-0.18136074,-0.28759343,-0.22120644,0.17817535,-0.26481007,-0.17829090,-0.19130896,-0.28018477,1.46944969,-0.12170828,0.00123783,0.03283599,-0.03765037,0.99875058,1.66116307,0.04656440,0.00805816,1.82831569,-0.33068040,0.00859734,1.26228552,0.07261556,0.03138070,1.27726155,-0.29905111,0.01600600,0.14622287,1.88020511,-1.52602987,0.04081031,1.17744606,0.47044358,0.11009202,1.29534700,0.08653601,-0.11953811,-2.98747425,-0.78772705
0.44163150,-0.02225942,0.07396121,-0.00676462,-0.08960034,0.01230161,-0.14378301,0.03912836,-1.28813157,0.14166789,0.81429977,-1.62429485,-0.16234627,0.65180520,-1.49238029,0.12521416,0.81380513,-1.62918518,0.38580412,0.01985858,0.00186179,0.29663054,0.17440761,0.18242116,-0.28856476,0.36920967,-0.18116309,-0.28818901,-0.21081341,0.17775455,-0.26493701,-0.18251665,-0.19107815,-0.28062248,1.47370360,-0.12224391,0.00122166,0.03244305,-0.03760852,0.99876501,1.66133602,0.04654461,0.00806578,1.82824366,-0.33065982,0.00844153,1.27685492,0.07086117,0.03169353,1.27733407,-0.29905510,0.01600806,0.13439134,2.03368883,-1.42806458,0.02457276,1.22842491,0.59208274,0.10703876,1.49023523,-0.01505613,-0.11895466,-3.26676502,-0.67846773
0.39898633,-0.01996761,0.05761508,-0.01211899,-0.16119890,0.04231209,-0.14269376,0.05887502,-1.30052547,0.14194848,0.82656775,-1.61836414,-0.16144316,0.66695169,-1.49329219,0.12374864,0.78201642,-1.63399389,0.38580412,0.01985858,0.00186179,0.29698030,0.17035362,0.18262223,-0.28882225,0.36489585,-0.18105802,-0.28870204,-0.20038852,0.17723425,-0.26519661,-0.18666439,-0.19085788,-0.28102409,1.47791303,-0.12277103,0.00118451,0.03163188,-0.03740101,0.99879887,1.66144736,0.04659952,0.00815805,1.82824619,-0.33061150,0.00827826,1.29134052,0.06895336,0.03178369,1.27749768,-0.29913433,0.01595621,0.10142492,1.87645960,-1.16460619,0.02769489,1.17275488,0.56323147,0.08433842,1.44587927,-0.09362234,-0.14326000,-3.02088642,-0.43822660
0.43808246,-0.02076616,0.04898976,-0.01894593,-0.25384622,0.06905899,-0.14177394,0.07880974,-1.31183279,0.14228714,0.84077334,-1.61288548,-0.16065852,0.68291676,-1.49490011,0.12246329,0.74976206,-1.63667405,0.38580412,0.01985858,0.00186179,0.29721138,0.16599217,0.18281826,-0.28877954,0.36064877,-0.18101889,-0.28910509,-0.18998404,0.17676658,-0.26553483,-0.19075270,-0.19064645,-0.28139572,1.48211320,-0.12328540,0.00113094,0.03046088,-0.03708480,0.99884712,1.66120489,0.04672073,0.00843184,1.82834597,-0.33054910,0.00810628,1.30575998,0.06708241,0.03167655,1.27774866,-0.29926209,0.01581566,0.09354017,2.07893729,-1.16270781,0.03580190,1.51469553,0.56104362,0.08014775,1.67470419,-0.17744301,-0.12745614,-3.36702156,-0.24650989
0.42903011,-0.01699947,0.03223591,-0.02210489,-0.29911710,0.08054849,-0.14101684,0.09870657,-1.32205212,0.14236178,0.85879884,-1.60926955,-0.15989074,0.69954668,-1.49734287,0.12316366,0.71678948,-1.63663404,0.38580412,0.01985858,0.00186179,0.29728480,0.16096251,0.18287942,-0.28822662,0.35649583,-0.18103670,-0.28940433,-0.17960711,0.17685955,-0.26573366,-0.19474120,-0.19040880,-0.28170454,1.48631347,-0.12376236,0.00106505,0.02899275,-0.03669214,0.99890539,1.66025927,0.04681509,0.00905818,1.82856670,-0.33046575,0.00788047,1.32016580,0.06579758,0.03155114,1.27812760,-0.29937070,0.01558026,0.07691052,2.02619822,-1.03968117,0.00695917,1.84074368,0.36414462,0.07826752,1.69430637,-0.24988385,0.07447294,-3.35938334,0.00747443
0.40386688,-0.01180173,0.01642505,-0.02295748,-0.31439990,0.08710546,-0.14041485,0.11831529,-1.33144066,0.14195550,0.88021348,-1.60948188,-0.15908707,0.71652497,-1.50057001,0.12599127,0.68294864,-1.63395741,0.38580412,0.01985858,0.00186179,0.29723361,0.15564682,0.18270333,-0.28697937,0.35244139,-0.18109770,-0.28963520,-0.16925018,0.17754994,-0.26575716,-0.19862126,-0.19013089,-0.28191732,1.49045976,-0.12418900,0.00099369,0.02738047,-0.03624953,0.99896711,1.65893929,0.04675275,0.01025424,1.82884851,-0.33035486,0.00759842,1.33452328,0.06516099,0.03147645,1.27858045,-0.29942406,0.01531629,0.05723884,1.90336778,-0.90735354,-0.04320418,2.10391383,-0.06482004,0.07811909,1.65257359,-0.31928221,0.28692198,-3.29821715,0.28247237
0.41722341,-0.00982198,0.01226712,-0.02501544,-0.34686982,0.09855033,-0.13997926,0.13753115,-1.34027493,0.14124159,0.90346744,-1.61612053,-0.15836061,0.73366758,-1.50433075,0.12972779,0.64802756,-1.62841990,0.38580412,0.01985858,0.00186179,0.29714245,0.15091668,0.18229168,-0.28475957,0.34848602,-0.18119576,-0.28979530,-0.15890935,0.17850351,-0.26576393,-0.20242155,-0.18985188,-0.28202091,1.49446469,-0.12457232,0.00092108,0.02571455,-0.03577949,0.99902840,1.65803528,0.04645623,0.01238288,1.82909570,-0.33023343,0.00734715,1.34873205,0.06484173,0.03137852,1.27898035,-0.29945719,0.01512154,0.04383884,1.99801986,-0.91682070,-0.07521733,2.42770452,-0.75914263,0.07408820,1.78625131,-0.39456186,0.39013250,-3.64791441,0.60305889
0.36427391,-0.00701339,0.00960155,-0.02232398,-0.31359830,0.08815145,-0.13969987,0.15633301,-1.34884026,0.14064513,0.92521458,-1.62997646,-0.15790299,0.75074395,-1.50819232,0.13314592,0.61200981,-1.61994474,0.38580412,0.01985858,0.00186179,0.29705965,0.14787943,0.18176672,-0.28159719,0.34462402,-0.18132116,-0.28987605,-0.14859958,0.17938587,-0.26590601,-0.20617147,-0.18963794,-0.28202671,1.49830337,-0.12492073,0.00085046,0.02405759,-0.03531520,0.99908626,1.65864768,0.04595105,0.01546246,1.82926479,-0.33012214,0.00718360,1.36274052,0.06450957,0.03115364,1.27925673,-0.29952828,0.01503294,0.02517936,1.78055308,-0.81121196,-0.05404304,2.03533525,-1.37938662,0.04030777,1.61916299,-0.36593379,0.31853753,-3.42810860,0.83155137
0.38476814,-0.00513361,0.00544460,-0.02370692,-0.33734422,0.08802965,-0.13950440,0.17467643,-1.35723925,0.14037369,0.94071692,-1.64803243,-0.15773647,0.76747483,-1.51188302,0.13612150,0.57520336,-1.60856211,0.38580412,0.01985858,0.00186179,0.29695079,0.14737392,0.18127237,-0.27811022,0.34086515,-0.18145173,-0.28987985,-0.13838752,0.18016701,-0.26620302,-0.20984065,-0.18950203,-0.28196540,1.50200255,-0.12523260,0.00078326,0.02243147,-0.03488797,0.99913915,1.66166146,0.04531878,0.01884057,1.82938106,-0.33001809,0.00707094,1.37651892,0.06414826,0.03074777,1.27945502,-0.29963650,0.01498538,0.01947209,1.90371823,-0.87252253,-0.02315268,1.50313222,-1.92695844,0.01328997,1.73657382,-0.38124618,0.30450895,-3.84416413,1.22877955
0.36409753,-0.00271544,-0.00151884,-0.02297943,-0.33063661,0.06933358,-0.13929695,0.19247991,-1.36542799,0.14051110,0.94436667,-1.66429462,-0.15765482,0.78362391,-1.51546493,0.13938514,0.53826022,-1.59395311,0.38580412,0.01985858,0.00186179,0.29678785,0.14994683,0.18097503,-0.27531031,0.33724685,-0.18156101,-0.28979403,-0.12843805,0.18105898,-0.26661664,-0.21332929,-0.18938262,-0.28187266,1.50556450,-0.12550631,0.00071946,0.02080661,-0.03454782,0.99918618,1.66765306,0.04467979,0.02147754,1.82946565,-0.32992715,0.00699381,1.38993881,0.06399140,0.03017121,1.27966414,-0.29970214,0.01491518,0.02115038,1.81282389,-0.83380139,0.01465165,0.35682122,-1.64988563,0.00824796,1.64436624,-0.36500823,0.33341529,-3.76213121,1.49153197
0.33824054,0.00064464,-0.00947525,-0.02256616,-0.32754385,0.04620772,-0.13909636,0.20997380,-1.37344477,0.14113336,0.93727188,-1.67560096,-0.15771747,0.79958353,-1.51925702,0.14347344,0.50188715,-1.57670081,0.38580412,0.01985858,0.00186179,0.29656287,0.15473750,0.18094618,-0.27348521,0.33373798,-0.18165973,-0.28961508,-0.11883882,0.18220897,-0.26710293,-0.21667694,-0.18929081,-0.28172379,1.50903516,-0.12574157,0.00065668,0.01912650,-0.03430427,0.99922818,1.67581775,0.04416659,0.02307766,1.82952903,-0.32986158,0.00694780,1.40297215,0.06418846,0.02945994,1.27988668,-0.29972684,0.01483908,0.01899426,1.69959466,-0.77819824,0.06412590,-0.76454579,-1.05830235,-0.00908102,1.55307753,-0.37174622,0.40526936,-3.52937088,1.69706142
0.35692121,0.00533296,-0.01871791,-0.02541066,-0.37088347,0.03350408,-0.13897346,0.22737674,-1.38128791,0.14197395,0.92206329,-1.68237865,-0.15824203,0.81590538,-1.52346008,0.14848927,0.46651685,-1.55714300,0.38580412,0.01985858,0.00186179,0.29627010,0.16109619,0.18108647,-0.27241626,0.33029562,-0.18177277,-0.28934175,-0.10964218,0.18364777,-0.26765312,-0.21999584,-0.18931298,-0.28145306,1.51245179,-0.12592829,0.00059288,0.01735261,-0.03413913,0.99926626,1.68553129,0.04374134,0.02385384,1.82957151,-0.32981948,0.00692835,1.41559899,0.06477421,0.02861698,1.28004854,-0.29978542,0.01481704,0.01194552,1.81271086,-0.81519181,0.08666626,-1.64110353,-0.67304966,-0.05977973,1.70556748,-0.44177470,0.53011289,-3.67386541,2.05567169
0.32354906,0.00975050,-0.02413182,-0.02445488,-0.35823801,0.01926180,-0.13892024,0.24476553,-1.38885698,0.14235208,0.90222319,-1.68642099,-0.15924149,0.83285353,-1.52798264,0.15415447,0.43252798,-1.53593724,0.38580412,0.01985858,0.00186179,0.29591597,0.16835677,0.18115808,-0.27174811,0.32689461,-0.18190244,-0.28899879,-0.10087614,0.18529457,-0.26824690,-0.22337346,-0.18945239,-0.28106837,1.51585093,-0.12606224,0.00052697,0.01547266,-0.03403336,0.99930078,1.69614277,0.04322185,0.02416786,1.82961228,-0.32978361,0.00691718,1.42781513,0.06566615,0.02766907,1.28010557,-0.29987834,0.01484760,0.00458807,1.65016937,-0.71532165,0.02909067,-1.91378334,-0.36496058,-0.09855529,1.61447313,-0.43132471,0.54225681,-3.21161003,2.02497549
0.35627251,0.01607253,-0.03280315,-0.02814966,-0.41318221,0.00847818,-0.13891006,0.26213837,-1.39607143,0.14181688,0.88069266,-1.68916702,-0.16047156,0.85030288,-1.53252113,0.16018839,0.40039593,-1.51396418,0.38580412,0.01985858,0.00186179,0.29551491,0.17592615,0.18099834,-0.27121244,0.32351984,-0.18204371,-0.28861455,-0.09259833,0.18706301,-0.26883381,-0.22682836,-0.18964343,-0.28064008,1.51926143,-0.12614685,0.00045907,0.01349887,-0.03398529,0.99933106,1.70707770,0.04248132,0.02430247,1.82966621,-0.32974909,0.00690036,1.43958564,0.06677486,0.02668110,1.28007324,-0.29994197,0.01487483,0.00046194,1.80943859,-0.74607128,-0.07040799,-2.25817394,-0.27105212,-0.13055839,1.82424474,-0.47174093,0.63326579,-3.31752348,2.29687977
0.35142352,0.01986473,-0.03659820,-0.02851057,-0.41861107,-0.00724236,-0.13899211,0.27962751,-1.40302858,0.14013926,0.85928826,-1.69104779,-0.16186682,0.86806473,-1.53687661,0.16675396,0.37115969,-1.49217544,0.38580412,0.01985858,0.00186179,0.29507699,0.18336041,0.18053025,-0.27070455,0.32013452,-0.18220883,-0.28818306,-0.08502431,0.18899181,-0.26932462,-0.23033846,-0.18986832,-0.28019688,1.52270749,-0.12618663,0.00038947,0.01144135,-0.03402039,0.99935557,1.71792052,0.04145610,0.02437244,1.82970960,-0.32974466,0.00689393,1.45073257,0.06814979,0.02575237,1.27999013,-0.29995103,0.01488011,-0.00845227,1.78160863,-0.70849786,-0.17210079,-2.17936826,-0.19055736,-0.14232480,1.80931745,-0.44342940,0.66950368,-2.97355347,2.21796956
0.33910368,0.02161571,-0.03855162,-0.02836539,-0.41533328,-0.03044738,-0.13911488,0.29736818,-1.40991392,0.13762454,0.83830345,-1.69213870,-0.16341571,0.88602639,-1.54111407,0.17388543,0.34535375,-1.47163062,0.38580412,0.01985858,0.00186179,0.29461700,0.19059215,0.17983763,-0.27021000,0.31670976,-0.18238206,-0.28770429,-0.07824035,0.19108050,-0.26966711,-0.23386632,-0.19012329,-0.27973607,1.52619136,-0.12620353,0.00031817,0.00930890,-0.03416652,0.99937275,1.72862070,0.04019749,0.02440700,1.82970565,-0.32978979,0.00691271,1.46118374,0.06977433,0.02494988,1.27988642,-0.29991074,0.01488093,-0.01164476,1.72717423,-0.66892307,-0.24925942,-2.03917327,-0.09915034,-0.15163148,1.74822111,-0.41145881,0.69723054,-2.47679796,1.98166776
0.36696403,0.02454024,-0.04448675,-0.03209238,-0.46686821,-0.06098175,-0.13915086,0.31541662,-1.41669741,0.13470410,0.81711911,-1.69227624,-0.16512575,0.90430690,-1.54531920,0.18140725,0.32396305,-1.45349596,0.38580412,0.01985858,0.00186179,0.29414123,0.19779492,0.17904033,-0.26969669,0.31324114,-0.18252878,-0.28718982,-0.07243121,0.19327268,-0.26984327,-0.23741708,-0.19040660,-0.27925300,1.52971256,-0.12621105,0.00024372,0.00707427,-0.03444809,0.99938142,1.73936620,0.03878477,0.02444454,1.82964185,-0.32987546,0.00695141,1.47076145,0.07159030,0.02429795,1.27974816,-0.29981790,0.01488823,-0.00237673,1.88287711,-0.70521826,-0.30550584,-2.21238432,-0.00483095,-0.17991847,1.90794015,-0.43813583,0.78581568,-2.18438354,1.86243348
0.33740099,0.02312611,-0.04302252,-0.03143693,-0.45265743,-0.07671261,-0.13900413,0.33378927,-1.42324486,0.13179299,0.79484147,-1.69110785,-0.16711187,0.92307581,-1.54952424,0.18902899,0.30783439,-1.43878195,0.38580412,0.01985858,0.00186179,0.29365528,0.20520140,0.17825574,-0.26914325,0.30973104,-0.18262498,-0.28665548,-0.06775283,0.19548281,-0.26987632,-0.24101471,-0.19074707,-0.27873618,1.53326834,-0.12621544,0.00016376,0.00470019,-0.03484299,0.99938173,1.75038600,0.03731634,0.02451203,1.82952850,-0.32996802,0.00699981,1.47929430,0.07351132,0.02377896,1.27955437,-0.29971402,0.01491910,0.01582056,1.74675117,-0.61866177,-0.27512892,-2.12760897,0.12466412,-0.19157981,1.78632822,-0.39900872,0.72319535,-1.47954297,1.36172471
0.37302982,0.02529951,-0.04916340,-0.03757695,-0.53411368,-0.09911125,-0.13866182,0.35249785,-1.42940521,0.12900718,0.77069086,-1.68797481,-0.16942598,0.94242775,-1.55368745,0.19641605,0.29750666,-1.42816973,0.38580412,0.01985858,0.00186179,0.29316771,0.21297226,0.17752573,-0.26860166,0.30617680,-0.18266997,-0.28611326,-0.06430345,0.19761634,-0.26982090,-0.24467684,-0.19115651,-0.27819143,1.53685196,-0.12622468,0.00007620,0.00215674,-0.03530985,0.99937408,1.76182218,0.03582768,0.02456605,1.82937320,-0.33004783,0.00705445,1.48665579,0.07543715,0.02334681,1.27929421,-0.29963626,0.01497628,0.03851391,1.95384765,-0.63540035,-0.28832257,-2.54616117,0.35843250,-0.24590454,2.02474737,-0.43284890,0.76470149,-0.98785752,1.04232132
0.36564482,0.02214523,-0.04828820,-0.03977714,-0.55745921,-0.10731267,-0.13812711,0.37156278,-1.43503938,0.12628884,0.74391220,-1.68170216,-0.17195589,0.96263893,-1.55792255,0.20294200,0.29411605,-1.42241485,0.38580412,0.01985858,0.00186179,0.29269735,0.22121007,0.17684838,-0.26818244,0.30257143,-0.18266390,-0.28556787,-0.06234751,0.19950994,-0.26982838,-0.24844568,-0.19159065,-0.27761142,1.54044891,-0.12626441,-0.00002109,-0.00058318,-0.03583584,0.99935752,1.77375770,0.03428544,0.02451490,1.82915979,-0.33013103,0.00712948,1.49255157,0.07719879,0.02286897,1.27891853,-0.29956788,0.01508592,0.05464156,1.94217525,-0.57331059,-0.27677086,-2.73047352,0.64292881,-0.25771890,2.05971525,-0.43152834,0.66289982,-0.33731193,0.58088563
0.34686304,0.01642529,-0.04324419,-0.04054572,-0.55922702,-0.10984975,-0.13748004,0.39090771,-1.44031038,0.12368194,0.71494486,-1.67242105,-0.17448662,0.98366385,-1.56219649,0.20792066,0.29672323,-1.42051809,0.38580412,0.01985858,0.00186179,0.29227163,0.22980560,0.17623379,-0.26788847,0.29891748,-0.18262573,-0.28501305,-0.06173905,0.20099657,-0.27011349,-0.25234906,-0.19199120,-0.27700421,1.54402628,-0.12635138,-0.00012619,-0.00345690,-0.03639855,0.99933137,1.78604384,0.03269725,0.02438315,1.82886582,-0.33023924,0.00725857,1.49707318,0.07860407,0.02215813,1.27837866,-0.29947564,0.01526741,0.06332547,1.88289485,-0.51046412,-0.25180666,-2.83180676,0.92518132,-0.24541939,2.04914315,-0.41396816,0.46775441,0.29966136,0.15612444
0.36320740,0.01203940,-0.03851838,-0.04502558,-0.61159832,-0.11960061,-0.13682095,0.41050806,-1.44540286,0.12134822,0.68421984,-1.66048715,-0.17693745,1.00511887,-1.56609392,0.21070266,0.30492432,-1.42210853,0.38580412,0.01985858,0.00186179,0.29193631,0.23867355,0.17571569,-0.26765195,0.29520123,-0.18257833,-0.28443832,-0.06242574,0.20190291,-0.27080387,-0.25638164,-0.19234596,-0.27641297,1.54752653,-0.12648981,-0.00023693,-0.00639632,-0.03697179,0.99929581,1.79853199,0.03110881,0.02428436,1.82842915,-0.33038273,0.00749799,1.50019098,0.07947403,0.02113244,1.27763250,-0.29936470,0.01552334,0.06828159,2.04381709,-0.52973926,-0.23986678,-3.21383457,1.26410418,-0.25456696,2.23627830,-0.40046868,0.26845148,0.90154111,-0.19589661
0.33055390,0.01054941,-0.02946734,-0.04118543,-0.55098461,-0.11040392,-0.13622463,0.43030354,-1.45048532,0.11944723,0.65232096,-1.64662640,-0.17934774,1.02651286,-1.56928678,0.21133376,0.31784849,-1.42713897,0.38580412,0.01985858,0.00186179,0.29168514,0.24770703,0.17532230,-0.26736956,0.29140665,-0.18253772,-0.28384824,-0.06419713,0.20221256,-0.27177768,-0.26050735,-0.19267655,-0.27584870,1.55100782,-0.12664207,-0.00035008,-0.00931087,-0.03755101,0.99925127,1.81117456,0.02959477,0.02431558,1.82789271,-0.33053570,0.00783690,1.50216828,0.07981831,0.01990746,1.27677439,-0.29922351,0.01583644,0.05586876,1.88025498,-0.48276684,-0.17591780,-3.03610764,1.33038459,-0.22866271,2.02838597,-0.29589700,0.04164117,1.26637220,-0.50965814
0.37393048,0.01641157,-0.03394820,-0.04379282,-0.57626345,-0.13276433,-0.13569215,0.45020571,-1.45568955,0.11806430,0.61988002,-1.63169372,-0.18185368,1.04744601,-1.57162011,0.21066110,0.33404911,-1.43564439,0.38580412,0.01985858,0.00186179,0.29144698,0.25678224,0.17506205,-0.26694612,0.28752046,-0.18249988,-0.28326409,-0.06666994,0.20210606,-0.27268643,-0.26469343,-0.19302742,-0.27528094,1.55458911,-0.12676459,-0.00046245,-0.01210337,-0.03817777,0.99919755,1.82398088,0.02819317,0.02450086,1.82734556,-0.33067177,0.00818290,1.50353535,0.07983950,0.01876055,1.27593835,-0.29903169,0.01616605,0.05460344,2.07439065,-0.54438412,-0.13615564,-3.38498497,1.56824279,-0.26308745,2.17226148,-0.22973119,-0.08549540,1.73025572,-0.93765551
0.37900626,0.02097206,-0.04116829,-0.03969690,-0.51343005,-0.15785710,-0.13516650,0.47009159,-1.46125333,0.11724262,0.58736792,-1.61628733,-0.18475066,1.06720564,-1.57251551,0.20975624,0.35233386,-1.44775627,0.38580412,0.01985858,0.00186179,0.29115288,0.26576479,0.17493085,-0.26632787,0.28352795,-0.18243781,-0.28270911,-0.06955073,0.20183145,-0.27314727,-0.26891858,-0.19349290,-0.27469379,1.55832329,-0.12685002,-0.00057066,-0.01463302,-0.03894840,0.99913391,1.83689926,0.02686126,0.02482501,1.82678879,-0.33080572,0.00844378,1.50469539,0.07978320,0.01800561,1.27515812,-0.29882150,0.01645910,0.05360577,2.02521846,-0.56738456,-0.08311172,-3.31142011,1.56947896,-0.29568043,2.01050301,-0.08898840,-0.09164942,1.86436138,-1.23737655
0.37616259,0.02303156,-0.04885795,-0.03287354,-0.41586541,-0.19049115,-0.13457961,0.48977590,-1.46742666,0.11684460,0.55476732,-1.60063887,-0.18807879,1.08527505,-1.57164972,0.20927398,0.37225549,-1.46257741,0.38580412,0.01985858,0.00186179,0.29078642,0.27462175,0.17489472,-0.26559072,0.27946808,-0.18232796,-0.28218345,-0.07283799,0.20158869,-0.27314359,-0.27315451,-0.19410365,-0.27411061,1.56220165,-0.12692348,-0.00067189,-0.01681095,-0.03990895,0.99906167,1.84989894,0.02550860,0.02519570,1.82623575,-0.33096242,0.00860297,1.50567558,0.07983284,0.01764283,1.27443471,-0.29862032,0.01667581,0.05774150,1.91107295,-0.60657262,-0.03559627,-3.17192864,1.52346294,-0.32627111,1.74057684,0.09994308,-0.04282395,1.95191555,-1.45981312
0.41727321,0.02573332,-0.06009086,-0.02776390,-0.34261372,-0.24286383,-0.13391547,0.50901744,-1.47448816,0.11681998,0.52166550,-1.58469460,-0.19160636,1.10116925,-1.56874657,0.20918552,0.39390637,-1.47923787,0.38580412,0.01985858,0.00186179,0.29036202,0.28339004,0.17493826,-0.26480204,0.27537715,-0.18215827,-0.28168838,-0.07670543,0.20140245,-0.27281363,-0.27739422,-0.19481422,-0.27355721,1.56622131,-0.12700598,-0.00076089,-0.01850591,-0.04105824,0.99898507,1.86301122,0.02408691,0.02555999,1.82572155,-0.33114769,0.00867364,1.50630193,0.08001174,0.01754840,1.27377596,-0.29839982,0.01680482,0.06976686,1.99912257,-0.74449474,0.00056475,-3.45490856,1.66389632,-0.36755687,1.63458574,0.32120345,-0.00710413,2.26868973,-1.74548018
0.39060529,0.02257013,-0.05806235,-0.01588767,-0.19065382,-0.23861807,-0.13324186,0.52754403,-1.48259540,0.11712149,0.48754914,-1.56831625,-0.19492458,1.11462445,-1.56382189,0.20913814,0.41621631,-1.49595616,0.38580412,0.01985858,0.00186179,0.28991302,0.29212466,0.17504584,-0.26403600,0.27128312,-0.18194456,-0.28123801,-0.08107345,0.20121946,-0.27237730,-0.28164432,-0.19552677,-0.27303279,1.57035358,-0.12711549,-0.00082932,-0.01957762,-0.04230812,0.99891243,1.87623334,0.02260236,0.02587702,1.82528053,-0.33134725,0.00867501,1.50658493,0.08023864,0.01753573,1.27318483,-0.29812711,0.01688023,0.06362866,1.75077386,-0.77944232,0.03146558,-3.24904432,1.55910025,-0.31145236,1.25385725,0.48552884,-0.00547311,2.11764421,-1.57983639
0.43525319,0.02113107,-0.06311087,-0.00391960,-0.04542554,-0.24824038,-0.13272889,0.54515427,-1.49181902,0.11768698,0.45199770,-1.55127764,-0.19766438,1.12551212,-1.55717933,0.20891629,0.43739334,-1.51081526,0.38580412,0.01985858,0.00186179,0.28947192,0.30085880,0.17519763,-0.26337728,0.26719321,-0.18173546,-0.28084336,-0.08566172,0.20101817,-0.27199134,-0.28588405,-0.19614860,-0.27250198,1.57454772,-0.12727123,-0.00086709,-0.01990541,-0.04351061,0.99885427,1.88950141,0.02110128,0.02609465,1.82492585,-0.33155237,0.00862856,1.50669022,0.08043431,0.01748058,1.27269025,-0.29781751,0.01696995,0.05028210,1.82015443,-0.97762042,0.06257277,-3.72600532,1.78560603,-0.27557647,1.09551847,0.71606034,-0.02611615,2.18216681,-1.51349592
0.42651698,0.01499249,-0.05826355,0.01106017,0.12420802,-0.19933345,-0.13267864,0.56161740,-1.50231454,0.11844897,0.41454231,-1.53316202,-0.19944080,1.13341281,-1.54916339,0.20860528,0.45572126,-1.52224619,0.38580412,0.01985858,0.00186179,0.28906169,0.30959645,0.17536348,-0.26293865,0.26309938,-0.18161198,-0.28050593,-0.09022444,0.20085255,-0.27170689,-0.29003389,-0.19658527,-0.27191037,1.57875104,-0.12749782,-0.00085977,-0.01930368,-0.04449196,0.99882285,1.90271330,0.01964418,0.02612304,1.82466085,-0.33178330,0.00855576,1.50674222,0.08058132,0.01735480,1.27238698,-0.29751689,0.01715132,0.00442747,1.67549250,-1.07029147,0.07774623,-3.81714563,1.84666572,-0.17965286,0.80140163,0.81750151,-0.03164974,1.86295602,-1.16001633
0.40594920,0.00842527,-0.05104992,0.02551383,0.28199184,-0.13360079,-0.13312071,0.57713456,-1.51371210,0.11929406,0.37540084,-1.51377249,-0.20026132,1.13893049,-1.54044304,0.20829298,0.47124983,-1.53053916,0.38580412,0.01985858,0.00186179,0.28868390,0.31832681,0.17552341,-0.26275444,0.25897600,-0.18159760,-0.28023198,-0.09469117,0.20074146,-0.27150428,-0.29406718,-0.19682654,-0.27122882,1.58293519,-0.12778562,-0.00081034,-0.01790934,-0.04520269,0.99881696,1.91581531,0.01826661,0.02592946,1.82444928,-0.33203352,0.00845192,1.50676358,0.08068844,0.01717963,1.27229128,-0.29724522,0.01745508,-0.04629170,1.50194471,-1.11360154,0.08242851,-3.81857805,1.89712844,-0.07240773,0.51972072,0.85143448,-0.03080343,1.48861258,-0.78277191
0.43349694,0.00389320,-0.04931380,0.04055861,0.44373529,-0.08582912,-0.13388755,0.59189733,-1.52565987,0.12013922,0.33458507,-1.49264112,-0.20018965,1.14260662,-1.53147981,0.20789329,0.48431621,-1.53607523,0.38580412,0.01985858,0.00186179,0.28833967,0.32706485,0.17565916,-0.26286179,0.25478533,-0.18165256,-0.28005957,-0.09907804,0.20065812,-0.27138548,-0.29799522,-0.19687284,-0.27041783,1.58709748,-0.12812507,-0.00072297,-0.01582568,-0.04563819,0.99883241,1.92881837,0.01697625,0.02547788,1.82425580,-0.33225529,0.00828010,1.50673082,0.08073216,0.01695419,1.27239056,-0.29700260,0.01792184,-0.08167661,1.53207471,-1.24776356,0.08763819,-4.26678791,2.21942067,0.01500547,0.36964414,0.93329543,-0.04279390,1.34145014,-0.55447217
0.39380210,-0.00057989,-0.03963552,0.04612089,0.50185831,-0.03635692,-0.13477503,0.60610961,-1.53781188,0.12095566,0.29197342,-1.46904969,-0.19927407,1.14522827,-1.52298715,0.20740139,0.49549790,-1.53941844,0.38580412,0.01985858,0.00186179,0.28802877,0.33587949,0.17577169,-0.26327504,0.25051956,-0.18172662,-0.27999944,-0.10341802,0.20059323,-0.27133850,-0.30181519,-0.19670913,-0.26943122,1.59124019,-0.12850815,-0.00060669,-0.01321785,-0.04585025,0.99886069,1.94181004,0.01575378,0.02475373,1.82405792,-0.33242118,0.00802933,1.50663383,0.08071588,0.01669027,1.27267328,-0.29674015,0.01859755,-0.08478583,1.34437420,-1.15413272,0.07733115,-4.06148071,2.26467929,0.09470615,0.24206108,0.79868239,-0.04727807,1.04595473,-0.29903054
0.43150946,-0.00407585,-0.03665362,0.05707881,0.61966847,-0.01509161,-0.13567343,0.61992425,-1.54993916,0.12193140,0.24731743,-1.44210994,-0.19756030,1.14752877,-1.51569688,0.20689529,0.50537711,-1.54109979,0.38580412,0.01985858,0.00186179,0.28775638,0.34487951,0.17592300,-0.26396563,0.24621182,-0.18179459,-0.28001560,-0.10773299,0.20055940,-0.27134770,-0.30548966,-0.19631987,-0.26824364,1.59536953,-0.12892374,-0.00047254,-0.01027517,-0.04593791,0.99889134,1.95494016,0.01460237,0.02379075,1.82385631,-0.33254920,0.00774079,1.50649936,0.08067722,0.01640868,1.27315040,-0.29637597,0.01951274,-0.09345262,1.43361831,-1.26221764,0.10505877,-4.68312168,2.85947299,0.19012576,0.23728608,0.73906773,-0.05263276,1.01176643,-0.15226007
0.42441579,-0.00297897,-0.02444781,0.05883926,0.63782757,-0.01376268,-0.13650633,0.63339442,-1.56184170,0.12354337,0.20016716,-1.41058507,-0.19548366,1.14945910,-1.50959637,0.20634160,0.51429965,-1.54144504,0.38580412,0.01985858,0.00186179,0.28757397,0.35418934,0.17624775,-0.26487150,0.24190339,-0.18183894,-0.28007513,-0.11202379,0.20054132,-0.27141032,-0.30892863,-0.19582095,-0.26688127,1.59951825,-0.12933676,-0.00032862,-0.00713569,-0.04600660,0.99891560,1.96840852,0.01360844,0.02270247,1.82368326,-0.33264120,0.00749884,1.50640209,0.08065260,0.01616365,1.27389796,-0.29593257,0.02069270,-0.08477651,1.37155974,-1.21182203,0.16529113,-4.80487471,3.21590233,0.21107146,0.19526481,0.62095850,-0.05656398,0.90794096,-0.03400378
0.41145440,0.00264966,-0.00640656,0.05868756,0.63515370,-0.00911684,-0.13734267,0.64655024,-1.57333772,0.12606921,0.15142317,-1.37569447,-0.19374810,1.15011718,-1.50376847,0.20563500,0.52258914,-1.54092963,0.38580412,0.01985858,0.00186179,0.28753119,0.36368358,0.17680703,-0.26580937,0.23759683,-0.18188546,-0.28017691,-0.11630065,0.20049864,-0.27150914,-0.31201350,-0.19543351,-0.26547299,1.60373087,-0.12970312,-0.00017846,-0.00387045,-0.04605973,0.99893117,1.98214152,0.01288667,0.02172182,1.82358203,-0.33268106,0.00735428,1.50637405,0.08064706,0.01602205,1.27505701,-0.29559518,0.02205819,-0.08224050,1.27633908,-1.11349225,0.25431589,-4.74529009,3.41009903,0.16582459,0.04878641,0.56487720,-0.07039880,0.80088179,0.05660255
0.44587681,0.00869552,0.00756323,0.06584941,0.71253716,0.01289620,-0.13837464,0.65939151,-1.58427062,0.12976506,0.10271186,-1.33954144,-0.19189914,1.14860578,-1.49865167,0.20468453,0.53022932,-1.53958216,0.38580412,0.01985858,0.00186179,0.28759910,0.37303728,0.17764284,-0.26660259,0.23325632,-0.18199212,-0.28033395,-0.12057372,0.20040527,-0.27164613,-0.31441084,-0.19505341,-0.26415697,1.60799637,-0.13001812,-0.00002095,-0.00045340,-0.04601080,0.99894084,1.99578388,0.01258144,0.02099651,1.82353561,-0.33268158,0.00726514,1.50635524,0.08062227,0.01595297,1.27698663,-0.29534373,0.02344213,-0.11017769,1.33512759,-1.13337636,0.39623713,-5.06397743,3.76530576,0.19932798,-0.17984509,0.52077172,-0.10153613,0.78988516,0.14795660
0.41034240,0.01324631,0.01830780,0.06237150,0.67695977,0.04089708,-0.13973153,0.67201775,-1.59456944,0.13457753,0.05639016,-1.30458465,-0.18851134,1.14435067,-1.49573514,0.20344353,0.53724619,-1.53740520,0.38580412,0.01985858,0.00186179,0.28775702,0.38175109,0.17872610,-0.26720891,0.22884387,-0.18219669,-0.28054118,-0.12485246,0.20024856,-0.27183078,-0.31565489,-0.19429478,-0.26312838,1.61231113,-0.13028005,0.00014258,0.00311115,-0.04581040,0.99894530,2.00881784,0.01275611,0.02054811,1.82351892,-0.33265696,0.00721583,1.50631047,0.08055515,0.01592623,1.28019827,-0.29486900,0.02462863,-0.13195857,1.19678793,-0.97141271,0.46608074,-4.36542015,3.29876857,0.34122984,-0.43087139,0.25065807,-0.12052055,0.66049447,0.21414227
0.45380112,0.01903299,0.03103051,0.06959701,0.76010802,0.06610945,-0.14133509,0.68451846,-1.60418701,0.13991742,0.01458035,-1.27214861,-0.18263644,1.13706350,-1.49628937,0.20195775,0.54382032,-1.53449762,0.38580412,0.01985858,0.00186179,0.28798634,0.38934034,0.17992195,-0.26786314,0.22436010,-0.18247786,-0.28078966,-0.12915035,0.20003927,-0.27206565,-0.31537958,-0.19288604,-0.26252413,1.61666472,-0.13049993,0.00030801,0.00676167,-0.04550472,0.99894119,2.02075060,0.01327912,0.02012320,1.82350524,-0.33262025,0.00719668,1.50623627,0.08045287,0.01592069,1.28505464,-0.29391367,0.02546221,-0.17013213,1.30052853,-0.99150831,0.56122053,-4.28102493,3.33838153,0.65111738,-0.80487126,-0.11323392,-0.15810689,0.67909056,0.31325221
0.44420597,0.02079141,0.03928346,0.06718512,0.73888383,0.06551512,-0.14300974,0.69689486,-1.61293523,0.14483207,-0.02090755,-1.24240868,-0.17436574,1.12685895,-1.50127256,0.20031329,0.55024579,-1.53100028,0.38580412,0.01985858,0.00186179,0.28828046,0.39534673,0.18103715,-0.26901512,0.21983529,-0.18279077,-0.28107803,-0.13349285,0.19979702,-0.27234585,-0.31338414,-0.19081244,-0.26229503,1.62103389,-0.13069131,0.00047032,0.01040111,-0.04518198,0.99892451,2.03110972,0.01391608,0.01926534,1.82346981,-0.33258166,0.00720243,1.50612312,0.08034117,0.01593462,1.29170349,-0.29243336,0.02598543,-0.17060090,1.26038985,-0.88985492,0.49945264,-3.60731330,3.02639928,0.84385488,-1.04164019,-0.51226879,-0.16762299,0.65457883,0.35662782
0.42112715,0.02245914,0.04588139,0.06197664,0.68659585,0.06450659,-0.14474343,0.70912850,-1.62074397,0.14893325,-0.05112397,-1.21475489,-0.16540887,1.11501808,-1.50953381,0.19856339,0.55680084,-1.52722483,0.38580412,0.01985858,0.00186179,0.28862675,0.40005310,0.18199364,-0.27070575,0.21530165,-0.18313450,-0.28139553,-0.13788445,0.19952958,-0.27265414,-0.31023244,-0.18850752,-0.26213594,1.62538345,-0.13085374,0.00062629,0.01395264,-0.04485188,0.99889601,2.04013734,0.01455388,0.01792100,1.82340577,-0.33254708,0.00723122,1.50593615,0.08023041,0.01597261,1.29950497,-0.29079896,0.02649081,-0.16967579,1.18796229,-0.75059930,0.39284156,-2.89920640,2.67062583,0.86783295,-1.16233625,-0.82340442,-0.17107377,0.63889523,0.36852161
0.44402005,0.02783752,0.05828815,0.06338720,0.70764215,0.08197818,-0.14666690,0.72116386,-1.62740743,0.15247905,-0.07670665,-1.18963082,-0.15737768,1.10144210,-1.51959803,0.19668540,0.56354946,-1.52329414,0.38580412,0.01985858,0.00186179,0.28903220,0.40368601,0.18284627,-0.27271288,0.21076885,-0.18355007,-0.28173849,-0.14230690,0.19922625,-0.27298739,-0.30616752,-0.18642243,-0.26193140,1.62967649,-0.13097203,0.00077307,0.01737207,-0.04446345,0.99885966,2.04801216,0.01528258,0.01631932,1.82330284,-0.33252344,0.00729371,1.50563417,0.08011055,0.01604481,1.30815585,-0.28945342,0.02710080,-0.20263194,1.25168107,-0.68312579,0.36660952,-2.62607770,2.59129395,0.82175839,-1.43360186,-1.05557740,-0.19687599,0.70461625,0.41048524
0.39283994,0.02816150,0.06256332,0.05448829,0.61427192,0.09287607,-0.14886450,0.73298191,-1.63281748,0.15583679,-0.09796947,-1.16779053,-0.15112325,1.08484993,-1.52932861,0.19465673,0.57046913,-1.51928861,0.38580412,0.01985858,0.00186179,0.28951195,0.40639803,0.18367117,-0.27479795,0.20623735,-0.18406330,-0.28210249,-0.14672990,0.19887689,-0.27334156,-0.30122687,-0.18483647,-0.26185924,1.63386197,-0.13104627,0.00090840,0.02063367,-0.04398188,0.99881881,2.05483127,0.01619269,0.01471401,1.82312241,-0.33252488,0.00740947,1.50518074,0.07995804,0.01617039,1.31755436,-0.28869029,0.02765271,-0.21124474,1.11965654,-0.50168799,0.31776230,-1.97816749,2.03965974,0.57633152,-1.60847540,-0.91248124,-0.19400365,0.65822769,0.38055910
0.40935974,0.03044966,0.08163810,0.05568249,0.63595321,0.12667208,-0.15132469,0.74466181,-1.63699484,0.15890087,-0.11453848,-1.14998865,-0.14623247,1.06369030,-1.53696823,0.19246206,0.57758290,-1.51527476,0.38580412,0.01985858,0.00186179,0.29009271,0.40814527,0.18444142,-0.27692618,0.20169115,-0.18467088,-0.28248008,-0.15114296,0.19847448,-0.27371472,-0.29529121,-0.18367867,-0.26226477,1.63786419,-0.13110041,0.00103045,0.02372036,-0.04338819,0.99877612,2.06046648,0.01725221,0.01316652,1.82278104,-0.33256607,0.00761263,1.50450213,0.07973334,0.01637799,1.32775696,-0.28847976,0.02782793,-0.26001966,1.21504068,-0.41702387,0.31364337,-1.65375590,1.79153669,0.49214250,-2.27758288,-0.75931841,-0.23112631,0.74409688,0.41802225
0.37089663,0.02407518,0.09510897,0.05006571,0.58036500,0.14997911,-0.15396458,0.75639194,-1.63988297,0.16105376,-0.12448478,-1.13818798,-0.14200531,1.03665648,-1.54189680,0.19009592,0.58507603,-1.51132092,0.38580412,0.01985858,0.00186179,0.29083074,0.40854288,0.18501463,-0.27918859,0.19709192,-0.18535318,-0.28286043,-0.15556776,0.19801294,-0.27411105,-0.28805046,-0.18276007,-0.26338162,1.64155717,-0.13117931,0.00113487,0.02658016,-0.04265141,0.99873573,2.06438608,0.01833125,0.01164214,1.82212916,-0.33266078,0.00797031,1.50343747,0.07937568,0.01671968,1.33897419,-0.28871614,0.02744912,-0.26893715,1.19492276,-0.29273296,0.21781391,-1.00408033,1.19262527,0.43008888,-2.75934663,-0.49981144,-0.24112975,0.76383150,0.40252869
0.35749267,0.02522807,0.09564169,0.04281361,0.50597027,0.16867232,-0.15662487,0.76825241,-1.64167998,0.16203876,-0.12748361,-1.13417883,-0.13815492,1.00561018,-1.54554088,0.18765453,0.59308285,-1.50752444,0.38580412,0.01985858,0.00186179,0.29160032,0.40763576,0.18528751,-0.28135432,0.19243746,-0.18606183,-0.28324185,-0.16002629,0.19751957,-0.27451598,-0.27973441,-0.18195273,-0.26487871,1.64528208,-0.13123614,0.00122192,0.02920958,-0.04179149,0.99869854,2.06697269,0.01934740,0.01024600,1.82150212,-0.33272480,0.00835847,1.50231715,0.07896239,0.01708433,1.35132428,-0.28918216,0.02672161,-0.25831833,1.15391815,-0.16582807,0.08524334,-0.23310906,0.31276943,0.37071158,-3.04133096,-0.35118659,-0.23742889,0.78308582,0.36738714
0.40130562,0.03435899,0.09939627,0.04042543,0.48811104,0.20305077,-0.15923212,0.78017340,-1.64231341,0.16155564,-0.12325570,-1.14043846,-0.13483365,0.97235976,-1.54932358,0.18524522,0.60168154,-1.50395496,0.38580412,0.01985858,0.00186179,0.29231648,0.40554940,0.18511467,-0.28300839,0.18774658,-0.18677872,-0.28363338,-0.16451594,0.19702282,-0.27491314,-0.27056660,-0.18125257,-0.26637862,1.64918280,-0.13123268,0.00129062,0.03158166,-0.04082348,0.99866630,2.06848810,0.02016357,0.00930809,1.82105816,-0.33271203,0.00868311,1.50129669,0.07856051,0.01740335,1.36472516,-0.28979696,0.02593786,-0.27096531,1.24180462,-0.05506277,-0.06512999,0.50329900,-0.75046420,0.34039018,-3.47509222,-0.40156838,-0.25019421,0.90105975,0.36966500
0.38653476,0.04012157,0.08468729,0.03167253,0.39202098,0.19915876,-0.16177224,0.79205434,-1.64164975,0.15932333,-0.11258687,-1.15682077,-0.13215567,0.93845237,-1.55431931,0.18294805,0.61091504,-1.50060990,0.38580412,0.01985858,0.00186179,0.29294169,0.40250849,0.18439933,-0.28400793,0.18303094,-0.18750347,-0.28404996,-0.16903822,0.19654577,-0.27529739,-0.26079255,-0.18066087,-0.26757822,1.65330482,-0.13114761,0.00134132,0.03367945,-0.03977895,0.99863984,2.06920517,0.02065192,0.00893376,1.82084182,-0.33261530,0.00889173,1.50043543,0.07822074,0.01764430,1.37896877,-0.29049263,0.02536347,-0.24047292,1.12691371,0.07551114,-0.22869069,1.06800236,-1.64227958,0.24807271,-3.21975765,-0.48792495,-0.21680528,0.88244300,0.31551155
0.44681559,0.05266637,0.08747867,0.02897997,0.36901883,0.22472246,-0.16425969,0.80383945,-1.63960660,0.15558538,-0.09685434,-1.18019915,-0.13007952,0.90468699,-1.56061113,0.18077260,0.62086195,-1.49737895,0.38580412,0.01985858,0.00186179,0.29348561,0.39867443,0.18325442,-0.28459284,0.17829088,-0.18824231,-0.28449841,-0.17362822,0.19609474,-0.27568801,-0.25064754,-0.18016139,-0.26837441,1.65763958,-0.13098909,0.00137566,0.03549562,-0.03870225,0.99861920,2.06930120,0.02086014,0.00889277,1.82082660,-0.33246563,0.00898720,1.49970897,0.07795547,0.01779760,1.39380021,-0.29121114,0.02511120,-0.25839916,1.22605264,0.23351608,-0.40991974,1.70865083,-2.52476311,0.20764022,-3.51317954,-0.67353243,-0.22485292,1.04706728,0.33544001
0.45138894,0.05461208,0.08217235,0.02324004,0.30383935,0.21624577,-0.16669811,0.81547318,-1.63622010,0.15121883,-0.07766118,-1.20637784,-0.12871265,0.87124695,-1.56735084,0.17871042,0.63152274,-1.49409633,0.38580412,0.01985858,0.00186179,0.29396298,0.39421655,0.18197448,-0.28504962,0.17355927,-0.18899699,-0.28494897,-0.17829178,0.19566689,-0.27611206,-0.24033867,-0.17978766,-0.26877945,1.66214562,-0.13079159,0.00139425,0.03699443,-0.03763958,0.99860539,2.06894219,0.02099098,0.00891336,1.82098525,-0.33231741,0.00901400,1.49908901,0.07774145,0.01785092,1.40895493,-0.29197707,0.02518353,-0.24825185,1.18472311,0.34586719,-0.44453175,1.95648801,-2.66566401,0.13816340,-3.40566497,-0.68605207,-0.20990155,1.08641651,0.33433170
0.43581486,0.05039253,0.07366714,0.01752150,0.23559426,0.19602014,-0.16902244,0.82698507,-1.63236334,0.14709019,-0.05759020,-1.23162107,-0.12819816,0.83794080,-1.57374918,0.17676343,0.64262482,-1.49090314,0.38580412,0.01985858,0.00186179,0.29438146,0.38958185,0.18080661,-0.28551522,0.16892674,-0.18972554,-0.28531761,-0.18294968,0.19526085,-0.27653504,-0.22998806,-0.17961270,-0.26888966,1.66669994,-0.13060391,0.00140198,0.03822980,-0.03662568,0.99859655,2.06848018,0.02117779,0.00886625,1.82127431,-0.33219455,0.00906386,1.49854579,0.07753444,0.01784642,1.42417214,-0.29288607,0.02549180,-0.22439435,1.11873548,0.37383237,-0.39792384,1.95129130,-2.43848362,0.04217203,-3.23835521,-0.61857899,-0.18812964,1.08269947,0.30810038
0.46283055,0.04880972,0.07117366,0.01448611,0.19985097,0.19401867,-0.17110537,0.83850398,-1.62906022,0.14340612,-0.03767961,-1.25478599,-0.12859132,0.80443643,-1.57972100,0.17499967,0.65414805,-1.48806815,0.38580412,0.01985858,0.00186179,0.29472185,0.38498503,0.17980033,-0.28599785,0.16451155,-0.19036651,-0.28548703,-0.18755789,0.19488862,-0.27690550,-0.21952230,-0.17965562,-0.26870921,1.67121206,-0.13045264,0.00140124,0.03921302,-0.03568702,0.99859242,2.06804974,0.02140743,0.00872401,1.82171490,-0.33207693,0.00923482,1.49804447,0.07732734,0.01781636,1.43942533,-0.29397967,0.02601264,-0.21431594,1.20074749,0.33423601,-0.37970281,2.07076025,-2.39329333,-0.04809163,-3.49378133,-0.61840115,-0.18164849,1.20411513,0.29137133
0.41176839,0.03827498,0.05539809,0.00932208,0.13179481,0.15845798,-0.17293282,0.85014133,-1.62728624,0.14014509,-0.01805007,-1.27592380,-0.12937707,0.77039634,-1.58506677,0.17353907,0.66599550,-1.48555751,0.38580412,0.01985858,0.00186179,0.29496698,0.38047376,0.17894221,-0.28647214,0.16044985,-0.19089067,-0.28533217,-0.19208160,0.19458605,-0.27721739,-0.20887825,-0.17977246,-0.26833330,1.67561379,-0.13035004,0.00139336,0.03993548,-0.03484261,0.99859362,2.06763428,0.02163854,0.00849484,1.82236865,-0.33195960,0.00963482,1.49756167,0.07715060,0.01774959,1.45471363,-0.29512681,0.02663369,-0.17136460,1.10572052,0.15123851,-0.30579506,1.86096945,-1.98862491,-0.07538345,-3.23642659,-0.50005815,-0.13532502,1.12672551,0.23608738
0.43656063,0.03465313,0.04952537,0.00559951,0.08115488,0.14861254,-0.17468926,0.86174679,-1.62770438,0.13727456,0.00149325,-1.29540586,-0.12974124,0.73596913,-1.58908331,0.17248286,0.67799562,-1.48313081,0.38580412,0.01985858,0.00186179,0.29511607,0.37603837,0.17821712,-0.28689481,0.15692173,-0.19133155,-0.28475057,-0.19648479,0.19438912,-0.27750610,-0.19820501,-0.17974529,-0.26796468,1.67986496,-0.13029852,0.00137902,0.04036885,-0.03411258,0.99860141,2.06718846,0.02184188,0.00822126,1.82336421,-0.33189256,0.01036550,1.49710353,0.07704579,0.01760997,1.46985598,-0.29609908,0.02715139,-0.18281674,1.20743358,-0.07821620,-0.29325670,2.03526425,-2.00614333,-0.02863072,-3.59052396,-0.39538738,-0.10371580,1.25170493,0.25244057
0.41424193,0.02677758,0.04198886,0.00109163,0.01589462,0.12163554,-0.17655690,0.87257370,-1.63115904,0.13489298,0.02097906,-1.31326628,-0.12937288,0.70197169,-1.59076960,0.17183935,0.69022173,-1.48095453,0.38580412,0.01985858,0.00186179,0.29519790,0.37171238,0.17764525,-0.28720351,0.15433235,-0.19171915,-0.28363160,-0.20072862,0.19429395,-0.27776979,-0.18785941,-0.17950266,-0.26776645,1.68396123,-0.13030938,0.00135763,0.04045157,-0.03351519,0.99861833,2.06674786,0.02201370,0.00799439,1.82509198,-0.33194473,0.01156630,1.49671123,0.07700574,0.01742811,1.48448932,-0.29681259,0.02743144,-0.19029908,1.10080111,-0.35575361,-0.24199353,1.98444118,-1.81733627,0.03788885,-3.46152043,-0.16893147,-0.06516377,1.24561186,0.22089480
0.38819644,0.01756096,0.03900984,-0.00277384,-0.04195251,0.10622036,-0.17843288,0.88166147,-1.63761795,0.13291048,0.04025764,-1.32980814,-0.12881882,0.66882614,-1.59038808,0.17149304,0.70268019,-1.47941015,0.38580412,0.01985858,0.00186179,0.29527858,0.36751816,0.17719407,-0.28740051,0.15291369,-0.19202966,-0.28208419,-0.20479014,0.19426079,-0.27796062,-0.17793512,-0.17921386,-0.26768429,1.68798554,-0.13038800,0.00132911,0.04025627,-0.03297065,0.99864438,2.06639090,0.02217910,0.00787807,1.82790017,-0.33208551,0.01319439,1.49645460,0.07695749,0.01731796,1.49861715,-0.29747518,0.02759429,-0.18146212,0.86432002,-0.65305033,-0.19028087,1.87192736,-1.59830651,0.05345990,-3.21654582,0.05223155,-0.03110171,1.21228690,0.14405250
0.40391638,0.00974284,0.03713830,-0.00586759,-0.08989536,0.12515177,-0.18014362,0.88792983,-1.64723198,0.13116049,0.05920304,-1.34513721,-0.12832958,0.63611846,-1.58812230,0.17151665,0.71516434,-1.47855685,0.38580412,0.01985858,0.00186179,0.29532829,0.36346461,0.17681475,-0.28751691,0.15295959,-0.19221621,-0.28018833,-0.20862250,0.19430980,-0.27804698,-0.16829163,-0.17894895,-0.26766183,1.69188884,-0.13054026,0.00129180,0.03984129,-0.03237961,0.99868041,2.06604357,0.02235910,0.00781138,1.83207605,-0.33226100,0.01513996,1.49629124,0.07687532,0.01728131,1.51235893,-0.29821200,0.02766646,-0.17614773,0.62303690,-1.02954206,-0.18114074,1.97010622,-1.58640730,0.05022212,-3.40683446,0.25256572,0.00631474,1.29939604,0.08363127
0.35524522,0.00030255,0.02890649,-0.00726509,-0.11341312,0.13786673,-0.18166146,0.89027494,-1.65952241,0.12946751,0.07775494,-1.35934048,-0.12793356,0.60297551,-1.58386648,0.17198221,0.72744976,-1.47806304,0.38580412,0.01985858,0.00186179,0.29534159,0.35954299,0.17645869,-0.28759480,0.15465700,-0.19228641,-0.27806568,-0.21223468,0.19447118,-0.27805236,-0.15869309,-0.17871640,-0.26769129,1.69565099,-0.13076780,0.00124491,0.03925909,-0.03166840,0.99872633,2.06565104,0.02255797,0.00774680,1.83781522,-0.33246605,0.01727591,1.49616316,0.07675860,0.01728923,1.52595432,-0.29907136,0.02765030,-0.14252675,0.18226587,-1.18798058,-0.16064686,1.75695896,-1.33781903,0.03665081,-3.15273185,0.42328538,0.04834852,1.16356311,0.04512800
0.37559277,-0.00732988,0.02602494,-0.01005529,-0.16078691,0.17223705,-0.18313695,0.88739192,-1.67260289,0.12778763,0.09597027,-1.37251723,-0.12782118,0.56879508,-1.57728136,0.17277153,0.73957115,-1.47765529,0.38580412,0.01985858,0.00186179,0.29531831,0.35574203,0.17611373,-0.28763888,0.15803839,-0.19233086,-0.27596657,-0.21568432,0.19471783,-0.27803485,-0.14898422,-0.17857345,-0.26778106,1.69927366,-0.13105368,0.00118978,0.03851205,-0.03085600,0.99878091,2.06520851,0.02276480,0.00767943,1.84513839,-0.33277322,0.01935174,1.49602027,0.07660666,0.01728345,1.53955050,-0.30009003,0.02753724,-0.15379675,-0.38332489,-1.36516976,-0.17473286,1.89283204,-1.35773408,0.00639819,-3.57743335,0.72202080,0.08628889,1.26077974,0.04179775
0.35508414,-0.00943339,0.01856303,-0.01264008,-0.20774096,0.15036503,-0.18477189,0.87689219,-1.68264511,0.12632914,0.11407363,-1.38462574,-0.12852639,0.53360224,-1.56771963,0.17355568,0.75215547,-1.47782490,0.38580412,0.01985858,0.00186179,0.29523945,0.35205546,0.17583705,-0.28759181,0.16319003,-0.19250168,-0.27436434,-0.21902973,0.19493828,-0.27800953,-0.13916427,-0.17867280,-0.26794279,1.70275331,-0.13135669,0.00113065,0.03749624,-0.03011679,0.99884220,2.06476317,0.02295009,0.00764764,1.85404892,-0.33334064,0.02087511,1.49586623,0.07642371,0.01722993,1.55307706,-0.30132045,0.02729667,-0.16682859,-1.07902882,-1.01624595,-0.14800875,1.84392209,-1.23194580,-0.07313125,-3.58494973,0.97742739,0.07958130,1.28312042,-0.01881255
0.32733667,-0.00724793,0.00971676,-0.01548969,-0.25993300,0.08550890,-0.18662570,0.85924592,-1.68753603,0.12531837,0.13220461,-1.39566715,-0.13024074,0.49821097,-1.55547636,0.17413955,0.76588161,-1.47926476,0.38580412,0.01985858,0.00186179,0.29510043,0.34845831,0.17569450,-0.28744085,0.16967666,-0.19286782,-0.27345057,-0.22234946,0.19505971,-0.27791881,-0.12939633,-0.17907676,-0.26818410,1.70611778,-0.13163370,0.00107409,0.03618369,-0.02965007,0.99890463,2.06438356,0.02308340,0.00765958,1.86405616,-0.33422598,0.02164986,1.49572933,0.07627079,0.01718162,1.56632769,-0.30272031,0.02691633,-0.18169855,-1.76996000,-0.43099721,-0.09394996,1.76258111,-1.06376214,-0.17514775,-3.43893228,1.21159153,0.05549689,1.34543579,-0.15221039
0.33805332,-0.00524964,0.00293260,-0.01993148,-0.33710307,0.01730394,-0.18850387,0.83525202,-1.68710580,0.12485514,0.15026464,-1.40542367,-0.13301804,0.46329172,-1.54059954,0.17466303,0.78092179,-1.48215725,0.38580412,0.01985858,0.00186179,0.29490792,0.34495285,0.17571603,-0.28721478,0.17728276,-0.19337446,-0.27318455,-0.22566488,0.19511674,-0.27770929,-0.11985807,-0.17980661,-0.26853112,1.70935982,-0.13187782,0.00102269,0.03458691,-0.02953828,0.99896456,2.06409238,0.02314928,0.00769314,1.87490709,-0.33538938,0.02172337,1.49561789,0.07623170,0.01719863,1.57908707,-0.30428833,0.02637680,-0.19394940,-2.55008035,0.08890927,-0.04332550,1.88000379,-1.00409683,-0.29873473,-3.63041668,1.57262373,0.05517229,1.57763648,-0.31322834
0.29419069,-0.00353073,-0.00205840,-0.02069907,-0.34888939,-0.04222523,-0.18982015,0.80646670,-1.68247175,0.12490838,0.16817403,-1.41384504,-0.13681267,0.42944227,-1.52329011,0.17529926,0.79698963,-1.48603060,0.38580412,0.01985858,0.00186179,0.29468505,0.34151874,0.17589411,-0.28696203,0.18575702,-0.19382640,-0.27340358,-0.22899265,0.19516990,-0.27739595,-0.11071788,-0.18085484,-0.26899913,1.71245873,-0.13210046,0.00097523,0.03276637,-0.02973561,0.99902012,2.06383450,0.02316980,0.00772301,1.88635872,-0.33663197,0.02128147,1.49547956,0.07634370,0.01728910,1.59118018,-0.30604997,0.02568592,-0.11713707,-2.77013354,0.47362745,0.00958882,1.69826436,-0.78711082,-0.36928581,-3.20067644,1.66435609,0.06170977,1.53309145,-0.37422644
0.30256790,-0.00258288,-0.00449642,-0.02498421,-0.41621621,-0.08793168,-0.18988614,0.77476865,-1.67517984,0.12539293,0.18600351,-1.42114830,-0.14146596,0.39730904,-1.50394297,0.17596251,0.81377935,-1.49022484,0.38580412,0.01985858,0.00186179,0.29446203,0.33811108,0.17620387,-0.28670929,0.19480272,-0.19398965,-0.27391496,-0.23238350,0.19520878,-0.27705286,-0.10214830,-0.18218298,-0.26960546,1.71537597,-0.13230288,0.00092861,0.03078699,-0.03013452,0.99907117,2.06349225,0.02320263,0.00775273,1.89813276,-0.33768068,0.02054706,1.49518020,0.07655684,0.01740916,1.60243316,-0.30799816,0.02485657,0.01416728,-3.33800888,0.79320365,0.05654338,1.85651696,-0.74526662,-0.49672645,-3.31909943,2.04391766,0.06879866,1.75873923,-0.43933091
0.26450356,0.00193839,-0.00421210,-0.02649250,-0.43442671,-0.11124561,-0.18817633,0.74218254,-1.66672354,0.12623158,0.20389917,-1.42758567,-0.14666670,0.36822860,-1.48321164,0.17651914,0.83137413,-1.49450979,0.38580412,0.01985858,0.00186179,0.29427131,0.33470000,0.17662301,-0.28643750,0.20408898,-0.19367363,-0.27447886,-0.23590123,0.19519703,-0.27671436,-0.09446877,-0.18371869,-0.27040498,1.71796818,-0.13244416,0.00087972,0.02865388,-0.03068030,0.99911806,2.06287461,0.02330991,0.00783380,1.90978942,-0.33827516,0.01979244,1.49448810,0.07685926,0.01755695,1.61240499,-0.31002039,0.02386633,0.17595406,-3.31806669,0.86123806,0.08570369,1.82285385,-0.65482188,-0.52986392,-2.95718594,2.11175938,0.05663352,1.79323611,-0.43673116
0.19751289,0.01250717,-0.00207660,-0.02813263,-0.45158462,-0.13735064,-0.18525355,0.71050465,-1.65847592,0.12726725,0.22192537,-1.43336108,-0.15191506,0.34301363,-1.46277130,0.17703736,0.84993607,-1.49908447,0.38580412,0.01985858,0.00186179,0.29413658,0.33129154,0.17710722,-0.28612899,0.21330043,-0.19299133,-0.27482921,-0.23954776,0.19514838,-0.27635019,-0.08775759,-0.18530742,-0.27134550,1.72005620,-0.13245815,0.00082695,0.02634613,-0.03137381,0.99916009,2.06180654,0.02351543,0.00800758,1.92082844,-0.33845144,0.01930736,1.49322367,0.07733466,0.01778639,1.62084558,-0.31189473,0.02279108,0.29075046,-3.06789970,0.79683262,0.10188197,1.75396008,-0.55565637,-0.50919204,-2.41472864,1.97564564,0.05021965,1.81386666,-0.44829847
0.16440941,0.02489916,-0.00111879,-0.03430879,-0.53715644,-0.18262550,-0.18172551,0.68037704,-1.65084257,0.12842389,0.24022316,-1.43839498,-0.15698136,0.32291504,-1.44464672,0.17752253,0.86977165,-1.50419190,0.38580412,0.01985858,0.00186179,0.29404998,0.32787657,0.17764112,-0.28577934,0.22233855,-0.19209662,-0.27480026,-0.24332849,0.19505473,-0.27594812,-0.08215959,-0.18686194,-0.27229706,1.72166195,-0.13232866,0.00076709,0.02378889,-0.03223755,0.99919680,2.06030736,0.02380815,0.00827064,1.93115559,-0.33835769,0.01924971,1.49141271,0.07800533,0.01810186,1.62762814,-0.31350599,0.02175292,0.37022641,-3.12383757,0.78987175,0.12121610,1.90955911,-0.51767824,-0.52554492,-2.04210272,1.85714650,0.05009509,2.07888923,-0.53781569
0.14819111,0.02697840,-0.00400338,-0.03639662,-0.55362889,-0.18760454,-0.17801152,0.65161279,-1.64340510,0.12960228,0.25909622,-1.44277654,-0.16175449,0.30914255,-1.43098490,0.17801615,0.89108605,-1.51001585,0.38580412,0.01985858,0.00186179,0.29394614,0.32441529,0.17820101,-0.28537259,0.23123463,-0.19111765,-0.27437494,-0.24722245,0.19491937,-0.27550490,-0.07779954,-0.18832029,-0.27309528,1.72322755,-0.13215048,0.00069456,0.02090239,-0.03321921,0.99922925,2.05876198,0.02411061,0.00857355,1.94125829,-0.33820388,0.01957119,1.48949678,0.07875810,0.01844124,1.63309226,-0.31488780,0.02085085,0.35338174,-2.71909142,0.70679485,0.11162042,1.79776230,-0.41047270,-0.44996156,-1.24466105,1.24827323,0.04732994,2.03699288,-0.55984094
0.18689891,0.02871596,-0.01035559,-0.04690401,-0.69296380,-0.19580249,-0.17409696,0.62346321,-1.63508654,0.13061896,0.27880436,-1.44667220,-0.16605160,0.30257767,-1.42326140,0.17869717,0.91380584,-1.51650918,0.38580412,0.01985858,0.00186179,0.29379153,0.32087457,0.17873633,-0.28489545,0.24009493,-0.19008308,-0.27369386,-0.25117355,0.19479142,-0.27502918,-0.07478438,-0.18961093,-0.27366909,1.72499605,-0.13199252,0.00060280,0.01762765,-0.03417113,0.99926034,2.05733104,0.02440639,0.00889608,1.95154496,-0.33803315,0.02009767,1.48771603,0.07950227,0.01876235,1.63743348,-0.31605176,0.02012244,0.41136888,-2.92641664,0.88427955,0.10267458,2.06610560,-0.39912757,-0.43965501,-0.57382882,0.71188802,0.07453375,2.38686037,-0.68576628
0.21970456,0.02159756,-0.01554425,-0.05233234,-0.75451140,-0.13613800,-0.16966158,0.59493051,-1.62427328,0.13110453,0.29934707,-1.45000563,-0.16930262,0.30481938,-1.42285964,0.17973871,0.93770493,-1.52336996,0.38580412,0.01985858,0.00186179,0.29357939,0.31726329,0.17914467,-0.28437641,0.24905224,-0.18894875,-0.27297279,-0.25512915,0.19472164,-0.27455635,-0.07344995,-0.19056910,-0.27408868,1.72715242,-0.13192939,0.00048525,0.01392100,-0.03484566,0.99929563,2.05612357,0.02468094,0.00920298,1.96243837,-0.33776712,0.02060660,1.48620644,0.08009050,0.01902304,1.64060664,-0.31691940,0.01949070,0.45245107,-2.90719733,1.10506351,0.04859450,2.09289217,-0.33884974,-0.32938584,0.23875402,0.03236929,0.10650522,2.43506355,-0.69884588
0.25211397,0.01169870,-0.01936933,-0.05426830,-0.77143397,-0.05459501,-0.16476004,0.56556778,-1.61067259,0.13093728,0.32024596,-1.45289006,-0.17121747,0.31496567,-1.42903540,0.18109909,0.96215807,-1.53020089,0.38580412,0.01985858,0.00186179,0.29333109,0.31363032,0.17937611,-0.28386984,0.25812387,-0.18772997,-0.27234390,-0.25907055,0.19470902,-0.27409156,-0.07369921,-0.19111396,-0.27443638,1.72970946,-0.13198177,0.00035030,0.00995878,-0.03515796,0.99933209,2.05517018,0.02491019,0.00946124,1.97400225,-0.33738749,0.02098719,1.48496280,0.08045227,0.01923953,1.64276176,-0.31744394,0.01889471,0.47898492,-2.86144223,1.34402316,-0.02146934,2.03303499,-0.27794640,-0.17510181,1.04952801,-0.65487028,0.13477628,2.37932310,-0.66234866
0.31292439,0.00446596,-0.02547390,-0.05920858,-0.83936739,0.01293526,-0.15970358,0.53545122,-1.59457083,0.13018085,0.34122316,-1.45559695,-0.17191188,0.33280465,-1.44199855,0.18277521,0.98658398,-1.53659055,0.38580412,0.01985858,0.00186179,0.29305328,0.30998041,0.17943277,-0.28339640,0.26724592,-0.18649765,-0.27179490,-0.26299638,0.19476430,-0.27362551,-0.07553560,-0.19125743,-0.27459837,1.73267212,-0.13214152,0.00020819,0.00592041,-0.03512400,0.99936540,2.05448489,0.02508606,0.00965688,1.98616538,-0.33694122,0.02125838,1.48399828,0.08060610,0.01942777,1.64389551,-0.31762399,0.01845491,0.52627325,-3.14274716,1.69677126,-0.08325613,2.18495860,-0.28199553,-0.06350465,1.92386718,-1.41005807,0.17739905,2.54089665,-0.65905148
0.32008134,-0.00091790,-0.02680788,-0.05152913,-0.73480752,0.06022473,-0.15483858,0.50482671,-1.57673893,0.12907738,0.36209551,-1.45848458,-0.17196612,0.35673774,-1.46039832,0.18471830,1.01018058,-1.54180300,0.38580412,0.01985858,0.00186179,0.29275815,0.30628268,0.17936802,-0.28296826,0.27632993,-0.18532227,-0.27126316,-0.26692357,0.19489684,-0.27318671,-0.07871281,-0.19115808,-0.27449021,1.73600111,-0.13237949,0.00007056,0.00202031,-0.03482897,0.99939124,2.05402756,0.02523124,0.00978989,1.99875927,-0.33648908,0.02149500,1.48329304,0.08062661,0.01957144,1.64417165,-0.31759414,0.01826795,0.45896604,-2.91036334,1.70524385,-0.10688094,1.97937140,-0.27696426,-0.00164265,2.31912107,-1.78791056,0.18655907,2.22875199,-0.48071047
0.38224092,-0.00396055,-0.03048025,-0.04977759,-0.71842300,0.09397281,-0.15028130,0.47379431,-1.55805147,0.12795047,0.38262954,-1.46188533,-0.17196544,0.38336077,-1.48070323,0.18674888,1.03212214,-1.54498100,0.38580412,0.01985858,0.00186179,0.29247382,0.30250475,0.17926119,-0.28260131,0.28531070,-0.18421092,-0.27071827,-0.27090754,0.19508579,-0.27282065,-0.08267901,-0.19101319,-0.27422007,1.73962148,-0.13266414,-0.00005155,-0.00149789,-0.03439361,0.99940724,2.05373414,0.02537678,0.00987251,2.01159330,-0.33605338,0.02175555,1.48276635,0.08058407,0.01965317,1.64400657,-0.31754152,0.01825375,0.47007945,-3.23855114,1.95616472,-0.11648982,2.13292241,-0.36306676,-0.00103749,2.79861307,-2.12801981,0.21196155,2.25800276,-0.29765069
0.39299871,-0.00468844,-0.02662162,-0.03847811,-0.56224114,0.09314688,-0.14598339,0.44204630,-1.53906074,0.12710111,0.40232046,-1.46619835,-0.17218355,0.40887510,-1.49895599,0.18856474,1.05126784,-1.54508581,0.38580412,0.01985858,0.00186179,0.29224454,0.29863814,0.17918043,-0.28233446,0.29414360,-0.18312383,-0.27021296,-0.27501394,0.19528461,-0.27255952,-0.08688278,-0.19094839,-0.27397642,1.74346834,-0.13297192,-0.00014500,-0.00427347,-0.03393589,0.99941486,2.05357302,0.02553819,0.00991008,2.02451253,-0.33562668,0.02203158,1.48233464,0.08051799,0.01968502,1.64383302,-0.31758695,0.01826812,0.43751066,-3.23487635,1.93452694,-0.08617970,2.00418200,-0.44058560,-0.02237393,2.59549713,-1.85491104,0.18449805,1.94598162,-0.00672207
0.38793399,-0.00346407,-0.01949176,-0.02441355,-0.36116024,0.07986852,-0.14187064,0.40921354,-1.51977353,0.12643275,0.42096151,-1.47157478,-0.17247292,0.43193911,-1.51403582,0.19001679,1.06721442,-1.54217639,0.38580412,0.01985858,0.00186179,0.29208741,0.29471477,0.17909968,-0.28219096,0.30286687,-0.18204367,-0.26983689,-0.27918993,0.19547023,-0.27239694,-0.09110456,-0.19094144,-0.27383984,1.74744139,-0.13327640,-0.00020812,-0.00620788,-0.03352048,0.99941873,2.05349434,0.02567354,0.00989645,2.03742986,-0.33520443,0.02225052,1.48197630,0.08046155,0.01969047,1.64374762,-0.31768431,0.01824757,0.39828917,-3.20296087,1.87909210,-0.06490300,1.80377865,-0.53279399,-0.02773354,2.22202845,-1.44044361,0.13783152,1.52215159,0.30729571
0.42406159,-0.00073901,-0.01464878,-0.01318829,-0.19700517,0.07157744,-0.13796657,0.37488829,-1.49986317,0.12572780,0.43860028,-1.47833538,-0.17268021,0.45247577,-1.52595270,0.19099563,1.07960808,-1.53635328,0.38580412,0.01985858,0.00186179,0.29200040,0.29072402,0.17895340,-0.28218014,0.31152707,-0.18097915,-0.26965714,-0.28336697,0.19562426,-0.27232514,-0.09536893,-0.19095440,-0.27381553,1.75149882,-0.13355641,-0.00024005,-0.00723359,-0.03317028,0.99942351,2.05344870,0.02572649,0.00982026,2.05034037,-0.33479334,0.02234326,1.48172646,0.08042621,0.01967526,1.64367838,-0.31776708,0.01818487,0.40466857,-3.59031019,2.08105736,-0.07430874,1.82930970,-0.71793789,-0.02048202,2.11704135,-1.21392305,0.09711422,1.25930305,0.63062305
0.39081597,0.00307515,-0.00955155,-0.00079736,-0.01175224,0.04489450,-0.13431052,0.33884246,-1.47902343,0.12506591,0.45544079,-1.48663549,-0.17280311,0.47054953,-1.53490555,0.19135199,1.08885806,-1.52847297,0.38580412,0.01985858,0.00186179,0.29195757,0.28664555,0.17876615,-0.28225983,0.32017459,-0.17994384,-0.26968921,-0.28749997,0.19569009,-0.27226063,-0.09967168,-0.19098625,-0.27388124,1.75560715,-0.13379906,-0.00024307,-0.00737900,-0.03292212,0.99943065,2.05339597,0.02571531,0.00969774,2.06324549,-0.33442361,0.02226836,1.48160887,0.08038727,0.01969694,1.64358268,-0.31781185,0.01807633,0.34452702,-3.43741274,1.98741264,-0.06143886,1.59162502,-0.80202554,-0.01116043,1.69268737,-0.82298949,0.02750576,0.85160999,0.76252884
0.43031069,0.00738453,-0.00975823,0.01006905,0.15295177,0.01248756,-0.13096029,0.30095175,-1.45691299,0.12482053,0.47168544,-1.49635077,-0.17292243,0.48622924,-1.54115152,0.19104150,1.09601080,-1.52007949,0.38580412,0.01985858,0.00186179,0.29192033,0.28247165,0.17865209,-0.28235438,0.32887004,-0.17895743,-0.26990863,-0.29154900,0.19561410,-0.27203105,-0.10396189,-0.19105622,-0.27400724,1.75973339,-0.13400465,-0.00022177,-0.00674978,-0.03283673,0.99943791,2.05332251,0.02572085,0.00956595,2.07614751,-0.33416302,0.02201170,1.48165317,0.08032473,0.01988928,1.64345486,-0.31782482,0.01791310,0.34419259,-3.97484350,2.32349324,-0.01776963,1.68402112,-1.03230774,-0.01267902,1.59798551,-0.61139464,-0.04217587,0.71828061,0.87560707
0.41846374,0.00996267,-0.01091299,0.01789074,0.27127916,-0.03664077,-0.12800466,0.26074404,-1.43278806,0.12530553,0.48746683,-1.50731990,-0.17299924,0.49941608,-1.54477267,0.19020900,1.10186222,-1.51266267,0.38580412,0.01985858,0.00186179,0.29185804,0.27819750,0.17870627,-0.28240285,0.33773290,-0.17804570,-0.27028403,-0.29541898,0.19539756,-0.27144577,-0.10817324,-0.19115196,-0.27418548,1.76384080,-0.13417853,-0.00017904,-0.00542211,-0.03301347,0.99944018,2.05322504,0.02577940,0.00945519,2.08908792,-0.33412376,0.02157401,1.48196044,0.08028837,0.02041226,1.64328888,-0.31777525,0.01767256,0.30058821,-4.09798040,2.45981078,0.05004439,1.60684252,-1.11813016,-0.00773586,1.34060543,-0.36627317,-0.08515003,0.59480932,0.75387156
0.39570325,0.01184879,-0.00975495,0.02333165,0.35017385,-0.08521414,-0.12538608,0.21858625,-1.40677760,0.12618006,0.50279823,-1.51878760,-0.17305649,0.51082186,-1.54655228,0.18910511,1.10681012,-1.50634005,0.38580412,0.01985858,0.00186179,0.29178620,0.27388131,0.17884892,-0.28245074,0.34679838,-0.17719631,-0.27070137,-0.29905989,0.19510257,-0.27058280,-0.11230520,-0.19126922,-0.27439726,1.76791332,-0.13433067,-0.00012185,-0.00364775,-0.03343382,0.99943427,2.05313492,0.02581473,0.00933546,2.10209422,-0.33430761,0.02108483,1.48256088,0.08032210,0.02120340,1.64307654,-0.31766684,0.01738894,0.25193245,-4.11157637,2.54154410,0.08614684,1.48587279,-1.11521683,-0.00632380,1.09689438,-0.16007622,-0.10947908,0.47346552,0.60748460
0.42188193,0.01497267,-0.00409192,0.02981197,0.44045416,-0.12865405,-0.12310218,0.17526709,-1.37960110,0.12710764,0.51749822,-1.53007462,-0.17325646,0.52085743,-1.54678874,0.18767327,1.11084344,-1.50080969,0.38580412,0.01985858,0.00186179,0.29175339,0.26957502,0.17899734,-0.28257910,0.35596180,-0.17640101,-0.27103435,-0.30245409,0.19472096,-0.26956063,-0.11638528,-0.19145068,-0.27462911,1.77196431,-0.13446419,-0.00005264,-0.00155262,-0.03403919,0.99941929,2.05309344,0.02577674,0.00917429,2.11509908,-0.33467571,0.02071903,1.48345974,0.08038421,0.02219276,1.64282263,-0.31755247,0.01712428,0.23491233,-4.51725368,2.83605437,0.09604319,1.52511437,-1.17151439,-0.02266764,1.03482749,-0.01189410,-0.15274770,0.41245517,0.57039559
0.38767318,0.01504885,0.00984783,0.03054471,0.44270225,-0.13160282,-0.12112666,0.13229898,-1.35253744,0.12789562,0.53159615,-1.54082315,-0.17356210,0.52989810,-1.54575682,0.18577974,1.11423657,-1.49583929,0.38580412,0.01985858,0.00186179,0.29183635,0.26528415,0.17910587,-0.28282739,0.36493389,-0.17564996,-0.27120709,-0.30567177,0.19421604,-0.26845504,-0.12044603,-0.19168401,-0.27488969,1.77604499,-0.13458976,0.00002678,0.00076521,-0.03472808,0.99939650,2.05312176,0.02566958,0.00900895,2.12790602,-0.33514766,0.02062926,1.48459189,0.08037580,0.02338131,1.64258387,-0.31745074,0.01694666,0.18482241,-4.06853848,2.56269240,0.07297397,1.33301356,-1.01466944,-0.02929113,0.85010645,0.10858278,-0.18439347,0.31763481,0.46707559
0.42993707,0.01694136,0.02614270,0.03638809,0.51710218,-0.13739828,-0.11936279,0.09159061,-1.32670426,0.12837003,0.54529124,-1.55108428,-0.17371224,0.53835016,-1.54384589,0.18344317,1.11740530,-1.49149001,0.38580412,0.01985858,0.00186179,0.29204416,0.26099416,0.17912719,-0.28318604,0.37328248,-0.17493336,-0.27131249,-0.30878090,0.19358414,-0.26726207,-0.12452924,-0.19189096,-0.27519446,1.78016944,-0.13471882,0.00011449,0.00323280,-0.03539394,0.99936820,2.05318184,0.02549582,0.00885812,2.14014120,-0.33562134,0.02073167,1.48585708,0.08022467,0.02478209,1.64237709,-0.31731932,0.01684970,0.18104258,-4.19945526,2.66908097,0.04404969,1.42138445,-1.06221437,-0.01221709,0.87325269,0.21052359,-0.24961120,0.32822785,0.44310090
0.42251327,0.01556672,0.03617777,0.03741093,0.52258724,-0.11095711,-0.11771065,0.05559357,-1.30278773,0.12850895,0.55868115,-1.56095605,-0.17360908,0.54652952,-1.54132195,0.18110005,1.12016370,-1.48872681,0.38580412,0.01985858,0.00186179,0.29235038,0.25671516,0.17905582,-0.28361319,0.38037989,-0.17426858,-0.27167219,-0.31150616,0.19293469,-0.26589761,-0.12867924,-0.19203788,-0.27553421,1.78432176,-0.13486432,0.00020880,0.00580236,-0.03593971,0.99933709,2.05323606,0.02528800,0.00873719,2.15120054,-0.33600698,0.02067819,1.48747967,0.07994873,0.02645277,1.64218006,-0.31716253,0.01681617,0.16814346,-3.65990529,2.43393826,0.01410560,1.36348867,-1.00502969,0.01057767,0.83283049,0.25774373,-0.23788711,0.27946896,0.27822254
0.40319611,0.01229508,0.04230643,0.03680853,0.50721517,-0.07530495,-0.11619477,0.02435834,-1.28023639,0.12867099,0.57185595,-1.57049046,-0.17347856,0.55449146,-1.53826003,0.17949241,1.12141707,-1.48866696,0.38580412,0.01985858,0.00186179,0.29271211,0.25245624,0.17899205,-0.28403766,0.38620320,-0.17369023,-0.27249102,-0.31327033,0.19247621,-0.26435742,-0.13287154,-0.19218716,-0.27588763,1.78847502,-0.13503710,0.00030611,0.00841423,-0.03633911,0.99930405,2.05326515,0.02514559,0.00867445,2.16104255,-0.33631959,0.02022109,1.49001220,0.07968443,0.02835469,1.64199534,-0.31706581,0.01682448,0.14554523,-3.00137343,2.18463740,0.01704742,1.27938294,-0.92400910,0.01238237,0.77181655,0.30250351,-0.14733821,0.10224780,-0.02105831
0.42927379,0.00917726,0.05155511,0.03985694,0.54469988,-0.04665738,-0.11497867,-0.00288342,-1.25846658,0.12897407,0.58484446,-1.57961512,-0.17330619,0.56219777,-1.53467031,0.17908994,1.11958444,-1.49192638,0.38580412,0.01985858,0.00186179,0.29311301,0.24821921,0.17897101,-0.28444241,0.39094660,-0.17324656,-0.27376563,-0.31347209,0.19236013,-0.26275606,-0.13707718,-0.19233355,-0.27626065,1.79260454,-0.13524761,0.00040396,0.01103443,-0.03657610,0.99926987,2.05324369,0.02509775,0.00867060,2.16983934,-0.33661177,0.01934738,1.49403429,0.07951500,0.03035695,1.64183312,-0.31704509,0.01685237,0.12317988,-2.80756402,2.26318836,0.03256909,1.35133853,-0.94636971,0.01928769,0.80080622,0.37769970,-0.03025606,-0.22577940,-0.36835966
0.38582054,0.00362785,0.05185047,0.03620437,0.49291638,-0.01329800,-0.11422590,-0.02729456,-1.23712258,0.12934849,0.59766160,-1.58824248,-0.17283508,0.56979827,-1.53087234,0.17972717,1.11317284,-1.49741073,0.38580412,0.01985858,0.00186179,0.29354531,0.24400166,0.17897548,-0.28484188,0.39492544,-0.17296740,-0.27534937,-0.31188998,0.19258380,-0.26139209,-0.14129113,-0.19239664,-0.27665075,1.79668126,-0.13550367,0.00050037,0.01363849,-0.03665913,0.99923463,2.05314155,0.02511125,0.00870343,2.17787071,-0.33694456,0.01819594,1.49974146,0.07941639,0.03215322,1.64167195,-0.31702988,0.01689457,0.06665532,-2.29435840,2.02230358,0.03591466,1.21493378,-0.81394416,0.04851591,0.72113341,0.36089653,0.06824989,-0.65557529,-0.53412816
0.41277710,-0.00199853,0.06196963,0.03929125,0.53496454,0.01023250,-0.11403984,-0.04944751,-1.21634722,0.12979491,0.61036706,-1.59636736,-0.17189109,0.57744807,-1.52718484,0.18049330,1.10141015,-1.50287080,0.38580412,0.01985858,0.00186179,0.29400709,0.23979066,0.17900635,-0.28523563,0.39831542,-0.17286643,-0.27710848,-0.30875051,0.19294109,-0.26063779,-0.14551529,-0.19231826,-0.27704066,1.80066414,-0.13580738,0.00059435,0.01621537,-0.03662393,0.99919738,2.05291612,0.02516397,0.00877146,2.18525548,-0.33736996,0.01689862,1.50686701,0.07921910,0.03336930,1.64146002,-0.31695665,0.01696643,0.01065340,-2.27497888,2.15443969,0.04775822,1.32212782,-0.83899492,0.10573863,0.79801673,0.38152930,0.07749349,-1.30650389,-0.55949390
0.38471410,-0.00657060,0.06614875,0.03773104,0.51479171,0.02004087,-0.11455113,-0.06855729,-1.19694891,0.13043058,0.62303648,-1.60393617,-0.17046776,0.58515224,-1.52370656,0.18049444,1.08470118,-1.50747144,0.38580412,0.01985858,0.00186179,0.29451364,0.23556862,0.17909685,-0.28560419,0.40095595,-0.17298024,-0.27902933,-0.30432554,0.19318102,-0.26060176,-0.14973096,-0.19209133,-0.27741188,1.80445154,-0.13614899,0.00068530,0.01874805,-0.03652401,0.99915666,2.05246768,0.02527050,0.00890945,2.19170771,-0.33794220,0.01548430,1.51504278,0.07873590,0.03391188,1.64109521,-0.31679546,0.01710176,-0.05289895,-1.94194953,1.97326608,0.06503893,1.29038219,-0.77011979,0.14531414,0.78472358,0.35407674,-0.00061691,-1.70514841,-0.46922894
0.33490489,-0.00781194,0.07129518,0.03482641,0.47649794,0.01475184,-0.11568068,-0.08407383,-1.17979565,0.13129184,0.63568554,-1.61087382,-0.16885251,0.59290428,-1.52036121,0.18004599,1.06586621,-1.51287410,0.38580412,0.01985858,0.00186179,0.29509175,0.23133221,0.17925935,-0.28595334,0.40276523,-0.17328750,-0.28107522,-0.29908247,0.19330046,-0.26077070,-0.15392611,-0.19179906,-0.27775219,1.80794146,-0.13648516,0.00077363,0.02121094,-0.03644146,0.99911036,2.05171819,0.02544511,0.00913841,2.19701233,-0.33865402,0.01401653,1.52373581,0.07809010,0.03432105,1.64045162,-0.31656092,0.01733957,-0.11464494,-1.47499144,1.64262848,0.08558059,1.22952857,-0.66862702,0.15718862,0.75441200,0.32444994,-0.04508197,-1.84059944,-0.53786435
0.33404397,-0.00784623,0.08249119,0.03544912,0.48560153,-0.00275539,-0.11735937,-0.09477509,-1.16688728,0.13237671,0.64832289,-1.61706007,-0.16727360,0.60079130,-1.51711731,0.17940601,1.04577467,-1.51960101,0.38580412,0.01985858,0.00186179,0.29573109,0.22708805,0.17949575,-0.28628283,0.40356422,-0.17375893,-0.28309524,-0.29314702,0.19333669,-0.26096105,-0.15810330,-0.19150759,-0.27805234,1.81117428,-0.13679700,0.00085935,0.02355802,-0.03644287,0.99905766,2.05073643,0.02567664,0.00944826,2.20100632,-0.33949684,0.01263585,1.53289237,0.07738385,0.03477004,1.63953839,-0.31627661,0.01767875,-0.17906259,-1.06473763,1.29376049,0.11489540,1.31650853,-0.63754616,0.16348770,0.82326376,0.33698079,-0.06843172,-2.10491419,-0.70939952
0.30950843,-0.00829569,0.07297364,0.02996249,0.40958494,-0.02949999,-0.11924175,-0.09889316,-1.16162081,0.13364999,0.66104372,-1.62248976,-0.16579733,0.60892488,-1.51400251,0.17845635,1.02380278,-1.52655125,0.38580412,0.01985858,0.00186179,0.29633719,0.22283455,0.17979665,-0.28657797,0.40312788,-0.17427287,-0.28480227,-0.28652770,0.19327771,-0.26133806,-0.16226191,-0.19123629,-0.27831982,1.81444381,-0.13712242,0.00094250,0.02573758,-0.03658123,0.99899875,2.04983149,0.02589510,0.00975922,2.20374613,-0.34041241,0.01153493,1.54281936,0.07659364,0.03499914,1.63862987,-0.31597909,0.01801737,-0.17868593,-0.32303468,0.41555896,0.12242769,1.20856133,-0.50839088,0.13920959,0.77461023,0.29424495,-0.09377256,-2.10639505,-0.65649649
0.36213141,-0.01415660,0.07245021,0.02954884,0.40111666,-0.06727789,-0.12048708,-0.09501476,-1.16697061,0.13504483,0.67398196,-1.62711096,-0.16440311,0.61739570,-1.51104772,0.17704688,0.99916607,-1.53280413,0.38580412,0.01985858,0.00186179,0.29685336,0.21855159,0.18014520,-0.28683738,0.40130192,-0.17457491,-0.28596745,-0.27914179,0.19310090,-0.26206529,-0.16639640,-0.19097948,-0.27857335,1.81790288,-0.13750665,0.00102259,0.02769882,-0.03687883,0.99893527,2.04914267,0.02603309,0.01001598,2.20523997,-0.34119664,0.01088592,1.55375941,0.07565133,0.03478807,1.63787742,-0.31569688,0.01828001,-0.11642835,0.52700746,-0.72427088,0.14680997,1.35145330,-0.46898422,0.14409982,0.88768446,0.30533969,-0.15405752,-2.60827684,-0.63882762
0.37932438,-0.02237225,0.06288020,0.02491722,0.33494704,-0.09185841,-0.11975729,-0.08273783,-1.18385732,0.13646543,0.68719838,-1.63057892,-0.16307794,0.62633989,-1.50830679,0.17519701,0.97171872,-1.53877871,0.38580412,0.01985858,0.00186179,0.29725216,0.21422588,0.18052335,-0.28708167,0.39808528,-0.17429795,-0.28654797,-0.27080705,0.19278409,-0.26307313,-0.17048966,-0.19073088,-0.27883494,1.82162738,-0.13800448,0.00109683,0.02934936,-0.03732651,0.99887144,2.04872883,0.02602705,0.01017049,2.20559402,-0.34152668,0.01070419,1.56596368,0.07445313,0.03417903,1.63737836,-0.31547924,0.01841722,0.07693453,1.25761809,-1.72933731,0.14466494,1.34634433,-0.35166738,0.13488051,0.91174374,0.27876828,-0.18855498,-2.79777236,-0.60935683
0.38284486,-0.02952651,0.05389838,0.01913334,0.25385585,-0.09877974,-0.11731817,-0.06571192,-1.20663846,0.13786707,0.70056777,-1.63285654,-0.16183770,0.63595195,-1.50594182,0.17342741,0.94289269,-1.54557931,0.38580412,0.01985858,0.00186179,0.29756905,0.20988411,0.18091885,-0.28732633,0.39410704,-0.17355082,-0.28682425,-0.26173310,0.19243195,-0.26401826,-0.17457117,-0.19049374,-0.27909359,1.82554488,-0.13860084,0.00116231,0.03068389,-0.03783194,0.99881224,2.04851330,0.02592288,0.01024272,2.20539441,-0.34146676,0.01074481,1.57911828,0.07307863,0.03355079,1.63706394,-0.31534329,0.01847547,0.24554866,1.67935481,-2.23764782,0.13613030,1.30062599,-0.21163822,0.11958455,0.94163518,0.22549431,-0.16768625,-2.80769763,-0.67159135
0.42383369,-0.03618825,0.05394255,0.01525506,0.19984565,-0.09995639,-0.11429471,-0.04646346,-1.23082547,0.13923545,0.71403961,-1.63392069,-0.16071528,0.64654288,-1.50419910,0.17252182,0.91377206,-1.55377522,0.38580412,0.01985858,0.00186179,0.29783155,0.20554730,0.18132783,-0.28756465,0.38978285,-0.17266914,-0.28697826,-0.25212950,0.19223702,-0.26460640,-0.17868240,-0.19027271,-0.27932331,1.82959152,-0.13925766,0.00121519,0.03167462,-0.03831515,0.99876283,2.04842668,0.02578975,0.01026691,2.20500017,-0.34128155,0.01085329,1.59293080,0.07173063,0.03322515,1.63685701,-0.31528184,0.01850824,0.31450036,2.01526494,-2.51454706,0.14205799,1.40421534,-0.10026395,0.11595450,1.11292148,0.17521977,-0.08286871,-3.03178568,-0.86717600
0.39204200,-0.03378840,0.04718365,0.00861992,0.11165251,-0.07394128,-0.11158018,-0.02663756,-1.25350261,0.14052274,0.72761467,-1.63384712,-0.15966701,0.65821455,-1.50313175,0.17301358,0.88513291,-1.56328564,0.38580412,0.01985858,0.00186179,0.29806307,0.20123158,0.18173519,-0.28778278,0.38539177,-0.17191110,-0.28712526,-0.24224739,0.19234270,-0.26469079,-0.18283137,-0.19005357,-0.27953153,1.83370185,-0.13993363,0.00125206,0.03229980,-0.03871356,0.99872740,2.04839764,0.02567902,0.01028029,2.20462966,-0.34116186,0.01093781,1.60707050,0.07058417,0.03337228,1.63670714,-0.31526405,0.01853154,0.25296844,1.88303475,-2.13160000,0.12123320,1.28934665,0.01718502,0.09903705,1.11769524,0.09526677,0.06039710,-2.71152077,-0.91345910
0.42992722,-0.03568203,0.04990374,0.00293903,0.03768158,-0.05714668,-0.10931681,-0.00691319,-1.27361119,0.14171314,0.74117941,-1.63269019,-0.15866686,0.67094773,-1.50268412,0.17457893,0.85747612,-1.57363296,0.38580412,0.01985858,0.00186179,0.29827502,0.19698429,0.18213467,-0.28796615,0.38106869,-0.17131861,-0.28731661,-0.23233496,0.19266500,-0.26433891,-0.18700388,-0.18982903,-0.27973832,1.83781417,-0.14060084,0.00127068,0.03253692,-0.03900314,0.99870841,2.04840286,0.02561664,0.01030888,2.20436139,-0.34111653,0.01095841,1.62121244,0.06959675,0.03393611,1.63657542,-0.31526761,0.01853670,0.22936425,2.05160022,-2.05439329,0.12258626,1.41215312,0.13652444,0.10346993,1.34208047,0.03759563,0.17660110,-2.86465859,-1.08830631
0.41323710,-0.03198669,0.04509082,-0.00368392,-0.04685349,-0.04185850,-0.10742157,0.01253152,-1.29066038,0.14283880,0.75423666,-1.63033762,-0.15776797,0.68485262,-1.50301082,0.17623868,0.83136548,-1.58462107,0.38580412,0.01985858,0.00186179,0.29845518,0.19296955,0.18253543,-0.28809430,0.37687329,-0.17087232,-0.28757251,-0.22259493,0.19292444,-0.26368199,-0.19116340,-0.18960829,-0.27993512,1.84185560,-0.14123412,0.00126853,0.03231149,-0.03920887,0.99870768,2.04854169,0.02561099,0.01036088,2.20417280,-0.34112677,0.01088267,1.63507076,0.06854760,0.03477319,1.63641560,-0.31527192,0.01852007,0.19269634,1.98031325,-1.73339305,0.11462469,1.32881660,0.24082925,0.09134875,1.41749640,-0.03426737,0.16832450,-2.65752592,-1.11983485
0.38360414,-0.02692106,0.03599233,-0.01004778,-0.12725492,-0.03947204,-0.10576338,0.03190793,-1.30555873,0.14395783,0.76644527,-1.62715483,-0.15704491,0.69966943,-1.50406716,0.17730611,0.80659257,-1.59600613,0.38580412,0.01985858,0.00186179,0.29858051,0.18930006,0.18294494,-0.28814777,0.37277333,-0.17052291,-0.28784056,-0.21305681,0.19295210,-0.26288675,-0.19526513,-0.18941428,-0.28010332,1.84579213,-0.14182577,0.00125036,0.03168697,-0.03941033,0.99871978,2.04891944,0.02563365,0.01043274,2.20396929,-0.34119261,0.01073995,1.64860225,0.06731500,0.03569376,1.63620851,-0.31526437,0.01847719,0.15969723,1.88442283,-1.43518643,0.10899901,1.17970910,0.31426747,0.06848922,1.44699416,-0.10808905,0.09818226,-2.39967813,-1.10778413
0.39962540,-0.02569301,0.02816487,-0.01675571,-0.21116877,-0.04552025,-0.10428072,0.05137641,-1.31901963,0.14512987,0.77789930,-1.62354922,-0.15656170,0.71523086,-1.50571990,0.17776415,0.78262178,-1.60712006,0.38580412,0.01985858,0.00186179,0.29862294,0.18598577,0.18337116,-0.28808248,0.36875321,-0.17024110,-0.28805116,-0.20369771,0.19276876,-0.26205564,-0.19929299,-0.18926785,-0.28024219,1.84961560,-0.14237915,0.00121810,0.03069980,-0.03962923,0.99874199,2.04954579,0.02567920,0.01054046,2.20372067,-0.34130265,0.01057178,1.66183205,0.06592326,0.03656730,1.63595281,-0.31526126,0.01838075,0.15305951,2.02897630,-1.39212596,0.12288466,1.18826628,0.37714836,0.04805028,1.62678800,-0.17650127,0.04340969,-2.49344544,-1.15069747
0.35539692,-0.02187777,0.01388264,-0.01966352,-0.24661067,-0.03426483,-0.10297575,0.07087925,-1.33147376,0.14645582,0.78936080,-1.62017188,-0.15630924,0.73137711,-1.50784497,0.17794236,0.75853747,-1.61683171,0.38580412,0.01985858,0.00186179,0.29855959,0.18285995,0.18382863,-0.28781836,0.36481826,-0.17001689,-0.28816900,-0.19445560,0.19250192,-0.26129502,-0.20325406,-0.18916833,-0.28034569,1.85334089,-0.14290886,0.00117294,0.02942291,-0.03981689,0.99877301,2.05025423,0.02577980,0.01074124,2.20346718,-0.34142759,0.01039059,1.67482653,0.06446180,0.03726457,1.63567310,-0.31529680,0.01821391,0.12204854,1.85073514,-1.17349293,0.12771645,1.09168363,0.31561918,0.02199792,1.53735962,-0.20596252,0.01572606,-2.29035010,-0.90443230
0.38263554,-0.02348037,-0.00005272,-0.02502080,-0.31284883,-0.01540023,-0.10192399,0.09023059,-1.34300733,0.14809063,0.80223250,-1.61826396,-0.15612969,0.74802178,-1.51063573,0.17814282,0.73354626,-1.62414658,0.38580412,0.01985858,0.00186179,0.29837206,0.17965347,0.18433249,-0.28717196,0.36097717,-0.16986508,-0.28820543,-0.18527336,0.19226407,-0.26068512,-0.20713729,-0.18906440,-0.28037776,1.85698910,-0.14342743,0.00111652,0.02794391,-0.03990828,0.99881190,2.05077668,0.02598394,0.01120010,2.20326300,-0.34155126,0.01016663,1.68764599,0.06300561,0.03768694,1.63542779,-0.31536285,0.01799430,0.10544247,2.01275563,-1.18769705,0.17552263,1.36767316,0.17128883,0.01844577,1.74101436,-0.30182302,0.02210773,-2.61920667,-0.72313839
0.36733097,-0.02128734,-0.01385886,-0.02641914,-0.33014960,0.00743593,-0.10121956,0.10926600,-1.35354064,0.15024906,0.81798524,-1.62090573,-0.15571247,0.76504565,-1.51434698,0.17849646,0.70720165,-1.62829525,0.38580412,0.01985858,0.00186179,0.29804719,0.17638989,0.18486724,-0.28566014,0.35723705,-0.16980888,-0.28817744,-0.17613844,0.19210736,-0.26026624,-0.21089249,-0.18885789,-0.28032241,1.86055627,-0.14392286,0.00105076,0.02632105,-0.03987475,0.99885740,2.05112131,0.02629541,0.01238706,2.20312043,-0.34166805,0.00986975,1.70029192,0.06161383,0.03778096,1.63528033,-0.31536874,0.01772478,0.07136042,1.93841341,-1.07182530,0.22060771,1.60699749,-0.27721987,0.04274481,1.73403220,-0.37859279,0.03627439,-2.68483286,-0.41893056
0.34399681,-0.01513860,-0.01704634,-0.02644874,-0.33125214,0.02529207,-0.10080349,0.12801862,-1.36334317,0.15304664,0.83468362,-1.62970672,-0.15525365,0.78208615,-1.51833334,0.17908481,0.67962768,-1.62970932,0.38580412,0.01985858,0.00186179,0.29769159,0.17387198,0.18542294,-0.28310109,0.35356924,-0.16983074,-0.28810413,-0.16701661,0.19204817,-0.25997908,-0.21454577,-0.18862283,-0.28022817,1.86406074,-0.14436454,0.00097981,0.02461909,-0.03975330,0.99890571,2.05211799,0.02665476,0.01459050,2.20301571,-0.34175556,0.00958746,1.71283398,0.06034872,0.03771251,1.63520403,-0.31534135,0.01746342,0.03824122,1.82099321,-0.94790062,0.27822255,1.61143446,-0.90448455,0.04201035,1.65538788,-0.38627386,0.05989745,-2.69116554,-0.11580984
0.36333599,-0.00911088,-0.01435418,-0.02907570,-0.36569672,0.04561959,-0.10065902,0.14648955,-1.37254035,0.15664105,0.84764184,-1.64300640,-0.15522421,0.79889065,-1.52208614,0.18006091,0.65069902,-1.62835748,0.38580412,0.01985858,0.00186179,0.29739184,0.17319476,0.18607847,-0.27982489,0.34996712,-0.16992486,-0.28798501,-0.15785869,0.19212676,-0.25979289,-0.21811398,-0.18850758,-0.28009331,1.86752529,-0.14473255,0.00090516,0.02286392,-0.03954426,0.99895579,2.05488711,0.02707307,0.01756695,2.20296521,-0.34178965,0.00940683,1.72534766,0.05927132,0.03759895,1.63519280,-0.31540894,0.01729853,0.01270529,1.92145395,-0.95311397,0.38166490,1.28992343,-1.40585589,-0.00198372,1.74754250,-0.38798448,0.10570920,-3.02607989,0.16593635
0.32515771,-0.00343645,-0.01351958,-0.02678221,-0.33913192,0.06153143,-0.10076646,0.16464470,-1.38123109,0.16091085,0.85150973,-1.65523713,-0.15550400,0.81538678,-1.52570257,0.18145373,0.62035954,-1.62415669,0.38580412,0.01985858,0.00186179,0.29710497,0.17499512,0.18693402,-0.27676429,0.34643541,-0.17008454,-0.28781559,-0.14863950,0.19235115,-0.25970267,-0.22157245,-0.18847501,-0.27991782,1.87093468,-0.14504165,0.00082777,0.02107626,-0.03923261,0.99900746,2.06005063,0.02759315,0.02034067,2.20296474,-0.34177061,0.00928938,1.73783756,0.05837375,0.03740230,1.63526399,-0.31556000,0.01718715,-0.01245565,1.71996436,-0.82044071,0.41054307,0.26637596,-1.12754269,-0.02763665,1.56288483,-0.34329693,0.13580508,-2.89244132,0.42531195
0.35048966,-0.00011135,-0.01794614,-0.02925872,-0.37429210,0.09394201,-0.10113192,0.18245123,-1.38949788,0.16573714,0.84381819,-1.66097212,-0.15562616,0.83175677,-1.52956104,0.18310022,0.58868355,-1.61707008,0.38580412,0.01985858,0.00186179,0.29680556,0.17910420,0.18809303,-0.27473970,0.34297759,-0.17031040,-0.28759170,-0.13936725,0.19267793,-0.25972655,-0.22492863,-0.18838155,-0.27970701,1.87428792,-0.14530848,0.00074868,0.01927712,-0.03880123,0.99906071,2.06744082,0.02832694,0.02206586,2.20302339,-0.34170668,0.00921386,1.75028427,0.05759818,0.03707901,1.63542624,-0.31567748,0.01709855,-0.04199147,1.84957302,-0.85510308,0.51091981,-0.97727770,-0.48343834,-0.00874512,1.70432770,-0.40692088,0.17447023,-3.31906962,0.78119332
0.33898194,0.00328149,-0.02202896,-0.02800553,-0.36292332,0.11826571,-0.10184449,0.19994111,-1.39740443,0.17155603,0.82488184,-1.65778306,-0.15542984,0.84828013,-1.53389468,0.18483135,0.55581818,-1.60672367,0.38580412,0.01985858,0.00186179,0.29647334,0.18508051,0.18973773,-0.27395077,0.33957456,-0.17062752,-0.28730879,-0.13010519,0.19307167,-0.25990511,-0.22824007,-0.18817563,-0.27943055,1.87759946,-0.14553054,0.00066933,0.01749188,-0.03822399,0.99911587,2.07663565,0.02951172,0.02252257,2.20314484,-0.34160410,0.00916455,1.76262598,0.05691730,0.03656823,1.63564921,-0.31571772,0.01704279,-0.07299400,1.78116260,-0.80500175,0.59389272,-1.93806553,0.33288134,0.02016806,1.68314767,-0.44182272,0.17643918,-3.34812121,1.05749104
0.32279389,0.00854831,-0.02563713,-0.02584272,-0.34081259,0.13645406,-0.10286270,0.21728466,-1.40509005,0.17806113,0.79960933,-1.64921787,-0.15531004,0.86491443,-1.53839478,0.18672522,0.52262831,-1.59357879,0.38580412,0.01985858,0.00186179,0.29610780,0.19210945,0.19169605,-0.27377746,0.33618061,-0.17102570,-0.28698638,-0.12102961,0.19355379,-0.26023789,-0.23155118,-0.18797832,-0.27907208,1.88090580,-0.14569700,0.00059123,0.01573374,-0.03753237,0.99917137,2.08685513,0.03104658,0.02233034,2.20330849,-0.34146138,0.00912142,1.77473789,0.05639113,0.03586991,1.63590479,-0.31577435,0.01703572,-0.10122259,1.68532062,-0.74550906,0.63308852,-2.49260263,0.86102290,0.00694196,1.61711278,-0.43563048,0.18682927,-3.22496696,1.30036271
0.34769068,0.01680582,-0.03130191,-0.02684229,-0.36105126,0.16819674,-0.10415475,0.23452070,-1.41251240,0.18412442,0.77071714,-1.63790925,-0.15605984,0.88150260,-1.54238670,0.18905613,0.48998509,-1.57757316,0.38580412,0.01985858,0.00186179,0.29571568,0.19984226,0.19359338,-0.27390116,0.33278318,-0.17149833,-0.28663835,-0.11237030,0.19421565,-0.26077576,-0.23492294,-0.18802992,-0.27861221,1.88423395,-0.14578755,0.00051482,0.01399673,-0.03673578,0.99922686,2.09775212,0.03260897,0.02181452,2.20352578,-0.34125890,0.00907733,1.78642810,0.05615506,0.03493992,1.63613832,-0.31605968,0.01710347,-0.13694875,1.79446743,-0.77023202,0.62141565,-3.03168273,1.19269192,-0.08916296,1.72713985,-0.40805635,0.24785361,-3.39168520,1.69326949
0.31975153,0.02174569,-0.03053617,-0.02403592,-0.33097782,0.17625787,-0.10573604,0.25167813,-1.41952758,0.18852168,0.74024787,-1.62557161,-0.15777012,0.89810917,-1.54554589,0.19188254,0.45860466,-1.55879745,0.38580412,0.01985858,0.00186179,0.29531190,0.20796947,0.19504888,-0.27419058,0.32937723,-0.17205376,-0.28627548,-0.10429015,0.19508877,-0.26158785,-0.23841724,-0.18835937,-0.27808655,1.88759814,-0.14580589,0.00043939,0.01225231,-0.03582106,0.99928301,2.10899961,0.03385143,0.02112133,2.20381065,-0.34100195,0.00903643,1.79754432,0.05624948,0.03372406,1.63630603,-0.31661077,0.01722535,-0.15292669,1.62783463,-0.66147348,0.39825200,-2.90014081,1.17616560,-0.16927964,1.57700281,-0.29237899,0.27234758,-2.96450081,1.80660391
0.35406850,0.02692806,-0.03407078,-0.02653897,-0.37605498,0.22253265,-0.10766519,0.26886731,-1.42602921,0.19059823,0.70970005,-1.61299074,-0.15937780,0.91506219,-1.54837620,0.19485469,0.42895737,-1.53791773,0.38580412,0.01985858,0.00186179,0.29491261,0.21619393,0.19585905,-0.27460286,0.32594613,-0.17271286,-0.28589485,-0.09682284,0.19607523,-0.26269254,-0.24202632,-0.18864966,-0.27758741,1.89099510,-0.14578743,0.00036376,0.01045395,-0.03477365,0.99934047,2.12028010,0.03457047,0.02030975,2.20414777,-0.34073876,0.00901776,1.80803545,0.05654362,0.03222007,1.63644131,-0.31715779,0.01732519,-0.20636803,1.79154420,-0.66933030,0.18022580,-3.17831326,1.31221104,-0.16085429,1.77256751,-0.29276311,0.31000003,-3.06098151,2.20295787
0.34711583,0.02473669,-0.03316317,-0.02686834,-0.39335194,0.24076517,-0.10997524,0.28625562,-1.43187730,0.19025858,0.68016107,-1.60049155,-0.15967576,0.93278496,-1.55167949,0.19758597,0.40180366,-1.51598997,0.38580412,0.01985858,0.00186179,0.29452876,0.22429202,0.19598672,-0.27506138,0.32247088,-0.17349283,-0.28548241,-0.09003407,0.19706045,-0.26405433,-0.24569177,-0.18854139,-0.27719830,1.89440577,-0.14577338,0.00028675,0.00852219,-0.03359417,0.99939918,2.13135257,0.03470910,0.01946739,2.20449820,-0.34052942,0.00904636,1.81780811,0.05688829,0.03047443,1.63660751,-0.31739026,0.01733047,-0.23559538,1.77136090,-0.59481727,-0.03648914,-3.00695820,1.27268624,-0.02873374,1.80608556,-0.33731591,0.27798099,-2.76222448,2.23336344
0.32940175,0.02173474,-0.03197192,-0.02710939,-0.41256205,0.24470083,-0.11247351,0.30391693,-1.43710148,0.18873448,0.65189364,-1.58835065,-0.15898895,0.95124576,-1.55558469,0.20025950,0.37740009,-1.49437876,0.38580412,0.01985858,0.00186179,0.29415596,0.23222805,0.19575545,-0.27537404,0.31895295,-0.17433956,-0.28504343,-0.08386204,0.19805696,-0.26550195,-0.24935314,-0.18812676,-0.27688440,1.89779961,-0.14576918,0.00020802,0.00641402,-0.03234082,0.99945630,2.14219728,0.03456342,0.01878192,2.20481444,-0.34036406,0.00911253,1.82691722,0.05729506,0.02865402,1.63680587,-0.31738193,0.01727156,-0.24343568,1.71970227,-0.50291022,-0.15265693,-2.73752022,1.17610102,0.06991674,1.80047553,-0.38334529,0.26138972,-2.34764624,2.09259195
0.34733770,0.02336947,-0.03557615,-0.03075137,-0.48658887,0.26834917,-0.11496725,0.32195882,-1.44173162,0.18689454,0.62492628,-1.57675450,-0.15844085,0.97043278,-1.55974534,0.20319693,0.35643460,-1.47438765,0.38580412,0.01985858,0.00186179,0.29378705,0.24002714,0.19539747,-0.27537861,0.31538014,-0.17519987,-0.28458687,-0.07837829,0.19912514,-0.26686561,-0.25304110,-0.18772831,-0.27654415,1.90114451,-0.14575407,0.00012773,0.00409417,-0.03105484,0.99950929,2.15283900,0.03436557,0.01840844,2.20503989,-0.34019488,0.00920018,1.83527913,0.05785273,0.02692144,1.63693726,-0.31741144,0.01724290,-0.25884770,1.88334727,-0.47742425,-0.19152014,-2.79806833,1.20297968,0.04948899,2.00526404,-0.43321249,0.30928550,-2.14966302,2.06140273
0.30590241,0.02221726,-0.03349167,-0.02942228,-0.48485298,0.24242248,-0.11729461,0.34048511,-1.44588168,0.18514454,0.59896932,-1.56554086,-0.15911435,0.99036629,-1.56364920,0.20640658,0.33976007,-1.45748453,0.38580412,0.01985858,0.00186179,0.29342330,0.24774596,0.19502998,-0.27503718,0.31173132,-0.17602660,-0.28412021,-0.07370918,0.20023976,-0.26801285,-0.25684635,-0.18765373,-0.27608342,1.90438724,-0.14571465,0.00004676,0.00155722,-0.02977630,0.99955537,2.16330328,0.03422210,0.01838612,2.20508757,-0.33998530,0.00930309,1.84272828,0.05855767,0.02541045,1.63682602,-0.31774652,0.01733988,-0.21890031,1.76303339,-0.38988890,-0.16473896,-2.45571604,1.06191142,-0.07780070,1.89878783,-0.36649110,0.30646144,-1.53963962,1.57053077
0.31186251,0.02264123,-0.03518836,-0.03335527,-0.57322349,0.25344425,-0.11937891,0.35947311,-1.44965756,0.18341878,0.57347316,-1.55428362,-0.16083273,1.01096416,-1.56719172,0.20947419,0.32828009,-1.44498765,0.38580412,0.01985858,0.00186179,0.29308742,0.25547209,0.19464640,-0.27442140,0.30800618,-0.17679412,-0.28364532,-0.07002960,0.20126811,-0.26891279,-0.26077811,-0.18784926,-0.27552758,1.90742345,-0.14566847,-0.00003346,-0.00117157,-0.02855091,0.99959165,2.17358918,0.03407861,0.01866602,2.20483632,-0.33975492,0.00944211,1.84899612,0.05926870,0.02417463,1.63634832,-0.31832663,0.01755984,-0.21332595,1.98448062,-0.38808581,-0.18012895,-2.65125918,1.17504597,-0.19184312,2.15498352,-0.36406514,0.31539983,-1.11518800,1.23162568
0.26728733,0.01627093,-0.02823844,-0.03287597,-0.58851694,0.22410966,-0.12118094,0.37877362,-1.45309575,0.18141055,0.54790727,-1.54253178,-0.16244696,1.03211048,-1.57080007,0.21150232,0.32347896,-1.43852165,0.38580412,0.01985858,0.00186179,0.29283108,0.26329501,0.19417324,-0.27360509,0.30423161,-0.17748804,-0.28315424,-0.06765710,0.20194879,-0.26962334,-0.26473590,-0.18798559,-0.27497313,1.91005581,-0.14565327,-0.00011123,-0.00406282,-0.02744920,0.99961494,2.18360992,0.03377822,0.01922599,2.20408874,-0.33956952,0.00967684,1.85358324,0.05970410,0.02320774,1.63540254,-0.31882736,0.01785795,-0.18326192,1.96598036,-0.34989779,-0.20509858,-2.60420041,1.19771032,-0.16382385,2.15424962,-0.36782951,0.20464740,-0.48118896,0.65144296
0.25259721,0.01740623,-0.02612336,-0.03113777,-0.57960840,0.18533174,-0.12278532,0.39821299,-1.45634615,0.17895516,0.52217180,-1.53020663,-0.16375881,1.05353630,-1.57455688,0.21205039,0.32447808,-1.43732951,0.38580412,0.01985858,0.00186179,0.29259883,0.27118760,0.19356478,-0.27268091,0.30043248,-0.17812373,-0.28264049,-0.06645238,0.20216983,-0.27028601,-0.26866813,-0.18801038,-0.27442464,1.91265524,-0.14561597,-0.00018614,-0.00704221,-0.02648457,0.99962440,2.19371200,0.03331736,0.01991791,2.20323425,-0.33939827,0.00995834,1.85700136,0.05978901,0.02231282,1.63440852,-0.31913610,0.01817419,-0.15466846,1.89097869,-0.31511387,-0.24279281,-2.50275731,1.20275221,-0.12796074,2.08396516,-0.36467711,0.04099483,0.14102855,0.07638337
0.28562259,0.02396619,-0.03097972,-0.03268529,-0.62855617,0.16909696,-0.12422676,0.41778652,-1.45951216,0.17597517,0.49643577,-1.51738582,-0.16526383,1.07493739,-1.57806220,0.21122860,0.33076716,-1.44091508,0.38580412,0.01985858,0.00186179,0.29235854,0.27908218,0.19279880,-0.27168071,0.29659295,-0.17870749,-0.28210900,-0.06633750,0.20196586,-0.27092411,-0.27258544,-0.18806873,-0.27385163,1.91539424,-0.14553140,-0.00025789,-0.01006118,-0.02566036,0.99962005,2.20400067,0.03269477,0.02067783,2.20242772,-0.33922065,0.01024954,1.85950625,0.05957200,0.02143443,1.63351867,-0.31936705,0.01850691,-0.14872457,2.04014463,-0.32938120,-0.31523330,-2.67980156,1.33911657,-0.16016810,2.22741656,-0.36075112,-0.09570755,0.69948208,-0.41375458
0.28097158,0.02588082,-0.03367658,-0.02875970,-0.56882324,0.12448763,-0.12550206,0.43744881,-1.46264479,0.17253821,0.47091703,-1.50428562,-0.16701121,1.09596958,-1.58093982,0.20970436,0.34176094,-1.44892943,0.38580412,0.01985858,0.00186179,0.29208525,0.28690649,0.19189023,-0.27060477,0.29270093,-0.17923571,-0.28157826,-0.06720020,0.20151213,-0.27141914,-0.27648986,-0.18818371,-0.27328331,1.91835006,-0.14541004,-0.00032638,-0.01306449,-0.02498830,0.99960232,2.21448603,0.03190515,0.02148048,2.20172983,-0.33904676,0.01050699,1.86130240,0.05920807,0.02066611,1.63280289,-0.31954380,0.01880194,-0.11945158,1.86657362,-0.29708876,-0.32985079,-2.41920118,1.24502087,-0.16712613,1.99158292,-0.26634800,-0.14818514,1.08511506,-0.80107224
0.33407836,0.02970633,-0.04514215,-0.02987469,-0.60443344,0.09793775,-0.12661746,0.45703316,-1.46578324,0.16895953,0.44571173,-1.49106503,-0.16858949,1.11634207,-1.58308744,0.20829040,0.35717466,-1.46136415,0.38580412,0.01985858,0.00186179,0.29176220,0.29460689,0.19092414,-0.26943238,0.28877284,-0.17970659,-0.28106324,-0.06899266,0.20101615,-0.27158915,-0.28035667,-0.18825169,-0.27277432,1.92154510,-0.14528253,-0.00039161,-0.01598304,-0.02449142,0.99957219,2.22514887,0.03098431,0.02232982,2.20117040,-0.33891596,0.01069896,1.86247988,0.05887128,0.02017305,1.63230534,-0.31957803,0.01898788,-0.11387467,2.03810620,-0.32718477,-0.37338024,-2.62076759,1.37855101,-0.16005336,2.11130071,-0.21284817,-0.14272518,1.67085600,-1.36136997
0.34908772,0.02763519,-0.05171201,-0.02665457,-0.54762047,0.06020327,-0.12759710,0.47624903,-1.46909592,0.16573811,0.42053131,-1.47752461,-0.16958140,1.13559070,-1.58452098,0.20748748,0.37725148,-1.47802024,0.38580412,0.01985858,0.00186179,0.29138338,0.30217242,0.19004086,-0.26816173,0.28483653,-0.18011894,-0.28057553,-0.07187070,0.20061634,-0.27137374,-0.28412503,-0.18817079,-0.27233851,1.92499559,-0.14517785,-0.00045202,-0.01867749,-0.02419316,0.99953271,2.23600846,0.03002119,0.02322165,2.20078430,-0.33886642,0.01080785,1.86291499,0.05868071,0.02000964,1.63209946,-0.31938214,0.01904487,-0.09968446,1.95653920,-0.33785500,-0.32739522,-2.56524711,1.37984743,-0.10051909,1.95882709,-0.14512803,-0.08111894,2.04897585,-1.69924490
0.35134455,0.02524697,-0.05501337,-0.02164767,-0.44899313,0.03580891,-0.12852362,0.49496221,-1.47282097,0.16305167,0.39477741,-1.46337619,-0.17043890,1.15345764,-1.58513262,0.20712918,0.39986806,-1.49618015,0.38580412,0.01985858,0.00186179,0.29097185,0.30967835,0.18929185,-0.26687075,0.28089475,-0.18049087,-0.28012524,-0.07551821,0.20031786,-0.27100853,-0.28782055,-0.18807250,-0.27188354,1.92862623,-0.14509224,-0.00050487,-0.02102432,-0.02400396,0.99949064,2.24703446,0.02911535,0.02410110,2.20053273,-0.33885930,0.01084661,1.86281128,0.05861990,0.01996331,1.63210914,-0.31913117,0.01908830,-0.09000873,1.81487055,-0.36683082,-0.25700579,-2.51115661,1.38145680,-0.08727188,1.72390339,-0.04984339,-0.03238618,2.20765963,-1.76544788
0.38898045,0.02709141,-0.06253922,-0.01799523,-0.37562227,0.03713839,-0.12945385,0.51308241,-1.47723703,0.16079365,0.36790431,-1.44842026,-0.17212642,1.16949403,-1.58425322,0.20699925,0.42275506,-1.51361766,0.38580412,0.01985858,0.00186179,0.29054368,0.31718997,0.18864360,-0.26564329,0.27692855,-0.18083267,-0.27972766,-0.07954948,0.20009449,-0.27063784,-0.29153660,-0.18822687,-0.27129417,1.93238368,-0.14501152,-0.00054535,-0.02287686,-0.02382786,0.99945414,2.25820303,0.02830218,0.02490039,2.20038009,-0.33883567,0.01081602,1.86246002,0.05864654,0.01990584,1.63220842,-0.31913146,0.01924950,-0.09708031,1.88186605,-0.46739277,-0.23254862,-2.81164112,1.56585860,-0.18722004,1.65206182,0.10823607,-0.01244843,2.37645798,-1.80150557
0.36016947,0.02348558,-0.05780718,-0.01058623,-0.22272353,0.04770594,-0.13038671,0.53049912,-1.48256326,0.15865397,0.33939048,-1.43243377,-0.17483267,1.18334672,-1.58156996,0.20692793,0.44412113,-1.52884560,0.38580412,0.01985858,0.00186179,0.29011737,0.32477968,0.18800414,-0.26457595,0.27293555,-0.18113894,-0.27939875,-0.08364688,0.19992143,-0.27033914,-0.29530983,-0.18869260,-0.27053361,1.93620701,-0.14494254,-0.00056904,-0.02411472,-0.02358489,0.99943079,2.26949339,0.02753235,0.02554142,2.20029435,-0.33875431,0.01071862,1.86208360,0.05870200,0.01977823,1.63232520,-0.31949523,0.01958376,-0.08843723,1.64597433,-0.51450102,-0.20322423,-2.72314615,1.52775221,-0.26445493,1.29364665,0.27095477,-0.00666380,2.00906868,-1.42103071
0.39516634,0.01961551,-0.06113196,-0.00444046,-0.09484003,0.07800955,-0.13127977,0.54705089,-1.48888373,0.15635408,0.30874202,-1.41504610,-0.17736094,1.19492531,-1.57775056,0.20686673,0.46317917,-1.54121053,0.38580412,0.01985858,0.00186179,0.28971431,0.33252813,0.18729284,-0.26375070,0.26894369,-0.18139489,-0.27915073,-0.08768653,0.19979941,-0.27014910,-0.29902450,-0.18915672,-0.26967643,1.94003160,-0.14492306,-0.00057336,-0.02466968,-0.02322799,0.99942560,2.28090186,0.02671910,0.02596360,2.20025773,-0.33861656,0.01056357,1.86172195,0.05873432,0.01956521,1.63254221,-0.31998358,0.02003787,-0.09226053,1.71062338,-0.67330891,-0.24281068,-3.22610879,1.83364737,-0.25475955,1.17227435,0.41104850,-0.00623241,1.94916868,-1.24393404
0.38114728,0.00878543,-0.05504752,0.00226405,0.04999288,0.10740189,-0.13212465,0.56251276,-1.49632075,0.15374822,0.27521861,-1.39564004,-0.17823687,1.20400817,-1.57361002,0.20689713,0.47949675,-1.55029805,0.38580412,0.01985858,0.00186179,0.28935675,0.34054704,0.18646373,-0.26322650,0.26498342,-0.18159476,-0.27899418,-0.09165046,0.19976035,-0.27006782,-0.30251286,-0.18924365,-0.26881487,1.94379676,-0.14500652,-0.00055507,-0.02443310,-0.02270326,0.99944348,2.29245954,0.02580119,0.02613025,2.20026093,-0.33844643,0.01036257,1.86131163,0.05870948,0.01928893,1.63300269,-0.32031835,0.02054188,-0.08604327,1.57359505,-0.75866907,-0.26572196,-3.41775675,1.97886221,-0.08707741,0.92235270,0.42190682,0.00330938,1.65895317,-0.92208779
0.35702017,-0.00223561,-0.04659889,0.00808784,0.18226819,0.13385206,-0.13296668,0.57707491,-1.50462182,0.15098760,0.23931254,-1.37461748,-0.17762168,1.21103256,-1.56929860,0.20709695,0.49357433,-1.55681341,0.38580412,0.01985858,0.00186179,0.28904667,0.34879909,0.18555293,-0.26288896,0.26105003,-0.18176048,-0.27891199,-0.09555575,0.19981460,-0.27004246,-0.30579578,-0.18899262,-0.26796498,1.94748886,-0.14518522,-0.00051905,-0.02354558,-0.02202644,0.99947995,2.30412374,0.02482143,0.02615771,2.20027809,-0.33826964,0.01013469,1.86082859,0.05864504,0.01900422,1.63366401,-0.32052270,0.02108169,-0.08193478,1.40913630,-0.81311860,-0.26804432,-3.50701408,2.05397012,0.06916151,0.66705546,0.42114059,0.02093862,1.35176332,-0.61437490
0.37607695,-0.01064795,-0.04237875,0.01355880,0.31515127,0.16262503,-0.13380785,0.59084255,-1.51362295,0.14847752,0.20175970,-1.35264647,-0.17602677,1.21603971,-1.56476417,0.20745830,0.50562154,-1.56102233,0.38580412,0.01985858,0.00186179,0.28879406,0.35715746,0.18466419,-0.26259924,0.25713535,-0.18189773,-0.27890058,-0.09940792,0.19995720,-0.27006257,-0.30886167,-0.18853676,-0.26710288,1.95111149,-0.14543651,-0.00046965,-0.02207859,-0.02125158,0.99953023,2.31579514,0.02388021,0.02619483,2.20028310,-0.33809912,0.00989349,1.86029237,0.05856522,0.01873150,1.63451538,-0.32067505,0.02169118,-0.08749738,1.42751923,-0.94309741,-0.25677121,-3.92184310,2.29324098,0.17252005,0.50335823,0.47402081,0.03873892,1.23795419,-0.41897295
0.33887713,-0.01401804,-0.02940339,0.01577050,0.37948175,0.14711157,-0.13460720,0.60393497,-1.52313924,0.14671145,0.16377422,-1.33064749,-0.17392278,1.21889696,-1.56006870,0.20786298,0.51595942,-1.56322970,0.38580412,0.01985858,0.00186179,0.28861964,0.36538170,0.18393192,-0.26224063,0.25323413,-0.18200021,-0.27895684,-0.10322835,0.20015329,-0.27014014,-0.31161692,-0.18799878,-0.26623420,1.95468619,-0.14572802,-0.00041235,-0.02012299,-0.02047424,0.99958777,2.32729311,0.02308792,0.02637900,2.20025535,-0.33794506,0.00966280,1.85974033,0.05848442,0.01847950,1.63563242,-0.32080897,0.02238543,-0.07528282,1.23676758,-0.90725194,-0.15920935,-3.60426669,2.08474603,0.20296843,0.25050939,0.44693386,0.03825472,0.96663771,-0.19219651
0.37390595,-0.01646260,-0.01838734,0.02000786,0.49816413,0.14048438,-0.13529009,0.61646676,-1.53290462,0.14590658,0.12677553,-1.30936670,-0.17182393,1.21936774,-1.55516696,0.20814979,0.52504462,-1.56389570,0.38580412,0.01985858,0.00186179,0.28855413,0.37316768,0.18342692,-0.26182420,0.24933893,-0.18205396,-0.27908994,-0.10705357,0.20035173,-0.27027819,-0.31395285,-0.18751506,-0.26539062,1.95826729,-0.14602799,-0.00035195,-0.01778221,-0.01978542,0.99964604,2.33840080,0.02248927,0.02672993,2.20020719,-0.33780555,0.00946420,1.85922535,0.05840287,0.01827594,1.63714047,-0.32097329,0.02316351,-0.06908178,1.29744399,-1.01979077,-0.06921776,-3.83400893,2.20379233,0.21641141,0.01260638,0.51406026,0.02751872,0.92960143,-0.04838407
0.37934115,-0.01458250,-0.00103193,0.02091034,0.53672565,0.10218588,-0.13576694,0.62847346,-1.54255052,0.14602486,0.09225721,-1.28881490,-0.17058953,1.21694572,-1.55013483,0.20818283,0.53333118,-1.56345332,0.38580412,0.01985858,0.00186179,0.28865538,0.38013422,0.18317303,-0.26157114,0.24544782,-0.18204338,-0.27932234,-0.11092884,0.20050615,-0.27046877,-0.31566871,-0.18731455,-0.26457322,1.96198073,-0.14631490,-0.00029229,-0.01514845,-0.01928214,0.99969927,2.34889565,0.02206333,0.02708424,2.20022612,-0.33768773,0.00933305,1.85886622,0.05831970,0.01818661,1.63932367,-0.32131747,0.02408217,-0.04834516,1.22238724,-0.98204482,0.01281252,-3.51235695,2.09323566,0.12448049,-0.25002956,0.51204894,0.00308636,0.84349642,0.04597638
0.37148681,-0.01147380,0.01146074,0.02059148,0.53982810,0.05254142,-0.13608653,0.64011639,-1.55186877,0.14667766,0.06026290,-1.26807220,-0.17005149,1.21203463,-1.54570858,0.20802777,0.54126704,-1.56231296,0.38580412,0.01985858,0.00186179,0.28886116,0.38629035,0.18309943,-0.26169570,0.24156917,-0.18198857,-0.27962310,-0.11486115,0.20062741,-0.27070332,-0.31664282,-0.18733742,-0.26381651,1.96578455,-0.14657985,-0.00023523,-0.01237779,-0.01899320,0.99974296,2.35875073,0.02171521,0.02716546,2.20026703,-0.33761249,0.00923806,1.85862661,0.05826550,0.01815784,1.64225469,-0.32175522,0.02504465,-0.03004993,1.12960737,-0.90294681,0.06682724,-3.09142313,2.02200415,0.05165314,-0.49647688,0.42074720,-0.01612430,0.76937478,0.11647741
0.40440917,-0.00922175,0.02172327,0.02237717,0.59113314,0.00204971,-0.13627409,0.65150498,-1.56081898,0.14774995,0.03047832,-1.24652312,-0.16914016,1.20485604,-1.54278219,0.20775037,0.54896251,-1.56047039,0.38580412,0.01985858,0.00186179,0.28913875,0.39172344,0.18319054,-0.26226506,0.23770355,-0.18189926,-0.27996671,-0.11884854,0.20073437,-0.27099551,-0.31671339,-0.18729428,-0.26323286,1.96965158,-0.14681787,-0.00018093,-0.00954242,-0.01896008,0.99977469,2.36803904,0.02138873,0.02687369,2.20028749,-0.33759888,0.00917204,1.85849936,0.05827832,0.01814324,1.64606464,-0.32196926,0.02590589,-0.01831911,1.18452907,-0.92913800,0.11539496,-3.08522658,2.25346684,0.10369159,-0.76649481,0.28795896,-0.02987049,0.79985404,0.19814967
0.37252477,-0.00480902,0.02641615,0.02077911,0.54482108,-0.05695813,-0.13630426,0.66273555,-1.56946456,0.14931083,0.00233747,-1.22406371,-0.16707594,1.19566963,-1.54183562,0.20730264,0.55654682,-1.55807476,0.38580412,0.01985858,0.00186179,0.28946539,0.39660482,0.18345768,-0.26318742,0.23384609,-0.18176818,-0.28033611,-0.12289980,0.20080948,-0.27134062,-0.31583712,-0.18696850,-0.26288708,1.97356389,-0.14702276,-0.00012824,-0.00667343,-0.01922928,0.99979282,2.37692976,0.02104887,0.02627796,2.20024762,-0.33764843,0.00912928,1.85847657,0.05836399,0.01812477,1.65077098,-0.32170832,0.02657830,-0.00126010,1.06468930,-0.81806351,0.15317993,-2.65762210,2.13949351,0.20777638,-0.88982884,0.07088019,-0.04449466,0.71937296,0.23149054
0.41215557,-0.00036086,0.03475071,0.02366615,0.60447820,-0.13736802,-0.13614896,0.67386585,-1.57789350,0.15159070,-0.02460434,-1.20103455,-0.16431749,1.18428898,-1.54272747,0.20651385,0.56414539,-1.55541515,0.38580412,0.01985858,0.00186179,0.28982469,0.40108488,0.18394332,-0.26429218,0.22999252,-0.18158663,-0.28072135,-0.12701997,0.20079643,-0.27172106,-0.31398929,-0.18647558,-0.26274277,1.97751017,-0.14718881,-0.00007490,-0.00377456,-0.01983899,0.99979606,2.38557644,0.02069849,0.02553251,2.20011802,-0.33775641,0.00910334,1.85855587,0.05848850,0.01810364,1.65637048,-0.32106150,0.02708192,0.01901016,1.15807354,-0.87508553,0.24922563,-2.78991437,2.40564346,0.29417312,-1.21964514,-0.11901557,-0.08798390,0.79209352,0.27988851
0.40478692,0.00496874,0.03852425,0.02417021,0.59313750,-0.20209743,-0.13584128,0.68490548,-1.58599846,0.15494032,-0.05015447,-1.17796295,-0.16242966,1.16978247,-1.54516406,0.20523382,0.57170281,-1.55258353,0.38580412,0.01985858,0.00186179,0.29020952,0.40515150,0.18472738,-0.26545789,0.22613470,-0.18136490,-0.28112177,-0.13117938,0.20064994,-0.27213313,-0.31095760,-0.18623578,-0.26269974,1.98148225,-0.14730617,-0.00001755,-0.00086056,-0.02082752,0.99978271,2.39397540,0.02038799,0.02475163,2.19986763,-0.33793134,0.00908775,1.85877295,0.05863279,0.01807639,1.66303845,-0.32043024,0.02750978,0.03134178,1.12432172,-0.82485539,0.34228230,-2.60023203,2.34955683,0.19047905,-1.48121641,-0.24939245,-0.13079345,0.76961976,0.28857656
0.38677703,0.01104862,0.04116528,0.02390308,0.55475910,-0.24103862,-0.13559512,0.69588542,-1.59352381,0.15901819,-0.07395464,-1.15515778,-0.16170404,1.15260141,-1.54839044,0.20368964,0.57919352,-1.54964216,0.38580412,0.01985858,0.00186179,0.29061512,0.40875899,0.18572925,-0.26672011,0.22226365,-0.18117131,-0.28153010,-0.13532569,0.20042686,-0.27255463,-0.30697884,-0.18632296,-0.26273420,1.98546322,-0.14737285,0.00004480,0.00200276,-0.02205409,0.99975477,2.40201478,0.02015046,0.02389500,2.19952145,-0.33816921,0.00908502,1.85910750,0.05882657,0.01806049,1.67056661,-0.31997755,0.02788092,0.02216150,1.06710598,-0.72528917,0.39992457,-2.29672937,2.21469202,0.06526262,-1.68914597,-0.31729540,-0.15116631,0.72818297,0.28646193
0.41383401,0.01921948,0.04900628,0.02587129,0.56700286,-0.27746834,-0.13564783,0.70682540,-1.60014558,0.16337869,-0.09535151,-1.13274317,-0.16128260,1.13322227,-1.55198953,0.20203052,0.58670703,-1.54664574,0.38580412,0.01985858,0.00186179,0.29104554,0.41176753,0.18685506,-0.26820953,0.21837070,-0.18107976,-0.28193520,-0.13943780,0.20016607,-0.27297980,-0.30222402,-0.18650342,-0.26295856,1.98944462,-0.14737984,0.00011146,0.00473998,-0.02338272,0.99971534,2.40949793,0.02001945,0.02283601,2.19911046,-0.33847112,0.00911034,1.85951770,0.05908650,0.01806574,1.67883146,-0.31954938,0.02808698,-0.00906102,1.13933086,-0.68045551,0.45490859,-2.20453520,2.33043427,0.04548877,-2.03630614,-0.37724075,-0.17366333,0.78325266,0.31253098
0.37684957,0.02411093,0.04947399,0.02330320,0.48286147,-0.24537728,-0.13607347,0.71777339,-1.60565233,0.16774052,-0.11373317,-1.11130304,-0.16058169,1.11203244,-1.55601838,0.20023313,0.59429561,-1.54361038,0.38580412,0.01985858,0.00186179,0.29150568,0.41406595,0.18804217,-0.26996116,0.21443723,-0.18111509,-0.28234223,-0.14350325,0.19986069,-0.27342745,-0.29676268,-0.18660817,-0.26340196,1.99342959,-0.14732791,0.00018069,0.00730380,-0.02468193,0.99966866,2.41627093,0.02005093,0.02154452,2.19866748,-0.33880483,0.00916345,1.85996435,0.05937117,0.01807822,1.68781936,-0.31906343,0.02810372,-0.04366227,1.03936996,-0.51180688,0.41345483,-1.71460276,2.02247510,0.06981393,-2.02668748,-0.38751463,-0.17217440,0.72096554,0.28839442
0.41501248,0.03239198,0.05996891,0.02487417,0.48975069,-0.23734488,-0.13670030,0.72882956,-1.60998452,0.17201336,-0.12849393,-1.09236550,-0.15975104,1.08942246,-1.56104231,0.19823253,0.60200596,-1.54060805,0.38580412,0.01985858,0.00186179,0.29199922,0.41559748,0.18924787,-0.27182875,0.21042820,-0.18123004,-0.28278032,-0.14752065,0.19949046,-0.27390337,-0.29058949,-0.18665503,-0.26392315,1.99743171,-0.14722979,0.00025034,0.00968293,-0.02584352,0.99961907,2.42225285,0.02029043,0.02017047,2.19821425,-0.33909102,0.00921890,1.86041625,0.05961689,0.01809585,1.69758554,-0.31862007,0.02807607,-0.06738678,1.15372980,-0.43375787,0.44356471,-1.48139977,1.92846346,0.08711218,-2.37475324,-0.54074824,-0.21160765,0.80521399,0.31185150
0.40905095,0.03491595,0.06413509,0.02350456,0.44509873,-0.17898704,-0.13737589,0.74012374,-1.61307132,0.17588752,-0.13830226,-1.07884586,-0.15923173,1.06562281,-1.56786945,0.19604882,0.60997349,-1.53776636,0.38580412,0.01985858,0.00186179,0.29253287,0.41620223,0.19034967,-0.27359077,0.20629400,-0.18138061,-0.28327021,-0.15151312,0.19905793,-0.27438541,-0.28361437,-0.18673781,-0.26429844,2.00147376,-0.14710292,0.00031756,0.01187170,-0.02672533,0.99957227,2.42725277,0.02073489,0.01894211,2.19778090,-0.33924778,0.00926266,1.86081384,0.05976677,0.01814746,1.70828619,-0.31841891,0.02823443,-0.06891853,1.15061469,-0.31309258,0.39354660,-0.99255056,1.36901397,0.05243950,-2.42521358,-0.69753457,-0.22245661,0.81178873,0.28930638
0.39455960,0.03452392,0.06693199,0.02155267,0.39693858,-0.10255467,-0.13816896,0.75161763,-1.61519191,0.17880180,-0.14310245,-1.07140529,-0.15894163,1.04099879,-1.57626760,0.19388339,0.61810328,-1.53494029,0.38580412,0.01985858,0.00186179,0.29310454,0.41589234,0.19118584,-0.27527865,0.20204823,-0.18158232,-0.28378420,-0.15549602,0.19862153,-0.27485568,-0.27602997,-0.18682710,-0.26446385,2.00555930,-0.14697050,0.00038017,0.01392481,-0.02728040,0.99953076,2.43126087,0.02124556,0.01782589,2.19740219,-0.33930337,0.00932035,1.86112874,0.05983699,0.01824886,1.71974964,-0.31846319,0.02864069,-0.07873525,1.11877818,-0.19889275,0.27232468,-0.42424849,0.67432723,0.02863358,-2.39928365,-0.82745949,-0.20940055,0.79068937,0.27619402
0.42674886,0.03701635,0.07868590,0.02207285,0.40127404,-0.03868954,-0.13918397,0.76326790,-1.61641815,0.18010755,-0.14243310,-1.06985111,-0.15840402,1.01584733,-1.58594487,0.19189835,0.62623563,-1.53181748,0.38580412,0.01985858,0.00186179,0.29372469,0.41450669,0.19161290,-0.27714575,0.19769869,-0.18186142,-0.28430028,-0.15947281,0.19823568,-0.27532907,-0.26800417,-0.18678935,-0.26443870,2.00968783,-0.14684162,0.00043635,0.01586220,-0.02749356,0.99949603,2.43410130,0.02169475,0.01657894,2.19709006,-0.33929618,0.00942441,1.86135383,0.05986103,0.01839562,1.73182051,-0.31861545,0.02928598,-0.10790787,1.21485291,-0.12001394,0.11901780,0.12001730,0.11285245,0.06051361,-2.62300949,-1.01823804,-0.20470729,0.84673309,0.32931862
0.39158174,0.03345504,0.08020689,0.01901419,0.34533137,0.01928052,-0.14039438,0.77504754,-1.61684692,0.17940621,-0.13624539,-1.07331958,-0.15731403,0.99044926,-1.59666245,0.19014142,0.63438332,-1.52824135,0.38580412,0.01985858,0.00186179,0.29441534,0.41195111,0.19155681,-0.27942345,0.19325818,-0.18220745,-0.28480664,-0.16347500,0.19791938,-0.27582113,-0.25968474,-0.18653864,-0.26423217,2.01385124,-0.14671701,0.00048532,0.01769346,-0.02741655,0.99946738,2.43568421,0.02196813,0.01499188,2.19682999,-0.33924508,0.00960870,1.86147223,0.05986661,0.01859421,1.74433077,-0.31873893,0.03018316,-0.11634931,1.11907330,-0.03377530,-0.08586438,0.63755973,-0.37242539,0.10888858,-2.41207619,-1.02610989,-0.16465837,0.77382576,0.34361581
0.43055883,0.03696901,0.10195403,0.01952505,0.35752475,0.06021002,-0.14167997,0.78692460,-1.61666238,0.17690702,-0.12521774,-1.08137822,-0.15585300,0.96479118,-1.60815108,0.18855628,0.64270854,-1.52444708,0.38580412,0.01985858,0.00186179,0.29521546,0.40838161,0.19105320,-0.28199600,0.18875508,-0.18258226,-0.28529066,-0.16752485,0.19765095,-0.27630496,-0.25113610,-0.18612726,-0.26382132,2.01803108,-0.14658966,0.00052769,0.01942530,-0.02714990,0.99944248,2.43618269,0.02201073,0.01321946,2.19659539,-0.33915017,0.00992480,1.86148377,0.05986472,0.01891050,1.75716050,-0.31880824,0.03139414,-0.13453513,1.23851740,0.02755225,-0.28537959,1.21721065,-0.90727204,0.15642308,-2.67709780,-1.20705366,-0.16288085,0.87055558,0.39707121
0.42651688,0.03735817,0.09792219,0.01776009,0.32898858,0.07061337,-0.14292530,0.79889929,-1.61599810,0.17358742,-0.11031677,-1.09535253,-0.15441368,0.93849603,-1.61989505,0.18702447,0.65143187,-1.52092390,0.38580412,0.01985858,0.00186179,0.29600125,0.40420312,0.19026494,-0.28420286,0.18421425,-0.18295049,-0.28573022,-0.17161625,0.19738122,-0.27672305,-0.24235313,-0.18566534,-0.26318156,2.02226832,-0.14644988,0.00056429,0.02104343,-0.02680248,0.99941907,2.43608818,0.02187727,0.01179839,2.19641209,-0.33901084,0.01027103,1.86147790,0.05984584,0.01927820,1.77031234,-0.31885881,0.03281969,-0.12672179,1.21975141,0.06817447,-0.33767022,1.52069113,-1.43053656,0.14654348,-2.67917113,-1.19574335,-0.15604843,0.88906747,0.35831131
0.41251752,0.03545365,0.08183608,0.01536178,0.28833138,0.06178853,-0.14408095,0.81093767,-1.61490543,0.17077518,-0.09332433,-1.11443870,-0.15292787,0.91149491,-1.63123944,0.18546765,0.66062405,-1.51778183,0.38580412,0.01985858,0.00186179,0.29666297,0.39989622,0.18950504,-0.28560810,0.17965598,-0.18329689,-0.28613022,-0.17574586,0.19708696,-0.27708164,-0.23342640,-0.18515549,-0.26242706,2.02655509,-0.14631111,0.00059711,0.02253945,-0.02647874,0.99939506,2.43592501,0.02175261,0.01105487,2.19625302,-0.33886405,0.01053275,1.86149202,0.05980550,0.01958132,1.78365176,-0.31884636,0.03423590,-0.11161367,1.17056370,0.11038979,-0.26587695,1.66513608,-1.88918514,0.14656037,-2.63029637,-1.09785993,-0.15159100,0.89800555,0.30286313
0.44561599,0.03589901,0.07433304,0.01450756,0.27516776,0.04956029,-0.14515998,0.82294778,-1.61322930,0.16890382,-0.07486709,-1.13680010,-0.15115532,0.88387306,-1.64186649,0.18390004,0.67039344,-1.51492224,0.38580412,0.01985858,0.00186179,0.29718285,0.39551959,0.18892936,-0.28632955,0.17510264,-0.18362824,-0.28649921,-0.17993898,0.19677539,-0.27740710,-0.22441894,-0.18453883,-0.26163392,2.03087266,-0.14619073,0.00062669,0.02387670,-0.02623216,0.99937049,2.43575907,0.02172903,0.01085330,2.19610081,-0.33875220,0.01068364,1.86150453,0.05975351,0.01977575,1.79708162,-0.31870214,0.03554893,-0.11191516,1.25021479,0.18051564,-0.18663369,1.93350532,-2.34716825,0.18745436,-2.88242688,-1.09964013,-0.16316770,1.02318821,0.29591322
0.40624166,0.02983681,0.05790179,0.01116779,0.21335156,0.02601430,-0.14619523,0.83479491,-1.61090591,0.16777228,-0.05556115,-1.15993886,-0.14922730,0.85562589,-1.65143633,0.18240314,0.68071821,-1.51221209,0.38580412,0.01985858,0.00186179,0.29758784,0.39106622,0.18854448,-0.28671797,0.17060069,-0.18395500,-0.28683349,-0.18418766,0.19647292,-0.27771760,-0.21536494,-0.18385980,-0.26083765,2.03519023,-0.14609846,0.00065308,0.02502142,-0.02608445,0.99934634,2.43555985,0.02178835,0.01086987,2.19596215,-0.33870278,0.01075435,1.86150286,0.05971554,0.01987025,1.81052704,-0.31847286,0.03675019,-0.09792001,1.12239239,0.22639136,-0.10185842,1.83757017,-2.19474812,0.18331384,-2.68699164,-0.89683008,-0.14101814,0.98458431,0.25631720
0.44033846,0.02922121,0.05521742,0.00975667,0.18696872,0.00395097,-0.14717193,0.84636575,-1.60813057,0.16707134,-0.03619963,-1.18189454,-0.14742789,0.82665128,-1.65940356,0.18104894,0.69141573,-1.50957692,0.38580412,0.01985858,0.00186179,0.29790884,0.38662135,0.18830354,-0.28702179,0.16622443,-0.18426898,-0.28710589,-0.18843210,0.19620097,-0.27801977,-0.20629955,-0.18320930,-0.26008452,2.03945740,-0.14603552,0.00067644,0.02595094,-0.02604843,0.99932356,2.43536372,0.02187060,0.01088706,2.19585629,-0.33871402,0.01080295,1.86150260,0.05971571,0.01988907,1.82389338,-0.31824849,0.03782432,-0.10073370,1.20081747,0.29473007,-0.06760098,2.01458049,-2.26323295,0.18454714,-3.02940583,-0.80387288,-0.13876334,1.11907721,0.27351081
0.41811568,0.02551815,0.04677039,0.00692400,0.13255979,-0.02021500,-0.14805498,0.85751090,-1.60539021,0.16666016,-0.01739536,-1.20144403,-0.14589241,0.79682398,-1.66515152,0.17979022,0.70251887,-1.50726018,0.38580412,0.01985858,0.00186179,0.29814988,0.38230070,0.18818649,-0.28733079,0.16212931,-0.18454942,-0.28723813,-0.19261164,0.19593794,-0.27830166,-0.19723970,-0.18263404,-0.25943276,2.04359067,-0.14600070,0.00069612,0.02660555,-0.02614591,0.99930378,2.43520904,0.02193687,0.01081909,2.19584761,-0.33877576,0.01091175,1.86148863,0.05974130,0.01984823,1.83707044,-0.31807071,0.03871712,-0.08984423,1.13457046,0.27856297,-0.04170355,1.91451123,-1.98829706,0.15608452,-3.03898115,-0.58283536,-0.12811588,1.13151338,0.23528337
0.38143494,0.02143463,0.03612019,0.00359130,0.06846155,-0.03612305,-0.14888468,0.86819823,-1.60312691,0.16635346,0.00087989,-1.21888692,-0.14461844,0.76619849,-1.66893528,0.17864804,0.71410160,-1.50546293,0.38580412,0.01985858,0.00186179,0.29831587,0.37812315,0.18813743,-0.28764309,0.15840234,-0.18479975,-0.28718742,-0.19671143,0.19568598,-0.27854474,-0.18813242,-0.18213406,-0.25888161,2.04755061,-0.14598626,0.00071088,0.02698234,-0.02632704,0.99928891,2.43505559,0.02198012,0.01067278,2.19600258,-0.33887032,0.01112845,1.86141591,0.05978610,0.01977113,1.85008891,-0.31796154,0.03943426,-0.08063068,1.03508534,0.21500786,-0.02955770,1.77313788,-1.68013971,0.12118692,-2.98441248,-0.35238068,-0.10912543,1.12985270,0.17051102
0.38744405,0.02002960,0.02836363,0.00039488,0.00764428,-0.04504333,-0.14979551,0.87835715,-1.60156865,0.16607133,0.01872524,-1.23441520,-0.14377164,0.73469888,-1.67078979,0.17781193,0.72611529,-1.50417333,0.38580412,0.01985858,0.00186179,0.29839460,0.37409499,0.18813254,-0.28793688,0.15512553,-0.18505380,-0.28691106,-0.20069362,0.19550019,-0.27874086,-0.17891341,-0.18175259,-0.25840815,2.05130320,-0.14599067,0.00071840,0.02704690,-0.02654222,0.99928147,2.43485775,0.02201771,0.01045772,2.19638639,-0.33901841,0.01148354,1.86127072,0.05988771,0.01965374,1.86299370,-0.31798934,0.03998645,-0.09662024,1.05315292,0.15518367,-0.02926700,1.85536768,-1.60118628,0.08331611,-3.28901844,-0.17621219,-0.08359812,1.25477304,0.13009011
0.33210255,0.01596592,0.01512036,-0.00306193,-0.05721490,-0.03840384,-0.15101744,0.88793249,-1.60100412,0.16579031,0.03620100,-1.24824076,-0.14354029,0.70243238,-1.67077515,0.17733493,0.73854109,-1.50343428,0.38580412,0.01985858,0.00186179,0.29837604,0.37022766,0.18816098,-0.28818054,0.15238040,-0.18537050,-0.28635037,-0.20452979,0.19539509,-0.27889042,-0.16957469,-0.18153810,-0.25797412,2.05483203,-0.14600898,0.00071674,0.02677813,-0.02674709,0.99928325,2.43459511,0.02207755,0.01019550,2.19707799,-0.33926553,0.01202567,1.86104760,0.06004750,0.01948562,1.87578891,-0.31821588,0.04040192,-0.11965587,0.90325658,0.04302495,-0.02674738,1.65532992,-1.29726825,0.01578927,-3.06868248,0.01848042,-0.04217174,1.18337507,0.06452103
0.34233755,0.01551811,0.00486734,-0.00731299,-0.13601677,-0.03200723,-0.15261111,0.89695942,-1.60199821,0.16545841,0.05334441,-1.26063454,-0.14391804,0.66962856,-1.66885364,0.17707945,0.75149798,-1.50349426,0.38580412,0.01985858,0.00186179,0.29826370,0.36653354,0.18820146,-0.28834356,0.15025658,-0.18575516,-0.28543630,-0.20821179,0.19532471,-0.27898587,-0.16016691,-0.18149009,-0.25758088,2.05814905,-0.14603589,0.00070476,0.02617266,-0.02690835,0.99929497,2.43427964,0.02216760,0.00992014,2.19819136,-0.33960803,0.01282740,1.86075051,0.06021082,0.01927783,1.88844724,-0.31864349,0.04068282,-0.17138197,0.93242520,-0.12923777,-0.03558397,1.78093731,-1.27075601,-0.04807300,-3.42417502,0.22889672,-0.02398901,1.35812151,-0.01928210
0.32284489,0.01283148,-0.00084958,-0.01068122,-0.19770249,-0.01890196,-0.15436381,0.90540204,-1.60574770,0.16500543,0.07016499,-1.27168708,-0.14482843,0.63641218,-1.66451375,0.17690004,0.76511923,-1.50471175,0.38580412,0.01985858,0.00186179,0.29809524,0.36303115,0.18823120,-0.28840462,0.14898300,-0.18612301,-0.28405177,-0.21170376,0.19523666,-0.27901020,-0.15075490,-0.18159659,-0.25728647,2.06131659,-0.14608062,0.00068106,0.02520507,-0.02700248,0.99931732,2.43398295,0.02227134,0.00969063,2.20003109,-0.33997749,0.01404347,1.86046501,0.06030366,0.01908504,1.90097502,-0.31927109,0.04080877,-0.17844222,0.85901747,-0.38592947,-0.04631910,1.71291351,-1.12440057,-0.09330560,-3.38346219,0.44496588,-0.01832032,1.38808022,-0.12529823
0.30720483,0.00947968,-0.00018324,-0.01334332,-0.24640714,-0.00652609,-0.15605148,0.91300774,-1.61265917,0.16439735,0.08677976,-1.28178635,-0.14620912,0.60301324,-1.65796578,0.17667503,0.77930278,-1.50688212,0.38580412,0.01985858,0.00186179,0.29794267,0.35966927,0.18823292,-0.28838975,0.14865134,-0.18640486,-0.28222267,-0.21504929,0.19510190,-0.27898753,-0.14139552,-0.18184328,-0.25708722,2.06447568,-0.14615251,0.00064827,0.02395782,-0.02704120,0.99934697,2.43379793,0.02235472,0.00955292,2.20282908,-0.34032339,0.01572000,1.86029182,0.06029337,0.01895514,1.91345332,-0.32008329,0.04085545,-0.16338552,0.72937410,-0.69922607,-0.06068970,1.61400771,-0.97520552,-0.13859048,-3.24750447,0.65383712,-0.02244512,1.38360958,-0.21804969
0.32584529,0.00827820,-0.00349266,-0.01704240,-0.31467544,0.00485549,-0.15773608,0.91882101,-1.62287188,0.16358050,0.10324892,-1.29110763,-0.14818600,0.56965446,-1.64925039,0.17647440,0.79407055,-1.50992997,0.38580412,0.01985858,0.00186179,0.29777135,0.35642391,0.18818768,-0.28831391,0.14953492,-0.18661804,-0.27997322,-0.21828200,0.19494240,-0.27890613,-0.13214214,-0.18226563,-0.25696246,2.06760214,-0.14624070,0.00060750,0.02246568,-0.02702395,0.99938212,2.43367520,0.02241019,0.00945743,2.20683337,-0.34066716,0.01779812,1.86017416,0.06021318,0.01886521,1.92580314,-0.32109878,0.04080889,-0.17645544,0.58331038,-1.09168289,-0.08708164,1.71447947,-0.96476074,-0.21181105,-3.47345748,0.92716513,-0.01953691,1.54350092,-0.32520292
0.29369671,0.00565068,-0.00825888,-0.01762861,-0.32616786,0.01616477,-0.15973517,0.92102851,-1.63525028,0.16259156,0.11963052,-1.29981706,-0.15084356,0.53658695,-1.63831036,0.17657668,0.80936739,-1.51375248,0.38580412,0.01985858,0.00186179,0.29756030,0.35327066,0.18810108,-0.28818006,0.15192918,-0.18687958,-0.27747732,-0.22141618,0.19484076,-0.27872658,-0.12306954,-0.18289217,-0.25692340,2.07069252,-0.14634583,0.00055987,0.02076485,-0.02694587,0.99942105,2.43358555,0.02244642,0.00938024,2.21233120,-0.34114043,0.02008298,1.86009677,0.06014261,0.01883372,1.93794685,-0.32234084,0.04063690,-0.19406499,0.16837766,-1.18822660,-0.09509690,1.55413907,-0.82150234,-0.25867365,-3.13473277,1.05931666,0.01355625,1.45631902,-0.36933424
0.32001024,0.00333446,-0.01552851,-0.02116600,-0.39327679,0.02747339,-0.16237032,0.91721600,-1.64694893,0.16158059,0.13599259,-1.30806255,-0.15418525,0.50409001,-1.62504590,0.17705183,0.82510132,-1.51806509,0.38580412,0.01985858,0.00186179,0.29730204,0.35017812,0.18801080,-0.28798302,0.15600811,-0.18734518,-0.27513522,-0.22449160,0.19482320,-0.27846117,-0.11426844,-0.18373340,-0.25700932,2.07375725,-0.14647455,0.00050713,0.01889767,-0.02682091,0.99946148,2.43351479,0.02248487,0.00931901,2.21949311,-0.34191714,0.02216682,1.86003752,0.06010820,0.01884086,1.94979925,-0.32381506,0.04029272,-0.28495863,-0.49611178,-1.19581819,-0.10497122,1.70435846,-0.85251027,-0.35819781,-3.37553763,1.41662347,0.05478784,1.64514029,-0.45523044
0.31308605,-0.00093411,-0.02107429,-0.02183452,-0.40771873,0.02566015,-0.16555901,0.90436478,-1.65361981,0.16073253,0.15233691,-1.31582277,-0.15822796,0.47258757,-1.60919440,0.17774632,0.84129829,-1.52261915,0.38580412,0.01985858,0.00186179,0.29699194,0.34712602,0.18796635,-0.28772090,0.16189340,-0.18809561,-0.27357830,-0.22757183,0.19484823,-0.27814637,-0.10587267,-0.18480738,-0.25727555,2.07681730,-0.14664661,0.00045128,0.01689545,-0.02669548,0.99950072,2.43348198,0.02252233,0.00927104,2.22843943,-0.34311585,0.02341363,1.85997083,0.06007150,0.01884557,1.96123064,-0.32553907,0.03971638,-0.32470838,-1.31953030,-0.67128336,-0.08605089,1.66464944,-0.78984362,-0.41241611,-3.20713878,1.61729381,0.07094691,1.65024793,-0.46402346
0.30142297,-0.00728657,-0.02591053,-0.02154710,-0.40401612,0.01524666,-0.16848123,0.88392177,-1.65426607,0.16016418,0.16866294,-1.32321031,-0.16271392,0.44223077,-1.59127042,0.17864010,0.85790608,-1.52729797,0.38580412,0.01985858,0.00186179,0.29663731,0.34408771,0.18799891,-0.28740499,0.16901557,-0.18892780,-0.27295455,-0.23069554,0.19491327,-0.27777685,-0.09789856,-0.18604737,-0.25772911,2.07989743,-0.14687979,0.00039460,0.01481974,-0.02661331,0.99953587,2.43350172,0.02254261,0.00923232,2.23862000,-0.34453383,0.02368277,1.85990079,0.06003346,0.01886047,1.97223733,-0.32745402,0.03890821,-0.27767470,-2.03926163,-0.01785160,-0.05236765,1.58750191,-0.71611005,-0.43856253,-2.94118276,1.75833504,0.08926168,1.61772072,-0.45558612
0.32731176,-0.01618544,-0.03361945,-0.02339762,-0.43951736,0.00441192,-0.17033906,0.85793259,-1.65010307,0.15998942,0.18507791,-1.33043046,-0.16740610,0.41320603,-1.57137673,0.17990136,0.87481533,-1.53196938,0.38580412,0.01985858,0.00186179,0.29623847,0.34102757,0.18813737,-0.28702333,0.17701574,-0.18958763,-0.27309174,-0.23387221,0.19506801,-0.27732889,-0.09040111,-0.18739986,-0.25842234,2.08301409,-0.14719392,0.00033806,0.01270934,-0.02658804,0.99956562,2.43356109,0.02254785,0.00921514,2.24970074,-0.34592390,0.02314673,1.85984271,0.06003127,0.01890958,1.98277834,-0.32952292,0.03781613,-0.18099509,-2.74513049,0.46637058,-0.01433827,1.71137147,-0.75179631,-0.48942378,-3.01091805,2.08970594,0.13548657,1.76304867,-0.48539934
0.30306075,-0.02311185,-0.03551283,-0.02129316,-0.39989093,-0.00487568,-0.17067270,0.82904456,-1.64358680,0.16022702,0.20169500,-1.33768234,-0.17207579,0.38566456,-1.54958217,0.18162456,0.89177772,-1.53629987,0.38580412,0.01985858,0.00186179,0.29580022,0.33790924,0.18838458,-0.28657502,0.18554010,-0.18987590,-0.27360624,-0.23710265,0.19534627,-0.27682150,-0.08343081,-0.18881480,-0.25941450,2.08617652,-0.14759769,0.00028216,0.01059930,-0.02661039,0.99958965,2.43363014,0.02254163,0.00922520,2.26135149,-0.34707630,0.02219398,1.85980308,0.06008692,0.01897872,1.99281800,-0.33170613,0.03638572,-0.01671186,-2.75916362,0.63112116,0.02622493,1.57921028,-0.68900687,-0.44231470,-2.59957123,2.08569670,0.16783692,1.60941951,-0.40640931
0.33845629,-0.03397930,-0.04358944,-0.02316472,-0.43431687,-0.01108166,-0.16951557,0.79967481,-1.63689876,0.16081019,0.21853858,-1.34498644,-0.17667040,0.35991597,-1.52623451,0.18364228,0.90869534,-1.53999233,0.38580412,0.01985858,0.00186179,0.29533067,0.33471493,0.18872255,-0.28608025,0.19422652,-0.18973400,-0.27412054,-0.24042124,0.19570622,-0.27630873,-0.07705450,-0.19028244,-0.26070988,2.08938880,-0.14808474,0.00022695,0.00850915,-0.02666079,0.99960830,2.43368764,0.02252767,0.00925042,2.27322550,-0.34790216,0.02121013,1.85974140,0.06015879,0.01902194,2.00230093,-0.33398930,0.03462079,0.14198013,-3.05815029,0.69209927,0.06558374,1.75789177,-0.76144928,-0.47760269,-2.65399718,2.45332718,0.21355598,1.76160026,-0.37428734
0.33561466,-0.03924906,-0.04624572,-0.02264236,-0.42354433,-0.01542605,-0.16724715,0.77173346,-1.63149459,0.16170800,0.23562517,-1.35223746,-0.18130828,0.33705508,-1.50233948,0.18572732,0.92575724,-1.54309163,0.38580412,0.01985858,0.00186179,0.29483452,0.33143582,0.18914565,-0.28555064,0.20273613,-0.18921896,-0.27431453,-0.24387148,0.19607769,-0.27580713,-0.07149162,-0.19183239,-0.26224387,2.09265213,-0.14864474,0.00017191,0.00642806,-0.02673655,0.99962183,2.43372488,0.02251355,0.00928388,2.28498369,-0.34843044,0.02051999,1.85961068,0.06018878,0.01902739,2.01100831,-0.33638126,0.03259065,0.23162082,-2.84349179,0.54844353,0.09173469,1.74056435,-0.73834919,-0.47239909,-2.32403231,2.43272252,0.21251075,1.73812239,-0.31541319
0.32252264,-0.04190977,-0.04673448,-0.02214735,-0.41281434,-0.02011234,-0.16463974,0.74551951,-1.62751977,0.16280687,0.25290059,-1.35930367,-0.18587202,0.31778429,-1.47965734,0.18797986,0.94309545,-1.54606590,0.38580412,0.01985858,0.00186179,0.29432547,0.32810145,0.18962614,-0.28499091,0.21099529,-0.18854529,-0.27409386,-0.24738808,0.19647753,-0.27526389,-0.06679131,-0.19339942,-0.26386174,2.09593716,-0.14924995,0.00011564,0.00430878,-0.02683844,0.99963049,2.43374090,0.02249772,0.00933456,2.29651151,-0.34884521,0.02023161,1.85944808,0.06021889,0.01906158,2.01886463,-0.33878686,0.03046373,0.25423740,-2.53638530,0.37644306,0.10805403,1.68083763,-0.68457326,-0.44129937,-1.83969789,2.18696790,0.22146056,1.68829062,-0.28953354
0.34406749,-0.04791591,-0.05049481,-0.02500334,-0.46411050,-0.02378887,-0.16193370,0.72050447,-1.62445190,0.16402658,0.27032750,-1.36597106,-0.18993072,0.30316511,-1.45988317,0.19054457,0.96082138,-1.54908829,0.38580412,0.01985858,0.00186179,0.29382490,0.32473674,0.19014709,-0.28440649,0.21909902,-0.18779588,-0.27349181,-0.25093921,0.19693860,-0.27465920,-0.06310007,-0.19484118,-0.26549303,2.09921110,-0.14988533,0.00005631,0.00209006,-0.02695278,0.99963452,2.43372231,0.02248670,0.00941841,2.30787220,-0.34921475,0.02033309,1.85924874,0.06028926,0.01916569,2.02570348,-0.34104320,0.02833187,0.28282478,-2.59904542,0.31567215,0.12774206,1.81653495,-0.68984026,-0.41585562,-1.47669981,2.02658761,0.26996583,1.85058107,-0.31528173
0.30798173,-0.04429949,-0.04275756,-0.02468509,-0.45639172,-0.01728881,-0.15899871,0.69565825,-1.62109926,0.16525158,0.28792393,-1.37202642,-0.19295059,0.29406382,-1.44441838,0.19331467,0.97910494,-1.55214305,0.38580412,0.01985858,0.00186179,0.29337021,0.32135211,0.19068253,-0.28381059,0.22721580,-0.18696645,-0.27267414,-0.25453937,0.19742694,-0.27403489,-0.06052750,-0.19598980,-0.26712081,2.10243314,-0.15052733,-0.00000808,-0.00029785,-0.02704725,0.99963411,2.43362618,0.02249918,0.00955962,2.31920634,-0.34950686,0.02069607,1.85894199,0.06037489,0.01933532,2.03139611,-0.34295737,0.02624940,0.28152666,-2.36055598,0.32583675,0.11581137,1.67182040,-0.56842102,-0.27516170,-0.81024907,1.42373378,0.26404693,1.74106860,-0.29009416
0.32499996,-0.04603048,-0.03737478,-0.02997605,-0.55312314,-0.00297700,-0.15561889,0.66992533,-1.61600411,0.16631413,0.30579963,-1.37738299,-0.19446705,0.29089662,-1.43410051,0.19610921,0.99813932,-1.55530047,0.38580412,0.01985858,0.00186179,0.29301360,0.31794069,0.19118922,-0.28321644,0.23550492,-0.18603232,-0.27184483,-0.25819596,0.19788608,-0.27343041,-0.05909867,-0.19670019,-0.26876236,2.10554488,-0.15114265,-0.00007909,-0.00292010,-0.02707313,0.99962919,2.43336792,0.02255724,0.00979716,2.33063526,-0.34964935,0.02116878,1.85843833,0.06042862,0.01958320,2.03588612,-0.34435568,0.02425124,0.35941970,-2.69740057,0.56213140,0.10758638,1.86672056,-0.54745376,-0.13400242,-0.24070217,0.99582964,0.29087067,1.99464703,-0.33092496
0.29880224,-0.04112530,-0.02163491,-0.03216710,-0.59447242,0.02350248,-0.15170066,0.64251697,-1.60767787,0.16702224,0.32414685,-1.38204875,-0.19395370,0.29452893,-1.43028750,0.19898227,1.01807690,-1.55858150,0.38580412,0.01985858,0.00186179,0.29283466,0.31447479,0.19161258,-0.28262988,0.24407067,-0.18499512,-0.27115249,-0.26191029,0.19832059,-0.27285031,-0.05891655,-0.19679666,-0.27039080,2.10845445,-0.15170390,-0.00015739,-0.00583871,-0.02695933,0.99961947,2.43280001,0.02267996,0.01020478,2.34219909,-0.34958550,0.02168218,1.85761435,0.06044536,0.01998435,2.03901620,-0.34503888,0.02244386,0.39948241,-2.79346094,0.85198876,0.07169263,1.86926980,-0.47461057,0.05444686,0.37775669,0.38005509,0.29293513,2.03140376,-0.33395951
0.29306363,-0.04158362,-0.01916706,-0.03255030,-0.60602359,0.05293669,-0.14758243,0.61381741,-1.59652169,0.16743218,0.34288999,-1.38630428,-0.19201691,0.30409150,-1.43304219,0.20211495,1.03841434,-1.56156917,0.38580412,0.01985858,0.00186179,0.29269339,0.31094529,0.19195764,-0.28205317,0.25281932,-0.18393769,-0.27055772,-0.26566815,0.19879510,-0.27229595,-0.05977575,-0.19640965,-0.27178704,2.11143096,-0.15228840,-0.00023885,-0.00894926,-0.02669904,0.99960343,2.43217984,0.02279692,0.01064022,2.35407100,-0.34945962,0.02213567,1.85675352,0.06040494,0.02039743,2.04125586,-0.34522711,0.02090635,0.39989252,-2.79807148,1.10405682,0.03802975,1.82467604,-0.41141708,0.19541904,0.97743070,-0.32565591,0.30714920,1.97748544,-0.28559766
0.33562064,-0.04820660,-0.02807400,-0.03490910,-0.65818621,0.09104711,-0.14371881,0.58430163,-1.58320448,0.16765065,0.36185918,-1.39035192,-0.18960647,0.31971994,-1.44329402,0.20553449,1.05854757,-1.56374698,0.38580412,0.01985858,0.00186179,0.29250819,0.30734564,0.19224381,-0.28149863,0.26163707,-0.18296788,-0.26996018,-0.26946295,0.19933402,-0.27178662,-0.06170375,-0.19575914,-0.27261972,2.11460877,-0.15291654,-0.00031819,-0.01211420,-0.02627626,0.99958126,2.43163009,0.02291437,0.01100956,2.36627169,-0.34937767,0.02254801,1.85599063,0.06029929,0.02072157,2.04270540,-0.34516351,0.01988847,0.39789265,-3.07981057,1.40308726,0.02150573,1.97702637,-0.42077002,0.25027616,1.68272994,-1.13733103,0.35830473,2.09260578,-0.21728872
0.33023919,-0.04576587,-0.03535696,-0.02983045,-0.57357793,0.11780217,-0.14054297,0.55425731,-1.56835520,0.16777091,0.38084090,-1.39444704,-0.18772629,0.34105998,-1.46046603,0.20908222,1.07786529,-1.56456523,0.38580412,0.01985858,0.00186179,0.29224877,0.30366921,0.19248552,-0.28098846,0.27042693,-0.18219118,-0.26929328,-0.27331657,0.19991568,-0.27135275,-0.06473719,-0.19512345,-0.27274901,2.11804290,-0.15357509,-0.00038910,-0.01515767,-0.02567290,0.99955540,2.43119293,0.02306784,0.01126031,2.37876053,-0.34940836,0.02295549,1.85534933,0.06010765,0.02089602,2.04337445,-0.34511800,0.01949975,0.29381874,-2.85590901,1.42178204,0.01079585,1.80087724,-0.39009485,0.17048187,2.07527993,-1.68788009,0.33714669,1.82376308,-0.06306900
0.38739987,-0.05043859,-0.04736641,-0.02810347,-0.55623698,0.16438395,-0.13822265,0.52356172,-1.55224228,0.16788158,0.39963305,-1.39893425,-0.18678771,0.36608914,-1.48137271,0.21268822,1.09570575,-1.56354225,0.38580412,0.01985858,0.00186179,0.29193407,0.29990566,0.19269479,-0.28054178,0.27915282,-0.18164761,-0.26858515,-0.27724058,0.20054497,-0.27099501,-0.06866528,-0.19467365,-0.27239552,2.12171467,-0.15424384,-0.00044559,-0.01788282,-0.02490534,0.99952975,2.43084498,0.02327557,0.01139230,2.39147444,-0.34956874,0.02334893,1.85480590,0.05985973,0.02093907,2.04343922,-0.34525616,0.01953855,0.22875702,-3.20814538,1.69673550,0.01172535,1.95397055,-0.47466156,0.08326954,2.65194845,-2.21821666,0.37655604,1.83379638,0.13554096
0.39313910,-0.04902259,-0.04855930,-0.02092868,-0.42705809,0.17413880,-0.13680337,0.49150847,-1.53460667,0.16810918,0.41793181,-1.40437434,-0.18629667,0.39108319,-1.50146739,0.21659132,1.11092951,-1.56024232,0.38580412,0.01985858,0.00186179,0.29161164,0.29604550,0.19288423,-0.28017551,0.28784621,-0.18134109,-0.26794953,-0.28115993,0.20131316,-0.27063525,-0.07295591,-0.19434976,-0.27195413,2.12556181,-0.15491110,-0.00048084,-0.01999016,-0.02404948,0.99951077,2.43054142,0.02351171,0.01143612,2.40435338,-0.34988621,0.02366210,1.85440934,0.05969140,0.02097638,2.04334314,-0.34552717,0.01965751,0.14363145,-3.26689968,1.79815814,0.02351420,1.86287386,-0.55550735,0.05030830,2.54266129,-2.04284580,0.39777440,1.54696562,0.33872126
0.38257370,-0.04561010,-0.04356974,-0.01221334,-0.25745665,0.14751961,-0.13605123,0.45768465,-1.51550348,0.16866026,0.43548150,-1.41088126,-0.18554696,0.41362495,-1.51852486,0.22046018,1.12342179,-1.55490999,0.38580412,0.01985858,0.00186179,0.29132746,0.29213036,0.19311305,-0.27987214,0.29657990,-0.18120708,-0.26746650,-0.28506131,0.20214521,-0.27025657,-0.07716482,-0.19399409,-0.27165628,2.12948251,-0.15556562,-0.00049775,-0.02137971,-0.02327453,0.99950035,2.43028508,0.02374030,0.01145533,2.41730628,-0.35038121,0.02386096,1.85413945,0.05962926,0.02107089,2.04337147,-0.34575763,0.01967119,0.06846016,-3.30434742,1.86893742,0.05757709,1.69873788,-0.64089298,0.07565394,2.16888695,-1.63151619,0.37164118,1.19269693,0.53561329
0.41359634,-0.04533637,-0.04071800,-0.00494394,-0.10655726,0.09778174,-0.13583664,0.42180663,-1.49499173,0.16974725,0.45201730,-1.41834059,-0.18453045,0.43338713,-1.53226264,0.22346173,1.13320527,-1.54738557,0.38580412,0.01985858,0.00186179,0.29110550,0.28818516,0.19344512,-0.27964146,0.30540054,-0.18120035,-0.26716054,-0.28903256,0.20283714,-0.26994667,-0.08128010,-0.19361392,-0.27151553,2.13344031,-0.15618589,-0.00050040,-0.02196298,-0.02277293,0.99949926,2.43013687,0.02393309,0.01146404,2.43027115,-0.35110768,0.02394496,1.85394590,0.05960476,0.02115883,2.04342640,-0.34589698,0.01958998,0.01815110,-3.75620852,2.14846129,0.11839345,1.71257994,-0.78444177,0.10729580,2.03466184,-1.40213060,0.30133873,0.99542435,0.80367321
0.37800092,-0.03558832,-0.03095805,0.00276990,0.06113428,-0.00290322,-0.13604222,0.38378731,-1.47321916,0.17126804,0.46745793,-1.42650075,-0.18344419,0.45058578,-1.54293535,0.22510568,1.14047174,-1.53801773,0.38580412,0.01985858,0.00186179,0.29094682,0.28420229,0.19385815,-0.27954172,0.31434106,-0.18127635,-0.26701319,-0.29307672,0.20325941,-0.26971532,-0.08536315,-0.19326260,-0.27148406,2.13741193,-0.15674846,-0.00049409,-0.02172082,-0.02273647,0.99950539,2.43013535,0.02398595,0.01140510,2.44318486,-0.35213099,0.02393363,1.85388096,0.05962747,0.02123150,2.04334905,-0.34592953,0.01946276,-0.02305102,-3.62830057,2.07761464,0.14734592,1.45538385,-0.78003837,0.10312821,1.60932772,-0.98572206,0.14283169,0.66728164,0.90348657
0.41334874,-0.03113616,-0.02860797,0.01081085,0.23449181,-0.13616469,-0.13657121,0.34358594,-1.45021510,0.17300832,0.48195031,-1.43519187,-0.18236963,0.46534121,-1.55084968,0.22543250,1.14574099,-1.52808130,0.38580412,0.01985858,0.00186179,0.29083148,0.28014958,0.19429676,-0.27961463,0.32344377,-0.18139753,-0.26698484,-0.29707645,0.20339084,-0.26941782,-0.08940556,-0.19295787,-0.27151871,2.14137216,-0.15724231,-0.00048262,-0.02070259,-0.02330057,0.99951401,2.43027134,0.02378884,0.01121684,2.45601173,-0.35351477,0.02384664,1.85409613,0.05977090,0.02141365,2.04307218,-0.34582440,0.01931276,-0.05956553,-4.22025442,2.41468835,0.18391570,1.49632609,-0.91280037,0.11166743,1.50087845,-0.78442687,0.01508370,0.52164495,1.03762746
0.40063504,-0.02380204,-0.02491924,0.01733994,0.36019737,-0.26121450,-0.13734340,0.30105491,-1.42582631,0.17526731,0.49566433,-1.44442551,-0.18132615,0.47744626,-1.55591369,0.22445424,1.14976091,-1.51936150,0.38580412,0.01985858,0.00186179,0.29073587,0.27599665,0.19485081,-0.27979615,0.33275871,-0.18153152,-0.26701590,-0.30088483,0.20318828,-0.26883775,-0.09335032,-0.19270431,-0.27161549,2.14529639,-0.15766989,-0.00046529,-0.01893948,-0.02457610,0.99951843,2.43053570,0.02338128,0.01093972,2.46873141,-0.35533587,0.02371997,1.85476108,0.06006020,0.02189812,2.04258819,-0.34555352,0.01912038,-0.07885595,-4.33407030,2.48541021,0.23106484,1.39613473,-0.94099041,0.10615752,1.23018221,-0.51272975,-0.10095536,0.40867459,0.88593956
0.37961295,-0.01799091,-0.01993854,0.02297430,0.44658321,-0.34810484,-0.13827688,0.25707536,-1.40051832,0.17824581,0.50891836,-1.45401175,-0.18039444,0.48758876,-1.55873532,0.22256347,1.15320306,-1.51217065,0.38580412,0.01985858,0.00186179,0.29065827,0.27175907,0.19558619,-0.27998324,0.34218803,-0.18165185,-0.26701557,-0.30449867,0.20273261,-0.26798064,-0.09721808,-0.19251959,-0.27177587,2.14919176,-0.15806235,-0.00043856,-0.01667444,-0.02633774,0.99951393,2.43087416,0.02294035,0.01067502,2.48133831,-0.35748329,0.02364269,1.85579248,0.06042522,0.02267763,2.04196964,-0.34519482,0.01888240,-0.09212270,-4.28293638,2.46552830,0.29482691,1.28576257,-0.93388561,0.08932625,0.97265095,-0.25777419,-0.18939897,0.33004085,0.68946482
0.40685280,-0.01615790,-0.01286342,0.03069581,0.55597191,-0.42079331,-0.13940526,0.21266897,-1.37478185,0.18172511,0.52185440,-1.46376891,-0.17959187,0.49620845,-1.55961301,0.22010114,1.15599449,-1.50593076,0.38580412,0.01985858,0.00186179,0.29063717,0.26744355,0.19644417,-0.28017871,0.35153372,-0.18176666,-0.26694820,-0.30794157,0.20212472,-0.26692827,-0.10104867,-0.19240715,-0.27201036,2.15308333,-0.15843929,-0.00039696,-0.01402987,-0.02834812,0.99949957,2.43123122,0.02253063,0.01045845,2.49374957,-0.35983836,0.02368897,1.85709303,0.06081434,0.02370889,2.04129165,-0.34480980,0.01862681,-0.11954903,-4.62383671,2.68226552,0.36498343,1.34511435,-1.01709664,0.08279569,0.88629794,-0.07575452,-0.26003941,0.28413533,0.64464507
0.37514869,-0.01306496,0.00335193,0.03291517,0.55645920,-0.37509234,-0.14079332,0.16922607,-1.34914360,0.18523354,0.53450086,-1.47351341,-0.17880486,0.50373806,-1.55898831,0.21727854,1.15806997,-1.50018005,0.38580412,0.01985858,0.00186179,0.29074467,0.26308438,0.19729356,-0.28042372,0.36048628,-0.18190631,-0.26686068,-0.31122433,0.20142934,-0.26576399,-0.10487052,-0.19232918,-0.27231682,2.15701323,-0.15881588,-0.00033675,-0.01111624,-0.03033619,0.99947788,2.43157883,0.02215890,0.01032094,2.50580364,-0.36225019,0.02388399,1.85857814,0.06111788,0.02498068,2.04067133,-0.34443081,0.01842785,-0.13438208,-4.10886345,2.43059239,0.33145974,1.19740946,-0.92405579,0.07506779,0.70596349,0.07144445,-0.27096505,0.19054083,0.54201386
0.41570583,-0.01388363,0.01990847,0.04042388,0.64326057,-0.35578929,-0.14252579,0.12822637,-1.32400644,0.18836330,0.54674524,-1.48304784,-0.17794438,0.51056087,-1.55736113,0.21395600,1.15962434,-1.49502039,0.38580412,0.01985858,0.00186179,0.29098302,0.25875518,0.19802339,-0.28074721,0.36870212,-0.18212070,-0.26687337,-0.31432284,0.20060422,-0.26455247,-0.10869085,-0.19225045,-0.27267258,2.16097946,-0.15920281,-0.00025819,-0.00804260,-0.03208485,0.99945276,2.43190284,0.02181661,0.01023581,2.51724143,-0.36459662,0.02410965,1.86017032,0.06114863,0.02643055,2.04018171,-0.34408612,0.01831044,-0.18594040,-4.22902393,2.60972953,0.31910276,1.26890087,-0.98928803,0.09092315,0.70154661,0.18256901,-0.35453400,0.15519559,0.52757561
0.40785940,-0.01413871,0.03013816,0.04180541,0.63433573,-0.27672190,-0.14479512,0.09127568,-1.29955049,0.19093064,0.55845456,-1.49215319,-0.17701130,0.51708995,-1.55513575,0.20980399,1.16090686,-1.49140384,0.38580412,0.01985858,0.00186179,0.29131765,0.25453429,0.19859098,-0.28114040,0.37579181,-0.18250463,-0.26716214,-0.31705622,0.19954480,-0.26332068,-0.11253263,-0.19215958,-0.27305520,2.16496258,-0.15960859,-0.00016436,-0.00492283,-0.03344739,0.99942834,2.43220477,0.02152035,0.01017724,2.52771163,-0.36682961,0.02415551,1.86195698,0.06068752,0.02799697,2.03983431,-0.34381449,0.01826245,-0.23184120,-3.75859976,2.49035749,0.26095856,1.19215913,-0.92682701,0.09513878,0.66516528,0.22696521,-0.42353884,0.13037788,0.36528903
0.39051546,-0.01467574,0.03630916,0.04068774,0.59503461,-0.20327668,-0.14757570,0.05783070,-1.27537346,0.19313541,0.56987138,-1.50081341,-0.17597539,0.52380022,-1.55271118,0.20539970,1.16184680,-1.49040306,0.38580412,0.01985858,0.00186179,0.29170286,0.25039261,0.19905692,-0.28155747,0.38193119,-0.18306272,-0.26775248,-0.31913701,0.19838716,-0.26199159,-0.11644134,-0.19204556,-0.27346165,2.16895676,-0.16003432,-0.00006346,-0.00185119,-0.03451215,0.99940256,2.43248449,0.02127549,0.01014539,2.53734985,-0.36900783,0.02395038,1.86426540,0.05989536,0.02971127,2.03954487,-0.34358988,0.01824121,-0.27394145,-3.22766285,2.35069399,0.21223426,1.10869608,-0.83814460,0.10202775,0.65492492,0.23665628,-0.42546217,0.08561214,0.07058383
0.41987908,-0.01752397,0.04491175,0.04371715,0.62267561,-0.17690756,-0.15073710,0.02698067,-1.25100076,0.19512138,0.58116845,-1.50896046,-0.17476183,0.53077182,-1.55012553,0.20161401,1.16148746,-1.49285059,0.38580412,0.01985858,0.00186179,0.29212227,0.24627975,0.19946780,-0.28198933,0.38735778,-0.18376018,-0.26861936,-0.32010917,0.19737362,-0.26052507,-0.12042536,-0.19188667,-0.27390523,2.17296534,-0.16048483,0.00004107,0.00114904,-0.03537389,0.99937349,2.43273182,0.02107093,0.01013294,2.54636121,-0.37117269,0.02350291,1.86761229,0.05902769,0.03159720,2.03927429,-0.34337677,0.01821704,-0.33183580,-3.19538193,2.54267435,0.20549035,1.17619183,-0.84369177,0.12814104,0.72784567,0.27129352,-0.38555486,-0.05584359,-0.28671918
0.38383879,-0.01821734,0.04544655,0.04001384,0.55760144,-0.14173696,-0.15408106,-0.00216110,-1.22617700,0.19702690,0.59241406,-1.51652987,-0.17341760,0.53775955,-1.54723289,0.19868666,1.15806282,-1.49805694,0.38580412,0.01985858,0.00186179,0.29256593,0.24215447,0.19986653,-0.28243974,0.39229356,-0.18453428,-0.26971718,-0.31961755,0.19662019,-0.25915154,-0.12444063,-0.19169615,-0.27438102,2.17698775,-0.16096547,0.00014832,0.00409626,-0.03612717,0.99933879,2.43294201,0.02089390,0.01012619,2.55493245,-0.37334468,0.02284875,1.87240203,0.05822034,0.03341439,2.03903001,-0.34317563,0.01818491,-0.31836211,-2.75221605,2.36027174,0.18061876,1.06691372,-0.71289009,0.12835115,0.66217599,0.27798648,-0.27075443,-0.36037300,-0.51411559
0.42222463,-0.02336760,0.05381907,0.04457714,0.60854454,-0.15164828,-0.15743372,-0.02967704,-1.20133555,0.19901769,0.60364509,-1.52352786,-0.17205289,0.54453945,-1.54401255,0.19579303,1.15000880,-1.50387585,0.38580412,0.01985858,0.00186179,0.29302388,0.23798572,0.20030008,-0.28290026,0.39677167,-0.18532927,-0.27101624,-0.31767176,0.19597238,-0.25830942,-0.12844315,-0.19150161,-0.27485261,2.18101926,-0.16148276,0.00025906,0.00702439,-0.03685477,0.99929591,2.43311282,0.02074283,0.01012363,2.56306143,-0.37553526,0.02200764,1.87864609,0.05735733,0.03471446,2.03881879,-0.34300284,0.01817127,-0.34877655,-2.84108496,2.58524704,0.20929797,1.16983795,-0.72059029,0.14208630,0.70255989,0.34005937,-0.30526331,-0.91268116,-0.60604513
0.41270475,-0.02730990,0.05568582,0.04455895,0.59619917,-0.16193609,-0.16061271,-0.05430498,-1.17797091,0.20127863,0.61486089,-1.52990735,-0.17056120,0.55113157,-1.54068046,0.19155186,1.13694293,-1.50893805,0.38580412,0.01985858,0.00186179,0.29348965,0.23375471,0.20082223,-0.28335091,0.40052085,-0.18609599,-0.27253321,-0.31445602,0.19507510,-0.25830432,-0.13243015,-0.19126431,-0.27528566,2.18504992,-0.16205506,0.00037542,0.00995696,-0.03764679,0.99924143,2.43325262,0.02060924,0.01013874,2.57043276,-0.37776026,0.02095643,1.88616355,0.05612793,0.03518533,2.03860371,-0.34281260,0.01820398,-0.32340039,-2.50389471,2.37655764,0.23067493,1.14226403,-0.64897798,0.15226669,0.67130919,0.33938750,-0.43372561,-1.33429890,-0.51596430
0.39243123,-0.03098239,0.05659672,0.04330028,0.56592094,-0.18010799,-0.16346075,-0.07537697,-1.15718877,0.20383849,0.62600212,-1.53563898,-0.16883317,0.55764443,-1.53729954,0.18633407,1.12188308,-1.51484807,0.38580412,0.01985858,0.00186179,0.29396613,0.22948199,0.20144050,-0.28378809,0.40343747,-0.18679201,-0.27424255,-0.31049955,0.19391952,-0.25858446,-0.13641420,-0.19095539,-0.27570503,2.18906536,-0.16268092,0.00049740,0.01287646,-0.03855928,0.99917322,2.43338938,0.02047485,0.01017803,2.57690735,-0.38000934,0.01972357,1.89443419,0.05459131,0.03538166,2.03834040,-0.34255527,0.01826110,-0.27349219,-2.01749582,1.99636021,0.25127381,1.08240147,-0.55101119,0.16953846,0.63264666,0.32993753,-0.50810055,-1.46679082,-0.59258539
0.41709537,-0.03643416,0.06549888,0.04649045,0.59256782,-0.22233768,-0.16587334,-0.09247571,-1.13953712,0.20667906,0.63707278,-1.54051073,-0.16698084,0.56413147,-1.53372662,0.18150981,1.10687594,-1.52323787,0.38580412,0.01985858,0.00186179,0.29446589,0.22516355,0.20215681,-0.28422492,0.40546664,-0.18739606,-0.27613022,-0.30603821,0.19279591,-0.25859095,-0.14040203,-0.19061044,-0.27613543,2.19305034,-0.16334581,0.00062436,0.01573421,-0.03961223,0.99909104,2.43351226,0.02034975,0.01024098,2.58240767,-0.38225526,0.01833568,1.90323685,0.05307458,0.03587494,2.03799801,-0.34224200,0.01833047,-0.24734026,-1.74509704,1.80968332,0.29814280,1.15288341,-0.49890576,0.19323713,0.67601794,0.37432310,-0.49310548,-1.55818748,-0.89859957
0.37414197,-0.03301624,0.06540038,0.04166212,0.51630031,-0.22393427,-0.16791526,-0.10556774,-1.12520134,0.20971731,0.64819160,-1.54441807,-0.16511377,0.57078712,-1.53001378,0.17764269,1.09166288,-1.53343408,0.38580412,0.01985858,0.00186179,0.29500440,0.22077691,0.20295244,-0.28466679,0.40664281,-0.18792911,-0.27813704,-0.30110662,0.19187161,-0.25833440,-0.14441470,-0.19026025,-0.27657811,2.19698024,-0.16401658,0.00075445,0.01847325,-0.04077944,0.99899710,2.43356424,0.02026622,0.01033761,2.58695298,-0.38446383,0.01686736,1.91251390,0.05175834,0.03667000,2.03753887,-0.34187331,0.01842629,-0.19087580,-1.20562336,1.32942104,0.28980537,1.05627964,-0.36187338,0.17721516,0.63418118,0.35297605,-0.35883668,-1.45110126,-0.97778510
0.39764890,-0.03144922,0.07997426,0.04390719,0.52754627,-0.26070722,-0.16973941,-0.11456484,-1.11448741,0.21283247,0.65949893,-1.54741776,-0.16317166,0.57786387,-1.52644062,0.17384383,1.07400393,-1.54320824,0.38580412,0.01985858,0.00186179,0.29560158,0.21631556,0.20379330,-0.28509969,0.40699656,-0.18843121,-0.28017145,-0.29547835,0.19098087,-0.25837466,-0.14846242,-0.18988198,-0.27702269,2.20080490,-0.16464783,0.00088494,0.02103746,-0.04201857,0.99889493,2.43347116,0.02025903,0.01050189,2.59053893,-0.38659356,0.01543012,1.92240925,0.05047308,0.03722692,2.03692038,-0.34139092,0.01857889,-0.18735415,-0.87561268,1.06060505,0.32516381,1.18111813,-0.29931962,0.20385532,0.74432039,0.36890802,-0.39955226,-1.88575673,-1.00286305
0.36904042,-0.02150472,0.08771542,0.03973226,0.46372263,-0.26556710,-0.17126460,-0.11810404,-1.10919044,0.21589159,0.67105494,-1.54939008,-0.16108342,0.58564608,-1.52332668,0.16907954,1.05143049,-1.55103090,0.38580412,0.01985858,0.00186179,0.29629264,0.21179985,0.20464931,-0.28550663,0.40632933,-0.18887655,-0.28210460,-0.28868451,0.18988387,-0.25923721,-0.15253301,-0.18944406,-0.27746132,2.20443249,-0.16517508,0.00101181,0.02332223,-0.04331798,0.99878857,2.43315521,0.02036854,0.01078602,2.59288349,-0.38852166,0.01418804,1.93327177,0.04898957,0.03705544,2.03607052,-0.34070176,0.01883133,-0.15458828,-0.35301295,0.53123628,0.31142564,1.17725134,-0.19955899,0.21274602,0.79367090,0.31646355,-0.48576989,-2.30480037,-0.79472458
0.35625633,-0.02135650,0.08396453,0.03345427,0.37850561,-0.26126665,-0.17203597,-0.11583216,-1.11063855,0.21882519,0.68279841,-1.55033278,-0.15899460,0.59426465,-1.52076154,0.16449108,1.02498696,-1.55747640,0.38580412,0.01985858,0.00186179,0.29697394,0.20725707,0.20549923,-0.28589445,0.40466385,-0.18911644,-0.28379217,-0.28086992,0.18885764,-0.26056542,-0.15663282,-0.18899009,-0.27788042,2.20809231,-0.16571876,0.00113168,0.02529948,-0.04465635,0.99868136,2.43286348,0.02046220,0.01107949,2.59426213,-0.39019756,0.01318177,1.94519928,0.04745341,0.03640852,2.03521684,-0.33997479,0.01909352,-0.06538232,0.27037932,-0.20410418,0.28399850,1.14317236,-0.08292993,0.20228078,0.84557036,0.24459561,-0.43345093,-2.59360671,-0.61880352
0.39642734,-0.03026758,0.08484938,0.03054320,0.33562544,-0.27833535,-0.17129861,-0.10742109,-1.12038791,0.22157976,0.69471886,-1.55017815,-0.15702783,0.60385855,-1.51878929,0.16229407,0.99640895,-1.56318672,0.38580412,0.01985858,0.00186179,0.29758925,0.20268996,0.20633045,-0.28627025,0.40204319,-0.18891027,-0.28506792,-0.27236687,0.18847172,-0.26178145,-0.16077924,-0.18855490,-0.27826862,2.21188045,-0.16635152,0.00124121,0.02694239,-0.04599131,0.99857767,2.43267794,0.02047444,0.01131901,2.59485722,-0.39141731,0.01252133,1.95799070,0.04635790,0.03580780,2.03445015,-0.33932957,0.01932064,0.09382217,0.92979980,-1.09352760,0.28502344,1.24323213,0.02588630,0.20352712,1.00820360,0.20028053,-0.19800699,-2.98728189,-0.59127212
0.37680656,-0.03720478,0.07093335,0.02257378,0.24108723,-0.24232681,-0.16851840,-0.09355342,-1.13821862,0.22408089,0.70676546,-1.54893999,-0.15519137,0.61438302,-1.51735005,0.16348883,0.96716670,-1.56888769,0.38580412,0.01985858,0.00186179,0.29811943,0.19811144,0.20712137,-0.28664193,0.39864894,-0.18809523,-0.28587153,-0.26344958,0.18897928,-0.26250848,-0.16496116,-0.18814187,-0.27863375,2.21581731,-0.16710767,0.00133750,0.02824740,-0.04727146,0.99848170,2.43261042,0.02037074,0.01147750,2.59491291,-0.39202392,0.01224790,1.97139988,0.04591573,0.03561095,2.03381930,-0.33882334,0.01948568,0.28373121,1.36283569,-1.76257129,0.23475514,1.14417460,0.12746189,0.17322786,1.00705361,0.13197230,0.14435770,-2.77797604,-0.54367585
0.42896089,-0.05034026,0.07136407,0.01841343,0.19114970,-0.24912610,-0.16401355,-0.07565580,-1.16146624,0.22630230,0.71885991,-1.54661345,-0.15344961,0.62575960,-1.51642001,0.16677752,0.93753374,-1.57514298,0.38580412,0.01985858,0.00186179,0.29857293,0.19353838,0.20786405,-0.28701459,0.39468364,-0.18678791,-0.28634019,-0.25410787,0.19001151,-0.26281281,-0.16915432,-0.18774044,-0.27898267,2.21988435,-0.16797578,0.00141845,0.02921440,-0.04847526,0.99839604,2.43264981,0.02016095,0.01155834,2.59461589,-0.39212121,0.01223274,1.98537965,0.04575940,0.03576012,2.03333779,-0.33844582,0.01959026,0.49241257,1.91827667,-2.48928356,0.22725387,1.26028049,0.25862455,0.18014571,1.19753921,0.08924305,0.36628914,-3.09319043,-0.66146249
0.42897966,-0.05246070,0.06464745,0.01141222,0.11603738,-0.23457120,-0.15892022,-0.05555417,-1.18580754,0.22834104,0.73101394,-1.54308512,-0.15186758,0.63816657,-1.51605434,0.17012851,0.90716637,-1.58199503,0.38580412,0.01985858,0.00186179,0.29895617,0.18897455,0.20858943,-0.28735874,0.39037343,-0.18535502,-0.28669748,-0.24423223,0.19098755,-0.26293945,-0.17337136,-0.18736450,-0.27931276,2.22405396,-0.16890888,0.00148076,0.02978863,-0.04962420,0.99832253,2.43278280,0.01991168,0.01159743,2.59412136,-0.39206357,0.01225868,1.99996593,0.04535773,0.03601672,2.03295627,-0.33815650,0.01964341,0.51837001,2.04800005,-2.47699280,0.20761572,1.23798513,0.36054715,0.16086498,1.26495485,0.03669924,0.34010640,-3.09372735,-0.69815446
0.41348910,-0.04880386,0.05564590,0.00417698,0.04180333,-0.22374653,-0.15416875,-0.03517394,-1.20832770,0.23036088,0.74319470,-1.53877604,-0.15047807,0.65151787,-1.51609068,0.17259246,0.87630938,-1.58891122,0.38580412,0.01985858,0.00186179,0.29927746,0.18445824,0.20932512,-0.28762190,0.38602746,-0.18406710,-0.28705643,-0.23404209,0.19166137,-0.26304529,-0.17763678,-0.18703073,-0.27963059,2.22826023,-0.16984395,0.00152724,0.03002819,-0.05077108,0.99825762,2.43300414,0.01968647,0.01165556,2.59362088,-0.39212642,0.01222103,2.01487119,0.04457363,0.03623217,2.03256450,-0.33788710,0.01964687,0.45837412,1.97997665,-2.17207279,0.19636030,1.18386350,0.42292674,0.13375432,1.30504169,-0.00653664,0.23287932,-3.00225616,-0.67028800
0.44115289,-0.04905918,0.05185755,-0.00148499,-0.01395710,-0.24505522,-0.14978393,-0.01501252,-1.22885275,0.23235393,0.75526142,-1.53417559,-0.14925565,0.66565375,-1.51652369,0.17463664,0.84525702,-1.59532599,0.38580412,0.01985858,0.00186179,0.29952678,0.18007995,0.21005092,-0.28776018,0.38175531,-0.18291617,-0.28739903,-0.22374982,0.19217198,-0.26307656,-0.18192567,-0.18673057,-0.27992080,2.23244963,-0.17075666,0.00156005,0.02998069,-0.05194255,0.99819873,2.43335848,0.01946901,0.01176660,2.59315796,-0.39230788,0.01212775,2.02985409,0.04360075,0.03645022,2.03212548,-0.33759637,0.01960598,0.45447496,2.09774151,-2.12254219,0.20707099,1.25513966,0.47930178,0.12586005,1.47833514,-0.04886389,0.21419747,-3.23528490,-0.66093796
0.39521443,-0.04180520,0.03922160,-0.00558577,-0.05262959,-0.23036367,-0.14551970,0.00489701,-1.24789729,0.23428705,0.76707654,-1.52977777,-0.14827734,0.68028126,-1.51733880,0.17728280,0.81407490,-1.60066361,0.38580412,0.01985858,0.00186179,0.29969910,0.17591882,0.21074035,-0.28774706,0.37756673,-0.18181868,-0.28771864,-0.21350019,0.19281579,-0.26291988,-0.18618651,-0.18648522,-0.28014607,2.23656931,-0.17164142,0.00158246,0.02971868,-0.05315053,0.99814293,2.43387347,0.01922502,0.01195204,2.59269219,-0.39252865,0.01198046,2.04475305,0.04275724,0.03677922,2.03163138,-0.33729949,0.01955302,0.40452482,1.88735123,-1.79552145,0.18291532,1.11867363,0.41403407,0.09004056,1.39167676,-0.08062787,0.25991309,-2.96100073,-0.49477817
0.42176484,-0.04323902,0.03373272,-0.01007947,-0.09308808,-0.26330837,-0.14120141,0.02457468,-1.26581419,0.23621611,0.77860457,-1.52582431,-0.14763732,0.69505280,-1.51836658,0.18066877,0.78243029,-1.60452771,0.38580412,0.01985858,0.00186179,0.29979569,0.17200021,0.21140124,-0.28756844,0.37345606,-0.18071753,-0.28801856,-0.20327679,0.19364146,-0.26259875,-0.19036125,-0.18632495,-0.28030057,2.24057813,-0.17249927,0.00159663,0.02929062,-0.05440558,0.99808794,2.43453784,0.01895357,0.01222725,2.59217806,-0.39273946,0.01177713,2.05955394,0.04209037,0.03719693,2.03109188,-0.33702861,0.01949511,0.45106557,2.04634786,-1.85053039,0.20121409,1.19657063,0.40471551,0.06142631,1.53950596,-0.10938942,0.36247817,-3.30492830,-0.37939844
0.39866705,-0.03884305,0.02388825,-0.01396589,-0.12578851,-0.26899890,-0.13688195,0.04397777,-1.28260965,0.23813875,0.78997540,-1.52255795,-0.14719910,0.70967290,-1.51955147,0.18394232,0.74999421,-1.60633552,0.38580412,0.01985858,0.00186179,0.29980611,0.16834184,0.21202611,-0.28718516,0.36945418,-0.17961909,-0.28826045,-0.19305393,0.19441470,-0.26228904,-0.19435074,-0.18620653,-0.28041855,2.24443431,-0.17331551,0.00160069,0.02867081,-0.05572394,0.99803320,2.43533268,0.01865287,0.01262096,2.59159689,-0.39294601,0.01154566,2.07422264,0.04138167,0.03751707,2.03056295,-0.33672947,0.01938756,0.43978325,1.97590649,-1.70936973,0.19558402,1.15833681,0.33141770,0.04454934,1.48890276,-0.12103451,0.33269275,-3.30412107,-0.18141931
0.36696796,-0.03100519,0.01375616,-0.01801791,-0.15819852,-0.26539388,-0.13269940,0.06311573,-1.29841914,0.23979923,0.80160437,-1.52044489,-0.14689004,0.72419631,-1.52100415,0.18668496,0.71740205,-1.60606096,0.38580412,0.01985858,0.00186179,0.29974242,0.16489276,0.21252708,-0.28658760,0.36556541,-0.17856165,-0.28842518,-0.18300837,0.19504403,-0.26210735,-0.19815847,-0.18611149,-0.28050600,2.24815955,-0.17406935,0.00159377,0.02786657,-0.05708488,0.99797907,2.43621083,0.01826916,0.01315482,2.59097958,-0.39315099,0.01131724,2.08858531,0.04057057,0.03763507,2.03007167,-0.33637134,0.01923642,0.40525371,1.85827978,-1.52884123,0.15775587,1.13482478,0.19240380,0.02772535,1.41203604,-0.14340679,0.26276262,-3.16632791,0.04389683
0.38185498,-0.02518744,0.00736042,-0.02402006,-0.20605661,-0.28905018,-0.12870203,0.08194015,-1.31319017,0.24093173,0.81382945,-1.52025685,-0.14698738,0.73876876,-1.52266219,0.18905253,0.68516709,-1.60356314,0.38580412,0.01985858,0.00186179,0.29961950,0.16167894,0.21280403,-0.28572272,0.36179582,-0.17755836,-0.28852073,-0.17329287,0.19558540,-0.26207415,-0.20183962,-0.18612245,-0.28053526,2.25177818,-0.17474427,0.00157498,0.02688491,-0.05846975,0.99792585,2.43720246,0.01772253,0.01389678,2.59036289,-0.39333883,0.01109878,2.10251184,0.03974029,0.03754535,2.02958393,-0.33602203,0.01908424,0.41460989,1.95787857,-1.52930307,0.11248812,1.27951794,-0.00096857,-0.01512319,1.51892743,-0.17372964,0.24463273,-3.35389814,0.28070209
0.34211313,-0.01698837,0.00467833,-0.02571100,-0.21558102,-0.26204816,-0.12495558,0.10042493,-1.32696052,0.24140850,0.82660191,-1.52277317,-0.14761238,0.75349351,-1.52444603,0.19143893,0.65314916,-1.59858620,0.38580412,0.01985858,0.00186179,0.29948195,0.15883806,0.21279708,-0.28453415,0.35813983,-0.17662537,-0.28855488,-0.16388976,0.19616028,-0.26218607,-0.20545245,-0.18627638,-0.28049164,2.25533710,-0.17535729,0.00154454,0.02575458,-0.05985091,0.99787383,2.43847142,0.01692882,0.01494780,2.58979793,-0.39352377,0.01092707,2.11606870,0.03898594,0.03729587,2.02909251,-0.33574116,0.01899031,0.35288641,1.75117075,-1.29796171,0.03888673,1.21634836,-0.26664967,-0.06399114,1.39920602,-0.17054743,0.22833939,-3.03826294,0.49656500
0.36947070,-0.01391816,0.00236223,-0.03193457,-0.26183337,-0.27335895,-0.12158492,0.11857464,-1.33983159,0.24111763,0.83944315,-1.52900290,-0.14852472,0.76844311,-1.52653778,0.19428344,0.62079823,-1.59075594,0.38580412,0.01985858,0.00186179,0.29933321,0.15667960,0.21244808,-0.28295162,0.35458750,-0.17579459,-0.28852047,-0.15467207,0.19690093,-0.26243471,-0.20900763,-0.18649885,-0.28037241,2.25884576,-0.17592840,0.00150233,0.02450527,-0.06117294,0.99782519,2.44030328,0.01578976,0.01638159,2.58930393,-0.39372058,0.01081274,2.12938412,0.03839171,0.03689851,2.02862187,-0.33549960,0.01896080,0.34500378,1.88565338,-1.32775295,-0.04220195,1.33639562,-0.70840114,-0.09801611,1.56082952,-0.22350250,0.30465609,-3.37713194,0.85952872
0.35452666,-0.01125613,-0.00245193,-0.03458989,-0.27779830,-0.23802148,-0.11877644,0.13640632,-1.35178514,0.23984017,0.85096859,-1.54043441,-0.14934385,0.78364587,-1.52922025,0.19777946,0.58758763,-1.57942464,0.38580412,0.01985858,0.00186179,0.29914833,0.15588503,0.21166356,-0.28088500,0.35113496,-0.17511413,-0.28839676,-0.14552418,0.19786669,-0.26284781,-0.21246475,-0.18666872,-0.28018983,2.26228185,-0.17647088,0.00144526,0.02313377,-0.06234311,0.99778559,2.44330173,0.01414236,0.01826332,2.58888817,-0.39393129,0.01075157,2.14251933,0.03797131,0.03630052,2.02823358,-0.33524081,0.01895850,0.28535367,1.81595469,-1.21651878,-0.13127807,1.17014912,-1.16960473,-0.08298754,1.54866238,-0.27393368,0.35665912,-3.38344426,1.15813150
0.33191249,-0.01004407,-0.00737857,-0.03672548,-0.28962007,-0.19095733,-0.11647409,0.15409237,-1.36301889,0.23771825,0.85899736,-1.55514588,-0.14974269,0.79905286,-1.53246894,0.20170442,0.55385514,-1.56510179,0.38580412,0.01985858,0.00186179,0.29892733,0.15677058,0.21056493,-0.27862974,0.34774265,-0.17457368,-0.28819588,-0.13646150,0.19900082,-0.26342642,-0.21581605,-0.18669600,-0.28000041,2.26565376,-0.17700449,0.00137383,0.02164492,-0.06333948,0.99775634,2.44779268,0.01204582,0.02029758,2.58852930,-0.39415030,0.01073144,2.15545221,0.03765497,0.03550091,2.02796169,-0.33491092,0.01892692,0.22020874,1.71895299,-1.08675361,-0.21225239,0.73951982,-1.44211845,-0.03373921,1.50007806,-0.32078822,0.38476016,-3.28079371,1.41532817
0.35026103,-0.01010419,-0.01289830,-0.04363287,-0.33934850,-0.17081691,-0.11456966,0.17174631,-1.37357979,0.23507246,0.86102611,-1.57009351,-0.14955569,0.81484056,-1.53636451,0.20605881,0.52020558,-1.54800289,0.38580412,0.01985858,0.00186179,0.29867166,0.15955761,0.20935467,-0.27657457,0.34439155,-0.17414561,-0.28792927,-0.12760286,0.20030772,-0.26417428,-0.21908812,-0.18653127,-0.27982408,2.26897240,-0.17753146,0.00128730,0.02001807,-0.06417226,0.99773721,2.45403486,0.00965801,0.02209708,2.58821731,-0.39436071,0.01074239,2.16808148,0.03747247,0.03449738,2.02779374,-0.33445938,0.01884758,0.19553471,1.83906953,-1.09420121,-0.27758553,0.14791042,-1.54421020,0.02412833,1.64921868,-0.41185018,0.45777819,-3.50156569,1.80472720
0.31542768,-0.00616340,-0.01625029,-0.04416873,-0.33961264,-0.13250265,-0.11292651,0.18944269,-1.38346725,0.23265033,0.85562733,-1.58254931,-0.14943265,0.83121424,-1.54070344,0.21088705,0.48719677,-1.52841356,0.38580412,0.01985858,0.00186179,0.29838235,0.16420373,0.20832372,-0.27494065,0.34106862,-0.17379434,-0.28761459,-0.11905317,0.20180365,-0.26508553,-0.22235896,-0.18636599,-0.27960142,2.27225418,-0.17802931,0.00118555,0.01823313,-0.06488134,0.99772569,2.46205516,0.00727375,0.02344170,2.58794208,-0.39453203,0.01076776,2.18033943,0.03749343,0.03329681,2.02763152,-0.33402783,0.01878093,0.15392545,1.68011339,-0.93206336,-0.22471234,-0.58341211,-1.15175285,0.00702486,1.55984890,-0.41426620,0.46265072,-3.12519631,1.88117764
0.34231448,0.00043313,-0.02238978,-0.05365089,-0.40844687,-0.12602585,-0.11151080,0.20723793,-1.39263475,0.23107280,0.84327799,-1.59147978,-0.15049112,0.84811491,-1.54488575,0.21606557,0.45524544,-1.50670981,0.38580412,0.01985858,0.00186179,0.29806417,0.17039469,0.20765522,-0.27367993,0.33775534,-0.17351279,-0.28727088,-0.11088063,0.20345682,-0.26616185,-0.22569886,-0.18653211,-0.27925886,2.27550788,-0.17846390,0.00106897,0.01628316,-0.06549925,0.99771918,2.47158785,0.00513262,0.02438425,2.58768030,-0.39464380,0.01079329,2.19217773,0.03774266,0.03190232,2.02735992,-0.33388845,0.01880531,0.14403090,1.85534728,-0.94401830,-0.15005097,-1.38553226,-0.87635213,-0.13188086,1.76769483,-0.43080744,0.54388863,-3.31110859,2.29071069
0.32865024,0.00720877,-0.02458890,-0.05697727,-0.42996365,-0.10984811,-0.11040670,0.22516992,-1.40090396,0.23011566,0.82565241,-1.59715807,-0.15247421,0.86548121,-1.54888406,0.22129679,0.42519732,-1.48348813,0.38580412,0.01985858,0.00186179,0.29773123,0.17768611,0.20725064,-0.27264865,0.33442817,-0.17332639,-0.28691795,-0.10325515,0.20518409,-0.26740536,-0.22908842,-0.18694945,-0.27883439,2.27870860,-0.17881867,0.00093715,0.01416011,-0.06603993,0.99771606,2.48216114,0.00320398,0.02508257,2.58737388,-0.39471212,0.01081327,2.20339852,0.03818486,0.03032587,2.02697800,-0.33394218,0.01889684,0.11209448,1.82654886,-0.84116985,-0.09778605,-1.79850385,-0.57594247,-0.20144945,1.76939497,-0.40770767,0.53267194,-3.05730300,2.36575465
0.30288399,0.01129006,-0.02444718,-0.05869046,-0.43923713,-0.09933450,-0.10956112,0.24322095,-1.40838983,0.22869715,0.80598395,-1.60125206,-0.15404565,0.88330290,-1.55321054,0.22642952,0.39780041,-1.46015468,0.38580412,0.01985858,0.00186179,0.29740443,0.18538182,0.20675165,-0.27170853,0.33107968,-0.17322039,-0.28656721,-0.09628794,0.20692311,-0.26872533,-0.23246416,-0.18722627,-0.27843818,2.28181558,-0.17912048,0.00079342,0.01189754,-0.06655170,0.99771173,2.49301529,0.00117746,0.02569589,2.58695531,-0.39477946,0.01083722,2.21386376,0.03875814,0.02867910,2.02654398,-0.33381265,0.01896625,0.08042865,1.75613632,-0.72200695,-0.14622857,-1.91937191,-0.39005479,-0.14932057,1.73623958,-0.42265058,0.49834450,-2.63724771,2.26288648
0.30617634,0.01565455,-0.02624426,-0.06771310,-0.50292148,-0.11075366,-0.10890636,0.26144353,-1.41519377,0.22598791,0.78580369,-1.60451527,-0.15574755,0.90150595,-1.55746489,0.23145857,0.37414513,-1.43815377,0.38580412,0.01985858,0.00186179,0.29709481,0.19315713,0.20590723,-0.27084193,0.32770801,-0.17317489,-0.28620604,-0.09016264,0.20864882,-0.27001976,-0.23586025,-0.18752433,-0.27805437,2.28476086,-0.17936925,0.00063725,0.00948133,-0.06708019,0.99770233,2.50374313,-0.00117208,0.02625288,2.58633747,-0.39485388,0.01088877,2.22334032,0.03947121,0.02707505,2.02592063,-0.33363255,0.01904044,0.06689988,1.89999557,-0.70321554,-0.29662622,-2.10203228,-0.33456682,-0.18518752,1.89873266,-0.43862757,0.52270515,-2.42565117,2.27246575
0.25064201,0.01576459,-0.02264124,-0.06705459,-0.49390167,-0.11653574,-0.10832297,0.27987335,-1.42142527,0.22159817,0.76581606,-1.60724754,-0.15875018,0.91996903,-1.56108670,0.23624474,0.35534912,-1.41926773,0.38580412,0.01985858,0.00186179,0.29681613,0.20086959,0.20460463,-0.27004578,0.32432749,-0.17315465,-0.28581354,-0.08503429,0.21028649,-0.27116960,-0.23931631,-0.18818297,-0.27760639,2.28742886,-0.17956560,0.00046659,0.00688042,-0.06768431,0.99768295,2.51409211,-0.00396544,0.02677036,2.58539810,-0.39493780,0.01100259,2.23157530,0.04027894,0.02564653,2.02488909,-0.33370190,0.01920975,0.05522553,1.75107741,-0.58643950,-0.43263874,-1.89391384,-0.25487212,-0.29989908,1.75448890,-0.33701360,0.45120528,-1.73504095,1.75696054
0.22057188,0.01166504,-0.01927012,-0.08049404,-0.58679063,-0.15988481,-0.10766101,0.29850140,-1.42714500,0.21575393,0.74608886,-1.60947680,-0.16279539,0.93879402,-1.56438911,0.24047701,0.34242365,-1.40528476,0.38580412,0.01985858,0.00186179,0.29660293,0.20852004,0.20290594,-0.26926900,0.32095556,-0.17311576,-0.28538294,-0.08103490,0.21170959,-0.27207973,-0.24280073,-0.18911625,-0.27709454,2.28961726,-0.17974433,0.00027941,0.00407370,-0.06842865,0.99764766,2.52388878,-0.00720946,0.02733393,2.58393021,-0.39506136,0.01121999,2.23824759,0.04104689,0.02452321,2.02326889,-0.33393804,0.01950839,0.07068273,1.94329762,-0.58834255,-0.62877870,-2.05145764,-0.22459029,-0.43350083,1.96705747,-0.34166870,0.43127498,-1.25549722,1.37720990
0.20582633,0.01272721,-0.01874697,-0.08484994,-0.61089452,-0.19171260,-0.10682807,0.31736560,-1.43234587,0.20902575,0.72622614,-1.61098554,-0.16660039,0.95831072,-1.56796620,0.24349462,0.33695661,-1.39833174,0.38580412,0.01985858,0.00186179,0.29641472,0.21619938,0.20096401,-0.26841247,0.31758097,-0.17302833,-0.28492391,-0.07844307,0.21269160,-0.27271153,-0.24630485,-0.18994054,-0.27660875,2.29163399,-0.17990064,0.00007298,0.00105485,-0.06936613,0.99759071,2.53356586,-0.01079217,0.02800225,2.58221197,-0.39521649,0.01149081,2.24338193,0.04160053,0.02370320,2.02141199,-0.33392518,0.01980597,0.08499274,1.92165463,-0.52923362,-0.68567574,-2.02372923,-0.15259583,-0.38678496,1.98867373,-0.36456318,0.30536815,-0.54812595,0.69977306
0.21269449,0.01900615,-0.02063938,-0.08565408,-0.60723031,-0.21282242,-0.10589159,0.33646178,-1.43722677,0.20207121,0.70576489,-1.61160905,-0.16998866,0.97838786,-1.57157013,0.24494957,0.33796005,-1.39759436,0.38580412,0.01985858,0.00186179,0.29621352,0.22398224,0.19896550,-0.26745055,0.31417050,-0.17290939,-0.28445311,-0.07710742,0.21314974,-0.27320523,-0.24988270,-0.19061701,-0.27617122,2.29380732,-0.18001868,-0.00014787,-0.00208508,-0.07044755,0.99751329,2.54353004,-0.01450773,0.02876297,2.58055783,-0.39536701,0.01176041,2.24742246,0.04185248,0.02300829,2.01961456,-0.33362382,0.02004230,0.09157173,1.85850408,-0.47290325,-0.67644441,-1.99580097,-0.05210638,-0.32924935,1.95459323,-0.34767786,0.12776604,0.14676102,0.02511343
0.25725129,0.03024017,-0.02711227,-0.09439598,-0.65854369,-0.25198208,-0.10490153,0.35578863,-1.44196527,0.19513224,0.68439623,-1.61105995,-0.17357715,0.99858832,-1.57466326,0.24479700,0.34500260,-1.40259650,0.38580412,0.01985858,0.00186179,0.29598258,0.23188563,0.19698213,-0.26640871,0.31069648,-0.17276905,-0.28397778,-0.07698841,0.21307830,-0.27361479,-0.25354084,-0.19132972,-0.27574069,2.29626766,-0.18008870,-0.00037918,-0.00526960,-0.07164423,0.99741626,2.55392585,-0.01827041,0.02957387,2.57908197,-0.39548952,0.01200480,2.25052324,0.04180548,0.02236780,2.01798442,-0.33321759,0.02024189,0.10346099,2.01512184,-0.49307045,-0.72202194,-2.23503699,0.06885826,-0.37822089,2.10281010,-0.31561552,-0.02885200,0.78560781,-0.57076510
0.26604046,0.03565584,-0.03108052,-0.08614304,-0.59061419,-0.24558130,-0.10390346,0.37526501,-1.44668782,0.18826546,0.66193310,-1.60914340,-0.17761317,1.01843266,-1.57696900,0.24362845,0.35778698,-1.41318452,0.38580412,0.01985858,0.00186179,0.29570724,0.23990130,0.19503230,-0.26533441,0.30714633,-0.17261658,-0.28351081,-0.07805396,0.21263170,-0.27382128,-0.25723732,-0.19215468,-0.27529528,2.29906688,-0.18012743,-0.00061560,-0.00841247,-0.07292603,0.99730168,2.56478744,-0.02206789,0.03037284,2.57783571,-0.39558808,0.01219644,2.25277448,0.04159689,0.02188596,2.01661332,-0.33281812,0.02041196,0.09459742,1.84939137,-0.44835309,-0.65115092,-2.14254699,0.19498368,-0.38686308,1.87869740,-0.21119549,-0.11728799,1.26591933,-1.05673176
0.32830797,0.04431124,-0.04179260,-0.09153874,-0.61589765,-0.28093005,-0.10296183,0.39471835,-1.45147145,0.18136425,0.63829076,-1.60582292,-0.18183739,1.03762507,-1.57843280,0.24231066,0.37605768,-1.42892194,0.38580412,0.01985858,0.00186179,0.29538488,0.24800779,0.19308516,-0.26428411,0.30352395,-0.17246734,-0.28306806,-0.08031708,0.21205025,-0.27369566,-0.26095336,-0.19302452,-0.27484490,2.30220671,-0.18017246,-0.00085014,-0.01141556,-0.07426178,0.99717308,2.57607909,-0.02595291,0.03110077,2.57683606,-0.39569621,0.01231682,2.25418516,0.04143547,0.02168923,2.01554056,-0.33241449,0.02053998,0.09699165,2.02530622,-0.49947199,-0.71995145,-2.48047709,0.36671755,-0.44149157,1.98863435,-0.13984740,-0.13627484,1.98369086,-1.71326089
0.35082373,0.04398856,-0.04514004,-0.08237276,-0.54442287,-0.28685072,-0.10209291,0.41389350,-1.45655208,0.17436460,0.61333462,-1.60101507,-0.18607378,1.05563679,-1.57859108,0.24134998,0.39908300,-1.44800894,0.38580412,0.01985858,0.00186179,0.29503919,0.25615592,0.19111096,-0.26331454,0.29983601,-0.17231516,-0.28266686,-0.08381320,0.21151978,-0.27332927,-0.26471263,-0.19390132,-0.27440762,2.30568500,-0.18026624,-0.00107150,-0.01411436,-0.07566255,0.99703301,2.58774729,-0.02999942,0.03172465,2.57608385,-0.39585522,0.01237233,2.25475130,0.04147917,0.02170992,2.01474290,-0.33200020,0.02063157,0.08844029,1.95248950,-0.51815510,-0.71291389,-2.54330435,0.49118199,-0.43137122,1.83255267,-0.01404682,-0.09748389,2.34790869,-1.94457629
0.35735319,0.04058513,-0.04297275,-0.06633848,-0.43015480,-0.27955890,-0.10130090,0.43261942,-1.46222167,0.16739457,0.58725213,-1.59517996,-0.19015033,1.07199860,-1.57706215,0.24061386,0.42346535,-1.46690209,0.38580412,0.01985858,0.00186179,0.29471483,0.26429006,0.18913929,-0.26243078,0.29609985,-0.17216016,-0.28231013,-0.08793711,0.21106672,-0.27297060,-0.26852324,-0.19476487,-0.27402187,2.30937963,-0.18041642,-0.00126782,-0.01638749,-0.07709572,0.99688821,2.59960785,-0.03416155,0.03228405,2.57548847,-0.39605575,0.01240470,2.25494032,0.04166117,0.02174423,2.01410361,-0.33157911,0.02069297,0.07577775,1.81611879,-0.55731533,-0.67702508,-2.54496040,0.57343841,-0.39357841,1.57450438,0.16438961,-0.07077754,2.36713686,-1.82350476
0.39845998,0.04194041,-0.04269666,-0.05265905,-0.33562492,-0.27692753,-0.10074232,0.45072000,-1.46872392,0.16047471,0.55998926,-1.58876190,-0.19381427,1.08610551,-1.57338703,0.23990821,0.44673277,-1.48368471,0.38580412,0.01985858,0.00186179,0.29443894,0.27239039,0.18716085,-0.26163594,0.29230395,-0.17204385,-0.28201066,-0.09223213,0.21066304,-0.27269922,-0.27239303,-0.19557272,-0.27372514,2.31322255,-0.18061539,-0.00142213,-0.01806895,-0.07843409,0.99675453,2.61153431,-0.03836279,0.03280300,2.57501941,-0.39626114,0.01242828,2.25507551,0.04188090,0.02173972,2.01359248,-0.33117592,0.02071380,0.05515758,1.87913468,-0.68550700,-0.72069834,-2.85072908,0.67148799,-0.37719419,1.44683409,0.40392278,-0.07405505,2.40551519,-1.72421324
0.37341554,0.03704376,-0.03436223,-0.02607738,-0.16376783,-0.20060323,-0.10059880,0.46807098,-1.47620025,0.15351929,0.53150067,-1.58221922,-0.19697895,1.09748433,-1.56718843,0.23907908,0.46766728,-1.49766243,0.38580412,0.01985858,0.00186179,0.29422145,0.28043942,0.18513790,-0.26093766,0.28842317,-0.17201761,-0.28178761,-0.09649141,0.21027519,-0.27251868,-0.27634385,-0.19632451,-0.27352169,2.31717086,-0.18085220,-0.00151713,-0.01901450,-0.07951658,0.99665102,2.62341776,-0.04252235,0.03328380,2.57467056,-0.39642560,0.01243385,2.25524097,0.04206243,0.02170278,2.01319399,-0.33087654,0.02069976,0.00925033,1.63952377,-0.71897310,-0.66079069,-2.71520252,0.62068170,-0.29573544,1.05333428,0.61277351,-0.08026337,1.96317339,-1.29978726
0.41915314,0.03821552,-0.03278809,-0.00022517,-0.00139424,-0.13903371,-0.10095451,0.48463994,-1.48475409,0.14644712,0.50179142,-1.57581007,-0.19957852,1.10595548,-1.55848730,0.23811007,0.48604596,-1.50876915,0.38580412,0.01985858,0.00186179,0.29405466,0.28841020,0.18304140,-0.26035346,0.28443581,-0.17210500,-0.28165164,-0.10071217,0.20990368,-0.27241164,-0.28037620,-0.19701257,-0.27337949,2.32119985,-0.18112923,-0.00154095,-0.01913960,-0.08023639,0.99659090,2.63517900,-0.04658672,0.03370120,2.57443781,-0.39652280,0.01240302,2.25536628,0.04218319,0.02164302,2.01291604,-0.33074827,0.02067517,-0.04464388,1.71427798,-0.90742105,-0.73868591,-3.11280036,0.66500896,-0.26198289,0.83893532,0.94276661,-0.10284222,1.87641370,-1.11436844
0.41609863,0.03198323,-0.02908371,0.02618765,0.16110840,-0.04826873,-0.10188224,0.50039488,-1.49454367,0.13915591,0.47066933,-1.56932771,-0.20121456,1.11165943,-1.54805856,0.23715981,0.50163357,-1.51666970,0.38580412,0.01985858,0.00186179,0.29391955,0.29627483,0.18084479,-0.25994869,0.28032325,-0.17232301,-0.28159935,-0.10492338,0.20960578,-0.27236816,-0.28444659,-0.19751920,-0.27320089,2.32528987,-0.18147508,-0.00148185,-0.01834980,-0.08047948,0.99658624,2.64674454,-0.05051513,0.03397086,2.57432900,-0.39654684,0.01232020,2.25536027,0.04225098,0.02155139,2.01283453,-0.33079137,0.02071866,-0.09513588,1.60387058,-0.99827846,-0.74292219,-3.17156248,0.66102738,-0.16517439,0.57884985,1.06254419,-0.09665323,1.58460963,-0.80118042
0.40029290,0.02267523,-0.02594690,0.04652196,0.28642770,0.04508214,-0.10327829,0.51557611,-1.50512469,0.13165067,0.43819014,-1.56199653,-0.20169730,1.11601629,-1.53766842,0.23629192,0.51503015,-1.52203526,0.38580412,0.01985858,0.00186179,0.29379228,0.30408135,0.17857849,-0.25976007,0.27611629,-0.17265289,-0.28159789,-0.10910438,0.20938632,-0.27237724,-0.28848764,-0.19774116,-0.27287613,2.32939840,-0.18189837,-0.00136208,-0.01690678,-0.08028505,0.99662762,2.65814448,-0.05429838,0.03403222,2.57431679,-0.39652410,0.01219439,2.25521837,0.04225275,0.02141504,2.01297748,-0.33091008,0.02091615,-0.13906633,1.47200227,-1.03282930,-0.73114412,-3.16959429,0.72453020,-0.03678203,0.41778484,1.00371243,-0.08406738,1.28685038,-0.50381024
0.42841743,0.01512621,-0.02583350,0.06518461,0.40355551,0.12492664,-0.10500926,0.53027322,-1.51607740,0.12401236,0.40407734,-1.55276623,-0.20090444,1.11980929,-1.52822454,0.23544672,0.52661976,-1.52532687,0.38580412,0.01985858,0.00186179,0.29366776,0.31191138,0.17628614,-0.25984205,0.27184515,-0.17306234,-0.28164408,-0.11323287,0.20922007,-0.27243944,-0.29245407,-0.19761490,-0.27237185,2.33349037,-0.18240268,-0.00119882,-0.01498598,-0.07971626,0.99670422,2.66945610,-0.05793365,0.03382570,2.57437272,-0.39647289,0.01202368,2.25495100,0.04215531,0.02122832,2.01334455,-0.33102193,0.02129591,-0.18227732,1.52678928,-1.14247203,-0.79622656,-3.56960735,0.98339019,0.09393841,0.39205548,0.97368356,-0.08803531,1.19299731,-0.32643079
0.38723216,0.00525582,-0.02111024,0.06914629,0.43194365,0.14790836,-0.10680661,0.54451303,-1.52712228,0.11645706,0.36795630,-1.54057250,-0.19903879,1.12318368,-1.51969717,0.23463528,0.53680717,-1.52692800,0.38580412,0.01985858,0.00186179,0.29354881,0.31986315,0.17404255,-0.26023857,0.26754844,-0.17347769,-0.28174814,-0.11732342,0.20910300,-0.27254946,-0.29631763,-0.19719143,-0.27172788,2.33753777,-0.18298377,-0.00100769,-0.01271964,-0.07895276,0.99679670,2.68081122,-0.06146594,0.03331024,2.57444034,-0.39641725,0.01180068,2.25459538,0.04198158,0.02099935,2.01387203,-0.33106850,0.02182093,-0.17012677,1.34728904,-1.04851794,-0.71526707,-3.44810181,1.18826001,0.18562030,0.31584236,0.80227984,-0.07647019,0.95522623,-0.13735692
0.41995265,-0.00218555,-0.01992419,0.08424017,0.53139091,0.14922703,-0.10840273,0.55832863,-1.53821802,0.10941020,0.32952240,-1.52452385,-0.19660488,1.12584424,-1.51168311,0.23391475,0.54592550,-1.52706909,0.38580412,0.01985858,0.00186179,0.29343858,0.32801014,0.17197144,-0.26096752,0.26325518,-0.17382299,-0.28191184,-0.12141502,0.20904745,-0.27270134,-0.30002803,-0.19661745,-0.27098143,2.34152813,-0.18362586,-0.00079904,-0.01018251,-0.07822714,0.99688324,2.69234796,-0.06492337,0.03247106,2.57444759,-0.39638452,0.01152674,2.25420709,0.04180146,0.02073725,2.01450355,-0.33103741,0.02245715,-0.16236304,1.43297005,-1.15668774,-0.72460431,-4.03889227,1.73212576,0.25987065,0.26510656,0.82862371,-0.07350929,0.93503290,0.00633299
0.40631906,-0.00534931,-0.01590769,0.08890608,0.56524961,0.09091562,-0.10957221,0.57168906,-1.54947457,0.10372180,0.28832102,-1.50340593,-0.19405673,1.12750823,-1.50428591,0.23324845,0.55405544,-1.52577407,0.38580412,0.01985858,0.00186179,0.29334129,0.33642158,0.17030831,-0.26203134,0.25899774,-0.17403275,-0.28212653,-0.12553245,0.20904207,-0.27289649,-0.30347654,-0.19601885,-0.27009184,2.34546318,-0.18429688,-0.00057624,-0.00738507,-0.07777977,0.99694305,2.70422759,-0.06822578,0.03130995,2.57433586,-0.39639244,0.01121476,2.25387054,0.04168491,0.02044480,2.01525767,-0.33087696,0.02324945,-0.11857176,1.36027267,-1.14675629,-0.57708967,-4.19951959,2.15689468,0.25917903,0.16852484,0.75236820,-0.06795045,0.82705348,0.13322697
0.38645688,-0.00304767,-0.00985154,0.09052041,0.57758149,0.01573897,-0.11035519,0.58468766,-1.56091423,0.09987554,0.24488337,-1.47785795,-0.19194739,1.12846587,-1.49774375,0.23247009,0.56149162,-1.52359483,0.38580412,0.01985858,0.00186179,0.29327108,0.34506129,0.16916415,-0.26327493,0.25478850,-0.17411984,-0.28236226,-0.12966324,0.20902646,-0.27311144,-0.30665679,-0.19553402,-0.26898842,2.34938469,-0.18494730,-0.00034276,-0.00440020,-0.07767199,0.99696920,2.71648193,-0.07126608,0.02999614,2.57413187,-0.39642686,0.01090882,2.25365920,0.04163877,0.02015963,2.01614449,-0.33062816,0.02428266,-0.07352047,1.26137836,-1.11344063,-0.35703369,-4.23898406,2.51696510,0.19819711,0.08782347,0.62804424,-0.07749175,0.71863332,0.21652778
0.41919803,0.00352362,0.00106742,0.10102662,0.64386643,-0.05029065,-0.11087743,0.59743867,-1.57243164,0.09824275,0.19976529,-1.44853296,-0.19071999,1.12855563,-1.49233963,0.23140322,0.56849583,-1.52097256,0.38580412,0.01985858,0.00186179,0.29328122,0.35387178,0.16862366,-0.26453687,0.25061519,-0.17412476,-0.28259871,-0.13380336,0.20893782,-0.27333068,-0.30942882,-0.19528330,-0.26765036,2.35335722,-0.18554436,-0.00010051,-0.00128879,-0.07788813,0.99696127,2.72912321,-0.07392403,0.02874435,2.57388954,-0.39647777,0.01068250,2.25362602,0.04163847,0.01995054,2.01735463,-0.33040299,0.02563085,-0.05287118,1.32663393,-1.19947195,-0.14933031,-4.71099005,3.08367295,0.11979787,-0.00081062,0.55121779,-0.11441558,0.72709912,0.27539730
0.38868076,0.01033652,0.01247334,0.09357282,0.59345107,-0.09179299,-0.11132323,0.61005952,-1.58372667,0.09894616,0.15404382,-1.41669593,-0.18975159,1.12699466,-1.48852961,0.22995024,0.57538499,-1.51819260,0.38580412,0.01985858,0.00186179,0.29338952,0.36269586,0.16870279,-0.26564054,0.24645435,-0.17410751,-0.28283066,-0.13796969,0.20874133,-0.27356172,-0.31142410,-0.19511367,-0.26629299,2.35741263,-0.18608207,0.00014681,0.00186572,-0.07834969,0.99692418,2.74200993,-0.07611011,0.02774898,2.57364245,-0.39655258,0.01055886,2.25374599,0.04164981,0.01982780,2.01933174,-0.33015021,0.02709652,-0.04226027,1.19694495,-1.06857953,0.08847302,-4.34038038,3.03972926,0.09397757,-0.16699301,0.34487779,-0.14160135,0.65391659,0.26464860
0.43218639,0.01862743,0.02265331,0.10176293,0.64048394,-0.13310887,-0.11183746,0.62260741,-1.59440553,0.10191463,0.10905282,-1.38360178,-0.18738259,1.12297499,-1.48697913,0.22817680,0.58249617,-1.51539147,0.38580412,0.01985858,0.00186179,0.29355806,0.37129619,0.16937224,-0.26650042,0.24229011,-0.17411747,-0.28306980,-0.14220195,0.20845257,-0.27381144,-0.31222919,-0.19458901,-0.26527952,2.36153145,-0.18656648,0.00039431,0.00497776,-0.07896658,0.99686476,2.75486322,-0.07776420,0.02705764,2.57338639,-0.39665903,0.01048826,2.25392218,0.04167487,0.01974662,2.02255984,-0.32957066,0.02827854,-0.05502347,1.30610907,-1.10173225,0.34244543,-4.67065334,3.46182275,0.27461907,-0.45782325,0.12518466,-0.18902867,0.74531877,0.29170513
0.42589715,0.02492320,0.02807716,0.09633886,0.60124039,-0.14524871,-0.11248846,0.63513237,-1.60406942,0.10699413,0.06641398,-1.34983885,-0.18179410,1.11640658,-1.48908973,0.22622718,0.59009670,-1.51268220,0.38580412,0.01985858,0.00186179,0.29376663,0.37931208,0.17059294,-0.26721895,0.23811037,-0.17417950,-0.28332780,-0.14652211,0.20810909,-0.27406443,-0.31149918,-0.19319321,-0.26484990,2.36570216,-0.18699044,0.00063642,0.00795903,-0.07967538,0.99678889,2.76729660,-0.07881696,0.02654768,2.57312093,-0.39678200,0.01043883,2.25409842,0.04175118,0.01970220,2.02746954,-0.32824926,0.02891673,-0.06647847,1.27571945,-0.98303822,0.51894656,-4.33899159,3.43931236,0.57291621,-0.67075752,-0.22019544,-0.19874737,0.77458351,0.27576023
0.40779229,0.03044055,0.03134753,0.08761150,0.54153886,-0.14388324,-0.11328454,0.64767617,-1.61278687,0.11302366,0.02685464,-1.31577017,-0.17380960,1.10878515,-1.49524889,0.22411356,0.59799434,-1.51012683,0.38580412,0.01985858,0.00186179,0.29399676,0.38656519,0.17208160,-0.26807275,0.23391935,-0.17429659,-0.28359203,-0.15084569,0.20770831,-0.27431435,-0.30958570,-0.19109761,-0.26467656,2.36989746,-0.18735936,0.00087039,0.01078441,-0.08041070,0.99670309,2.77904949,-0.07947358,0.02592402,2.57284999,-0.39690132,0.01040473,2.25430041,0.04184467,0.01968241,2.03368087,-0.32635579,0.02932020,-0.07882950,1.21962528,-0.83994468,0.58874117,-3.81830287,3.31329508,0.78706692,-0.74392756,-0.63286422,-0.20743062,0.76925256,0.24692218
0.43628309,0.03909287,0.03765915,0.08874967,0.54361334,-0.15116627,-0.11428274,0.66020720,-1.62052500,0.11909058,-0.00910591,-1.28175354,-0.16525948,1.10095131,-1.50551138,0.22175877,0.60608706,-1.50777671,0.38580412,0.01985858,0.00186179,0.29424390,0.39293319,0.17361646,-0.26924392,0.22973137,-0.17448491,-0.28385152,-0.15512352,0.20722490,-0.27456805,-0.30671803,-0.18877394,-0.26437232,2.37409959,-0.18767251,0.00109400,0.01343438,-0.08113374,0.99661208,2.78994069,-0.07989800,0.02499999,2.57258349,-0.39701822,0.01039238,2.25453673,0.04191449,0.01967585,2.04088672,-0.32434996,0.02987159,-0.10604131,1.30491545,-0.79703027,0.62894502,-3.71253200,3.54072137,0.88622680,-0.81601733,-1.10341010,-0.24740508,0.84491664,0.24280249
0.39582241,0.04092124,0.03774931,0.07557657,0.45888619,-0.12993904,-0.11550348,0.67267754,-1.62721078,0.12473837,-0.04137575,-1.24837317,-0.15792438,1.09276516,-1.51892400,0.21926325,0.61445193,-1.50562031,0.38580412,0.01985858,0.00186179,0.29450690,0.39842149,0.17508358,-0.27073686,0.22555584,-0.17475100,-0.28410887,-0.15937068,0.20668752,-0.27482085,-0.30304107,-0.18672360,-0.26374966,2.37829595,-0.18793390,0.00130516,0.01589430,-0.08181757,0.99651972,2.79993930,-0.08018036,0.02377004,2.57232809,-0.39713447,0.01039803,2.25477171,0.04198022,0.01968606,2.04885714,-0.32272881,0.03075725,-0.11785902,1.18285549,-0.62449809,0.53157876,-3.02878861,3.15981679,0.67989781,-0.78264078,-1.29724443,-0.23747935,0.79680089,0.20307601
0.43193256,0.04994069,0.04520150,0.07610898,0.45823710,-0.13097776,-0.11688824,0.68509585,-1.63276446,0.13011020,-0.07009368,-1.21637273,-0.15247047,1.08276176,-1.53364730,0.21676756,0.62314886,-1.50357759,0.38580412,0.01985858,0.00186179,0.29478705,0.40311533,0.17651239,-0.27239287,0.22138567,-0.17508024,-0.28437839,-0.16360381,0.20613871,-0.27507234,-0.29848989,-0.18517845,-0.26300609,2.38247962,-0.18815076,0.00150145,0.01814572,-0.08244870,0.99642897,2.80912466,-0.08029622,0.02239418,2.57207771,-0.39723752,0.01040865,2.25498243,0.04207487,0.01971471,2.05761273,-0.32175006,0.03178096,-0.14637597,1.29292154,-0.56137145,0.55667013,-2.93921947,3.30992031,0.53937542,-1.07620656,-1.54536951,-0.25956145,0.91097498,0.21143256
0.41958583,0.05280880,0.04779794,0.06692196,0.40008159,-0.11100572,-0.11840325,0.69744945,-1.63694489,0.13560291,-0.09450414,-1.18722692,-0.14815893,1.06802065,-1.54711967,0.21417568,0.63227271,-1.50166903,0.38580412,0.01985858,0.00186179,0.29508930,0.40692490,0.17799712,-0.27400930,0.21722225,-0.17546603,-0.28467185,-0.16782024,0.20555077,-0.27534877,-0.29270652,-0.18400568,-0.26274344,2.38664394,-0.18832398,0.00167699,0.02013211,-0.08299012,0.99634559,2.81740933,-0.08010186,0.02108001,2.57184348,-0.39730953,0.01041746,2.25514288,0.04215861,0.01974053,2.06752889,-0.32136828,0.03234586,-0.15451171,1.25812223,-0.42420226,0.55964042,-2.48039477,2.96383028,0.43928506,-1.50850739,-1.36911330,-0.26422655,0.92984036,0.19410715
0.39733878,0.05322782,0.04872324,0.05589014,0.33210359,-0.07721001,-0.12008826,0.70971575,-1.63995912,0.14111015,-0.11422230,-1.16191025,-0.14360715,1.04797242,-1.55839291,0.21145000,0.64181997,-1.50000405,0.38580412,0.01985858,0.00186179,0.29540932,0.40979336,0.17951186,-0.27557100,0.21307816,-0.17591768,-0.28496913,-0.17201191,0.20490872,-0.27564190,-0.28571771,-0.18283282,-0.26322698,2.39078508,-0.18846818,0.00183133,0.02187652,-0.08339639,0.99627461,2.82471962,-0.07958330,0.01983832,2.57165132,-0.39736226,0.01044019,2.25523339,0.04218614,0.01976742,2.07864735,-0.32125558,0.03218234,-0.16546907,1.19185250,-0.28439165,0.53285660,-1.87453291,2.42584743,0.44700677,-1.99008393,-1.08100376,-0.26514133,0.93157588,0.15936097
0.42200879,0.05780171,0.05503082,0.05194749,0.30750219,-0.04647229,-0.12197049,0.72191969,-1.64193451,0.14601850,-0.12827878,-1.14128664,-0.13858387,1.02327578,-1.56837316,0.20879921,0.65179678,-1.49866173,0.38580412,0.01985858,0.00186179,0.29574546,0.41149956,0.18091584,-0.27724310,0.20895362,-0.17644012,-0.28525070,-0.17616978,0.20426887,-0.27590596,-0.27753045,-0.18155729,-0.26425714,2.39489522,-0.18860008,0.00196332,0.02338685,-0.08363092,0.99622039,2.83079801,-0.07882214,0.01850236,2.57150798,-0.39740780,0.01049476,2.25524712,0.04218114,0.01983950,2.09097958,-0.32134600,0.03148832,-0.19770114,1.27100191,-0.19711553,0.50266347,-1.41003032,2.10376370,0.52637234,-2.60798321,-1.03518069,-0.27434602,1.04314530,0.13687015
0.38051807,0.05137558,0.05345102,0.04050514,0.23935898,-0.01202872,-0.12400198,0.73414510,-1.64300201,0.14975196,-0.13602674,-1.12594478,-0.13349455,0.99536035,-1.57855453,0.20633225,0.66222919,-1.49761040,0.38580412,0.01985858,0.00186179,0.29610641,0.41188695,0.18207470,-0.27917597,0.20482733,-0.17701765,-0.28551086,-0.18031377,0.20366365,-0.27612450,-0.26827418,-0.18023916,-0.26540608,2.39896560,-0.18873804,0.00207387,0.02468108,-0.08370581,0.99618265,2.83546081,-0.07794998,0.01693044,2.57138105,-0.39745410,0.01059555,2.25516653,0.04215971,0.01998191,2.10437575,-0.32168166,0.03070033,-0.19395000,1.16081858,-0.09333326,0.34200206,-0.67526217,1.40510538,0.48166251,-2.67399092,-0.97299187,-0.23253751,0.99446695,0.09736220
0.41166953,0.05305398,0.06516469,0.03743227,0.22121490,0.01167772,-0.12613638,0.74648160,-1.64327526,0.15212332,-0.13714969,-1.11673582,-0.12885158,0.96544033,-1.58981907,0.20390831,0.67311144,-1.49677312,0.38580412,0.01985858,0.00186179,0.29651830,0.41091243,0.18293021,-0.28133406,0.20067141,-0.17763549,-0.28574686,-0.18446407,0.20305582,-0.27632430,-0.25815265,-0.17898869,-0.26631580,2.40298219,-0.18889621,0.00216523,0.02578097,-0.08366284,0.99615821,2.83865018,-0.07706647,0.01518424,2.57121392,-0.39751421,0.01077144,2.25497074,0.04208274,0.02019399,2.11859150,-0.32231913,0.03020249,-0.22374000,1.28702068,-0.01704693,0.22656655,-0.01757406,0.86425239,0.47521290,-3.14261007,-1.19164586,-0.25262311,1.14013994,0.08431076
0.39585012,0.04757783,0.07304253,0.03040101,0.17984329,0.02636278,-0.12835739,0.75900686,-1.64272406,0.15285640,-0.13087631,-1.11619713,-0.12492157,0.93413165,-1.60230925,0.20141640,0.68453356,-1.49615381,0.38580412,0.01985858,0.00186179,0.29702659,0.40855025,0.18335699,-0.28340967,0.19646122,-0.17828936,-0.28595127,-0.18864116,0.20241188,-0.27651901,-0.24734060,-0.17786223,-0.26675915,2.40692387,-0.18908857,0.00223689,0.02667553,-0.08353269,0.99614542,2.84030495,-0.07633250,0.01361693,2.57094899,-0.39760684,0.01107533,2.25462699,0.04191299,0.02050758,2.13341618,-0.32327459,0.03026744,-0.22626932,1.27595124,0.05706284,0.07253703,0.64671881,0.04335508,0.39957330,-3.19004655,-1.27292202,-0.25379194,1.16415219,0.06281402
0.38606909,0.04969532,0.06669254,0.02269022,0.13448222,0.03564459,-0.13060971,0.77170105,-1.64147899,0.15195165,-0.11905569,-1.12439406,-0.12148976,0.90192883,-1.61514418,0.19896244,0.69657565,-1.49572346,0.38580412,0.01985858,0.00186179,0.29750050,0.40533964,0.18327825,-0.28499644,0.19220183,-0.17896170,-0.28612692,-0.19288557,0.20176425,-0.27669394,-0.23617211,-0.17681990,-0.26681848,2.41094599,-0.18925374,0.00229180,0.02738969,-0.08335164,0.99614108,2.84110737,-0.07588565,0.01250405,2.57073431,-0.39766805,0.01137358,2.25427289,0.04175967,0.02080656,2.14867306,-0.32436647,0.03068202,-0.21901403,1.23539467,0.12649099,-0.10152856,1.18687303,-0.86691772,0.33038270,-3.13768392,-1.24580066,-0.23773337,1.17616057,0.04055699
0.42596978,0.06046259,0.06200480,0.01767587,0.10500065,0.04362721,-0.13285666,0.78454279,-1.63953900,0.14949950,-0.10300228,-1.14067943,-0.11843982,0.86885866,-1.62738435,0.19661532,0.70925156,-1.49542463,0.38580412,0.01985858,0.00186179,0.29787552,0.40162456,0.18268393,-0.28589485,0.18789964,-0.17964198,-0.28627389,-0.19720353,0.20113400,-0.27684748,-0.22482580,-0.17584614,-0.26659861,2.41509061,-0.18936819,0.00232997,0.02791583,-0.08314298,0.99614383,2.84144254,-0.07579119,0.01198067,2.57061029,-0.39767361,0.01160164,2.25395861,0.04167422,0.02102804,2.16422472,-0.32551081,0.03127691,-0.23388787,1.33889904,0.20839570,-0.26731936,1.70394399,-1.75991054,0.31464545,-3.45259743,-1.26568670,-0.24353413,1.32550883,0.03031194
0.39870095,0.06058351,0.04723376,0.00947589,0.05642737,0.03830635,-0.13507177,0.79751791,-1.63684039,0.14618599,-0.08402202,-1.16221197,-0.11580428,0.83493429,-1.63831279,0.19434559,0.72245666,-1.49523041,0.38580412,0.01985858,0.00186179,0.29814428,0.39757758,0.18179216,-0.28624996,0.18355505,-0.18032373,-0.28639722,-0.20155634,0.20051253,-0.27699346,-0.21341701,-0.17496390,-0.26618285,2.41935010,-0.18944030,0.00235103,0.02823739,-0.08293942,0.99615168,2.84151702,-0.07589992,0.01189432,2.57055707,-0.39763625,0.01174706,2.25372839,0.04164341,0.02115082,2.17993727,-0.32670167,0.03196143,-0.20984627,1.23264890,0.26350021,-0.31918767,1.82412632,-2.07921801,0.24579495,-3.22745733,-1.02319255,-0.21490530,1.25786834,0.01737244
0.44650969,0.06965687,0.04382623,0.00154009,0.00919548,0.03174178,-0.13723020,0.81062561,-1.63323140,0.14287296,-0.06337172,-1.18521428,-0.11382709,0.80020243,-1.64760458,0.19209911,0.73626631,-1.49528384,0.38580412,0.01985858,0.00186179,0.29833138,0.39329424,0.18089854,-0.28637579,0.17916029,-0.18100310,-0.28650755,-0.20592299,0.19987960,-0.27713387,-0.20198415,-0.17424788,-0.26559411,2.42369409,-0.18949298,0.00235321,0.02831828,-0.08277981,0.99616266,2.84145255,-0.07599185,0.01195559,2.57052107,-0.39758520,0.01182383,2.25358720,0.04163421,0.02119751,2.19571944,-0.32801185,0.03273727,-0.22390297,1.36736774,0.39015707,-0.34206918,2.17123508,-2.40379572,0.19502918,-3.62972164,-0.94279641,-0.23385136,1.44813943,-0.01004338
0.44020994,0.06842512,0.03717047,-0.00837839,-0.05009928,0.01073420,-0.13931538,0.82383708,-1.62845919,0.13998750,-0.04207586,-1.20679080,-0.11273240,0.76471298,-1.65476441,0.18985108,0.75103240,-1.49596479,0.38580412,0.01985858,0.00186179,0.29845304,0.38889914,0.18016197,-0.28648992,0.17472544,-0.18167915,-0.28660187,-0.21029970,0.19921524,-0.27724306,-0.19056678,-0.17376178,-0.26484664,2.42808132,-0.18954543,0.00233136,0.02807384,-0.08272626,0.99617408,2.84137106,-0.07600041,0.01196312,2.57044530,-0.39755695,0.01185117,2.25352297,0.04162995,0.02120998,2.21146288,-0.32949293,0.03360640,-0.21230313,1.34561849,0.48718451,-0.29343963,2.16924331,-2.19508138,0.11076157,-3.61512566,-0.72630905,-0.22892305,1.50517156,-0.07029639
0.41899154,0.06343373,0.02884999,-0.01788661,-0.10690333,-0.01715579,-0.14133299,0.83702565,-1.62301805,0.13745036,-0.02063032,-1.22650273,-0.11208088,0.72905903,-1.65955272,0.18766339,0.76670039,-1.49733422,0.38580412,0.01985858,0.00186179,0.29851678,0.38448475,0.17955871,-0.28663823,0.17033952,-0.18234292,-0.28663296,-0.21467535,0.19853699,-0.27729794,-0.17935772,-0.17339825,-0.26409265,2.43245297,-0.18961296,0.00228917,0.02754041,-0.08280383,0.99618262,2.84130669,-0.07599744,0.01187855,2.57034974,-0.39757682,0.01188382,2.25350247,0.04164266,0.02121884,2.22692833,-0.33101935,0.03442413,-0.19542674,1.28149095,0.53068997,-0.24373532,2.08582308,-1.90255446,0.06205849,-3.46403618,-0.44364533,-0.21165684,1.53005226,-0.13815363
0.44263448,0.06357691,0.02169630,-0.02790232,-0.16643582,-0.04765608,-0.14324662,0.85011233,-1.61773138,0.13532205,0.00088094,-1.24455507,-0.11148946,0.69396937,-1.66146502,0.18563921,0.78313832,-1.49924066,0.38580412,0.01985858,0.00186179,0.29850419,0.38007246,0.17909496,-0.28678976,0.16613406,-0.18296651,-0.28650805,-0.21904682,0.19787836,-0.27729131,-0.16862461,-0.17306740,-0.26348987,2.43675766,-0.18971192,0.00222953,0.02675286,-0.08302167,0.99618608,2.84123245,-0.07600075,0.01171443,2.57031355,-0.39765444,0.01199614,2.25348730,0.04169536,0.02121288,2.24181152,-0.33247951,0.03501432,-0.19826441,1.36217022,0.54494143,-0.21757817,2.24086514,-1.86670113,0.06227940,-3.64689660,-0.17210840,-0.20899846,1.71816194,-0.20225345
0.39303518,0.05262501,0.00907307,-0.03228994,-0.19192944,-0.06738574,-0.14509022,0.86309134,-1.61348915,0.13364004,0.02233774,-1.26119120,-0.11085035,0.65991888,-1.66043324,0.18384108,0.80004947,-1.50142424,0.38580412,0.01985858,0.00186179,0.29839568,0.37569407,0.17877019,-0.28690545,0.16223537,-0.18354060,-0.28612307,-0.22338264,0.19726417,-0.27723906,-0.15849458,-0.17274930,-0.26311163,2.44094601,-0.18984958,0.00215488,0.02575033,-0.08336607,0.99618391,2.84112735,-0.07600885,0.01149023,2.57041912,-0.39780193,0.01227261,2.25345707,0.04179855,0.02115662,2.25594383,-0.33385322,0.03528404,-0.17466992,1.23085661,0.39017003,-0.15560865,2.03544197,-1.56663961,0.06090581,-3.22124228,0.12455848,-0.16843478,1.60809019,-0.20887752
0.41584053,0.05223526,-0.00336282,-0.04232500,-0.25034287,-0.09420659,-0.14702432,0.87592691,-1.61085367,0.13230605,0.04365288,-1.27671003,-0.11034393,0.62665713,-1.65666711,0.18230385,0.81705856,-1.50370121,0.38580412,0.01985858,0.00186179,0.29818192,0.37138150,0.17854835,-0.28695130,0.15873827,-0.18409807,-0.28540421,-0.22761122,0.19670977,-0.27716100,-0.14884441,-0.17249324,-0.26293466,2.44498225,-0.19001728,0.00206628,0.02456114,-0.08380661,0.99617716,2.84097452,-0.07602672,0.01123062,2.57073136,-0.39804877,0.01277772,2.25343533,0.04195552,0.02102092,2.26941080,-0.33521799,0.03524726,-0.20354798,1.33465970,0.24905799,-0.13429485,2.21799850,-1.60114455,0.04982762,-3.45502043,0.43214855,-0.15612133,1.77182996,-0.23807584
0.39130621,0.04719117,-0.01430023,-0.04744828,-0.27899867,-0.10323534,-0.14924402,0.88829154,-1.61042030,0.13124441,0.06479791,-1.29130111,-0.11029124,0.59328424,-1.64977589,0.18105336,0.83399469,-1.50625505,0.38580412,0.01985858,0.00186179,0.29786372,0.36716180,0.17840332,-0.28688617,0.15585010,-0.18467980,-0.28426748,-0.23164008,0.19621851,-0.27703810,-0.13941951,-0.17239017,-0.26294249,2.44883833,-0.19020423,0.00196168,0.02317825,-0.08431386,0.99616770,2.84076181,-0.07604854,0.01097755,2.57143183,-0.39845100,0.01359625,2.25347233,0.04215531,0.02082562,2.28242808,-0.33670952,0.03492123,-0.22644184,1.25825663,0.04123317,-0.10784185,2.15342486,-1.48514767,0.00462474,-3.39998131,0.70564477,-0.12714416,1.72510343,-0.26087099
0.36475199,0.04121551,-0.01837574,-0.05105181,-0.29821177,-0.10301127,-0.15170985,0.89962288,-1.61228440,0.13038956,0.08572300,-1.30512929,-0.11085824,0.55920671,-1.64003935,0.17993160,0.85111271,-1.50943246,0.38580412,0.01985858,0.00186179,0.29751035,0.36303986,0.17831400,-0.28672215,0.15373775,-0.18527748,-0.28276331,-0.23551020,0.19573682,-0.27683872,-0.13000278,-0.17247716,-0.26307830,2.45259800,-0.19041547,0.00184287,0.02163889,-0.08484434,0.99615752,2.84056449,-0.07606589,0.01078820,2.57278786,-0.39902380,0.01474704,2.25358239,0.04233062,0.02067163,2.29529906,-0.33842267,0.03443205,-0.24115692,1.08950639,-0.20144978,-0.08169239,2.03179300,-1.33791766,-0.06121720,-3.31930618,0.96923511,-0.10878071,1.66738629,-0.31487742
0.38743019,0.04041982,-0.02019919,-0.05923895,-0.34392657,-0.10731810,-0.15429322,0.90905721,-1.61682405,0.12966561,0.10624911,-1.31813943,-0.11228055,0.52438982,-1.62745042,0.17881491,0.86861227,-1.51324170,0.38580412,0.01985858,0.00186179,0.29716762,0.35904245,0.17825793,-0.28648107,0.15269807,-0.18585155,-0.28092067,-0.23929776,0.19522862,-0.27655970,-0.12057353,-0.17281645,-0.26329756,2.45632291,-0.19066184,0.00171178,0.01997740,-0.08536301,0.99614815,2.84045892,-0.07608916,0.01068655,2.57517453,-0.39978331,0.01624695,2.25372958,0.04243380,0.02060792,2.30810485,-0.34044470,0.03387006,-0.26941374,0.96144968,-0.49829482,-0.07481165,2.13371158,-1.34791422,-0.15683788,-3.63284340,1.33683078,-0.11663622,1.82611785,-0.40101406
0.34745232,0.03435700,-0.02066401,-0.05617905,-0.32429392,-0.09033303,-0.15685844,0.91561906,-1.62429686,0.12896321,0.12626111,-1.33042490,-0.11473417,0.48901536,-1.61203027,0.17765791,0.88624001,-1.51723187,0.38580412,0.01985858,0.00186179,0.29681712,0.35517577,0.17820141,-0.28618968,0.15301917,-0.18636337,-0.27879073,-0.24303483,0.19469312,-0.27624662,-0.11118547,-0.17345588,-0.26356683,2.45998807,-0.19092819,0.00157291,0.01825316,-0.08584412,0.99614012,2.84041457,-0.07611860,0.01062743,2.57886763,-0.40072291,0.01802639,2.25384507,0.04247362,0.02057050,2.32076650,-0.34280481,0.03325029,-0.24292147,0.59278477,-0.73698564,-0.06677993,1.89439816,-1.15992465,-0.24282633,-3.36160030,1.48954194,-0.11021582,1.67255425,-0.37834777
0.37397060,0.03595552,-0.02692373,-0.06313757,-0.36245843,-0.09436758,-0.15942428,0.91830277,-1.63446259,0.12824848,0.14583018,-1.34219825,-0.11826628,0.45348662,-1.59402752,0.17645544,0.90363663,-1.52105117,0.38580412,0.01985858,0.00186179,0.29644376,0.35141798,0.17813219,-0.28585077,0.15491997,-0.18682640,-0.27644335,-0.24669002,0.19413980,-0.27594575,-0.10192199,-0.17440739,-0.26385748,2.46358366,-0.19120300,0.00142926,0.01649741,-0.08630045,0.99613153,2.84040089,-0.07616190,0.01059299,2.58406492,-0.40188895,0.02000041,2.25395747,0.04247003,0.02049801,2.33318563,-0.34548320,0.03258628,-0.26763231,0.21803378,-1.09718740,-0.07463247,2.03236008,-1.21961534,-0.38399452,-3.70135880,1.91234040,-0.12594275,1.80762255,-0.39450821
0.35906628,0.03427598,-0.03320951,-0.06498400,-0.37102727,-0.09809152,-0.16229711,0.91489332,-1.64564841,0.12755945,0.16514183,-1.35354581,-0.12292686,0.41862405,-1.57378142,0.17528220,0.92103984,-1.52509179,0.38580412,0.01985858,0.00186179,0.29601499,0.34775376,0.17806260,-0.28543137,0.15876338,-0.18736484,-0.27407950,-0.25023244,0.19357976,-0.27561173,-0.09292867,-0.17568665,-0.26414702,2.46710401,-0.19147916,0.00127675,0.01465632,-0.08678203,0.99611869,2.84041066,-0.07623547,0.01058362,2.59107495,-0.40347587,0.02193549,2.25411678,0.04245637,0.02040326,2.34519425,-0.34844905,0.03186796,-0.29326347,-0.35601193,-1.13735332,-0.07007172,1.96685355,-1.15531023,-0.47579448,-3.54910088,2.06402674,-0.11927518,1.77324870,-0.41253565
0.33743678,0.03106136,-0.03982768,-0.06661456,-0.37798199,-0.10334010,-0.16566472,0.90463088,-1.65471337,0.12697651,0.18441499,-1.36454425,-0.12836453,0.38531364,-1.55225494,0.17430937,0.93906155,-1.52990856,0.38580412,0.01985858,0.00186179,0.29552202,0.34414164,0.17801844,-0.28492909,0.16425631,-0.18809726,-0.27204564,-0.25373144,0.19304513,-0.27514493,-0.08435560,-0.17719603,-0.26445893,2.47056995,-0.19176480,0.00111288,0.01269879,-0.08730988,0.99609964,2.84043327,-0.07633015,0.01059293,2.59959889,-0.40556903,0.02347638,2.25429101,0.04247757,0.02037709,2.35667439,-0.35158377,0.03106310,-0.33125406,-1.05681218,-0.85153978,-0.05533621,1.87381332,-1.06648610,-0.53364833,-3.22114525,2.09955969,-0.09233529,1.75879500,-0.47499539
0.35703180,0.03041720,-0.04955623,-0.07541663,-0.42524485,-0.12058661,-0.16935800,0.88699539,-1.65953248,0.12657893,0.20366718,-1.37517552,-0.13432178,0.35462353,-1.53026619,0.17359274,0.95785922,-1.53532698,0.38580412,0.01985858,0.00186179,0.29497660,0.34056644,0.17802288,-0.28435281,0.17120835,-0.18902350,-0.27059814,-0.25726921,0.19255287,-0.27453912,-0.07644648,-0.17886989,-0.26482086,2.47398873,-0.19207315,0.00093861,0.01064045,-0.08788452,0.99607340,2.84046531,-0.07643337,0.01062379,2.60945425,-0.40815479,0.02437846,2.25440989,0.04255248,0.02043748,2.36740337,-0.35479396,0.03015574,-0.38572958,-1.90202284,-0.45819876,-0.03956109,2.00494809,-1.10398531,-0.62389334,-3.16834664,2.29006405,-0.07267929,1.96422925,-0.56690574
0.32059519,0.02447337,-0.04852007,-0.07162870,-0.40112859,-0.11923215,-0.17276458,0.86277235,-1.65955794,0.12637567,0.22282491,-1.38537221,-0.14043068,0.32771095,-1.50893869,0.17300566,0.97713960,-1.54064524,0.38580412,0.01985858,0.00186179,0.29440866,0.33702783,0.17807914,-0.28372408,0.17933184,-0.18998546,-0.26980325,-0.26089640,0.19208290,-0.27389311,-0.06945868,-0.18060987,-0.26525214,2.47735577,-0.19241043,0.00075588,0.00850821,-0.08850721,0.99603891,2.84050298,-0.07654828,0.01068458,2.62037840,-0.41104004,0.02460541,2.25441637,0.04266573,0.02051555,2.37713914,-0.35794309,0.02915652,-0.31787584,-2.35513887,0.04119807,-0.01758445,1.81705976,-0.96337399,-0.57963406,-2.51519065,2.01375751,-0.05515073,1.83289881,-0.50118501
0.34372194,0.02281092,-0.05334320,-0.08242213,-0.45807633,-0.14018932,-0.17504284,0.83386147,-1.65572309,0.12632769,0.24191950,-1.39500833,-0.14613599,0.30573666,-1.48957038,0.17254180,0.99663919,-1.54547501,0.38580412,0.01985858,0.00186179,0.29385209,0.33350734,0.17818036,-0.28307381,0.18827942,-0.19072443,-0.26953012,-0.26460006,0.19164222,-0.27326851,-0.06362601,-0.18226487,-0.26579241,2.48064704,-0.19277595,0.00056360,0.00629499,-0.08917302,0.99599610,2.84050198,-0.07667335,0.01077829,2.63205190,-0.41391282,0.02432197,2.25429840,0.04282164,0.02058358,2.38565560,-0.36083956,0.02805968,-0.21730548,-3.07308865,0.45184788,-0.00285916,1.98844433,-0.99489087,-0.58598816,-2.21118689,1.98338914,-0.04611723,2.03381467,-0.49521026
0.32075308,0.01880876,-0.04868110,-0.08729677,-0.48139176,-0.13628628,-0.17539564,0.80267496,-1.64956610,0.12635922,0.26116807,-1.40378165,-0.15063768,0.29065503,-1.47418110,0.17256143,1.01656148,-1.55002599,0.38580412,0.01985858,0.00186179,0.29334843,0.32996684,0.17831679,-0.28243177,0.19768695,-0.19097459,-0.26950430,-0.26834469,0.19132107,-0.27261857,-0.05930700,-0.18361481,-0.26649469,2.48377762,-0.19315732,0.00035215,0.00390582,-0.08984123,0.99594838,2.84032884,-0.07676907,0.01091666,2.64409700,-0.41642649,0.02384413,2.25400315,0.04309744,0.02072986,2.39256883,-0.36319460,0.02685374,-0.03379434,-3.17642212,0.62808986,0.00312858,1.96090679,-0.89244441,-0.45662752,-1.52736032,1.56139126,0.00267526,2.03008044,-0.46360358
0.27716237,0.01645010,-0.03839088,-0.09428937,-0.51599471,-0.11246514,-0.17427950,0.77185838,-1.64288347,0.12628029,0.28075880,-1.41170230,-0.15365476,0.28225394,-1.46357911,0.17303815,1.03732326,-1.55469375,0.38580412,0.01985858,0.00186179,0.29293613,0.32640167,0.17843779,-0.28179151,0.20711233,-0.19080610,-0.26936399,-0.27213216,0.19109596,-0.27193027,-0.05634536,-0.18456340,-0.26732602,2.48664141,-0.19350956,0.00011293,0.00124647,-0.09042870,0.99590215,2.83984447,-0.07678042,0.01114462,2.65599914,-0.41849943,0.02357215,2.25337944,0.04347659,0.02100586,2.39797464,-0.36490574,0.02561012,0.11722892,-2.98550224,0.64947007,-0.00950297,1.90808773,-0.76340436,-0.28025979,-0.76217005,0.98829267,0.04891232,2.02745206,-0.45588812
0.27639086,0.01565025,-0.03324889,-0.11526655,-0.62730318,-0.08716507,-0.17232018,0.74258025,-1.63636119,0.12592757,0.30083618,-1.41881680,-0.15498167,0.28081644,-1.45856538,0.17377763,1.05930800,-1.55965590,0.38580412,0.01985858,0.00186179,0.29262128,0.32281836,0.17849721,-0.28112930,0.21635336,-0.19037147,-0.26889325,-0.27599129,0.19090090,-0.27122892,-0.05471946,-0.18503962,-0.26826024,2.48928185,-0.19383918,-0.00016163,-0.00176938,-0.09086085,0.99586201,2.83907271,-0.07670976,0.01149198,2.66761132,-0.42022088,0.02372803,2.25239497,0.04385590,0.02139236,2.40197921,-0.36592094,0.02436104,0.20858942,-3.03358574,0.67640835,-0.03970153,2.09638166,-0.73428744,-0.12260935,-0.08656978,0.46952662,0.07865652,2.30213695,-0.51990747
0.26269193,0.01038448,-0.02986093,-0.11828707,-0.64153194,-0.04509614,-0.17005750,0.71493192,-1.63007500,0.12524471,0.32152807,-1.42522635,-0.15472555,0.28654640,-1.45972080,0.17465763,1.08260584,-1.56490006,0.38580412,0.01985858,0.00186179,0.29233482,0.31919248,0.17847638,-0.28044113,0.22538791,-0.18981980,-0.26801415,-0.27993655,0.19069733,-0.27053168,-0.05443409,-0.18505655,-0.26922909,2.49200964,-0.19422705,-0.00047187,-0.00515648,-0.09111352,0.99582705,2.83829069,-0.07663839,0.01189369,2.67920838,-0.42179660,0.02432067,2.25132723,0.04410448,0.02180314,2.40489688,-0.36633272,0.02310573,0.21616503,-2.61023788,0.59511033,-0.06785587,1.96989145,-0.60218509,0.03781687,0.61082295,-0.16860399,0.08452982,2.22303443,-0.49993331
0.31873764,0.00891434,-0.03892564,-0.14120550,-0.76457782,-0.01893773,-0.16757490,0.68815851,-1.62351763,0.12428132,0.34287035,-1.43106806,-0.15365469,0.29954678,-1.46756637,0.17563994,1.10692739,-1.57021976,0.38580412,0.01985858,0.00186179,0.29202121,0.31547814,0.17838390,-0.27974995,0.23431654,-0.18918974,-0.26682680,-0.28395979,0.19047888,-0.26984118,-0.05551606,-0.18480129,-0.27003556,2.49499793,-0.19468939,-0.00080935,-0.00883514,-0.09122049,0.99579120,2.83763547,-0.07659287,0.01227126,2.69104119,-0.42330269,0.02519441,2.25037189,0.04421114,0.02218004,2.40682979,-0.36632834,0.02198566,0.26227346,-2.77953577,0.68967038,-0.10423920,2.23279738,-0.60062110,0.11983699,1.46259737,-0.91873103,0.10380521,2.54717445,-0.55427849
0.34720482,0.01048438,-0.04791878,-0.14077638,-0.76185566,0.00076120,-0.16440096,0.66090124,-1.61557248,0.12309232,0.36476309,-1.43657222,-0.15315471,0.32039278,-1.48310955,0.17675327,1.13150027,-1.57491195,0.38580412,0.01985858,0.00186179,0.29163806,0.31162077,0.17822316,-0.27909911,0.24330212,-0.18837485,-0.26558248,-0.28805973,0.19026994,-0.26917590,-0.05813679,-0.18461749,-0.27032173,2.49837513,-0.19520911,-0.00115636,-0.01262383,-0.09121417,0.99575061,2.83718968,-0.07656805,0.01253895,2.70340367,-0.42465258,0.02605558,2.24967819,0.04422958,0.02246216,2.40766416,-0.36619163,0.02131633,0.32441466,-2.77798495,0.81160330,-0.12127326,2.23007202,-0.56062407,0.04941987,2.13073444,-1.59051940,0.11348774,2.50186372,-0.47605700
0.36390047,0.01331141,-0.05383990,-0.12669924,-0.68601630,0.01578436,-0.16039212,0.63217900,-1.60587313,0.12180537,0.38672183,-1.44220681,-0.15373179,0.34615342,-1.50338609,0.17790315,1.15506737,-1.57793691,0.38580412,0.01985858,0.00186179,0.29120828,0.30764399,0.17801398,-0.27851377,0.25243816,-0.18734005,-0.26448931,-0.29224615,0.19008666,-0.26859652,-0.06185202,-0.18466075,-0.27012105,2.50207386,-0.19575511,-0.00148510,-0.01622666,-0.09113330,0.99570538,2.83692160,-0.07654607,0.01269450,2.71630955,-0.42580813,0.02671897,2.24919019,0.04422531,0.02261176,2.40772767,-0.36611961,0.02108723,0.39578454,-2.80641713,0.95610224,-0.12526003,2.13286877,-0.55119596,-0.06345237,2.52806597,-1.99153826,0.11140779,2.27723918,-0.27556023
0.41403451,0.01636693,-0.06116731,-0.11608869,-0.62926737,0.02379743,-0.15576078,0.60173199,-1.59488809,0.12055227,0.40822812,-1.44847267,-0.15500243,0.37354809,-1.52476916,0.17897175,1.17648528,-1.57840362,0.38580412,0.01985858,0.00186179,0.29077428,0.30358627,0.17777765,-0.27800638,0.26170500,-0.18612261,-0.26355658,-0.29654105,0.18993545,-0.26812969,-0.06617684,-0.18486469,-0.26968606,2.50601421,-0.19632292,-0.00176789,-0.01934041,-0.09101530,0.99566010,2.83680158,-0.07653464,0.01276790,2.72963605,-0.42681024,0.02721770,2.24882498,0.04423014,0.02264459,2.40741654,-0.36612524,0.02108822,0.48634595,-3.18652964,1.15139484,-0.12961700,2.23382483,-0.66076216,-0.13578646,2.85231457,-2.22014480,0.11019818,2.20726728,-0.02311766
0.39092967,0.01535584,-0.05454722,-0.07753556,-0.42077736,0.01220271,-0.15085117,0.56974094,-1.58370750,0.11946460,0.42882709,-1.45587685,-0.15639099,0.39962021,-1.54413805,0.17989123,1.19489548,-1.57602196,0.38580412,0.01985858,0.00186179,0.29037479,0.29947676,0.17753860,-0.27758928,0.27101750,-0.18478356,-0.26269630,-0.30093402,0.18982434,-0.26771587,-0.07068109,-0.18511266,-0.26927146,2.51010385,-0.19691188,-0.00197943,-0.02167119,-0.09093935,0.99561864,2.83678918,-0.07656664,0.01278551,2.74315982,-0.42773728,0.02767849,2.24853964,0.04429079,0.02265892,2.40705595,-0.36615622,0.02110333,0.46742300,-3.04956636,1.05875206,-0.10125832,1.94528170,-0.71488124,-0.13102952,2.45401583,-1.81125903,0.08571525,1.71701250,0.25235979
0.43690222,0.01717653,-0.05528613,-0.04480005,-0.24308182,-0.02449612,-0.14581896,0.53635949,-1.57323921,0.11868914,0.44825786,-1.46473694,-0.15753245,0.42295349,-1.56003499,0.18058002,1.20978856,-1.57120633,0.38580412,0.01985858,0.00186179,0.29003000,0.29531261,0.17733343,-0.27728169,0.28030180,-0.18334034,-0.26185135,-0.30533691,0.18974286,-0.26724625,-0.07520522,-0.18533145,-0.26900724,2.51426955,-0.19751274,-0.00210304,-0.02300163,-0.09102599,0.99558062,2.83684416,-0.07667277,0.01274832,2.75667615,-0.42864434,0.02817865,2.24840398,0.04445519,0.02278376,2.40670247,-0.36613331,0.02102277,0.52580047,-3.49760032,1.07713044,-0.07553864,2.00594568,-0.94543391,-0.11423974,2.38661838,-1.60095084,0.06793998,1.49753678,0.53541362
0.42852632,0.01942713,-0.04818738,-0.00240495,-0.01327942,-0.09037282,-0.14040233,0.50127968,-1.56371775,0.11842058,0.46623957,-1.47523546,-0.15840667,0.44283233,-1.57158239,0.18071657,1.22051690,-1.56481845,0.38580412,0.01985858,0.00186179,0.28975166,0.29106831,0.17721566,-0.27712774,0.28951936,-0.18170876,-0.26109440,-0.30954763,0.18961895,-0.26660087,-0.07976602,-0.18553534,-0.26893978,2.51845837,-0.19809559,-0.00212041,-0.02308054,-0.09146248,0.99553875,2.83694415,-0.07688109,0.01262392,2.77002268,-0.42951497,0.02865726,2.24864235,0.04475085,0.02315080,2.40622182,-0.36599121,0.02081188,0.55252824,-3.57508907,0.96917678,-0.02676091,1.82975752,-1.07089546,-0.08902367,2.02064903,-1.17113184,0.01280407,1.08817286,0.65141647
0.40658938,0.02496606,-0.03942450,0.03704130,0.19833344,-0.16691854,-0.13431134,0.46457368,-1.55450068,0.11857177,0.48294076,-1.48686857,-0.15933584,0.45962570,-1.57940471,0.17988586,1.22797801,-1.55793245,0.38580412,0.01985858,0.00186179,0.28952801,0.28676623,0.17717576,-0.27712245,0.29867944,-0.17983297,-0.26052035,-0.31349514,0.18932364,-0.26580000,-0.08432124,-0.18580648,-0.26899618,2.52263232,-0.19862120,-0.00205069,-0.02212334,-0.09228696,0.99548454,2.83708186,-0.07718149,0.01240556,2.78316269,-0.43029603,0.02900766,2.24928341,0.04510615,0.02372801,2.40559106,-0.36576026,0.02053184,0.59840207,-3.58163013,0.89667240,0.01746478,1.61384594,-1.13849237,-0.09211426,1.60769522,-0.73190929,-0.09106919,0.70255003,0.67131915
0.43132547,0.03685081,-0.03481395,0.07362388,0.39022477,-0.25448323,-0.12746461,0.42629384,-1.54499485,0.11900308,0.49851034,-1.49940021,-0.16053510,0.47333434,-1.58379438,0.17762823,1.23284183,-1.55092373,0.38580412,0.01985858,0.00186179,0.28935814,0.28243078,0.17718023,-0.27724284,0.30778157,-0.17770889,-0.26016732,-0.31720551,0.18872521,-0.26490993,-0.08877747,-0.18619898,-0.26912208,2.52677880,-0.19905536,-0.00190493,-0.02029005,-0.09347819,0.99541274,2.83725839,-0.07755474,0.01211530,2.79609409,-0.43095883,0.02919082,2.25025530,0.04542633,0.02444821,2.40488768,-0.36547067,0.02023606,0.71961131,-4.00078430,0.99535284,0.04661567,1.61307669,-1.31285477,-0.12788251,1.40120904,-0.42863486,-0.24943873,0.48679112,0.72986180
0.38973336,0.04425178,-0.02361679,0.09144784,0.47805406,-0.27939176,-0.12001112,0.38666641,-1.53460586,0.11950552,0.51333085,-1.51273110,-0.16206374,0.48433201,-1.58529384,0.17385217,1.23582463,-1.54418206,0.38580412,0.01985858,0.00186179,0.28924972,0.27805877,0.17717444,-0.27744373,0.31681048,-0.17539822,-0.26002823,-0.32068814,0.18777984,-0.26396838,-0.09309262,-0.18672281,-0.26928765,2.53090678,-0.19938511,-0.00169642,-0.01779181,-0.09492790,0.99532370,2.83744359,-0.07796584,0.01180599,2.80885043,-0.43150736,0.02922149,2.25149584,0.04562852,0.02528134,2.40419655,-0.36514447,0.01996207,0.71223688,-3.77242794,0.99628737,0.04752585,1.40124822,-1.27233634,-0.14811506,1.02065680,-0.11773970,-0.37188201,0.26805467,0.63567263
0.42835043,0.05922531,-0.01326770,0.11948467,0.61477760,-0.32127533,-0.11219472,0.34592161,-1.52259982,0.11986826,0.52781904,-1.52667248,-0.16386807,0.49330059,-1.58451009,0.16909204,1.23748636,-1.53817737,0.38580412,0.01985858,0.00186179,0.28923097,0.27363204,0.17710567,-0.27769268,0.32575658,-0.17299157,-0.26010208,-0.32388874,0.18660245,-0.26294626,-0.09729357,-0.18735882,-0.26949996,2.53504987,-0.19962853,-0.00143958,-0.01485249,-0.09646210,0.99522480,2.83760090,-0.07836936,0.01153830,2.82152052,-0.43196018,0.02912889,2.25302620,0.04570194,0.02628471,2.40358587,-0.36481504,0.01973101,0.81865484,-4.26014137,1.27769995,0.03497675,1.50568771,-1.46035838,-0.19174254,0.90680641,0.11341273,-0.50766575,0.15524030,0.61281025
0.42799052,0.06406572,0.00581824,0.12618796,0.63920163,-0.28210243,-0.10425855,0.30393956,-1.50753150,0.11995037,0.54225167,-1.54084373,-0.16579935,0.50090529,-1.58183310,0.16452623,1.23799281,-1.53343132,0.38580412,0.01985858,0.00186179,0.28938495,0.26914281,0.17694815,-0.27797483,0.33465268,-0.17059186,-0.26045543,-0.32664796,0.18548252,-0.26175448,-0.10143966,-0.18806438,-0.26980253,2.53929057,-0.19982961,-0.00114691,-0.01166871,-0.09784804,0.99513230,2.83774324,-0.07869124,0.01141012,2.83430806,-0.43233485,0.02892952,2.25502477,0.04572203,0.02763047,2.40316425,-0.36453492,0.01958242,0.80823168,-4.27756977,1.53939583,0.00799720,1.47004385,-1.44317803,-0.19664465,0.77378252,0.27418666,-0.46382893,0.05038844,0.48138698
0.41461859,0.06309641,0.02049510,0.12375764,0.61854287,-0.20474519,-0.09644246,0.26066415,-1.48876381,0.11972110,0.55670148,-1.55477672,-0.16766528,0.50804693,-1.57813470,0.16082052,1.23754573,-1.53048437,0.38580412,0.01985858,0.00186179,0.28965968,0.26462457,0.17670213,-0.27828521,0.34359743,-0.16826711,-0.26107691,-0.32880539,0.18457923,-0.26039167,-0.10560135,-0.18877928,-0.27019099,2.54359174,-0.20003079,-0.00083846,-0.00843819,-0.09892961,0.99505830,2.83782802,-0.07889112,0.01137447,2.84733200,-0.43265681,0.02858277,2.25756574,0.04567555,0.02926801,2.40288778,-0.36432217,0.01946869,0.75779122,-4.21894798,1.85749729,-0.02544373,1.40451694,-1.35081606,-0.18049479,0.69301724,0.36498109,-0.35450534,-0.05203883,0.26664734
0.44827469,0.06627138,0.03444100,0.13215168,0.65476530,-0.13553293,-0.08902593,0.21587805,-1.46579416,0.11903921,0.57103099,-1.56810772,-0.16940704,0.51510686,-1.57390976,0.15760255,1.23574872,-1.53052907,0.38580412,0.01985858,0.00186179,0.29002854,0.26012260,0.17633637,-0.27865405,0.35268305,-0.16609273,-0.26192535,-0.32996254,0.18379720,-0.25895803,-0.10979969,-0.18947726,-0.27063131,2.54792991,-0.20025662,-0.00052458,-0.00524245,-0.09961522,0.99501208,2.83784719,-0.07898727,0.01137449,2.86068669,-0.43296959,0.02810319,2.26095248,0.04530527,0.03107051,2.40274701,-0.36420640,0.01939723,0.76738967,-4.67926655,2.43092160,-0.07572937,1.49063909,-1.38177562,-0.18021873,0.73567027,0.44294593,-0.33370218,-0.20245313,-0.03719032
0.41088191,0.05676992,0.04100965,0.11838366,0.58398604,-0.04393408,-0.08239418,0.16969481,-1.43886364,0.11785122,0.58507744,-1.58058822,-0.17095428,0.52224139,-1.56947994,0.15457278,1.23176570,-1.53438206,0.38580412,0.01985858,0.00186179,0.29047230,0.25567147,0.17584226,-0.27910776,0.36193237,-0.16416134,-0.26287660,-0.32970671,0.18307005,-0.25758954,-0.11403335,-0.19013046,-0.27109293,2.55228849,-0.20052573,-0.00021198,-0.00211208,-0.09988652,0.99499657,2.83781104,-0.07901329,0.01136455,2.87436753,-0.43335416,0.02759570,2.26555062,0.04442846,0.03288276,2.40273757,-0.36419528,0.01937937,0.62070397,-4.39484406,2.59033704,-0.11729439,1.33009536,-1.17605429,-0.14463700,0.67812604,0.42152736,-0.28566714,-0.40156710,-0.40208137
0.45329834,0.05615953,0.05454119,0.12712240,0.62700153,0.03088845,-0.07689176,0.12292966,-1.40910208,0.11628637,0.59884661,-1.59217298,-0.17217436,0.52950895,-1.56492424,0.15192144,1.22458482,-1.54115260,0.38580412,0.01985858,0.00186179,0.29097891,0.25126019,0.17525887,-0.27964076,0.37120775,-0.16255058,-0.26377625,-0.32794497,0.18247171,-0.25645053,-0.11831283,-0.19069999,-0.27158444,2.55665989,-0.20085293,0.00009553,0.00095255,-0.09978937,0.99500812,2.83771940,-0.07898040,0.01133814,2.88819499,-0.43388159,0.02720265,2.27148195,0.04310888,0.03452837,2.40283366,-0.36426009,0.01939447,0.55523217,-4.87596321,3.13700724,-0.16793515,1.43045175,-1.19350851,-0.12169591,0.75916195,0.47646460,-0.26950613,-0.79949194,-0.74264401
0.44562525,0.04813124,0.06166659,0.12208450,0.60381902,0.08324575,-0.07276748,0.07766012,-1.37827342,0.11452354,0.61246470,-1.60283597,-0.17292120,0.53685739,-1.56002696,0.14919392,1.21255760,-1.54836471,0.38580412,0.01985858,0.00186179,0.29154888,0.24684351,0.17463751,-0.28023903,0.38005282,-0.16131771,-0.26457235,-0.32473594,0.18193118,-0.25594603,-0.12265775,-0.19115090,-0.27214880,2.56104641,-0.20125513,0.00039556,0.00396219,-0.09938434,0.99504115,2.83755446,-0.07888978,0.01130985,2.90168495,-0.43455523,0.02697653,2.27870903,0.04131031,0.03560285,2.40300474,-0.36436988,0.01940008,0.41872874,-4.60661087,3.13928375,-0.17957099,1.38695567,-1.08507078,-0.07545832,0.74838263,0.49935845,-0.27891148,-1.23085978,-0.73348545
0.42756609,0.03906994,0.06630161,0.11472537,0.57047943,0.10974639,-0.06954786,0.03600212,-1.34822934,0.11278119,0.62602323,-1.61276491,-0.17320647,0.54413807,-1.55473444,0.14556792,1.19638276,-1.55498145,0.38580412,0.01985858,0.00186179,0.29216605,0.24239569,0.17403607,-0.28087055,0.38798550,-0.16034343,-0.26546270,-0.32049308,0.18121867,-0.25611099,-0.12704474,-0.19148401,-0.27278516,2.56544562,-0.20172272,0.00068921,0.00694253,-0.09882819,0.99508005,2.83733788,-0.07876410,0.01129550,2.91431332,-0.43524807,0.02670335,2.28685789,0.03899475,0.03605506,2.40321904,-0.36447723,0.01938089,0.30795497,-4.01239910,2.90925102,-0.16846644,1.31761229,-0.95953345,-0.02403135,0.70700842,0.51711401,-0.36085323,-1.59978273,-0.64298114
0.45962832,0.03529483,0.07751317,0.12057329,0.60323052,0.12981686,-0.06682216,-0.00059174,-1.31983039,0.11117893,0.63950373,-1.62193513,-0.17308577,0.55136259,-1.54920344,0.14117106,1.17720733,-1.56192844,0.38580412,0.01985858,0.00186179,0.29281976,0.23792179,0.17348772,-0.28151989,0.39466360,-0.15953102,-0.26668315,-0.31533586,0.18031987,-0.25668008,-0.13145691,-0.19170766,-0.27345981,2.56985231,-0.20225085,0.00097532,0.00988575,-0.09820823,0.99511631,2.83709698,-0.07861811,0.01129987,2.92571764,-0.43585173,0.02613661,2.29584809,0.03623111,0.03613968,2.40345707,-0.36456342,0.01935994,0.28123183,-3.76288371,2.94150090,-0.16537662,1.40345979,-0.94809526,0.01547523,0.75263673,0.57726800,-0.46157760,-2.01911020,-0.73099428
0.41950513,0.02728002,0.07546859,0.10605727,0.53405793,0.11969356,-0.06431132,-0.03187099,-1.29324415,0.10974386,0.65291058,-1.63021855,-0.17278456,0.55868886,-1.54358921,0.13696398,1.15553722,-1.56933377,0.38580412,0.01985858,0.00186179,0.29349925,0.23342590,0.17300172,-0.28218669,0.40004651,-0.15881267,-0.26834332,-0.30934977,0.17946414,-0.25743351,-0.13590100,-0.19187948,-0.27413310,2.57426248,-0.20282704,0.00125004,0.01275067,-0.09757714,0.99514550,2.83684626,-0.07846063,0.01131256,2.93584223,-0.43631957,0.02515593,2.30566340,0.03330680,0.03606574,2.40367937,-0.36465479,0.01936615,0.23691212,-2.92060857,2.50686545,-0.13467676,1.27180586,-0.77733930,0.02925483,0.69690114,0.53330829,-0.39342991,-2.08022232,-0.70453120
0.46034072,0.02625438,0.08730040,0.10948756,0.55500376,0.12473308,-0.06196792,-0.05857307,-1.26824260,0.10845639,0.66630423,-1.63746238,-0.17253788,0.56623650,-1.53790927,0.13365240,1.13075173,-1.57591128,0.38580412,0.01985858,0.00186179,0.29419711,0.22890246,0.17257489,-0.28287402,0.40434879,-0.15817131,-0.27037139,-0.30257234,0.17885613,-0.25844221,-0.14037657,-0.19206485,-0.27479067,2.57867117,-0.20343379,0.00150803,0.01547599,-0.09697243,0.99516560,2.83658381,-0.07829588,0.01132309,2.94487782,-0.43669073,0.02382572,2.31631966,0.03047050,0.03575490,2.40385647,-0.36478530,0.01940644,0.24150637,-2.71698117,2.58183455,-0.13201497,1.39528501,-0.73857599,0.02413057,0.78980619,0.59272349,-0.33006257,-2.63157463,-0.66681200
0.44849091,0.02311533,0.08909846,0.09764332,0.49782542,0.10266669,-0.05985922,-0.08071470,-1.24526749,0.10730785,0.67983180,-1.64346499,-0.17235646,0.57408274,-1.53224759,0.13064108,1.10182111,-1.58062103,0.38580412,0.01985858,0.00186179,0.29491222,0.22434121,0.17220664,-0.28356510,0.40765032,-0.15761777,-0.27262963,-0.29483974,0.17835182,-0.25996382,-0.14484380,-0.19226514,-0.27544008,2.58306461,-0.20406206,0.00174068,0.01795869,-0.09646485,0.99517284,2.83630343,-0.07814857,0.01134712,2.95285349,-0.43703916,0.02228259,2.32796831,0.02759658,0.03494840,2.40399075,-0.36492896,0.01947214,0.21457121,-2.24944613,2.33676701,-0.11680051,1.37806063,-0.60989587,0.01858142,0.79953667,0.57643520,-0.30750747,-2.95100989,-0.47829681
0.42450682,0.01917191,0.08905258,0.08164920,0.41821706,0.05899060,-0.05787358,-0.09823922,-1.22507100,0.10631971,0.69354781,-1.64830093,-0.17208700,0.58222266,-1.52676969,0.12700693,1.06987612,-1.58467019,0.38580412,0.01985858,0.00186179,0.29564818,0.21974642,0.17190226,-0.28424149,0.40999552,-0.15711847,-0.27501716,-0.28619896,0.17766535,-0.26186664,-0.14925521,-0.19243135,-0.27609792,2.58742471,-0.20470910,0.00194799,0.02016494,-0.09613869,0.99516176,2.83601389,-0.07805091,0.01140669,2.95976172,-0.43740566,0.02063102,2.34052811,0.02445653,0.03378154,2.40409336,-0.36501056,0.01955026,0.19269238,-1.66132133,1.93572245,-0.09432286,1.33494835,-0.45997897,0.02708485,0.79381169,0.53072771,-0.35863606,-3.12389731,-0.39630929
0.44843900,0.01732600,0.10104657,0.07478303,0.38380645,0.00481022,-0.05594493,-0.10999646,-1.20877483,0.10558438,0.70741343,-1.65178916,-0.17176125,0.59068736,-1.52151964,0.12305097,1.03615746,-1.58955710,0.38580412,0.01985858,0.00186179,0.29642223,0.21512151,0.17168909,-0.28490581,0.41115525,-0.15665823,-0.27756532,-0.27668734,0.17683468,-0.26379523,-0.15359401,-0.19257109,-0.27676800,2.59172640,-0.20537541,0.00213008,0.02206026,-0.09608553,0.99512631,2.83572278,-0.07801695,0.01151643,2.96531282,-0.43780524,0.01885691,2.35398407,0.02113060,0.03262700,2.40412555,-0.36500205,0.01965423,0.20024729,-1.16823779,1.65799844,-0.07394924,1.44528141,-0.35055279,0.03377460,0.88485920,0.54490268,-0.41080991,-3.52210979,-0.52254497
0.39910125,0.01317658,0.09954777,0.05676277,0.29094783,-0.05264552,-0.05421140,-0.11507072,-1.19749830,0.10513989,0.72133646,-1.65385263,-0.17154359,0.59954826,-1.51645577,0.11972899,1.00181279,-1.59615810,0.38580412,0.01985858,0.00186179,0.29726255,0.21047665,0.17157708,-0.28556357,0.41094593,-0.15627174,-0.28025282,-0.26647286,0.17609793,-0.26536390,-0.15788282,-0.19273280,-0.27744006,2.59593497,-0.20605368,0.00228893,0.02364353,-0.09632981,0.99506598,2.83541465,-0.07803573,0.01169898,2.96927429,-0.43825007,0.01700973,2.36818896,0.01788832,0.03189864,2.40401445,-0.36492291,0.01982249,0.16187166,-0.41722091,1.01962688,-0.03953170,1.32159290,-0.18271075,0.01902882,0.84495795,0.47911971,-0.30599500,-3.26212454,-0.64376495
0.42069583,0.01220985,0.12178327,0.05099584,0.26018599,-0.10500556,-0.05285082,-0.11308925,-1.19267535,0.10490881,0.73523021,-1.65459371,-0.17159018,0.60891455,-1.51148903,0.11755754,0.96733421,-1.60422730,0.38580412,0.01985858,0.00186179,0.29821071,0.20582441,0.17154161,-0.28621992,0.40933759,-0.15599408,-0.28288329,-0.25578025,0.17560248,-0.26641701,-0.16218282,-0.19296472,-0.27810167,2.59999628,-0.20672855,0.00242704,0.02494711,-0.09679975,0.99498822,2.83502574,-0.07807643,0.01199079,2.97159000,-0.43869735,0.01532742,2.38285990,0.01488273,0.03179370,2.40366073,-0.36481397,0.02010904,0.13566250,0.31202099,0.40046868,-0.02133101,1.44653010,-0.05808472,-0.00931136,0.98361814,0.51629543,-0.20819250,-3.59266233,-0.86002046
0.41461069,0.00996195,0.11805329,0.04089030,0.20750235,-0.11601574,-0.05157504,-0.10371854,-1.19692967,0.10474674,0.74903266,-1.65409002,-0.17195061,0.61903826,-1.50673409,0.11653992,0.93271816,-1.61275861,0.38580412,0.01985858,0.00186179,0.29915689,0.20117855,0.17154141,-0.28687360,0.40640462,-0.15572434,-0.28501648,-0.24482109,0.17535774,-0.26696603,-0.16656275,-0.19327729,-0.27872224,2.60406156,-0.20743170,0.00254267,0.02598150,-0.09736418,0.99490638,2.83467975,-0.07814706,0.01228329,2.97256561,-0.43899066,0.01414041,2.39788170,0.01206219,0.03219086,2.40318852,-0.36475075,0.02043465,0.13053037,0.96140368,-0.44401751,-0.01655668,1.40570791,0.05242957,-0.03678037,1.03212789,0.48366256,-0.10253679,-3.52575893,-0.86858003
0.40529043,0.00520379,0.10360086,0.03030733,0.15290310,-0.09806581,-0.04981794,-0.08950678,-1.20876424,0.10453155,0.76277070,-1.65278559,-0.17226428,0.62992958,-1.50253582,0.11632111,0.89812644,-1.62093499,0.38580412,0.01985858,0.00186179,0.30000623,0.19655798,0.17153383,-0.28750021,0.40274013,-0.15529988,-0.28647928,-0.23382751,0.17529070,-0.26716076,-0.17100097,-0.19355909,-0.27929226,2.60820480,-0.20819573,0.00263631,0.02679622,-0.09787362,0.99483454,2.83442235,-0.07825533,0.01250603,2.97295900,-0.43900309,0.01352696,2.41302052,0.00930192,0.03284548,2.40276203,-0.36471961,0.02071397,0.17535196,1.41147687,-1.20053489,-0.02164915,1.33531988,0.13213554,-0.02814705,1.06505452,0.40226778,-0.01572458,-3.36165819,-0.79030790
0.44264455,0.00057726,0.09993245,0.02284682,0.11475265,-0.07258878,-0.04776393,-0.07208729,-1.22561452,0.10423097,0.77644961,-1.65080032,-0.17225915,0.64158303,-1.49905624,0.11672389,0.86374760,-1.62830856,0.38580412,0.01985858,0.00186179,0.30073998,0.19198413,0.17150754,-0.28808009,0.39864570,-0.15477664,-0.28738010,-0.22292800,0.17536061,-0.26708392,-0.17546102,-0.19372566,-0.27983216,2.61241422,-0.20902554,0.00270333,0.02737524,-0.09823474,0.99478300,2.83423581,-0.07838128,0.01265989,2.97308703,-0.43878481,0.01335988,2.42809124,0.00655108,0.03365606,2.40245090,-0.36469057,0.02090782,0.21336190,1.83669076,-1.78480434,-0.03199801,1.42413819,0.21300910,0.00365227,1.22051382,0.35632846,0.04658271,-3.57883258,-0.75828129
0.40727213,-0.00233492,0.08221400,0.01102069,0.05520498,-0.02496054,-0.04625493,-0.05282781,-1.24404767,0.10391043,0.78993688,-1.64802217,-0.17201790,0.65393995,-1.49614153,0.11754848,0.82965779,-1.63419831,0.38580412,0.01985858,0.00186179,0.30137486,0.18748889,0.17148208,-0.28861632,0.39429228,-0.15439670,-0.28799615,-0.21224202,0.17552529,-0.26687678,-0.17992931,-0.19380287,-0.28036126,2.61665645,-0.20989578,0.00273927,0.02769588,-0.09838679,0.99475900,2.83410507,-0.07846411,0.01275854,2.97306395,-0.43854055,0.01337872,2.44291096,0.00380566,0.03449808,2.40224843,-0.36469665,0.02101361,0.13484841,1.84044557,-1.75209351,-0.03020962,1.27751811,0.27168393,0.02429759,1.17901917,0.27224090,0.08149563,-3.23247752,-0.54255890
0.44622770,-0.00349262,0.08182658,0.00060186,0.00301394,0.02499709,-0.04587736,-0.03289804,-1.26145637,0.10370738,0.80290896,-1.64432156,-0.17170109,0.66692668,-1.49364758,0.11864623,0.79599673,-1.63801432,0.38580412,0.01985858,0.00186179,0.30193099,0.18314908,0.17149764,-0.28911452,0.38984012,-0.15432888,-0.28853592,-0.20188604,0.17575694,-0.26666954,-0.18439385,-0.19383919,-0.28088103,2.62089010,-0.21077429,0.00274214,0.02774914,-0.09830187,0.99476591,2.83406349,-0.07844087,0.01281647,2.97298379,-0.43842040,0.01339507,2.45730920,0.00109777,0.03526145,2.40212317,-0.36477349,0.02104996,0.02113730,2.08189654,-1.79035950,-0.01883972,1.34214747,0.39954481,0.03367476,1.36188412,0.25384128,0.11796038,-3.49929166,-0.36485490
0.43132085,-0.00318344,0.07171668,-0.00941579,-0.04730700,0.07632879,-0.04664582,-0.01304738,-1.27681067,0.10373870,0.81484827,-1.63975987,-0.17133582,0.68057481,-1.49173954,0.11998451,0.76297022,-1.63918667,0.38580412,0.01985858,0.00186179,0.30240105,0.17912899,0.17158445,-0.28955030,0.38544003,-0.15458135,-0.28903347,-0.19197453,0.17605886,-0.26654630,-0.18882720,-0.19383630,-0.28136362,2.62507000,-0.21163732,0.00270896,0.02751754,-0.09793300,0.99480881,2.83421903,-0.07827653,0.01285075,2.97296787,-0.43841142,0.01336758,2.47111187,-0.00152346,0.03585475,2.40206986,-0.36493168,0.02103743,-0.07921582,2.02155063,-1.56182837,0.00339829,1.21475520,0.46516920,0.03720820,1.39082794,0.19347799,0.13656600,-3.36324039,-0.11632972
0.40650446,-0.00252979,0.05869061,-0.01797879,-0.09083933,0.12314393,-0.04807070,0.00661925,-1.29070618,0.10388951,0.82596270,-1.63485928,-0.17097005,0.69478489,-1.49051917,0.12152682,0.73024992,-1.63805861,0.38580412,0.01985858,0.00186179,0.30278426,0.17541074,0.17170428,-0.28990150,0.38112175,-0.15502008,-0.28946783,-0.18236482,0.17642465,-0.26652236,-0.19320895,-0.19380543,-0.28177499,2.62919636,-0.21247981,0.00264746,0.02706299,-0.09732228,0.99488138,2.83455663,-0.07802369,0.01288276,2.97305150,-0.43841931,0.01331643,2.48447829,-0.00405893,0.03626190,2.40209227,-0.36516895,0.02100927,-0.14256947,1.91106074,-1.34096146,0.01485522,1.07694168,0.47756633,0.03550574,1.38603249,0.11243622,0.15171158,-3.18118825,0.12742480
0.43341794,-0.00266083,0.05167995,-0.02786613,-0.14185714,0.17260255,-0.04993178,0.02620814,-1.30342236,0.10403118,0.83713084,-1.62982788,-0.17055862,0.70956236,-1.49014409,0.12336257,0.69730749,-1.63469949,0.38580412,0.01985858,0.00186179,0.30306813,0.17176596,0.17181834,-0.29014844,0.37686834,-0.15558611,-0.28983817,-0.17287354,0.17687881,-0.26658705,-0.19751671,-0.19372888,-0.28209980,2.63329549,-0.21330902,0.00256029,0.02639323,-0.09651399,0.99497834,2.83488164,-0.07770625,0.01291968,2.97323518,-0.43842630,0.01322996,2.49763985,-0.00650255,0.03648107,2.40222760,-0.36546473,0.02096832,-0.19688969,2.04034815,-1.31501842,0.01427662,1.16990948,0.52514970,0.04389100,1.54439497,0.03077686,0.19468999,-3.43605862,0.36976038
0.39665366,-0.00309739,0.03536037,-0.03296463,-0.16934964,0.18218101,-0.05205731,0.04578527,-1.31516986,0.10415072,0.84997805,-1.62468257,-0.16996166,0.72482716,-1.49070594,0.12570633,0.66364985,-1.62903509,0.38580412,0.01985858,0.00186179,0.30323784,0.16772101,0.17192086,-0.29025274,0.37267098,-0.15623341,-0.29014002,-0.16334500,0.17748096,-0.26671774,-0.20170764,-0.19356294,-0.28234889,2.63740344,-0.21413859,0.00245032,0.02551158,-0.09557194,0.99509254,2.83478036,-0.07728293,0.01298510,2.97352596,-0.43844684,0.01309782,2.51082449,-0.00881239,0.03652010,2.40254202,-0.36577202,0.02088895,-0.20365916,1.85794964,-1.10668240,0.01136050,1.24139934,0.48936045,0.05885822,1.45269136,-0.06205539,0.22797585,-3.20240574,0.55950715
0.43810760,-0.00408427,0.02278851,-0.04362627,-0.22647132,0.21713585,-0.05433631,0.06527884,-1.32613873,0.10449408,0.86618346,-1.61985922,-0.16926537,0.74035233,-1.49206734,0.12871450,0.62901258,-1.62091041,0.38580412,0.01985858,0.00186179,0.30327043,0.16284348,0.17206975,-0.29006502,0.36854981,-0.15693051,-0.29035416,-0.15370808,0.17827590,-0.26689670,-0.20573785,-0.19333629,-0.28252740,2.64152975,-0.21497006,0.00232172,0.02443867,-0.09454755,0.99521763,2.83386154,-0.07664264,0.01320541,2.97393580,-0.43849270,0.01291627,2.52414151,-0.01093951,0.03637373,2.40306635,-0.36610640,0.02074303,-0.23935175,2.02888155,-1.13166869,0.04042033,1.74381578,0.49506125,0.07318333,1.62009144,-0.15285611,0.32363456,-3.62328434,0.88348979
0.42229967,-0.00252517,0.00461693,-0.04803306,-0.25226552,0.22215064,-0.05671423,0.08441978,-1.33630207,0.10602191,0.88675022,-1.61813273,-0.16909130,0.75596749,-1.49398992,0.13270642,0.59335983,-1.60990112,0.38580412,0.01985858,0.00186179,0.30312437,0.15729580,0.17248101,-0.28900833,0.36456935,-0.15766365,-0.29045154,-0.14397776,0.17935972,-0.26708645,-0.20959016,-0.19323760,-0.28257306,2.64559856,-0.21576685,0.00217758,0.02318813,-0.09346544,0.99535008,2.83225417,-0.07558359,0.01411603,2.97444377,-0.43854356,0.01267283,2.53752775,-0.01273925,0.03603792,2.40369864,-0.36660860,0.02055131,-0.24229250,1.94891574,-1.03418696,0.15814428,2.09845695,0.16786257,0.01685603,1.59054263,-0.19630193,0.40809643,-3.63204727,1.12464163
0.38316653,0.00397842,-0.00626454,-0.05026695,-0.26737393,0.21890108,-0.05917628,0.10307472,-1.34572251,0.10960043,0.90927575,-1.62322211,-0.16938585,0.77170283,-1.49633129,0.13786879,0.55726597,-1.59638979,0.38580412,0.01985858,0.00186179,0.30288641,0.15240716,0.17334351,-0.28657807,0.36074478,-0.15842464,-0.29045018,-0.13427873,0.18077885,-0.26724225,-0.21332343,-0.19325411,-0.28250443,2.64949260,-0.21646328,0.00202334,0.02180763,-0.09234984,0.99548573,2.83118615,-0.07411382,0.01630834,2.97493835,-0.43854486,0.01243623,2.55076037,-0.01406833,0.03564417,2.40425968,-0.36717775,0.02038198,-0.24025162,1.80953395,-0.90974770,0.36690087,2.18897762,-0.56438446,-0.02854591,1.53150756,-0.23201705,0.51172848,-3.51015530,1.33322275
0.38595372,0.01424603,-0.00963585,-0.05765471,-0.31045211,0.23898324,-0.06177650,0.12123297,-1.35438554,0.11531864,0.92973882,-1.63654339,-0.16948314,0.78768679,-1.49930038,0.14416516,0.52121880,-1.58041070,0.38580412,0.01985858,0.00186179,0.30264496,0.14960610,0.17465540,-0.28278026,0.35706931,-0.15922900,-0.29036158,-0.12473647,0.18252843,-0.26738507,-0.21695264,-0.19318639,-0.28238676,2.65317073,-0.21701224,0.00186100,0.02031039,-0.09121214,0.99562260,2.83202157,-0.07244782,0.01986470,2.97536407,-0.43847064,0.01228338,2.56367631,-0.01485744,0.03525990,2.40472732,-0.36756223,0.02025820,-0.27240682,1.88734820,-0.89581305,0.61173921,2.09010825,-1.45475559,-0.00616126,1.66765141,-0.31578241,0.66474895,-3.75239539,1.68646860
0.33378699,0.02206489,-0.01458466,-0.05553532,-0.30283473,0.22016928,-0.06459565,0.13896789,-1.36235831,0.12199942,0.94305469,-1.65448110,-0.16953298,0.80389100,-1.50285678,0.15129645,0.48570268,-1.56193883,0.38580412,0.01985858,0.00186179,0.30236422,0.14972146,0.17614550,-0.27849897,0.35351965,-0.16009971,-0.29018924,-0.11548602,0.18453739,-0.26759754,-0.22047751,-0.19307935,-0.28220232,2.65667911,-0.21742632,0.00169219,0.01870734,-0.09006113,0.99575909,2.83557525,-0.07100253,0.02386526,2.97573657,-0.43835706,0.01217498,2.57617717,-0.01516286,0.03476669,2.40513683,-0.36781398,0.02016191,-0.26989952,1.67953293,-0.75061222,0.63713653,1.18021140,-1.72501841,-0.00705119,1.53940358,-0.34198794,0.68343666,-3.36409650,1.77641354
0.35069832,0.03573606,-0.02471602,-0.06406166,-0.35399922,0.24580014,-0.06772425,0.15637800,-1.36977518,0.12813300,0.94605672,-1.67125320,-0.17047209,0.82010108,-1.50659859,0.15899613,0.45120734,-1.54090142,0.38580412,0.01985858,0.00186179,0.30202165,0.15261868,0.17750526,-0.27482237,0.35007429,-0.16106211,-0.28992057,-0.10666823,0.18674996,-0.26798390,-0.22389550,-0.19321437,-0.28187206,2.66006012,-0.21770289,0.00151774,0.01700386,-0.08889194,0.99589497,2.84170337,-0.07003330,0.02719928,2.97607537,-0.43821905,0.01210108,2.58815260,-0.01501356,0.03403775,2.40548463,-0.36820973,0.02014959,-0.33083743,1.80912757,-0.76490635,0.62553394,0.15155971,-1.70828390,-0.11485814,1.68770540,-0.39076802,0.80963409,-3.57627106,2.22986937
0.33243477,0.04337516,-0.03241895,-0.06547467,-0.36681351,0.24915273,-0.07124868,0.17366133,-1.37680867,0.13310366,0.93826896,-1.68306172,-0.17242187,0.83631974,-1.51040530,0.16702798,0.41852691,-1.51703165,0.38580412,0.01985858,0.00186179,0.30160470,0.15775330,0.17864994,-0.27228093,0.34669693,-0.16214381,-0.28952893,-0.09851656,0.18913724,-0.26868824,-0.22721659,-0.19362699,-0.28139789,2.66333804,-0.21785269,0.00133695,0.01518510,-0.08767689,0.99603232,2.84987531,-0.06950933,0.02932377,2.97637716,-0.43807052,0.01207577,2.59937849,-0.01441331,0.03291646,2.40578924,-0.36880766,0.02020682,-0.35934827,1.76046886,-0.71613255,0.50540745,-0.80241358,-1.19737775,-0.19868280,1.65228438,-0.38810834,0.81838133,-3.32566257,2.43395967
0.30964305,0.04471072,-0.03735504,-0.06530316,-0.37143630,0.24240405,-0.07501562,0.19107543,-1.38366749,0.13751087,0.92424730,-1.69127748,-0.17431591,0.85292274,-1.51454072,0.17546472,0.38830579,-1.49133556,0.38580412,0.01985858,0.00186179,0.30113879,0.16406796,0.17971045,-0.27037324,0.34332108,-0.16330036,-0.28904663,-0.09113411,0.19171555,-0.26965991,-0.23052496,-0.19399911,-0.28089110,2.66654840,-0.21794811,0.00115124,0.01326308,-0.08643643,0.99616841,2.85911784,-0.06918269,0.03076555,2.97661147,-0.43794189,0.01209217,2.60979758,-0.01340075,0.03147888,2.40605407,-0.36934202,0.02024769,-0.36728854,1.69472322,-0.66560109,0.42578007,-1.39814913,-0.77907443,-0.18119340,1.61910057,-0.40536721,0.82663572,-2.91335034,2.50728130
0.32448105,0.04626677,-0.04434921,-0.07265816,-0.41918891,0.24785629,-0.07884173,0.20870140,-1.39035764,0.14155418,0.90664350,-1.69747310,-0.17604039,0.87016104,-1.51894355,0.18498688,0.36166157,-1.46513095,0.38580412,0.01985858,0.00186179,0.30064443,0.17108303,0.18070144,-0.26871200,0.33992191,-0.16448134,-0.28850628,-0.08472958,0.19466633,-0.27071687,-0.23390797,-0.19429732,-0.28036573,2.66969009,-0.21803666,0.00096199,0.01123854,-0.08524491,0.99629618,2.86898394,-0.06902533,0.03193243,2.97672906,-0.43787315,0.01213815,2.61926198,-0.01180599,0.02992756,2.40617481,-0.36977354,0.02027870,-0.39819794,1.83792443,-0.69521958,0.41764525,-1.85595894,-0.63281057,-0.18052495,1.80151153,-0.45922992,1.00490892,-2.73814187,2.72666497
0.28554640,0.03580264,-0.04225350,-0.06877594,-0.40203014,0.19465468,-0.08253495,0.22652456,-1.39685516,0.14506131,0.88730887,-1.70240226,-0.17827851,0.88792328,-1.52312284,0.19592052,0.33976849,-1.44028091,0.38580412,0.01985858,0.00186179,0.30014399,0.17840820,0.18155666,-0.26712871,0.33650119,-0.16563283,-0.28793105,-0.07948808,0.19805814,-0.27164546,-0.23740999,-0.19472644,-0.27978414,2.67272363,-0.21816281,0.00077004,0.00910896,-0.08420608,0.99640643,2.87907057,-0.06912171,0.03301528,2.97665572,-0.43791851,0.01221294,2.62760120,-0.00957386,0.02849853,2.40600152,-0.37028516,0.02035984,-0.34863716,1.69327798,-0.61484147,0.32691202,-1.84575539,-0.45706632,-0.22004285,1.68970327,-0.39255487,1.05042946,-2.02983804,2.33882241
0.29188741,0.02232140,-0.04527278,-0.07957339,-0.47013613,0.15556313,-0.08592223,0.24456692,-1.40316832,0.14778306,0.86737525,-1.70601022,-0.18135606,0.90604144,-1.52687347,0.20760635,0.32374790,-1.41889477,0.38580412,0.01985858,0.00186179,0.29966649,0.18574044,0.18221155,-0.26562323,0.33306718,-0.16670558,-0.28732646,-0.07555443,0.20167571,-0.27234311,-0.24100044,-0.19538081,-0.27913849,2.67555018,-0.21839779,0.00057336,0.00684876,-0.08342335,0.99649050,2.88900132,-0.06960543,0.03404327,2.97626324,-0.43816165,0.01234004,2.63457985,-0.00696696,0.02732339,2.40541859,-0.37098808,0.02052800,-0.34767386,1.88286781,-0.65495068,0.27097201,-2.08198261,-0.35521385,-0.33316201,1.89219403,-0.38439032,1.22475064,-1.57731020,2.16817856
0.25295457,-0.00819114,-0.03946338,-0.08415894,-0.50089912,0.08771754,-0.08881412,0.26303248,-1.40928218,0.14958334,0.84709793,-1.70769665,-0.18453646,0.92492384,-1.53078642,0.21869009,0.31570018,-1.40386820,0.38580412,0.01985858,0.00186179,0.29925696,0.19298020,0.18264722,-0.26424600,0.32960833,-0.16764843,-0.28668093,-0.07325664,0.20509980,-0.27279853,-0.24464808,-0.19602865,-0.27848330,2.67798329,-0.21888571,0.00036378,0.00436737,-0.08299182,0.99654059,2.89851723,-0.07067591,0.03501096,2.97531991,-0.43874606,0.01257604,2.63966189,-0.00449370,0.02645843,2.40427976,-0.37174608,0.02077367,-0.29392878,1.88141522,-0.62242345,0.18252133,-2.06619432,-0.16919241,-0.32303861,1.92467628,-0.39941733,1.12717326,-0.80973338,1.52179259
0.24594992,-0.01673962,-0.03726167,-0.08878374,-0.53032507,0.03192545,-0.09125305,0.28200948,-1.41514590,0.15078572,0.82592081,-1.70735266,-0.18704205,0.94495519,-1.53537359,0.22831544,0.31515588,-1.39542284,0.38580412,0.01985858,0.00186179,0.29886529,0.20030866,0.18295512,-0.26298668,0.32611223,-0.16847207,-0.28599766,-0.07243576,0.20806897,-0.27313951,-0.24836112,-0.19643658,-0.27787459,2.68043528,-0.21947073,0.00013578,0.00163362,-0.08281286,0.99656377,2.90819454,-0.07208737,0.03587860,2.97426706,-0.43945916,0.01286763,2.64333630,-0.00229960,0.02572578,2.40305744,-0.37221924,0.02099069,-0.23376880,1.84924502,-0.56740643,0.11289939,-2.07020743,0.05124012,-0.23822287,1.95736489,-0.45156083,0.92118332,0.00637818,0.76863370
0.28502262,-0.01211721,-0.04246357,-0.10417104,-0.62272709,-0.00018667,-0.09329633,0.30150262,-1.42063241,0.15147048,0.80307304,-1.70458777,-0.18929856,0.96608742,-1.54047322,0.23578158,0.32181498,-1.39346991,0.38580412,0.01985858,0.00186179,0.29846668,0.20791607,0.18316631,-0.26187457,0.32257054,-0.16919344,-0.28528734,-0.07300861,0.21037824,-0.27350127,-0.25214020,-0.19672647,-0.27727453,2.68309346,-0.22004281,-0.00011341,-0.00136459,-0.08280223,0.99656506,2.91838751,-0.07370178,0.03659211,2.97331777,-0.44015192,0.01317934,2.64580593,-0.00050032,0.02496541,2.40194378,-0.37245949,0.02119215,-0.20962375,2.03489881,-0.56766868,0.06654411,-2.39780092,0.31175015,-0.23792869,2.20940113,-0.53350925,0.75466181,0.75478327,0.14683603
0.28424363,0.00376095,-0.04386654,-0.10191096,-0.60868603,-0.02462162,-0.09498680,0.32144710,-1.42573619,0.15164828,0.77810558,-1.69890616,-0.19249676,0.98781489,-1.54551206,0.24033824,0.33468972,-1.39795103,0.38580412,0.01985858,0.00186179,0.29803619,0.21586793,0.18329394,-0.26097588,0.31897612,-0.16982228,-0.28456460,-0.07469729,0.21178373,-0.27391260,-0.25595474,-0.19724150,-0.27657586,2.68602953,-0.22051215,-0.00038160,-0.00458551,-0.08291872,0.99654569,2.92922163,-0.07541482,0.03706031,2.97255311,-0.44071572,0.01347159,2.64736052,0.00070435,0.02412359,2.40099678,-0.37274017,0.02146032,-0.15722392,1.89679904,-0.48117375,0.01238162,-2.39007969,0.56802368,-0.31655560,2.06542158,-0.47545037,0.40325257,1.27508087,-0.48552952
0.33972982,0.02408045,-0.05701573,-0.11580448,-0.68986915,-0.05825237,-0.09630499,0.34173316,-1.43068421,0.15156698,0.75094914,-1.68998766,-0.19704138,1.00959778,-1.55002093,0.24199666,0.35254380,-1.40921628,0.38580412,0.01985858,0.00186179,0.29754955,0.22411819,0.18340842,-0.26032618,0.31531912,-0.17034573,-0.28384455,-0.07713424,0.21222345,-0.27414528,-0.25979170,-0.19810058,-0.27574494,2.68925162,-0.22084586,-0.00066105,-0.00791994,-0.08317459,0.99650330,2.94067378,-0.07712911,0.03722336,2.97196813,-0.44110749,0.01370499,2.64836664,0.00122823,0.02340426,2.40021391,-0.37313761,0.02180460,-0.13162196,2.11772680,-0.51423907,-0.01097843,-2.86123133,0.97793335,-0.49307567,2.26806831,-0.46041605,0.13114884,1.92935383,-1.27607572
0.35811899,0.03655928,-0.06382891,-0.10909141,-0.64718953,-0.09137918,-0.09718758,0.36213800,-1.43599420,0.15169665,0.72151662,-1.67785120,-0.20195881,1.03081567,-1.55319784,0.24174209,0.37496966,-1.42729492,0.38580412,0.01985858,0.00186179,0.29700191,0.23261747,0.18362407,-0.25989308,0.31158073,-0.17072966,-0.28314999,-0.08030013,0.21193884,-0.27391779,-0.26374001,-0.19904944,-0.27492588,2.69278789,-0.22108046,-0.00093454,-0.01113438,-0.08361709,0.99643531,2.95275469,-0.07879220,0.03710883,2.97155743,-0.44135008,0.01385192,2.64893227,0.00127707,0.02308412,2.39956303,-0.37339150,0.02207603,-0.08946897,2.07807806,-0.54183006,0.01375460,-3.00000501,1.23866003,-0.50000251,2.15968680,-0.32103854,-0.02673384,2.28825874,-1.84620347
0.36725224,0.04135732,-0.06495593,-0.09041714,-0.53302442,-0.11569442,-0.09779710,0.38232480,-1.44218407,0.15224862,0.69049448,-1.66414227,-0.20609844,1.05077159,-1.55433266,0.24102139,0.39998662,-1.44813051,0.38580412,0.01985858,0.00186179,0.29643903,0.24124344,0.18395902,-0.25953066,0.30776159,-0.17100801,-0.28250013,-0.08415339,0.21144602,-0.27342963,-0.26788486,-0.19981263,-0.27427212,2.69658084,-0.22129747,-0.00117923,-0.01395106,-0.08419856,0.99635063,2.96527424,-0.08043166,0.03690837,2.97128010,-0.44152747,0.01393890,2.64910479,0.00127216,0.02300940,2.39896336,-0.37332122,0.02216690,-0.05804052,1.95943711,-0.61126349,0.05717824,-3.02647653,1.33840439,-0.39355831,1.92602873,-0.09163022,-0.07094120,2.44202957,-2.02935147
0.41507720,0.04850052,-0.06991855,-0.07308896,-0.42785452,-0.13938279,-0.09835155,0.40200979,-1.44972179,0.15319298,0.65827836,-1.65018120,-0.20934282,1.06851273,-1.55290830,0.24019124,0.42531564,-1.46846094,0.38580412,0.01985858,0.00186179,0.29589436,0.24989992,0.18437017,-0.25915390,0.30384344,-0.17123280,-0.28191283,-0.08848287,0.21092578,-0.27289655,-0.27220135,-0.20039471,-0.27376982,2.70058999,-0.22151610,-0.00137112,-0.01609484,-0.08485859,0.99626206,2.97807188,-0.08206672,0.03674047,2.97109628,-0.44167027,0.01398153,2.64905501,0.00133598,0.02299781,2.39841776,-0.37298741,0.02212454,-0.05843509,2.04481769,-0.79905385,0.10127350,-3.36506801,1.45114350,-0.33266431,1.82308841,0.17363727,-0.08744448,2.63020234,-2.10172534
0.39198178,0.04885878,-0.06180336,-0.03737914,-0.21718414,-0.13055743,-0.09908767,0.42092546,-1.45891817,0.15435682,0.62504140,-1.63687901,-0.21264951,1.08283305,-1.54822266,0.23915128,0.44894413,-1.48646564,0.38580412,0.01985858,0.00186179,0.29538367,0.25851781,0.18478369,-0.25874790,0.29982044,-0.17146550,-0.28139936,-0.09299213,0.21038583,-0.27240536,-0.27660632,-0.20109516,-0.27330578,2.70475469,-0.22171885,-0.00148942,-0.01734434,-0.08554158,0.99618251,2.99099026,-0.08371280,0.03663576,2.97095428,-0.44178814,0.01398431,2.64899082,0.00144057,0.02297831,2.39791460,-0.37271382,0.02207789,-0.07227848,1.78720660,-0.88888940,0.11175532,-3.16380191,1.25423770,-0.31895543,1.32307777,0.47789514,-0.10134470,2.22137084,-1.68356042
0.43779169,0.05794791,-0.06335808,-0.00415923,-0.02392810,-0.13853869,-0.10011049,0.43882433,-1.46976280,0.15556094,0.59066391,-1.62440419,-0.21654725,1.09310818,-1.54022455,0.23778534,0.46991333,-1.50151205,0.38580412,0.01985858,0.00186179,0.29491755,0.26708614,0.18514011,-0.25836073,0.29572096,-0.17173506,-0.28097264,-0.09752034,0.20980769,-0.27197597,-0.28099991,-0.20207514,-0.27279042,2.70900030,-0.22189915,-0.00152340,-0.01760271,-0.08620757,0.99612051,3.00392242,-0.08539710,0.03655683,2.97082038,-0.44188566,0.01394492,2.64897485,0.00154307,0.02294158,2.39746185,-0.37269406,0.02212714,-0.11096428,1.84844422,-1.15364790,0.12543425,-3.59872723,1.28751981,-0.41503271,1.00921094,0.88080758,-0.14737621,2.14248514,-1.52191508
0.42719056,0.05509296,-0.05471590,0.02839318,0.16190893,-0.11772217,-0.10140704,0.45535477,-1.48194406,0.15670000,0.55475703,-1.61230519,-0.21996735,1.09962513,-1.53040431,0.23615629,0.48761161,-1.51276219,0.38580412,0.01985858,0.00186179,0.29452121,0.27562708,0.18540321,-0.25807072,0.29159342,-0.17203796,-0.28067572,-0.10201457,0.20923904,-0.27167401,-0.28522696,-0.20302497,-0.27217119,2.71324106,-0.22209387,-0.00146440,-0.01680843,-0.08678624,0.99608407,3.01677900,-0.08715181,0.03645049,2.97068816,-0.44196832,0.01384549,2.64894986,0.00163496,0.02284720,2.39720035,-0.37273194,0.02235002,-0.13233407,1.68203540,-1.24157393,0.11590404,-3.65899205,1.23249283,-0.34701623,0.66048565,1.00078981,-0.16602840,1.79898369,-1.14121703
0.40291855,0.04653315,-0.04345929,0.05451419,0.30921079,-0.07727517,-0.10292383,0.47070064,-1.49469302,0.15776176,0.51747955,-1.59993832,-0.22241004,1.10377414,-1.52019079,0.23447961,0.50264978,-1.52058198,0.38580412,0.01985858,0.00186179,0.29419559,0.28416706,0.18559118,-0.25789680,0.28747110,-0.17237660,-0.28050848,-0.10647920,0.20874022,-0.27153104,-0.28925971,-0.20376900,-0.27145044,2.71742311,-0.22233952,-0.00133531,-0.01525376,-0.08720187,0.99607298,3.02951570,-0.08894829,0.03629879,2.97056914,-0.44204480,0.01368711,2.64883428,0.00172715,0.02266455,2.39715677,-0.37274715,0.02274515,-0.14940227,1.48336539,-1.24189651,0.10275344,-3.63511748,1.20697017,-0.23024231,0.38677654,0.99521282,-0.16273160,1.44242895,-0.73442661
0.42569114,0.04177793,-0.03755830,0.08045711,0.45508511,-0.03179914,-0.10466748,0.48508763,-1.50765145,0.15877858,0.47880532,-1.58672447,-0.22378689,1.10603492,-1.50986586,0.23284895,0.51532184,-1.52538922,0.38580412,0.01985858,0.00186179,0.29393713,0.29273303,0.18572246,-0.25785777,0.28333556,-0.17276082,-0.28046754,-0.11088992,0.20832717,-0.27151944,-0.29309924,-0.20427237,-0.27066776,2.72153139,-0.22265146,-0.00114825,-0.01308986,-0.08737945,0.99608843,3.04212880,-0.09073193,0.03607936,2.97046099,-0.44210395,0.01346959,2.64860597,0.00180047,0.02241770,2.39734373,-0.37277383,0.02326938,-0.18345228,1.49155993,-1.35057855,0.10569207,-4.04128847,1.38713408,-0.13207941,0.22105872,1.07448697,-0.16931964,1.30013518,-0.47673879
0.38269752,0.03047779,-0.02658455,0.08838241,0.49992016,0.01927614,-0.10654992,0.49887848,-1.52065284,0.15975221,0.43871790,-1.57188830,-0.22371767,1.10699990,-1.49995794,0.23126022,0.52590235,-1.52779748,0.38580412,0.01985858,0.00186179,0.29373654,0.30133799,0.18581386,-0.25801057,0.27914587,-0.17317051,-0.28053995,-0.11519345,0.20798043,-0.27159070,-0.29673223,-0.20441300,-0.26987571,2.72556954,-0.22303111,-0.00091727,-0.01046532,-0.08730455,0.99612627,3.05463605,-0.09246846,0.03572597,2.97033625,-0.44211945,0.01319659,2.64831090,0.00181661,0.02214584,2.39780321,-0.37271053,0.02386084,-0.17948859,1.30470433,-1.23404765,0.09188027,-3.81759596,1.42603421,0.02117985,0.08181698,0.93437567,-0.15052417,0.98573384,-0.20836824
0.41552608,0.02693686,-0.02169979,0.10817928,0.61333470,0.05227311,-0.10850575,0.51237464,-1.53367472,0.16066916,0.39731252,-1.55464649,-0.22244738,1.10714674,-1.49081063,0.22968723,0.53477699,-1.52833521,0.38580412,0.01985858,0.00186179,0.29358235,0.30997342,0.18588209,-0.25842343,0.27489368,-0.17358925,-0.28067814,-0.11937465,0.20767953,-0.27172462,-0.30015093,-0.20423742,-0.26905531,2.72955270,-0.22346240,-0.00065794,-0.00752715,-0.08707417,0.99617318,3.06707449,-0.09417701,0.03515892,2.97016139,-0.44211103,0.01290421,2.64801903,0.00177826,0.02185773,2.39851995,-0.37252889,0.02452704,-0.20472704,1.40237796,-1.35679531,0.09467266,-4.33215857,1.83458614,0.14795177,0.00452995,0.94082946,-0.16369110,0.90075278,-0.03002584
0.40522757,0.02395423,-0.01407287,0.11104101,0.63133377,0.04219331,-0.11052814,0.52560266,-1.54662485,0.16175273,0.35448630,-1.53388984,-0.22117094,1.10669637,-1.48286593,0.22813273,0.54254239,-1.52746494,0.38580412,0.01985858,0.00186179,0.29347841,0.31865979,0.18600612,-0.25914621,0.27063252,-0.17401596,-0.28082339,-0.12350462,0.20741500,-0.27190713,-0.30326981,-0.20404834,-0.26803480,2.73351279,-0.22391948,-0.00038315,-0.00439347,-0.08686793,0.99621007,3.07955733,-0.09587452,0.03433221,2.96994200,-0.44215041,0.01265502,2.64777170,0.00174141,0.02157128,2.39950319,-0.37239808,0.02544361,-0.20587592,1.34692316,-1.31863346,0.11093467,-4.36369905,2.11879148,0.12883362,-0.04635254,0.80732368,-0.15832615,0.79048073,0.08965333
0.39256913,0.02308886,-0.00119932,0.10820605,0.61628769,0.01481243,-0.11240625,0.53855242,-1.55922217,0.16333196,0.31023603,-1.50943172,-0.22074896,1.10581446,-1.47635028,0.22656012,0.55007453,-1.52588260,0.38580412,0.01985858,0.00186179,0.29346381,0.32746445,0.18628087,-0.26010835,0.26640156,-0.17439763,-0.28099496,-0.12770062,0.20716380,-0.27212319,-0.30601849,-0.20406898,-0.26673855,2.73752194,-0.22438315,-0.00010368,-0.00119016,-0.08678260,0.99622656,3.09226389,-0.09753018,0.03335546,2.96975565,-0.44221755,0.01246885,2.64756561,0.00174103,0.02134061,2.40082717,-0.37246454,0.02672526,-0.18020571,1.25690498,-1.22036333,0.15873536,-4.31512403,2.41036806,0.03491019,-0.09050965,0.62165462,-0.15343452,0.73240697,0.15840530
0.42994023,0.02598337,0.01502984,0.11664480,0.66448204,-0.00437846,-0.11398608,0.55125253,-1.57119849,0.16562134,0.26418232,-1.48066542,-0.22059512,1.10402789,-1.47136281,0.22490399,0.55756555,-1.52371230,0.38580412,0.01985858,0.00186179,0.29358145,0.33649196,0.18676767,-0.26128923,0.26218839,-0.17469788,-0.28123934,-0.13198324,0.20690513,-0.27238374,-0.30820645,-0.20415621,-0.26534644,2.74162464,-0.22485132,0.00017733,0.00203502,-0.08679739,0.99622389,3.10534606,-0.09909071,0.03229222,2.96965022,-0.44225977,0.01234211,2.64741226,0.00176142,0.02119771,2.40275536,-0.37263016,0.02823501,-0.16193427,1.32087610,-1.24115939,0.24547353,-4.81531153,3.03750014,0.01961142,-0.19779502,0.50540863,-0.17343982,0.77928448,0.23147165
0.39619693,0.02540805,0.02613431,0.10663773,0.60711835,-0.01156938,-0.11538388,0.56371598,-1.58242762,0.16879944,0.21606464,-1.44727690,-0.21927998,1.10054102,-1.46828172,0.22316570,0.56475756,-1.52090855,0.38580412,0.01985858,0.00186179,0.29380323,0.34581677,0.18750871,-0.26263989,0.25797984,-0.17495372,-0.28156053,-0.13627716,0.20663657,-0.27268183,-0.30951563,-0.20394267,-0.26416847,2.74578123,-0.22531188,0.00045943,0.00526935,-0.08685485,0.99620694,3.11882978,-0.10047784,0.03116333,2.96959195,-0.44227077,0.01224269,2.64731984,0.00179049,0.02112139,2.40564213,-0.37261405,0.02963476,-0.13175934,1.18063538,-1.05857787,0.31058375,-4.58612967,3.21181760,0.14084471,-0.34938554,0.27250946,-0.16558833,0.67853150,0.27216244
0.43659267,0.03138333,0.04095062,0.11666799,0.66362902,-0.01791434,-0.11679223,0.57595801,-1.59284353,0.17322280,0.16635349,-1.40977168,-0.21574086,1.09486222,-1.46776950,0.22132444,0.57150185,-1.51750338,0.38580412,0.01985858,0.00186179,0.29411277,0.35536727,0.18858151,-0.26402120,0.25377239,-0.17522127,-0.28193820,-0.14052565,0.20634865,-0.27301247,-0.30966351,-0.20314070,-0.26340452,2.74996443,-0.22574660,0.00074123,0.00849371,-0.08693514,0.99617749,3.13262554,-0.10157189,0.03009158,2.96954913,-0.44227715,0.01217457,2.64730640,0.00182438,0.02110031,2.40979429,-0.37217714,0.03070825,-0.14750287,1.27203751,-1.07264519,0.48094985,-5.19896650,3.96491575,0.40468758,-0.62534213,0.01263618,-0.19354931,0.69580221,0.36333498
0.42742853,0.03575142,0.04985967,0.11093954,0.63027023,-0.02800149,-0.11828449,0.58805708,-1.60216970,0.17965588,0.11688676,-1.36952176,-0.20962585,1.08684688,-1.47061396,0.21916838,0.57810376,-1.51367507,0.38580412,0.01985858,0.00186179,0.29450351,0.36478287,0.19016474,-0.26519953,0.24955818,-0.17552689,-0.28236644,-0.14476083,0.20597819,-0.27341152,-0.30841436,-0.20163097,-0.26311752,2.75416804,-0.22613140,0.00101617,0.01162511,-0.08706870,0.99613396,3.14641061,-0.10213570,0.02930398,2.96949015,-0.44229190,0.01213707,2.64733706,0.00183758,0.02109199,2.41544996,-0.37119871,0.03138599,-0.15209342,1.23225708,-0.94843172,0.65766158,-5.03550806,4.10049758,0.62488695,-0.81841809,-0.29381381,-0.22005868,0.67264103,0.39010708
0.40866709,0.03982609,0.05524884,0.10000080,0.56699679,-0.03525693,-0.11987173,0.60012978,-1.61036801,0.18772460,0.06996447,-1.32888989,-0.20233325,1.07742524,-1.47661886,0.21669780,0.58489983,-1.50975633,0.38580412,0.01985858,0.00186179,0.29494520,0.37360189,0.19216450,-0.26616099,0.24533304,-0.17587686,-0.28283134,-0.14900060,0.20551626,-0.27387063,-0.30604624,-0.19975932,-0.26302177,2.75839157,-0.22646546,0.00127805,0.01459060,-0.08724451,0.99607925,3.15971113,-0.10217472,0.02878421,2.96941424,-0.44231356,0.01211386,2.64738713,0.00182410,0.02107457,2.42227874,-0.36997941,0.03192343,-0.15538745,1.17382607,-0.78757008,0.79329708,-4.53276892,3.94639974,0.71078564,-0.92445215,-0.61008531,-0.24203832,0.66275200,0.38070282
0.43882118,0.04841936,0.06538692,0.10013805,0.56656589,-0.03588495,-0.12160804,0.61222658,-1.61737673,0.19638010,0.02706943,-1.28898377,-0.19529466,1.06690598,-1.48570240,0.21404254,0.59195436,-1.50590632,0.38580412,0.01985858,0.00186179,0.29542303,0.38147923,0.19433680,-0.26713263,0.24108972,-0.17628822,-0.28332434,-0.15322584,0.20499232,-0.27435615,-0.30265208,-0.19790158,-0.26285884,2.76263776,-0.22674917,0.00152348,0.01735797,-0.08741506,0.99601957,3.17213612,-0.10183204,0.02829040,2.96933470,-0.44233711,0.01209869,2.64746137,0.00179931,0.02106688,2.43014055,-0.36890726,0.03256419,-0.18236301,1.26044891,-0.71952337,0.90058107,-4.42801313,4.14764881,0.72522011,-1.10593438,-0.97092686,-0.27767196,0.73719764,0.40003952
0.40101680,0.04920493,0.06488391,0.08569380,0.48399794,-0.02209939,-0.12349587,0.62436259,-1.62325232,0.20431873,-0.01125855,-1.25020490,-0.18915122,1.05478621,-1.49650977,0.21128184,0.59925009,-1.50213153,0.38580412,0.01985858,0.00186179,0.29593363,0.38824916,0.19638128,-0.26842476,0.23681236,-0.17676076,-0.28384809,-0.15744278,0.20442730,-0.27484736,-0.29836877,-0.19626126,-0.26264393,2.76690984,-0.22698449,0.00175358,0.01995206,-0.08753325,0.99596023,3.18346167,-0.10133579,0.02750886,2.96925955,-0.44234245,0.01208553,2.64753881,0.00177151,0.02108627,2.43888145,-0.36819276,0.03328969,-0.18045969,1.15214775,-0.54748257,0.74262245,-3.59488783,3.66932297,0.57474916,-1.16827426,-1.03440120,-0.26287801,0.69449861,0.35781628
0.44146570,0.05903949,0.07772311,0.08963148,0.50582315,-0.00449157,-0.12553619,0.63650250,-1.62808120,0.21083906,-0.04529157,-1.21267772,-0.18331006,1.03976846,-1.50671566,0.20841962,0.60665917,-1.49824119,0.38580412,0.01985858,0.00186179,0.29648253,0.39394497,0.19813476,-0.27018712,0.23248837,-0.17729299,-0.28440939,-0.16166562,0.20382723,-0.27535433,-0.29330503,-0.19473288,-0.26272801,2.77120705,-0.22717693,0.00197155,0.02242340,-0.08756379,0.99590456,3.19368215,-0.10082499,0.02629541,2.96919103,-0.44231872,0.01207314,2.64758940,0.00173351,0.02112821,2.44842143,-0.36774073,0.03375453,-0.21488032,1.26443052,-0.48772988,0.65660471,-3.48309135,3.89012671,0.60749799,-1.61313999,-1.04498863,-0.29970518,0.77280396,0.40793416
0.43226796,0.06125696,0.08266132,0.08401357,0.47435186,0.03205266,-0.12789814,0.64857934,-1.63168430,0.21601872,-0.07520253,-1.17693758,-0.17695770,1.01986372,-1.51460092,0.20548770,0.61394683,-1.49387906,0.38580412,0.01985858,0.00186179,0.29708150,0.39862710,0.19960829,-0.27232820,0.22810695,-0.17793457,-0.28500673,-0.16588029,0.20320817,-0.27590970,-0.28721366,-0.19313268,-0.26351365,2.77552548,-0.22733048,0.00217487,0.02478056,-0.08740557,0.99586217,3.20282889,-0.10021307,0.02475330,2.96914950,-0.44227985,0.01207477,2.64757929,0.00166648,0.02117180,2.45906015,-0.36747901,0.03356785,-0.24109482,1.22998221,-0.36541089,0.52665735,-3.04212317,3.63737459,0.64756007,-2.03329582,-0.80093671,-0.29858267,0.74209964,0.44488243
0.41268373,0.06109065,0.08444658,0.07375874,0.41785711,0.08938779,-0.13064889,0.66064878,-1.63405294,0.22057482,-0.10169965,-1.14361205,-0.17031794,0.99576242,-1.52123625,0.20260201,0.62122599,-1.48920009,0.38580412,0.01985858,0.00186179,0.29771703,0.40256771,0.20094852,-0.27451859,0.22367247,-0.17870571,-0.28561890,-0.17006920,0.20259994,-0.27650062,-0.28004390,-0.19147766,-0.26478792,2.77985449,-0.22745655,0.00235554,0.02697455,-0.08696948,0.99584293,3.21116095,-0.09933237,0.02319844,2.96916352,-0.44222898,0.01209813,2.64747916,0.00155664,0.02121640,2.47085872,-0.36749188,0.03292911,-0.27034284,1.17419264,-0.21956761,0.43913921,-2.54672656,3.21527519,0.64511175,-2.37032375,-0.64326326,-0.27985549,0.70988536,0.45482914
0.44167697,0.06727869,0.09330490,0.06691565,0.38162147,0.16441389,-0.13370400,0.67290314,-1.63501267,0.22452274,-0.12410005,-1.11380856,-0.16390139,0.96893890,-1.52819026,0.19981184,0.62904284,-1.48481543,0.38580412,0.01985858,0.00186179,0.29836584,0.40573073,0.20215683,-0.27660684,0.21918155,-0.17958882,-0.28622465,-0.17423356,0.20200105,-0.27708913,-0.27184072,-0.18984929,-0.26620853,2.78418680,-0.22755855,0.00249820,0.02886200,-0.08620700,0.99585596,3.21862135,-0.09813125,0.02175900,2.96924663,-0.44214082,0.01214119,2.64725771,0.00137853,0.02127671,2.48376551,-0.36786956,0.03215731,-0.32021849,1.27918711,-0.08669495,0.40429381,-2.29210024,3.06821446,0.66437123,-2.81011748,-0.73377186,-0.28969943,0.82217300,0.45070943
0.40099591,0.06226106,0.08469201,0.04520694,0.26057516,0.20563325,-0.13692717,0.68552788,-1.63446326,0.22737777,-0.14126520,-1.08847983,-0.15811028,0.94106848,-1.53661172,0.19715634,0.63802962,-1.48138530,0.38580412,0.01985858,0.00186179,0.29900177,0.40793428,0.20313889,-0.27864525,0.21464007,-0.18055039,-0.28679764,-0.17838988,0.20140678,-0.27763353,-0.26280871,-0.18831760,-0.26747232,2.78850923,-0.22763918,0.00259055,0.03030035,-0.08515090,0.99590386,3.22500754,-0.09670024,0.02035652,2.96938339,-0.44200649,0.01220413,2.64689970,0.00112791,0.02136824,2.49754610,-0.36860867,0.03152945,-0.30708728,1.20209031,0.06627043,0.25865850,-1.57637196,2.35962205,0.54261034,-2.64962754,-0.81572963,-0.25057736,0.86571131,0.31476452
0.43610392,0.06819832,0.09115531,0.03023162,0.17704203,0.27023448,-0.14030035,0.69856721,-1.63246202,0.22866970,-0.15202305,-1.06842077,-0.15324283,0.91314393,-1.54693198,0.19467410,0.64857197,-1.47927761,0.38580412,0.01985858,0.00186179,0.29961592,0.40892590,0.20381267,-0.28079447,0.21006498,-0.18158467,-0.28730564,-0.18256633,0.20081985,-0.27810037,-0.25315017,-0.18695363,-0.26838218,2.79279824,-0.22770378,0.00263067,0.03123496,-0.08388360,0.99598243,3.23005290,-0.09515810,0.01882145,2.96953268,-0.44186546,0.01231028,2.64639230,0.00082276,0.02151555,2.51194473,-0.36968256,0.03123374,-0.35373679,1.36438751,0.22962688,0.10992213,-1.02102005,2.00815487,0.49228963,-2.90703011,-1.10399723,-0.25588831,1.12234056,0.19893049
0.41748228,0.06269012,0.09007814,0.01387884,0.08231660,0.28702957,-0.14392042,0.71198728,-1.62907832,0.22825435,-0.15431349,-1.05583746,-0.14949400,0.88542051,-1.55894125,0.19229093,0.66087567,-1.47868333,0.38580412,0.01985858,0.00186179,0.30023757,0.40828446,0.20415403,-0.28310570,0.20547354,-0.18271966,-0.28770472,-0.18678257,0.20020893,-0.27847371,-0.24300556,-0.18580476,-0.26881859,2.79699149,-0.22777807,0.00262085,0.03165153,-0.08248016,0.99608651,3.23329463,-0.09355944,0.01713187,2.96961270,-0.44180557,0.01253285,2.64568334,0.00042620,0.02176386,2.52673431,-0.37108251,0.03141898,-0.36899099,1.36716297,0.34592017,-0.04389087,-0.22309850,1.27116300,0.38072730,-2.82365475,-1.22411914,-0.24277368,1.25480087,0.05912648
0.39055619,0.05409296,0.08820674,0.00239337,0.01424688,0.29265312,-0.14771989,0.72559257,-1.62479441,0.22663797,-0.14909042,-1.05160196,-0.14652604,0.85759311,-1.57141931,0.18988946,0.67426118,-1.47898650,0.38580412,0.01985858,0.00186179,0.30089023,0.40627312,0.20419796,-0.28531118,0.20086801,-0.18392201,-0.28801535,-0.19102224,0.19955962,-0.27879095,-0.23262971,-0.18481959,-0.26889681,2.80109172,-0.22788656,0.00258097,0.03174728,-0.08098876,0.99620594,3.23501325,-0.09199408,0.01557904,2.96961365,-0.44183894,0.01287487,2.64481216,-0.00009228,0.02209928,2.54166351,-0.37270322,0.03199342,-0.37017464,1.32331951,0.42224724,-0.16672015,0.56369799,0.33694705,0.28332373,-2.70873308,-1.21186571,-0.23333281,1.30672157,-0.03337065
0.42577244,0.06043678,0.08786235,-0.00229983,-0.01431429,0.33638386,-0.15155516,0.73920753,-1.61990371,0.22366202,-0.13740689,-1.05716286,-0.14419405,0.82910447,-1.58337524,0.18760163,0.68805456,-1.47951536,0.38580412,0.01985858,0.00186179,0.30148053,0.40325056,0.20377403,-0.28706580,0.19623945,-0.18514411,-0.28827570,-0.19526578,0.19892699,-0.27906326,-0.22212885,-0.18398048,-0.26868688,2.80525580,-0.22797183,0.00252500,0.03168807,-0.07939037,0.99633662,3.23568745,-0.09062749,0.01441472,2.96969977,-0.44185602,0.01320483,2.64395585,-0.00063288,0.02241726,2.55679488,-0.37445465,0.03279365,-0.39908027,1.41755188,0.51345526,-0.32396054,1.26777847,-0.67109465,0.23750811,-2.97640538,-1.23645062,-0.23616402,1.43727949,-0.05394816
0.39787931,0.06015801,0.06958994,-0.00245999,-0.01551100,0.32573609,-0.15528018,0.75273852,-1.61472425,0.21902713,-0.12087882,-1.07253227,-0.14246593,0.79936147,-1.59392259,0.18560820,0.70171819,-1.47974186,0.38580412,0.01985858,0.00186179,0.30195869,0.39963668,0.20271259,-0.28816033,0.19157995,-0.18633687,-0.28850885,-0.19950026,0.19837721,-0.27928642,-0.21154722,-0.18329764,-0.26825883,2.80952282,-0.22800674,0.00246434,0.03160828,-0.07768953,0.99647337,3.23574829,-0.08968206,0.01379835,2.96990805,-0.44178439,0.01344983,2.64317909,-0.00110669,0.02267226,2.57212310,-0.37630246,0.03369986,-0.35207748,1.28335474,0.49313076,-0.45590414,1.60766835,-1.54617901,0.15843163,-2.83628182,-0.98516545,-0.18609465,1.29431226,-0.01748469
0.44760939,0.07131496,0.06322204,-0.00217046,-0.01402038,0.36203915,-0.15879145,0.76624203,-1.60948098,0.21300706,-0.10099056,-1.09535801,-0.14126761,0.76811481,-1.60242581,0.18387431,0.71521056,-1.47957325,0.38580412,0.01985858,0.00186179,0.30231079,0.39565244,0.20110989,-0.28868011,0.18688466,-0.18746535,-0.28870817,-0.20374823,0.19790315,-0.27946506,-0.20092110,-0.18276208,-0.26769646,2.81388970,-0.22799241,0.00240410,0.03154274,-0.07595869,0.99660903,3.23545094,-0.08916822,0.01363069,2.97020455,-0.44161544,0.01360263,2.64248796,-0.00149641,0.02284573,2.58759113,-0.37819303,0.03461434,-0.36223975,1.40658009,0.54650009,-0.64565051,2.11660457,-2.47676659,0.11737458,-3.27753997,-0.85335964,-0.17719714,1.40347326,0.02321601
0.44532526,0.07092333,0.05014493,-0.00418365,-0.02777722,0.32782755,-0.16195385,0.77977840,-1.60415668,0.20660697,-0.07893071,-1.12164342,-0.14044493,0.73565615,-1.60814965,0.18230845,0.72890669,-1.47915797,0.38580412,0.01985858,0.00186179,0.30252830,0.39135101,0.19933471,-0.28886766,0.18217618,-0.18849443,-0.28885365,-0.20805989,0.19746870,-0.27961229,-0.19039503,-0.18232892,-0.26710805,2.81833840,-0.22795565,0.00234317,0.03141104,-0.07435231,0.99673446,3.23493266,-0.08889035,0.01366065,2.97053213,-0.44139271,0.01367466,2.64187889,-0.00180338,0.02291601,2.60299912,-0.38001845,0.03542026,-0.32165596,1.37871037,0.54245923,-0.65122856,2.24788852,-2.67701540,0.08354186,-3.30643048,-0.57952267,-0.15931526,1.39555526,0.04227294
0.42773826,0.06453849,0.03622292,-0.00928011,-0.06290102,0.26643574,-0.16480080,0.79330255,-1.59875112,0.20079066,-0.05630304,-1.14726102,-0.13980510,0.70308074,-1.61123087,0.18088842,0.74310282,-1.47888532,0.38580412,0.01985858,0.00186179,0.30263492,0.38692027,0.19774389,-0.28895880,0.17753296,-0.18942876,-0.28891656,-0.21240615,0.19706275,-0.27972517,-0.18017578,-0.18196334,-0.26661159,2.82280417,-0.22793841,0.00227707,0.03110729,-0.07296688,0.99684652,3.23439489,-0.08864368,0.01367612,2.97086115,-0.44119960,0.01371836,2.64135733,-0.00204652,0.02290976,2.61805220,-0.38172592,0.03602334,-0.27463213,1.31441751,0.52524607,-0.55875381,2.19991241,-2.47508287,0.06087720,-3.16344504,-0.27806361,-0.13655872,1.38538780,0.02290408
0.45505943,0.06197765,0.02618072,-0.01770321,-0.12182045,0.23618100,-0.16740113,0.80677160,-1.59354842,0.19583938,-0.03378604,-1.17068465,-0.13936926,0.67118287,-1.61164079,0.17971761,0.75803214,-1.47920768,0.38580412,0.01985858,0.00186179,0.30262825,0.38248643,0.19644074,-0.28901157,0.17306415,-0.19027955,-0.28882308,-0.21673241,0.19670313,-0.27976093,-0.17042484,-0.18167933,-0.26628250,2.82722616,-0.22797132,0.00220060,0.03054567,-0.07181900,0.99694742,3.23391981,-0.08838224,0.01361668,2.97122979,-0.44109208,0.01380517,2.64092589,-0.00223416,0.02286732,2.63252025,-0.38334703,0.03634576,-0.26896185,1.40252399,0.53816438,-0.50781704,2.34321532,-2.41752853,0.04314221,-3.31399279,-0.01929700,-0.11901743,1.56259978,-0.04056990
0.40720369,0.04742926,0.01145436,-0.02426774,-0.16912687,0.17930650,-0.16977597,0.82021917,-1.58899939,0.19172365,-0.01150853,-1.19167540,-0.13923517,0.64025218,-1.60960608,0.17895049,0.77381133,-1.48030035,0.38580412,0.01985858,0.00186179,0.30250496,0.37809711,0.19541920,-0.28903086,0.16886087,-0.19104103,-0.28850136,-0.22101417,0.19642960,-0.27969262,-0.16114005,-0.18150525,-0.26613309,2.83155461,-0.22807578,0.00210960,0.02968077,-0.07086267,0.99704217,3.23348952,-0.08809571,0.01347410,2.97169891,-0.44107871,0.01400360,2.64054337,-0.00236234,0.02281234,2.64636379,-0.38496630,0.03637186,-0.22321779,1.27631660,0.42408707,-0.38325071,2.11221309,-1.97020378,0.00959250,-2.92664728,0.21451944,-0.06855209,1.50552847,-0.11074775
0.43508005,0.04088205,-0.00168532,-0.03571462,-0.25171854,0.16510688,-0.17184064,0.83372849,-1.58548284,0.18829110,0.01058436,-1.21055961,-0.13944876,0.60988450,-1.60546184,0.17866237,0.79040325,-1.48208344,0.38580412,0.01985858,0.00186179,0.30226651,0.37376653,0.19462723,-0.28899818,0.16496705,-0.19167961,-0.28792176,-0.22524613,0.19626504,-0.27952421,-0.15213145,-0.18144816,-0.26612374,2.83575650,-0.22825882,0.00200294,0.02850908,-0.07005487,0.99713366,3.23306461,-0.08780440,0.01326833,2.97230192,-0.44112156,0.01434475,2.64016528,-0.00242732,0.02274230,2.65974899,-0.38665317,0.03614277,-0.21000391,1.40848005,0.34971532,-0.34805757,2.29883838,-1.93734455,-0.02747774,-3.15729523,0.46187636,-0.02276711,1.74013519,-0.19559263
0.41211854,0.03047551,-0.01397893,-0.04233461,-0.30158481,0.13136418,-0.17333397,0.84739281,-1.58353095,0.18540477,0.03246670,-1.22753315,-0.14009188,0.57917687,-1.59895220,0.17885805,0.80780522,-1.48466649,0.38580412,0.01985858,0.00186179,0.30191137,0.36952434,0.19401452,-0.28888746,0.16145016,-0.19210893,-0.28705460,-0.22939624,0.19620316,-0.27924069,-0.14313586,-0.18152463,-0.26622922,2.83979397,-0.22852050,0.00188104,0.02702262,-0.06941277,0.99722019,3.23263388,-0.08757130,0.01302391,2.97307220,-0.44114437,0.01485677,2.63979211,-0.00242854,0.02267068,2.67288976,-0.38846440,0.03568215,-0.15130903,1.39188433,0.19655226,-0.29345917,2.22850013,-1.72694383,-0.06614708,-3.12873111,0.66604345,0.02026310,1.77314935,-0.26392804
0.38016269,0.02157068,-0.02225483,-0.04653178,-0.33432536,0.09599086,-0.17428437,0.86107033,-1.58342414,0.18292332,0.05414001,-1.24316130,-0.14128606,0.54759964,-1.59010029,0.17921150,0.82564465,-1.48778014,0.38580412,0.01985858,0.00186179,0.30148765,0.36536625,0.19352851,-0.28869839,0.15835853,-0.19233111,-0.28591444,-0.23344432,0.19615887,-0.27890846,-0.13401810,-0.18177100,-0.26641011,2.84369126,-0.22883292,0.00174894,0.02530839,-0.06891332,0.99730005,3.23220349,-0.08739733,0.01278926,2.97409091,-0.44111719,0.01557321,2.63944593,-0.00242975,0.02257919,2.68594556,-0.39044308,0.03507755,-0.08916607,1.32790112,-0.00710487,-0.23779919,2.10517240,-1.50967436,-0.12174050,-3.07763524,0.88029306,0.03374517,1.73564153,-0.30486186
0.39865169,0.01728133,-0.02641320,-0.05441374,-0.39335147,0.08302848,-0.17497250,0.87419721,-1.58575981,0.18087449,0.07549091,-1.25759916,-0.14323582,0.51511154,-1.57876034,0.17947714,0.84347526,-1.49106224,0.38580412,0.01985858,0.00186179,0.30105249,0.36130747,0.19316810,-0.28842559,0.15593736,-0.19241372,-0.28443472,-0.23734388,0.19607070,-0.27860520,-0.12479013,-0.18224464,-0.26663243,2.84749370,-0.22918621,0.00160895,0.02342028,-0.06851341,0.99737396,3.23182154,-0.08723864,0.01262690,2.97565518,-0.44111576,0.01661777,2.63919044,-0.00250231,0.02244729,2.69895521,-0.39265487,0.03442006,-0.07106662,1.35869825,-0.26794968,-0.20958519,2.22026749,-1.49373996,-0.21038166,-3.39171276,1.20354288,0.02676882,1.85529280,-0.34217533
0.35637460,0.01012402,-0.02533480,-0.05219408,-0.37933170,0.07167878,-0.17563808,0.88580364,-1.59105217,0.17919460,0.09630511,-1.27092628,-0.14595891,0.48190057,-1.56500311,0.17984184,0.86107737,-1.49444878,0.38580412,0.01985858,0.00186179,0.30062518,0.35738396,0.19290814,-0.28807883,0.15453167,-0.19241805,-0.28258485,-0.24107003,0.19599561,-0.27829726,-0.11550961,-0.18294900,-0.26686449,2.85122209,-0.22958446,0.00146324,0.02141787,-0.06814009,0.99744477,3.23152027,-0.08707082,0.01254634,2.97815028,-0.44123035,0.01804033,2.63904605,-0.00262551,0.02232791,2.71190553,-0.39512510,0.03376068,-0.06328043,1.08365400,-0.53102142,-0.15643798,1.96966887,-1.25478113,-0.26530894,-3.15781879,1.32748883,0.03691957,1.66847210,-0.32287473
0.38191655,0.00385000,-0.03317377,-0.05961415,-0.43578401,0.08443434,-0.17608257,0.89476228,-1.59936690,0.17777452,0.11650095,-1.28324473,-0.14938168,0.44830868,-1.54913855,0.18047819,0.87874711,-1.49811411,0.38580412,0.01985858,0.00186179,0.30017015,0.35361306,0.19271504,-0.28766656,0.15446775,-0.19229653,-0.28044704,-0.24469423,0.19597783,-0.27791739,-0.10623998,-0.18385960,-0.26707066,2.85485835,-0.23003399,0.00131242,0.01932523,-0.06774326,0.99751474,3.23127981,-0.08689708,0.01250359,2.98190923,-0.44144903,0.01972312,2.63890715,-0.00277279,0.02225277,2.72473593,-0.39784173,0.03309949,-0.04162266,0.88952476,-0.91060990,-0.14443882,2.09454894,-1.26862514,-0.36670080,-3.50332999,1.68243039,0.07046200,1.84335554,-0.38667020
0.36578151,-0.00229798,-0.04146637,-0.06170979,-0.45386510,0.07942734,-0.17572055,0.89919574,-1.61014030,0.17662280,0.13628173,-1.29470294,-0.15355586,0.41505662,-1.53159378,0.18127836,0.89693494,-1.50220237,0.38580412,0.01985858,0.00186179,0.29964141,0.34997895,0.19259098,-0.28715140,0.15621387,-0.19191451,-0.27822553,-0.24829427,0.19597573,-0.27746721,-0.09709522,-0.18498195,-0.26719323,2.85839911,-0.23053649,0.00115363,0.01708468,-0.06735594,0.99758206,3.23109069,-0.08673964,0.01249001,2.98739691,-0.44170826,0.02141588,2.63870259,-0.00296240,0.02217419,2.73731885,-0.40078741,0.03244818,0.03805194,0.44491159,-1.09829638,-0.11693735,2.01459448,-1.16635561,-0.42588179,-3.38551226,1.78823330,0.08195092,1.85297129,-0.41696494
0.34263463,-0.00646052,-0.05040502,-0.06272370,-0.46380305,0.05197065,-0.17452439,0.89832971,-1.62113540,0.17575797,0.15600047,-1.30567057,-0.15821520,0.38297853,-1.51322124,0.18247691,0.91547067,-1.50675912,0.38580412,0.01985858,0.00186179,0.29902653,0.34640809,0.19254377,-0.28652671,0.15960115,-0.19132481,-0.27621095,-0.25180730,0.19605794,-0.27692322,-0.08823872,-0.18624309,-0.26724564,2.86187096,-0.23107023,0.00098808,0.01469439,-0.06707831,0.99763901,3.23093667,-0.08663281,0.01249982,2.99442311,-0.44203857,0.02281558,2.63857622,-0.00306783,0.02210330,2.74949432,-0.40382454,0.03178089,0.12177105,-0.13173022,-1.06003683,-0.08161813,1.91709850,-1.06292963,-0.45545003,-3.10515709,1.79022152,0.12081638,1.80414622,-0.44750772
0.36173094,-0.00916381,-0.06438866,-0.06989549,-0.51822009,0.02118496,-0.17279217,0.89126892,-1.63040125,0.17519174,0.17569412,-1.31622488,-0.16305566,0.35295176,-1.49460292,0.18400860,0.93440492,-1.51191597,0.38580412,0.01985858,0.00186179,0.29833001,0.34287087,0.19257591,-0.28581418,0.16453280,-0.19065675,-0.27461073,-0.25524662,0.19620014,-0.27625790,-0.07989681,-0.18756364,-0.26727362,2.86528859,-0.23161870,0.00081868,0.01219684,-0.06696509,0.99768043,3.23081966,-0.08659128,0.01251583,3.00286627,-0.44255334,0.02371927,2.63855162,-0.00306745,0.02207211,2.76104255,-0.40682253,0.03105638,0.18339044,-0.79325734,-0.94256397,-0.05645528,2.05090032,-1.09584928,-0.50430000,-3.10537210,1.93852472,0.16005559,1.97752857,-0.54293871
0.32555281,-0.00965334,-0.06626705,-0.06476040,-0.48033742,-0.00199556,-0.17087791,0.87788558,-1.63690951,0.17488280,0.19531946,-1.32644255,-0.16773451,0.32591826,-1.47658348,0.18538858,0.95408707,-1.51766186,0.38580412,0.01985858,0.00186179,0.29757086,0.33935152,0.19267278,-0.28504183,0.17084893,-0.19002297,-0.27346904,-0.25875154,0.19625993,-0.27549299,-0.07230483,-0.18885084,-0.26730988,2.86866422,-0.23217522,0.00064785,0.00965181,-0.06696931,0.99770814,3.23072114,-0.08658319,0.01252903,3.01258507,-0.44332653,0.02410182,2.63846283,-0.00309522,0.02207787,2.77176919,-0.40966883,0.03026098,0.18233198,-1.32770374,-0.59059857,-0.02711755,1.86188931,-0.96704497,-0.44137306,-2.53461232,1.70116134,0.12811969,1.87604718,-0.55038667
0.35221812,-0.01350918,-0.07866274,-0.07140281,-0.52940363,-0.00275794,-0.16887331,0.85899574,-1.64073443,0.17476904,0.21493894,-1.33649886,-0.17194574,0.30283391,-1.46029329,0.18683252,0.97439402,-1.52369630,0.38580412,0.01985858,0.00186179,0.29677242,0.33582786,0.19281375,-0.28421955,0.17832107,-0.18943191,-0.27267811,-0.26235413,0.19630395,-0.27461569,-0.06566838,-0.19001605,-0.26735616,2.87199374,-0.23275090,0.00047631,0.00709446,-0.06698615,0.99772857,3.23058195,-0.08655931,0.01255287,3.02339216,-0.44431974,0.02409431,2.63823505,-0.00313861,0.02215673,2.78151436,-0.41228340,0.02941626,0.21027400,-2.04543018,-0.35993752,-0.00919960,2.04402375,-1.04589760,-0.43065286,-2.34231710,1.66666496,0.15357509,2.12313962,-0.63134724
0.33553218,-0.01789569,-0.07873754,-0.07065947,-0.52409508,0.01818200,-0.16639223,0.83589206,-1.64226885,0.17470792,0.23463121,-1.34643090,-0.17537414,0.28532883,-1.44747331,0.18917960,0.99466333,-1.52935131,0.38580412,0.01985858,0.00186179,0.29596921,0.33228977,0.19295791,-0.28335317,0.18666673,-0.18875026,-0.27209749,-0.26595788,0.19658066,-0.27361834,-0.06030968,-0.19096328,-0.26739452,2.87522979,-0.23336354,0.00030214,0.00450525,-0.06690001,0.99774947,3.23030529,-0.08649409,0.01261604,3.03502713,-0.44534453,0.02387172,2.63789645,-0.00303675,0.02235087,2.78996606,-0.41456599,0.02857469,0.25374557,-2.35579538,-0.15442635,-0.00639094,2.00577338,-1.01122725,-0.34812572,-1.77566071,1.30057194,0.24010720,2.06416175,-0.57496495
0.30373602,-0.02101671,-0.07191913,-0.07011661,-0.52145573,0.05030764,-0.16306360,0.81121130,-1.64253659,0.17447981,0.25440545,-1.35601394,-0.17792981,0.27348635,-1.43872788,0.19217141,1.01481409,-1.53423393,0.38580412,0.01985858,0.00186179,0.29521176,0.32874951,0.19305312,-0.28248046,0.19533041,-0.18784383,-0.27155392,-0.26958320,0.19702502,-0.27262668,-0.05618164,-0.19166341,-0.26744446,2.87831207,-0.23399335,0.00012161,0.00181798,-0.06665731,0.99777426,3.22981978,-0.08638550,0.01273130,3.04692002,-0.44615045,0.02365783,2.63733244,-0.00285967,0.02258508,2.79713493,-0.41648037,0.02776730,0.33151334,-2.40368052,-0.01869401,-0.02433682,1.92358177,-0.92753372,-0.24018089,-1.10302622,0.81457100,0.29299135,1.96038287,-0.46835741
0.29537893,-0.02412566,-0.06814780,-0.08015192,-0.59926255,0.09629331,-0.15878269,0.78640913,-1.64196925,0.17395881,0.27441177,-1.36503782,-0.17929353,0.26798441,-1.43458261,0.19534167,1.03532519,-1.53845809,0.38580412,0.01985858,0.00186179,0.29455276,0.32519196,0.19307356,-0.28162067,0.20401043,-0.18667150,-0.27094180,-0.27330542,0.19749589,-0.27171040,-0.05339664,-0.19203702,-0.26761225,2.88112359,-0.23460162,-0.00006991,-0.00105754,-0.06621505,0.99780481,3.22897663,-0.08619182,0.01293209,3.05867839,-0.44659407,0.02361096,2.63631177,-0.00272310,0.02284235,2.80281949,-0.41789889,0.02694051,0.45392251,-2.57984529,0.06549060,-0.05713291,2.08719745,-0.93456501,-0.12965164,-0.51351337,0.38948056,0.33077148,2.14215803,-0.43581125
0.25775932,-0.02447697,-0.05382409,-0.07933975,-0.59845159,0.13468537,-0.15380524,0.76221238,-1.64066048,0.17312444,0.29489951,-1.37349157,-0.17919531,0.26937191,-1.43511515,0.19869797,1.05654812,-1.54240668,0.38580412,0.01985858,0.00186179,0.29399967,0.32158465,0.19301769,-0.28075921,0.21255803,-0.18530265,-0.27018330,-0.27711375,0.19797830,-0.27084384,-0.05206428,-0.19202680,-0.26804965,2.88378682,-0.23520987,-0.00027571,-0.00420235,-0.06553147,0.99784162,3.22785273,-0.08590759,0.01324047,3.07028489,-0.44671983,0.02381637,2.63494525,-0.00269038,0.02315583,2.80705600,-0.41877828,0.02595003,0.47746538,-2.28952880,0.13125440,-0.08203971,1.94974551,-0.79730285,0.02336349,0.19695859,-0.09342499,0.32113518,2.02140312,-0.37355623
0.30051937,-0.03132135,-0.05503326,-0.09471458,-0.72393847,0.20300830,-0.14854379,0.73864949,-1.63845241,0.17198166,0.31598586,-1.38140512,-0.17783311,0.27781636,-1.44025719,0.20254518,1.07846618,-1.54625058,0.38580412,0.01985858,0.00186179,0.29350847,0.31791408,0.19288590,-0.27987995,0.22096832,-0.18385649,-0.26923852,-0.28095001,0.19854566,-0.26998468,-0.05221306,-0.19169070,-0.26878999,2.88658901,-0.23587209,-0.00049552,-0.00765507,-0.06459380,0.99788215,3.22671719,-0.08558185,0.01362852,3.08201022,-0.44668184,0.02426995,2.63358040,-0.00276281,0.02352379,2.81009860,-0.41923170,0.02471848,0.55072641,-2.44571257,0.24421512,-0.12363120,2.20555425,-0.81630045,0.15920213,0.98468733,-0.60409307,0.40930879,2.29299068,-0.39899346
0.32419107,-0.03231846,-0.05709379,-0.09740867,-0.75691550,0.23316275,-0.14327387,0.71519057,-1.63484848,0.17052652,0.33757077,-1.38857055,-0.17600382,0.29408967,-1.45160952,0.20708132,1.10088046,-1.54968586,0.38580412,0.01985858,0.00186179,0.29302121,0.31417373,0.19267276,-0.27901818,0.22932312,-0.18241180,-0.26811964,-0.28482217,0.19924263,-0.26912887,-0.05393454,-0.19119710,-0.26950561,2.88971377,-0.23659124,-0.00072388,-0.01139286,-0.06345045,0.99791970,3.22576013,-0.08526125,0.01400304,3.09408708,-0.44657864,0.02490157,2.63242002,-0.00287941,0.02389234,2.81199780,-0.41941765,0.02351560,0.53671846,-2.39006815,0.36904810,-0.14843510,2.19871035,-0.72891178,0.18571879,1.66621399,-1.16495690,0.46252823,2.28305130,-0.34887391
0.34295889,-0.02790568,-0.06199562,-0.09216767,-0.73021068,0.23398343,-0.13800370,0.69096171,-1.62969730,0.16896283,0.35925301,-1.39514728,-0.17483413,0.31672925,-1.46943283,0.21186720,1.12318957,-1.55215578,0.38580412,0.01985858,0.00186179,0.29249475,0.31036801,0.19242642,-0.27821991,0.23774174,-0.18097883,-0.26696266,-0.28879338,0.19997707,-0.26831924,-0.05690756,-0.19079400,-0.26972154,2.89316893,-0.23731825,-0.00094614,-0.01518064,-0.06224632,0.99794491,3.22504325,-0.08495139,0.01427484,3.10657850,-0.44643742,0.02553209,2.63146425,-0.00300413,0.02417551,2.81299334,-0.41956176,0.02277321,0.51287561,-2.36596870,0.51407813,-0.15165334,2.10699835,-0.63656170,0.10436897,2.24670763,-1.78204780,0.46452483,2.16428843,-0.22854806
0.39838731,-0.02336206,-0.07315000,-0.09018239,-0.72780179,0.24219565,-0.13263228,0.66515607,-1.62293892,0.16756146,0.38064785,-1.40161097,-0.17486515,0.34407171,-1.49214542,0.21630584,1.14453373,-1.55282440,0.38580412,0.01985858,0.00186179,0.29193758,0.30649986,0.19220310,-0.27749160,0.24630863,-0.17952472,-0.26588376,-0.29293287,0.20062761,-0.26763205,-0.06093153,-0.19062985,-0.26936108,2.89693647,-0.23801405,-0.00114562,-0.01872946,-0.06107573,0.99795674,3.22458706,-0.08462147,0.01444598,3.11951475,-0.44623503,0.02605383,2.63065529,-0.00316210,0.02430554,2.81321335,-0.41979093,0.02257650,0.56088527,-2.70535927,0.71757728,-0.14315247,2.22413678,-0.67521030,-0.01422055,2.87769351,-2.39391618,0.45627725,2.21022658,-0.04949569
0.38459519,-0.01455292,-0.06798853,-0.06681101,-0.54882308,0.19339972,-0.12710008,0.63727320,-1.61499619,0.16656849,0.40133643,-1.40863159,-0.17570777,0.37279615,-1.51571038,0.21975088,1.16395364,-1.55098743,0.38580412,0.01985858,0.00186179,0.29139473,0.30258253,0.19204905,-0.27682942,0.25505089,-0.17801655,-0.26493953,-0.29728431,0.20107030,-0.26711858,-0.06555637,-0.19065468,-0.26874258,2.90094772,-0.23866047,-0.00130554,-0.02170570,-0.06003840,0.99795919,3.22437229,-0.08427275,0.01456531,3.13281689,-0.44597070,0.02645520,2.62991362,-0.00339945,0.02427615,2.81300688,-0.42008057,0.02265215,0.52659220,-2.66651506,0.76245238,-0.08981849,1.95554948,-0.67384807,-0.08457407,2.72559505,-2.22850614,0.31558996,1.82212033,0.19926760
0.43698533,-0.00975012,-0.07040200,-0.04877017,-0.40710142,0.15461690,-0.12145297,0.60727870,-1.60673630,0.16602197,0.42105526,-1.41680062,-0.17650135,0.39970121,-1.53653371,0.22188032,1.18067348,-1.54665482,0.38580412,0.01985858,0.00186179,0.29091001,0.29859675,0.19195759,-0.27627035,0.26391899,-0.17644325,-0.26410694,-0.30179577,0.20125440,-0.26671399,-0.07032193,-0.19069384,-0.26822099,2.90511103,-0.23925957,-0.00141349,-0.02380599,-0.05925433,0.99795802,3.22432490,-0.08398484,0.01463965,3.14629646,-0.44569368,0.02680306,2.62925096,-0.00370652,0.02419601,2.81271763,-0.42029209,0.02268901,0.58964080,-3.15541768,0.86146587,-0.05047023,2.03895187,-0.87001914,-0.07868371,2.76507044,-2.11711216,0.20171700,1.69888127,0.48728284
0.43247605,-0.00517912,-0.06252560,-0.02030436,-0.17089541,0.06407347,-0.11579407,0.57518181,-1.59923744,0.16582583,0.43953673,-1.42655065,-0.17684216,0.42279039,-1.55245295,0.22318238,1.19369087,-1.54059095,0.38580412,0.01985858,0.00186179,0.29050584,0.29447909,0.19188595,-0.27592395,0.27282135,-0.17480290,-0.26332307,-0.30624311,0.20132631,-0.26614379,-0.07503887,-0.19068051,-0.26796936,2.90934649,-0.23981333,-0.00145651,-0.02466436,-0.05893246,0.99795617,3.22436304,-0.08392002,0.01458189,3.15969806,-0.44551123,0.02718277,2.62892714,-0.00384274,0.02436205,2.81238685,-0.42033678,0.02253648,0.57635281,-3.27129021,0.76231555,-0.01964354,1.88072081,-0.99464253,-0.03444983,2.34703312,-1.61558249,0.13248672,1.32150906,0.61833197
0.41316311,0.00019830,-0.05329680,0.00815671,0.06845607,-0.05000808,-0.11012626,0.54147121,-1.59280195,0.16592008,0.45672472,-1.43741705,-0.17707445,0.44241998,-1.56407595,0.22432299,1.20354056,-1.53414011,0.38580412,0.01985858,0.00186179,0.29016136,0.29026954,0.19183699,-0.27580422,0.28168780,-0.17310303,-0.26254976,-0.31046399,0.20143468,-0.26522060,-0.07971827,-0.19070329,-0.26790527,2.91358900,-0.24032045,-0.00144591,-0.02439872,-0.05914355,0.99795022,3.22448550,-0.08411159,0.01435714,3.17285886,-0.44548336,0.02761160,2.62909079,-0.00362531,0.02494076,2.81190381,-0.42027286,0.02225609,0.55153928,-3.28981781,0.61799289,0.01221498,1.65988851,-1.06371046,-0.02351279,1.88197346,-1.09798512,0.10837466,0.93466243,0.62717596
0.44096044,0.00689489,-0.04891677,0.03463054,0.28861943,-0.15934052,-0.10438041,0.50619104,-1.58710637,0.16645152,0.47254785,-1.44919953,-0.17747687,0.45877857,-1.57184770,0.22499300,1.21058054,-1.52766511,0.38580412,0.01985858,0.00186179,0.28988157,0.28601624,0.19185958,-0.27586402,0.29049349,-0.17133332,-0.26182217,-0.31444377,0.20149447,-0.26398077,-0.08435141,-0.19083143,-0.26794443,2.91781831,-0.24076827,-0.00138498,-0.02308982,-0.05987006,0.99793813,3.22472124,-0.08448014,0.01401755,3.18574405,-0.44560326,0.02805940,2.62972007,-0.00312503,0.02590080,2.81125665,-0.42014610,0.02193714,0.59939843,-3.68911905,0.58939457,0.05988926,1.63655794,-1.23554461,-0.04406906,1.67556245,-0.77736670,0.06376467,0.70921478,0.67496592
0.40076061,0.01270004,-0.03219212,0.05294037,0.43486669,-0.20176889,-0.09859046,0.46931427,-1.58140063,0.16742169,0.48722663,-1.46196198,-0.17807260,0.47202578,-1.57621644,0.22502928,1.21487288,-1.52093575,0.38580412,0.01985858,0.00186179,0.28970681,0.28173456,0.19195543,-0.27603090,0.29922603,-0.16952000,-0.26120777,-0.31817382,0.20147306,-0.26254931,-0.08889077,-0.19106473,-0.26804293,2.92203689,-0.24115599,-0.00127352,-0.02086874,-0.06091283,0.99792410,3.22502661,-0.08489186,0.01367591,3.19842344,-0.44581112,0.02849904,2.63072954,-0.00248047,0.02715749,2.81056762,-0.41999083,0.02166388,0.54954559,-3.51478205,0.54471097,0.09566132,1.38367040,-1.22075016,-0.05799917,1.22897561,-0.38452116,-0.00213712,0.38161047,0.64240929
0.44370812,0.02244691,-0.01139304,0.07769096,0.62729550,-0.23189635,-0.09288918,0.43084130,-1.57467496,0.16858368,0.50113690,-1.47563195,-0.17875387,0.48243079,-1.57759690,0.22423050,1.21657264,-1.51378584,0.38580412,0.01985858,0.00186179,0.28972018,0.27741567,0.19206031,-0.27626965,0.30789047,-0.16772128,-0.26077283,-0.32162422,0.20132263,-0.26108456,-0.09328343,-0.19136967,-0.26820674,2.92628522,-0.24147933,-0.00111467,-0.01793363,-0.06202551,0.99791281,3.22534890,-0.08525023,0.01345053,3.21103664,-0.44603641,0.02894735,2.63206668,-0.00187885,0.02863562,2.81002207,-0.41982458,0.02151344,0.59201193,-4.03127432,0.71978563,0.12273154,1.43905354,-1.43675494,-0.07180870,1.04282415,-0.10089575,-0.09701587,0.13960898,0.75113767
0.43560658,0.02704372,0.00778026,0.08635051,0.68514392,-0.21156489,-0.08741592,0.39080539,-1.56544278,0.16968412,0.51470559,-1.48968456,-0.17942393,0.49050335,-1.57639391,0.22137149,1.21641648,-1.50706215,0.38580412,0.01985858,0.00186179,0.28991966,0.27302487,0.19212371,-0.27658141,0.31649610,-0.16600610,-0.26059615,-0.32468814,0.20070498,-0.25980287,-0.09750754,-0.19171520,-0.26847143,2.93055730,-0.24175416,-0.00091925,-0.01455130,-0.06306654,0.99790281,3.22559734,-0.08553163,0.01333825,3.22363582,-0.44628482,0.02932350,2.63372035,-0.00176936,0.03011679,2.80968952,-0.41966824,0.02144822,0.55711931,-4.07914729,0.94421437,0.11188553,1.38202236,-1.43092995,-0.06812265,0.82068837,0.12452205,-0.29410835,-0.01676745,0.68284534
0.41728084,0.02875558,0.02184067,0.08549419,0.66737938,-0.18219027,-0.08222772,0.34974934,-1.55311668,0.17061567,0.52833753,-1.50335805,-0.17998907,0.49764661,-1.57386472,0.21666008,1.21571448,-1.50212903,0.38580412,0.01985858,0.00186179,0.29023215,0.26855554,0.19214189,-0.27695183,0.32507028,-0.16439882,-0.26065386,-0.32726751,0.19960946,-0.25867563,-0.10165195,-0.19206112,-0.26883552,2.93484454,-0.24200913,-0.00071113,-0.01109346,-0.06401340,0.99788713,3.22574926,-0.08575603,0.01328032,3.23624482,-0.44659537,0.02957829,2.63576398,-0.00222010,0.03155653,2.80948572,-0.41950775,0.02139663,0.50163022,-3.99864869,1.22582715,0.08882781,1.32668717,-1.32414498,-0.05389005,0.69142282,0.25280117,-0.46581377,-0.07048448,0.45949421
0.44910139,0.03190557,0.03509575,0.09073025,0.69877462,-0.16632376,-0.07743406,0.30774849,-1.53715360,0.17131488,0.54212093,-1.51633787,-0.18043997,0.50456867,-1.57061253,0.21180265,1.21452401,-1.50008740,0.38580412,0.01985858,0.00186179,0.29062924,0.26402773,0.19210840,-0.27736974,0.33365896,-0.16293408,-0.26094747,-0.32908395,0.19844746,-0.25747555,-0.10578722,-0.19239570,-0.26928457,2.93915167,-0.24226196,-0.00050040,-0.00770897,-0.06482607,0.99786668,3.22581578,-0.08592908,0.01325950,3.24892516,-0.44699642,0.02968177,2.63850956,-0.00290456,0.03315369,2.80936084,-0.41935341,0.02134467,0.49528701,-4.38413963,1.69740605,0.07060281,1.43688762,-1.34544659,-0.04617050,0.72103137,0.34347174,-0.49738434,-0.13083218,0.18260180
0.41142453,0.02865689,0.04147038,0.08143980,0.62046736,-0.11124113,-0.07317604,0.26452884,-1.51709197,0.17173749,0.55591838,-1.52859073,-0.18080836,0.51153297,-1.56689949,0.20849383,1.21193573,-1.50161810,0.38580412,0.01985858,0.00186179,0.29109777,0.25948489,0.19201140,-0.27783000,0.34234181,-0.16164794,-0.26149199,-0.32973690,0.19766690,-0.25605025,-0.10995968,-0.19272206,-0.26979135,2.94348250,-0.24252662,-0.00028911,-0.00441174,-0.06543497,0.99784704,3.22582016,-0.08604586,0.01326777,3.26178289,-0.44749694,0.02960578,2.64238282,-0.00349188,0.03504752,2.80929675,-0.41923857,0.02130642,0.39859092,-4.11457443,1.94350982,0.03736288,1.30883973,-1.15625434,-0.03424692,0.66166159,0.35620531,-0.29562547,-0.26298761,-0.17977325
0.45416586,0.02978964,0.05624435,0.08918011,0.67490384,-0.05771940,-0.06969161,0.21967304,-1.49256539,0.17179659,0.56948054,-1.54010165,-0.18102837,0.51849836,-1.56273735,0.20658514,1.20641911,-1.50618637,0.38580412,0.01985858,0.00186179,0.29163748,0.25496824,0.19182601,-0.27836043,0.35120775,-0.16059759,-0.26228613,-0.32893182,0.19728116,-0.25463560,-0.11418834,-0.19302040,-0.27034680,2.94783778,-0.24281190,-0.00007569,-0.00114851,-0.06575611,0.99783506,3.22577401,-0.08610365,0.01327705,3.27493353,-0.44810886,0.02935135,2.64763923,-0.00407182,0.03700188,2.80930729,-0.41917844,0.02129068,0.35039800,-4.69839573,2.62247014,0.00034831,1.40823412,-1.18786097,-0.02028607,0.72513515,0.44046339,-0.18148495,-0.62450767,-0.51696599
0.44619010,0.02625165,0.06557790,0.08811540,0.66561303,0.01319535,-0.06743434,0.17281894,-1.46309071,0.17145216,0.58262007,-1.55075288,-0.18089959,0.52521647,-1.55789809,0.20357391,1.19583814,-1.51169801,0.38580412,0.01985858,0.00186179,0.29226162,0.25048689,0.19154387,-0.27899778,0.36032224,-0.15989325,-0.26328007,-0.32652852,0.19672911,-0.25397150,-0.11846555,-0.19323887,-0.27097746,2.95221687,-0.24313062,0.00014078,0.00213991,-0.06569532,0.99783742,3.22565437,-0.08608073,0.01326383,3.28846574,-0.44888451,0.02898155,2.65429945,-0.00528943,0.03829012,2.80943890,-0.41916981,0.02128416,0.22835607,-4.77398596,3.00688462,-0.03536493,1.33786325,-1.08391842,0.01355923,0.68378775,0.49377413,-0.31037876,-1.08375020,-0.56064659
0.42771625,0.02120508,0.07242554,0.08464536,0.64169405,0.06847368,-0.06631923,0.12488183,-1.43031368,0.17092591,0.59546950,-1.56070600,-0.18047772,0.53159977,-1.55240521,0.19789157,1.18103640,-1.51671810,0.38580412,0.01985858,0.00186179,0.29295345,0.24600922,0.19122482,-0.27970597,0.36954510,-0.15949372,-0.26431616,-0.32306141,0.19558286,-0.25423931,-0.12276748,-0.19339000,-0.27167067,2.95661359,-0.24348608,0.00035740,0.00546025,-0.06535989,0.99784675,3.22546468,-0.08598508,0.01324748,3.30219655,-0.44982135,0.02863729,2.66182471,-0.00743345,0.03871414,2.80966883,-0.41920968,0.02128278,0.09994172,-4.66349325,3.20588746,-0.05195066,1.24752917,-0.96220969,0.04251351,0.61826208,0.53887765,-0.57145506,-1.46541791,-0.48527521
0.45986875,0.01828641,0.08635623,0.08978442,0.68526177,0.10556263,-0.06619156,0.07720429,-1.39569631,0.17032515,0.60813135,-1.56992264,-0.17990972,0.53777876,-1.54636996,0.19083895,1.16348445,-1.52161674,0.38580412,0.01985858,0.00186179,0.29370055,0.24151922,0.19090161,-0.28046333,0.37862255,-0.15935004,-0.26530936,-0.31884537,0.19410623,-0.25502286,-0.12710246,-0.19351036,-0.27240251,2.96102643,-0.24388174,0.00057001,0.00877386,-0.06486157,0.99785554,3.22522650,-0.08585237,0.01323722,3.31583433,-0.45090547,0.02839119,2.66999207,-0.01013274,0.03867769,2.80994263,-0.41930972,0.02129804,0.00543501,-4.95659132,3.61546850,-0.06294995,1.31761572,-0.95290536,0.05996264,0.64289266,0.63270029,-0.73468680,-1.84608388,-0.51192939
0.42026569,0.01208051,0.08543848,0.07908910,0.60868175,0.10373901,-0.06680882,0.03158601,-1.36068368,0.16974124,0.62067896,-1.57821722,-0.17922459,0.54398637,-1.53997991,0.18486277,1.14430840,-1.52681890,0.38580412,0.01985858,0.00186179,0.29449022,0.23700781,0.19060574,-0.28125867,0.38718453,-0.15940030,-0.26629117,-0.31406612,0.19288904,-0.25580701,-0.13148300,-0.19360377,-0.27316723,2.96545329,-0.24432200,0.00077397,0.01201131,-0.06431472,0.99785708,3.22496863,-0.08571858,0.01323155,3.32897168,-0.45210724,0.02819905,2.67874737,-0.01271150,0.03868321,2.81020480,-0.41944511,0.02132299,-0.06453679,-4.30378256,3.32197952,-0.05485556,1.19004233,-0.77784661,0.06630317,0.59019660,0.60907899,-0.54971194,-1.83245578,-0.49735408
0.46232409,0.00737068,0.10004262,0.08152269,0.63266425,0.09876480,-0.06785828,-0.01023075,-1.32633388,0.16932574,0.63317323,-1.58533978,-0.17834893,0.55039901,-1.53341365,0.18046871,1.12377846,-1.53242671,0.38580412,0.01985858,0.00186179,0.29531178,0.23246771,0.19038633,-0.28207746,0.39485603,-0.15957429,-0.26740967,-0.30872984,0.19205919,-0.25650606,-0.13590020,-0.19364550,-0.27397533,2.96988983,-0.24481323,0.00096537,0.01509229,-0.06382673,0.99784640,3.22471972,-0.08559664,0.01323432,3.34119697,-0.45339475,0.02790210,2.68814583,-0.01498468,0.03880572,2.81042524,-0.41956587,0.02133645,-0.11449493,-4.29325485,3.56492376,-0.04013441,1.30090106,-0.72354072,0.09436160,0.67158037,0.68597490,-0.43598559,-2.15870142,-0.59026480
0.45224356,0.00166347,0.10251190,0.07283521,0.56871382,0.05582844,-0.06898506,-0.04644273,-1.29340467,0.16926754,0.64568799,-1.59087787,-0.17727422,0.55717758,-1.52690303,0.17632297,1.10123563,-1.53827808,0.38580412,0.01985858,0.00186179,0.29615811,0.22788452,0.19030537,-0.28290239,0.40124443,-0.15979891,-0.26888087,-0.30262106,0.19127320,-0.25742313,-0.14031747,-0.19362592,-0.27481785,2.97432933,-0.24536394,0.00114026,0.01790483,-0.06354675,0.99781758,3.22451434,-0.08550478,0.01325572,3.35206051,-0.45477249,0.02727724,2.69841748,-0.01724644,0.03873497,2.81058269,-0.41962531,0.02134026,-0.11457271,-3.68156266,3.35202465,-0.00546757,1.27475457,-0.56208373,0.10952734,0.69097011,0.66276122,-0.42276199,-2.29891796,-0.59597890
0.43067941,-0.00266305,0.10148128,0.06166030,0.48254658,-0.00828314,-0.06993849,-0.07766094,-1.26195078,0.16954352,0.65828857,-1.59490085,-0.17618667,0.56441675,-1.52071993,0.17182585,1.07647738,-1.54416540,0.38580412,0.01985858,0.00186179,0.29701871,0.22325241,0.19035566,-0.28372770,0.40651787,-0.16001629,-0.27070514,-0.29570999,0.19037434,-0.25866253,-0.14470927,-0.19358865,-0.27564469,2.97875991,-0.24595557,0.00130128,0.02042664,-0.06355907,0.99776816,3.22436157,-0.08546649,0.01329102,3.36168785,-0.45626053,0.02631357,2.70959626,-0.01959808,0.03835618,2.81065631,-0.41961765,0.02137403,-0.09076235,-2.99679532,3.04517345,0.02921795,1.22589173,-0.37873984,0.10510335,0.70820549,0.59739155,-0.43931802,-2.42526131,-0.57327750
0.45863360,-0.00556740,0.11215958,0.05772653,0.45043767,-0.07754804,-0.07065707,-0.10404645,-1.23232381,0.17008584,0.67098379,-1.59737105,-0.17516497,0.57226593,-1.51507020,0.16706653,1.04945281,-1.55026824,0.38580412,0.01985858,0.00186179,0.29789335,0.21857265,0.19051837,-0.28455615,0.41074622,-0.16021068,-0.27282663,-0.28792410,0.18937388,-0.26016049,-0.14907542,-0.19355132,-0.27642802,2.98316675,-0.24657413,0.00144950,0.02262911,-0.06389972,0.99769868,3.22425814,-0.08549591,0.01333719,3.37011872,-0.45787508,0.02506671,2.72175374,-0.02201680,0.03773286,2.81061783,-0.41952634,0.02146533,-0.07285773,-2.70527239,3.06734724,0.05845949,1.32313812,-0.24353860,0.10600052,0.82373613,0.58301687,-0.49807837,-2.83496065,-0.63885447
0.41320009,-0.00640668,0.10584604,0.04490806,0.34757130,-0.12540658,-0.07125335,-0.12525693,-1.20525420,0.17082185,0.68375194,-1.59837632,-0.17413116,0.58086545,-1.51003327,0.16199979,1.02026832,-1.55681598,0.38580412,0.01985858,0.00186179,0.29879080,0.21386125,0.19076965,-0.28537804,0.41387750,-0.16041189,-0.27520379,-0.27923973,0.18824409,-0.26182976,-0.15343832,-0.19349121,-0.27717790,2.98752981,-0.24720736,0.00158506,0.02450230,-0.06453023,0.99761364,3.22418576,-0.08557923,0.01341276,3.37729245,-0.45960237,0.02358701,2.73486858,-0.02455748,0.03696104,2.81044264,-0.41931867,0.02161290,-0.05616053,-1.96279125,2.54228678,0.07146051,1.21241400,-0.08238355,0.09864441,0.82356168,0.47238736,-0.48405069,-2.78934412,-0.62619447
0.44474465,-0.00670115,0.12217272,0.04096752,0.31298164,-0.18207200,-0.07200468,-0.14036040,-1.18172741,0.17174052,0.69659072,-1.59811485,-0.17304042,0.59025437,-1.50541782,0.15704270,0.98941821,-1.56398690,0.38580412,0.01985858,0.00186179,0.29973200,0.20913293,0.19109986,-0.28616720,0.41570496,-0.16069756,-0.27786501,-0.26976919,0.18708300,-0.26347184,-0.15783841,-0.19340114,-0.27793148,2.99182077,-0.24783690,0.00170765,0.02605710,-0.06537233,0.99751921,3.22410531,-0.08566530,0.01356480,3.38299771,-0.46141340,0.02186698,2.74877496,-0.02714662,0.03626016,2.81009169,-0.41898451,0.02180052,-0.08177011,-1.47834599,2.39413977,0.09846687,1.33844459,0.04525482,0.11446512,0.98969781,0.47563013,-0.51203555,-3.23570514,-0.75688952
0.41930259,-0.00241198,0.12944677,0.03312072,0.24964802,-0.20018285,-0.07325466,-0.14731525,-1.16373751,0.17285418,0.70947682,-1.59661601,-0.17188387,0.60029382,-1.50096211,0.15407936,0.95819308,-1.57205634,0.38580412,0.01985858,0.00186179,0.30077409,0.20439189,0.19151215,-0.28690470,0.41578157,-0.16116826,-0.28085286,-0.25983152,0.18638031,-0.26458574,-0.16226903,-0.19328000,-0.27871904,2.99596343,-0.24841527,0.00181559,0.02729163,-0.06634972,0.99742147,3.22392140,-0.08566358,0.01386939,3.38673373,-0.46323637,0.01992122,2.76310859,-0.02926086,0.03618835,2.80952301,-0.41849868,0.02205504,-0.12786007,-0.69841127,1.82402787,0.11356588,1.31243398,0.15400516,0.11791520,1.02299117,0.45357808,-0.29834259,-3.17970314,-0.82282354
0.38569808,0.00265936,0.13309788,0.02581334,0.19156297,-0.19784219,-0.07474218,-0.14679887,-1.15265629,0.17403976,0.72232267,-1.59412858,-0.17066140,0.61067513,-1.49674978,0.15345510,0.92730919,-1.58064137,0.38580412,0.01985858,0.00186179,0.30191605,0.19964084,0.19196348,-0.28761640,0.41433041,-0.16173022,-0.28386743,-0.24976830,0.18625663,-0.26508180,-0.16666802,-0.19312562,-0.27949901,2.99996753,-0.24893022,0.00191147,0.02829756,-0.06736284,0.99732534,3.22360907,-0.08555672,0.01429965,3.38878622,-0.46490793,0.01804862,2.77751441,-0.03077811,0.03683425,2.80884304,-0.41788929,0.02241704,-0.14301700,0.10843921,1.00957949,0.11520286,1.24836366,0.24911364,0.11890705,1.01196967,0.40643413,-0.04789904,-3.00263767,-0.83493987
0.42039863,-0.00080496,0.13761489,0.02282535,0.16689560,-0.20687180,-0.07556092,-0.13921689,-1.15110261,0.17517621,0.73512084,-1.59082990,-0.16949021,0.62144231,-1.49293225,0.15385465,0.89610305,-1.58889356,0.38580412,0.01985858,0.00186179,0.30300907,0.19487757,0.19241467,-0.28830884,0.41162231,-0.16210087,-0.28642229,-0.23957875,0.18637045,-0.26525007,-0.17104665,-0.19296766,-0.28022031,3.00402532,-0.24949050,0.00199591,0.02911645,-0.06835539,0.99723407,3.22333498,-0.08546628,0.01470023,3.38967929,-0.46624065,0.01658678,2.79211736,-0.03217291,0.03775900,2.80824824,-0.41731424,0.02278876,-0.07375646,0.84963589,0.06499290,0.11744908,1.33295796,0.34959314,0.12084692,1.12560689,0.39408204,0.04376024,-3.25729690,-0.85224205
0.39577437,-0.00965062,0.11199767,0.01689900,0.12181410,-0.17397573,-0.07457906,-0.12561748,-1.16050136,0.17618740,0.74792356,-1.58701262,-0.16848922,0.63271040,-1.48944972,0.15429752,0.86410615,-1.59603043,0.38580412,0.01985858,0.00186179,0.30395510,0.19010999,0.19283603,-0.28895954,0.40804771,-0.16193614,-0.28813049,-0.22928367,0.18646693,-0.26532327,-0.17546023,-0.19284298,-0.28086902,3.00819249,-0.25016379,0.00206871,0.02977557,-0.06927688,0.99715087,3.22314186,-0.08546919,0.01499556,3.38992715,-0.46696993,0.01582461,2.80689664,-0.03378243,0.03863183,2.80775118,-0.41689108,0.02308608,0.11339534,1.34164264,-0.99415388,0.09466447,1.21529086,0.36603941,0.09313913,1.07441051,0.32787258,0.04106801,-3.04437776,-0.66499478
0.44793677,-0.02220022,0.10485552,0.01395151,0.09923495,-0.16216865,-0.07155552,-0.10766483,-1.17879415,0.17707157,0.76068771,-1.58283949,-0.16769065,0.64457285,-1.48624504,0.15487882,0.83149987,-1.60158229,0.38580412,0.01985858,0.00186179,0.30472440,0.18537363,0.19322193,-0.28954615,0.40394313,-0.16116762,-0.28903670,-0.21900817,0.18658200,-0.26533619,-0.17994446,-0.19276293,-0.28144933,3.01245971,-0.25096549,0.00212775,0.03027646,-0.07007209,0.99708009,3.22303601,-0.08556985,0.01517825,3.38989086,-0.46704598,0.01568770,2.82170029,-0.03558613,0.03938821,2.80732341,-0.41666598,0.02327506,0.34449527,1.92800152,-2.02512741,0.09029358,1.32865453,0.43970343,0.08016451,1.24485040,0.32973287,0.06405637,-3.40427446,-0.55323541
0.44562281,-0.02812850,0.08817559,0.00803657,0.05667953,-0.11853285,-0.06782177,-0.08709460,-1.20104504,0.17787996,0.77311722,-1.57816041,-0.16695068,0.65726107,-1.48358457,0.15597376,0.79868631,-1.60482416,0.38580412,0.01985858,0.00186179,0.30532214,0.18076531,0.19358980,-0.29005609,0.39949493,-0.16018582,-0.28950704,-0.20893835,0.18682694,-0.26531229,-0.18449702,-0.19267603,-0.28195656,3.01679645,-0.25186187,0.00216553,0.03055837,-0.07065466,0.99703030,3.22305570,-0.08569861,0.01526605,3.38970928,-0.46678445,0.01581510,2.83629284,-0.03743708,0.04000985,2.80697165,-0.41659424,0.02336558,0.37918983,2.09624939,-2.26551814,0.08233355,1.26528201,0.47719344,0.07554856,1.29336376,0.27004083,0.11202593,-3.34187412,-0.32730233
0.42729296,-0.02741584,0.07199579,0.00070855,0.00503006,-0.06210155,-0.06509386,-0.06591003,-1.22218804,0.17869614,0.78502098,-1.57309248,-0.16608452,0.67072092,-1.48164823,0.15738705,0.76614010,-1.60591412,0.38580412,0.01985858,0.00186179,0.30580085,0.17637281,0.19395933,-0.29047494,0.39493422,-0.15948673,-0.28992682,-0.19915827,0.18716108,-0.26532686,-0.18905919,-0.19252603,-0.28240579,3.02114501,-0.25277089,0.00217931,0.03060466,-0.07099516,0.99700466,3.22322192,-0.08576038,0.01532591,3.38949528,-0.46660993,0.01587403,2.85051670,-0.03927788,0.04047399,2.80671282,-0.41656492,0.02339506,0.25375857,2.05967426,-2.03643832,0.07960101,1.15300617,0.49421390,0.08498927,1.31435299,0.18212796,0.13867021,-3.16050549,-0.08951823
0.45523968,-0.02583956,0.06476471,-0.00715010,-0.04986810,-0.00848010,-0.06372815,-0.04481755,-1.24091594,0.17953212,0.79648092,-1.56799886,-0.16523947,0.68486060,-1.48045633,0.15900232,0.73406614,-1.60497570,0.38580412,0.01985858,0.00186179,0.30616533,0.17224653,0.19432513,-0.29074875,0.39038855,-0.15917161,-0.29035623,-0.18967649,0.18755425,-0.26541367,-0.19357586,-0.19235427,-0.28278488,3.02546888,-0.25364491,0.00216579,0.03038697,-0.07106035,0.99700670,3.22353478,-0.08571332,0.01541657,3.38933635,-0.46657513,0.01580910,2.86430998,-0.04108533,0.04075165,2.80656877,-0.41660050,0.02338045,0.13106539,2.19511938,-1.92920554,0.08711851,1.19095292,0.52887201,0.08641741,1.47841120,0.11783838,0.17056576,-3.33676324,0.11533498
0.41065813,-0.01878335,0.04649485,-0.01409730,-0.09852695,0.04198624,-0.06340055,-0.02394419,-1.25750816,0.18033344,0.80792418,-1.56324556,-0.16467039,0.69962741,-1.47995040,0.16103045,0.70226449,-1.60205164,0.38580412,0.01985858,0.00186179,0.30640744,0.16832677,0.19466289,-0.29083160,0.38592019,-0.15914998,-0.29074950,-0.18039942,0.18806767,-0.26556323,-0.19802443,-0.19223639,-0.28307328,3.02974992,-0.25446184,0.00212461,0.02989195,-0.07086486,0.99703567,3.22391701,-0.08556340,0.01557584,3.38928094,-0.46659519,0.01565794,2.87776366,-0.04276968,0.04084421,2.80652690,-0.41675783,0.02333416,0.02297891,1.97905273,-1.55693166,0.07546060,1.08794985,0.44694214,0.05078999,1.40734205,0.04181464,0.19737850,-3.01712470,0.29601390
0.44680771,-0.01549621,0.03573658,-0.02378516,-0.16701483,0.09026484,-0.06377397,-0.00328668,-1.27244282,0.18103707,0.82018220,-1.55902874,-0.16425329,0.71509236,-1.48021519,0.16362803,0.67013419,-1.59702945,0.38580412,0.01985858,0.00186179,0.30651855,0.16439427,0.19494831,-0.29069279,0.38155650,-0.15932799,-0.29106192,-0.17114800,0.18874770,-0.26577325,-0.20241156,-0.19213349,-0.28327864,3.03399344,-0.25522201,0.00205813,0.02912406,-0.07046203,0.99708709,3.22417016,-0.08533048,0.01582576,3.38935108,-0.46662615,0.01545663,2.89109059,-0.04428100,0.04074530,2.80657311,-0.41698019,0.02323991,-0.04828721,2.14860177,-1.53259921,0.07163920,1.29263091,0.43076274,0.04235096,1.62170815,-0.03965199,0.27929804,-3.35445237,0.55496395
0.43461091,-0.01162810,0.01939935,-0.03025128,-0.21402257,0.11733876,-0.06470870,0.01718705,-1.28598835,0.18166381,0.83469419,-1.55552101,-0.16329606,0.73137603,-1.48173625,0.16687139,0.63690362,-1.58949404,0.38580412,0.01985858,0.00186179,0.30647060,0.16005343,0.19517366,-0.29024706,0.37731261,-0.15966843,-0.29124990,-0.16171557,0.18961932,-0.26603900,-0.20668778,-0.19182950,-0.28343535,3.03820710,-0.25593144,0.00196754,0.02807021,-0.06989105,0.99715768,3.22392145,-0.08499273,0.01622353,3.38955765,-0.46667206,0.01522070,2.90452366,-0.04560753,0.04043160,2.80678087,-0.41705341,0.02303525,-0.09568283,2.08516154,-1.37843018,0.06386638,1.48151045,0.35619336,0.09841869,1.65934556,-0.15661584,0.33122449,-3.38600197,0.77031980
0.41055129,-0.00607087,0.00153348,-0.03543875,-0.25314994,0.12684632,-0.06596154,0.03757919,-1.29868009,0.18233713,0.85180130,-1.55315080,-0.16192089,0.74824715,-1.48445237,0.17085165,0.60273266,-1.57986360,0.38580412,0.01985858,0.00186179,0.30627247,0.15525280,0.19535904,-0.28941686,0.37316724,-0.16010155,-0.29130861,-0.15210181,0.19069923,-0.26628626,-0.21080979,-0.19136257,-0.28352946,3.04238077,-0.25658318,0.00185968,0.02678019,-0.06924458,0.99723846,3.22314353,-0.08455583,0.01685561,3.38983984,-0.46672238,0.01496386,2.91809445,-0.04669258,0.03998621,2.80714650,-0.41697409,0.02274301,-0.12345798,1.98219619,-1.22831860,0.06628335,1.68371596,0.21497608,0.13146103,1.64420607,-0.27187068,0.39421394,-3.32718897,0.95212264
0.42944280,0.00335593,-0.01560027,-0.04489750,-0.32372608,0.13083116,-0.06734630,0.05791751,-1.31068838,0.18314211,0.87126684,-1.55375333,-0.16145104,0.76558080,-1.48791950,0.17578568,0.56818391,-1.56831965,0.38580412,0.01985858,0.00186179,0.30592614,0.15039701,0.19547888,-0.28795084,0.36913100,-0.16057607,-0.29122527,-0.14242397,0.19204491,-0.26646138,-0.21478722,-0.19113283,-0.28344189,3.04646659,-0.25712608,0.00173663,0.02523941,-0.06861540,0.99732236,3.22221756,-0.08408606,0.01797530,3.39012852,-0.46674203,0.01470087,2.93168531,-0.04738555,0.03946477,2.80752731,-0.41704270,0.02248425,-0.14451313,2.11801252,-1.24502475,0.08536279,2.04600687,-0.10150373,0.03343672,1.80928695,-0.36509928,0.52296444,-3.59918013,1.21861391
0.37538137,0.01545662,-0.02300578,-0.04759483,-0.34603193,0.10223356,-0.06868470,0.07813841,-1.32197659,0.18416336,0.89197960,-1.56001225,-0.16285999,0.78332105,-1.49171889,0.18162026,0.53383559,-1.55509834,0.38580412,0.01985858,0.00186179,0.30550157,0.14631406,0.19549489,-0.28555619,0.36522660,-0.16104377,-0.29101004,-0.13280431,0.19364113,-0.26655511,-0.21865315,-0.19143400,-0.28309966,3.05040756,-0.25751588,0.00159927,0.02343131,-0.06807154,0.99740397,3.22192574,-0.08371264,0.01994538,3.39036742,-0.46668772,0.01449152,2.94514365,-0.04762691,0.03894646,2.80777278,-0.41746758,0.02240191,-0.12606525,1.91764784,-1.06420815,0.09925299,1.97173429,-0.65554087,-0.15210261,1.68739297,-0.36290984,0.56133419,-3.25638847,1.26944222
0.39424576,0.02769187,-0.03289143,-0.05893212,-0.43156173,0.09918849,-0.06992942,0.09810127,-1.33237779,0.18539652,0.91117775,-1.57279277,-0.16534957,0.80149066,-1.49596310,0.18812419,0.49998355,-1.54029131,0.38580412,0.01985858,0.00186179,0.30503118,0.14398396,0.19540387,-0.28229466,0.36146676,-0.16149221,-0.29070165,-0.12332549,0.19542796,-0.26659630,-0.22241511,-0.19202514,-0.28259525,3.05419774,-0.25777717,0.00144877,0.02137988,-0.06759254,0.99748286,3.22322674,-0.08358403,0.02273652,3.39057370,-0.46655737,0.01432953,2.95836420,-0.04749831,0.03843488,2.80791040,-0.41804157,0.02243593,-0.12832321,2.07503128,-1.06956065,0.13137236,1.96443486,-1.42762053,-0.27002767,1.89922738,-0.44988093,0.68655980,-3.51817894,1.56602252
0.37142322,0.03042326,-0.03919905,-0.06183473,-0.45614212,0.10561798,-0.07126245,0.11769995,-1.34176800,0.18649778,0.92331632,-1.58917496,-0.16738006,0.82021499,-1.50111854,0.19523663,0.46690175,-1.52346914,0.38580412,0.01985858,0.00186179,0.30450739,0.14450047,0.19522354,-0.27888007,0.35784516,-0.16197288,-0.29031710,-0.11412586,0.19740785,-0.26664178,-0.22606072,-0.19244088,-0.28206688,3.05783568,-0.25796738,0.00128640,0.01912821,-0.06707949,0.99756343,3.22717204,-0.08384728,0.02562732,3.39077416,-0.46639085,0.01419029,2.97116647,-0.04705740,0.03786561,2.80804587,-0.41841048,0.02244051,-0.13609371,1.99586923,-0.95553395,0.11162244,1.22439322,-1.66757364,-0.20590705,1.90779696,-0.52632093,0.72495437,-3.36828618,1.71580040
0.34327301,0.02946884,-0.04450822,-0.06218187,-0.46278633,0.11697161,-0.07284235,0.13712066,-1.35058620,0.18720982,0.92640017,-1.60416887,-0.16887065,0.83944399,-1.50718400,0.20271088,0.43478621,-1.50484054,0.38580412,0.01985858,0.00186179,0.30393565,0.14749231,0.19502673,-0.27606357,0.35430315,-0.16252568,-0.28984389,-0.10527606,0.19952231,-0.26675573,-0.22961083,-0.19265985,-0.28150726,3.06136570,-0.25813443,0.00111613,0.01674354,-0.06648783,0.99764612,3.23343368,-0.08440470,0.02787208,3.39096833,-0.46623880,0.01409176,2.98349729,-0.04640651,0.03717992,2.80821953,-0.41862108,0.02242840,-0.15563009,1.88756917,-0.85458161,0.06656001,0.22743545,-1.43392286,-0.14345448,1.87315445,-0.59653518,0.72861762,-3.11284814,1.82482402
0.36007192,0.03150785,-0.05521174,-0.06923314,-0.52013070,0.13539894,-0.07463929,0.15650708,-1.35915196,0.18774141,0.92116393,-1.61611836,-0.17026697,0.85905595,-1.51397879,0.21048122,0.40407668,-1.48460109,0.38580412,0.01985858,0.00186179,0.30331163,0.15242079,0.19490382,-0.27393315,0.35081457,-0.16314030,-0.28925917,-0.09689020,0.20176398,-0.26697257,-0.23305966,-0.19281600,-0.28087384,3.06482053,-0.25828769,0.00094008,0.01424058,-0.06584437,0.99772784,3.24153295,-0.08510478,0.02937848,3.39115329,-0.46611586,0.01405246,2.99528570,-0.04554060,0.03633906,2.80844298,-0.41880361,0.02243778,-0.18865949,2.01953721,-0.89112216,0.05561299,-0.61020251,-1.21704037,-0.14568120,2.04538846,-0.71272844,0.81264708,-3.18386087,2.12126970
0.32483960,0.02913257,-0.05636035,-0.06451305,-0.48947094,0.12306436,-0.07656718,0.17591702,-1.36762178,0.18846169,0.91008781,-1.62553680,-0.17154073,0.87888558,-1.52113392,0.21880381,0.37538513,-1.46322372,0.38580412,0.01985858,0.00186179,0.30264199,0.15862634,0.19491807,-0.27220260,0.34735516,-0.16379164,-0.28857664,-0.08911702,0.20420852,-0.26725059,-0.23643584,-0.19291006,-0.28020908,3.06824117,-0.25842812,0.00076159,0.01165258,-0.06519808,0.99780401,3.25088296,-0.08580904,0.03043939,3.39132905,-0.46602755,0.01406535,3.00645504,-0.04435934,0.03539140,2.80871277,-0.41893109,0.02243291,-0.18394375,1.84243674,-0.80318419,0.07123132,-1.09546388,-0.87441041,-0.11872401,1.88357987,-0.68107313,0.79630611,-2.70204620,2.03720331
0.35708767,0.03405683,-0.06716349,-0.07140854,-0.54707525,0.12214022,-0.07858137,0.19537908,-1.37597883,0.18946397,0.89574617,-1.63351214,-0.17240754,0.89897346,-1.52842152,0.22797123,0.34940526,-1.44156802,0.38580412,0.01985858,0.00186179,0.30193961,0.16552543,0.19504415,-0.27057265,0.34389322,-0.16446780,-0.28783567,-0.08210061,0.20692976,-0.26749133,-0.23981049,-0.19286602,-0.27956410,3.07166834,-0.25854774,0.00058374,0.00901622,-0.06460506,0.99787001,3.26096196,-0.08647562,0.03136696,3.39148326,-0.46598597,0.01410394,3.01693578,-0.04275899,0.03444828,2.80899067,-0.41888119,0.02237551,-0.21098366,2.02819705,-0.86860353,0.10843388,-1.53350079,-0.81321591,-0.08320621,2.09683919,-0.76059991,0.96840590,-2.66323972,2.25624442
0.35225477,0.03856993,-0.06992443,-0.07076074,-0.54659592,0.09038473,-0.08060942,0.21501862,-1.38414285,0.19037894,0.87982608,-1.64032853,-0.17326019,0.91940941,-1.53552439,0.23802432,0.32758479,-1.42111080,0.38580412,0.01985858,0.00186179,0.30120964,0.17268038,0.19516182,-0.26894369,0.34039265,-0.16515165,-0.28706327,-0.07612969,0.20992822,-0.26760313,-0.24324989,-0.19280057,-0.27891592,3.07513738,-0.25861484,0.00040628,0.00631760,-0.06416116,0.99791947,3.27138849,-0.08717344,0.03226596,3.39157796,-0.46599753,0.01414637,3.02651801,-0.04066589,0.03360651,2.80920019,-0.41867726,0.02229372,-0.20644904,2.00071292,-0.83131653,0.09252925,-1.62232516,-0.69260460,-0.08815693,2.08157885,-0.72251024,1.02443311,-2.21650801,2.08068547
0.33950790,0.04460287,-0.07060939,-0.07004957,-0.54415676,0.04291977,-0.08251441,0.23497908,-1.39214213,0.19069881,0.86329752,-1.64578989,-0.17535616,0.93991121,-1.54180353,0.24826007,0.31049898,-1.40321023,0.38580412,0.01985858,0.00186179,0.30046004,0.17981629,0.19513815,-0.26739538,0.33683800,-0.16580435,-0.28626722,-0.07124631,0.21298684,-0.26761868,-0.24675995,-0.19308173,-0.27819472,3.07865100,-0.25861070,0.00022510,0.00351348,-0.06392222,0.99794867,3.28189426,-0.08800889,0.03306466,3.39158235,-0.46603513,0.01419282,3.03516059,-0.03827456,0.03284136,2.80927353,-0.41863197,0.02226532,-0.18345801,1.94367146,-0.77619749,0.02449527,-1.61132815,-0.51818092,-0.21861469,1.99295290,-0.60154400,0.99261901,-1.61880851,1.71311693
0.36544974,0.05393144,-0.07859707,-0.07943039,-0.61795681,-0.00745881,-0.08412263,0.25530822,-1.39988291,0.19011822,0.84601687,-1.64952674,-0.17910973,0.96053121,-1.54717066,0.25792118,0.29897131,-1.38914952,0.38580412,0.01985858,0.00186179,0.29970167,0.18696233,0.19490506,-0.26600761,0.33323972,-0.16637779,-0.28545316,-0.06755992,0.21587943,-0.26759751,-0.25034423,-0.19381809,-0.27737345,3.08219438,-0.25854806,0.00003488,0.00054547,-0.06393511,0.99795391,3.29249978,-0.08909444,0.03369406,3.39147849,-0.46608992,0.01424852,3.04273486,-0.03581230,0.03210416,2.80916395,-0.41883553,0.02232822,-0.16396511,2.12069254,-0.80321127,-0.06933324,-1.80915880,-0.37250518,-0.40327085,2.15079632,-0.55346787,0.99817809,-1.14847264,1.42548370
0.33170747,0.04930225,-0.07215061,-0.07790682,-0.60433819,-0.06230303,-0.08523926,0.27590691,-1.40718410,0.18852991,0.82727317,-1.65116687,-0.18341974,0.98179998,-1.55254419,0.26652666,0.29335903,-1.37959690,0.38580412,0.01985858,0.00186179,0.29895750,0.19431299,0.19444690,-0.26483162,0.32963809,-0.16681681,-0.28463301,-0.06510083,0.21846435,-0.26760885,-0.25397547,-0.19466970,-0.27649960,3.08573318,-0.25847964,-0.00016979,-0.00263577,-0.06423344,0.99793141,3.30337119,-0.09054862,0.03412587,3.39126487,-0.46618016,0.01432449,3.04917713,-0.03347199,0.03134864,2.80889645,-0.41898277,0.02245789,-0.10077782,1.95694551,-0.68824059,-0.16018314,-1.79555259,-0.13471379,-0.40852162,2.02683697,-0.51445334,0.80598627,-0.47749364,0.86403522
0.35869573,0.04843820,-0.07613010,-0.09276618,-0.71387820,-0.13467945,-0.08577516,0.29667568,-1.41395712,0.18603176,0.80629969,-1.65019953,-0.18721175,1.00406110,-1.55865562,0.27381670,0.29361090,-1.37431872,0.38580412,0.01985858,0.00186179,0.29826045,0.20204847,0.19380270,-0.26390253,0.32606465,-0.16709423,-0.28380969,-0.06387388,0.22068536,-0.26778422,-0.25761060,-0.19531684,-0.27563733,3.08922477,-0.25845711,-0.00039309,-0.00605019,-0.06483398,0.99787765,3.31465216,-0.09242832,0.03435792,3.39092655,-0.46633850,0.01445076,3.05444403,-0.03136197,0.03047623,2.80850644,-0.41879771,0.02262312,-0.04706625,2.16568613,-0.69753820,-0.27311033,-2.22049642,0.14162064,-0.38455051,2.33422208,-0.64910942,0.73887777,0.11295079,0.48813221
0.34065966,0.04080522,-0.06619660,-0.09698209,-0.73749552,-0.18482524,-0.08582531,0.31764879,-1.42014644,0.18304466,0.78255285,-1.64589407,-0.19125694,1.02688508,-1.56442246,0.27891223,0.30032479,-1.37331924,0.38580412,0.01985858,0.00186179,0.29767368,0.21025355,0.19309148,-0.26320285,0.32249763,-0.16723327,-0.28298748,-0.06406126,0.22232656,-0.26838216,-0.26131133,-0.19598769,-0.27481109,3.09260674,-0.25849965,-0.00063893,-0.00969162,-0.06573492,0.99778985,3.32637506,-0.09466056,0.03447083,3.39037743,-0.46659652,0.01468620,3.05826655,-0.02969035,0.02929153,2.80784197,-0.41851156,0.02286260,-0.00483336,2.13643937,-0.62976938,-0.30411001,-2.42145991,0.44219227,-0.41392410,2.32441955,-0.58508449,0.51576062,0.69093074,0.09686681
0.31739635,0.03678715,-0.05277360,-0.09695932,-0.72554733,-0.21472403,-0.08570642,0.33882812,-1.42589772,0.18025700,0.75683388,-1.63894145,-0.19680385,1.04942679,-1.56837273,0.28160939,0.31223004,-1.37624416,0.38580412,0.01985858,0.00186179,0.29721326,0.21876078,0.19247790,-0.26257556,0.31888254,-0.16732347,-0.28218307,-0.06536669,0.22329931,-0.26934665,-0.26517219,-0.19706001,-0.27399369,3.09590121,-0.25856553,-0.00090113,-0.01344321,-0.06682119,0.99767399,3.33837610,-0.09697979,0.03463770,3.38962202,-0.46691932,0.01503019,3.06089659,-0.02854365,0.02786662,2.80681839,-0.41850322,0.02321957,0.01213464,2.06048141,-0.55635175,-0.26745102,-2.51322789,0.69438019,-0.55228447,2.18738713,-0.36778252,0.24402043,1.19503189,-0.31940540
0.34991930,0.04727686,-0.05595961,-0.10525971,-0.77421925,-0.26245120,-0.08551749,0.36013401,-1.43141499,0.17796082,0.72967672,-1.62988660,-0.20358856,1.07142720,-1.57057464,0.28238721,0.32848135,-1.38397565,0.38580412,0.01985858,0.00186179,0.29679228,0.22744892,0.19202276,-0.26192825,0.31519515,-0.16738883,-0.28140846,-0.06749985,0.22364437,-0.27030857,-0.26917857,-0.19845459,-0.27316605,3.09929438,-0.25857953,-0.00117363,-0.01718938,-0.06806070,0.99753240,3.35071712,-0.09922972,0.03486403,3.38883281,-0.46722875,0.01538382,3.06279674,-0.02783951,0.02648371,2.80565510,-0.41863359,0.02362624,0.02027508,2.21993093,-0.57404041,-0.23430324,-2.83967390,0.95936356,-0.71302574,2.28668451,-0.21734833,0.06834194,1.72702212,-0.85294247
0.33433542,0.05058723,-0.05684116,-0.09351783,-0.67460509,-0.27093495,-0.08525571,0.38140435,-1.43703613,0.17618200,0.70148466,-1.61935532,-0.21054278,1.09273391,-1.57163370,0.28230137,0.34819936,-1.39725738,0.38580412,0.01985858,0.00186179,0.29634501,0.23622006,0.19171515,-0.26121663,0.31143528,-0.16742140,-0.28066885,-0.07019240,0.22356490,-0.27080177,-0.27325839,-0.19987315,-0.27235250,3.10286026,-0.25854664,-0.00144829,-0.02078656,-0.06946316,0.99736688,3.36337543,-0.10142738,0.03512838,3.38808074,-0.46752304,0.01567616,3.06433626,-0.02741002,0.02554323,2.80453348,-0.41861086,0.02399251,0.02556309,2.01769514,-0.53569674,-0.16423741,-2.68400240,1.01085942,-0.65786493,2.01483173,-0.09134081,-0.01227847,1.90097532,-1.31346254
0.38832869,0.06207053,-0.07056980,-0.09452328,-0.66657480,-0.32755366,-0.08498091,0.40241668,-1.44306529,0.17474025,0.67260045,-1.60811710,-0.21703808,1.11277676,-1.57130146,0.28204784,0.37102473,-1.41572165,0.38580412,0.01985858,0.00186179,0.29585427,0.24498613,0.19148520,-0.26042745,0.30760245,-0.16743225,-0.27997985,-0.07346253,0.22324531,-0.27067584,-0.27739020,-0.20116995,-0.27161981,3.10663266,-0.25849138,-0.00171324,-0.02405968,-0.07100723,0.99718412,3.37627979,-0.10365205,0.03542682,3.38740678,-0.46782060,0.01587442,3.06554456,-0.02708918,0.02517843,2.80353613,-0.41832618,0.02423446,0.02843514,2.18406320,-0.63511723,-0.14610775,-3.01781273,1.17807090,-0.66841018,2.06617999,0.05769729,-0.02724677,2.42335701,-1.99730682
0.40104685,0.06561789,-0.07290980,-0.07691342,-0.53118430,-0.32212500,-0.08489788,0.42283721,-1.44993603,0.17329566,0.64318026,-1.59712405,-0.22303665,1.13017166,-1.56819170,0.28149413,0.39665141,-1.43743722,0.38580412,0.01985858,0.00186179,0.29534988,0.25365490,0.19119944,-0.25957408,0.30366603,-0.16746832,-0.27938018,-0.07756384,0.22272897,-0.27017592,-0.28161266,-0.20239101,-0.27103858,3.11065169,-0.25842888,-0.00194362,-0.02669371,-0.07258037,0.99700339,3.38932352,-0.10598203,0.03577580,3.38686171,-0.46811131,0.01596971,3.06616335,-0.02681470,0.02517397,2.80269599,-0.41790019,0.02431130,0.00807842,2.07891319,-0.70120754,-0.14730742,-2.99720287,1.11868780,-0.61060700,1.76764586,0.32077101,-0.05703966,2.61138139,-2.21201439
0.40049614,0.06519808,-0.06931652,-0.05010248,-0.33914129,-0.28220642,-0.08510719,0.44246086,-1.45796597,0.17174653,0.61314067,-1.58691840,-0.22874082,1.14440997,-1.56206133,0.28047435,0.42262279,-1.45868595,0.38580412,0.01985858,0.00186179,0.29487062,0.26221088,0.19082414,-0.25870766,0.29963467,-0.16755950,-0.27887661,-0.08220717,0.22208800,-0.26967274,-0.28593195,-0.20362945,-0.27055093,3.11484757,-0.25837710,-0.00211885,-0.02852401,-0.07403828,0.99684514,3.40237189,-0.10838321,0.03616296,3.38644095,-0.46836319,0.01599401,3.06635151,-0.02658143,0.02519788,2.80197072,-0.41753147,0.02431968,-0.02280846,1.90005648,-0.79174836,-0.15092343,-2.92718210,0.98496678,-0.55177486,1.35745008,0.61937768,-0.10244101,2.51572480,-2.04922762
0.44031648,0.06859684,-0.07172716,-0.02380194,-0.15890010,-0.25745632,-0.08563716,0.46102114,-1.46749210,0.17019545,0.58211842,-1.57763360,-0.23392714,1.15529330,-1.55330596,0.27911819,0.44677832,-1.47732050,0.38580412,0.01985858,0.00186179,0.29442893,0.27066949,0.19037697,-0.25787019,0.29553500,-0.16770828,-0.27847097,-0.08705413,0.22141064,-0.26925192,-0.29031924,-0.20483857,-0.27006391,3.11915212,-0.25836169,-0.00221929,-0.02937924,-0.07528931,0.99672637,3.41534806,-0.11080379,0.03655873,3.38614126,-0.46856112,0.01595796,3.06634522,-0.02638642,0.02517701,2.80135703,-0.41726537,0.02436502,-0.05819611,1.92290611,-1.00688634,-0.16114114,-3.24195757,0.95885690,-0.53364892,1.10402993,0.93165038,-0.14333054,2.49227571,-1.91156857
0.40581801,0.05807407,-0.06202944,0.00898709,0.05801062,-0.18023421,-0.08655101,0.47840334,-1.47869029,0.16872469,0.54978807,-1.56921108,-0.23811957,1.16297443,-1.54294648,0.27757099,0.46787381,-1.49240067,0.38580412,0.01985858,0.00186179,0.29402325,0.27905768,0.18987440,-0.25709648,0.29137950,-0.16793027,-0.27815480,-0.09188500,0.22075960,-0.26891201,-0.29467283,-0.20588780,-0.26948816,3.12349992,-0.25840572,-0.00223237,-0.02917388,-0.07626543,0.99665816,3.42819825,-0.11320101,0.03692676,3.38593612,-0.46871461,0.01586844,3.06627360,-0.02623595,0.02511124,2.80093179,-0.41706153,0.02453509,-0.09062601,1.63874340,-1.07854378,-0.13861872,-3.08143959,0.79185072,-0.38691556,0.70017015,0.99391413,-0.14833171,1.97114267,-1.39659383
0.44617914,0.05651982,-0.06340040,0.04440096,0.28691079,-0.12376560,-0.08794962,0.49470034,-1.49146044,0.16736822,0.51592696,-1.56130385,-0.24092227,1.16774845,-1.53195119,0.27587050,0.48551151,-1.50366652,0.38580412,0.01985858,0.00186179,0.29365075,0.28739935,0.18932763,-0.25642671,0.28714935,-0.16825651,-0.27792285,-0.09661095,0.22015794,-0.26866514,-0.29887668,-0.20666314,-0.26878539,3.12784453,-0.25852056,-0.00215532,-0.02792991,-0.07690987,0.99664444,3.44088860,-0.11552843,0.03722403,3.38577957,-0.46884058,0.01572789,3.06615491,-0.02614675,0.02498560,2.80079933,-0.41688205,0.02486536,-0.15328358,1.68203926,-1.35284650,-0.13954006,-3.55070066,0.81776077,-0.27005187,0.45526025,1.15169585,-0.17936899,1.78513670,-1.11632049
0.43414910,0.04711318,-0.05613796,0.07067924,0.45412004,-0.04501046,-0.08988404,0.50997366,-1.50544739,0.16606956,0.48009363,-1.55293975,-0.24203614,1.16985466,-1.52082760,0.27408807,0.49942000,-1.51076787,0.38580412,0.01985858,0.00186179,0.29331934,0.29573563,0.18873062,-0.25596110,0.28282175,-0.16870367,-0.27779582,-0.10118138,0.21964282,-0.26854414,-0.30287433,-0.20708039,-0.26795856,3.13215065,-0.25872188,-0.00198826,-0.02568949,-0.07713913,0.99668734,3.45340429,-0.11774346,0.03735824,3.38564601,-0.46893409,0.01552352,3.06597052,-0.02612603,0.02477520,2.80101986,-0.41673312,0.02536077,-0.19744683,1.55461926,-1.42528341,-0.13229682,-3.65209794,0.85373318,-0.11172228,0.21229187,1.13270681,-0.18152163,1.41290748,-0.71906906
0.41040371,0.03622243,-0.04601215,0.08620445,0.55368309,0.01983314,-0.09207561,0.52453305,-1.51980739,0.16474823,0.44243644,-1.54286766,-0.24190381,1.17047131,-1.50998528,0.27231626,0.51074135,-1.51490738,0.38580412,0.01985858,0.00186179,0.29303529,0.30411547,0.18810413,-0.25576005,0.27844025,-0.16920553,-0.27776560,-0.10561315,0.21921027,-0.26852421,-0.30670840,-0.20721604,-0.26704112,3.13640137,-0.25899933,-0.00176685,-0.02285219,-0.07706120,0.99676287,3.46581540,-0.11987429,0.03727523,3.38552528,-0.46899162,0.01526969,3.06573677,-0.02616077,0.02451108,2.80148764,-0.41661062,0.02599417,-0.21387338,1.41060653,-1.39616530,-0.12869562,-3.67566161,0.99917057,0.02157737,0.05202294,1.05006697,-0.17230411,1.08428695,-0.38342079
0.43540219,0.03130695,-0.03914197,0.10286438,0.66245849,0.05252377,-0.09429691,0.53853718,-1.53403547,0.16341251,0.40293954,-1.52986810,-0.24072349,1.17030423,-1.49977250,0.27051108,0.52028394,-1.51695852,0.38580412,0.01985858,0.00186179,0.29281796,0.31257427,0.18748151,-0.25589562,0.27404367,-0.16970394,-0.27782372,-0.10993108,0.21882556,-0.26858688,-0.31037947,-0.20709292,-0.26605694,3.14059377,-0.25934011,-0.00151569,-0.01966591,-0.07682150,0.99684974,3.47820292,-0.12196451,0.03692234,3.38539982,-0.46902883,0.01499423,3.06548887,-0.02625489,0.02423108,2.80214868,-0.41643184,0.02676101,-0.23079830,1.45453060,-1.47926199,-0.13908856,-4.13076954,1.38519995,0.13171470,-0.02183914,1.05678737,-0.18866731,0.98156178,-0.19870102
0.39532433,0.02527188,-0.02354924,0.09882551,0.63868122,0.04747271,-0.09640778,0.55212277,-1.54787910,0.16218758,0.36153805,-1.51301601,-0.23883036,1.16981289,-1.49048510,0.26866723,0.52865264,-1.51753669,0.38580412,0.01985858,0.00186179,0.29269555,0.32115446,0.18691830,-0.25640840,0.26965114,-0.17016375,-0.27795776,-0.11417154,0.21847079,-0.26871363,-0.31387762,-0.20677698,-0.26498305,3.14475780,-0.25971238,-0.00125107,-0.01628699,-0.07657288,0.99693017,3.49069062,-0.12403216,0.03628715,3.38525915,-0.46906027,0.01473779,3.06528955,-0.02636838,0.02398192,2.80298372,-0.41612963,0.02771251,-0.19900491,1.28588402,-1.30983465,-0.11449784,-3.94732990,1.63764098,0.18440581,-0.04843606,0.87192757,-0.17513293,0.78492019,-0.04263951
0.43878524,0.03023514,-0.00596198,0.11240281,0.72836596,0.03038640,-0.09837416,0.56534708,-1.56127334,0.16146106,0.31809399,-1.49172819,-0.23714215,1.16903591,-1.48221183,0.26686791,0.53616053,-1.51684201,0.38580412,0.01985858,0.00186179,0.29272255,0.32990534,0.18652695,-0.25727751,0.26527259,-0.17057782,-0.27815519,-0.11837948,0.21816441,-0.26889656,-0.31716406,-0.20649980,-0.26370828,3.14895745,-0.26007111,-0.00097935,-0.01277763,-0.07641537,0.99699371,3.50343533,-0.12599925,0.03544504,3.38513608,-0.46908305,0.01456736,3.06520815,-0.02641438,0.02382599,2.80402823,-0.41582425,0.02901427,-0.20267721,1.37224782,-1.38846028,-0.06642565,-4.55639124,2.28530169,0.16854329,-0.08572637,0.84678823,-0.18641351,0.77013665,0.09101629
0.43272646,0.03273904,0.01017738,0.11281477,0.73175373,-0.00348020,-0.10023532,0.57810825,-1.57409699,0.16193970,0.27222160,-1.46502466,-0.23635431,1.16704106,-1.47497337,0.26499667,0.54308335,-1.51491165,0.38580412,0.01985858,0.00186179,0.29289909,0.33890045,0.18649807,-0.25845731,0.26093600,-0.17095889,-0.27840770,-0.12263239,0.21787713,-0.26916503,-0.31995324,-0.20646976,-0.26224931,3.15320244,-0.26040103,-0.00070175,-0.00915470,-0.07643339,0.99703241,3.51656995,-0.12773945,0.03444178,3.38503080,-0.46913568,0.01449139,3.06521316,-0.02637746,0.02373406,2.80551653,-0.41568899,0.03064978,-0.18953474,1.29917128,-1.30532970,0.05047222,-4.67491846,2.72597070,0.08036080,-0.20571019,0.73560870,-0.19095671,0.70480899,0.19761190
0.41550135,0.03535507,0.02323837,0.10972744,0.71070962,-0.03410745,-0.10208047,0.59045247,-1.58628242,0.16373102,0.22437034,-1.43381095,-0.23493658,1.16294327,-1.46924808,0.26282301,0.54980320,-1.51229892,0.38580412,0.01985858,0.00186179,0.29317754,0.34812991,0.18683822,-0.25978107,0.25664257,-0.17133581,-0.27870637,-0.12695704,0.21752842,-0.26950905,-0.32185674,-0.20631681,-0.26098613,3.15747671,-0.26069728,-0.00042011,-0.00547007,-0.07660073,0.99704675,3.53006130,-0.12922984,0.03339647,3.38493524,-0.46922543,0.01447117,3.06523786,-0.02632856,0.02366849,2.80788155,-0.41542804,0.03219140,-0.17936019,1.19722087,-1.17871165,0.18479675,-4.66620703,3.06743989,0.15356267,-0.41884384,0.53921939,-0.21420816,0.65207182,0.25794705
0.44671420,0.04262009,0.03719744,0.11848078,0.76513218,-0.05477775,-0.10390192,0.60247577,-1.59763882,0.16691066,0.17508506,-1.39889088,-0.23101056,1.15604684,-1.46598508,0.26031364,0.55629804,-1.50916367,0.38580412,0.01985858,0.00186179,0.29354286,0.35753378,0.18754411,-0.26109588,0.25236234,-0.17171152,-0.27907398,-0.13130956,0.21709987,-0.26991352,-0.32245708,-0.20555837,-0.26028998,3.16177426,-0.26095349,-0.00013585,-0.00176463,-0.07685886,0.99704041,3.54382754,-0.13042193,0.03244697,3.38483796,-0.46931418,0.01446888,3.06528950,-0.02629363,0.02362934,2.81162234,-0.41466245,0.03325288,-0.18928497,1.25010903,-1.17466152,0.34417546,-5.14275761,3.66556334,0.43762435,-0.74601170,0.31470654,-0.26406645,0.67372912,0.33157764
0.40770948,0.04268047,0.04418190,0.10793204,0.69440673,-0.05674818,-0.10567437,0.61427692,-1.60802381,0.17163200,0.12559146,-1.36163459,-0.22376512,1.14608572,-1.46571109,0.25755614,0.56238368,-1.50536532,0.38580412,0.01985858,0.00186179,0.29398465,0.36688672,0.18863404,-0.26225786,0.24806555,-0.17208302,-0.27952994,-0.13563755,0.21661668,-0.27038403,-0.32155946,-0.20396423,-0.26031621,3.16608839,-0.26117356,0.00014938,0.00192873,-0.07715469,0.99701726,3.55762835,-0.13123076,0.03172678,3.38472562,-0.46937261,0.01445471,3.06539212,-0.02626807,0.02360062,2.81697750,-0.41323762,0.03366843,-0.16777420,1.11821992,-0.97632511,0.46298898,-4.69378223,3.55193191,0.71913865,-0.97355112,-0.00283785,-0.26364825,0.57313210,0.36735503
0.44779734,0.05025394,0.05887466,0.11806574,0.75649239,-0.06415378,-0.10745323,0.62589341,-1.61745667,0.17784886,0.07771818,-1.32374430,-0.21360439,1.13378024,-1.46881318,0.25465605,0.56799906,-1.50082171,0.38580412,0.01985858,0.00186179,0.29449251,0.37579628,0.19008644,-0.26324213,0.24374728,-0.17246662,-0.28006016,-0.13992901,0.21610886,-0.27091745,-0.31929654,-0.20158195,-0.26087363,3.17041464,-0.26136555,0.00043482,0.00559658,-0.07745990,0.99697967,3.57106133,-0.13160451,0.03125039,3.38459821,-0.46941091,0.01443235,3.06554432,-0.02623711,0.02357506,2.82381411,-0.41121091,0.03361888,-0.18571688,1.20735908,-0.96872443,0.66916829,-4.95531034,3.94980597,1.09889913,-1.31255376,-0.37492809,-0.30381605,0.57799369,0.48440692
0.43835720,0.05269786,0.06616998,0.11493323,0.73355908,-0.05885262,-0.10936369,0.63731371,-1.62590318,0.18486238,0.03389694,-1.28686061,-0.20215603,1.12039111,-1.47596622,0.25164817,0.57327684,-1.49562085,0.38580412,0.01985858,0.00186179,0.29506179,0.38368615,0.19173245,-0.26426350,0.23941038,-0.17289666,-0.28064098,-0.14421745,0.21558147,-0.27149408,-0.31590288,-0.19876092,-0.26146310,3.17475748,-0.26152391,0.00071999,0.00923102,-0.07774643,0.99693017,3.58352890,-0.13159193,0.03079829,3.38446942,-0.46944575,0.01442081,3.06570497,-0.02619097,0.02356771,2.83186021,-0.40890775,0.03359869,-0.19484965,1.16296010,-0.85908303,0.71391745,-4.45730519,3.75466738,1.16509826,-1.36423368,-0.73268278,-0.30660133,0.53751270,0.53013299
0.41963292,0.05565138,0.07012711,0.10725306,0.68208923,-0.04620150,-0.11148519,0.64859980,-1.63337502,0.19131310,-0.00532938,-1.25152946,-0.19169130,1.10646727,-1.48586946,0.24841462,0.57865700,-1.49024899,0.38580412,0.01985858,0.00186179,0.29567004,0.39044189,0.19325998,-0.26561111,0.23505972,-0.17339703,-0.28125016,-0.14854653,0.21498729,-0.27209874,-0.31177679,-0.19611419,-0.26175698,3.17912474,-0.26163689,0.00100017,0.01278348,-0.07798500,0.99687207,3.59487019,-0.13144470,0.03005894,3.38436032,-0.46947808,0.01441989,3.06581750,-0.02616486,0.02357130,2.84064355,-0.40688160,0.03391306,-0.20814079,1.09680595,-0.71748893,0.61785085,-3.77557683,3.42191458,1.00415597,-1.36067472,-0.97721422,-0.31698942,0.52649379,0.52078168
0.45093223,0.06612161,0.07943988,0.10737544,0.68108171,-0.03776715,-0.11381314,0.65992692,-1.63963587,0.19651363,-0.03982314,-1.21781373,-0.18273759,1.09130063,-1.49685907,0.24487143,0.58468796,-1.48531752,0.38580412,0.01985858,0.00186179,0.29629253,0.39608677,0.19452519,-0.26736999,0.23069283,-0.17397251,-0.28186872,-0.15292605,0.21428329,-0.27271273,-0.30697107,-0.19382948,-0.26194472,3.18351956,-0.26169311,0.00126337,0.01610981,-0.07816651,0.99680935,3.60508647,-0.13128563,0.02892254,3.38427463,-0.46949834,0.01442381,3.06586414,-0.02619171,0.02357980,2.85008750,-0.40530428,0.03434781,-0.24396999,1.18144152,-0.64035354,0.52963010,-3.55164485,3.49798775,0.92107129,-1.59529734,-1.14578605,-0.37160849,0.63664910,0.50674377
0.41138382,0.06539278,0.07342398,0.08581754,0.54327307,-0.02339904,-0.11626090,0.67153056,-1.64450147,0.20056813,-0.06987214,-1.18572412,-0.17477779,1.07392941,-1.50749941,0.24119260,0.59180442,-1.48130403,0.38580412,0.01985858,0.00186179,0.29690212,0.40077907,0.19557028,-0.26939974,0.22630908,-0.17460462,-0.28247053,-0.15732953,0.21350243,-0.27329911,-0.30140308,-0.19180873,-0.26239758,3.18793335,-0.26169796,0.00149570,0.01904179,-0.07829119,0.99674754,3.61433187,-0.13109971,0.02750238,3.38420606,-0.46949497,0.01443159,3.06586738,-0.02624995,0.02360301,2.86027942,-0.40409636,0.03450454,-0.23310429,1.10455925,-0.44836502,0.37563714,-2.81209311,3.03013401,0.74836624,-1.67237229,-1.00338264,-0.34938104,0.68644222,0.37144191
0.45072335,0.07542224,0.08080925,0.07816229,0.49433160,-0.00249831,-0.11882538,0.68347061,-1.64784122,0.20388865,-0.09579015,-1.15569019,-0.16766167,1.05357003,-1.51779604,0.23766550,0.60001290,-1.47812998,0.38580412,0.01985858,0.00186179,0.29749307,0.40467243,0.19649081,-0.27148106,0.22191153,-0.17529630,-0.28304608,-0.16172134,0.21272798,-0.27384757,-0.29479948,-0.19001987,-0.26322582,3.19234963,-0.26166759,0.00168971,0.02150432,-0.07831585,0.99669521,3.62274499,-0.13079267,0.02601201,3.38415881,-0.46947221,0.01444699,3.06583829,-0.02629157,0.02364551,2.87148948,-0.40331168,0.03426725,-0.26905441,1.24865019,-0.32472607,0.33648869,-2.63930297,3.09561181,0.72823650,-2.16777611,-1.06956065,-0.36409494,0.87070459,0.31922755
0.43833621,0.07500923,0.08120325,0.06275404,0.39721200,0.04150317,-0.12163745,0.69564323,-1.64936817,0.20637414,-0.11677197,-1.12931409,-0.16147539,1.02978046,-1.52869992,0.23446321,0.60903273,-1.47540367,0.38580412,0.01985858,0.00186179,0.29808654,0.40765826,0.19724683,-0.27349899,0.21749791,-0.17608932,-0.28360491,-0.16605397,0.21201886,-0.27438242,-0.28682925,-0.18846014,-0.26429061,3.19674821,-0.26161581,0.00183992,0.02347709,-0.07811277,0.99666636,3.63015828,-0.13028690,0.02458754,3.38415733,-0.46943932,0.01448163,3.06575241,-0.02631596,0.02370411,2.88406072,-0.40308940,0.03379592,-0.28671340,1.24000373,-0.15355215,0.25168474,-2.13048289,2.68082600,0.62966974,-2.42603478,-1.11179616,-0.32583374,0.91925789,0.27742783
0.41515266,0.07133552,0.08123376,0.04800316,0.30515123,0.09562422,-0.12464164,0.70798264,-1.64946368,0.20762232,-0.13253462,-1.10743666,-0.15545990,1.00397067,-1.54056382,0.23148008,0.61849825,-1.47290518,0.38580412,0.01985858,0.00186179,0.29870363,0.40964932,0.19773205,-0.27557124,0.21305382,-0.17696180,-0.28415375,-0.17030843,0.21135311,-0.27491727,-0.27790970,-0.18689409,-0.26538995,3.20111928,-0.26155786,0.00195431,0.02508862,-0.07764223,0.99666365,3.63644815,-0.12965142,0.02313240,3.38419767,-0.46937920,0.01454988,3.06559658,-0.02637985,0.02378637,2.89761911,-0.40315887,0.03331369,-0.29292827,1.20130973,0.00091592,0.10898536,-1.48582213,2.08644266,0.58630505,-2.52005954,-1.16186931,-0.28883145,0.92406372,0.24036765
0.44075059,0.07474345,0.09185417,0.04071538,0.26081613,0.15745265,-0.12770603,0.72052246,-1.64832628,0.20725238,-0.14209710,-1.09098663,-0.14929105,0.97698371,-1.55350795,0.22862720,0.62854077,-1.47077744,0.38580412,0.01985858,0.00186179,0.29935673,0.41040914,0.19786549,-0.27785001,0.20856416,-0.17787396,-0.28469304,-0.17452511,0.21070201,-0.27543852,-0.26830035,-0.18521605,-0.26638575,3.20545430,-0.26150352,0.00203533,0.02637904,-0.07690762,0.99668712,3.64136024,-0.12894245,0.02150672,3.38426133,-0.46926830,0.01466370,3.06531964,-0.02652134,0.02391821,2.91191550,-0.40336623,0.03297099,-0.31918100,1.30793891,0.12886225,-0.05369857,-0.93690823,1.66126776,0.64358484,-2.81950378,-1.35819900,-0.29625296,1.05240939,0.21772681
0.39580609,0.06544372,0.08975900,0.02839876,0.18399027,0.18250984,-0.13076171,0.73319787,-1.64606335,0.20528242,-0.14481153,-1.08093066,-0.14318340,0.94901757,-1.56738238,0.22589755,0.63929445,-1.46898239,0.38580412,0.01985858,0.00186179,0.30006567,0.40980683,0.19764461,-0.28033625,0.20403388,-0.17880441,-0.28522653,-0.17876963,0.21006630,-0.27594438,-0.25812254,-0.18348681,-0.26716294,3.20973268,-0.26145965,0.00208701,0.02738493,-0.07596475,0.99673219,3.64475875,-0.12820296,0.01972942,3.38431263,-0.46911966,0.01483915,3.06486283,-0.02672756,0.02412129,2.92678452,-0.40370941,0.03290273,-0.28988517,1.20385909,0.22493038,-0.20109614,-0.19268782,0.89143815,0.57789479,-2.66355629,-1.32419803,-0.25778472,1.02721617,0.16801655
0.42239741,0.06765696,0.10939084,0.02287317,0.15042145,0.22426806,-0.13384472,0.74592358,-1.64280951,0.20193948,-0.14056270,-1.07850134,-0.13734786,0.91990089,-1.58162868,0.22330931,0.65061229,-1.46726632,0.38580412,0.01985858,0.00186179,0.30087000,0.40789058,0.19707797,-0.28282083,0.19947597,-0.17975987,-0.28574240,-0.18305429,0.20945891,-0.27645190,-0.24746653,-0.18177839,-0.26768690,3.21390815,-0.26142932,0.00211519,0.02814824,-0.07490360,0.99679118,3.64667054,-0.12752199,0.01804917,3.38427968,-0.46898128,0.01512760,3.06421228,-0.02696599,0.02441810,2.94205470,-0.40418355,0.03318310,-0.32179427,1.32608402,0.35305318,-0.36774200,0.54591334,0.13463199,0.60333496,-3.05093813,-1.48697186,-0.26748514,1.18644536,0.17862020
0.41779934,0.06900719,0.10463659,0.01608518,0.10720771,0.22058172,-0.13695012,0.75869738,-1.63871510,0.19728679,-0.12920166,-1.08605332,-0.13197865,0.88929917,-1.59525461,0.22082967,0.66244668,-1.46567330,0.38580412,0.01985858,0.00186179,0.30166106,0.40481180,0.19608058,-0.28485972,0.19489465,-0.18073790,-0.28621121,-0.18736520,0.20886318,-0.27694609,-0.23644088,-0.18015206,-0.26795186,3.21811567,-0.26137171,0.00212410,0.02868335,-0.07382245,0.99685656,3.64739476,-0.12705993,0.01680134,3.38426113,-0.46884652,0.01544985,3.06356044,-0.02718753,0.02471497,2.95771714,-0.40473021,0.03370920,-0.31618028,1.30113161,0.41778880,-0.47504536,1.16389873,-0.78066981,0.54597802,-3.11867723,-1.38606751,-0.25242468,1.20610325,0.16176302
0.40931838,0.07087644,0.08912116,0.00970670,0.06559186,0.19726640,-0.13994889,0.77154094,-1.63404257,0.19192082,-0.11311360,-1.10174208,-0.12736866,0.85726279,-1.60737977,0.21845816,0.67488316,-1.46449413,0.38580412,0.01985858,0.00186179,0.30234223,0.40110919,0.19477051,-0.28622580,0.19029080,-0.18169466,-0.28663860,-0.19170829,0.20827410,-0.27737567,-0.22522501,-0.17872161,-0.26802813,3.22242418,-0.26127186,0.00212067,0.02903997,-0.07280240,0.99692126,3.64757405,-0.12684076,0.01611643,3.38429957,-0.46868424,0.01570363,3.06300779,-0.02735609,0.02496656,2.97362404,-0.40537673,0.03431410,-0.29024035,1.24917028,0.45884849,-0.52409793,1.59408062,-1.57901642,0.44040232,-3.12697983,-1.16352837,-0.22953227,1.21458566,0.11047721
0.44934370,0.07956771,0.08197662,0.00476028,0.03250570,0.18568124,-0.14280034,0.78442477,-1.62877343,0.18652871,-0.09376894,-1.12288010,-0.12378750,0.82363976,-1.61751273,0.21616277,0.68801630,-1.46382816,0.38580412,0.01985858,0.00186179,0.30288697,0.39700064,0.19336606,-0.28699194,0.18566745,-0.18261882,-0.28703122,-0.19609287,0.20767927,-0.27773256,-0.21384236,-0.17757205,-0.26793583,3.22683316,-0.26114211,0.00210694,0.02921504,-0.07190095,0.99698159,3.64747176,-0.12674308,0.01589503,3.38437510,-0.46851273,0.01585575,3.06256962,-0.02747443,0.02515441,2.98972373,-0.40619214,0.03495114,-0.29591769,1.34216833,0.55443645,-0.55861320,2.03796897,-2.23482246,0.36329028,-3.51695557,-1.03697177,-0.23906378,1.37432358,0.06492733
0.41708315,0.07350514,0.06290640,-0.00093838,-0.00660734,0.13599999,-0.14555833,0.79729398,-1.62292845,0.18167981,-0.07246853,-1.14612677,-0.12125578,0.78851811,-1.62562754,0.21378898,0.70184193,-1.46365535,0.38580412,0.01985858,0.00186179,0.30330338,0.39259895,0.19208662,-0.28742086,0.18104612,-0.18352407,-0.28737579,-0.20051430,0.20703414,-0.27804681,-0.20230255,-0.17670743,-0.26766315,3.23131800,-0.26100409,0.00208433,0.02920026,-0.07116854,0.99703462,3.64721990,-0.12662842,0.01588252,3.38446141,-0.46838268,0.01592759,3.06224308,-0.02758860,0.02525657,3.00596757,-0.40718557,0.03564023,-0.26110179,1.22106709,0.55973201,-0.45377786,2.03544531,-2.21482515,0.23085524,-3.34626665,-0.75187815,-0.22659128,1.31848438,0.01186662
0.46184260,0.07889302,0.05659030,-0.00709536,-0.04967828,0.10618363,-0.14824142,0.81010014,-1.61674738,0.17753139,-0.05030825,-1.16908348,-0.11953972,0.75240195,-1.63170350,0.21135142,0.71636021,-1.46398902,0.38580412,0.01985858,0.00186179,0.30360425,0.38803396,0.19101529,-0.28771804,0.17647856,-0.18440970,-0.28763427,-0.20496217,0.20634178,-0.27831596,-0.19073862,-0.17606091,-0.26723005,3.23583527,-0.26087995,0.00205358,0.02898938,-0.07063225,0.99707898,3.64692183,-0.12647369,0.01588621,3.38455506,-0.46832643,0.01596998,3.06200810,-0.02770504,0.02528828,3.02218194,-0.40829406,0.03637420,-0.27834624,1.33286405,0.64764911,-0.42166001,2.31735492,-2.37978983,0.16782059,-3.77448630,-0.60218573,-0.25440380,1.52268255,-0.04239380
0.44872411,0.07239420,0.04307971,-0.01298700,-0.09151802,0.06522554,-0.15084305,0.82277750,-1.61083283,0.17408098,-0.02808815,-1.19029183,-0.11819880,0.71607301,-1.63501351,0.20918267,0.73163551,-1.46475620,0.38580412,0.01985858,0.00186179,0.30377602,0.38344754,0.19016683,-0.28796563,0.17210045,-0.18525946,-0.28770280,-0.20943763,0.20569727,-0.27850381,-0.17944884,-0.17551742,-0.26676900,3.24031487,-0.26079624,0.00201255,0.02854045,-0.07031167,0.99711467,3.64665456,-0.12632135,0.01581039,3.38471437,-0.46837373,0.01607322,3.06181574,-0.02774356,0.02527221,3.03801098,-0.40939431,0.03700702,-0.26491565,1.29105904,0.60133930,-0.35071602,2.26282382,-2.15763783,0.13654199,-3.69979930,-0.33341379,-0.22036647,1.55652754,-0.07839468
0.41941075,0.06264361,0.02793014,-0.01893893,-0.13388720,0.02680776,-0.15338302,0.83536617,-1.60587010,0.17116255,-0.00613195,-1.20964813,-0.11686947,0.68003695,-1.63544123,0.20738202,0.74740380,-1.46573839,0.38580412,0.01985858,0.00186179,0.30383151,0.37892031,0.18949282,-0.28818013,0.16800908,-0.18606254,-0.28750786,-0.21389636,0.20513881,-0.27863159,-0.16856126,-0.17499441,-0.26644352,3.24469643,-0.26075964,0.00196077,0.02786640,-0.07016191,0.99714439,3.64641834,-0.12619502,0.01565138,3.38499532,-0.46851560,0.01632365,3.06163369,-0.02768966,0.02519992,3.05329113,-0.41042578,0.03738799,-0.24620617,1.22373602,0.47206879,-0.27968461,2.13232398,-1.86750693,0.12942639,-3.50092053,-0.01727740,-0.17271911,1.53607132,-0.09762843
0.43594553,0.05999868,0.01629878,-0.02730022,-0.19309818,-0.00705868,-0.15575044,0.84797369,-1.60236421,0.16875116,0.01557130,-1.22727933,-0.11555107,0.64425457,-1.63280759,0.20581367,0.76356819,-1.46714015,0.38580412,0.01985858,0.00186179,0.30377139,0.37446786,0.18898268,-0.28834250,0.16426902,-0.18677636,-0.28700217,-0.21826461,0.20462071,-0.27870509,-0.15804372,-0.17449970,-0.26632470,3.24893661,-0.26077173,0.00189705,0.02695385,-0.07018251,0.99716814,3.64618359,-0.12610374,0.01542890,3.38542447,-0.46871591,0.01676923,3.06148491,-0.02759597,0.02506631,3.06800881,-0.41141400,0.03744670,-0.24411565,1.31392026,0.35047530,-0.24669988,2.25894456,-1.82217646,0.13682581,-3.72592497,0.30165611,-0.16204640,1.68747745,-0.15155076
0.38300710,0.04810075,0.00318466,-0.03159544,-0.22304866,-0.04155059,-0.15771854,0.86060585,-1.60070100,0.16684684,0.03710019,-1.24339628,-0.11440094,0.60852621,-1.62723417,0.20435196,0.78022041,-1.46930251,0.38580412,0.01985858,0.00186179,0.30360594,0.37008928,0.18863244,-0.28842878,0.16095344,-0.18732915,-0.28617798,-0.22250622,0.20409671,-0.27870678,-0.14777875,-0.17407606,-0.26639776,3.25301576,-0.26083167,0.00182061,0.02579426,-0.07038476,0.99718470,3.64593239,-0.12605484,0.01517717,3.38605981,-0.46891218,0.01742796,3.06138449,-0.02750369,0.02489916,3.08225022,-0.41242376,0.03720818,-0.18225334,1.19878931,0.13944308,-0.17600705,2.04183478,-1.51628685,0.10682477,-3.39110460,0.55534608,-0.13802830,1.58545656,-0.21324423
0.40590623,0.04633900,-0.00641346,-0.04234899,-0.29756325,-0.08799861,-0.15921910,0.87292337,-1.60133529,0.16545686,0.05848170,-1.25821102,-0.11370744,0.57263875,-1.61893463,0.20290270,0.79745096,-1.47234976,0.38580412,0.01985858,0.00186179,0.30336365,0.36579156,0.18843851,-0.28841138,0.15824360,-0.18769339,-0.28501301,-0.22662450,0.20353606,-0.27863729,-0.13764494,-0.17379810,-0.26659637,3.25694866,-0.26093466,0.00173117,0.02438965,-0.07078049,0.99719219,3.64568944,-0.12605269,0.01495227,3.38709445,-0.46909787,0.01835065,3.06134529,-0.02742896,0.02472636,3.09613509,-0.41354824,0.03676728,-0.14948286,1.27658236,-0.10210275,-0.13711303,2.22508097,-1.52464199,0.06422494,-3.74145055,0.90436631,-0.15115365,1.80365884,-0.33070144
0.39177704,0.04181921,-0.00885663,-0.04811235,-0.33558960,-0.12153231,-0.16049895,0.88384352,-1.60512681,0.16457067,0.07966857,-1.27182870,-0.11390291,0.53632717,-1.60755806,0.20138308,0.81528263,-1.47643549,0.38580412,0.01985858,0.00186179,0.30310200,0.36160237,0.18839344,-0.28825551,0.15661492,-0.18792200,-0.28341233,-0.23058732,0.20291041,-0.27849194,-0.12756063,-0.17378762,-0.26687163,3.26080766,-0.26107472,0.00162693,0.02273147,-0.07137667,0.99718905,3.64555579,-0.12610346,0.01484649,3.38906098,-0.46938698,0.01968967,3.06147080,-0.02739124,0.02461006,3.10979557,-0.41492270,0.03623037,-0.13033632,1.10940334,-0.39007529,-0.08988545,2.15759335,-1.38577213,-0.02112355,-3.69897208,1.16236608,-0.15474640,1.81671638,-0.41733449
0.36530174,0.03689476,-0.01478398,-0.05136111,-0.35477178,-0.13551775,-0.16172542,0.89233935,-1.61182671,0.16391663,0.10054953,-1.28451738,-0.11501496,0.49963208,-1.59343424,0.19995756,0.83343592,-1.48134973,0.38580412,0.01985858,0.00186179,0.30279720,0.35752546,0.18841455,-0.28800743,0.15627901,-0.18807514,-0.28146707,-0.23438574,0.20227584,-0.27825458,-0.11751978,-0.17404715,-0.26719148,3.26457887,-0.26123614,0.00151051,0.02090270,-0.07207119,0.99717929,3.64548235,-0.12619159,0.01478977,3.39218865,-0.46982936,0.02133013,3.06171618,-0.02735814,0.02454263,3.12325268,-0.41657518,0.03560573,-0.11804129,0.80114306,-0.67364174,-0.06275450,2.02650938,-1.22602577,-0.11536677,-3.56967101,1.39484403,-0.13643305,1.76592073,-0.48285923
0.38197437,0.03561880,-0.02400275,-0.05859831,-0.40086553,-0.14748839,-0.16270655,0.89720899,-1.62100773,0.16333949,0.12090543,-1.29627018,-0.11703544,0.46280925,-1.57663832,0.19887837,0.85161550,-1.48673775,0.38580412,0.01985858,0.00186179,0.30243294,0.35358651,0.18845467,-0.28770882,0.15746687,-0.18811555,-0.27932444,-0.23802129,0.20171623,-0.27791446,-0.10759980,-0.17457535,-0.26754739,3.26825342,-0.26142572,0.00138426,0.01896865,-0.07278138,0.99716656,3.64545675,-0.12631007,0.01472412,3.39673653,-0.47041224,0.02310851,3.06204448,-0.02728593,0.02451849,3.13644514,-0.41852711,0.03488555,-0.09888820,0.46896930,-0.97465215,-0.05976669,2.11484346,-1.21614630,-0.21851546,-3.83523316,1.77270162,-0.10843947,1.89272749,-0.56349337
0.34074177,0.02849084,-0.02975624,-0.05519388,-0.37402649,-0.12908239,-0.16329454,0.89700915,-1.63126950,0.16280651,0.14068328,-1.30733047,-0.11998103,0.42631718,-1.55743704,0.19822645,0.86970417,-1.49225700,0.38580412,0.01985858,0.00186179,0.30200375,0.34978963,0.18849691,-0.28735577,0.16031547,-0.18804031,-0.27723830,-0.24154782,0.20126401,-0.27748223,-0.09791620,-0.17537745,-0.26792250,3.27184372,-0.26164967,0.00125122,0.01698491,-0.07346533,0.99715234,3.64548164,-0.12645139,0.01464799,3.40286999,-0.47115462,0.02476546,3.06240020,-0.02715882,0.02452152,3.14928236,-0.42078341,0.03408125,-0.05201031,-0.07133386,-0.97720063,-0.05014187,1.87202454,-1.04478433,-0.28828843,-3.45838075,1.84333198,-0.05804159,1.71603763,-0.52420070
0.36873433,0.02791792,-0.04177507,-0.06259600,-0.42027513,-0.13612401,-0.16360548,0.89034617,-1.64026809,0.16232044,0.16011712,-1.31817138,-0.12384684,0.39080861,-1.53639841,0.19783534,0.88793951,-1.49784708,0.38580412,0.01985858,0.00186179,0.30150655,0.34610442,0.18853469,-0.28690381,0.16482466,-0.18793753,-0.27551067,-0.24505296,0.20087070,-0.27697885,-0.08859303,-0.17645056,-0.26828942,3.27537771,-0.26190223,0.00111185,0.01495724,-0.07412267,0.99713634,3.64555378,-0.12661263,0.01460274,3.41060348,-0.47214417,0.02599588,3.06271763,-0.02700718,0.02452770,3.16166945,-0.42331461,0.03321712,-0.02905726,-0.79504395,-0.90892607,-0.04993938,2.02043152,-1.12785399,-0.41624808,-3.68152547,2.21630931,-0.03776886,1.90302718,-0.58352947
0.35822544,0.02534200,-0.04984176,-0.06514445,-0.43354633,-0.12885529,-0.16392342,0.87568645,-1.64527798,0.16187785,0.17945692,-1.32890179,-0.12856107,0.35758362,-1.51462986,0.19741787,0.90691662,-1.50371809,0.38580412,0.01985858,0.00186179,0.30092790,0.34250725,0.18857003,-0.28631692,0.17103883,-0.18794620,-0.27440697,-0.24863745,0.20044263,-0.27642372,-0.07985069,-0.17777148,-0.26858697,3.27887926,-0.26217829,0.00096042,0.01281246,-0.07475603,0.99711908,3.64567461,-0.12678611,0.01461098,3.41998220,-0.47352639,0.02652093,3.06290846,-0.02690304,0.02450417,3.17341442,-0.42605629,0.03234092,-0.03254033,-1.50168331,-0.50487916,-0.04501425,1.96972463,-1.09244719,-0.48083745,-3.38007426,2.21633241,-0.04262328,1.93407731,-0.59848759
0.34029998,0.02153043,-0.05598748,-0.06711446,-0.44277690,-0.11615444,-0.16430103,0.85495610,-1.64644136,0.16148696,0.19873326,-1.33922679,-0.13372049,0.32767770,-1.49390275,0.19700092,0.92678907,-1.50997567,0.38580412,0.01985858,0.00186179,0.30028306,0.33897577,0.18861644,-0.28564820,0.17847108,-0.18806079,-0.27376721,-0.25231510,0.19998265,-0.27580635,-0.07183509,-0.17921176,-0.26875191,3.28236199,-0.26248063,0.00079531,0.01052632,-0.07535687,0.99710075,3.64583531,-0.12695247,0.01463486,3.43054157,-0.47522836,0.02651585,3.06296892,-0.02684817,0.02447671,3.18440848,-0.42886045,0.03153115,-0.03601064,-2.05561516,-0.08707047,-0.03752957,1.87337201,-0.99953218,-0.50370570,-2.87460647,1.99872057,-0.03897995,1.93855462,-0.61139860
0.36274625,0.01874293,-0.06717643,-0.07610378,-0.49831540,-0.11610978,-0.16439523,0.82995312,-1.64488997,0.16115959,0.21793765,-1.34903388,-0.13903687,0.30234774,-1.47580657,0.19692326,0.94733601,-1.51651626,0.38580412,0.01985858,0.00186179,0.29958538,0.33548804,0.18868077,-0.28493437,0.18679690,-0.18814801,-0.27337609,-0.25604412,0.19958866,-0.27508463,-0.06480191,-0.18068172,-0.26873420,3.28582268,-0.26282409,0.00061817,0.00812179,-0.07591767,0.99708082,3.64600997,-0.12711200,0.01465100,3.44198022,-0.47708463,0.02620929,3.06294833,-0.02677061,0.02450075,3.19441219,-0.43161181,0.03085118,-0.00495985,-2.63324361,0.17910599,-0.03348812,2.00003300,-1.01721283,-0.55391637,-2.59257627,1.85483086,-0.00335574,2.14459133,-0.68267280
0.32864382,0.01153677,-0.06623321,-0.07253940,-0.47166330,-0.09795174,-0.16367900,0.80282300,-1.64205070,0.16092349,0.23719194,-1.35842872,-0.14420627,0.28253145,-1.46167197,0.19743561,0.96823967,-1.52301683,0.38580412,0.01985858,0.00186179,0.29885138,0.33200201,0.18877050,-0.28418739,0.19561803,-0.18802013,-0.27302606,-0.25979782,0.19933814,-0.27426078,-0.05894268,-0.18208892,-0.26851546,3.28925810,-0.26322447,0.00043098,0.00562360,-0.07643753,0.99705842,3.64615474,-0.12726704,0.01466399,3.45393024,-0.47886555,0.02582533,3.06288138,-0.02661471,0.02459060,3.20324836,-0.43420090,0.03033593,0.07733363,-2.58694367,0.27672383,-0.02140494,1.82851295,-0.88834962,-0.48813449,-1.82711864,1.30076540,0.05450431,1.98635912,-0.61524545
0.35780813,0.00558403,-0.07620104,-0.08441422,-0.54529361,-0.09743057,-0.16177863,0.77553105,-1.63891232,0.16081831,0.25674176,-1.36749566,-0.14883190,0.26876435,-1.45242536,0.19839442,0.98955357,-1.52925324,0.38580412,0.01985858,0.00186179,0.29810080,0.32846724,0.18889960,-0.28340005,0.20453148,-0.18754734,-0.27257578,-0.26361666,0.19919131,-0.27339171,-0.05433906,-0.18331888,-0.26812605,3.29266115,-0.26368846,0.00023159,0.00300220,-0.07691145,0.99703338,3.64621349,-0.12740005,0.01470075,3.46600910,-0.48038552,0.02552502,3.06271286,-0.02642340,0.02470909,3.21084972,-0.43650464,0.02997475,0.21660885,-2.83850718,0.32848117,-0.00887364,2.04186511,-0.93975657,-0.47210228,-1.34250140,0.88752800,0.10539777,2.22717214,-0.64522022
0.34136573,-0.00010614,-0.07506762,-0.09086989,-0.58352886,-0.08525226,-0.15855043,0.74952451,-1.63581748,0.16085916,0.27691233,-1.37606616,-0.15218003,0.26239302,-1.44934258,0.19939616,1.01192462,-1.53547642,0.38580412,0.01985858,0.00186179,0.29736251,0.32484783,0.18908262,-0.28254501,0.21324066,-0.18668272,-0.27190822,-0.26756248,0.19901633,-0.27253326,-0.05121322,-0.18417259,-0.26768646,3.29597431,-0.26420600,0.00000887,0.00011606,-0.07732962,0.99700558,3.64609285,-0.12747504,0.01481750,3.47787891,-0.48153693,0.02545429,3.06229935,-0.02631276,0.02482925,3.21697488,-0.43827906,0.02967605,0.32999796,-2.64698730,0.31530722,0.00430379,2.05525849,-0.87208081,-0.33889642,-0.63995617,0.30688045,0.10196665,2.28022208,-0.63435762
0.30493725,-0.00366647,-0.06837586,-0.09888867,-0.63155631,-0.07366375,-0.15450035,0.72478966,-1.63254123,0.16098582,0.29771082,-1.38392253,-0.15379956,0.26282353,-1.45145717,0.20041550,1.03560927,-1.54217250,0.38580412,0.01985858,0.00186179,0.29667256,0.32117008,0.18930908,-0.28161716,0.22176125,-0.18557552,-0.27100083,-0.27157094,0.19879036,-0.27167244,-0.04942777,-0.18455130,-0.26743878,3.29909473,-0.26473160,-0.00024402,-0.00312795,-0.07770903,0.99697114,3.64571910,-0.12747383,0.01505540,3.48942294,-0.48242748,0.02567174,3.06160603,-0.02626253,0.02500012,3.22166791,-0.43939521,0.02923379,0.39858546,-2.39686275,0.32218297,0.01255448,2.02678735,-0.75658957,-0.14118056,0.09616910,-0.24336576,0.10053590,2.31383052,-0.65641203
0.31178253,-0.00608688,-0.06716111,-0.11995536,-0.76256214,-0.07437744,-0.14991070,0.70077266,-1.62855632,0.16103321,0.31905645,-1.39079206,-0.15331478,0.26989282,-1.45792201,0.20165415,1.06068134,-1.54952512,0.38580412,0.01985858,0.00186179,0.29606170,0.31745818,0.18953689,-0.28064526,0.23021429,-0.18431736,-0.26987014,-0.27559111,0.19855839,-0.27078282,-0.04896645,-0.18437925,-0.26760815,3.30205088,-0.26525472,-0.00053161,-0.00678603,-0.07806480,0.99692505,3.64514232,-0.12744255,0.01541644,3.50076890,-0.48315987,0.02619156,3.06072583,-0.02621891,0.02527888,3.22498141,-0.43976466,0.02845355,0.48208869,-2.49868770,0.42437014,0.00292435,2.22783380,-0.70585304,0.06992743,0.79322082,-0.70737895,0.13144426,2.62384396,-0.77146882
0.29388796,-0.00519638,-0.05657697,-0.12030760,-0.76149729,-0.06258884,-0.14488964,0.67668053,-1.62320302,0.16065557,0.34089664,-1.39668601,-0.15102598,0.28280045,-1.46776702,0.20308602,1.08689365,-1.55717664,0.38580412,0.01985858,0.00186179,0.29552591,0.31369403,0.18966335,-0.27970612,0.23872192,-0.18295158,-0.26860808,-0.27963902,0.19831923,-0.26989319,-0.04969252,-0.18374586,-0.26822765,3.30509720,-0.26579363,-0.00084977,-0.01080382,-0.07839393,0.99686355,3.64458223,-0.12749666,0.01581979,3.51228662,-0.48381193,0.02691783,3.05989585,-0.02620065,0.02563273,3.22729340,-0.43951310,0.02729827,0.48041447,-2.29013648,0.52302710,-0.04116297,2.07744117,-0.55113336,0.23134361,1.27542658,-0.96272465,0.13714544,2.49675322,-0.72669586
0.34712478,-0.00087115,-0.06034037,-0.13709996,-0.86461407,-0.04812075,-0.13946570,0.65175563,-1.61604524,0.15959279,0.36324838,-1.40210164,-0.14827274,0.30058461,-1.48074436,0.20459560,1.11344397,-1.56418717,0.38580412,0.01985858,0.00186179,0.29504094,0.30980611,0.18959542,-0.27887425,0.24735281,-0.18149096,-0.26733897,-0.28376221,0.19807076,-0.26906608,-0.05145153,-0.18298953,-0.26899237,3.30836721,-0.26632838,-0.00118166,-0.01497885,-0.07863531,0.99679021,3.64406987,-0.12765619,0.01616669,3.52420230,-0.48435954,0.02770197,3.05917282,-0.02621345,0.02597485,3.22885914,-0.43898670,0.02604856,0.57089329,-2.61136866,0.77357882,-0.12155808,2.33597660,-0.55946410,0.28739497,1.92171323,-1.39883149,0.15806219,2.76690698,-0.71658188
0.36766177,0.00546279,-0.06206138,-0.12571862,-0.79142582,-0.00249749,-0.13369508,0.62528242,-1.60707390,0.15795026,0.38569427,-1.40781558,-0.14702379,0.32324584,-1.49797091,0.20627246,1.13870442,-1.56900716,0.38580412,0.01985858,0.00186179,0.29456903,0.30577384,0.18932627,-0.27818403,0.25611418,-0.17993909,-0.26616411,-0.28799980,0.19789044,-0.26833907,-0.05437110,-0.18259424,-0.26933974,3.31195751,-0.26684488,-0.00149177,-0.01890683,-0.07864559,0.99672222,3.64363990,-0.12781660,0.01638500,3.53668213,-0.48472418,0.02840492,3.05855718,-0.02623568,0.02622995,3.22962261,-0.43865244,0.02522929,0.58797960,-2.69832592,0.91504384,-0.16746967,2.28541121,-0.58293741,0.12474953,2.31286507,-1.75929856,0.17101813,2.56979184,-0.48730241
0.37748996,0.00990874,-0.06326965,-0.09954331,-0.62748541,0.04352574,-0.12778350,0.59731392,-1.59734609,0.15627643,0.40743434,-1.41436999,-0.14743403,0.34896750,-1.51819224,0.20804125,1.16143153,-1.57097111,0.38580412,0.01985858,0.00186179,0.29409194,0.30170115,0.18898989,-0.27758895,0.26492540,-0.17832711,-0.26508135,-0.29234002,0.19780400,-0.26769432,-0.05822939,-0.18259638,-0.26916894,3.31581397,-0.26735529,-0.00174910,-0.02222874,-0.07843117,0.99667014,3.64336286,-0.12788311,0.01650299,3.54958487,-0.48492641,0.02901059,3.05801244,-0.02625888,0.02639762,3.22974000,-0.43859598,0.02492300,0.57518904,-2.73098936,0.94731849,-0.16098022,2.10517144,-0.64615011,-0.04909858,2.51406984,-1.97801595,0.17112195,2.18468118,-0.16594132
0.42525007,0.01322794,-0.06938455,-0.07691927,-0.48655053,0.06762768,-0.12184063,0.56785228,-1.58769615,0.15490758,0.42804894,-1.42220540,-0.14863610,0.37530248,-1.53872402,0.20955114,1.18079836,-1.56979458,0.38580412,0.01985858,0.00186179,0.29362643,0.29761688,0.18867074,-0.27707610,0.27372819,-0.17666609,-0.26406788,-0.29676871,0.19775177,-0.26712301,-0.06268447,-0.18279056,-0.26872985,3.31987906,-0.26786965,-0.00193333,-0.02467090,-0.07810596,0.99663788,3.64325400,-0.12786570,0.01655034,3.56274400,-0.48502086,0.02955855,3.05753966,-0.02630089,0.02650342,3.22948437,-0.43866348,0.02489658,0.61902270,-3.08228264,1.00124177,-0.13886540,2.13657761,-0.82950288,-0.12789070,2.73597522,-2.12711387,0.15315189,1.98472135,0.15048385
0.39991887,0.01359460,-0.06091756,-0.03778662,-0.23995538,0.05013884,-0.11589683,0.53686676,-1.57867138,0.15399761,0.44744537,-1.43162079,-0.14988790,0.39982512,-1.55681574,0.21051155,1.19636805,-1.56569417,0.38580412,0.01985858,0.00186179,0.29320071,0.29348968,0.18841010,-0.27666042,0.28248296,-0.17495346,-0.26311889,-0.30123444,0.19767628,-0.26657979,-0.06736033,-0.18301592,-0.26830719,3.32408085,-0.26838661,-0.00203468,-0.02605492,-0.07782964,0.99662408,3.64326124,-0.12782193,0.01654029,3.57597947,-0.48507168,0.03008182,3.05718556,-0.02634323,0.02662092,3.22912579,-0.43872680,0.02489353,0.56414554,-2.95505514,0.84946719,-0.08182244,1.82950716,-0.90883609,-0.11753068,2.30365386,-1.68653302,0.08545709,1.44155095,0.41481524
0.44624808,0.01734368,-0.06075387,-0.00295417,-0.01881556,0.01335789,-0.10988502,0.50427163,-1.57036436,0.15356508,0.46557692,-1.44260252,-0.15096763,0.42131668,-1.57107604,0.21089673,1.20805514,-1.55924523,0.38580412,0.01985858,0.00186179,0.29283515,0.28930254,0.18821804,-0.27637173,0.29117004,-0.17316986,-0.26226737,-0.30565715,0.19757310,-0.26597901,-0.07206977,-0.18323908,-0.26804001,3.32835503,-0.26889245,-0.00205205,-0.02630887,-0.07773533,0.99662473,3.64334269,-0.12780820,0.01646341,3.58915301,-0.48511503,0.03056777,3.05702896,-0.02631547,0.02685614,3.22874494,-0.43874074,0.02479514,0.62762475,-3.41966724,0.85489446,-0.03802776,1.86965239,-1.16676092,-0.10970607,2.19080949,-1.42523634,0.03179908,1.15974247,0.70419902
0.43775938,0.02208184,-0.05149937,0.03161594,0.20105938,-0.04682880,-0.10358470,0.46970667,-1.56241715,0.15355387,0.48228267,-1.45510945,-0.15202200,0.43907901,-1.58071854,0.21062311,1.21571536,-1.55125303,0.38580412,0.01985858,0.00186179,0.29254754,0.28505044,0.18807960,-0.27625352,0.29978136,-0.17126004,-0.26160853,-0.30990745,0.19742003,-0.26520592,-0.07675241,-0.18351600,-0.26795734,3.33265438,-0.26935067,-0.00198099,-0.02532524,-0.07796207,0.99663264,3.64348374,-0.12788405,0.01629402,3.60215836,-0.48514333,0.03093901,3.05721536,-0.02614163,0.02734162,3.22829895,-0.43869941,0.02459020,0.64220822,-3.52285657,0.80971316,-0.00088281,1.70011685,-1.27541614,-0.10758522,1.80492067,-0.97703404,-0.02892597,0.77629217,0.81459810
0.41641305,0.02971930,-0.03941617,0.05984992,0.37843277,-0.11488072,-0.09690434,0.43337933,-1.55406845,0.15367474,0.49803339,-1.46874037,-0.15323487,0.45372870,-1.58663547,0.20947062,1.22061505,-1.54304018,0.38580412,0.01985858,0.00186179,0.29233662,0.28072801,0.18793051,-0.27627890,0.30834689,-0.16922233,-0.26117469,-0.31391206,0.19711726,-0.26426042,-0.08135844,-0.18388713,-0.26800009,3.33694773,-0.26972968,-0.00184532,-0.02342414,-0.07852626,0.99663510,3.64364357,-0.12808311,0.01605772,3.61498776,-0.48515425,0.03116193,3.05777984,-0.02588283,0.02807620,3.22779455,-0.43860613,0.02433652,0.65240750,-3.54549785,0.81869959,0.01153375,1.52572296,-1.33302808,-0.11939059,1.40089149,-0.54786404,-0.12060726,0.45841136,0.79592863
0.44455898,0.04294389,-0.02884413,0.08665108,0.54280718,-0.18966413,-0.08990742,0.39538309,-1.54449346,0.15373697,0.51320890,-1.48319347,-0.15462567,0.46563438,-1.58933084,0.20735632,1.22348845,-1.53527815,0.38580412,0.01985858,0.00186179,0.29222794,0.27632045,0.18772863,-0.27642235,0.31688729,-0.16709322,-0.26098535,-0.31761802,0.19661724,-0.26317519,-0.08583806,-0.18435357,-0.26815363,3.34123454,-0.27000865,-0.00166011,-0.02084014,-0.07941308,0.99662254,3.64379678,-0.12840667,0.01580559,3.62766252,-0.48517537,0.03124258,3.05876046,-0.02557474,0.02905275,3.22728558,-0.43844275,0.02407430,0.73104798,-3.97220068,1.01241169,0.00558682,1.57719398,-1.51095974,-0.14637262,1.21808422,-0.25474130,-0.22743791,0.28401909,0.80296689
0.40747489,0.05045415,-0.00819478,0.09232515,0.57105224,-0.21463637,-0.08273178,0.35583634,-1.53275692,0.15374296,0.52811142,-1.49800518,-0.15621125,0.47542574,-1.58945582,0.20476525,1.22489192,-1.52813575,0.38580412,0.01985858,0.00186179,0.29227718,0.27182964,0.18749084,-0.27664038,0.32543388,-0.16492944,-0.26105405,-0.32101134,0.19602451,-0.26197428,-0.09018562,-0.18491411,-0.26840828,3.34555259,-0.27018347,-0.00144056,-0.01783314,-0.08052720,0.99659183,3.64395862,-0.12876915,0.01563680,3.64028392,-0.48522387,0.03122313,3.06017895,-0.02516148,0.03030290,3.22684775,-0.43821868,0.02386890,0.68220502,-3.76731348,1.13722918,0.00035353,1.41272693,-1.40732925,-0.15247432,0.91219490,0.00954569,-0.24803787,0.12127658,0.67216455
0.44904604,0.06628016,0.01019363,0.10932698,0.66618569,-0.25398664,-0.07548478,0.31469992,-1.51793766,0.15371022,0.54292363,-1.51270998,-0.15804991,0.48375812,-1.58766246,0.20184167,1.22538674,-1.52171969,0.38580412,0.01985858,0.00186179,0.29248112,0.26727047,0.18723709,-0.27690224,0.33405677,-0.16277425,-0.26139213,-0.32410973,0.19535885,-0.26071176,-0.09442010,-0.18557737,-0.26874316,3.34990187,-0.27026923,-0.00119946,-0.01462393,-0.08173735,0.99654589,3.64410968,-0.12908496,0.01557889,3.65297075,-0.48530094,0.03108899,3.06195660,-0.02470922,0.03176937,3.22650476,-0.43798108,0.02373796,0.75562203,-4.30913973,1.59288931,-0.00407919,1.54210615,-1.52850139,-0.19551998,0.84853911,0.21301208,-0.31010062,0.04027783,0.65687293
0.43844648,0.07226621,0.02422385,0.10920324,0.65563048,-0.24361810,-0.06833075,0.27149655,-1.49871287,0.15341529,0.55754931,-1.52669857,-0.16011223,0.49104851,-1.58439200,0.19759438,1.22546644,-1.51681902,0.38580412,0.01985858,0.00186179,0.29281595,0.26269417,0.18692220,-0.27724101,0.34289913,-0.16068840,-0.26200777,-0.32680475,0.19434836,-0.25952794,-0.09854620,-0.18632779,-0.26914441,3.35425811,-0.27028058,-0.00094592,-0.01137069,-0.08293363,0.99648975,3.64423766,-0.12935508,0.01557494,3.66587687,-0.48544174,0.03080818,3.06407652,-0.02458306,0.03328801,3.22626648,-0.43775458,0.02367154,0.72829033,-4.40287638,1.96354909,-0.03057072,1.48920739,-1.42345817,-0.21014213,0.74182912,0.33426283,-0.43463358,0.00769032,0.49635835
0.41788276,0.07384602,0.03498309,0.10412306,0.61600303,-0.21201639,-0.06151016,0.22643244,-1.47542095,0.15271052,0.57182169,-1.53967655,-0.16222464,0.49789971,-1.58031781,0.19206151,1.22507987,-1.51430433,0.38580412,0.01985858,0.00186179,0.29323967,0.25815996,0.18651001,-0.27768421,0.35200098,-0.15872222,-0.26277942,-0.32885808,0.19299108,-0.25844333,-0.10262518,-0.18711191,-0.26959595,3.35861602,-0.27025228,-0.00068790,-0.00816306,-0.08403486,0.99642914,3.64436641,-0.12961350,0.01555546,3.67906218,-0.48568602,0.03046025,3.06672526,-0.02490972,0.03479634,3.22610274,-0.43753355,0.02364372,0.65925370,-4.39491472,2.29543242,-0.07193014,1.38445594,-1.25325916,-0.20539165,0.66455203,0.40102006,-0.54303556,-0.04412134,0.21996698
0.44848074,0.08045455,0.04825827,0.11075687,0.64744821,-0.18605419,-0.05524689,0.17989351,-1.44853771,0.15160961,0.58572848,-1.55164378,-0.16431034,0.50465548,-1.57567430,0.18649003,1.22348571,-1.51511493,0.38580412,0.01985858,0.00186179,0.29374000,0.25367570,0.18600602,-0.27822503,0.36131378,-0.15692799,-0.26360130,-0.32986774,0.19161076,-0.25733796,-0.10672766,-0.18790714,-0.27009943,3.36298380,-0.27021784,-0.00042724,-0.00501620,-0.08494706,0.99637275,3.64448586,-0.12983910,0.01551497,3.69251786,-0.48604497,0.03013871,3.07031312,-0.02553176,0.03640204,3.22598715,-0.43734595,0.02364058,0.64660251,-4.85800819,2.82874684,-0.11781417,1.44571209,-1.23826261,-0.21667702,0.70404255,0.48818289,-0.57349017,-0.18140970,-0.11693834
0.41107091,0.07042376,0.05333621,0.10039067,0.58162884,-0.11391787,-0.04971079,0.13277387,-1.41907432,0.15021253,0.59936252,-1.56276762,-0.16622337,0.51152411,-1.57059288,0.18197005,1.21940918,-1.51911721,0.38580412,0.01985858,0.00186179,0.29431177,0.24922051,0.18543609,-0.27883724,0.37065987,-0.15534433,-0.26438575,-0.32951638,0.19051793,-0.25623466,-0.11091293,-0.18867273,-0.27066407,3.36737347,-0.27021975,-0.00016424,-0.00191440,-0.08557656,0.99632974,3.64456530,-0.12999817,0.01547453,3.70611420,-0.48649578,0.02992602,3.07517162,-0.02630132,0.03807711,3.22591152,-0.43721555,0.02364770,0.51816220,-4.47347622,2.81600556,-0.13495266,1.29181633,-1.04854374,-0.17921602,0.65346575,0.48587224,-0.41728637,-0.41517651,-0.40628514
0.45541150,0.06976231,0.06864003,0.10996972,0.63397954,-0.05177527,-0.04501110,0.08642341,-1.38828802,0.14862971,0.61281145,-1.57317066,-0.16774499,0.51857573,-1.56519258,0.17806049,1.21134126,-1.52448463,0.38580412,0.01985858,0.00186179,0.29495102,0.24476742,0.18482979,-0.27950251,0.37973944,-0.15399814,-0.26511902,-0.32777030,0.18965317,-0.25549798,-0.11520543,-0.18934541,-0.27129682,3.37179275,-0.27029635,0.00010043,0.00116515,-0.08587284,0.99630542,3.64457674,-0.13007498,0.01544851,3.71958084,-0.48700101,0.02983201,3.08130832,-0.02735502,0.03945304,3.22588725,-0.43713627,0.02365420,0.47678870,-4.81120110,3.22179484,-0.16723013,1.39845896,-1.07325613,-0.15185587,0.73733920,0.56685507,-0.40204635,-0.90537959,-0.57055056
0.44907962,0.05836330,0.07584619,0.10728134,0.61772268,0.01259906,-0.04126303,0.04303001,-1.35751228,0.14698540,0.62607759,-1.58275738,-0.16869897,0.52570026,-1.55944779,0.17347540,1.19803727,-1.52881608,0.38580412,0.01985858,0.00186179,0.29565756,0.24029876,0.18422429,-0.28021511,0.38803345,-0.15292400,-0.26592699,-0.32477700,0.18872622,-0.25560080,-0.11959009,-0.18987438,-0.27200356,3.37624073,-0.27048543,0.00036442,0.00423188,-0.08581381,0.99630214,3.64450193,-0.13006458,0.01544244,3.73240972,-0.48750930,0.02973057,3.08851857,-0.02900325,0.04005676,3.22594424,-0.43711386,0.02365399,0.38074917,-4.41453443,3.13342271,-0.16741636,1.35094917,-0.97535982,-0.09655753,0.72556332,0.58555869,-0.46799214,-1.36005738,-0.43947562
0.43130426,0.04544323,0.07975905,0.10107524,0.58337459,0.05766000,-0.03823334,0.00372457,-1.32772560,0.14542159,0.63916093,-1.59148664,-0.16923228,0.53275549,-1.55339086,0.16833789,1.18141038,-1.53225403,0.38580412,0.01985858,0.00186179,0.29641005,0.23581244,0.18365959,-0.28096619,0.39529805,-0.15205976,-0.26696988,-0.32102203,0.18770737,-0.25625075,-0.12401171,-0.19029494,-0.27275886,3.38070240,-0.27077522,0.00062390,0.00726981,-0.08552973,0.99630890,3.64436698,-0.12999404,0.01544386,3.74430003,-0.48798359,0.02944017,3.09636970,-0.03110020,0.04015930,3.22607184,-0.43714967,0.02365120,0.28957831,-3.78526921,2.88559985,-0.15069644,1.27039850,-0.84083478,-0.04926324,0.68525075,0.59092244,-0.49994092,-1.63349111,-0.33477743
0.46383431,0.03954447,0.09150282,0.10525584,0.61010205,0.08321474,-0.03575503,-0.03112949,-1.29923604,0.14407330,0.65206171,-1.59917393,-0.16949672,0.53977641,-1.54715419,0.16329126,1.16311793,-1.53619294,0.38580412,0.01985858,0.00186179,0.29719465,0.23130455,0.18317746,-0.28175053,0.40147156,-0.15136153,-0.26832852,-0.31665772,0.18670010,-0.25705136,-0.12844460,-0.19064306,-0.27352939,3.38517146,-0.27115271,0.00087469,0.01023889,-0.08513369,0.99631654,3.64420033,-0.12987348,0.01544412,3.75514317,-0.48843286,0.02886613,3.10477953,-0.03343565,0.04014329,3.22624479,-0.43724034,0.02366526,0.25413342,-3.59203258,2.95613093,-0.13796836,1.34241724,-0.79081649,-0.02582446,0.73164248,0.65031642,-0.52310526,-1.91467988,-0.41994151
0.42372026,0.02935484,0.08758798,0.09144750,0.53259889,0.06974037,-0.03360724,-0.06203671,-1.27195652,0.14299833,0.66487864,-1.60574951,-0.16958027,0.54691855,-1.54091210,0.15839822,1.14372897,-1.54100389,0.38580412,0.01985858,0.00186179,0.29799846,0.22676176,0.18279535,-0.28255325,0.40670811,-0.15076775,-0.26997275,-0.31174045,0.18569998,-0.25790382,-0.13288732,-0.19093823,-0.27429519,3.38964601,-0.27159972,0.00111340,0.01308920,-0.08475779,0.99631499,3.64402695,-0.12973579,0.01544521,3.76504193,-0.48890206,0.02802571,3.11375380,-0.03590908,0.04009463,3.22641502,-0.43734679,0.02370327,0.20161520,-2.89939132,2.57839074,-0.09952171,1.21616273,-0.61379074,-0.00633688,0.67957489,0.59199203,-0.46390793,-1.85075543,-0.46322910
0.46549671,0.02636535,0.09977451,0.09365530,0.54735141,0.03769257,-0.03155567,-0.08943923,-1.24600816,0.14215624,0.67777210,-1.61123884,-0.16948630,0.55430412,-1.53472161,0.15344757,1.12270176,-1.54598629,0.38580412,0.01985858,0.00186179,0.29881307,0.22216432,0.18250106,-0.28335826,0.41115600,-0.15021284,-0.27182280,-0.30623016,0.18466574,-0.25895788,-0.13734227,-0.19118024,-0.27506704,3.39412136,-0.27210076,0.00133832,0.01577087,-0.08454554,0.99629390,3.64386149,-0.12964552,0.01545481,3.77408619,-0.48944814,0.02699028,3.12338753,-0.03847384,0.03985520,3.22652788,-0.43740414,0.02374604,0.21313177,-2.80322862,2.68205976,-0.08447281,1.34482968,-0.55578351,0.01246296,0.77328825,0.64404303,-0.51720065,-2.21765041,-0.51830709
0.45359338,0.02171241,0.10052069,0.08385179,0.49031998,-0.03309485,-0.02939849,-0.11202644,-1.22274168,0.14159101,0.69082135,-1.61542778,-0.16927689,0.56198852,-1.52860551,0.14855088,1.09930186,-1.55098090,0.38580412,0.01985858,0.00186179,0.29963651,0.21750152,0.18231053,-0.28415117,0.41457464,-0.14964469,-0.27388149,-0.29990012,0.18362735,-0.26028395,-0.14178494,-0.19138440,-0.27584774,3.39857989,-0.27264765,0.00154801,0.01820661,-0.08469864,0.99623906,3.64373675,-0.12967159,0.01548534,3.78194185,-0.49013162,0.02575502,3.13398342,-0.04102772,0.03935256,3.22652107,-0.43734956,0.02378877,0.21990773,-2.29344366,2.36506851,-0.05718155,1.32919612,-0.42501951,0.02135336,0.78297319,0.62279432,-0.49850027,-2.38591690,-0.50936408
0.42873856,0.01758749,0.09882868,0.07188917,0.41849518,-0.11718389,-0.02710607,-0.12896385,-1.20330269,0.14134051,0.70392748,-1.61836991,-0.16906533,0.56988819,-1.52259693,0.14387918,1.07400799,-1.55658326,0.38580412,0.01985858,0.00186179,0.30047045,0.21279896,0.18223198,-0.28492744,0.41680313,-0.14905396,-0.27616813,-0.29276725,0.18261525,-0.26171712,-0.14618060,-0.19158049,-0.27662224,3.40299845,-0.27322322,0.00174644,0.02040121,-0.08526126,0.99614821,3.64367018,-0.12980422,0.01554300,3.78840938,-0.49093943,0.02430232,3.14552260,-0.04351215,0.03875332,3.22638746,-0.43717567,0.02384821,0.22370349,-1.59633610,1.85356734,-0.02143631,1.27419133,-0.27588805,0.02026260,0.76945622,0.58331292,-0.45149128,-2.47283182,-0.55174429
0.45165025,0.01610379,0.10947467,0.06897954,0.39789057,-0.20823021,-0.02473464,-0.13938681,-1.18877699,0.14148675,0.71701512,-1.62003810,-0.16894483,0.57797083,-1.51667805,0.13975795,1.04709756,-1.56311312,0.38580412,0.01985858,0.00186179,0.30132364,0.20807204,0.18228692,-0.28567666,0.41767199,-0.14845299,-0.27868301,-0.28484345,0.18170764,-0.26310349,-0.15051735,-0.19179547,-0.27738287,3.40734606,-0.27382160,0.00193518,0.02235097,-0.08622147,0.99602337,3.64364772,-0.13000220,0.01564699,3.79329415,-0.49184052,0.02264063,3.15796519,-0.04586845,0.03822016,3.22610894,-0.43689851,0.02394077,0.24742613,-1.02554293,1.46523404,0.01912154,1.36293461,-0.16245841,0.01111291,0.84360385,0.61596334,-0.42187905,-2.81628947,-0.68891042
0.40035345,0.01249690,0.10454083,0.05587602,0.31791328,-0.25076314,-0.02235776,-0.14306188,-1.18007362,0.14203629,0.73005195,-1.62047250,-0.16905979,0.58627235,-1.51084256,0.13681121,1.01896122,-1.57062492,0.38580412,0.01985858,0.00186179,0.30221542,0.20332495,0.18247505,-0.28639403,0.41716767,-0.14785596,-0.28131481,-0.27623508,0.18107201,-0.26425591,-0.15480864,-0.19207162,-0.27811194,3.41158285,-0.27443495,0.00211476,0.02406446,-0.08750558,0.99587108,3.64361406,-0.13021394,0.01582139,3.79657345,-0.49277526,0.02090061,3.17115784,-0.04796487,0.03795951,3.22565098,-0.43656626,0.02410348,0.22535838,-0.28625822,0.76889563,0.05566606,1.23674867,-0.03003346,-0.01360687,0.79012964,0.55293610,-0.26640375,-2.68000770,-0.72205728
0.41985312,0.01218542,0.12400248,0.05407100,0.30224260,-0.32036778,-0.02000638,-0.14012969,-1.17824697,0.14281268,0.74303883,-1.61981905,-0.16941139,0.59487700,-1.50519753,0.13537271,0.99001688,-1.57900846,0.38580412,0.01985858,0.00186179,0.30318472,0.19856150,0.18274372,-0.28708693,0.41538531,-0.14726440,-0.28383035,-0.26709918,0.18080139,-0.26504500,-0.15907358,-0.19240791,-0.27879243,3.41565128,-0.27504574,0.00228476,0.02555917,-0.08900667,0.99570042,3.64347692,-0.13041720,0.01609778,3.79833122,-0.49365000,0.01935437,3.18485470,-0.04973694,0.03813972,3.22497340,-0.43618901,0.02439229,0.24454923,0.40288827,0.08372962,0.08334405,1.35210896,0.08353590,-0.03982149,0.90118492,0.58463216,-0.12694858,-3.02565837,-0.88557595
0.41023982,0.00837044,0.11931784,0.04651747,0.25558810,-0.32488883,-0.01729935,-0.13065855,-1.18506689,0.14352677,0.75599226,-1.61827073,-0.16968523,0.60394620,-1.49995122,0.13515490,0.96026334,-1.58765337,0.38580412,0.01985858,0.00186179,0.30413868,0.19379916,0.18301090,-0.28775039,0.41246182,-0.14656708,-0.28586184,-0.25755565,0.18081174,-0.26549272,-0.16333137,-0.19270470,-0.27943820,3.41968360,-0.27570132,0.00244149,0.02682751,-0.09059224,0.99552367,3.64333372,-0.13067813,0.01638829,3.79891439,-0.49431210,0.01827684,3.19899583,-0.05136963,0.03864596,3.22425103,-0.43575865,0.02470048,0.27680349,0.97041028,-0.70387921,0.07246567,1.31926396,0.15845166,-0.02752344,0.92429713,0.53380595,-0.02135022,-3.03150001,-0.87982014
0.39809213,0.00243429,0.10527900,0.03816051,0.20593514,-0.28949241,-0.01374881,-0.11725317,-1.19836283,0.14402338,0.76887590,-1.61617680,-0.16970126,0.61344601,-1.49511786,0.13555908,0.92972227,-1.59563653,0.38580412,0.01985858,0.00186179,0.30499975,0.18907347,0.18322211,-0.28838001,0.40896101,-0.14563636,-0.28732820,-0.24780779,0.18096627,-0.26577142,-0.16758755,-0.19291345,-0.28006980,3.42376209,-0.27643147,0.00258243,0.02791074,-0.09208679,0.99535639,3.64324074,-0.13100712,0.01661974,3.79906287,-0.49462490,0.01767155,3.21336093,-0.05307336,0.03922833,3.22362666,-0.43532451,0.02492995,0.35231180,1.32621562,-1.33367777,0.04622216,1.25163100,0.20743807,0.00009388,0.92680751,0.46653945,0.04405206,-2.97544303,-0.76796411
0.43413913,-0.00212300,0.10167380,0.03456423,0.18373930,-0.25978755,-0.00966000,-0.10127234,-1.21597486,0.14426207,0.78159783,-1.61360881,-0.16959243,0.62336990,-1.49073112,0.13659549,0.89846728,-1.60251172,0.38580412,0.01985858,0.00186179,0.30574342,0.18441539,0.18336380,-0.28897586,0.40512025,-0.14455691,-0.28831968,-0.23795579,0.18127479,-0.26591129,-0.17183385,-0.19307027,-0.28066206,3.42789712,-0.27723087,0.00270305,0.02881559,-0.09335035,0.99521257,3.64319454,-0.13135989,0.01676756,3.79906860,-0.49460348,0.01742374,3.22780237,-0.05486720,0.03983213,3.22315674,-0.43497871,0.02508136,0.42645038,1.68395257,-1.86297882,0.02257898,1.32324984,0.27158260,0.01145825,1.03775108,0.45270321,0.11399575,-3.26134248,-0.70534641
0.40154132,-0.00366028,0.08225922,0.02542581,0.13355234,-0.17535790,-0.00615139,-0.08333355,-1.23575377,0.14433269,0.79401038,-1.61058738,-0.16956577,0.63385791,-1.48683946,0.13829913,0.86668322,-1.60810277,0.38580412,0.01985858,0.00186179,0.30636892,0.17986997,0.18346034,-0.28952842,0.40097764,-0.14362930,-0.28901033,-0.22807757,0.18174864,-0.26591450,-0.17610220,-0.19323366,-0.28118109,3.43208394,-0.27806926,0.00279971,0.02954325,-0.09430009,0.99510143,3.64321361,-0.13166173,0.01684050,3.79894433,-0.49446219,0.01735860,3.24220629,-0.05671338,0.04045443,3.22281914,-0.43478388,0.02518784,0.32317782,1.71925273,-1.89019449,0.00575582,1.17454731,0.29092698,0.00110459,1.00140955,0.36462943,0.16780417,-3.02074895,-0.51823953
0.44425915,-0.00377517,0.07899899,0.01990983,0.10367220,-0.12113839,-0.00405851,-0.06394140,-1.25599587,0.14449269,0.80589086,-1.60712421,-0.16967538,0.64511168,-1.48342848,0.14064497,0.83454645,-1.61214745,0.38580412,0.01985858,0.00186179,0.30688384,0.17551698,0.18358360,-0.29000297,0.39658104,-0.14307649,-0.28952933,-0.21824906,0.18238488,-0.26582156,-0.18044318,-0.19342009,-0.28163067,3.43629952,-0.27891783,0.00286908,0.03007481,-0.09492354,0.99502603,3.64336176,-0.13183154,0.01688087,3.79867502,-0.49439729,0.01735451,3.25647159,-0.05855719,0.04106228,3.22254010,-0.43473176,0.02525318,0.19482335,2.03954053,-2.10982561,0.01913682,1.22871244,0.36726889,-0.01334026,1.18435168,0.34832951,0.25380588,-3.35222459,-0.39707121
0.43274624,-0.00273019,0.06667632,0.00996193,0.05165921,-0.05697940,-0.00347067,-0.04374986,-1.27543402,0.14495136,0.81697060,-1.60330086,-0.16973418,0.65732230,-1.48064377,0.14363747,0.80221863,-1.61406674,0.38580412,0.01985858,0.00186179,0.30727979,0.17149147,0.18379086,-0.29033964,0.39207614,-0.14292191,-0.28991079,-0.20855534,0.18318920,-0.26570401,-0.18485210,-0.19356875,-0.28203641,3.44049788,-0.27975624,0.00290252,0.03033448,-0.09520466,0.99499119,3.64373026,-0.13182042,0.01694015,3.79835739,-0.49443493,0.01736900,3.27046519,-0.06034225,0.04157578,3.22229309,-0.43475892,0.02524338,0.05865680,2.05664358,-1.97793908,0.04692425,1.12766955,0.38957859,-0.00587271,1.24478066,0.28265317,0.30536785,-3.29268494,-0.19294022
0.40858294,-0.00064593,0.05264313,-0.00144454,-0.00747671,0.00011070,-0.00372823,-0.02361165,-1.29329281,0.14550609,0.82756826,-1.59940357,-0.16975791,0.67035664,-1.47863905,0.14703136,0.76985910,-1.61409407,0.38580412,0.01985858,0.00186179,0.30757284,0.16774770,0.18402016,-0.29053897,0.38764889,-0.14299294,-0.29021700,-0.19898756,0.18410103,-0.26561618,-0.18925413,-0.19368072,-0.28238244,3.44465161,-0.28056762,0.00290163,0.03031912,-0.09522355,0.99498985,3.64425726,-0.13170430,0.01703387,3.79814263,-0.49448990,0.01735584,3.28419428,-0.06206663,0.04195666,3.22209759,-0.43483705,0.02519040,-0.03027827,1.95493326,-1.72048407,0.05348697,1.02927487,0.37850936,-0.00307610,1.27351081,0.18785000,0.33247123,-3.14639320,0.01174807
0.43385496,0.00232204,0.04487460,-0.01321084,-0.06849087,0.04479321,-0.00460119,-0.00384936,-1.30916297,0.14597832,0.83844104,-1.59556251,-0.16990632,0.68410883,-1.47751682,0.15071215,0.73736914,-1.61234105,0.38580412,0.01985858,0.00186179,0.30776095,0.16409155,0.18421828,-0.29058992,0.38337081,-0.14322946,-0.29048542,-0.18947625,0.18508743,-0.26557188,-0.19358384,-0.19379871,-0.28263939,3.44876604,-0.28134097,0.00286623,0.03001192,-0.09502666,0.99501809,3.64475994,-0.13151173,0.01717104,3.79809656,-0.49454520,0.01727553,3.29774795,-0.06373550,0.04218908,3.22199960,-0.43499521,0.02512157,-0.09589723,2.05516248,-1.63539338,0.04814006,1.13989260,0.39952990,-0.01690350,1.43804989,0.10909438,0.38562861,-3.38659568,0.19809007
0.39460126,0.00505196,0.02987796,-0.02255307,-0.11727182,0.06828163,-0.00595243,0.01567900,-1.32331831,0.14640517,0.85078776,-1.59169297,-0.17018634,0.69838059,-1.47721317,0.15462167,0.70448164,-1.60884297,0.38580412,0.01985858,0.00186179,0.30784038,0.16015367,0.18439422,-0.29046263,0.37921732,-0.14359635,-0.29071217,-0.17992365,0.18613183,-0.26557237,-0.19778426,-0.19392514,-0.28281931,3.45286999,-0.28207820,0.00279888,0.02941480,-0.09468199,0.99506897,3.64492550,-0.13119711,0.01737775,3.79820071,-0.49461616,0.01712821,3.31127858,-0.06535384,0.04226801,3.22206168,-0.43522224,0.02502107,-0.13213175,1.85224767,-1.32946472,0.04059262,1.18999207,0.36816067,-0.02758474,1.35861320,0.02162523,0.37302739,-3.12597890,0.34822690
0.43463883,0.00866933,0.01952887,-0.03538037,-0.18470685,0.08685902,-0.00758491,0.03523298,-1.33634472,0.14700164,0.86567378,-1.58776736,-0.17060187,0.71303004,-1.47760057,0.15876642,0.67098284,-1.60351372,0.38580412,0.01985858,0.00186179,0.30780497,0.15559992,0.18460299,-0.29008976,0.37513658,-0.14404220,-0.29087372,-0.17027738,0.18723774,-0.26561050,-0.20184070,-0.19406359,-0.28293535,3.45698567,-0.28278495,0.00270510,0.02855404,-0.09427525,0.99513292,3.64448352,-0.13068579,0.01771522,3.79839917,-0.49471049,0.01693125,3.32489844,-0.06690229,0.04219447,3.22229309,-0.43549297,0.02486962,-0.17340900,2.03813791,-1.34238589,0.06561354,1.59183133,0.40949878,-0.04545971,1.53120601,-0.05012750,0.43536907,-3.49916506,0.58284402
0.42220836,0.01221622,0.00579230,-0.04216019,-0.22110365,0.08207715,-0.00935060,0.05487694,-1.34862585,0.14817777,0.88380206,-1.58520939,-0.17125652,0.72804865,-1.47869799,0.16332175,0.63667271,-1.59580417,0.38580412,0.01985858,0.00186179,0.30763451,0.15045018,0.18491890,-0.28917388,0.37111757,-0.14452979,-0.29093523,-0.16054307,0.18846228,-0.26567868,-0.20575737,-0.19424330,-0.28295779,3.46107827,-0.28344260,0.00259011,0.02745751,-0.09387687,0.99520174,3.64345355,-0.12991896,0.01846063,3.79862328,-0.49482017,0.01669929,3.33860855,-0.06828388,0.04195583,3.22262774,-0.43578400,0.02467673,-0.17994493,2.00074723,-1.25023780,0.12085024,1.84960296,0.25596749,-0.06694314,1.53011544,-0.11269118,0.46468640,-3.49553285,0.78835748
0.39004071,0.01823012,-0.00349843,-0.04578965,-0.24120124,0.07343222,-0.01119073,0.07446107,-1.36044726,0.15020216,0.90392778,-1.58684628,-0.17209334,0.74340075,-1.48049753,0.16846910,0.60164587,-1.58566694,0.38580412,0.01985858,0.00186179,0.30738829,0.14552476,0.18536154,-0.28739640,0.36717068,-0.14504145,-0.29089652,-0.15078078,0.18986228,-0.26576676,-0.20957076,-0.19444789,-0.28287219,3.46506119,-0.28401423,0.00246262,0.02621214,-0.09350234,0.99527090,3.64256311,-0.12899995,0.01999189,3.79879341,-0.49490313,0.01649176,3.35228043,-0.06939123,0.04162153,3.22294159,-0.43602733,0.02451609,-0.17938586,1.90274255,-1.14580593,0.20449187,1.96408436,-0.20716985,-0.08242105,1.49519045,-0.18069942,0.50612513,-3.41054988,1.00611650
0.39995158,0.02760505,-0.00853180,-0.05349301,-0.28287426,0.07362827,-0.01307932,0.09383633,-1.37181153,0.15310085,0.92365854,-1.59468598,-0.17306596,0.75902694,-1.48292718,0.17433194,0.56606351,-1.57290821,0.38580412,0.01985858,0.00186179,0.30711840,0.14188408,0.18590528,-0.28465028,0.36331996,-0.14557028,-0.29075924,-0.14105535,0.19147956,-0.26588020,-0.21328734,-0.19466501,-0.28268701,3.46888681,-0.28447310,0.00232547,0.02484712,-0.09315166,0.99533913,3.64280186,-0.12812279,0.02246812,3.79888697,-0.49492972,0.01635917,3.36581006,-0.07014574,0.04123820,3.22318306,-0.43618211,0.02443139,-0.19701111,2.01581068,-1.17950141,0.30864773,2.03593366,-0.87381899,-0.10254867,1.62950146,-0.25759935,0.61708574,-3.71032486,1.35281973
0.35083725,0.03144829,-0.01435851,-0.05256410,-0.27897109,0.06181821,-0.01499328,0.11291869,-1.38265724,0.15641982,0.93884614,-1.60722189,-0.17424112,0.77477793,-1.48575234,0.18083551,0.53026065,-1.55754199,0.38580412,0.01985858,0.00186179,0.30679923,0.14048143,0.18647600,-0.28143968,0.35958061,-0.14610979,-0.29053398,-0.13144717,0.19329932,-0.26603931,-0.21690037,-0.19491950,-0.28242591,3.47258182,-0.28483775,0.00217948,0.02337018,-0.09282809,0.99540546,3.64512120,-0.12755300,0.02535955,3.79894553,-0.49491634,0.01626525,3.37914329,-0.07056636,0.04075992,3.22338000,-0.43629016,0.02437332,-0.18183963,1.80821295,-1.02426183,0.31659263,1.38285229,-1.22137039,-0.11385353,1.49552758,-0.27102962,0.62266178,-3.39855213,1.48211951
0.37302391,0.04197274,-0.02429010,-0.06263608,-0.33355629,0.06187347,-0.01695512,0.13172379,-1.39290643,0.15954266,0.94547117,-1.62003148,-0.17577028,0.79063869,-1.48894310,0.18782389,0.49478865,-1.53983760,0.38580412,0.01985858,0.00186179,0.30641881,0.14169121,0.18702224,-0.27862316,0.35594924,-0.14666661,-0.29023207,-0.12206353,0.19528207,-0.26626091,-0.22040028,-0.19525591,-0.28207964,3.47617574,-0.28511213,0.00202339,0.02176781,-0.09253196,0.99546969,3.64991017,-0.12740966,0.02779564,3.79899402,-0.49487225,0.01618674,3.39219661,-0.07067775,0.04015789,3.22356315,-0.43640004,0.02433917,-0.20523345,1.95491672,-1.05845928,0.32018310,0.54936856,-1.31970632,-0.16517004,1.65403628,-0.33812222,0.73456949,-3.68772435,1.87765050
0.35704814,0.04862010,-0.03224575,-0.06712194,-0.35858116,0.05548728,-0.01914892,0.15033850,-1.40246737,0.16231285,0.94103010,-1.62879148,-0.17778606,0.80688109,-1.49270179,0.19515023,0.46053194,-1.51998849,0.38580412,0.01985858,0.00186179,0.30596261,0.14547904,0.18761290,-0.27683857,0.35242518,-0.14729317,-0.28982791,-0.11309468,0.19739781,-0.26657912,-0.22380299,-0.19570409,-0.28161595,3.47969437,-0.28528537,0.00185248,0.01998777,-0.09226399,0.99553223,3.65717464,-0.12760370,0.02912404,3.79904781,-0.49483767,0.01613470,3.40480323,-0.07046540,0.03938349,3.22373720,-0.43652622,0.02434666,-0.22389652,1.89585183,-0.97308425,0.28224073,-0.46307708,-0.88672633,-0.20582542,1.65505340,-0.38345255,0.74636931,-3.48714581,2.02386911
0.33617978,0.05373288,-0.03892722,-0.07062657,-0.37844668,0.04808672,-0.02165530,0.16891577,-1.41150849,0.16528663,0.92928870,-1.63378873,-0.18018688,0.82370315,-1.49688218,0.20254969,0.42780002,-1.49846830,0.38580412,0.01985858,0.00186179,0.30544217,0.15080894,0.18837209,-0.27572142,0.34897445,-0.14801153,-0.28931684,-0.10458803,0.19958025,-0.26704896,-0.22719629,-0.19623599,-0.28106806,3.48317995,-0.28537860,0.00166669,0.01803173,-0.09201902,0.99559258,3.66596027,-0.12783896,0.02972075,3.79911399,-0.49484522,0.01612533,3.41694417,-0.07000972,0.03839320,3.22386499,-0.43664812,0.02437410,-0.24555000,1.80644391,-0.87529024,0.29338548,-1.18312436,-0.46375989,-0.23638879,1.64056818,-0.40879845,0.71889458,-3.16935635,2.10565131
0.35794996,0.06364354,-0.04909843,-0.08239979,-0.44264037,0.04293682,-0.02426410,0.18759246,-1.42009585,0.16884242,0.91343716,-1.63663251,-0.18295368,0.84114909,-1.50131376,0.20987674,0.39682354,-1.47539101,0.38580412,0.01985858,0.00186179,0.30486571,0.15705381,0.18934506,-0.27480567,0.34556331,-0.14876460,-0.28872802,-0.09659937,0.20180238,-0.26772545,-0.23061943,-0.19684696,-0.28045958,3.48665395,-0.28540785,0.00146588,0.01589579,-0.09181249,0.99564835,3.67568531,-0.12797662,0.03006004,3.79918495,-0.49485781,0.01613769,3.42858768,-0.06934318,0.03714026,3.22392564,-0.43676136,0.02440613,-0.27107199,1.94707913,-0.89062446,0.37611794,-1.67442999,-0.28448997,-0.29136910,1.82264733,-0.46329793,0.76247264,-3.20951552,2.41620827
0.32565696,0.06189321,-0.05045500,-0.08149957,-0.43860016,0.02229134,-0.02668556,0.20651221,-1.42825005,0.17282570,0.89597803,-1.63850720,-0.18602321,0.85917311,-1.50592129,0.21731553,0.36826056,-1.45160527,0.38580412,0.01985858,0.00186179,0.30424465,0.16370188,0.19044729,-0.27381541,0.34215278,-0.14947266,-0.28810655,-0.08923706,0.20410851,-0.26852655,-0.23406669,-0.19751745,-0.27981230,3.49013048,-0.28539389,0.00125002,0.01357434,-0.09168858,0.99569442,3.68585921,-0.12804479,0.03042924,3.79923244,-0.49483739,0.01613810,3.43966871,-0.06842121,0.03571810,3.22392907,-0.43684413,0.02443235,-0.22730619,1.79832582,-0.76990260,0.38051846,-1.66498313,-0.17134779,-0.29376812,1.71580949,-0.43883755,0.70839895,-2.68510976,2.25933695
0.35795046,0.07095730,-0.06086988,-0.09752904,-0.52508940,-0.00640192,-0.02885247,0.22576132,-1.43600428,0.17665116,0.87821150,-1.63951945,-0.18936215,0.87778085,-1.51066709,0.22528626,0.34329423,-1.42892766,0.38580412,0.01985858,0.00186179,0.30358884,0.17040592,0.19151259,-0.27275509,0.33872829,-0.15011681,-0.28745566,-0.08267024,0.20658103,-0.26922435,-0.23753576,-0.19823539,-0.27914214,3.49361797,-0.28535266,0.00101776,0.01105126,-0.09170074,0.99572476,3.69613548,-0.12818426,0.03083375,3.79923148,-0.49480979,0.01613317,3.45006819,-0.06714746,0.03436449,3.22387190,-0.43687020,0.02444670,-0.22202939,2.01024103,-0.80196553,0.39360669,-1.85195351,-0.09170174,-0.35184619,1.94712722,-0.49623844,0.83982193,-2.54226828,2.33794737
0.35014144,0.07111945,-0.06409167,-0.10428961,-0.56079719,-0.04271635,-0.03077037,0.24544450,-1.44338100,0.17965767,0.86032262,-1.63903093,-0.19316486,0.89709466,-1.51546893,0.23385416,0.32378390,-1.41010122,0.38580412,0.01985858,0.00186179,0.30290282,0.17705040,0.19237809,-0.27176175,0.33529346,-0.15069849,-0.28673885,-0.07716461,0.20918168,-0.26955889,-0.24103940,-0.19904863,-0.27844658,3.49711480,-0.28529353,0.00076288,0.00826612,-0.09190962,0.99573275,3.70638810,-0.12857447,0.03114107,3.79915819,-0.49482045,0.01616397,3.45954414,-0.06552139,0.03334393,3.22371264,-0.43685740,0.02445624,-0.19499315,2.00526195,-0.75084497,0.30506335,-1.82271199,0.05184280,-0.38792176,1.96799765,-0.48915278,0.87286528,-1.98008354,1.91127849
0.33242599,0.06762511,-0.06473207,-0.10982128,-0.58839889,-0.08016725,-0.03239885,0.26548798,-1.45034678,0.18182726,0.84168479,-1.63690867,-0.19739257,0.91708148,-1.52038479,0.24243948,0.30974943,-1.39617105,0.38580412,0.01985858,0.00186179,0.30220169,0.18380778,0.19304906,-0.27089105,0.33186359,-0.15120465,-0.28596641,-0.07265961,0.21171907,-0.26953337,-0.24456184,-0.19994311,-0.27772836,3.50059915,-0.28523585,0.00048389,0.00522268,-0.09230615,0.99571686,3.71676216,-0.12926536,0.03131064,3.79901190,-0.49486914,0.01623528,3.46809736,-0.06376798,0.03266832,3.22345009,-0.43681468,0.02447332,-0.15552001,1.95126929,-0.67312518,0.20500297,-1.82236733,0.22041996,-0.41369076,1.94908781,-0.47995847,0.83203839,-1.31854966,1.31174927
0.35138555,0.06955005,-0.07133205,-0.12859722,-0.68520549,-0.12624643,-0.03366112,0.28584450,-1.45675175,0.18336439,0.82147875,-1.63287148,-0.20192105,0.93784857,-1.52561224,0.25039874,0.30163845,-1.38759906,0.38580412,0.01985858,0.00186179,0.30150278,0.19089461,0.19358976,-0.27014668,0.32844165,-0.15161352,-0.28516539,-0.06926231,0.21401559,-0.26928370,-0.24809479,-0.20087289,-0.27698131,3.50404024,-0.28520042,0.00017809,0.00191294,-0.09289416,0.99567414,3.72745152,-0.13026448,0.03135610,3.79876714,-0.49495417,0.01633739,3.47556305,-0.06206595,0.03221907,3.22306872,-0.43671261,0.02452147,-0.12806309,2.12309575,-0.66165620,0.15583559,-2.12193274,0.43930112,-0.47398841,2.17060738,-0.54797530,0.82001423,-0.79035758,0.84514614
0.31242348,0.05855268,-0.06405370,-0.12671863,-0.67009629,-0.15019011,-0.03457096,0.30649154,-1.46252973,0.18461038,0.79926984,-1.62654066,-0.20668910,0.95936131,-1.53115804,0.25687422,0.29966139,-1.38398178,0.38580412,0.01985858,0.00186179,0.30083450,0.19839027,0.19410146,-0.26951897,0.32501378,-0.15192803,-0.28435998,-0.06710111,0.21586826,-0.26910253,-0.25163506,-0.20181557,-0.27620505,3.50740090,-0.28520433,-0.00015477,-0.00164160,-0.09366469,0.99560243,3.73851128,-0.13150961,0.03131553,3.79837642,-0.49508365,0.01647452,3.48173790,-0.06060898,0.03173197,3.22254124,-0.43654734,0.02462945,-0.08330282,1.96222243,-0.54251319,0.11686633,-2.12691512,0.62341592,-0.45463762,2.04807034,-0.52881374,0.59758662,-0.13066282,0.30017627
0.32898440,0.05679493,-0.06433951,-0.14841836,-0.77727497,-0.19906220,-0.03523434,0.32739264,-1.46766901,0.18594061,0.77518600,-1.61770844,-0.21156396,0.98138630,-1.53685045,0.26106551,0.30368096,-1.38436413,0.38580412,0.01985858,0.00186179,0.30023903,0.20622711,0.19468984,-0.26897182,0.32156095,-0.15217700,-0.28356674,-0.06625339,0.21710510,-0.26931814,-0.25516677,-0.20273675,-0.27543047,3.51063199,-0.28525759,-0.00051272,-0.00539594,-0.09459302,0.99550127,3.74983640,-0.13289287,0.03126721,3.79777713,-0.49527414,0.01667229,3.48645397,-0.05955965,0.03092089,3.22184820,-0.43630789,0.02480856,-0.06592599,2.18077731,-0.52580237,0.14121272,-2.53549957,0.95762306,-0.50866413,2.30085850,-0.59442222,0.39992478,0.50700825,-0.09542703
0.30409234,0.04840027,-0.05177798,-0.15123547,-0.78354402,-0.21850158,-0.03579322,0.34850008,-1.47217419,0.18769656,0.74953740,-1.60631425,-0.21624983,1.00375698,-1.54254234,0.26237390,0.31391451,-1.38868120,0.38580412,0.01985858,0.00186179,0.29978553,0.21430886,0.19544113,-0.26842865,0.31805914,-0.15239754,-0.28279409,-0.06680957,0.21757213,-0.27008746,-0.25868951,-0.20354937,-0.27469730,3.51366220,-0.28536148,-0.00089368,-0.00929409,-0.09565686,0.99537058,3.76126948,-0.13431129,0.03135688,3.79687691,-0.49554248,0.01699144,3.48951083,-0.05904784,0.02969807,3.22094236,-0.43591945,0.02508823,-0.05692384,2.15000308,-0.45836765,0.17939739,-2.61364894,1.16290915,-0.47706911,2.27865644,-0.57938365,0.13056496,1.04847217,-0.44462546
0.29531452,0.04994284,-0.04650593,-0.14672029,-0.75080049,-0.22797637,-0.03636781,0.36972149,-1.47637618,0.18983345,0.72298391,-1.59325130,-0.22094873,1.02610347,-1.54774225,0.26197248,0.32846727,-1.39686635,0.38580412,0.01985858,0.00186179,0.29938753,0.22250842,0.19632547,-0.26782933,0.31449405,-0.15262335,-0.28203751,-0.06826110,0.21751895,-0.27097334,-0.26225426,-0.20433212,-0.27399298,3.51674238,-0.28544858,-0.00128610,-0.01321278,-0.09681201,0.99521415,3.77291718,-0.13568824,0.03155819,3.79592486,-0.49582333,0.01735001,3.49168377,-0.05885172,0.02841418,3.22002378,-0.43540519,0.02539455,-0.05628870,2.06379144,-0.40750504,0.21007085,-2.58735814,1.28051836,-0.46012624,2.16947398,-0.49706302,-0.04607141,1.44233904,-0.82936486
0.33159408,0.06318157,-0.05479573,-0.15437649,-0.78024947,-0.26457270,-0.03701730,0.39096444,-1.48053789,0.19219990,0.69578967,-1.57908494,-0.22627822,1.04776821,-1.55144441,0.26108845,0.34609219,-1.40935736,0.38580412,0.01985858,0.00186179,0.29897438,0.23076424,0.19728552,-0.26715800,0.31084358,-0.15286947,-0.28130719,-0.07025506,0.21720738,-0.27150268,-0.26592441,-0.20528182,-0.27330390,3.51998191,-0.28548374,-0.00167868,-0.01702532,-0.09806129,0.99503332,3.78481803,-0.13704000,0.03181637,3.79500461,-0.49609076,0.01766718,3.49347849,-0.05874074,0.02747170,3.21910110,-0.43490648,0.02567047,-0.06857738,2.21235814,-0.43420491,0.24781152,-2.83742828,1.48288596,-0.56335922,2.24719338,-0.36716460,-0.09157359,1.85870142,-1.34047263
0.32081733,0.06891092,-0.05745485,-0.13174877,-0.65698064,-0.25996329,-0.03779741,0.41201701,-1.48488736,0.19466720,0.66815495,-1.56442134,-0.23244821,1.06802011,-1.55275009,0.26031309,0.36625979,-1.42612190,0.38580412,0.01985858,0.00186179,0.29851413,0.23901144,0.19826738,-0.26641348,0.30709932,-0.15315002,-0.28062808,-0.07272375,0.21677635,-0.27147432,-0.26975053,-0.20648501,-0.27265003,3.52343803,-0.28545199,-0.00205577,-0.02056789,-0.09940807,0.99483203,3.79695545,-0.13839878,0.03210066,3.79416099,-0.49634059,0.01788605,3.49504643,-0.05857174,0.02703981,3.21816325,-0.43447791,0.02586410,-0.07543769,1.99530864,-0.41530034,0.23478303,-2.62622471,1.39412282,-0.59281682,1.90658937,-0.09945764,-0.07222494,1.93754382,-1.62974007
0.37638966,0.08872138,-0.06942054,-0.12504638,-0.61426458,-0.29409244,-0.03877719,0.43252718,-1.48967731,0.19723625,0.64011860,-1.54981661,-0.23921065,1.08612704,-1.55120218,0.25934178,0.38908920,-1.44633305,0.38580412,0.01985858,0.00186179,0.29802331,0.24719645,0.19925193,-0.26560697,0.30327416,-0.15348265,-0.28002886,-0.07588863,0.21618093,-0.27105081,-0.27372794,-0.20790135,-0.27205078,3.52713986,-0.28535683,-0.00239519,-0.02363371,-0.10080147,0.99462293,3.80928631,-0.13975191,0.03241634,3.79345389,-0.49656521,0.01799445,3.49616714,-0.05834589,0.02697250,3.21726604,-0.43411223,0.02597253,-0.10532001,2.12693572,-0.50652027,0.26933289,-2.92658043,1.51853251,-0.71210968,1.85139465,0.20496546,-0.10613724,2.41841745,-2.15227890
0.39019873,0.09610826,-0.06817358,-0.09211027,-0.44679775,-0.26232867,-0.04015708,0.45194209,-1.49538805,0.20005522,0.61133897,-1.53578098,-0.24641187,1.10078514,-1.54598999,0.25767750,0.41389951,-1.46780772,0.38580412,0.01985858,0.00186179,0.29755331,0.25529497,0.20024643,-0.26476341,0.29938172,-0.15391783,-0.27954070,-0.07993046,0.21536708,-0.27054020,-0.27783706,-0.20953457,-0.27149763,3.53110934,-0.28521731,-0.00265570,-0.02586927,-0.10207970,0.99443625,3.82176247,-0.14101290,0.03278990,3.79297748,-0.49674790,0.01801261,3.49659996,-0.05810289,0.02701311,3.21649723,-0.43393648,0.02605569,-0.14120249,1.97587042,-0.58310695,0.28749223,-2.93250546,1.42860801,-0.73309702,1.48853981,0.53499935,-0.17032655,2.52695866,-2.18568645
0.39019107,0.09566702,-0.06028146,-0.04924343,-0.23634500,-0.19328001,-0.04205667,0.47014495,-1.50225236,0.20315727,0.58154278,-1.52246745,-0.25298880,1.11218474,-1.53784738,0.25541886,0.43817015,-1.48763885,0.38580412,0.01985858,0.00186179,0.29714690,0.26334020,0.20125572,-0.26393055,0.29543661,-0.15449220,-0.27915246,-0.08443092,0.21443326,-0.27014026,-0.28205311,-0.21111492,-0.27101762,3.53525534,-0.28508118,-0.00281846,-0.02718225,-0.10309219,0.99429633,3.83428374,-0.14213384,0.03321635,3.79271159,-0.49689928,0.01799444,3.49661389,-0.05788734,0.02700664,3.21588936,-0.43383883,0.02612928,-0.18924928,1.75965385,-0.67755182,0.30382176,-2.90638118,1.28851531,-0.62748393,1.08399193,0.81111786,-0.22385221,2.34491081,-1.90560222
0.43006438,0.10223250,-0.05697560,-0.00933941,-0.04480487,-0.12947750,-0.04452494,0.48706604,-1.51038711,0.20651266,0.55046413,-1.50983546,-0.25802057,1.12058592,-1.52741308,0.25264292,0.46010352,-1.50433264,0.38580412,0.01985858,0.00186179,0.29682184,0.27135266,0.20226021,-0.26315899,0.29143134,-0.15521749,-0.27887550,-0.08905551,0.21343102,-0.26989361,-0.28637917,-0.21240179,-0.27062079,3.53951412,-0.28497517,-0.00286816,-0.02748699,-0.10374330,0.99422008,3.84677697,-0.14309141,0.03366285,3.79262362,-0.49701355,0.01794633,3.49643879,-0.05775676,0.02692823,3.21545477,-0.43367988,0.02620105,-0.26210890,1.75101378,-0.85855418,0.35144758,-3.24978375,1.31041694,-0.50986184,0.84910985,1.10543666,-0.29354393,2.25813527,-1.70721102
0.39782669,0.09128851,-0.04482033,0.03168751,0.14977129,-0.03551129,-0.04752741,0.50269217,-1.51964409,0.21001850,0.51789770,-1.49767396,-0.26184994,1.12611494,-1.51516013,0.24944962,0.47883580,-1.51740155,0.38580412,0.01985858,0.00186179,0.29656953,0.27936208,0.20322411,-0.26249769,0.28736187,-0.15608179,-0.27873481,-0.09361206,0.21239675,-0.26978611,-0.29077019,-0.21348131,-0.27018731,3.54382940,-0.28490226,-0.00280082,-0.02678188,-0.10397438,0.99421538,3.85919314,-0.14387418,0.03407184,3.79268093,-0.49706088,0.01783472,3.49618683,-0.05773319,0.02678342,3.21518221,-0.43360531,0.02638222,-0.28972641,1.47107475,-0.88804137,0.33366839,-3.10523925,1.15080380,-0.35505983,0.49843789,1.17795169,-0.30642087,1.74664493,-1.20627518
0.43874150,0.09566456,-0.04258210,0.07622183,0.36081188,0.06140172,-0.05100322,0.51713532,-1.52975237,0.21354680,0.48366952,-1.48557091,-0.26471078,1.12925541,-1.50225413,0.24602930,0.49430630,-1.52691770,0.38580412,0.01985858,0.00186179,0.29636785,0.28741363,0.20411076,-0.26198622,0.28322100,-0.15706619,-0.27874283,-0.09804641,0.21138271,-0.26979142,-0.29510066,-0.21438301,-0.26957536,3.54815526,-0.28487004,-0.00262446,-0.02515094,-0.10375176,0.99428171,3.87151571,-0.14449261,0.03438164,3.79284878,-0.49702330,0.01762503,3.49586077,-0.05779949,0.02657644,3.21515270,-0.43371145,0.02679250,-0.36885774,1.48753810,-1.06458366,0.36739555,-3.59077001,1.26171100,-0.28321147,0.29428303,1.34830165,-0.35885718,1.56360483,-0.93914562
0.42841376,0.08476023,-0.03637707,0.10444877,0.49696718,0.14284528,-0.05489542,0.53069035,-1.54067366,0.21704899,0.44741629,-1.47257178,-0.26579044,1.13095913,-1.49054878,0.24258185,0.50676810,-1.53298752,0.38580412,0.01985858,0.00186179,0.29620247,0.29556012,0.20491541,-0.26169297,0.27897433,-0.15815164,-0.27887203,-0.10239240,0.21044278,-0.26989731,-0.29923436,-0.21484038,-0.26871847,3.55245481,-0.28491941,-0.00235103,-0.02268097,-0.10306452,0.99441327,3.88375750,-0.14497428,0.03450950,3.79306498,-0.49692264,0.01733043,3.49539728,-0.05795068,0.02630516,3.21552053,-0.43382502,0.02748400,-0.39678119,1.38003623,-1.11323199,0.35679025,-3.69480615,1.32611055,-0.10755095,0.17284949,1.19014052,-0.35099469,1.26665862,-0.61504704
0.40849562,0.06991004,-0.02894253,0.11983208,0.57529858,0.18794056,-0.05902586,0.54384958,-1.55219996,0.22067008,0.40941650,-1.45774682,-0.26508409,1.13225942,-1.48031318,0.23927988,0.51738886,-1.53678672,0.38580412,0.01985858,0.00186179,0.29606822,0.30379996,0.20571417,-0.26161910,0.27464735,-0.15928683,-0.27903569,-0.10670571,0.20959741,-0.27005368,-0.30322955,-0.21481793,-0.26771604,3.55672508,-0.28506313,-0.00202420,-0.01970852,-0.10212165,0.99457460,3.89599018,-0.14537806,0.03444912,3.79327221,-0.49683875,0.01703252,3.49483919,-0.05815496,0.02601454,3.21616845,-0.43377792,0.02835218,-0.40289492,1.27689836,-1.12423902,0.35407196,-3.70772090,1.46015487,0.08207609,0.12536645,0.98536810,-0.31900355,1.02041461,-0.35393437
0.43887931,0.06542992,-0.02217181,0.14026750,0.68016243,0.21669678,-0.06326083,0.55670755,-1.56405447,0.22462157,0.36981109,-1.44029830,-0.26294590,1.13351762,-1.47122514,0.23628784,0.52654796,-1.53870025,0.38580412,0.01985858,0.00186179,0.29598820,0.31211741,0.20659001,-0.26177268,0.27028829,-0.16043356,-0.27920175,-0.11096891,0.20888135,-0.27023955,-0.30715681,-0.21440070,-0.26661334,3.56098314,-0.28529055,-0.00166886,-0.01641539,-0.10109332,0.99474011,3.90828057,-0.14571545,0.03421551,3.79346962,-0.49682003,0.01678644,3.49430533,-0.05835533,0.02574865,3.21697355,-0.43351460,0.02937485,-0.44133353,1.33680246,-1.23624206,0.41546484,-4.13906918,1.84395301,0.23245289,0.13176203,0.93740219,-0.30824541,0.94186062,-0.18318891
0.40399210,0.05641361,-0.00599897,0.13317555,0.65230727,0.18443985,-0.06739060,0.56932678,-1.57590301,0.22905439,0.32879302,-1.41969130,-0.26034913,1.13482635,-1.46318033,0.23364639,0.53448167,-1.53891721,0.38580412,0.01985858,0.00186179,0.29602173,0.32049189,0.20760312,-0.26215126,0.26592409,-0.16153438,-0.27938214,-0.11516368,0.20830180,-0.27046867,-0.31099094,-0.21383690,-0.26533438,3.56526847,-0.28555495,-0.00130269,-0.01294078,-0.10012187,0.99489017,3.92069960,-0.14597408,0.03387047,3.79367380,-0.49683672,0.01663959,3.49391909,-0.05848320,0.02555306,3.21790567,-0.43313770,0.03068735,-0.39009299,1.19578893,-1.12333102,0.42551099,-3.90530434,1.98640296,0.24631960,0.12448298,0.75381731,-0.24767668,0.74261066,-0.00565118
0.44847214,0.06078280,0.00918173,0.14839279,0.73358779,0.17226858,-0.07117845,0.58182096,-1.58746064,0.23395103,0.28649780,-1.39565766,-0.25814277,1.13579535,-1.45610094,0.23116033,0.54167098,-1.53789043,0.38580412,0.01985858,0.00186179,0.29617521,0.32892185,0.20875769,-0.26274913,0.26154252,-0.16252653,-0.27961463,-0.11933748,0.20779559,-0.27075371,-0.31458206,-0.21336047,-0.26385041,3.56959601,-0.28583149,-0.00093566,-0.00937722,-0.09928238,0.99501467,3.93328185,-0.14618207,0.03342608,3.79386802,-0.49683250,0.01656058,3.49367018,-0.05855257,0.02542150,3.21905775,-0.43282638,0.03232481,-0.38863531,1.30007410,-1.19861960,0.51664186,-4.42439651,2.55519128,0.22178142,0.09368359,0.72355562,-0.25766715,0.74003631,0.12326240
0.44282323,0.06048351,0.02105796,0.14552649,0.72505708,0.14250440,-0.07452629,0.59424897,-1.59846060,0.23919378,0.24278627,-1.36763849,-0.25575933,1.13517497,-1.45000224,0.22853920,0.54865224,-1.53615460,0.38580412,0.01985858,0.00186179,0.29643136,0.33744268,0.21002536,-0.26358614,0.25712290,-0.16338820,-0.27993079,-0.12357438,0.20726764,-0.27108749,-0.31753179,-0.21286772,-0.26243583,3.57397247,-0.28610212,-0.00057147,-0.00576558,-0.09858791,0.99511148,3.94606619,-0.14637211,0.03284522,3.79403715,-0.49676636,0.01650057,3.49347010,-0.05861615,0.02534387,3.22084484,-0.43252612,0.03399554,-0.34067529,1.26571188,-1.11959776,0.53440664,-4.45361662,2.85825324,0.24434758,-0.06630686,0.61981409,-0.26729571,0.71099992,0.17730129
0.42629134,0.06119682,0.03046046,0.13871206,0.69598055,0.12006851,-0.07770084,0.60658904,-1.60884840,0.24484460,0.19806608,-1.33640776,-0.25187640,1.13194635,-1.44503193,0.22564875,0.55556259,-1.53403215,0.38580412,0.01985858,0.00186179,0.29675833,0.34602074,0.21140561,-0.26455727,0.25267496,-0.16419759,-0.28030462,-0.12786522,0.20667243,-0.27145796,-0.31949512,-0.21204474,-0.26147024,3.57839122,-0.28634281,-0.00021046,-0.00213413,-0.09797093,0.99518697,3.95899353,-0.14646942,0.03220106,3.79419718,-0.49665988,0.01645371,3.49328165,-0.05870413,0.02530037,3.22368069,-0.43201554,0.03528809,-0.30845032,1.19884410,-1.00445749,0.55437336,-4.35307055,3.05879111,0.39531391,-0.33955774,0.47212640,-0.28355991,0.67069230,0.20953218
0.45918389,0.06993267,0.04200335,0.14720548,0.74309454,0.12351739,-0.08091262,0.61882997,-1.61849592,0.25123357,0.15311152,-1.30281248,-0.24540745,1.12533667,-1.44168267,0.22244561,0.56229526,-1.53148141,0.38580412,0.01985858,0.00186179,0.29714387,0.35451897,0.21296999,-0.26552734,0.24820164,-0.16501716,-0.28071837,-0.13216913,0.20599677,-0.27187829,-0.32013345,-0.21061399,-0.26123336,3.58284469,-0.28654245,0.00014516,0.00148721,-0.09738067,0.99524609,3.97192107,-0.14633015,0.03161653,3.79435268,-0.49654027,0.01642550,3.49311185,-0.05883351,0.02526558,3.22795835,-0.43110858,0.03591051,-0.33561510,1.27435765,-0.99772807,0.67341323,-4.67973728,3.51506448,0.70101355,-0.72045025,0.33175646,-0.33635867,0.69933826,0.26985108
0.41946224,0.06670068,0.04557952,0.13133251,0.66703988,0.11352893,-0.08425808,0.63103278,-1.62730758,0.25850085,0.10924762,-1.26823664,-0.23586602,1.11555870,-1.44075880,0.21903149,0.56881973,-1.52848263,0.38580412,0.01985858,0.00186179,0.29757521,0.36268229,0.21474042,-0.26639142,0.24369392,-0.16587629,-0.28116067,-0.13646004,0.20526718,-0.27234401,-0.31933216,-0.20840363,-0.26175505,3.58731990,-0.28670800,0.00049167,0.00505850,-0.09678528,0.99529231,3.98458004,-0.14586671,0.03118379,3.79448972,-0.49642766,0.01641453,3.49296413,-0.05899558,0.02523119,3.23381858,-0.42968324,0.03582015,-0.31885504,1.15809393,-0.82836484,0.69780996,-4.14769268,3.28529286,0.93420988,-0.95449654,0.06170107,-0.32534501,0.61738757,0.28863981
0.46047703,0.07433107,0.05666031,0.13990503,0.71513918,0.12083161,-0.08767840,0.64325106,-1.63530087,0.26646435,0.06785996,-1.23389065,-0.22398448,1.10401285,-1.44322526,0.21561532,0.57518244,-1.52510750,0.38580412,0.01985858,0.00186179,0.29803896,0.37020923,0.21667569,-0.26718319,0.23915152,-0.16675920,-0.28162381,-0.14072983,0.20453773,-0.27282070,-0.31729922,-0.20551990,-0.26267859,3.59180327,-0.28685753,0.00082659,0.00855206,-0.09620240,0.99532471,3.99665709,-0.14509500,0.03085577,3.79459019,-0.49633197,0.01641515,3.49285145,-0.05915354,0.02521826,3.24101658,-0.42780407,0.03536037,-0.35697779,1.27308810,-0.82068139,0.83883476,-4.26947308,3.57048202,1.26798999,-1.22249126,-0.31085312,-0.35504621,0.66059077,0.35682318
0.44922847,0.07339198,0.06098876,0.13271455,0.68224310,0.09825889,-0.09102988,0.65543002,-1.64241457,0.27462258,0.03035013,-1.20024524,-0.21189790,1.09233782,-1.44983428,0.21227927,0.58142296,-1.52134650,0.38580412,0.01985858,0.00186179,0.29853133,0.37671883,0.21869431,-0.26814588,0.23459229,-0.16762776,-0.28211323,-0.14498689,0.20382836,-0.27329604,-0.31436170,-0.20245096,-0.26338448,3.59628325,-0.28699353,0.00114903,0.01194990,-0.09571713,0.99533618,4.00777459,-0.14409795,0.03038545,3.79463172,-0.49625531,0.01641810,3.49279676,-0.05927057,0.02523529,3.24910174,-0.42582677,0.03514685,-0.34124825,1.24027791,-0.72342948,0.83043969,-3.81573772,3.42632384,1.22879870,-1.18867955,-0.67717495,-0.33986584,0.63555965,0.38348302
0.42650762,0.07335080,0.06379842,0.12143898,0.62708937,0.06213628,-0.09432624,0.66745926,-1.64863081,0.28228741,-0.00367631,-1.16693354,-0.20176294,1.08079631,-1.45914156,0.20883150,0.58768421,-1.51732762,0.38580412,0.01985858,0.00186179,0.29905069,0.38228571,0.22066145,-0.26947697,0.23004947,-0.16848694,-0.28262878,-0.14924606,0.20308564,-0.27380153,-0.31087234,-0.19981321,-0.26359757,3.60075264,-0.28709369,0.00145961,0.01523272,-0.09538135,0.99532318,4.01798787,-0.14304996,0.02957372,3.79461713,-0.49620411,0.01642191,3.49279180,-0.05936004,0.02524916,3.25759049,-0.42423108,0.03545312,-0.32054037,1.16792221,-0.59612991,0.73885322,-3.28197336,3.23722568,0.96475732,-1.12503176,-0.91930232,-0.33705581,0.61004560,0.39162238
0.45329223,0.08368401,0.07380584,0.12218910,0.63255751,0.03614133,-0.09764740,0.67929353,-1.65374811,0.28911513,-0.03455931,-1.13389559,-0.19402276,1.06842582,-1.46961799,0.20516140,0.59421003,-1.51332247,0.38580412,0.01985858,0.00186179,0.29959646,0.38702706,0.22250211,-0.27117805,0.22554675,-0.16936343,-0.28316332,-0.15350841,0.20227052,-0.27434172,-0.30681517,-0.19778631,-0.26350585,3.60520253,-0.28713906,0.00175309,0.01833012,-0.09519281,0.99528853,4.02738891,-0.14203290,0.02841842,3.79455691,-0.49618505,0.01643314,3.49281812,-0.05943764,0.02525474,3.26645880,-0.42318189,0.03609061,-0.34637859,1.23105490,-0.52249728,0.70328856,-3.19071932,3.43786764,0.78725699,-1.30145245,-1.09401047,-0.38414931,0.68331504,0.41556951
0.40884258,0.07992349,0.07118042,0.10199371,0.52868667,0.01919095,-0.10098512,0.69098135,-1.65766203,0.29514445,-0.06257267,-1.10171027,-0.18782481,1.05411532,-1.47982540,0.20139807,0.60119815,-1.50960572,0.38580412,0.01985858,0.00186179,0.30016105,0.39109663,0.22420227,-0.27307181,0.22108721,-0.17025861,-0.28371154,-0.15776170,0.20141048,-0.27487973,-0.30211801,-0.19618741,-0.26349689,3.60962262,-0.28713702,0.00202340,0.02117945,-0.09508273,0.99524199,4.03609634,-0.14104322,0.02708924,3.79447260,-0.49617777,0.01644951,3.49285112,-0.05949838,0.02528132,3.27582245,-0.42257053,0.03666416,-0.31671263,1.10819590,-0.36017067,0.56545985,-2.63260117,3.04359760,0.57802845,-1.37960620,-0.96228755,-0.35724207,0.66795995,0.34934482
0.44365169,0.08888607,0.08124974,0.10020039,0.52004616,0.03050810,-0.10429348,0.70261902,-1.66036570,0.30057323,-0.08753711,-1.07150602,-0.18221296,1.03716779,-1.48932922,0.19773401,0.60870302,-1.50625169,0.38580412,0.01985858,0.00186179,0.30073583,0.39455203,0.22577801,-0.27495550,0.21665373,-0.17116171,-0.28427148,-0.16199169,0.20055762,-0.27538703,-0.29664632,-0.19476991,-0.26381814,3.61400385,-0.28711270,0.00226574,0.02375024,-0.09494031,0.99519703,4.04412837,-0.14000760,0.02578033,3.79438706,-0.49615113,0.01646435,3.49285479,-0.05954387,0.02534880,3.28588195,-0.42228065,0.03691769,-0.34404916,1.21189654,-0.26367605,0.55733693,-2.55370498,3.11209249,0.57891566,-1.80652726,-0.97948307,-0.37955678,0.78947836,0.34400818
0.42853873,0.08508323,0.08194449,0.08636171,0.44917094,0.06128898,-0.10764841,0.71433939,-1.66175914,0.30532017,-0.10800098,-1.04509821,-0.17672375,1.01715314,-1.49880514,0.19421180,0.61678880,-1.50319722,0.38580412,0.01985858,0.00186179,0.30131951,0.39714062,0.22721008,-0.27677035,0.21221987,-0.17209721,-0.28482141,-0.16619677,0.19972468,-0.27588003,-0.29011219,-0.19338410,-0.26449458,3.61832962,-0.28709198,0.00247142,0.02598933,-0.09463807,0.99516937,4.05117841,-0.13881179,0.02454916,3.79430681,-0.49610575,0.01649810,3.49275809,-0.05962087,0.02543948,3.29696665,-0.42232634,0.03682493,-0.34187931,1.19394064,-0.14053450,0.48232278,-2.07785716,2.68421950,0.55902382,-2.04159808,-0.96609986,-0.35864510,0.82419113,0.31085277
0.40243397,0.07739339,0.08111147,0.07072949,0.36946053,0.09919113,-0.11114024,0.72623166,-1.66212449,0.30905328,-0.12336404,-1.02301869,-0.17132646,0.99495485,-1.50912237,0.19076829,0.62536076,-1.50034821,0.38580412,0.01985858,0.00186179,0.30191831,0.39870317,0.22844590,-0.27868052,0.20776643,-0.17308624,-0.28533263,-0.17037897,0.19889867,-0.27637798,-0.28262752,-0.19198895,-0.26529425,3.62259083,-0.28709152,0.00264285,0.02793906,-0.09414223,0.99516313,4.05705972,-0.13746353,0.02323779,3.79421420,-0.49606796,0.01658568,3.49253207,-0.05977150,0.02554033,3.30897494,-0.42267596,0.03662406,-0.34067669,1.15798116,-0.02780756,0.35220386,-1.44832692,2.10836530,0.52312638,-2.17278008,-1.01203921,-0.33408701,0.83730816,0.27504763
0.42136654,0.07664006,0.09152909,0.06442757,0.33868068,0.14971675,-0.11477691,0.73836243,-1.66152017,0.31129024,-0.13272102,-1.00624323,-0.16619146,0.97105862,-1.52050982,0.18742091,0.63448875,-1.49780998,0.38580412,0.01985858,0.00186179,0.30255088,0.39904110,0.22938031,-0.28081399,0.20327080,-0.17413044,-0.28579856,-0.17454887,0.19808211,-0.27686166,-0.27430314,-0.19061492,-0.26605425,3.62675662,-0.28712621,0.00278004,0.02961091,-0.09344031,0.99518057,4.06152134,-0.13603428,0.02173689,3.79406128,-0.49605103,0.01675233,3.49213038,-0.06001477,0.02568923,3.32176571,-0.42334957,0.03649663,-0.38004833,1.26590874,0.07158219,0.21795332,-0.91751511,1.69432449,0.53184663,-2.50264544,-1.19502544,-0.34772974,0.95653081,0.26083290
0.36914689,0.06032223,0.09081022,0.04897372,0.25974022,0.17473448,-0.11855738,0.75073218,-1.65994132,0.31179740,-0.13542746,-0.99643650,-0.16139134,0.94577330,-1.53262968,0.18416866,0.64434156,-1.49572158,0.38580412,0.01985858,0.00186179,0.30325485,0.39810701,0.22990725,-0.28307726,0.19871553,-0.17522985,-0.28622501,-0.17874657,0.19727206,-0.27730756,-0.26531400,-0.18928129,-0.26669789,3.63076597,-0.28722118,0.00288456,0.03102384,-0.09253913,0.99522144,4.06443663,-0.13465550,0.02017759,3.79376717,-0.49608470,0.01702984,3.49145537,-0.06037507,0.02594728,3.33510208,-0.42434081,0.03655696,-0.36016862,1.17607501,0.15892222,0.03182060,-0.19356339,0.85912709,0.45251256,-2.41180711,-1.15526257,-0.30786502,0.94241750,0.19368961
0.40364435,0.06400865,0.10043352,0.04355618,0.23378661,0.22975755,-0.12247170,0.76328349,-1.65741765,0.31062713,-0.13136530,-0.99571294,-0.15684679,0.91924876,-1.54498422,0.18100257,0.65494376,-1.49407399,0.38580412,0.01985858,0.00186179,0.30396953,0.39607384,0.22992280,-0.28512837,0.19410464,-0.17638124,-0.28661253,-0.18298765,0.19646690,-0.27771200,-0.25581855,-0.18797186,-0.26721291,3.63473816,-0.28733371,0.00295875,0.03219678,-0.09146224,0.99528351,4.06608243,-0.13344705,0.01884116,3.79344602,-0.49613689,0.01735701,3.49062176,-0.06080736,0.02625753,3.34894581,-0.42553387,0.03675662,-0.40964687,1.30986416,0.27672946,-0.14636293,0.52346289,-0.06783009,0.47002918,-2.78104830,-1.28860760,-0.32851842,1.11530721,0.16534327
0.40581813,0.06896234,0.08877878,0.03367490,0.18294608,0.25305140,-0.12641627,0.77594883,-1.65393279,0.30777295,-0.12042271,-1.00675933,-0.15256579,0.89132847,-1.55697205,0.17801077,0.66621652,-1.49283688,0.38580412,0.01985858,0.00186179,0.30457624,0.39320092,0.22926379,-0.28647788,0.18945650,-0.17755932,-0.28695575,-0.18723900,0.19568796,-0.27806349,-0.24588485,-0.18668570,-0.26759005,3.63882599,-0.28739378,0.00300134,0.03311227,-0.09022454,0.99536632,4.06684246,-0.13256889,0.01809835,3.79326730,-0.49612557,0.01762049,3.48982578,-0.06122757,0.02651275,3.36338053,-0.42682373,0.03698618,-0.40163637,1.29003649,0.35598541,-0.29249523,1.12129662,-1.13779767,0.43557383,-2.84529724,-1.21994805,-0.30437971,1.14886029,0.12555652
0.40093250,0.07363584,0.07194310,0.02344239,0.12919747,0.26231918,-0.13025170,0.78863244,-1.64965670,0.30360557,-0.10461655,-1.02666085,-0.14866298,0.86228322,-1.56809733,0.17529577,0.67805820,-1.49192994,0.38580412,0.01985858,0.00186179,0.30504588,0.38981215,0.22805545,-0.28718414,0.18479719,-0.17871999,-0.28727067,-0.19149637,0.19497172,-0.27835333,-0.23569594,-0.18547753,-0.26784601,3.64304791,-0.28739090,0.00301851,0.03380682,-0.08888568,0.99546337,4.06709776,-0.13200581,0.01786174,3.79325805,-0.49602395,0.01777522,3.48912387,-0.06157633,0.02669256,3.37821970,-0.42817624,0.03719987,-0.37174796,1.23291712,0.42203267,-0.41476438,1.57020700,-1.99032028,0.37574694,-2.83163786,-1.07318168,-0.26137730,1.15643342,0.08567969
0.44213408,0.08473801,0.06497750,0.01635504,0.09144173,0.29164459,-0.13396780,0.80127294,-1.64463739,0.29840869,-0.08510270,-1.05207596,-0.14525926,0.83231246,-1.57812464,0.17287180,0.69058179,-1.49133470,0.38580412,0.01985858,0.00186179,0.30538649,0.38593130,0.22648155,-0.28752436,0.18014995,-0.17985906,-0.28754988,-0.19579209,0.19432378,-0.27858465,-0.22534591,-0.18438671,-0.26796615,3.64739237,-0.28733912,0.00301205,0.03427465,-0.08749299,0.99557077,4.06691037,-0.13164226,0.01786213,3.79341040,-0.49586255,0.01783661,3.48849488,-0.06184442,0.02680184,3.39334035,-0.42959526,0.03742034,-0.38631854,1.31613755,0.52887498,-0.54838656,2.05969019,-2.67909746,0.34969634,-3.12954316,-1.03430148,-0.25030634,1.31100855,0.05925298
0.41026916,0.07925835,0.04920090,0.00695877,0.03947557,0.26438585,-0.13763431,0.81383948,-1.63915458,0.29275268,-0.06348683,-1.07923498,-0.14246628,0.80145469,-1.58697007,0.17063220,0.70380093,-1.49105794,0.38580412,0.01985858,0.00186179,0.30561481,0.38168690,0.22479654,-0.28773683,0.17556520,-0.18098931,-0.28774318,-0.20012544,0.19371298,-0.27877339,-0.21485312,-0.18344751,-0.26793177,3.65181418,-0.28726411,0.00298442,0.03451165,-0.08610315,0.99568383,4.06642542,-0.13132857,0.01787799,3.79370280,-0.49570568,0.01787164,3.48791418,-0.06207152,0.02684142,3.40865836,-0.43110466,0.03768304,-0.34777830,1.19191165,0.52318013,-0.53875729,2.06456938,-2.58120232,0.25895591,-2.93710160,-0.82828668,-0.21127020,1.26083446,0.02324515
0.45145464,0.08486496,0.04245759,-0.00121983,-0.00706580,0.27661614,-0.14125837,0.82633275,-1.63373840,0.28716496,-0.04145940,-1.10533726,-0.14037913,0.76967096,-1.59451032,0.16855229,0.71764958,-1.49112618,0.38580412,0.01985858,0.00186179,0.30573654,0.37733881,0.22318637,-0.28791220,0.17112612,-0.18210104,-0.28777625,-0.20446711,0.19313107,-0.27892104,-0.20421874,-0.18268939,-0.26773545,3.65624280,-0.28719486,0.00293820,0.03451485,-0.08477102,0.99579816,4.06587763,-0.13100254,0.01782434,3.79412551,-0.49560143,0.01796030,3.48736329,-0.06228127,0.02681550,3.42408223,-0.43273584,0.03800109,-0.37675163,1.30033481,0.56098402,-0.57937205,2.29470038,-2.69465137,0.20663998,-3.32465005,-0.76545769,-0.21415575,1.45167100,-0.01235306
0.43516002,0.07691821,0.02923156,-0.00995588,-0.05872880,0.24736279,-0.14465616,0.83879445,-1.62905555,0.28198358,-0.01997743,-1.12885349,-0.13897003,0.73715128,-1.60031779,0.16676816,0.73223460,-1.49172757,0.38580412,0.01985858,0.00186179,0.30573102,0.37307428,0.22175752,-0.28805325,0.16695588,-0.18313016,-0.28756029,-0.20878403,0.19260838,-0.27899531,-0.19353597,-0.18209900,-0.26739709,3.66059237,-0.28716320,0.00287215,0.03423073,-0.08356077,0.99591044,4.06540308,-0.13067327,0.01767777,3.79469815,-0.49555361,0.01817073,3.48682266,-0.06245706,0.02673571,3.43941827,-0.43446641,0.03833393,-0.34558804,1.26933055,0.47569010,-0.52709447,2.18741958,-2.39222174,0.14302482,-3.31249833,-0.58923028,-0.18133470,1.48646955,-0.06209214
0.40479653,0.06568156,0.01443774,-0.01904946,-0.11390818,0.20515332,-0.14765871,0.85135062,-1.62539978,0.27729874,0.00116635,-1.15024984,-0.13787500,0.70449249,-1.60434401,0.16525837,0.74755614,-1.49299762,0.38580412,0.01985858,0.00186179,0.30560776,0.36887670,0.22052625,-0.28813325,0.16306741,-0.18402016,-0.28710062,-0.21305472,0.19214025,-0.27898881,-0.18297390,-0.18159269,-0.26702244,3.66482220,-0.28717791,0.00278861,0.03366627,-0.08249775,0.99601854,4.06495447,-0.13034677,0.01747451,3.79539128,-0.49551925,0.01850714,3.48628297,-0.06260290,0.02661895,3.45446496,-0.43619195,0.03858532,-0.28818201,1.22210979,0.34589570,-0.45125533,2.05462201,-2.06555529,0.10515824,-3.17440343,-0.37602982,-0.14490858,1.49567523,-0.12945533
0.42048187,0.06185827,0.00183869,-0.03046258,-0.18412861,0.18102449,-0.15016204,0.86408964,-1.62307692,0.27313532,0.02219786,-1.16986401,-0.13690057,0.67198021,-1.60633965,0.16397685,0.76364439,-1.49501822,0.38580412,0.01985858,0.00186179,0.30536926,0.36472248,0.21949192,-0.28812393,0.15950117,-0.18473484,-0.28637478,-0.21725947,0.19171091,-0.27890749,-0.17262641,-0.18112584,-0.26669890,3.66890731,-0.28724332,0.00268781,0.03280241,-0.08161753,0.99612015,4.06449385,-0.13004764,0.01724533,3.79621039,-0.49547759,0.01899448,3.48575182,-0.06272424,0.02646177,3.46909995,-0.43785363,0.03867036,-0.25596208,1.32873497,0.22848546,-0.42914894,2.18997922,-2.02798240,0.10094456,-3.38477774,-0.18868744,-0.13155043,1.68271053,-0.21714865
0.36998912,0.04835211,-0.00918322,-0.03689049,-0.22490169,0.12414559,-0.15210343,0.87691664,-1.62250829,0.26947011,0.04308416,-1.18775752,-0.13600626,0.63964937,-1.60611100,0.16291371,0.78046567,-1.49774320,0.38580412,0.01985858,0.00186179,0.30503383,0.36063021,0.21864239,-0.28802238,0.15636149,-0.18524765,-0.28535220,-0.22138970,0.19131790,-0.27876353,-0.16250755,-0.18069531,-0.26648293,3.67283817,-0.28736234,0.00257078,0.03163720,-0.08094783,0.99621279,4.06403628,-0.12981018,0.01701144,3.79724112,-0.49542366,0.01968163,3.48524008,-0.06281190,0.02627029,3.48329006,-0.43945117,0.03855089,-0.17888128,1.21743827,0.03602604,-0.34331381,1.98053536,-1.68213646,0.08401320,-3.06698818,0.04281501,-0.09887128,1.60301397,-0.26484697
0.39326961,0.04493158,-0.01781543,-0.05019437,-0.30791350,0.08936526,-0.15354477,0.88929850,-1.62419438,0.26629332,0.06372687,-1.20389509,-0.13531011,0.60731125,-1.60353923,0.16202635,0.79789299,-1.50110757,0.38580412,0.01985858,0.00186179,0.30464104,0.35661689,0.21797123,-0.28784300,0.15388494,-0.18556704,-0.28399934,-0.22542104,0.19094981,-0.27857143,-0.15256018,-0.18033804,-0.26638493,3.67663474,-0.28753276,0.00243885,0.03018640,-0.08049360,0.99629494,4.06361885,-0.12963924,0.01679804,3.79873319,-0.49539731,0.02064170,3.48479219,-0.06287100,0.02606961,3.49710222,-0.44104005,0.03825611,-0.14317408,1.28046417,-0.21107493,-0.32366064,2.14631939,-1.65475893,0.06894208,-3.36963677,0.30313432,-0.09007565,1.82376051,-0.35977361
0.38129503,0.03862850,-0.01689969,-0.05671459,-0.34942822,0.05070619,-0.15459444,0.89960805,-1.62881656,0.26360662,0.08395084,-1.21810772,-0.13505660,0.57446578,-1.59813058,0.16130277,0.81574922,-1.50518243,0.38580412,0.01985858,0.00186179,0.30426183,0.35271531,0.21747497,-0.28759742,0.15265691,-0.18571555,-0.28229704,-0.22928437,0.19059919,-0.27832433,-0.14267276,-0.18012434,-0.26639661,3.68037644,-0.28775455,0.00229206,0.02845808,-0.08024796,0.99636597,4.06335063,-0.12953249,0.01666441,3.80134311,-0.49550793,0.02196479,3.48455162,-0.06291680,0.02593750,3.51071506,-0.44272330,0.03786522,-0.10634793,1.04591053,-0.47412050,-0.27322008,2.05923338,-1.44560859,0.02519190,-3.34637942,0.55429009,-0.07340874,1.81902108,-0.41588278
0.35604873,0.03193160,-0.01993940,-0.05996305,-0.37029705,0.02448224,-0.15512013,0.90647336,-1.63588586,0.26121345,0.10370627,-1.23093531,-0.13529088,0.54086356,-1.59015977,0.16082106,0.83385150,-1.50989845,0.38580412,0.01985858,0.00186179,0.30386503,0.34893441,0.21707778,-0.28730051,0.15293113,-0.18567733,-0.28042790,-0.23298591,0.19029337,-0.27799466,-0.13275880,-0.18006465,-0.26647067,3.68403607,-0.28801059,0.00213468,0.02654798,-0.08012035,0.99642931,4.06317258,-0.12947514,0.01656451,3.80533452,-0.49573802,0.02343713,3.48444891,-0.06293512,0.02587037,3.52421184,-0.44454939,0.03739435,-0.04499356,0.63383580,-0.70511501,-0.23089150,1.91688309,-1.23826663,-0.02688914,-3.27279267,0.79496702,-0.04444321,1.76181097,-0.46354930
0.37170540,0.02987542,-0.02818236,-0.06828681,-0.42215340,0.01319647,-0.15479004,0.90871032,-1.64489880,0.25904086,0.12302028,-1.24281178,-0.13608035,0.50666103,-1.57976067,0.16062086,0.85217550,-1.51520300,0.38580412,0.01985858,0.00186179,0.30342400,0.34527514,0.21674130,-0.28693658,0.15491659,-0.18538085,-0.27855928,-0.23655592,0.19004450,-0.27756281,-0.12285339,-0.18017421,-0.26656327,3.68759589,-0.28829244,0.00196925,0.02451135,-0.08005737,0.99648690,4.06304498,-0.12945384,0.01648742,3.81092968,-0.49602781,0.02486472,3.48441444,-0.06291961,0.02586119,3.53755365,-0.44654232,0.03686073,0.04303940,0.18703042,-0.95260737,-0.22438316,2.00835507,-1.23060639,-0.08763559,-3.56640358,1.10378859,-0.01857430,1.91056871,-0.55724680
0.32974703,0.02401644,-0.03309461,-0.06441479,-0.39839426,0.00167952,-0.15355983,0.90526437,-1.65464191,0.25710683,0.14197540,-1.25408225,-0.13753135,0.47229106,-1.56718924,0.16061720,0.87064896,-1.52094512,0.38580412,0.01985858,0.00186179,0.30292542,0.34171686,0.21645863,-0.28649271,0.15866686,-0.18484553,-0.27687733,-0.24002444,0.18983111,-0.27704191,-0.11306001,-0.18047964,-0.26663071,3.69105668,-0.28859263,0.00179915,0.02239830,-0.08004700,0.99653778,4.06294341,-0.12945429,0.01643271,3.81818409,-0.49639462,0.02604809,3.48441062,-0.06288267,0.02588351,3.55063806,-0.44871157,0.03629471,0.12460910,-0.38336418,-0.92582374,-0.18118769,1.79590385,-1.06490757,-0.14423046,-3.26184654,1.21233935,0.00106411,1.75427489,-0.54841278
0.35271701,0.02388608,-0.04452485,-0.07161024,-0.44269746,-0.01577222,-0.15170643,0.89522815,-1.66329062,0.25544629,0.16058949,-1.26487529,-0.13970344,0.43820944,-1.55261564,0.16071741,0.88917834,-1.52696908,0.38580412,0.01985858,0.00186179,0.30236888,0.33823963,0.21623570,-0.28597882,0.16410328,-0.18418532,-0.27557337,-0.24341532,0.18962975,-0.27644789,-0.10350175,-0.18099877,-0.26666820,3.69442840,-0.28890286,0.00162833,0.02025562,-0.08011388,0.99657856,4.06286712,-0.12947628,0.01639006,3.82700153,-0.49693767,0.02679551,3.48443146,-0.06282378,0.02592099,3.56334205,-0.45104335,0.03570068,0.20099802,-1.14653254,-0.87738031,-0.16879661,1.93384099,-1.11737847,-0.23709050,-3.54423738,1.54744077,0.01169555,1.93066144,-0.63115352
0.33729065,0.02242785,-0.04998009,-0.06968803,-0.43016681,-0.03554827,-0.14947470,0.87754399,-1.66900587,0.25413325,0.17879730,-1.27515833,-0.14258659,0.40500222,-1.53581052,0.16077940,0.90787350,-1.53315771,0.38580412,0.01985858,0.00186179,0.30175853,0.33483793,0.21609105,-0.28540418,0.17121155,-0.18349720,-0.27479892,-0.24679945,0.18940002,-0.27578564,-0.09437128,-0.18174099,-0.26674199,3.69771343,-0.28921254,0.00146000,0.01812301,-0.08029007,0.99660570,4.06282645,-0.12951200,0.01635435,3.83734112,-0.49775205,0.02695962,3.48441768,-0.06274563,0.02597289,3.57546473,-0.45350187,0.03501654,0.22776540,-1.80899296,-0.57835442,-0.13331142,1.85411386,-1.04687347,-0.29425372,-3.38068352,1.71410897,0.00601990,1.90466704,-0.63038663
0.31467110,0.02158209,-0.05209230,-0.06560153,-0.40378881,-0.04748806,-0.14679730,0.85438715,-1.67203512,0.25312519,0.19675995,-1.28514888,-0.14587839,0.37314280,-1.51726856,0.16061663,0.92697827,-1.53932016,0.38580412,0.01985858,0.00186179,0.30112016,0.33146994,0.21601401,-0.28478164,0.17942511,-0.18273900,-0.27439898,-0.25029950,0.18909249,-0.27508334,-0.08576461,-0.18262869,-0.26692497,3.70093093,-0.28951133,0.00129463,0.01602250,-0.08053367,0.99662226,4.06278439,-0.12952243,0.01633851,3.84868660,-0.49868870,0.02672117,3.48424058,-0.06268297,0.02603682,3.58695536,-0.45599970,0.03419518,0.26578730,-2.28595142,-0.27621587,-0.09589096,1.74534521,-0.97027822,-0.32240376,-3.08301048,1.81379516,-0.01767029,1.86083512,-0.59745311
0.32758580,0.02341822,-0.05781409,-0.06913595,-0.42419849,-0.05026316,-0.14324725,0.82764760,-1.67311344,0.25232244,0.21466773,-1.29511061,-0.14944381,0.34354521,-1.49777963,0.16037824,0.94633301,-1.54507768,0.38580412,0.01985858,0.00186179,0.30047662,0.32809765,0.21597303,-0.28411257,0.18833432,-0.18176548,-0.27422063,-0.25393709,0.18875787,-0.27436374,-0.07787223,-0.18362596,-0.26722705,3.70406318,-0.28979459,0.00113164,0.01396280,-0.08077977,0.99663353,4.06265993,-0.12947995,0.01636405,3.86066628,-0.49951815,0.02625599,3.48383975,-0.06260476,0.02611289,3.59763499,-0.45848251,0.03324957,0.37974975,-2.80812073,-0.09912252,-0.08251443,1.86578512,-1.03861690,-0.37354639,-3.05761018,2.03316803,-0.02363883,2.01618667,-0.59381721
0.28341062,0.02101012,-0.05203870,-0.06288456,-0.38483162,-0.02919683,-0.13845047,0.79931146,-1.67316484,0.25155658,0.23267768,-1.30517654,-0.15324445,0.31749837,-1.47878101,0.16048687,0.96553615,-1.55002897,0.38580412,0.01985858,0.00186179,0.29985404,0.32470172,0.21592185,-0.28340306,0.19753842,-0.18044780,-0.27409835,-0.25764748,0.18852517,-0.27364706,-0.07092481,-0.18471414,-0.26759070,3.70704952,-0.29005796,0.00096776,0.01191592,-0.08094614,0.99664678,4.06233940,-0.12936399,0.01645098,3.87287960,-0.50001800,0.02575569,3.48320165,-0.06242646,0.02620699,3.60724650,-0.46090584,0.03226334,0.46771082,-2.69748535,0.00149277,-0.07294773,1.71062918,-0.95629168,-0.36284919,-2.43431373,1.79277668,0.01500477,1.82001138,-0.46145785
0.27959578,0.02349285,-0.05331141,-0.07201983,-0.44036823,0.00400263,-0.13240001,0.77094769,-1.67288721,0.25067654,0.25089481,-1.31515551,-0.15726194,0.29639202,-1.46196353,0.16115178,0.98468810,-1.55425572,0.38580412,0.01985858,0.00186179,0.29928139,0.32127806,0.21583119,-0.28266907,0.20674074,-0.17876869,-0.27386943,-0.26140089,0.18844825,-0.27293064,-0.06514008,-0.18587671,-0.26794714,3.70976777,-0.29027487,0.00079564,0.00979555,-0.08095410,0.99666938,4.06166621,-0.12912220,0.01661232,3.88494797,-0.50006495,0.02541196,3.48220606,-0.06211081,0.02635075,3.61548395,-0.46320243,0.03133424,0.64836437,-2.94987845,0.03167987,-0.09388103,1.90106583,-1.03704631,-0.42163020,-2.11990237,1.71302247,0.07783249,1.99554110,-0.43062863
0.22622809,0.02679561,-0.04513836,-0.07797523,-0.47751345,0.04914289,-0.12547273,0.74356326,-1.67247167,0.24952236,0.26952936,-1.32457809,-0.16134847,0.28263081,-1.44956331,0.16235463,1.00451696,-1.55827680,0.38580412,0.01985858,0.00186179,0.29880441,0.31780796,0.21568111,-0.28193257,0.21576932,-0.17682636,-0.27335143,-0.26522389,0.18849845,-0.27219171,-0.06094543,-0.18706694,-0.26828531,3.71199646,-0.29037170,0.00060203,0.00743241,-0.08071822,0.99670907,4.06036902,-0.12864105,0.01687184,3.89650011,-0.49961407,0.02545298,3.48056093,-0.06165143,0.02661270,3.62174354,-0.46519389,0.03051910,0.70592031,-2.78784885,0.04270607,-0.11794931,1.89864037,-0.95876054,-0.41587368,-1.39170479,1.25646317,0.12296520,2.02092781,-0.40972628
0.21778141,0.02478613,-0.03921678,-0.08496877,-0.52288057,0.09120363,-0.11835012,0.71706413,-1.67164674,0.24806757,0.28869806,-1.33327456,-0.16503176,0.27655107,-1.44229660,0.16386757,1.02536638,-1.56242423,0.38580412,0.01985858,0.00186179,0.29837691,0.31427822,0.21547529,-0.28119717,0.22465844,-0.17482036,-0.27251659,-0.26911593,0.18860047,-0.27144879,-0.05835382,-0.18815444,-0.26868428,3.71422940,-0.29047355,0.00038247,0.00474614,-0.08026757,0.99676198,4.05893793,-0.12806535,0.01717974,3.90801831,-0.49899077,0.02586032,3.47876096,-0.06123975,0.02692812,3.62651925,-0.46686570,0.02969263,0.69242914,-2.57131062,0.08583466,-0.14388909,1.86830013,-0.83953141,-0.35209780,-0.52621068,0.66172282,0.14891276,2.03554239,-0.40414333
0.26082794,0.02315304,-0.04086509,-0.10179481,-0.63079795,0.13061219,-0.11123370,0.69093269,-1.66986725,0.24631483,0.30844375,-1.34125323,-0.16781449,0.27868791,-1.44085772,0.16560920,1.04720342,-1.56661928,0.38580412,0.01985858,0.00186179,0.29797483,0.31068606,0.21521207,-0.28045421,0.23349860,-0.17281873,-0.27141484,-0.27306779,0.18872949,-0.27073244,-0.05745939,-0.18899919,-0.26920391,3.71670776,-0.29064385,0.00013757,0.00171711,-0.07965393,0.99682109,4.05762744,-0.12750026,0.01752062,3.91979943,-0.49834961,0.02655999,3.47707568,-0.06094556,0.02724240,3.62996407,-0.46812006,0.02877092,0.74123586,-2.72185493,0.19679963,-0.18510705,2.06184826,-0.82509512,-0.28010680,0.29645337,0.09561478,0.18345265,2.28249431,-0.43659505
0.27394878,0.01695983,-0.03935288,-0.09981986,-0.62377622,0.13320310,-0.10405316,0.66444405,-1.66648567,0.24432601,0.32869877,-1.34862876,-0.16952919,0.28889856,-1.44580886,0.16761057,1.06970451,-1.57064021,0.38580412,0.01985858,0.00186179,0.29757068,0.30701972,0.21489777,-0.27971296,0.24238391,-0.17081320,-0.27017488,-0.27706492,0.18889756,-0.27004320,-0.05821319,-0.18953136,-0.26975297,3.71954942,-0.29091184,-0.00012478,-0.00157881,-0.07895915,0.99687659,4.05657125,-0.12702638,0.01785771,3.93202067,-0.49775254,0.02739579,3.47567654,-0.06075259,0.02752747,3.63222504,-0.46891568,0.02781770,0.68256987,-2.51988816,0.33800239,-0.19061181,1.92671089,-0.69489878,-0.15302283,1.04244050,-0.53123338,0.19257234,2.14021144,-0.37909715
0.34583405,0.01447314,-0.04913099,-0.11163170,-0.70411386,0.15316582,-0.09675200,0.63698637,-1.66104269,0.24218999,0.34933332,-1.35562027,-0.17048132,0.30663478,-1.45776618,0.16986889,1.09238625,-1.57414579,0.38580412,0.01985858,0.00186179,0.29713729,0.30325288,0.21454089,-0.27900320,0.25136272,-0.16879186,-0.26892599,-0.28111686,0.18911245,-0.26936521,-0.06048144,-0.18979096,-0.27006616,3.72279616,-0.29127924,-0.00039092,-0.00498168,-0.07822939,0.99692286,4.05580159,-0.12666608,0.01813409,3.94475384,-0.49721296,0.02821130,3.47461815,-0.06063257,0.02777208,3.63345118,-0.46931319,0.02707113,0.76235455,-2.87655735,0.59895217,-0.22437422,2.15453649,-0.72355562,-0.08953921,1.95713699,-1.35208654,0.23890471,2.36342835,-0.35604832
0.37712213,0.01237756,-0.05377388,-0.10271814,-0.65409929,0.16706781,-0.08957035,0.60803723,-1.65329061,0.23993714,0.37013535,-1.36269646,-0.17122045,0.33110398,-1.47660866,0.17220029,1.11440179,-1.57627153,0.38580412,0.01985858,0.00186179,0.29667053,0.29935615,0.21411635,-0.27836651,0.26043281,-0.16681088,-0.26773173,-0.28528392,0.18934347,-0.26872328,-0.06417056,-0.18989731,-0.26990045,3.72647734,-0.29173141,-0.00063851,-0.00822715,-0.07741185,0.99696505,4.05529733,-0.12639137,0.01830402,3.95803895,-0.49674443,0.02893880,3.47384072,-0.06061974,0.02794724,3.63376255,-0.46944696,0.02677008,0.73091847,-2.95043578,0.79179204,-0.22954029,2.11859770,-0.72139895,-0.07546379,2.49670897,-1.92341001,0.23722946,2.24049215,-0.21386676
0.38978200,0.01189729,-0.05272752,-0.08335606,-0.53694654,0.18639493,-0.08287024,0.57759531,-1.64396477,0.23765127,0.39075302,-1.37038560,-0.17212094,0.35804765,-1.49760752,0.17432441,1.13475883,-1.57616420,0.38580412,0.01985858,0.00186179,0.29621399,0.29536040,0.21362397,-0.27781276,0.26955252,-0.16495977,-0.26657951,-0.28959469,0.18955417,-0.26818422,-0.06858058,-0.19000443,-0.26948494,3.73045054,-0.29222196,-0.00084782,-0.01106014,-0.07646461,0.99701059,4.05493236,-0.12613610,0.01840123,3.97169576,-0.49635680,0.02963448,3.47314797,-0.06072411,0.02802977,3.63369808,-0.46954636,0.02672905,0.64620239,-2.97241521,0.91697576,-0.22189567,2.00129995,-0.75444579,-0.08928726,2.62111778,-2.03742983,0.20418167,1.96056762,0.03280838
0.43642600,0.01412146,-0.05301264,-0.06723459,-0.43849847,0.21893634,-0.07684053,0.54545186,-1.63343763,0.23545904,0.41084262,-1.37902339,-0.17320716,0.38426372,-1.51706440,0.17618834,1.15243237,-1.57312429,0.38580412,0.01985858,0.00186179,0.29581053,0.29128646,0.21308172,-0.27735868,0.27870118,-0.16328301,-0.26548361,-0.29403074,0.18976448,-0.26777517,-0.07322854,-0.19017173,-0.26907355,3.73461304,-0.29272053,-0.00100180,-0.01324848,-0.07541963,0.99706337,4.05463753,-0.12587945,0.01845186,3.98558159,-0.49606869,0.03032692,3.47247277,-0.06088630,0.02803536,3.63361154,-0.46971319,0.02673698,0.62192453,-3.36454945,1.10615790,-0.22691971,2.08645830,-0.90919727,-0.11440887,2.71329122,-2.00082355,0.19223353,1.81297052,0.34419296
0.40601777,0.01555109,-0.04212495,-0.03651963,-0.24138361,0.19219606,-0.07139591,0.51135039,-1.62184148,0.23347817,0.43010874,-1.38871291,-0.17435900,0.40797760,-1.53311708,0.17780891,1.16678965,-1.56732032,0.38580412,0.01985858,0.00186179,0.29548423,0.28714743,0.21251824,-0.27703295,0.28787547,-0.16175426,-0.26450397,-0.29849109,0.18999439,-0.26742990,-0.07786546,-0.19039737,-0.26880144,3.73887253,-0.29319812,-0.00109053,-0.01461706,-0.07440032,0.99712073,4.05437889,-0.12564699,0.01845128,3.99955530,-0.49588314,0.03098026,3.47188263,-0.06101028,0.02805433,3.63361354,-0.46993163,0.02668279,0.51205329,-3.25555134,1.11043093,-0.18569277,1.81998262,-0.92931656,-0.10940044,2.22372708,-1.48852897,0.15135891,1.33067243,0.57421064
0.44767270,0.02227316,-0.03812627,-0.01035962,-0.06949611,0.16103680,-0.06626139,0.47506902,-1.60906911,0.23179886,0.44835672,-1.39930391,-0.17550538,0.42858478,-1.54526973,0.17898081,1.17784631,-1.55976105,0.38580412,0.01985858,0.00186179,0.29523724,0.28294637,0.21196690,-0.27686766,0.29708849,-0.16029824,-0.26371753,-0.30284269,0.19018215,-0.26703556,-0.08241655,-0.19067461,-0.26870023,3.74316187,-0.29362683,-0.00111325,-0.01508459,-0.07359190,0.99717373,4.05415983,-0.12549330,0.01836959,4.01349969,-0.49580140,0.03151971,3.47151919,-0.06104739,0.02820168,3.63364692,-0.47013680,0.02653702,0.53139496,-3.81246567,1.34861457,-0.17012841,1.88509369,-1.11576915,-0.11924840,2.09914875,-1.20714307,0.11429749,1.10350549,0.80896908
0.43521570,0.02896160,-0.03023011,0.01599954,0.10833864,0.07119563,-0.06118725,0.43622290,-1.59464192,0.23053232,0.46541407,-1.41060359,-0.17681467,0.44568865,-1.55312684,0.17955011,1.18574224,-1.55165510,0.38580412,0.01985858,0.00186179,0.29506461,0.27867017,0.21146618,-0.27689700,0.30636386,-0.15884576,-0.26321048,-0.30694494,0.19027284,-0.26643604,-0.08687009,-0.19106178,-0.26876217,3.74743786,-0.29397191,-0.00106926,-0.01455903,-0.07323797,0.99720765,4.05401273,-0.12548791,0.01816761,4.02730742,-0.49587244,0.03185413,3.47158490,-0.06089662,0.02862857,3.63358612,-0.47029207,0.02630244,0.51684924,-3.95938725,1.47170086,-0.12851689,1.73614714,-1.15162134,-0.13376458,1.73841708,-0.79578024,0.05745375,0.80125195,0.82540905
0.41189132,0.03645922,-0.02225072,0.03772752,0.25546177,-0.02118035,-0.05609637,0.39528075,-1.57839532,0.22961710,0.48166856,-1.42248995,-0.17841767,0.46016641,-1.55775435,0.17959929,1.19155011,-1.54377017,0.38580412,0.01985858,0.00186179,0.29494445,0.27432016,0.21101761,-0.27704785,0.31569451,-0.15738587,-0.26296164,-0.31081724,0.19026388,-0.26560842,-0.09126651,-0.19158046,-0.26891940,3.75169001,-0.29422891,-0.00097686,-0.01328776,-0.07331762,0.99721964,4.05392251,-0.12560062,0.01789660,4.04097166,-0.49609385,0.03198281,3.47204171,-0.06055279,0.02933603,3.63338557,-0.47040128,0.02602505,0.49482900,-3.99612842,1.59608922,-0.08645753,1.57562492,-1.16099710,-0.15782962,1.38925765,-0.42739710,-0.00171487,0.55108865,0.76339841
0.43854956,0.04895781,-0.01573013,0.05814180,0.39211232,-0.08218451,-0.05108265,0.35242590,-1.55984516,0.22896348,0.49746239,-1.43506351,-0.18014729,0.47256492,-1.55982630,0.17845284,1.19586332,-1.53639166,0.38580412,0.01985858,0.00186179,0.29488403,0.26989428,0.21059869,-0.27724982,0.32508578,-0.15594917,-0.26296742,-0.31447968,0.18996760,-0.26466794,-0.09562604,-0.19217802,-0.26915667,3.75592633,-0.29439141,-0.00084470,-0.01143229,-0.07369540,0.99721491,4.05384655,-0.12575491,0.01763421,4.05455609,-0.49643392,0.03191661,3.47278815,-0.06025912,0.03021609,3.63308902,-0.47042472,0.02572736,0.52083112,-4.48043337,1.95546145,-0.06641820,1.64260333,-1.31599295,-0.17983316,1.27564814,-0.19633770,-0.13458616,0.43850241,0.76283211
0.39947104,0.05314231,-0.00370331,0.06411391,0.42971871,-0.09347944,-0.04632632,0.30774063,-1.53833809,0.22838506,0.51305915,-1.44817328,-0.18175713,0.48347412,-1.56004603,0.17554406,1.19918988,-1.52973635,0.38580412,0.01985858,0.00186179,0.29491243,0.26539934,0.21016740,-0.27747117,0.33457849,-0.15459001,-0.26321381,-0.31792856,0.18922526,-0.26374456,-0.09995920,-0.19277795,-0.26947255,3.76017008,-0.29446811,-0.00068285,-0.00918084,-0.07418402,0.99720207,4.05374556,-0.12588406,0.01744126,4.06819172,-0.49686254,0.03169862,3.47373991,-0.06028330,0.03116787,3.63278671,-0.47033355,0.02543989,0.44835290,-4.25787745,2.07108526,-0.05497527,1.47906702,-1.24804447,-0.15110522,1.02356975,-0.00600020,-0.29282691,0.30811993,0.62440170
0.44413498,0.06440167,0.01423841,0.07710258,0.51345006,-0.09357786,-0.04198590,0.26121885,-1.51319265,0.22767198,0.52846336,-1.46127212,-0.18329793,0.49337742,-1.55892539,0.17149273,1.20186687,-1.52383029,0.38580412,0.01985858,0.00186179,0.29508385,0.26087223,0.20968669,-0.27773587,0.34424111,-0.15335528,-0.26367524,-0.32115583,0.18818866,-0.26283014,-0.10426404,-0.19338603,-0.26984721,3.76446672,-0.29449634,-0.00050294,-0.00671902,-0.07464196,0.99718763,4.05364819,-0.12598254,0.01734798,4.08204170,-0.49739019,0.03140862,3.47490545,-0.06059399,0.03225371,3.63257499,-0.47020553,0.02523664,0.44542876,-4.87340593,2.67589068,-0.07703342,1.60135317,-1.36177230,-0.16014276,1.01821864,0.13510883,-0.43504125,0.27020276,0.60425699
0.43722008,0.06531097,0.02889546,0.07678065,0.50860199,-0.06435913,-0.03834057,0.21280760,-1.48360715,0.22662986,0.54335963,-1.47346332,-0.18495404,0.50256417,-1.55667808,0.16737110,1.20409396,-1.51903548,0.38580412,0.01985858,0.00186179,0.29540231,0.25638758,0.20913321,-0.27811335,0.35414200,-0.15232268,-0.26428282,-0.32406532,0.18712631,-0.26182345,-0.10852926,-0.19404885,-0.27026377,3.76880422,-0.29450365,-0.00031571,-0.00420055,-0.07496035,0.99717762,4.05357590,-0.12605074,0.01728895,4.09619398,-0.49805879,0.03111949,3.47635627,-0.06103249,0.03357886,3.63248430,-0.47014658,0.02513853,0.37017090,-4.93239918,3.01792340,-0.10658221,1.51646924,-1.24015799,-0.16874620,0.93520646,0.22986596,-0.41936767,0.22644598,0.48629045
0.41861943,0.06152711,0.04041768,0.07223455,0.47698568,-0.02097524,-0.03561037,0.16344691,-1.45089235,0.22526860,0.55772568,-1.48450944,-0.18660702,0.51144612,-1.55375521,0.16363795,1.20593832,-1.51605520,0.38580412,0.01985858,0.00186179,0.29582518,0.25196791,0.20852009,-0.27860581,0.36416709,-0.15154080,-0.26484813,-0.32647951,0.18614979,-0.26068597,-0.11277791,-0.19472780,-0.27072315,3.77315440,-0.29452037,-0.00012964,-0.00172165,-0.07508706,0.99717549,4.05350704,-0.12608387,0.01721937,4.11052180,-0.49888653,0.03097705,3.47823234,-0.06157920,0.03513921,3.63248763,-0.47016385,0.02510203,0.25670118,-4.80095768,3.19875283,-0.13460715,1.39310956,-1.06519461,-0.15958920,0.86227257,0.28833348,-0.35856243,0.17449260,0.27039647
0.44954759,0.06203364,0.05475639,0.07575028,0.50023159,0.02927698,-0.03404371,0.11449084,-1.41653426,0.22367807,0.57169613,-1.49454248,-0.18805090,0.52019216,-1.55033743,0.16065801,1.20679140,-1.51579256,0.38580412,0.01985858,0.00186179,0.29633764,0.24759178,0.20787036,-0.27918164,0.37404866,-0.15107023,-0.26525178,-0.32803523,0.18536008,-0.25941418,-0.11703549,-0.19536324,-0.27124029,3.77751074,-0.29457278,0.00005282,0.00070383,-0.07496970,0.99718556,4.05339961,-0.12605836,0.01715600,4.12476712,-0.49987165,0.03108586,3.48087750,-0.06224931,0.03692347,3.63258062,-0.47024110,0.02509736,0.15205647,-5.08815889,3.58598213,-0.16706249,1.45239818,-1.03710294,-0.14772415,0.91008985,0.36008057,-0.30129328,0.07544160,-0.00022948
0.41122858,0.05082668,0.05922651,0.06817305,0.45188386,0.07815755,-0.03373838,0.06788305,-1.38215039,0.22200358,0.58539633,-1.50377681,-0.18913171,0.52880439,-1.54644630,0.15884250,1.20533342,-1.51855826,0.38580412,0.01985858,0.00186179,0.29692754,0.24322810,0.20721864,-0.27980615,0.38333617,-0.15093523,-0.26555254,-0.32831563,0.18489043,-0.25810383,-0.12132015,-0.19591160,-0.27182754,3.78187762,-0.29468213,0.00023215,0.00310550,-0.07458500,0.99720980,4.05322442,-0.12595044,0.01712139,4.13849640,-0.50096132,0.03137500,3.48471823,-0.06301012,0.03882370,3.63276439,-0.47036702,0.02509999,0.01720196,-4.39426489,3.25824633,-0.15920653,1.29809315,-0.86969075,-0.09877823,0.81593943,0.37380821,-0.16052855,-0.16538171,-0.29009878
0.45433452,0.04805269,0.07449676,0.07513867,0.50190579,0.13802791,-0.03465842,0.02560177,-1.34894204,0.22032221,0.59886283,-1.51234853,-0.18977912,0.53722078,-1.54205310,0.15785238,1.19980443,-1.52341199,0.38580412,0.01985858,0.00186179,0.29758498,0.23885445,0.20658215,-0.28047056,0.39153294,-0.15112887,-0.26599217,-0.32704854,0.18469679,-0.25707074,-0.12564518,-0.19635213,-0.27248441,3.78626390,-0.29486026,0.00041011,0.00552996,-0.07395677,0.99724603,4.05297847,-0.12577161,0.01711442,4.15122052,-0.50209115,0.03159281,3.49003787,-0.06394080,0.04051425,3.63302918,-0.47053037,0.02510057,-0.11379644,-4.33290863,3.43795109,-0.17510353,1.39927852,-0.88340038,-0.06085075,0.87354326,0.46518442,-0.09351223,-0.64338738,-0.53134561
0.44763457,0.03876443,0.08082199,0.07472579,0.50420633,0.16676124,-0.03672538,-0.01038142,-1.31782773,0.21868962,0.61197376,-1.52010322,-0.18998898,0.54537107,-1.53711379,0.15645986,1.18803113,-1.52824502,0.38580412,0.01985858,0.00186179,0.29830707,0.23446013,0.20597788,-0.28119925,0.39813094,-0.15163275,-0.26690242,-0.32408545,0.18451688,-0.25685405,-0.13002880,-0.19668376,-0.27319155,3.79067912,-0.29512563,0.00058829,0.00802495,-0.07314018,0.99728921,4.05268140,-0.12555780,0.01710782,4.16242800,-0.50322059,0.03140465,3.49698105,-0.06530114,0.04145301,3.63334675,-0.47073461,0.02511552,-0.21144727,-3.65781336,3.16644635,-0.16608221,1.33488700,-0.78868200,-0.02094010,0.82983900,0.50364866,-0.14288128,-1.20619802,-0.49077008
0.43055028,0.02805859,0.08385396,0.07202589,0.49205537,0.16820977,-0.03936858,-0.04124752,-1.28866651,0.21724744,0.62474074,-1.52696891,-0.18986886,0.55333148,-1.53176577,0.15441990,1.17142231,-1.53216038,0.38580412,0.01985858,0.00186179,0.29907261,0.23003618,0.20545040,-0.28198427,0.40343530,-0.15229996,-0.26827324,-0.31998287,0.18425357,-0.25733593,-0.13446765,-0.19692955,-0.27392562,3.79511829,-0.29547408,0.00076590,0.01057400,-0.07227337,0.99732851,4.05237222,-0.12533612,0.01708834,4.17238036,-0.50434881,0.03079937,3.50504370,-0.06701151,0.04173667,3.63366289,-0.47095899,0.02514699,-0.25912201,-2.96585627,2.81992955,-0.13791870,1.23896997,-0.66000620,0.01432374,0.77290336,0.52274864,-0.20055548,-1.64308152,-0.37741462
0.46417829,0.02089623,0.09532037,0.07623432,0.52682506,0.16058965,-0.04207435,-0.06807740,-1.26147070,0.21612995,0.63728958,-1.53288479,-0.18941548,0.56118696,-1.52609522,0.15227122,1.15207400,-1.53618112,0.38580412,0.01985858,0.00186179,0.29986811,0.22556144,0.20503984,-0.28279465,0.40775653,-0.15299281,-0.26996202,-0.31508076,0.18398436,-0.25810105,-0.13895141,-0.19708517,-0.27468926,3.79957819,-0.29590712,0.00094052,0.01312559,-0.07148901,0.99735458,4.05207739,-0.12513401,0.01707346,4.18134566,-0.50549193,0.02990609,3.51395922,-0.06886542,0.04176706,3.63393812,-0.47115958,0.02517885,-0.27993824,-2.76321201,2.81473379,-0.11308081,1.30602262,-0.60768721,0.05020126,0.81763113,0.59319735,-0.22274739,-2.03001785,-0.42589006
0.42502839,0.01113707,0.09063659,0.06687064,0.46642762,0.10011384,-0.04431769,-0.09141764,-1.23657732,0.21541222,0.64978369,-1.53779011,-0.18863873,0.56899867,-1.52020667,0.15024033,1.13152533,-1.54103241,0.38580412,0.01985858,0.00186179,0.30068119,0.22101324,0.20476947,-0.28360140,0.41129005,-0.15357153,-0.27183272,-0.30962403,0.18372618,-0.25888822,-0.14344920,-0.19714918,-0.27548476,3.80405407,-0.29642099,0.00111014,0.01561108,-0.07093288,0.99735830,4.05182286,-0.12499165,0.01707979,4.18947001,-0.50665486,0.02884847,3.52354851,-0.07072435,0.04179297,3.63414707,-0.47128404,0.02519643,-0.20690446,-2.18316841,2.33938503,-0.06422579,1.18578994,-0.45582654,0.07664611,0.74118395,0.56044397,-0.19167302,-1.95834079,-0.46838822
0.46771783,0.00460535,0.10258630,0.06852530,0.48031006,0.03295807,-0.04574479,-0.11081245,-1.21466374,0.21511514,0.66230643,-1.54152942,-0.18759814,0.57690835,-1.51430380,0.14834739,1.10978329,-1.54621685,0.38580412,0.01985858,0.00186179,0.30150279,0.21638275,0.20464956,-0.28439336,0.41398743,-0.15394619,-0.27386157,-0.30367315,0.18348738,-0.25974944,-0.14793749,-0.19713209,-0.27629781,3.80853720,-0.29700573,0.00127328,0.01795659,-0.07071979,0.99733377,4.05163260,-0.12493723,0.01710944,4.19665928,-0.50782858,0.02764122,3.53379412,-0.07250351,0.04175335,3.63426299,-0.47129015,0.02520499,-0.13551116,-1.95866346,2.23548698,-0.02468377,1.30504358,-0.37147102,0.11201016,0.82609797,0.61416626,-0.19499658,-2.28443742,-0.54186583
0.45620574,-0.00039957,0.10265356,0.06040676,0.42336817,-0.04448784,-0.04619472,-0.12447647,-1.19704394,0.21521651,0.67487328,-1.54379039,-0.18649125,0.58520843,-1.50865936,0.14666892,1.08567390,-1.55125589,0.38580412,0.01985858,0.00186179,0.30232970,0.21167849,0.20468274,-0.28516334,0.41549569,-0.15408452,-0.27613363,-0.29692380,0.18330260,-0.26085128,-0.15241231,-0.19708115,-0.27709072,3.81300755,-0.29764834,0.00142638,0.02005347,-0.07093065,0.99727863,4.05152445,-0.12498539,0.01716636,4.20251274,-0.50898791,0.02619607,3.54501596,-0.07416659,0.04147842,3.63423610,-0.47117431,0.02523898,-0.04487584,-1.38412552,1.78894327,0.01066509,1.28004541,-0.22857984,0.11256635,0.84594086,0.57450931,-0.17092906,-2.45897770,-0.51334832
0.43149518,-0.00331134,0.10062934,0.05002367,0.34869283,-0.10103646,-0.04596873,-0.13230642,-1.18387270,0.21554880,0.68752415,-1.54479017,-0.18553163,0.59391624,-1.50330105,0.14493697,1.05901108,-1.55649557,0.38580412,0.01985858,0.00186179,0.30316744,0.20692169,0.20481517,-0.28590512,0.41580804,-0.15406656,-0.27862728,-0.28923954,0.18309343,-0.26219064,-0.15685516,-0.19705706,-0.27784602,3.81744070,-0.29831905,0.00156759,0.02188226,-0.07142910,0.99720439,4.05144167,-0.12508687,0.01726232,4.20704499,-0.51007677,0.02454016,3.55724988,-0.07587029,0.04097681,3.63410087,-0.47100816,0.02532142,0.02648737,-0.71289963,1.24195621,0.03361354,1.23095508,-0.08773208,0.09179711,0.84947942,0.51881077,-0.17026687,-2.61226883,-0.51330726
0.45442697,-0.00539108,0.11223104,0.04574212,0.31619728,-0.13903563,-0.04519927,-0.13401668,-1.17590146,0.21599884,0.70028886,-1.54464412,-0.18475091,0.60301712,-1.49823496,0.14310874,1.02999859,-1.56229057,0.38580412,0.01985858,0.00186179,0.30403503,0.20211952,0.20501011,-0.28661410,0.41489755,-0.15392207,-0.28124258,-0.28059916,0.18283172,-0.26365615,-0.16125177,-0.19706920,-0.27856347,3.82180362,-0.29900358,0.00169425,0.02343372,-0.07208446,0.99712177,4.05130878,-0.12519671,0.01742093,4.21024790,-0.51100127,0.02279245,3.57041946,-0.07771344,0.04037888,3.63388343,-0.47083026,0.02547156,0.08470043,-0.12317598,0.77987611,0.04737004,1.33051417,0.02488196,0.07984675,0.95186675,0.52483380,-0.18962210,-3.04101086,-0.60937401
0.40169864,-0.00645839,0.10939030,0.03504727,0.23990859,-0.13263223,-0.04390186,-0.12968284,-1.17417135,0.21644598,0.71308886,-1.54348497,-0.18412444,0.61271400,-1.49357955,0.14197219,0.99921613,-1.56865034,0.38580412,0.01985858,0.00186179,0.30496832,0.19729632,0.20522794,-0.28729667,0.41283991,-0.15364281,-0.28376306,-0.27117352,0.18272139,-0.26500248,-0.16565771,-0.19710897,-0.27922975,3.82604652,-0.29969291,0.00180524,0.02472974,-0.07277877,0.99703983,4.05105386,-0.12529096,0.01767165,4.21219893,-0.51165804,0.02120526,3.58428150,-0.07952966,0.03996584,3.63352142,-0.47065638,0.02573857,0.12815146,0.46649156,0.10231833,0.04200828,1.21471999,0.11890763,0.05810671,0.92696300,0.43742094,-0.09729552,-2.93548183,-0.60828527
0.43914365,-0.01119098,0.11997761,0.03206313,0.21727764,-0.13647439,-0.04197704,-0.11981469,-1.17969370,0.21683198,0.72580004,-1.54146230,-0.18362308,0.62329853,-1.48949087,0.14264530,0.96732789,-1.57527971,0.38580412,0.01985858,0.00186179,0.30590457,0.19248567,0.20544601,-0.28795503,0.40982588,-0.15318560,-0.28589448,-0.26122664,0.18306917,-0.26597276,-0.17015980,-0.19716518,-0.27982000,3.83025356,-0.30041779,0.00190112,0.02580905,-0.07343721,0.99696402,4.05076499,-0.12539349,0.01794954,4.21321030,-0.51200042,0.02001009,3.59867091,-0.08104788,0.03993180,3.63304038,-0.47052197,0.02608457,0.21034664,1.10775876,-0.68655604,0.03921054,1.32229173,0.22296606,0.05048699,1.11676753,0.41693446,0.10102055,-3.33572912,-0.69315726
0.43755029,-0.01642148,0.10859853,0.02620190,0.17613521,-0.11262397,-0.03934848,-0.10493395,-1.19323409,0.21718401,0.73832800,-1.53868113,-0.18314052,0.63475809,-1.48599477,0.14539135,0.93464791,-1.58157692,0.38580412,0.01985858,0.00186179,0.30674094,0.18772160,0.20566718,-0.28856469,0.40605360,-0.15251455,-0.28734358,-0.25096531,0.18394581,-0.26647724,-0.17475540,-0.19720262,-0.28033088,3.83452797,-0.30121815,0.00198031,0.02668158,-0.07398841,0.99690014,4.05055418,-0.12551651,0.01817625,4.21361790,-0.51200486,0.01939736,3.61346712,-0.08223928,0.04026370,3.63257547,-0.47046208,0.02641006,0.26802415,1.52007084,-1.38638937,0.03582537,1.27583072,0.28390487,0.04940314,1.16762383,0.35565692,0.28087729,-3.32932935,-0.64036444
0.42681797,-0.01948217,0.09351465,0.02037081,0.13600976,-0.08006417,-0.03670675,-0.08699660,-1.21154592,0.21749998,0.75073881,-1.53545213,-0.18238880,0.64645424,-1.48274546,0.14880661,0.90138491,-1.58701653,0.38580412,0.01985858,0.00186179,0.30746835,0.18300118,0.20588008,-0.28911334,0.40183308,-0.15182395,-0.28828350,-0.24058427,0.18497688,-0.26675444,-0.17931982,-0.19714602,-0.28083810,3.83887940,-0.30207227,0.00204507,0.02739745,-0.07440794,0.99684936,4.05041743,-0.12564183,0.01835501,4.21371994,-0.51186956,0.01918486,3.62842264,-0.08342828,0.04071392,3.63227859,-0.47041197,0.02663026,0.25269768,1.76221075,-1.80371797,0.03016144,1.20583875,0.31681657,0.07675240,1.13700831,0.31545758,0.33282960,-3.23791413,-0.52029492
0.46476421,-0.02128270,0.09240285,0.01792737,0.11912790,-0.06549789,-0.03477104,-0.06725911,-1.23175111,0.21773637,0.76303080,-1.53185804,-0.18117045,0.65811942,-1.47940722,0.15226654,0.86766440,-1.59130013,0.38580412,0.01985858,0.00186179,0.30810958,0.17832203,0.20606988,-0.28960836,0.39731153,-0.15131730,-0.28895228,-0.23018723,0.18599104,-0.26690167,-0.18383469,-0.19694495,-0.28141036,3.84329796,-0.30294574,0.00209777,0.02798300,-0.07472579,0.99680921,4.05035034,-0.12576545,0.01850122,4.21360865,-0.51180783,0.01915730,3.64341326,-0.08471436,0.04120792,3.63215499,-0.47028119,0.02669922,0.19313320,2.06603823,-2.10905070,0.02380237,1.27909174,0.37766096,0.13113022,1.21465325,0.35025772,0.36015434,-3.51606750,-0.43495892
0.42746192,-0.01799367,0.08050339,0.01399028,0.09259387,-0.05433565,-0.03365884,-0.04692094,-1.25172791,0.21789677,0.77512840,-1.52786739,-0.17961582,0.66972582,-1.47564721,0.15575625,0.83342742,-1.59411147,0.38580412,0.01985858,0.00186179,0.30870248,0.17367573,0.20623818,-0.29007180,0.39265885,-0.15103226,-0.28954085,-0.21982692,0.18699007,-0.26694630,-0.18836517,-0.19664519,-0.28206196,3.84776039,-0.30381436,0.00214330,0.02848078,-0.07501085,0.99677361,4.05034566,-0.12589119,0.01863068,4.21339350,-0.51191085,0.01916163,3.65839415,-0.08603101,0.04175618,3.63208680,-0.47005416,0.02664052,0.09882614,1.93215971,-1.88886790,0.01463054,1.14603143,0.38261945,0.14971379,1.10094681,0.36172304,0.33188033,-3.25497885,-0.25170975
