vx,vy,vz,wx,wy,wz,base1,shoulder1,elbow1,base2,shoulder2,elbow2,base3,shoulder3,elbow3,base4,shoulder4,elbow4,com_vx,com_vy,com_wz,height,e1x,e1y,e1z,e2x,e2y,e2z,e3x,e3y,e3z,e4x,e4y,e4z,com_x,com_y,quat_x,quat_y,quat_z,quat_w,e1x_w,e1y_w,e1z_w,e2x_w,e2y_w,e2z_w,e3x_w,e3y_w,e3z_w,e4x_w,e4y_w,e4z_w,jv_base1,jv_shoulder1,jv_elbow1,jv_base2,jv_shoulder2,jv_elbow2,jv_base3,jv_shoulder3,jv_elbow3,jv_base4,jv_shoulder4,jv_elbow4
0.00000000,0.00000000,0.00000000,0.00000000,0.00000000,0.00000000,-0.17515279,-0.15982327,-1.01735365,0.08853333,0.72286749,-1.67492020,-0.18105017,0.54229730,-1.58544123,0.15161790,1.11585557,-1.60404837,0.34870499,0.01110865,0.00166190,0.27724901,0.22234040,0.16667239,-0.27670452,0.42036578,-0.19141852,-0.27648900,-0.28832127,0.18345352,-0.26024126,-0.12285371,-0.19260082,-0.26614421,0.00000000,0.00000000,0.00003996,0.00665549,-0.00600457,0.99995982,0.22432597,0.16399024,0.00054449,0.41803668,-0.19645297,0.00076000,-0.28609735,0.18690280,0.01700775,-0.12515783,-0.19111156,0.01110480,0.00000000,0.00000000,0.00000000,0.00000000,0.00000000,0.00000000,0.00000000,0.00000000,0.00000000,0.00000000,0.00000000,0.00000000
0.39761351,-0.01575283,0.09068448,0.00523203,0.34833235,-0.29784898,-0.16646384,-0.13879790,-1.04746165,0.09167273,0.74789451,-1.67724028,-0.17925672,0.56265432,-1.58171723,0.14358608,1.07176709,-1.61788936,0.34870499,0.01110865,0.00166190,0.27891631,0.21357323,0.16756706,-0.27806973,0.41469757,-0.18886622,-0.27950592,-0.27519465,0.18162811,-0.26176535,-0.13111287,-0.19249063,-0.26747712,0.00803353,-0.00045638,0.00009270,0.01019640,-0.00898015,0.99990769,0.22458189,0.16324778,0.00084657,0.41927208,-0.19674031,-0.00058962,-0.26385460,0.18608506,0.01715095,-0.12651541,-0.19056111,0.01143918,0.43364395,1.07207086,-1.53436699,0.15653538,1.24171948,-0.10660150,0.08841150,1.01158743,0.18544888,-0.39259804,-2.19928308,-0.69099090
0.41543773,-0.02056595,0.08943342,0.00524623,0.25497985,-0.37070117,-0.15665364,-0.10426935,-1.09472156,0.09533355,0.77284142,-1.67471619,-0.17769388,0.58416754,-1.57816889,0.13852428,1.02214546,-1.63438020,0.34870499,0.01110865,0.00166190,0.28047144,0.20471453,0.16866548,-0.27949151,0.40696763,-0.18593827,-0.28122667,-0.25953031,0.18045602,-0.26285467,-0.13924195,-0.19242011,-0.26884429,0.01622559,-0.00106088,0.00016198,0.01275993,-0.01259739,0.99983922,0.22512463,0.16239332,0.00097993,0.41837935,-0.19719359,-0.00075523,-0.23867579,0.18587666,0.01761677,-0.12782015,-0.18991174,0.01162715,0.50045695,1.77529533,-2.41624165,0.18810846,1.26944017,0.14049480,0.07950748,1.09954677,0.17714894,-0.25246922,-2.53346610,-0.84732177
0.40206091,-0.02086171,0.08001059,0.00298030,0.11193386,-0.38545775,-0.14670083,-0.06520788,-1.14109280,0.09940070,0.79793599,-1.66778736,-0.17624069,0.60830106,-1.57636952,0.13442876,0.96836059,-1.65265749,0.34870499,0.01110865,0.00166190,0.28188661,0.19589014,0.16992830,-0.28077578,0.39851718,-0.18312580,-0.28267183,-0.24175976,0.17939558,-0.26359094,-0.14729152,-0.19232297,-0.27017714,0.02445864,-0.00175734,0.00023222,0.01401686,-0.01653199,0.99976506,0.22585997,0.16160140,0.00111082,0.41670330,-0.19795908,-0.00078522,-0.21123765,0.18553339,0.01829566,-0.12911108,-0.18910531,0.01170947,0.48551118,1.91183879,-2.23311386,0.19861038,1.22986393,0.35298569,0.07009839,1.19533668,0.07920966,-0.20350375,-2.65316386,-0.89220854
0.40944469,-0.01538198,0.07255568,-0.00106624,-0.02289361,-0.35672261,-0.13810263,-0.02706733,-1.17836673,0.10290099,0.82220767,-1.65948048,-0.17556905,0.63487943,-1.57646198,0.12986336,0.91060145,-1.66862643,0.34870499,0.01110865,0.00166190,0.28310202,0.18777727,0.17103846,-0.28157769,0.39032855,-0.18086889,-0.28411256,-0.22268364,0.17811847,-0.26435115,-0.15515265,-0.19237347,-0.27136851,0.03247108,-0.00239167,0.00028003,0.01395248,-0.02007583,0.99970106,0.22696371,0.16097011,0.00152433,0.41522349,-0.19878544,-0.00101054,-0.18288202,0.18452338,0.01875086,-0.13027979,-0.18838106,0.01173351,0.43028210,1.95626552,-1.86315765,0.17476405,1.24049621,0.42775481,0.02722810,1.38110862,-0.01550562,-0.23708079,-2.99799867,-0.80067509
0.36847165,-0.00531130,0.05454615,-0.00576114,-0.13279354,-0.24458220,-0.13204223,0.01013936,-1.20813024,0.10606559,0.84492141,-1.65321565,-0.17614841,0.66290480,-1.57793403,0.12735234,0.84930611,-1.68055165,0.34870499,0.01110865,0.00166190,0.28406081,0.18099542,0.17200731,-0.28148951,0.38245695,-0.17942481,-0.28531421,-0.20278434,0.17732748,-0.26472315,-0.16266188,-0.19270288,-0.27236576,0.04006608,-0.00286729,0.00028970,0.01274984,-0.02271417,0.99966065,0.22868733,0.16074163,0.00257130,0.41397879,-0.19947825,-0.00125340,-0.15445471,0.18348771,0.01933765,-0.13118055,-0.18798315,0.01169504,0.27765244,1.81774676,-1.40996528,0.15423578,1.10204780,0.28699285,-0.03740191,1.38215446,-0.08090805,-0.10201597,-3.02818584,-0.55437225
0.35176803,0.00223389,0.04265074,-0.00923198,-0.19491413,-0.12624883,-0.12890305,0.04517057,-1.23121068,0.10917332,0.86485044,-1.65324187,-0.17724646,0.69210142,-1.58118262,0.12864133,0.78122503,-1.68264656,0.34870499,0.01110865,0.00166190,0.28477551,0.17636539,0.17284834,-0.28009658,0.37511770,-0.17883397,-0.28617912,-0.18210078,0.17755534,-0.26485283,-0.16986903,-0.19308058,-0.27308363,0.04718072,-0.00316738,0.00025930,0.01079256,-0.02402847,0.99965298,0.23164707,0.16100772,0.00467893,0.41327297,-0.19981766,-0.00140361,-0.12617897,0.18293210,0.01992267,-0.13176886,-0.18786347,0.01169188,0.15103796,1.73444922,-1.13713746,0.15521420,0.97496833,-0.01146311,-0.05423490,1.44941375,-0.16276021,0.06769368,-3.40055375,-0.07238387
0.33798464,0.00597613,0.02964452,-0.01037923,-0.21298333,-0.02146348,-0.12827242,0.07811913,-1.25063055,0.11315421,0.87451173,-1.65823789,-0.17827035,0.72126440,-1.58533187,0.13186696,0.70301589,-1.66998749,0.34870499,0.01110865,0.00166190,0.28525375,0.17553168,0.17384816,-0.27794879,0.36817306,-0.17894524,-0.28675293,-0.16040068,0.17842281,-0.26552375,-0.17684967,-0.19337509,-0.27355959,0.05385338,-0.00337617,0.00021124,0.00869431,-0.02427860,0.99966740,0.23761753,0.16174588,0.00730496,0.41290552,-0.19998330,-0.00149918,-0.09769670,0.18262288,0.01973000,-0.13217512,-0.18793815,0.01169417,0.02684496,1.67220180,-0.98449082,0.20641115,0.45337960,-0.26222211,-0.05229832,1.48191721,-0.21347657,0.16796690,-3.99158530,0.66355536
0.30325290,0.00740776,0.01421893,-0.00961262,-0.19905050,0.04329978,-0.12927686,0.10978206,-1.26897957,0.11855166,0.86624745,-1.66616628,-0.17936036,0.74978594,-1.59022615,0.13679284,0.62030447,-1.64745300,0.34870499,0.01110865,0.00166190,0.28548304,0.18024052,0.17519827,-0.27547219,0.36148431,-0.17948216,-0.28697008,-0.13845034,0.17975342,-0.26585991,-0.18354319,-0.19362595,-0.27373151,0.06008111,-0.00352476,0.00015914,0.00665672,-0.02387030,0.99969289,0.24847809,0.16287132,0.01001086,0.41258712,-0.20005532,-0.00148703,-0.06963217,0.18263178,0.01962314,-0.13249431,-0.18816989,0.01175154,-0.05240002,1.54809363,-0.89674550,0.26874137,-0.48738086,-0.39736943,-0.05352444,1.39490006,-0.24117721,0.24848790,-4.06406746,1.15285337
0.29542862,0.00931692,0.00026975,-0.01005556,-0.21316301,0.04348520,-0.13066062,0.14098306,-1.28713076,0.12520009,0.83939694,-1.67332394,-0.18058437,0.77803811,-1.59567120,0.14369293,0.53820207,-1.61304705,0.34870499,0.01110865,0.00166190,0.28546529,0.19011305,0.17688819,-0.27297026,0.35492940,-0.18009510,-0.28692086,-0.11767880,0.18171100,-0.26648625,-0.19003345,-0.19385983,-0.27366830,0.06587517,-0.00361980,0.00010775,0.00459547,-0.02342170,0.99971511,0.26406349,0.16417112,0.01249503,0.41198111,-0.20013901,-0.00145556,-0.04316480,0.18340286,0.01897904,-0.13302844,-0.18836747,0.01179700,-0.07184845,1.60535095,-0.93512634,0.35131559,-1.49445384,-0.35009522,-0.06437455,1.45480115,-0.28491546,0.36902519,-4.20835667,1.84758019
0.25834795,0.01100867,-0.01162534,-0.01068760,-0.22805693,-0.01297758,-0.13210741,0.17285648,-1.30604637,0.13367113,0.79682928,-1.67294538,-0.18311663,0.80699891,-1.60207629,0.15400673,0.46220058,-1.56996357,0.34870499,0.01110865,0.00166190,0.28523284,0.20346514,0.17916190,-0.27090213,0.34837450,-0.18069666,-0.28650615,-0.09904432,0.18470950,-0.26730367,-0.19643061,-0.19438984,-0.27322368,0.07121541,-0.00365198,0.00005417,0.00230752,-0.02346768,0.99972193,0.28286317,0.16576547,0.01433071,0.41072743,-0.20049623,-0.00127330,-0.01905277,0.18550148,0.01792917,-0.13412011,-0.18861068,0.01200916,-0.07126085,1.56927359,-0.93434131,0.42906401,-2.19076514,0.08430200,-0.13634562,1.42630756,-0.32131809,0.53288043,-3.67352867,2.16292620
0.22258019,0.00504569,-0.01886205,-0.01348605,-0.28257217,-0.06389108,-0.13321807,0.20602100,-1.32443714,0.13992483,0.74045523,-1.65735261,-0.18800763,0.83732926,-1.60844455,0.16842484,0.39863616,-1.51843219,0.34870499,0.01110865,0.00166190,0.28485866,0.21906251,0.18105666,-0.27039050,0.34169753,-0.18121055,-0.28588014,-0.08408377,0.18911366,-0.26908374,-0.20289708,-0.19551239,-0.27249093,0.07574277,-0.00375617,-0.00001278,-0.00051717,-0.02410037,0.99970941,0.30327534,0.16653426,0.01446816,0.40831142,-0.20122150,-0.00102148,0.00086945,0.18918953,0.01577492,-0.13633971,-0.18926448,0.01236773,-0.05506367,1.64774003,-0.91072282,0.29999513,-2.80861630,0.79000525,-0.24452536,1.50909488,-0.31762937,0.71877408,-3.12413759,2.54917030
0.18878352,-0.00756369,-0.02423438,-0.01792790,-0.36335486,-0.09529529,-0.13432221,0.24015844,-1.34157763,0.14097071,0.67986304,-1.63446710,-0.19372258,0.87003301,-1.61588755,0.18417289,0.35380877,-1.47454400,0.34870499,0.01110865,0.00166190,0.28441890,0.23554136,0.18160639,-0.27047213,0.33502318,-0.18174306,-0.28499153,-0.07320776,0.19394407,-0.27060085,-0.20946335,-0.19676351,-0.27160823,0.07944641,-0.00408657,-0.00010223,-0.00405470,-0.02502377,0.99967863,0.32377895,0.16550771,0.01394676,0.40495699,-0.20236398,-0.00057263,0.01603380,0.19327736,0.01381805,-0.13959913,-0.19012372,0.01281067,-0.05629121,1.73862362,-0.86812793,0.04386851,-3.08225627,1.17216725,-0.29172406,1.67060797,-0.38227392,0.80169463,-2.22563801,2.19734082
0.19865484,-0.00496986,-0.03400460,-0.02264629,-0.43886226,-0.13503317,-0.13509283,0.27548557,-1.35714524,0.13912372,0.62013203,-1.60894713,-0.20014560,0.90602862,-1.62478426,0.19886718,0.33581585,-1.44951177,0.34870499,0.01110865,0.00166190,0.28381065,0.25217842,0.18133376,-0.27005916,0.32833467,-0.18220767,-0.28387963,-0.06787115,0.19842025,-0.27160536,-0.21623997,-0.19807574,-0.27057955,0.08344096,-0.00441303,-0.00022424,-0.00845882,-0.02635184,0.99961692,0.34482310,0.16338229,0.01375149,0.40171957,-0.20366667,-0.00006899,0.02611829,0.19730757,0.01220529,-0.14293473,-0.19082057,0.01323110,-0.03416871,1.73731227,-0.75655962,-0.09595208,-2.91790323,1.25647566,-0.31915113,1.77863262,-0.44116130,0.70805038,-0.75230421,1.12766653
0.25257618,0.01044867,-0.04895425,-0.02877838,-0.52309866,-0.22407273,-0.13465454,0.31170720,-1.37165601,0.13701737,0.56151260,-1.58124104,-0.20779808,0.94404410,-1.63377559,0.20782565,0.34795263,-1.45112996,0.34870499,0.01110865,0.00166190,0.28301461,0.26882027,0.18094982,-0.26882575,0.32163009,-0.18232666,-0.28268956,-0.06857259,0.20107058,-0.27211683,-0.22318291,-0.19960711,-0.26942928,0.08826104,-0.00452467,-0.00038495,-0.01349218,-0.02841888,0.99950497,0.36692858,0.16085846,0.01418886,0.39901173,-0.20483177,0.00032506,0.03122405,0.20011736,0.01089779,-0.14590297,-0.19112806,0.01358534,0.03183479,1.86792536,-0.74260019,-0.10518593,-3.01626444,1.44397681,-0.40260358,1.96304715,-0.45815388,0.41162502,0.81108578,-0.26539880
0.28472917,0.02830539,-0.05595239,-0.02681494,-0.44502249,-0.30101655,-0.13325314,0.34743538,-1.38682866,0.13627705,0.49967518,-1.54843509,-0.21674637,0.97982800,-1.63951886,0.20923446,0.38213813,-1.47809172,0.34870499,0.01110865,0.00166190,0.28209835,0.28585983,0.18094338,-0.26728055,0.31492678,-0.18210182,-0.28154659,-0.07358707,0.20119601,-0.27159794,-0.23015069,-0.20148256,-0.26826079,0.09400125,-0.00435522,-0.00056918,-0.01813772,-0.03136025,0.99934340,0.39064378,0.15830874,0.01481780,0.39689061,-0.20584463,0.00055177,0.03317395,0.20105883,0.01050041,-0.14832956,-0.19101090,0.01383756,0.07401582,1.74495387,-0.75214744,-0.02433272,-3.06320000,1.65016496,-0.44746783,1.72940409,-0.25174898,0.01703115,1.80907977,-1.48918343
0.32624967,0.04242417,-0.05418834,-0.01426523,-0.22001701,-0.33113517,-0.13240635,0.38096776,-1.40582342,0.13716142,0.43055536,-1.50986178,-0.22547984,1.00697720,-1.63680422,0.20698676,0.42286827,-1.51178145,0.34870499,0.01110865,0.00166190,0.28126788,0.30344584,0.18129205,-0.26599710,0.30799242,-0.18186199,-0.28063014,-0.08104909,0.20016917,-0.27060393,-0.23723108,-0.20350808,-0.26729935,0.10063508,-0.00396507,-0.00071085,-0.02046460,-0.03470360,0.99918785,0.41592774,0.15583707,0.01527078,0.39526776,-0.20675732,0.00063775,0.03366902,0.20134493,0.01066395,-0.15014372,-0.19052368,0.01396854,0.03971449,1.65938923,-0.95116861,0.04531185,-3.44184642,1.91776800,-0.43059990,1.32870808,0.15235621,-0.11319715,2.01122909,-1.65455005
0.36071727,0.05079060,-0.04301975,0.00631681,0.07822850,-0.29000964,-0.13288773,0.41164205,-1.42909484,0.13872415,0.35521333,-1.46861231,-0.23246095,1.02378027,-1.62460954,0.20384244,0.45704084,-1.53553562,0.34870499,0.01110865,0.00166190,0.28069079,0.32121380,0.18167385,-0.26510657,0.30074296,-0.18184538,-0.28005549,-0.08903844,0.19909896,-0.27016413,-0.24452493,-0.20542175,-0.26667213,0.10779487,-0.00350394,-0.00074496,-0.01982543,-0.03758975,0.99909630,0.44175175,0.15351992,0.01558422,0.39402352,-0.20743340,0.00063530,0.03396867,0.20172260,0.01052666,-0.15147440,-0.18997105,0.01401866,-0.02790049,1.55243237,-1.19155729,0.08049063,-3.84642301,2.10901175,-0.34994537,0.83025341,0.64116423,-0.16198434,1.71759920,-1.18326583
0.36114475,0.04753196,-0.02449590,0.02721436,0.34484282,-0.17757883,-0.13492973,0.43895034,-1.45506628,0.14012829,0.27490861,-1.42517762,-0.23685147,1.03163393,-1.60599215,0.20021130,0.48306617,-1.54974217,0.34870499,0.01110865,0.00166190,0.28040932,0.33895182,0.18181541,-0.26461554,0.29334631,-0.18215294,-0.27981821,-0.09697192,0.19806921,-0.27002773,-0.25181827,-0.20694845,-0.26616624,0.11521617,-0.00310781,-0.00065120,-0.01649586,-0.03950164,0.99908312,0.46746468,0.15137898,0.01579378,0.39326536,-0.20785253,0.00059111,0.03418500,0.20199928,0.01038159,-0.15215510,-0.18952859,0.01424308,-0.10698279,1.32433875,-1.27983086,0.06478008,-3.94899883,2.12312145,-0.20237441,0.35709490,0.92396871,-0.17767145,1.24595406,-0.66389053
0.38366667,0.04012480,-0.00654002,0.04248742,0.52779419,-0.05672142,-0.13822753,0.46350402,-1.48062646,0.13996958,0.19145885,-1.37802963,-0.23855209,1.03517053,-1.58737714,0.19692558,0.50321079,-1.55653391,0.34870499,0.01110865,0.00166190,0.28041863,0.35652897,0.18136481,-0.26459734,0.28587392,-0.18277091,-0.27996082,-0.10481510,0.19727795,-0.27010860,-0.25880051,-0.20783240,-0.26528969,0.12270762,-0.00290203,-0.00046266,-0.01150236,-0.04020622,0.99912509,0.49265691,0.14922825,0.01582129,0.39297102,-0.20805271,0.00045780,0.03408327,0.20216020,0.01031003,-0.15195596,-0.18926707,0.01512893,-0.17584473,1.24950116,-1.30350058,-0.02084935,-4.31584148,2.47447376,-0.07231691,0.16579067,0.94532856,-0.16567430,1.00551655,-0.30436620
0.36750474,0.02611732,0.01301501,0.04265788,0.53089679,0.04439282,-0.14181617,0.48693973,-1.50356877,0.13860187,0.10404734,-1.31937456,-0.23788030,1.03884685,-1.57256055,0.19386852,0.52003688,-1.55810416,0.34870499,0.01110865,0.00166190,0.28073129,0.37422600,0.18059451,-0.26549987,0.27829375,-0.18349043,-0.28044625,-0.11246969,0.19666337,-0.27052432,-0.26540943,-0.20798026,-0.26395810,0.13021697,-0.00293374,-0.00024313,-0.00609014,-0.03988919,0.99918552,0.51764837,0.14725412,0.01523142,0.39299789,-0.20802479,0.00028504,0.03378250,0.20206944,0.01020697,-0.15092725,-0.18909464,0.01677319,-0.17605194,1.14420044,-1.10433376,-0.07326199,-4.31454802,2.96684551,0.04942715,0.18879946,0.69475168,-0.14914484,0.80620188,-0.04587454
0.37240988,0.01698152,0.02727059,0.03810689,0.48257879,0.09085921,-0.14503654,0.51082031,-1.52350905,0.13873529,0.01519930,-1.25036478,-0.23362537,1.04597170,-1.56452744,0.19140766,0.53628441,-1.55727472,0.34870499,0.01110865,0.00166190,0.28129267,0.39191559,0.18022811,-0.26620022,0.27062232,-0.18415527,-0.28101253,-0.11997587,0.19625893,-0.27112738,-0.27153639,-0.20694216,-0.26233528,0.13772343,-0.00317452,-0.00004718,-0.00119658,-0.03897970,0.99923928,0.54248785,0.14597560,0.01509244,0.39317763,-0.20785171,0.00028014,0.03340076,0.20183415,0.01016529,-0.14910864,-0.18833508,0.01895738,-0.15908399,1.18555627,-0.98364480,0.01077090,-4.39589386,3.42419429,0.21285983,0.35575355,0.38608293,-0.12045643,0.80725098,0.04318821
0.38076426,0.01531466,0.03898229,0.03446636,0.44761677,0.08945842,-0.14784999,0.53475834,-1.54038227,0.14048092,-0.06249184,-1.18504019,-0.22920717,1.05174615,-1.56320050,0.18953122,0.55290529,-1.55550690,0.34870499,0.01110865,0.00166190,0.28200536,0.40695174,0.18029033,-0.26668835,0.26291764,-0.18475937,-0.28171009,-0.12748843,0.19602970,-0.27175695,-0.27577859,-0.20571125,-0.26030727,0.14521660,-0.00344711,0.00012242,0.00322494,-0.03808503,0.99926929,0.56471062,0.14534499,0.01531701,0.39330853,-0.20768253,0.00029527,0.03301885,0.20171771,0.01024840,-0.14541971,-0.18757066,0.02169809,-0.14216835,1.21694398,-0.85239379,0.08878003,-3.90517931,3.29577098,0.22080812,0.27632527,0.05312544,-0.09598173,0.84565198,0.09112594
0.36638991,0.01873652,0.04562347,0.03152697,0.41717238,0.03966811,-0.15034914,0.55893867,-1.55547330,0.14162033,-0.12066115,-1.12806005,-0.22431650,1.04676933,-1.56662621,0.18704858,0.56951982,-1.55307331,0.34870499,0.01110865,0.00166190,0.28281789,0.41709396,0.18040042,-0.26885500,0.25508007,-0.18530056,-0.28248023,-0.13504411,0.19563520,-0.27243900,-0.27592075,-0.20443301,-0.25878546,0.15271055,-0.00363865,0.00028199,0.00749200,-0.03763163,0.99926355,0.58219140,0.14488030,0.01396289,0.39313128,-0.20759945,0.00033766,0.03276307,0.20159937,0.01037889,-0.13780451,-0.18674005,0.02403243,-0.12168498,1.18889873,-0.73641747,0.04990697,-2.77333689,2.77655811,0.25395101,-0.30665677,-0.17917435,-0.12628646,0.81351361,0.12282203
0.38278334,0.02589571,0.05459007,0.03204003,0.42583449,0.00900525,-0.15300098,0.58371224,-1.56929553,0.14184843,-0.16306680,-1.07913074,-0.21392467,1.02935343,-1.57260246,0.18373722,0.58642365,-1.55020285,0.34870499,0.01110865,0.00166190,0.28369693,0.42333524,0.18046926,-0.27254877,0.24702942,-0.18590170,-0.28320926,-0.14273730,0.19500359,-0.27316583,-0.27194493,-0.20183244,-0.25889719,0.16019096,-0.00371158,0.00043767,0.01165633,-0.03752082,0.99922776,0.59586818,0.14450191,0.01114815,0.39258325,-0.20761548,0.00048767,0.03247969,0.20144730,0.01053109,-0.12612437,-0.18458145,0.02479973,-0.13910059,1.27761633,-0.70120021,0.00837910,-2.09664173,2.44828310,0.57955970,-0.96307081,-0.32307889,-0.17441611,0.87428052,0.14859333
0.35614748,0.03069555,0.05963235,0.02690272,0.35949452,0.04109344,-0.15629750,0.60829401,-1.57983065,0.14176083,-0.19279438,-1.04316306,-0.20067163,1.00897121,-1.58572674,0.18024214,0.60453540,-1.54761755,0.34870499,0.01110865,0.00166190,0.28467309,0.42707488,0.18046790,-0.27605389,0.23892211,-0.18674551,-0.28397118,-0.15058221,0.19429481,-0.27384588,-0.26562038,-0.19829047,-0.25905520,0.16754096,-0.00364926,0.00057292,0.01540496,-0.03716019,0.99919041,0.60684085,0.14459790,0.00861920,0.39193201,-0.20762553,0.00070191,0.03180653,0.20129374,0.01082721,-0.11207426,-0.18166225,0.02561790,-0.16675538,1.20199418,-0.48875105,-0.00589560,-1.37116265,1.66721892,0.65784943,-0.99858111,-0.70654643,-0.17136072,0.89779317,0.12355692
0.34730095,0.03689449,0.06804258,0.02020794,0.27494784,0.11665751,-0.16052257,0.63337663,-1.58555722,0.13964837,-0.19988607,-1.03114383,-0.19155320,0.98585383,-1.60581160,0.17675622,0.62479683,-1.54595757,0.34870499,0.01110865,0.00166190,0.28579052,0.42661215,0.18000714,-0.27946047,0.23063388,-0.18795774,-0.28472812,-0.15849049,0.19354007,-0.27450535,-0.25682559,-0.19563899,-0.25825082,0.17460884,-0.00342093,0.00065612,0.01821605,-0.03601102,0.99918514,0.61307240,0.14540854,0.00633005,0.39111379,-0.20749373,0.00106240,0.03046197,0.20102631,0.01128517,-0.09563395,-0.18006417,0.02753970,-0.21135589,1.24640198,-0.27709733,-0.11155157,-0.30199047,0.53455688,0.44657133,-1.17196202,-0.99004308,-0.17349714,1.00999448,0.08025239
0.37295226,0.04540370,0.06539557,0.01311078,0.18470694,0.18940796,-0.16525489,0.65906779,-1.58766942,0.13361026,-0.18076733,-1.05340502,-0.18480633,0.94852875,-1.62149253,0.17312107,0.64753932,-1.54551287,0.34870499,0.01110865,0.00166190,0.28679149,0.42175457,0.17842545,-0.28181377,0.22224418,-0.18939023,-0.28536333,-0.16649658,0.19269225,-0.27516456,-0.24430261,-0.19376965,-0.25854665,0.18201002,-0.00303991,0.00068625,0.02007823,-0.03417586,0.99921389,0.61497000,0.14615195,0.00497772,0.39079464,-0.20717251,0.00142815,0.02906834,0.20057801,0.01162693,-0.07496110,-0.17966462,0.02824484,-0.23959085,1.30682454,-0.10068776,-0.31760114,1.02640086,-1.21336256,0.34280462,-1.93532929,-0.78351406,-0.18457020,1.16286452,0.01954962
0.38266491,0.04745686,0.05166095,0.00541033,0.07971638,0.23084498,-0.16944747,0.68514132,-1.58670790,0.12397560,-0.14363792,-1.10135369,-0.17788050,0.89893725,-1.63323066,0.16994121,0.67308300,-1.54646223,0.34870499,0.01110865,0.00166190,0.28753988,0.41418214,0.17575508,-0.28262872,0.21385809,-0.19073413,-0.28592153,-0.17464466,0.19191649,-0.27571603,-0.22849934,-0.19189966,-0.25976315,0.18986394,-0.00257589,0.00066853,0.02097933,-0.03185217,0.99927217,0.61439843,0.14644478,0.00491116,0.39114079,-0.20654260,0.00161835,0.02779621,0.20007343,0.01182385,-0.05039287,-0.17953377,0.02777672,-0.20289736,1.28130207,0.06069155,-0.48166211,1.86356626,-2.40236998,0.34205928,-2.45999856,-0.57116675,-0.15216346,1.26426640,-0.05265544
0.41712657,0.04824814,0.04153130,-0.00177493,-0.03120232,0.25378645,-0.17405184,0.71223278,-1.58175361,0.11406305,-0.10162996,-1.15047164,-0.17178194,0.84511998,-1.64554698,0.16758065,0.70166423,-1.54912398,0.34870499,0.01110865,0.00166190,0.28803762,0.40584768,0.17308514,-0.28308250,0.20518536,-0.19227771,-0.28637355,-0.18287778,0.19130565,-0.27609456,-0.21091577,-0.19009342,-0.26048195,0.19801097,-0.00211454,0.00061221,0.02081463,-0.02938718,0.99935117,0.61332814,0.14682321,0.00495512,0.39154322,-0.20611704,0.00166408,0.02669065,0.19960675,0.01194306,-0.02371055,-0.17948572,0.02755567,-0.24447988,1.40205426,0.28378505,-0.50272279,2.16704769,-2.48258762,0.30189475,-2.78394141,-0.64506631,-0.11663918,1.49095454,-0.14900564
0.39602335,0.04053406,0.02609512,-0.00834484,-0.14860751,0.22115170,-0.17889139,0.73975611,-1.57364428,0.10557293,-0.05994281,-1.19164491,-0.16945367,0.78764951,-1.65782797,0.16599207,0.73322994,-1.55377698,0.34870499,0.01110865,0.00166190,0.28829038,0.39765856,0.17091694,-0.28354377,0.19654076,-0.19394036,-0.28654930,-0.19104824,0.19083333,-0.27630812,-0.19180161,-0.18913300,-0.26009569,0.20615043,-0.00171636,0.00052792,0.01947051,-0.02709897,0.99944298,0.61248642,0.14740101,0.00474662,0.39189312,-0.20602199,0.00174108,0.02572383,0.19918916,0.01198226,0.00438184,-0.18017807,0.02819470,-0.23620969,1.35002065,0.41565472,-0.40556225,2.03817654,-1.96064913,0.08250159,-2.84680176,-0.59671259,-0.07246347,1.56777036,-0.24227534
0.38224710,0.03216830,0.00752763,-0.01406226,-0.27294011,0.19008840,-0.18176495,0.76691041,-1.56628690,0.09837205,-0.01887033,-1.22573593,-0.17141043,0.72561157,-1.66526043,0.16558325,0.76736481,-1.56071796,0.34870499,0.01110865,0.00166190,0.28819698,0.38989513,0.16915087,-0.28369433,0.18881098,-0.19499370,-0.28611285,-0.19883814,0.19058414,-0.27631323,-0.17156882,-0.18919857,-0.25887433,0.21389447,-0.00145219,0.00042272,0.01676111,-0.02517058,0.99954256,0.61180916,0.14785999,0.00450265,0.39265166,-0.20570202,0.00208413,0.02490088,0.19889837,0.01188375,0.03302031,-0.18177551,0.02932265,-0.14059529,1.34704592,0.36134069,-0.35452390,2.03749061,-1.68172314,-0.10013486,-3.08380537,-0.35734298,-0.01888569,1.69831936,-0.34935692
0.36632362,0.02444398,-0.01429091,-0.01871833,-0.38793636,0.14501284,-0.18378352,0.79350002,-1.56116753,0.09283341,0.02164391,-1.25449145,-0.17442151,0.66183994,-1.66586025,0.16583731,0.80376201,-1.57042994,0.34870499,0.01110865,0.00166190,0.28774512,0.38250620,0.16786821,-0.28351101,0.18214774,-0.19569963,-0.28491826,-0.20621998,0.19040924,-0.27605539,-0.15136300,-0.18953241,-0.25757242,0.22112571,-0.00130816,0.00030892,0.01298598,-0.02371933,0.99963426,0.61116331,0.14822914,0.00423411,0.39378657,-0.20542669,0.00282686,0.02416879,0.19866766,0.01168973,0.06094367,-0.18344824,0.03017270,-0.10212091,1.34991515,0.25436755,-0.27733443,2.05921774,-1.45180614,-0.15220011,-3.24249945,-0.01182083,0.01385243,1.85633509,-0.50096185
0.32970723,0.01618882,-0.03419729,-0.02089917,-0.45250198,0.07195305,-0.18541588,0.81885848,-1.56020243,0.08920849,0.06151256,-1.27898216,-0.17716110,0.59976779,-1.65743368,0.16647721,0.84204214,-1.58281846,0.34870499,0.01110865,0.00166190,0.28695973,0.37543400,0.16712158,-0.28300098,0.17692691,-0.19614535,-0.28281457,-0.21321477,0.19022551,-0.27550312,-0.13240574,-0.18990286,-0.25687488,0.22788233,-0.00127654,0.00019349,0.00842006,-0.02292548,0.99970170,0.61058261,0.14845926,0.00395875,0.39563184,-0.20532612,0.00414517,0.02361174,0.19852288,0.01145661,0.08691053,-0.18491022,0.03008485,-0.07755914,1.23683765,0.02133144,-0.16963516,1.95109096,-1.18489823,-0.13393864,-3.02803016,0.45556878,0.03285758,1.88200819,-0.61621242
0.33431680,0.01150467,-0.04998033,-0.02384564,-0.52365613,0.00453590,-0.18639667,0.84176404,-1.56878092,0.08740593,0.10066386,-1.30041304,-0.18076660,0.54039382,-1.63892148,0.16718933,0.88159485,-1.59699392,0.34870499,0.01110865,0.00166190,0.28596292,0.36860196,0.16687500,-0.28219870,0.17422764,-0.19613221,-0.27930429,-0.21992560,0.18996143,-0.27472057,-0.11502983,-0.19069368,-0.25698923,0.23438998,-0.00133906,0.00007695,0.00337518,-0.02280363,0.99973426,0.61021736,0.14855574,0.00376421,0.39949365,-0.20521131,0.00665863,0.02335453,0.19845245,0.01124235,0.11078498,-0.18658956,0.02897369,-0.04606098,1.15891092,-0.51757588,-0.08174323,2.01088972,-1.08689170,-0.19552685,-3.04281621,1.01625808,0.03577379,2.04361432,-0.73927951
0.31444111,0.00797770,-0.05881533,-0.02423814,-0.52634050,-0.04542891,-0.18746237,0.85509586,-1.58770514,0.08688399,0.13942556,-1.32014501,-0.18588623,0.48120105,-1.61155772,0.16757530,0.92259735,-1.61260462,0.34870499,0.01110865,0.00166190,0.28481087,0.36190352,0.16697177,-0.28112257,0.17619768,-0.19588457,-0.27440022,-0.22654203,0.18951125,-0.27373314,-0.09830399,-0.19203377,-0.25754193,0.24081843,-0.00146606,-0.00004551,-0.00196095,-0.02319984,0.99972892,0.61007774,0.14853825,0.00368831,0.40773989,-0.20531309,0.01041065,0.02331118,0.19834986,0.01107773,0.13371234,-0.18873305,0.02726894,-0.05503787,0.56857216,-0.99529231,-0.01793486,1.89815271,-0.95778346,-0.26138476,-2.90569472,1.39995170,0.01611341,2.02066755,-0.77500761
0.31767444,0.00516626,-0.06965901,-0.02603391,-0.55082229,-0.06885700,-0.18992404,0.83833127,-1.59747176,0.08672789,0.17794928,-1.33867571,-0.19205921,0.42244174,-1.57738459,0.16850753,0.96446081,-1.62858074,0.34870499,0.01110865,0.00166190,0.28350773,0.35528035,0.16715439,-0.27986079,0.18572871,-0.19634061,-0.27078487,-0.23306913,0.18913113,-0.27252128,-0.08200260,-0.19374761,-0.25814439,0.24723625,-0.00166537,-0.00017989,-0.00750841,-0.02389198,0.99968633,0.61009622,0.14832585,0.00364693,0.42337339,-0.20665438,0.01272286,0.02346833,0.19838393,0.01098645,0.15607162,-0.19127437,0.02536334,-0.12266268,-0.89155035,-0.44294806,-0.00760048,1.91203089,-0.91787422,-0.30661781,-2.90988746,1.69939051,0.04939361,2.07855859,-0.79166071
0.32615777,0.00021970,-0.08059910,-0.02832224,-0.58190958,-0.06111573,-0.19177735,0.79374685,-1.58693113,0.08673408,0.21665016,-1.35638530,-0.19799472,0.36847858,-1.54312751,0.17113166,1.00689424,-1.64390204,0.34870499,0.01110865,0.00166190,0.28209766,0.34861815,0.16736889,-0.27849093,0.20054854,-0.19719191,-0.26981578,-0.23963061,0.18914554,-0.27106715,-0.06679434,-0.19538034,-0.25840980,0.25367973,-0.00197103,-0.00032465,-0.01322562,-0.02450541,0.99961216,0.61008024,0.14811439,0.00360673,0.44432488,-0.20875302,0.01228188,0.02360518,0.19868929,0.01103051,0.17739192,-0.19384373,0.02368786,-0.08790969,-2.30495358,0.56847680,0.00115207,1.96962943,-0.89985101,-0.29923767,-2.72628722,1.73270264,0.13726196,2.16020942,-0.77792830
0.31634089,-0.00686575,-0.08537415,-0.02851199,-0.57587599,-0.00938438,-0.19053217,0.74028656,-1.56852045,0.08684279,0.25602154,-1.37399561,-0.20287503,0.32390454,-1.51366699,0.17490551,1.05006182,-1.65840929,0.34870499,0.01110865,0.00166190,0.28060818,0.34182175,0.16759183,-0.27696763,0.21713163,-0.19731688,-0.26956434,-0.24631051,0.18939058,-0.26944753,-0.05363453,-0.19667997,-0.25831560,0.26017440,-0.00241946,-0.00047089,-0.01909487,-0.02465504,0.99951353,0.60984339,0.14811535,0.00364055,0.46731343,-0.21020183,0.01104383,0.02350118,0.19888490,0.01116064,0.19690798,-0.19621583,0.02229258,0.07579554,-2.61534653,0.89988002,0.00427348,1.93313122,-0.86429676,-0.23535804,-2.13765986,1.42059736,0.18690034,2.11799560,-0.70630939
0.33500144,-0.01460342,-0.09402063,-0.03010320,-0.61490125,0.06280532,-0.18718297,0.69025376,-1.55207829,0.08629189,0.29604439,-1.39163930,-0.20602324,0.29395086,-1.49098580,0.17938376,1.09337766,-1.67102759,0.34870499,0.01110865,0.00166190,0.27910765,0.33488302,0.16759915,-0.27538583,0.23320692,-0.19669313,-0.26845284,-0.25315749,0.18976075,-0.26785492,-0.04390738,-0.19759124,-0.25865128,0.26673660,-0.00300513,-0.00060453,-0.02506132,-0.02412679,0.99939455,0.60931696,0.14823910,0.00372183,0.49018048,-0.21072245,0.01065481,0.02303088,0.19875061,0.01125273,0.21334566,-0.19824745,0.02045638,0.17898919,-2.54332743,0.82750560,-0.03444320,2.06362739,-0.90732218,-0.14729293,-1.43373945,1.11913118,0.23612124,2.22894673,-0.63407140
0.31918380,-0.01961597,-0.09104048,-0.02880187,-0.61107836,0.10992041,-0.18357532,0.64168102,-1.53463638,0.08514493,0.33688474,-1.40878940,-0.20507587,0.28652984,-1.48239124,0.18565671,1.13715744,-1.68149340,0.34870499,0.01110865,0.00166190,0.27765295,0.32778256,0.16741647,-0.27376735,0.24897279,-0.19592718,-0.26662313,-0.26025452,0.19051487,-0.26620129,-0.03922799,-0.19749074,-0.25991552,0.27332456,-0.00369638,-0.00072160,-0.03125693,-0.02306850,0.99924488,0.60848373,0.14841545,0.00388560,0.51299059,-0.21090425,0.01102982,0.02213904,0.19862556,0.01145166,0.22502470,-0.19916645,0.01773743,0.17644463,-2.38087583,0.87314487,-0.05936140,2.00838017,-0.83621103,0.08003764,-0.19086458,0.30465686,0.32259348,2.15085793,-0.49877164
0.31944156,-0.02101423,-0.09176309,-0.02839677,-0.63835203,0.16303933,-0.17857242,0.58783610,-1.50859151,0.08358517,0.37888168,-1.42547719,-0.20300339,0.30677570,-1.49786499,0.19326136,1.18165770,-1.68970664,0.34870499,0.01110865,0.00166190,0.27629529,0.32043437,0.16708323,-0.27207989,0.26558547,-0.19484582,-0.26500278,-0.26767382,0.19147199,-0.26451427,-0.04035391,-0.19689321,-0.26073678,0.27984508,-0.00440433,-0.00080797,-0.03770469,-0.02144639,0.99905843,0.60715439,0.14877401,0.00421540,0.53682437,-0.21046787,0.01129251,0.02063458,0.19837811,0.01178102,0.23107896,-0.19938443,0.01555851,0.25095490,-2.68391809,1.30887170,-0.07918028,2.08465991,-0.82912561,0.09580749,1.04183350,-0.80473638,0.37727001,2.20529542,-0.40064303
0.34454267,-0.01682103,-0.09887692,-0.02317482,-0.56400655,0.21887218,-0.17266940,0.52835771,-1.47542243,0.08121750,0.42034655,-1.44319470,-0.20417656,0.34495768,-1.53095453,0.20065790,1.22271614,-1.69317458,0.34870499,0.01110865,0.00166190,0.27494195,0.31290635,0.16645458,-0.27056409,0.28284677,-0.19353316,-0.26377303,-0.27532423,0.19238904,-0.26302640,-0.04563840,-0.19686917,-0.26012714,0.28672591,-0.00500771,-0.00083566,-0.04333370,-0.01930230,0.99887382,0.60582943,0.14923383,0.00437785,0.56188458,-0.20932385,0.01116891,0.01903995,0.19787453,0.01191555,0.23351577,-0.19996672,0.01481481,0.29918465,-3.03432016,1.69350281,-0.12138489,2.10379214,-0.90658046,-0.06368252,1.97025242,-1.70947189,0.37502989,2.07111783,-0.16023631
0.34972152,-0.01106054,-0.09017802,-0.01059453,-0.28233576,0.17620397,-0.16728349,0.46517302,-1.44197922,0.07924673,0.45856538,-1.46385987,-0.20579114,0.38929921,-1.56867304,0.20695899,1.25433044,-1.68908567,0.34870499,0.01110865,0.00166190,0.27374906,0.30530741,0.16584992,-0.26939393,0.30007371,-0.19219080,-0.26252700,-0.28301773,0.19326881,-0.26171946,-0.05351093,-0.19685511,-0.25900121,0.29396439,-0.00549566,-0.00081080,-0.04649442,-0.01742646,0.99876620,0.60487170,0.14960254,0.00435513,0.58715079,-0.20803767,0.01122206,0.01786118,0.19752869,0.01202960,0.23361866,-0.20036420,0.01474785,0.26148048,-3.11054153,1.62582674,-0.09032681,1.85400832,-1.02834277,-0.07358421,2.16408644,-1.82882884,0.30094841,1.49904127,0.23480443
0.37795822,-0.00496526,-0.07525463,0.00298834,0.09076909,0.02312180,-0.16147548,0.39779115,-1.41190777,0.07937542,0.49166259,-1.48793523,-0.20673248,0.42575635,-1.59570470,0.21033482,1.27343235,-1.67807565,0.34870499,0.01110865,0.00166190,0.27291757,0.29765900,0.16576527,-0.26871555,0.31714839,-0.19041374,-0.26139299,-0.29045274,0.19380375,-0.26041567,-0.06172514,-0.19684162,-0.25836047,0.30138884,-0.00586197,-0.00078338,-0.04607893,-0.01698047,0.99879316,0.60451055,0.14968944,0.00420202,0.61188138,-0.20694622,0.01152459,0.01769176,0.19770290,0.01250190,0.23300830,-0.20049166,0.01455710,0.30644901,-3.49956722,1.52584624,0.02271498,1.66894081,-1.25952318,-0.04728283,1.80021801,-1.29609807,0.15041157,0.90219617,0.60436440
0.36533211,0.00778922,-0.04752922,0.01502934,0.42590330,-0.14716893,-0.15399022,0.32415208,-1.38214886,0.08125988,0.52003229,-1.51489151,-0.20781107,0.45157644,-1.60917544,0.20917045,1.28148019,-1.66295397,0.34870499,0.01110865,0.00166190,0.27251789,0.28989003,0.16610472,-0.26860488,0.33435841,-0.18786766,-0.26085940,-0.29746097,0.19358666,-0.25900950,-0.06973354,-0.19713202,-0.25831322,0.30888925,-0.00601264,-0.00077092,-0.04220932,-0.01824492,0.99894189,0.60465148,0.14939558,0.00391301,0.63616443,-0.20596454,0.01165849,0.01869574,0.19830709,0.01350839,0.23200369,-0.20046677,0.01420467,0.38003132,-3.65715504,1.46546078,0.10243715,1.35969758,-1.34058547,-0.05473722,1.19529569,-0.56970817,-0.09121351,0.32212451,0.76482570
0.37394164,0.02564367,-0.02434436,0.02510429,0.64051812,-0.20140670,-0.14574030,0.24179005,-1.34127648,0.08257198,0.54538959,-1.54402444,-0.20861116,0.47001804,-1.61226935,0.20326590,1.28137033,-1.64570682,0.34870499,0.01110865,0.00166190,0.27255500,0.28196362,0.16620842,-0.26903422,0.35182154,-0.18506196,-0.26186401,-0.30399048,0.19248135,-0.25758706,-0.07781065,-0.19758548,-0.25881764,0.31645097,-0.00581192,-0.00072544,-0.03579672,-0.02028883,0.99915286,0.60492947,0.14881305,0.00352078,0.66046982,-0.20500368,0.01069099,0.02052494,0.19885138,0.01496794,0.23068339,-0.20007577,0.01373736,0.40722638,-4.09452829,2.03857775,0.06270108,1.25607316,-1.44669275,-0.04046062,0.90769978,-0.14233694,-0.29674883,-0.01375631,0.85723218
0.38983067,0.03653584,-0.00105848,0.03172495,0.74119957,-0.15455733,-0.13911585,0.15553316,-1.29328773,0.08269812,0.56975576,-1.57308838,-0.20994595,0.48496379,-1.60990272,0.19614595,1.27684338,-1.62791498,0.34870499,0.01110865,0.00166190,0.27295350,0.27395652,0.16594822,-0.26973743,0.36934421,-0.18264008,-0.26293717,-0.30990850,0.19117439,-0.25617169,-0.08586308,-0.19831430,-0.25953245,0.32412110,-0.00542987,-0.00062229,-0.02852074,-0.02185096,0.99935415,0.60506929,0.14838529,0.00321608,0.68512925,-0.20403920,0.01001634,0.02286489,0.19910771,0.01678182,0.22967189,-0.19980162,0.01342106,0.33088074,-4.39710512,2.46638384,0.00446450,1.23895905,-1.47523794,-0.06982138,0.75578573,0.12912714,-0.36035843,-0.23971453,0.90543131
0.38221803,0.03280881,0.02321774,0.03259238,0.72572366,-0.05911580,-0.13514488,0.06619391,-1.23556209,0.08200636,0.59414419,-1.60048382,-0.21160575,0.49868944,-1.60459702,0.19016217,1.26804967,-1.61216233,0.34870499,0.01110865,0.00166190,0.27372664,0.26579365,0.16547123,-0.27064063,0.38686804,-0.18096163,-0.26399857,-0.31438235,0.19018036,-0.25470142,-0.09397741,-0.19921271,-0.26036956,0.33190980,-0.00509847,-0.00047552,-0.02110820,-0.02253414,0.99952310,0.60489067,0.14822614,0.00308601,0.71022940,-0.20331118,0.00972807,0.02641771,0.19905690,0.01902522,0.22904997,-0.19987350,0.01335708,0.18346992,-4.38432436,2.86169038,-0.03712677,1.19634862,-1.33367281,-0.07978151,0.67150450,0.26732190,-0.28648376,-0.44955083,0.75077724
0.39815974,0.02333554,0.04817821,0.03358770,0.74193779,0.00773027,-0.13342535,-0.01909737,-1.17438931,0.08091794,0.61846367,-1.62476490,-0.21198498,0.51242049,-1.59807489,0.18301795,1.25252185,-1.60339825,0.34870499,0.01110865,0.00166190,0.27483617,0.25750400,0.16492551,-0.27178501,0.40298708,-0.17990960,-0.26500903,-0.31557387,0.18893607,-0.25369205,-0.10220384,-0.19981985,-0.26142019,0.33964479,-0.00496434,-0.00031262,-0.01386661,-0.02252753,0.99965000,0.60431694,0.14819372,0.00305116,0.73411821,-0.20284504,0.00982714,0.03290246,0.19799588,0.02114412,0.22854323,-0.19997727,0.01341598,0.07625651,-4.33977671,3.15061574,-0.05677798,1.25003552,-1.22580738,-0.00717386,0.70829141,0.34097080,-0.38820990,-0.85270189,0.39810009
0.36295202,0.00870802,0.06749339,0.02974385,0.66253825,0.01709810,-0.13263670,-0.08853403,-1.12033260,0.08056475,0.64225084,-1.64450347,-0.21027808,0.52661628,-1.59123647,0.16896410,1.22543430,-1.60138083,0.34870499,0.01110865,0.00166190,0.27627105,0.24917439,0.16464567,-0.27314920,0.41522755,-0.17919375,-0.26661135,-0.31206487,0.18608270,-0.25474241,-0.11047849,-0.19988832,-0.26272761,0.34708176,-0.00508022,-0.00015734,-0.00703568,-0.02235674,0.99972529,0.60336727,0.14826191,0.00312185,0.75388363,-0.20265692,0.00965970,0.04364739,0.19476683,0.02152863,0.22777802,-0.19982994,0.01354343,0.03497741,-3.27063870,2.57917690,-0.00976859,1.16157520,-0.93368918,0.09863692,0.69974095,0.33597383,-0.74754739,-1.41738439,0.05630184
0.33060468,-0.00407505,0.08869807,0.02618070,0.58276111,-0.03611191,-0.13074469,-0.13880791,-1.07166252,0.08167261,0.66569793,-1.65825088,-0.20760462,0.54115487,-1.58405013,0.15289959,1.18830495,-1.60522747,0.34870499,0.01110865,0.00166190,0.27806121,0.24083894,0.16484673,-0.27464651,0.42279513,-0.17847695,-0.27020091,-0.30417720,0.18264396,-0.25717289,-0.11853237,-0.19969051,-0.26420372,0.35376378,-0.00545811,-0.00002494,-0.00112083,-0.02269344,0.99974184,0.60183462,0.14829070,0.00341470,0.76802500,-0.20293566,0.00786030,0.05818739,0.19079983,0.02088833,0.22629249,-0.19956451,0.01385749,0.09753825,-2.46714792,2.39620256,0.05669694,1.16322844,-0.67172697,0.13258893,0.72297208,0.35683730,-0.78685852,-1.84481988,-0.20174891
0.30523816,-0.01289046,0.10747132,0.02234776,0.48414320,-0.11446504,-0.12700164,-0.17301911,-1.03493381,0.08366176,0.68899186,-1.66618097,-0.20493218,0.55679015,-1.57692838,0.14200107,1.15016985,-1.61377640,0.34870499,0.01110865,0.00166190,0.28012320,0.23250894,0.16536423,-0.27628763,0.42718127,-0.17738205,-0.27418568,-0.29450630,0.18029345,-0.25898078,-0.12642526,-0.19947346,-0.26578331,0.35976188,-0.00599175,0.00008897,0.00369508,-0.02378357,0.99971030,0.59987150,0.14812867,0.00383557,0.77802464,-0.20348730,0.00593752,0.07416244,0.18810269,0.02114241,0.22399389,-0.19922751,0.01433989,0.19386179,-1.69881802,1.83289361,0.10288746,1.18502491,-0.38974407,0.13621986,0.79961815,0.36118019,-0.54550413,-1.94128141,-0.43871277
0.30933879,-0.01727533,0.10924707,0.01721910,0.35090179,-0.18450674,-0.12206859,-0.18551676,-1.01911006,0.08649424,0.71269418,-1.66871426,-0.20224432,0.57467090,-1.57056990,0.13418581,1.10937753,-1.62378819,0.34870499,0.01110865,0.00166190,0.28226070,0.22404728,0.16618246,-0.27801053,0.42750963,-0.17606441,-0.27818738,-0.28319955,0.17861612,-0.26077713,-0.13438453,-0.19922101,-0.26744566,0.36602578,-0.00665670,0.00018995,0.00737134,-0.02560674,0.99964490,0.59828745,0.14783703,0.00425017,0.78396058,-0.20437788,0.00407332,0.09234244,0.18622444,0.02148357,0.22161776,-0.19873621,0.01481504,0.24487138,-0.50089639,0.65699882,0.14287197,1.16503022,-0.10465734,0.13115739,0.88758817,0.30671005,-0.37446300,-2.02121310,-0.49543518
0.36402206,-0.02377132,0.11034617,0.01403900,0.26222510,-0.24683362,-0.11561129,-0.17066530,-1.03634539,0.08988904,0.73713669,-1.66726220,-0.19988233,0.59512161,-1.56544132,0.12913381,1.06269836,-1.63640869,0.34870499,0.01110865,0.00166190,0.28428423,0.21541392,0.16720420,-0.27966494,0.42307077,-0.17431407,-0.28131295,-0.26921176,0.17757097,-0.26247848,-0.14250620,-0.19900921,-0.26904390,0.37300566,-0.00749157,0.00028133,0.01003650,-0.02795274,0.99955882,0.59742736,0.14741260,0.00461929,0.78567343,-0.20517713,0.00297128,0.11413845,0.18484717,0.02180575,0.21960026,-0.19822559,0.01524034,0.34573565,0.94035774,-1.11822512,0.17640601,1.26268823,0.09673063,0.11865391,1.06848929,0.25600824,-0.23926960,-2.44324408,-0.67311310
0.38050387,-0.02849017,0.09455673,0.00921104,0.15643706,-0.24412585,-0.10679317,-0.13645545,-1.07890999,0.09306569,0.76211715,-1.66231441,-0.19748090,0.61839288,-1.56180894,0.12641717,1.01016629,-1.65122557,0.34870499,0.01110865,0.00166190,0.28606761,0.20664335,0.16820684,-0.28127728,0.41550978,-0.17184941,-0.28319946,-0.25269055,0.17704077,-0.26378539,-0.15085533,-0.19872742,-0.27057435,0.38066988,-0.00851922,0.00035832,0.01176635,-0.03043687,0.99946737,0.59716564,0.14680172,0.00479032,0.78495270,-0.20533385,0.00286815,0.13922047,0.18356963,0.02228221,0.21800157,-0.19769888,0.01549326,0.44946194,1.78854418,-2.23210979,0.15283595,1.22775388,0.26703581,0.11940125,1.16134381,0.16692805,-0.11949942,-2.61442089,-0.73739356
0.40014985,-0.02814902,0.08028277,0.00269901,0.04413044,-0.19940189,-0.09930238,-0.09632467,-1.12225192,0.09619763,0.78760021,-1.65419698,-0.19494502,0.64526169,-1.56068368,0.12440382,0.95165385,-1.66304455,0.34870499,0.01110865,0.00166190,0.28749970,0.19791301,0.16923996,-0.28260266,0.40694911,-0.16982754,-0.28466612,-0.23437237,0.17660430,-0.26515778,-0.15934798,-0.19829709,-0.27196842,0.38871566,-0.00961393,0.00039821,0.01225622,-0.03247565,0.99939730,0.59719852,0.14642010,0.00489705,0.78378072,-0.20550311,0.00283359,0.16630323,0.18183370,0.02234192,0.21683002,-0.19714751,0.01553128,0.36518058,1.99287648,-2.13711853,0.15552022,1.26445744,0.40477241,0.12375050,1.33854053,0.05151121,-0.09839009,-2.91278534,-0.57834017
0.40496755,-0.02347838,0.06394218,-0.00545369,-0.08037132,-0.10655357,-0.09519100,-0.05600697,-1.15791547,0.09917427,0.81246500,-1.64544282,-0.19366866,0.67466967,-1.56186390,0.12374981,0.88888189,-1.67078948,0.34870499,0.01110865,0.00166190,0.28858839,0.18988604,0.17022024,-0.28331900,0.39841614,-0.16884863,-0.28593525,-0.21488231,0.17647997,-0.26641778,-0.16764708,-0.19811336,-0.27304938,0.39667008,-0.01061641,0.00038690,0.01151918,-0.03357531,0.99936973,0.59755265,0.14647538,0.00526940,0.78285518,-0.20582489,0.00265314,0.19411715,0.17988791,0.02217061,0.21610421,-0.19703105,0.01553901,0.20261949,2.04858103,-1.79607430,0.14991696,1.26065600,0.44445525,0.06141465,1.50044310,-0.06496012,-0.02719202,-3.19952383,-0.38701591
0.37088700,-0.01702410,0.04297559,-0.01317805,-0.19484270,0.01507809,-0.09382154,-0.01690850,-1.18578334,0.10155704,0.83547978,-1.63723590,-0.19330623,0.70613831,-1.56527996,0.12606568,0.82326690,-1.67502995,0.34870499,0.01110865,0.00166190,0.28934639,0.18306559,0.17100926,-0.28339885,0.39027880,-0.16871119,-0.28694276,-0.19452020,0.17707749,-0.26700772,-0.17561777,-0.19807505,-0.27387197,0.40425079,-0.01148358,0.00032289,0.00962085,-0.03351937,0.99939171,0.59836332,0.14687520,0.00594753,0.78234817,-0.20596594,0.00240362,0.22203267,0.17822963,0.02233866,0.21575584,-0.19734638,0.01547442,0.05619105,1.90929077,-1.33320577,0.11459422,1.11967180,0.39881115,0.01741735,1.55092607,-0.17722213,0.12769927,-3.22687249,-0.19043051
0.36533996,-0.01032031,0.02587809,-0.02005868,-0.30355704,0.11551987,-0.09479409,0.02072141,-1.20724101,0.10429281,0.85586741,-1.63067315,-0.19287884,0.73953806,-1.57112079,0.13062184,0.75449857,-1.67284904,0.34870499,0.01110865,0.00166190,0.28979104,0.17774746,0.17186019,-0.28273821,0.38258788,-0.16928688,-0.28765083,-0.17367656,0.17824048,-0.26723613,-0.18327816,-0.19789843,-0.27450627,0.41138117,-0.01217032,0.00022066,0.00677234,-0.03250078,0.99944874,0.59991864,0.14777876,0.00705283,0.78216242,-0.20595579,0.00214020,0.24965159,0.17697713,0.02255490,0.21563302,-0.19774331,0.01528476,-0.06358202,1.92884948,-1.07071259,0.14718919,1.02995384,0.32357959,0.02310719,1.73101468,-0.31638528,0.24326886,-3.56256776,0.16346187
0.33309669,0.00232783,0.00807351,-0.02234373,-0.35294235,0.16144810,-0.09731246,0.05714392,-1.22488129,0.10893176,0.86990565,-1.62615514,-0.19306082,0.77424389,-1.57927608,0.13583058,0.68183982,-1.66206503,0.34870499,0.01110865,0.00166190,0.28995070,0.17494383,0.17321204,-0.28133230,0.37530011,-0.17032648,-0.28796680,-0.15245858,0.17957534,-0.26744799,-0.19057511,-0.19776799,-0.27478270,0.41820352,-0.01258558,0.00010062,0.00325258,-0.03092008,0.99951656,0.60351923,0.14948183,0.00861840,0.78225797,-0.20578402,0.00198390,0.27713618,0.17607000,0.02250271,0.21576859,-0.19819579,0.01516800,-0.13259359,1.77712834,-0.84228373,0.24322376,0.63452649,0.20773971,-0.01538764,1.70877743,-0.41545838,0.25783479,-3.58961248,0.59021217
0.32297638,0.01231905,-0.01133929,-0.02309147,-0.38587598,0.17100589,-0.10076100,0.09189150,-1.24014158,0.11562112,0.87425978,-1.62421844,-0.19410674,0.80924711,-1.58930061,0.14227914,0.60638461,-1.64197783,0.34870499,0.01110865,0.00166190,0.28974261,0.17554917,0.17510728,-0.27931355,0.36848557,-0.17163929,-0.28784704,-0.13122190,0.18125477,-0.26732915,-0.19740238,-0.19776337,-0.27461446,0.42472361,-0.01272364,-0.00001781,-0.00063527,-0.02919623,0.99957350,0.61019408,0.15183873,0.01042906,0.78256280,-0.20557793,0.00189557,0.30430483,0.17588122,0.02241346,0.21611480,-0.19862796,0.01512814,-0.17159449,1.72281196,-0.75675464,0.33484948,0.20582083,0.08154520,-0.05278883,1.73689408,-0.49910805,0.32268580,-3.74569077,1.01375971
0.31871468,0.01835494,-0.03059326,-0.02310070,-0.40896241,0.16804083,-0.10431458,0.12592464,-1.25532823,0.12398867,0.87195303,-1.63081691,-0.19579837,0.84397826,-1.60014226,0.15021469,0.53122797,-1.61277642,0.34870499,0.01110865,0.00166190,0.28921325,0.17946089,0.17732661,-0.27586357,0.36192440,-0.17296099,-0.28734906,-0.11078615,0.18338307,-0.26718035,-0.20387499,-0.19785537,-0.27414459,0.43101465,-0.01271365,-0.00012714,-0.00465434,-0.02754005,0.99960986,0.61996688,0.15446288,0.01334968,0.78286684,-0.20533976,0.00186419,0.33049360,0.17649110,0.02203290,0.21655505,-0.19904357,0.01506865,-0.18021699,1.73070834,-0.77378349,0.43013041,-0.13854033,-0.35845118,-0.08846146,1.76541615,-0.55304081,0.40729311,-3.81784844,1.50576816
0.29901289,0.02206105,-0.04694662,-0.02186207,-0.41050609,0.14173857,-0.10766252,0.15995385,-1.27096493,0.13353164,0.85620478,-1.64114227,-0.19841275,0.87873547,-1.61201937,0.16013559,0.45886979,-1.57554357,0.34870499,0.01110865,0.00166190,0.28838747,0.18787047,0.17979358,-0.27165407,0.35547099,-0.17420079,-0.28652617,-0.09160603,0.18612146,-0.26708397,-0.21002760,-0.19810954,-0.27332305,0.43715404,-0.01259240,-0.00022935,-0.00883122,-0.02606860,0.99962112,0.63414026,0.15716470,0.01673339,0.78306224,-0.20508410,0.00186129,0.35537347,0.17805073,0.02130349,0.21708615,-0.19948570,0.01506442,-0.16335484,1.66841278,-0.76741325,0.46805509,-0.85150841,-0.48639492,-0.13122330,1.70634203,-0.58828239,0.49665551,-3.53050246,1.85305500
0.31161700,0.02943068,-0.06471089,-0.02246524,-0.44228008,0.09833355,-0.11091955,0.19405839,-1.28693497,0.14101181,0.82171961,-1.64075875,-0.20188291,0.91432416,-1.62461741,0.17327678,0.39159110,-1.53300221,0.34870499,0.01110865,0.00166190,0.28731643,0.20014367,0.18188110,-0.26900602,0.34907178,-0.17539223,-0.28543649,-0.07403747,0.18979724,-0.26677814,-0.21616345,-0.19850544,-0.27218243,0.44325867,-0.01234334,-0.00032837,-0.01312314,-0.02504400,0.99960016,0.65225923,0.15928705,0.01831041,0.78310945,-0.20499585,0.00187994,0.37881850,0.18092332,0.02053829,0.21742594,-0.19977500,0.01513400,-0.16749314,1.75585794,-0.82464212,0.36196221,-1.89215200,0.11563370,-0.18459916,1.83806462,-0.64954963,0.70027336,-3.42537494,2.21677384
0.29812219,0.03579013,-0.07167505,-0.02111420,-0.42568182,0.02932990,-0.11409676,0.22826719,-1.30340612,0.14395690,0.77558798,-1.63007879,-0.20734207,0.95007932,-1.63566291,0.19013591,0.33354416,-1.48903537,0.34870499,0.01110865,0.00166190,0.28608680,0.21441220,0.18289399,-0.26789391,0.34270025,-0.17653344,-0.28410178,-0.05897861,0.19455757,-0.26619820,-0.22248634,-0.19939801,-0.27085009,0.44940804,-0.01193917,-0.00043065,-0.01746310,-0.02464922,0.99954353,0.67257464,0.16016392,0.01819289,0.78299022,-0.20515006,0.00198502,0.40009105,0.18528902,0.01988860,0.21736361,-0.20012823,0.01523671,-0.15502904,1.67771196,-0.81114203,0.11014850,-2.32345557,0.58185351,-0.28444475,1.75153852,-0.52572697,0.85226136,-2.77159643,2.15714812
0.30005010,0.03965371,-0.07758411,-0.02264269,-0.45667220,-0.03234976,-0.11682744,0.26306545,-1.31976931,0.14368206,0.72706209,-1.61736674,-0.21451057,0.98671331,-1.64513226,0.20764142,0.29629251,-1.45374932,0.34870499,0.01110865,0.00166190,0.28479108,0.22936736,0.18298521,-0.26655688,0.33626937,-0.17752881,-0.28260214,-0.04885297,0.19958318,-0.26577266,-0.22909655,-0.20066929,-0.26940613,0.45555328,-0.01144399,-0.00055088,-0.02205083,-0.02495053,0.99944531,0.69376546,0.15986839,0.01823420,0.78254550,-0.20553071,0.00218894,0.41671990,0.19032822,0.01901842,0.21672918,-0.20043194,0.01538495,-0.13443612,1.72886062,-0.81065264,-0.01467111,-2.40767040,0.63320894,-0.35615544,1.82174542,-0.47015230,0.86567626,-1.80092559,1.72301216
0.29797982,0.03533016,-0.07924860,-0.02609787,-0.51374348,-0.10369663,-0.11890503,0.29875081,-1.33523219,0.14303714,0.67825445,-1.60225301,-0.22249575,1.02473297,-1.65422487,0.22332953,0.28584913,-1.43470502,0.34870499,0.01110865,0.00166190,0.28354656,0.24444240,0.18295111,-0.26467838,0.32972551,-0.17833490,-0.28104511,-0.04479901,0.20421059,-0.26600565,-0.23585341,-0.20203243,-0.26790197,0.46152923,-0.01104850,-0.00070399,-0.02708299,-0.02592706,0.99929665,0.71512980,0.15898075,0.01886818,0.78156345,-0.20624159,0.00250145,0.42737996,0.19521042,0.01754091,0.21551661,-0.20057879,0.01564459,-0.10384567,1.81655712,-0.78385179,-0.03255873,-2.48692017,0.78072569,-0.41148116,1.93375795,-0.45891437,0.79317770,-0.46603422,0.92682405
0.28619548,0.03200110,-0.07373504,-0.02831439,-0.52623345,-0.21216262,-0.11988549,0.33512954,-1.35016179,0.14249730,0.62582570,-1.58009796,-0.23336088,1.06200202,-1.66081145,0.23503473,0.30066313,-1.43424225,0.34870499,0.01110865,0.00166190,0.28241649,0.26003617,0.18301681,-0.26283555,0.32309932,-0.17880269,-0.27947140,-0.04629852,0.20775581,-0.26688176,-0.24259142,-0.20407055,-0.26631764,0.46745657,-0.01073584,-0.00091062,-0.03244138,-0.02797108,0.99908175,0.73732513,0.15744538,0.01958095,0.78004586,-0.20733571,0.00294509,0.43285442,0.19928493,0.01553474,0.21382748,-0.20091384,0.01609885,-0.04177637,1.78594124,-0.73290849,-0.02602479,-2.59404516,1.12534406,-0.54761537,1.81916032,-0.30695830,0.54627040,0.81356795,-0.05677167
0.32069897,0.04754961,-0.07834939,-0.02979197,-0.50143469,-0.36963811,-0.11927170,0.37172628,-1.36634903,0.14267765,0.56733297,-1.54894238,-0.24615489,1.09627664,-1.66275575,0.23856549,0.33129533,-1.45351954,0.34870499,0.01110865,0.00166190,0.28135768,0.27636695,0.18338191,-0.26138787,0.31632670,-0.17873503,-0.27801019,-0.05088856,0.20872124,-0.26745236,-0.24944714,-0.20661642,-0.26481934,0.47377143,-0.01024168,-0.00117734,-0.03740756,-0.03138176,0.99880652,0.76110533,0.15542921,0.01996981,0.77825388,-0.20848202,0.00334749,0.43608600,0.20126249,0.01390532,0.21184566,-0.20079118,0.01653834,0.04210516,1.88305609,-0.84583929,0.01673343,-3.05052748,1.65864048,-0.66290228,1.73983111,-0.06677508,0.12252426,1.65280716,-1.12054588
0.32981040,0.06219816,-0.07372330,-0.01955562,-0.28795354,-0.43732722,-0.11797652,0.40687951,-1.38539803,0.14492996,0.50397831,-1.51337719,-0.25876719,1.12314403,-1.65721822,0.23638628,0.37071824,-1.48800647,0.34870499,0.01110865,0.00166190,0.28039041,0.29294822,0.18431304,-0.26002747,0.30935057,-0.17835595,-0.27686629,-0.05759439,0.20769289,-0.26693262,-0.25640820,-0.20932676,-0.26363437,0.48059748,-0.00949938,-0.00145413,-0.04064296,-0.03572560,0.99853378,0.78596854,0.15340696,0.02036294,0.77641094,-0.20950692,0.00352412,0.43799305,0.20177843,0.01345779,0.20988542,-0.19996680,0.01675604,0.06549717,1.70931208,-0.95619869,0.12740931,-3.13556528,1.76215863,-0.61451858,1.25521064,0.32999936,-0.13649024,1.98483455,-1.78261352
0.35603607,0.07539963,-0.06376207,0.00500028,0.05594097,-0.41414119,-0.11825659,0.43784440,-1.40968812,0.14902405,0.43565038,-1.47911015,-0.27077510,1.13574886,-1.63993371,0.23323041,0.40837073,-1.51964912,0.34870499,0.01110865,0.00166190,0.27967497,0.30939412,0.18550295,-0.25868909,0.30220113,-0.17825228,-0.27611767,-0.06588479,0.20643299,-0.26617590,-0.26339403,-0.21240841,-0.26267459,0.48793808,-0.00856706,-0.00160659,-0.04021048,-0.03992145,0.99839211,0.81115570,0.15164040,0.02098588,0.77494203,-0.21037917,0.00355730,0.43874605,0.20246737,0.01349908,0.20842544,-0.19926692,0.01700038,-0.01817017,1.52780657,-1.21436162,0.20295766,-3.40252719,1.69909172,-0.59121999,0.60311589,0.87313342,-0.15935989,1.85048020,-1.54795420
0.37869754,0.08241247,-0.04620396,0.03630329,0.42194267,-0.32757116,-0.12077053,0.46412337,-1.43810475,0.15266621,0.36048740,-1.44332142,-0.27965197,1.13723392,-1.61596768,0.22846978,0.43614777,-1.53942275,0.34870499,0.01110865,0.00166190,0.27929167,0.32597099,0.18635132,-0.25816027,0.29497852,-0.17866340,-0.27575708,-0.07417672,0.20498991,-0.26595955,-0.27034666,-0.21516592,-0.26159706,0.49553569,-0.00759709,-0.00156334,-0.03619155,-0.04319706,0.99840961,0.83638377,0.14990366,0.02113140,0.77398070,-0.21107021,0.00353458,0.43934119,0.20303345,0.01333212,0.20761535,-0.19860905,0.01769461,-0.13243323,1.32718730,-1.45087953,0.18238004,-3.84224763,1.83740349,-0.44125355,0.05656725,1.22484236,-0.24645989,1.39066293,-0.98088107
0.37381676,0.07367890,-0.02010117,0.05968573,0.66349121,-0.18213032,-0.12495086,0.48724405,-1.46801767,0.15511332,0.27865086,-1.40214550,-0.28411826,1.13280649,-1.59170434,0.22268570,0.45566914,-1.54961514,0.34870499,0.01110865,0.00166190,0.27929739,0.34276982,0.18669505,-0.25868647,0.28749501,-0.17947318,-0.27588166,-0.08229698,0.20347585,-0.26611602,-0.27704507,-0.21701961,-0.26008174,0.50326748,-0.00676847,-0.00133588,-0.02956206,-0.04518080,0.99854043,0.86149690,0.14820854,0.02061092,0.77337971,-0.21147164,0.00341573,0.43968247,0.20330810,0.01318137,0.20775568,-0.19788166,0.01921565,-0.20998207,1.12530622,-1.46703014,0.11526223,-4.02872496,2.02874141,-0.20081470,-0.22832645,1.17756896,-0.28287258,0.93018830,-0.46664824
0.39967191,0.06105586,0.00408647,0.07237679,0.78718176,-0.06487246,-0.12979689,0.50918924,-1.49662995,0.15688995,0.19348260,-1.35399969,-0.28399904,1.12761612,-1.57082584,0.21761582,0.47076417,-1.55317497,0.34870499,0.01110865,0.00166190,0.27967633,0.35953066,0.18674470,-0.25985723,0.27975319,-0.18045082,-0.27636061,-0.09029741,0.20230911,-0.26652581,-0.28341127,-0.21768071,-0.25831619,0.51108873,-0.00625471,-0.00100895,-0.02193719,-0.04595065,0.99870230,0.88624847,0.14668662,0.01981910,0.77308984,-0.21163184,0.00331572,0.43975013,0.20349133,0.01315052,0.20888604,-0.19699111,0.02136014,-0.25107321,1.12563472,-1.45754633,0.08933022,-4.40113516,2.54336362,0.03632570,-0.26285893,1.05058265,-0.25381576,0.75821435,-0.14717438
0.38611618,0.04445550,0.02403618,0.06582568,0.71256591,-0.00114555,-0.13430960,0.53093606,-1.52183640,0.15872946,0.10572413,-1.29335415,-0.28004482,1.12371051,-1.55366564,0.21321219,0.48479939,-1.55298114,0.34870499,0.01110865,0.00166190,0.28035551,0.37627590,0.18686598,-0.26181725,0.27192770,-0.18136368,-0.27707858,-0.09825199,0.20142630,-0.26724342,-0.28931268,-0.21724730,-0.25672600,0.51898679,-0.00603639,-0.00067179,-0.01457381,-0.04604215,0.99883296,0.91085804,0.14542112,0.01853826,0.77307653,-0.21164734,0.00327693,0.43968195,0.20357456,0.01311209,0.21091501,-0.19574668,0.02362952,-0.21721247,1.06580818,-1.20895040,0.09172804,-4.31951284,3.06635737,0.21801449,-0.18076335,0.81541955,-0.21250282,0.68593723,0.03027916
0.39585787,0.04181352,0.04155960,0.06052745,0.65655093,0.02052921,-0.13846072,0.55325863,-1.54251282,0.16221102,0.01676774,-1.22164443,-0.27601337,1.11790309,-1.54224689,0.20874340,0.49945532,-1.55115731,0.34870499,0.01110865,0.00166190,0.28131234,0.39295782,0.18743512,-0.26370426,0.26390915,-0.18224588,-0.27802810,-0.10623846,0.20057029,-0.26821079,-0.29322042,-0.21668270,-0.25509202,0.52698828,-0.00592829,-0.00036375,-0.00792125,-0.04584434,0.99891712,0.93546238,0.14472589,0.01760808,0.77309520,-0.21158087,0.00328424,0.43956768,0.20352980,0.01310155,0.21515338,-0.19484256,0.02622032,-0.20647696,1.10859463,-1.01930686,0.17650648,-4.40489931,3.56013536,0.20051336,-0.30352858,0.55771205,-0.22214183,0.72839364,0.09206998
0.40964379,0.04675777,0.05613171,0.05759555,0.62841803,0.03476490,-0.14293674,0.57585409,-1.55962327,0.16699705,-0.06276588,-1.15349128,-0.26953936,1.10240960,-1.53492053,0.20398396,0.51461807,-1.54862864,0.34870499,0.01110865,0.00166190,0.28243803,0.40741777,0.18828366,-0.26521716,0.25571415,-0.18327940,-0.27910317,-0.11428179,0.19964008,-0.26926036,-0.29331022,-0.21564445,-0.25466286,0.53508564,-0.00575081,-0.00007826,-0.00170896,-0.04550950,0.99896244,0.95793545,0.14470854,0.01722087,0.77307591,-0.21152178,0.00333486,0.43942947,0.20345337,0.01317767,0.22338295,-0.19383283,0.02777517,-0.22884378,1.14924676,-0.86319073,0.24231939,-4.00146761,3.43465548,0.34740204,-0.81778760,0.36794594,-0.24330193,0.77213298,0.12942263
0.39555826,0.05286317,0.06423561,0.05199095,0.57240450,0.05109270,-0.14810232,0.59847548,-1.57343049,0.17038783,-0.12215280,-1.09721925,-0.25469545,1.07694213,-1.53115914,0.19852742,0.53006424,-1.54552386,0.34870499,0.01110865,0.00166190,0.28367323,0.41710342,0.18889162,-0.26788761,0.24736465,-0.18456064,-0.28024451,-0.12237057,0.19851188,-0.27038712,-0.28964926,-0.21256327,-0.25645418,0.54323006,-0.00541878,0.00018754,0.00417530,-0.04500858,0.99897786,0.97562995,0.14519878,0.01578562,0.77299556,-0.21147634,0.00342871,0.43920681,0.20329319,0.01328611,0.23563923,-0.19107361,0.02721904,-0.25701382,1.10892258,-0.66169425,0.15521347,-2.82053604,2.71940632,0.76502820,-1.27278066,0.16089467,-0.27124197,0.75751119,0.15582477
0.40927616,0.06320384,0.07626008,0.04970260,0.55579687,0.09792814,-0.15410536,0.62077229,-1.58333197,0.17099822,-0.16080833,-1.05515730,-0.23645737,1.05157139,-1.53655469,0.19246984,0.54577514,-1.54178603,0.34870499,0.01110865,0.00166190,0.28499143,0.42205505,0.18897637,-0.27205501,0.23891510,-0.18614593,-0.28147137,-0.13046645,0.19720700,-0.27160490,-0.28407115,-0.20823521,-0.25812466,0.55130154,-0.00491852,0.00042552,0.00964904,-0.04411834,0.99897962,0.98837264,0.14611591,0.01293642,0.77287682,-0.21140128,0.00352006,0.43872779,0.20302196,0.01338654,0.24997940,-0.18730077,0.02686677,-0.31394290,1.14401522,-0.48357841,0.01312753,-1.86287851,2.05212889,0.93410181,-1.27735767,-0.35228517,-0.31418085,0.81117954,0.19528724
0.37871720,0.06434915,0.07949590,0.03968097,0.45781642,0.17253316,-0.16061705,0.64269966,-1.58905280,0.16866042,-0.18214992,-1.03062284,-0.22223133,1.03029013,-1.55041134,0.18663536,0.56256485,-1.53828728,0.34870499,0.01110865,0.00166190,0.28637961,0.42366455,0.18833726,-0.27641625,0.23046451,-0.18795447,-0.28274137,-0.13856072,0.19592901,-0.27276187,-0.27775895,-0.20454715,-0.25822544,0.55918482,-0.00428718,0.00061407,0.01444151,-0.04247867,0.99899281,0.99730796,0.14740559,0.00996336,0.77286208,-0.21112721,0.00363824,0.43775657,0.20269696,0.01361773,0.26506457,-0.18451717,0.02815416,-0.32198164,1.07285547,-0.25102669,-0.13537353,-0.93274254,1.08097577,0.66007584,-1.01576829,-0.72905594,-0.28275302,0.83247697,0.16787472
0.37438926,0.06661653,0.08408530,0.02971911,0.36025863,0.27529200,-0.16780278,0.66514497,-1.59005129,0.16153032,-0.17879340,-1.03786621,-0.21181487,1.00528123,-1.56599634,0.18120933,0.58182863,-1.53610256,0.34870499,0.01110865,0.00166190,0.28780561,0.42118913,0.18634225,-0.27986493,0.22188594,-0.19006704,-0.28391339,-0.14669670,0.19469318,-0.27381631,-0.26951451,-0.20176904,-0.25823558,0.56685656,-0.00355622,0.00071958,0.01811972,-0.03973396,0.99904573,1.00151428,0.14874735,0.00794068,0.77294686,-0.21064470,0.00389222,0.43608540,0.20217239,0.01398930,0.28216920,-0.18328358,0.02957003,-0.35905502,1.11518433,-0.04236418,-0.36289530,0.21755433,-0.43302589,0.51158579,-1.25781093,-0.77580605,-0.26896912,0.96050618,0.10636282
0.40035218,0.07006056,0.07870994,0.02037699,0.26538153,0.34357745,-0.17609125,0.68831589,-1.58734615,0.15007282,-0.15040865,-1.08046398,-0.20426574,0.97099175,-1.58277628,0.17608383,0.60346724,-1.53500416,0.34870499,0.01110865,0.00166190,0.28903572,0.41477118,0.18301905,-0.28162058,0.21315307,-0.19257221,-0.28482912,-0.15489974,0.19349177,-0.27482646,-0.25787264,-0.19974380,-0.25855305,0.57484724,-0.00275880,0.00075519,0.02078022,-0.03636919,0.99912206,1.00182728,0.14961952,0.00741514,0.77343502,-0.21031886,0.00420659,0.43442547,0.20148302,0.01420926,0.30313451,-0.18322507,0.03048266,-0.42285651,1.18057911,0.14481403,-0.58928068,1.48521290,-2.22048972,0.37782953,-1.76655564,-0.85583420,-0.25932266,1.10579255,0.05361639
0.40284452,0.06318747,0.06593412,0.01076180,0.15290471,0.33854088,-0.18360304,0.71273397,-1.58171873,0.13713166,-0.11025253,-1.13525951,-0.19853624,0.92781091,-1.59944081,0.17166054,0.62756306,-1.53503356,0.34870499,0.01110865,0.00166190,0.29002948,0.40638936,0.17933599,-0.28258160,0.20416129,-0.19493016,-0.28563505,-0.16317550,0.19243773,-0.27572813,-0.24321130,-0.19816595,-0.25910583,0.58316488,-0.00200750,0.00073817,0.02243477,-0.03290718,0.99920631,1.00047312,0.15020139,0.00744788,0.77405829,-0.20994813,0.00439443,0.43300445,0.20074942,0.01430134,0.32744220,-0.18374189,0.03092365,-0.35735437,1.20388472,0.28669131,-0.63272674,1.98137965,-2.67257261,0.27804127,-2.14808321,-0.80974519,-0.21326489,1.19221275,-0.00697024
0.42555145,0.05808330,0.05747158,0.00192683,0.02793323,0.32488006,-0.18837149,0.73819398,-1.57365341,0.12539840,-0.06954079,-1.18273499,-0.19336376,0.87917974,-1.61423278,0.16820239,0.65461529,-1.53696446,0.34870499,0.01110865,0.00166190,0.29079521,0.39792955,0.17615901,-0.28353519,0.19511585,-0.19657472,-0.28645540,-0.17142789,0.19158621,-0.27644776,-0.22675002,-0.19666444,-0.25986573,0.59153667,-0.00136191,0.00067999,0.02287319,-0.02970839,0.99929664,0.99922836,0.15084655,0.00726002,0.77463019,-0.20918052,0.00433980,0.43179293,0.20006980,0.01434745,0.35350405,-0.18420868,0.03092948,-0.22740704,1.31414807,0.42982309,-0.59244478,2.08702469,-2.37802286,0.26325524,-2.52789145,-0.74873421,-0.17135615,1.41257622,-0.11413693
0.39026618,0.04915905,0.03881174,-0.00753382,-0.13374908,0.25182878,-0.19210860,0.76304436,-1.56378019,0.11549519,-0.02924889,-1.22138214,-0.18992968,0.82803303,-1.62859786,0.16579209,0.68488884,-1.54175365,0.34870499,0.01110865,0.00166190,0.29128230,0.38980794,0.17362425,-0.28429925,0.18679687,-0.19794743,-0.28683169,-0.17937399,0.19093347,-0.27696548,-0.20893319,-0.19547910,-0.26024102,0.59962082,-0.00078495,0.00058867,0.02174573,-0.02705429,0.99939724,0.99825120,0.15149579,0.00698304,0.77543485,-0.20854848,0.00445060,0.43083933,0.19957330,0.01431681,0.38041790,-0.18467415,0.03104128,-0.18109293,1.21053171,0.49517432,-0.47260872,1.97472477,-1.83705711,0.15261681,-2.52082396,-0.70559275,-0.11082870,1.50660896,-0.25622985
0.36796158,0.04193850,0.01720656,-0.01554020,-0.30152201,0.17760839,-0.19515001,0.78788763,-1.55549896,0.10775475,0.01084500,-1.25152392,-0.18919733,0.77399247,-1.64198537,0.16407264,0.71883044,-1.55042200,0.34870499,0.01110865,0.00166190,0.29136496,0.38217896,0.17177099,-0.28465203,0.17971126,-0.19904075,-0.28616395,-0.18678348,0.19033408,-0.27729682,-0.18965833,-0.19481807,-0.25985222,0.60709654,-0.00030949,0.00047433,0.01875566,-0.02524537,0.99950521,0.99745978,0.15194874,0.00671293,0.77653037,-0.20816890,0.00520100,0.43015996,0.19921137,0.01406813,0.40784494,-0.18530454,0.03151274,-0.14828430,1.23639882,0.40153718,-0.38136332,1.98845396,-1.48394029,0.03495649,-2.68865595,-0.65570750,-0.08421167,1.69046979,-0.43704350
0.35138562,0.03109004,-0.00525346,-0.02067317,-0.42369037,0.13213028,-0.19692206,0.81402060,-1.55322778,0.10146735,0.04999981,-1.27572308,-0.18917543,0.71608579,-1.64976420,0.16317956,0.75545583,-1.56232548,0.34870499,0.01110865,0.00166190,0.29107468,0.37503225,0.17034694,-0.28471932,0.17379622,-0.19956245,-0.28429424,-0.19380849,0.18985146,-0.27730707,-0.16968410,-0.19431478,-0.25933628,0.61404089,-0.00001911,0.00035096,0.01461922,-0.02393718,0.99960651,0.99679705,0.15218139,0.00635536,0.77808570,-0.20767170,0.00678044,0.42954193,0.19889153,0.01376761,0.43525026,-0.18598910,0.03173840,-0.08826882,1.32891252,0.09697500,-0.31689571,1.98849187,-1.22073038,-0.00023806,-2.95569868,-0.37800950,-0.04233126,1.86590257,-0.61006773
0.32437563,0.01803853,-0.02110985,-0.02107286,-0.45271415,0.10587008,-0.19763938,0.83749408,-1.56027126,0.09664089,0.08795049,-1.29662678,-0.19005315,0.65348185,-1.64956164,0.16361072,0.79280123,-1.57547066,0.34870499,0.01110865,0.00166190,0.29052511,0.36825289,0.16930133,-0.28449463,0.17044452,-0.19950041,-0.28114228,-0.20050148,0.18966704,-0.27697833,-0.14933681,-0.19407611,-0.25866946,0.62067050,0.00006240,0.00022959,0.01001182,-0.02284493,0.99968886,0.99627270,0.15236513,0.00603049,0.78182387,-0.20701569,0.00938284,0.42904236,0.19869040,0.01354679,0.46262415,-0.18698938,0.03185566,-0.02938579,1.12496536,-0.39097138,-0.22932808,1.85550587,-1.01696457,-0.04851765,-3.08855758,0.04484233,0.02651512,1.82980289,-0.64501898
0.33557025,0.01262157,-0.03498173,-0.02153875,-0.48280102,0.08573667,-0.19705592,0.84982713,-1.57572141,0.09326918,0.12524925,-1.31657841,-0.19148624,0.58831316,-1.64095826,0.16461551,0.83030473,-1.58906820,0.34870499,0.01110865,0.00166190,0.28979937,0.36163684,0.16861168,-0.28393315,0.17184642,-0.19886821,-0.27724892,-0.20702209,0.18958362,-0.27639379,-0.12932166,-0.19403917,-0.25790151,0.62719606,0.00002896,0.00011741,0.00532184,-0.02197947,0.99974425,0.99589378,0.15258418,0.00586622,0.79013638,-0.20619956,0.01255045,0.42870599,0.19852780,0.01340558,0.48947154,-0.18813917,0.03189786,0.03787862,0.54082463,-0.83653290,-0.16566964,1.91802285,-1.02511393,-0.07370872,-3.36035409,0.49620025,0.05199116,1.93303165,-0.70413415
0.31586795,0.01238938,-0.04568458,-0.02088922,-0.48212361,0.04705636,-0.19723731,0.83919168,-1.58587611,0.09043867,0.16271591,-1.33606601,-0.19261417,0.52456546,-1.62373602,0.16506645,0.86887872,-1.60393155,0.34870499,0.01110865,0.00166190,0.28888801,0.35504348,0.16803883,-0.28312144,0.17933734,-0.19866784,-0.27428105,-0.21344616,0.18926324,-0.27563661,-0.11055698,-0.19405007,-0.25755689,0.63365331,0.00000053,0.00000940,0.00043797,-0.02144858,0.99976986,0.99557686,0.15265789,0.00576656,0.80430532,-0.20617581,0.01460695,0.42852053,0.19824376,0.01325139,0.51487577,-0.18912951,0.03133111,-0.01987815,-0.70476526,-0.42750552,-0.13694429,1.83903193,-0.95152849,-0.05232236,-3.10825229,0.90500182,0.01655344,1.90017498,-0.73911160
0.31606553,0.01082224,-0.05688125,-0.02274109,-0.53259444,0.01291530,-0.19916900,0.79749269,-1.57502987,0.08846770,0.20038553,-1.35373867,-0.19326566,0.46399723,-1.59797800,0.16544357,0.90935997,-1.62029448,0.34870499,0.01110865,0.00166190,0.28780842,0.34850412,0.16769683,-0.28207756,0.19312042,-0.19957610,-0.27380008,-0.21978848,0.18882101,-0.27468643,-0.09318120,-0.19410607,-0.25789594,0.64003648,-0.00004935,-0.00010486,-0.00491881,-0.02130915,0.99976083,0.99536951,0.15264573,0.00573086,0.82447774,-0.20767289,0.01400835,0.42849311,0.19796518,0.01312200,0.53866920,-0.19000876,0.02991248,-0.09308713,-2.09819298,0.56041958,-0.09528208,1.86975522,-0.87368388,-0.02952606,-2.99932456,1.28647120,0.02065838,2.01216946,-0.81287092
0.32456419,0.00493725,-0.06626391,-0.02421975,-0.56729423,-0.00119960,-0.19904789,0.74490175,-1.55607512,0.08757881,0.23811651,-1.36990073,-0.19246744,0.40767933,-1.56879056,0.16708113,0.95106498,-1.63645401,0.34870499,0.01110865,0.00166190,0.28664212,0.34193605,0.16765476,-0.28089755,0.20927450,-0.20007102,-0.27398637,-0.22625793,0.18866143,-0.27351239,-0.07705086,-0.19385947,-0.25854189,0.64643794,-0.00021913,-0.00022396,-0.01050138,-0.02132326,0.99971745,0.99521167,0.15270327,0.00574456,0.84699125,-0.20903149,0.01265574,0.42843015,0.19791817,0.01312972,0.56119115,-0.19061691,0.02810023,0.01388510,-2.67297859,0.96019685,-0.04445533,1.91902318,-0.82061837,0.04344926,-2.85145602,1.48684304,0.08731447,2.12151995,-0.81792749
0.31967049,-0.00165179,-0.06908295,-0.02247995,-0.52746950,0.02561501,-0.19627977,0.69457943,-1.53995769,0.08660363,0.27582780,-1.38607109,-0.19088296,0.35795679,-1.53971198,0.17031440,0.99238999,-1.65037668,0.34870499,0.01110865,0.00166190,0.28544204,0.33527077,0.16755367,-0.27968813,0.22526669,-0.19962962,-0.27338482,-0.23293961,0.18891145,-0.27220646,-0.06271727,-0.19343465,-0.25914980,0.65297762,-0.00051996,-0.00033554,-0.01591436,-0.02109980,0.99965065,0.99501981,0.15273754,0.00575392,0.86962019,-0.20947704,0.01205723,0.42821669,0.19805225,0.01323558,0.58215412,-0.19113594,0.02629224,0.14262619,-2.44868212,0.77160945,-0.05049889,1.84813590,-0.79606696,0.07835486,-2.40410547,1.41836467,0.16421359,2.02079649,-0.67018198
0.34343438,-0.00561526,-0.07612528,-0.02168015,-0.52189808,0.08545516,-0.19247942,0.64579046,-1.52533987,0.08508574,0.31359087,-1.40316203,-0.18879414,0.31836848,-1.51500061,0.17427908,1.03283412,-1.66168683,0.34870499,0.01110865,0.00166190,0.28424354,0.32850026,0.16724841,-0.27842371,0.24097314,-0.19874208,-0.27203943,-0.23984121,0.18933987,-0.27088397,-0.05093754,-0.19287428,-0.25959067,0.65967876,-0.00089686,-0.00042724,-0.02102087,-0.02034071,0.99957201,0.99471108,0.15284903,0.00581983,0.89236718,-0.20927769,0.01220410,0.42773884,0.19804349,0.01335957,0.60093688,-0.19153923,0.02465287,0.19918999,-2.51464567,0.75661640,-0.08107943,1.94477210,-0.88600651,0.11230557,-1.96329174,1.23167877,0.20569680,2.07752428,-0.56716484
0.32792387,-0.00607224,-0.07511939,-0.01976736,-0.50391568,0.13844235,-0.18722183,0.59346431,-1.50623119,0.08289185,0.35199627,-1.42058825,-0.18614794,0.29466906,-1.49975479,0.17854047,1.07373548,-1.67156875,0.34870499,0.01110865,0.00166190,0.28306046,0.32158880,0.16671565,-0.27709045,0.25730777,-0.19744343,-0.27062166,-0.24698359,0.18978620,-0.26953183,-0.04280799,-0.19216945,-0.26007291,0.66642830,-0.00127931,-0.00049719,-0.02614377,-0.01900768,0.99947735,0.99412334,0.15308850,0.00597001,0.91604292,-0.20836320,0.01243880,0.42683925,0.19776034,0.01352863,0.61634469,-0.19168218,0.02298755,0.27041924,-2.59815240,0.97884846,-0.11285876,1.88843286,-0.85470253,0.13304983,-1.03900361,0.67242450,0.21107493,2.01129913,-0.47706154
0.32492663,-0.00774396,-0.07642968,-0.01950956,-0.54448321,0.19794996,-0.18054338,0.53589796,-1.47857075,0.07963044,0.39177911,-1.43763278,-0.18281894,0.29650679,-1.49946530,0.18361347,1.11558058,-1.68068011,0.34870499,0.01110865,0.00166190,0.28193293,0.31445520,0.16584228,-0.27570688,0.27457411,-0.19579011,-0.26926051,-0.25419641,0.19032677,-0.26809964,-0.04043578,-0.19136710,-0.26134605,0.67305735,-0.00165916,-0.00053759,-0.03162905,-0.01703123,0.99935442,0.99298097,0.15337185,0.00622605,0.94080054,-0.20669159,0.01267242,0.42549388,0.19721874,0.01383330,0.62612428,-0.19153729,0.02058689,0.33013403,-2.86097541,1.38239236,-0.16267442,1.97633715,-0.84632745,0.16700910,0.13093749,-0.01244844,0.25317638,2.07515273,-0.44825678
0.33095453,-0.01231273,-0.07746968,-0.01683362,-0.53062861,0.25107220,-0.17457811,0.47675644,-1.44684377,0.07610417,0.43218340,-1.45518634,-0.17936742,0.31803935,-1.51397140,0.18959469,1.15559514,-1.68674204,0.34870499,0.01110865,0.00166190,0.28089390,0.30708004,0.16485369,-0.27429408,0.29189673,-0.19430290,-0.26746628,-0.26145204,0.19107570,-0.26673201,-0.04254705,-0.19047733,-0.26261709,0.67963552,-0.00209164,-0.00053604,-0.03688555,-0.01457815,0.99921301,0.99139417,0.15373337,0.00659982,0.96573957,-0.20482741,0.01342762,0.42386905,0.19653012,0.01416189,0.63154975,-0.19124667,0.01827681,0.30182576,-3.00852714,1.61643119,-0.17896265,2.05418735,-0.89565291,0.17099396,1.12901816,-0.77260292,0.30711975,2.02579074,-0.29626724
0.33788122,-0.01450748,-0.07856785,-0.00995347,-0.36844287,0.25866473,-0.16861686,0.41657737,-1.41425657,0.07300601,0.47152334,-1.47434139,-0.17855702,0.35246396,-1.54217157,0.19651307,1.19018283,-1.68655972,0.34870499,0.01110865,0.00166190,0.27985732,0.29947335,0.16393533,-0.27302691,0.30887126,-0.19268972,-0.26546621,-0.26896171,0.19216499,-0.26544976,-0.04795525,-0.19005810,-0.26249588,0.68658788,-0.00255415,-0.00048621,-0.04080895,-0.01193676,0.99909554,0.98989246,0.15417942,0.00683041,0.99076726,-0.20256837,0.01439111,0.42229412,0.19598198,0.01440756,0.63410548,-0.19141226,0.01736144,0.29600576,-2.95836139,1.59879141,-0.14859893,1.91968529,-0.94749501,0.02501484,1.73038166,-1.43082273,0.34111789,1.66507182,0.04054378
0.37464424,-0.01428235,-0.07870797,-0.00282885,-0.12133986,0.21317560,-0.16142929,0.35271505,-1.38113265,0.07105623,0.50773619,-1.49582920,-0.17968849,0.39206746,-1.57450171,0.20236157,1.21603279,-1.67864437,0.34870499,0.01110865,0.00166190,0.27892770,0.29175277,0.16329084,-0.27208011,0.32573584,-0.19054162,-0.26379264,-0.27671073,0.19322438,-0.26434684,-0.05571718,-0.19005718,-0.26159297,0.69392298,-0.00298367,-0.00041374,-0.04232588,-0.00976956,0.99905601,0.98881323,0.15457051,0.00684759,1.01587036,-0.19985885,0.01513506,0.42104381,0.19561504,0.01458086,0.63449975,-0.19191491,0.01733473,0.37921306,-3.31819682,1.70927496,-0.09137093,1.83924258,-1.12213175,-0.06310545,2.04727190,-1.65508273,0.28699619,1.26834435,0.45714133
0.36430276,-0.00670850,-0.06020851,0.00352285,0.19076283,0.05235823,-0.15230830,0.28229466,-1.34646225,0.07069027,0.53932309,-1.51979470,-0.18017218,0.42611614,-1.59831429,0.20475979,1.23166072,-1.66488004,0.34870499,0.01110865,0.00166190,0.27826631,0.28406803,0.16304474,-0.27155894,0.34289313,-0.18761265,-0.26276930,-0.28431549,0.19372165,-0.26332004,-0.06404693,-0.19002489,-0.26112903,0.70141405,-0.00327900,-0.00036786,-0.04082712,-0.00900238,0.99912560,0.98837388,0.15462063,0.00670737,1.04087090,-0.19703981,0.01549701,0.42063540,0.19553430,0.01494627,0.63395345,-0.19211898,0.01713728,0.46194473,-3.50242305,1.71274984,-0.00640487,1.51398242,-1.19189644,-0.01519568,1.61065769,-1.08776367,0.08996882,0.69348949,0.70996141
0.36697995,0.00898448,-0.04098564,0.00930913,0.47387411,-0.14509246,-0.13981092,0.20185573,-1.30282106,0.07218073,0.56623840,-1.54575837,-0.18030119,0.44962348,-1.60929422,0.20214576,1.23744531,-1.64919376,0.34870499,0.01110865,0.00166190,0.27796606,0.27631284,0.16328049,-0.27156158,0.36058274,-0.18358872,-0.26340193,-0.29126727,0.19324041,-0.26203606,-0.07204864,-0.19011165,-0.26121107,0.70885333,-0.00326585,-0.00037465,-0.03613165,-0.01040867,0.99929276,0.98850734,0.15422363,0.00640449,1.06553370,-0.19432565,0.01456414,0.42167445,0.19599971,0.01593000,0.63286031,-0.19183549,0.01675500,0.62463763,-4.00231609,2.17026114,0.07571163,1.33064737,-1.29160151,-0.00907759,1.15310837,-0.52801498,-0.13767126,0.27677075,0.77694334
0.37442339,0.02850537,-0.02241953,0.01581818,0.66110412,-0.26317394,-0.12582891,0.11626810,-1.25565753,0.07403851,0.59080293,-1.57299116,-0.18183676,0.46648003,-1.61168838,0.19555432,1.23825345,-1.63427935,0.34870499,0.01110865,0.00166190,0.27795035,0.26851804,0.16357666,-0.27180482,0.37851456,-0.17897990,-0.26416703,-0.29763400,0.19187728,-0.26052514,-0.07982493,-0.19072290,-0.26150288,0.71624038,-0.00291139,-0.00038228,-0.02967829,-0.01298281,0.99947511,0.98891673,0.15363530,0.00614554,1.08997821,-0.19166284,0.01378333,0.42369083,0.19663222,0.01742521,0.63148834,-0.19149648,0.01644747,0.70941558,-4.36303902,2.41354928,0.09203274,1.24673901,-1.38593640,-0.08102245,0.84645549,-0.10581901,-0.34236158,0.03343882,0.75732921
0.36525808,0.04117346,-0.00073765,0.02039461,0.69915421,-0.22829743,-0.11370866,0.02953478,-1.20387323,0.07446653,0.61475939,-1.60000050,-0.18413921,0.48002331,-1.60874381,0.18733917,1.23600640,-1.61980593,0.34870499,0.01110865,0.00166190,0.27824200,0.26062565,0.16344344,-0.27230109,0.39592911,-0.17487758,-0.26472697,-0.30344387,0.19014796,-0.25896631,-0.08751255,-0.19165755,-0.26202823,0.72369457,-0.00231323,-0.00034477,-0.02256322,-0.01538354,0.99962699,0.98922619,0.15303300,0.00594091,1.11405497,-0.18929127,0.01351503,0.42624551,0.19708208,0.01927569,0.63032590,-0.19118713,0.01621377,0.58001058,-4.23766727,2.54703674,0.01299469,1.17467570,-1.31949394,-0.11317905,0.65806714,0.15743900,-0.40105789,-0.12124285,0.70807649
0.38792996,0.04323683,0.02089181,0.02393174,0.73137251,-0.11671749,-0.10522864,-0.04589715,-1.15657823,0.07337385,0.63894604,-1.62557561,-0.18641580,0.49345788,-1.60410042,0.18120811,1.23004804,-1.60779226,0.34870499,0.01110865,0.00166190,0.27884529,0.25261256,0.16289052,-0.27298793,0.41026811,-0.17187601,-0.26525260,-0.30779902,0.18894442,-0.25717237,-0.09538720,-0.19264216,-0.26264819,0.73123426,-0.00171202,-0.00025688,-0.01543995,-0.01668004,0.99974163,0.98914016,0.15266083,0.00585736,1.13554034,-0.18717868,0.01359269,0.42990964,0.19739524,0.02167293,0.62947372,-0.19106489,0.01619710,0.41220610,-3.77358932,2.37512226,-0.06402807,1.24705834,-1.30560248,-0.11653908,0.69683224,0.24300042,-0.29443449,-0.33513410,0.59280149
0.36302670,0.02663167,0.03957859,0.02277477,0.67657592,0.00268824,-0.09983352,-0.10358644,-1.11289668,0.07173357,0.66337168,-1.64878750,-0.18765362,0.50782800,-1.59911466,0.17486219,1.21642184,-1.60260630,0.34870499,0.01110865,0.00166190,0.27973726,0.24446949,0.16221771,-0.27381436,0.41980966,-0.17000535,-0.26771278,-0.30863019,0.18772935,-0.25576267,-0.10353347,-0.19337695,-0.26337752,0.73866364,-0.00137128,-0.00014303,-0.00850618,-0.01681173,0.99982248,0.98844868,0.15253568,0.00592291,1.15252042,-0.18539449,0.01202448,0.43651937,0.19662807,0.02397460,0.62868738,-0.19115812,0.01635975,0.24500751,-2.70237470,2.13212824,-0.08231357,1.19871950,-1.11945236,-0.05077702,0.71121311,0.24597783,-0.32257420,-0.73047942,0.19863072
0.34252367,0.00533878,0.06213569,0.02131964,0.64167062,0.02164025,-0.09557120,-0.14420226,-1.07738433,0.07135997,0.68726556,-1.66715281,-0.18655472,0.52283002,-1.59382873,0.16218238,1.18837805,-1.60381389,0.34870499,0.01110865,0.00166190,0.28100277,0.23626290,0.16195662,-0.27481690,0.42524653,-0.16863315,-0.27154425,-0.30401660,0.18503865,-0.25656055,-0.11175363,-0.19350291,-0.26437793,0.74558626,-0.00147912,-0.00003328,-0.00201443,-0.01657353,0.99986062,0.98708702,0.15255817,0.00618586,1.16501024,-0.18411339,0.00945852,0.44786933,0.19353377,0.02444222,0.62748084,-0.19117192,0.01662484,0.21225239,-1.99307621,1.74499788,-0.01543633,1.18524742,-0.90142974,0.05670564,0.74530683,0.26329623,-0.63188258,-1.41188147,-0.06609953
0.32772530,-0.01040435,0.08401591,0.01925291,0.57976875,-0.05062053,-0.09119884,-0.17017087,-1.05481730,0.07250717,0.71106522,-1.67998765,-0.18448756,0.53847965,-1.58817992,0.14952067,1.15184021,-1.60886488,0.34870499,0.01110865,0.00166190,0.28259792,0.22790889,0.16217869,-0.27600753,0.42781645,-0.16729709,-0.27544985,-0.29591961,0.18229873,-0.25823707,-0.11989656,-0.19337002,-0.26556806,0.75202646,-0.00189504,0.00006441,0.00372960,-0.01702572,0.99984809,0.98532487,0.15243007,0.00659038,1.17389896,-0.18366089,0.00714807,0.46248508,0.19037310,0.02436085,0.62561579,-0.19107086,0.01702985,0.22106757,-1.27455058,1.09895594,0.06084315,1.21169791,-0.63990982,0.10614326,0.79883294,0.28725748,-0.63589808,-1.86398542,-0.26841890
0.33310035,-0.01719148,0.09019379,0.01615491,0.45981491,-0.14411408,-0.08697356,-0.17264204,-1.05921454,0.07468008,0.73543881,-1.68727853,-0.18208279,0.55562569,-1.58259642,0.13952691,1.11291714,-1.61757748,0.34870499,0.01110865,0.00166190,0.28431898,0.21929310,0.16274267,-0.27736602,0.42619030,-0.16601615,-0.27858433,-0.28593339,0.18007832,-0.25973199,-0.12804931,-0.19313760,-0.26690087,0.75878421,-0.00248373,0.00015804,0.00850805,-0.01842192,0.99979409,0.98392372,0.15206996,0.00695296,1.17856936,-0.18408758,0.00573466,0.47967879,0.18800584,0.02458699,0.62370684,-0.19077303,0.01741811,0.20888298,-0.00438533,-0.35989565,0.11041971,1.19721391,-0.33465552,0.11870054,0.84795878,0.27313091,-0.48354721,-1.91722462,-0.43458937
0.38254692,-0.02477868,0.09619428,0.01456942,0.37498966,-0.20985478,-0.08105673,-0.15035237,-1.09382620,0.07763347,0.76004716,-1.68936775,-0.17967578,0.57468404,-1.57733648,0.13124904,1.06900644,-1.62609580,0.34870499,0.01110865,0.00166190,0.28601366,0.21052681,0.16357375,-0.27882059,0.42027491,-0.16426811,-0.28067693,-0.27403088,0.17823360,-0.26163036,-0.13627736,-0.19288903,-0.26832446,0.76615649,-0.00324671,0.00025145,0.01227614,-0.02041047,0.99971628,0.98318422,0.15159798,0.00719307,1.17937651,-0.18453166,0.00533673,0.49962866,0.18602307,0.02438330,0.62211983,-0.19041277,0.01768921,0.32121814,1.28901544,-1.95234193,0.15622837,1.26646154,-0.07574523,0.12299234,0.99363582,0.26780507,-0.41427767,-2.30473487,-0.42786105
0.38595142,-0.02847599,0.08789397,0.01081055,0.24943369,-0.21001932,-0.07353059,-0.11467800,-1.14109397,0.08088857,0.78450286,-1.68673003,-0.17734304,0.59602445,-1.57315147,0.12669975,1.01822317,-1.63518476,0.34870499,0.01110865,0.00166190,0.28758964,0.20175739,0.16453644,-0.28030853,0.41201870,-0.16213542,-0.28230081,-0.25947842,0.17731445,-0.26351924,-0.14456035,-0.19261984,-0.26973595,0.77398992,-0.00416416,0.00033777,0.01497688,-0.02254477,0.99963359,0.98295999,0.15110912,0.00728111,1.17828012,-0.18470982,0.00528883,0.52276921,0.18466810,0.02407040,0.62089264,-0.19007092,0.01785369,0.37729430,1.81696463,-2.36518931,0.16064809,1.19737661,0.16151455,0.11402105,1.06283140,0.19590993,-0.19168940,-2.53692079,-0.45583525
0.39209095,-0.02671308,0.07938880,0.00566161,0.12161497,-0.17893786,-0.06729435,-0.07659449,-1.18327882,0.08434017,0.80802215,-1.68052490,-0.17522924,0.62039438,-1.57095451,0.12577616,0.96277475,-1.64711354,0.34870499,0.01110865,0.00166190,0.28894053,0.19350910,0.16559552,-0.28148299,0.40347168,-0.16044246,-0.28374250,-0.24231434,0.17719895,-0.26466701,-0.15279926,-0.19232896,-0.27107285,0.78190949,-0.00509314,0.00039641,0.01625547,-0.02437379,0.99957067,0.98325965,0.15087403,0.00745753,1.17708176,-0.18500994,0.00519802,0.54851973,0.18370550,0.02427351,0.61991781,-0.18974616,0.01786768,0.30521263,1.88834844,-2.07631559,0.17180444,1.16464717,0.31015643,0.10332427,1.21504846,0.10497727,-0.04381458,-2.75699854,-0.59154348
0.38853137,-0.02080536,0.06814195,-0.00140801,-0.02617212,-0.09017819,-0.06367226,-0.03941188,-1.21595294,0.08779779,0.83013147,-1.67369673,-0.17402585,0.64774028,-1.57113147,0.12597506,0.90478621,-1.65807898,0.34870499,0.01110865,0.00166190,0.29004534,0.18634620,0.16665108,-0.28198047,0.39532318,-0.15955066,-0.28510221,-0.22383745,0.17728521,-0.26553863,-0.16085501,-0.19220731,-0.27223354,0.78957481,-0.00589773,0.00040688,0.01606658,-0.02531572,0.99955031,0.98411827,0.15110651,0.00806488,1.17631441,-0.18525578,0.00494313,0.57499883,0.18249123,0.02450671,0.61919616,-0.18971585,0.01781180,0.17671879,1.88950253,-1.63988843,0.17436801,1.12146647,0.34547709,0.05886685,1.39739952,-0.01533400,0.01278861,-2.95404291,-0.55158242
0.35337298,-0.01325109,0.05146564,-0.00860762,-0.16973156,0.03303071,-0.06308178,-0.00297763,-1.24005499,0.09071040,0.85022783,-1.66844919,-0.17345637,0.67772942,-1.57407918,0.12759109,0.84504168,-1.66628103,0.34870499,0.01110865,0.00166190,0.29090664,0.18075573,0.16752479,-0.28163623,0.38758222,-0.15956071,-0.28628931,-0.20459467,0.17766977,-0.26609625,-0.16855549,-0.19215802,-0.27319838,0.79682693,-0.00654358,0.00036259,0.01444443,-0.02507409,0.99958117,0.98575463,0.15170786,0.00927041,1.17592170,-0.18533607,0.00461733,0.60139753,0.18116063,0.02481039,0.61884909,-0.19000895,0.01770826,0.01766681,1.78240850,-1.15120969,0.14107200,0.97268115,0.24613912,0.02744881,1.47960944,-0.15606739,0.08653121,-2.93387928,-0.38997563
0.35259709,-0.00707007,0.04083389,-0.01354110,-0.27584176,0.10313715,-0.06419326,0.03210784,-1.25859694,0.09485075,0.86480944,-1.66562626,-0.17298325,0.70942299,-1.57935410,0.13041761,0.78365438,-1.67037301,0.34870499,0.01110865,0.00166190,0.29156026,0.17763069,0.16870051,-0.28042175,0.38035770,-0.16007334,-0.28716295,-0.18504654,0.17831152,-0.26625196,-0.17589809,-0.19203324,-0.27396802,0.80371606,-0.00703182,0.00028636,0.01185245,-0.02412395,0.99963867,0.98927763,0.15290389,0.01113852,1.17590950,-0.18526623,0.00439731,0.62748619,0.17999827,0.02530831,0.61875958,-0.19035668,0.01759224,-0.06329196,1.79502542,-0.92708673,0.22856340,0.70368837,0.13103555,0.02381433,1.63933783,-0.28415252,0.15060520,-3.17187958,-0.17888125
0.32100157,0.00075054,0.02344376,-0.01348977,-0.28708812,0.11127149,-0.06616523,0.06567018,-1.27483535,0.10234806,0.87019074,-1.66685927,-0.17301479,0.74122304,-1.58578062,0.13304384,0.71853262,-1.66721976,0.34870499,0.01110865,0.00166190,0.29196113,0.17792445,0.17074359,-0.27819663,0.37355830,-0.16082614,-0.28768583,-0.16531130,0.17889100,-0.26636924,-0.18289962,-0.19197276,-0.27443679,0.81030816,-0.00734402,0.00020578,0.00894373,-0.02300101,0.99969541,0.99589711,0.15503585,0.01376450,1.17607450,-0.18518055,0.00427531,0.65339929,0.17896063,0.02559189,0.61877292,-0.19070178,0.01752435,-0.10239770,1.63509953,-0.78554010,0.39355674,0.19440579,-0.09386680,-0.00625498,1.55629122,-0.32069400,0.12449656,-3.22341561,0.21149831
0.31430017,0.00902138,0.00624926,-0.01203519,-0.27069704,0.14604111,-0.06945120,0.09824839,-1.29116876,0.11448934,0.86274534,-1.67761929,-0.17327157,0.77187924,-1.59264925,0.13563875,0.64793465,-1.65387819,0.34870499,0.01110865,0.00166190,0.29201937,0.18318571,0.17388874,-0.27414054,0.36693232,-0.16193567,-0.28780180,-0.14535274,0.17950404,-0.26646458,-0.18954032,-0.19191779,-0.27456377,0.81664885,-0.00744080,0.00013435,0.00620964,-0.02154681,0.99974855,1.00715636,0.15839401,0.01787883,1.17626355,-0.18503519,0.00421757,0.67916491,0.17815900,0.02555479,0.61901586,-0.19101415,0.01745560,-0.16485657,1.61575978,-0.81124151,0.61180264,-0.39889135,-0.53528763,-0.01255434,1.52106364,-0.34235495,0.13113883,-3.50917754,0.67897627
0.31554844,0.01491367,-0.01037165,-0.01125605,-0.27440174,0.18714672,-0.07358317,0.13046579,-1.30772526,0.13057039,0.83806370,-1.68373325,-0.17371020,0.80261734,-1.60043476,0.13963790,0.57535007,-1.63154132,0.34870499,0.01110865,0.00166190,0.29178444,0.19257961,0.17813254,-0.27021374,0.36039103,-0.16327616,-0.28758355,-0.12574733,0.18053397,-0.26650023,-0.19604341,-0.19184945,-0.27437315,0.82286302,-0.00739766,0.00007033,0.00351970,-0.01971748,0.99979939,1.02231621,0.16300343,0.02157071,1.17653625,-0.18475619,0.00420089,0.70433147,0.17795383,0.02528421,0.61940789,-0.19136843,0.01741129,-0.21141489,1.63926547,-0.84202259,0.82074691,-1.30168059,-0.27008784,-0.02434523,1.56539848,-0.39877302,0.20730802,-3.69111848,1.15564973
0.29821025,0.01917846,-0.02531404,-0.01108455,-0.29972297,0.18317617,-0.07809006,0.16343884,-1.32417614,0.14521794,0.79500324,-1.67154744,-0.17534696,0.83448695,-1.60942237,0.14540713,0.50405522,-1.60136168,0.34870499,0.01110865,0.00166190,0.29128285,0.20479134,0.18230606,-0.26876410,0.35379496,-0.16473173,-0.28706923,-0.10695711,0.18208781,-0.26659202,-0.20246229,-0.19203679,-0.27382163,0.82896669,-0.00723414,0.00000994,0.00050269,-0.01783491,0.99984082,1.04012954,0.16765223,0.02251875,1.17666156,-0.18447887,0.00421362,0.72857163,0.17855237,0.02469084,0.61978437,-0.19192811,0.01746122,-0.22147095,1.62186809,-0.80539334,0.69682596,-2.17671309,0.67618731,-0.08696423,1.56809714,-0.44541637,0.29051057,-3.48312798,1.50792735
0.30312221,0.02318371,-0.03913184,-0.01246313,-0.37062781,0.14993190,-0.08243020,0.19749177,-1.34020364,0.15458739,0.74126896,-1.64740837,-0.17833416,0.86799968,-1.61946104,0.15353285,0.43713023,-1.56511090,0.34870499,0.01110865,0.00166190,0.29057918,0.21888834,0.18528180,-0.26897469,0.34712937,-0.16615463,-0.28629967,-0.08948604,0.18434317,-0.26677516,-0.20885348,-0.19251456,-0.27298279,0.83489759,-0.00698362,-0.00004893,-0.00303280,-0.01631618,0.99986228,1.05971479,0.17105760,0.02160449,1.17642081,-0.18437598,0.00427951,0.75147398,0.18018116,0.02380403,0.61987392,-0.19258116,0.01759640,-0.22093756,1.75839996,-0.82142522,0.44787660,-2.80931654,1.28559043,-0.16107540,1.73644893,-0.52283546,0.43555790,-3.40965347,1.90071037
0.27188050,0.01856834,-0.04423767,-0.01266739,-0.40292449,0.08798992,-0.08610567,0.23197129,-1.35541308,0.16060251,0.68626583,-1.62171102,-0.18201736,0.90344697,-1.62999952,0.16523892,0.37802222,-1.52459145,0.34870499,0.01110865,0.00166190,0.28976724,0.23369585,0.18733570,-0.26888889,0.34054284,-0.16739737,-0.28532258,-0.07412358,0.18768284,-0.26711210,-0.21538147,-0.19310430,-0.27201802,0.84051579,-0.00676558,-0.00010853,-0.00707403,-0.01533919,0.99985732,1.07984829,0.17331321,0.02087834,1.17576337,-0.18453050,0.00444465,0.77218437,0.18310272,0.02265514,0.61931211,-0.19317206,0.01774922,-0.17474328,1.69183218,-0.73910457,0.27725098,-2.68930173,1.25577867,-0.18411787,1.75145435,-0.51876372,0.60122937,-2.83637619,2.01260328
0.24493161,0.00909046,-0.04728029,-0.01347631,-0.45128012,0.06731256,-0.08941088,0.26679174,-1.36905699,0.16447060,0.63507837,-1.59812069,-0.18627155,0.94088672,-1.64043174,0.17947572,0.33418766,-1.48641486,0.34870499,0.01110865,0.00166190,0.28892840,0.24819295,0.18869798,-0.26777325,0.33397835,-0.16855368,-0.28423229,-0.06245284,0.19184195,-0.26762102,-0.22213963,-0.19376318,-0.27099172,0.84550458,-0.00671980,-0.00016984,-0.01160740,-0.01466083,0.99982513,1.09912354,0.17461991,0.02115515,1.17439727,-0.18499342,0.00469610,0.78870349,0.18687082,0.02130738,0.61777923,-0.19388643,0.01793668,-0.16481327,1.72948227,-0.67492403,0.18723165,-2.54066639,1.17263682,-0.21271052,1.86164727,-0.51821829,0.70519701,-2.14008441,1.87637646
0.22700125,0.00051447,-0.04929100,-0.01431079,-0.50229688,0.05561740,-0.09288051,0.30247695,-1.38175821,0.16581182,0.58234175,-1.57156563,-0.19147489,0.98015491,-1.65100441,0.19284384,0.31108991,-1.45994740,0.34870499,0.01110865,0.00166190,0.28810760,0.26321144,0.18935775,-0.26646344,0.32726803,-0.16976955,-0.28301399,-0.05544071,0.19581218,-0.26829618,-0.22910029,-0.19457161,-0.26977601,0.84998547,-0.00683528,-0.00023274,-0.01652903,-0.01409464,0.99976401,1.11843036,0.17502719,0.02164416,1.17233757,-0.18576316,0.00509361,0.80008681,0.19046197,0.01981142,0.61549119,-0.19487115,0.01833159,-0.17539124,1.81785617,-0.64542814,0.06278796,-2.69406157,1.36859791,-0.26734790,2.00106044,-0.53745183,0.67731525,-1.11948624,1.30981245
0.24263968,0.00119798,-0.05095634,-0.01451151,-0.51921348,-0.03791638,-0.09497657,0.33948686,-1.39457939,0.16591753,0.52465001,-1.53637240,-0.19787574,1.02054114,-1.66061523,0.20450410,0.31244838,-1.45054228,0.34870499,0.01110865,0.00166190,0.28728452,0.27914280,0.18977993,-0.26546997,0.32035479,-0.17057324,-0.28173661,-0.05382365,0.19931164,-0.26912410,-0.23625573,-0.19560409,-0.26847558,0.85491258,-0.00695590,-0.00031395,-0.02180073,-0.01436056,0.99965914,1.13939161,0.17472735,0.02181455,1.17023547,-0.18666093,0.00554791,0.80683635,0.19381957,0.01816043,0.61313562,-0.19569284,0.01880894,-0.09190712,1.81985388,-0.63096632,0.00641960,-2.84708939,1.76537867,-0.31881856,1.98091748,-0.46230763,0.56113579,0.17044297,0.38302644
0.29655993,0.00891760,-0.05865080,-0.01626070,-0.53534540,-0.21950452,-0.09447945,0.37711396,-1.40841687,0.16738142,0.46386586,-1.49393594,-0.20566686,1.05970082,-1.66683700,0.21136237,0.33630596,-1.46165545,0.34870499,0.01110865,0.00166190,0.28645903,0.29545718,0.19065280,-0.26438754,0.31333583,-0.17057274,-0.28053349,-0.05697365,0.20131036,-0.26975922,-0.24356401,-0.19697755,-0.26728122,0.86062762,-0.00698891,-0.00044137,-0.02703505,-0.01626624,0.99950204,1.16213217,0.17394875,0.02207150,1.16824708,-0.18766726,0.00592555,0.81023477,0.19606876,0.01669982,0.61078295,-0.19593657,0.01917781,0.04199244,1.93714805,-0.72064534,0.08893494,-3.14125738,2.21886973,-0.41066450,2.00069320,-0.29277135,0.31178737,1.35928277,-0.71054622
0.31890091,0.02317311,-0.06024502,-0.01411331,-0.38915294,-0.34055171,-0.09295952,0.41361830,-1.42453945,0.17028101,0.40075350,-1.44792295,-0.21476096,1.09361053,-1.66699910,0.21241452,0.37486172,-1.49155653,0.34870499,0.01110865,0.00166190,0.28563714,0.31178845,0.19190204,-0.26313077,0.30629556,-0.17019267,-0.27939976,-0.06329084,0.20133789,-0.26942729,-0.25093842,-0.19878780,-0.26622359,0.86710584,-0.00680843,-0.00061076,-0.03120040,-0.01956200,0.99932151,1.18616563,0.17274458,0.02250637,1.16650617,-0.18885777,0.00623738,0.81174296,0.19685214,0.01620985,0.60857999,-0.19562333,0.01941355,0.07724236,1.77821684,-0.80898225,0.15017302,-3.11094165,2.27520728,-0.45427415,1.61738241,0.03925491,0.01296927,1.97572386,-1.58835852
0.34837834,0.03553510,-0.05588588,-0.00429323,-0.11072359,-0.34431687,-0.09174418,0.44751685,-1.44560306,0.17299534,0.33263721,-1.40028024,-0.22297864,1.11578283,-1.65718415,0.21126470,0.41411563,-1.52274554,0.34870499,0.01110865,0.00166190,0.28496010,0.32816343,0.19288645,-0.26226550,0.29894468,-0.16975943,-0.27859443,-0.07117386,0.20068497,-0.26866426,-0.25828999,-0.20069411,-0.26549034,0.87419660,-0.00642340,-0.00074795,-0.03243740,-0.02305193,0.99920762,1.21090603,0.17112428,0.02269461,1.16499462,-0.18978832,0.00636568,0.81235323,0.19733031,0.01629584,0.60692622,-0.19499272,0.01946976,0.05942842,1.67658815,-1.05388258,0.13302670,-3.39096260,2.36363230,-0.40422992,1.07793630,0.50346928,-0.05885330,1.93301780,-1.52782247
0.37122454,0.04354106,-0.04466700,0.01159695,0.22182623,-0.27112650,-0.09163681,0.47772117,-1.47067053,0.17457804,0.25911448,-1.35324512,-0.22926934,1.12628565,-1.63966691,0.20898784,0.44484988,-1.54332416,0.34870499,0.01110865,0.00166190,0.28451667,0.34464603,0.19325390,-0.26186894,0.29134807,-0.16954777,-0.27826475,-0.07921207,0.19992021,-0.26836015,-0.26549416,-0.20247816,-0.26478726,0.88156354,-0.00594914,-0.00078232,-0.03039314,-0.02576386,0.99920562,1.23571086,0.16928680,0.02264772,1.16378691,-0.19028610,0.00625192,0.81275952,0.19778757,0.01615652,0.60598755,-0.19447615,0.01972941,-0.00060388,1.52488956,-1.28062894,0.07671611,-3.75072899,2.39032068,-0.31582610,0.51092291,0.90169716,-0.11924900,1.54240263,-1.02447007
0.36396991,0.04241806,-0.02785421,0.02641427,0.48549712,-0.14007058,-0.09417804,0.50343310,-1.49762259,0.17445371,0.18006195,-1.30372338,-0.23326814,1.12827055,-1.61926167,0.20562107,0.46752851,-1.55507102,0.34870499,0.01110865,0.00166190,0.28430914,0.36123688,0.19288215,-0.26224370,0.28384078,-0.17003674,-0.27817333,-0.08714837,0.19901906,-0.26832547,-0.27229922,-0.20391525,-0.26370181,0.88903911,-0.00548350,-0.00069932,-0.02562452,-0.02730807,0.99929834,1.26027088,0.16738228,0.02206543,1.16316993,-0.19076808,0.00613581,0.81288998,0.19799803,0.01598367,0.60600971,-0.19422314,0.02060733,-0.13560906,1.24400527,-1.32549779,-0.01353446,-3.90097733,2.45630589,-0.18365574,0.07096599,1.00196521,-0.16722363,1.08361346,-0.54367568
0.38835276,0.03411454,-0.00903131,0.03656802,0.66001968,-0.00869073,-0.09773420,0.52676711,-1.52491169,0.17334287,0.09728236,-1.25181594,-0.23371779,1.12672117,-1.60023773,0.20244622,0.48469709,-1.55975099,0.34870499,0.01110865,0.00166190,0.28438660,0.37796493,0.19197318,-0.26270107,0.27631040,-0.17077149,-0.27830248,-0.09497506,0.19831468,-0.26852804,-0.27867603,-0.20449834,-0.26227786,0.89659789,-0.00520593,-0.00053306,-0.01933213,-0.02755324,0.99943324,1.28456564,0.16565136,0.02168553,1.16307979,-0.19094159,0.00608412,0.81269341,0.19804026,0.01585856,0.60707814,-0.19403976,0.02210874,-0.18181329,1.19321940,-1.40344493,-0.05968673,-4.27273598,2.66565323,0.00209195,-0.08910403,0.96201680,-0.15883537,0.85449899,-0.19910651
0.37582241,0.01941484,0.00923822,0.03529041,0.64661288,0.06573812,-0.10067960,0.54967761,-1.55036116,0.17319679,0.01495209,-1.19783103,-0.23073204,1.12538087,-1.58437955,0.20019449,0.49924415,-1.55960679,0.34870499,0.01110865,0.00166190,0.28473443,0.39421015,0.19115862,-0.26273963,0.26862559,-0.17132608,-0.27873247,-0.10270868,0.19797374,-0.26896395,-0.28469889,-0.20412475,-0.26072586,0.90425402,-0.00518665,-0.00034366,-0.01273328,-0.02697677,0.99955490,1.30820107,0.16443067,0.02199480,1.16324753,-0.19075253,0.00600196,0.81237322,0.19803882,0.01577048,0.60895944,-0.19365808,0.02400857,-0.13893841,1.12237644,-1.22999442,0.00341412,-4.02604914,2.66937637,0.16882488,-0.05949244,0.75394964,-0.10336234,0.70035803,0.03579785
0.38599025,0.01456874,0.02411285,0.03264209,0.61220783,0.05107708,-0.10311941,0.57257580,-1.57246048,0.17411296,-0.05660399,-1.14659536,-0.22708836,1.12373884,-1.57264297,0.19839785,0.51398021,-1.55771122,0.34870499,0.01110865,0.00166190,0.28531575,0.40769556,0.19064890,-0.26294208,0.26090230,-0.17176921,-0.27933369,-0.11051090,0.19779959,-0.26951307,-0.28966201,-0.20348343,-0.25900081,0.91202466,-0.00530587,-0.00017341,-0.00654626,-0.02645120,0.99962866,1.32923217,0.16351524,0.02237366,1.16347784,-0.19063253,0.00598206,0.81212904,0.19806129,0.01580267,0.61200678,-0.19318577,0.02631494,-0.12013586,1.13770642,-1.09201615,0.04394092,-3.52935038,2.54872746,0.17917799,-0.08814071,0.57308171,-0.09002803,0.73218306,0.09590764
0.40017506,0.01915585,0.03696770,0.03124496,0.59361249,0.02424241,-0.10529537,0.59611715,-1.59193084,0.17387868,-0.11503311,-1.09535778,-0.22315973,1.11708376,-1.56645644,0.19596016,0.52907847,-1.55493917,0.34870499,0.01110865,0.00166190,0.28604885,0.41752488,0.19015483,-0.26525899,0.25295938,-0.17216940,-0.28006965,-0.11839137,0.19746996,-0.27020704,-0.29196589,-0.20275060,-0.25740933,0.91989708,-0.00534949,-0.00001832,-0.00069258,-0.02620792,0.99965627,1.34681211,0.16266672,0.02078986,1.16348766,-0.19053691,0.00597919,0.81201534,0.19805265,0.01584181,0.61770858,-0.19252319,0.02863952,-0.11152734,1.19862309,-0.98421483,-0.01634104,-2.93556137,2.58795600,0.20722856,-0.35783454,0.29961964,-0.12643166,0.76828033,0.14231003
0.38765160,0.02859868,0.04339868,0.02826010,0.54073605,0.02762335,-0.10811714,0.62009596,-1.60859244,0.17177553,-0.15857145,-1.05340910,-0.21432071,1.10078037,-1.56606362,0.19251150,0.54454623,-1.55197430,0.34870499,0.01110865,0.00166190,0.28685465,0.42387044,0.18932856,-0.26872598,0.24480756,-0.17278649,-0.28085342,-0.12630282,0.19685334,-0.27096991,-0.29024906,-0.20080970,-0.25713688,0.92783087,-0.00519744,0.00012579,0.00485913,-0.02594434,0.99965157,1.36095150,0.16188930,0.01812868,1.16334611,-0.19044993,0.00600124,0.81190923,0.19794245,0.01588475,0.62755620,-0.19068104,0.02971778,-0.14252977,1.17637126,-0.80399088,-0.11052296,-2.07690272,2.00924437,0.46314508,-0.84609280,-0.00058763,-0.17291763,0.76082379,0.14395432
0.40437531,0.04250803,0.05114719,0.02667355,0.51944589,0.07590210,-0.11189528,0.64411772,-1.62197540,0.16734415,-0.18940804,-1.02321458,-0.20006418,1.07745459,-1.57222908,0.18845217,0.56094340,-1.54954786,0.34870499,0.01110865,0.00166190,0.28768827,0.42763035,0.18794654,-0.27256923,0.23656846,-0.17371189,-0.28163354,-0.13425219,0.19603505,-0.27168375,-0.28506671,-0.19738672,-0.25795245,0.93574399,-0.00480146,0.00025165,0.00997151,-0.02527374,0.99963080,1.37232563,0.16129514,0.01511904,1.16323186,-0.19024613,0.00605473,0.81156973,0.19776740,0.01600453,0.64106678,-0.18753047,0.02973582,-0.20027747,1.23583124,-0.66701554,-0.24540909,-1.51158042,1.47743423,0.75995183,-1.22527404,-0.36734971,-0.21132264,0.85129732,0.12050691
0.37981877,0.05200278,0.05551332,0.02145828,0.43814700,0.15807424,-0.11697254,0.66810715,-1.63152444,0.15899554,-0.20442303,-1.01094580,-0.18567477,1.05498242,-1.58775449,0.18424185,0.57850063,-1.54750657,0.34870499,0.01110865,0.00166190,0.28858414,0.42847038,0.18555229,-0.27656946,0.22824033,-0.17504821,-0.28240010,-0.14225555,0.19514710,-0.27235092,-0.27811354,-0.19362571,-0.25797674,0.94357657,-0.00414876,0.00034576,0.01452740,-0.02379141,0.99961133,1.38038933,0.16080921,0.01201469,1.16323066,-0.18985716,0.00618404,0.81076610,0.19754509,0.01623322,0.65656632,-0.18432415,0.03060740,-0.25903738,1.17589438,-0.44019780,-0.43995062,-0.61451334,0.45975515,0.69503921,-1.08223796,-0.83058715,-0.20680794,0.86876571,0.09823546
0.38300299,0.05998627,0.06299614,0.01657608,0.36867484,0.27194634,-0.12350609,0.69269074,-1.63641517,0.14629940,-0.19155046,-1.03675263,-0.17478105,1.02747753,-1.60569668,0.18024005,0.59747065,-1.54555085,0.34870499,0.01110865,0.00166190,0.28957434,0.42464477,0.18188643,-0.27940880,0.21964927,-0.17686698,-0.28313128,-0.15028781,0.19428355,-0.27302207,-0.26892609,-0.19069500,-0.25780286,0.95136610,-0.00326909,0.00038438,0.01827768,-0.02108550,0.99961051,1.38330307,0.16054883,0.01016554,1.16336174,-0.18924107,0.00644305,0.80940466,0.19717909,0.01655227,0.67463786,-0.18245420,0.03177148,-0.32465393,1.22182879,-0.23558830,-0.63268435,0.68355865,-1.34439178,0.53607665,-1.38916924,-0.88360480,-0.19773428,0.94459279,0.09667049
0.41041989,0.05801939,0.06128041,0.01103901,0.28074434,0.35399035,-0.12999161,0.71825994,-1.63753631,0.13302747,-0.15785620,-1.09038432,-0.16637549,0.98694451,-1.62044072,0.17676960,0.61834959,-1.54396169,0.34870499,0.01110865,0.00166190,0.29044483,0.41743006,0.17800016,-0.28056237,0.21081542,-0.17873466,-0.28383812,-0.15837529,0.19354263,-0.27369824,-0.25617029,-0.18852310,-0.25863852,0.95949897,-0.00240962,0.00037040,0.02108796,-0.01762188,0.99962224,1.38294349,0.16076713,0.00988245,1.16388369,-0.18846366,0.00660670,0.80804372,0.19659488,0.01674659,0.69684313,-0.18178656,0.03180631,-0.32828574,1.30302219,-0.04912238,-0.67169065,1.74123390,-2.75257030,0.42191976,-2.09080074,-0.74575750,-0.17500369,1.06757367,0.07912884
0.40830183,0.04736777,0.05386486,0.00501849,0.15214618,0.34955444,-0.13567969,0.74493870,-1.63523026,0.12139285,-0.11664196,-1.14682207,-0.16070590,0.93524325,-1.63357747,0.17400658,0.64203274,-1.54346766,0.34870499,0.01110865,0.00166190,0.29117410,0.40883291,0.17470426,-0.28124530,0.20182187,-0.18043763,-0.28446212,-0.16656452,0.19295950,-0.27433338,-0.23994116,-0.18707001,-0.25983442,0.96788373,-0.00166869,0.00031885,0.02274918,-0.01403968,0.99964257,1.38146176,0.16148504,0.00992880,1.16455860,-0.18770310,0.00671198,0.80680397,0.19589248,0.01684073,0.72278356,-0.18192643,0.03133968,-0.27483437,1.31219127,0.12720472,-0.56237383,2.02605138,-2.73258104,0.26480589,-2.57155037,-0.63827455,-0.13218907,1.17436078,0.01764578
0.42397012,0.04164584,0.04990051,0.00040948,0.00779783,0.32994384,-0.14037714,0.77176126,-1.62913470,0.11115538,-0.07590244,-1.19341931,-0.15737605,0.87713540,-1.64485934,0.17215813,0.66884398,-1.54473310,0.34870499,0.01110865,0.00166190,0.29177899,0.40039167,0.17197655,-0.28203906,0.19299731,-0.18192692,-0.28497845,-0.17470173,0.19257117,-0.27488842,-0.22149626,-0.18615783,-0.26090701,0.97619791,-0.00102764,0.00024829,0.02301036,-0.01078438,0.99967703,1.38020649,0.16227115,0.00973994,1.16522555,-0.18707579,0.00680055,0.80569122,0.19526759,0.01689057,0.75073717,-0.18236375,0.03087199,-0.23534652,1.37719886,0.33960445,-0.52046306,2.08518734,-2.32807465,0.16033793,-3.01968431,-0.56662033,-0.08871336,1.39939167,-0.07714558
0.38388354,0.03162270,0.03652627,-0.00284517,-0.15643456,0.27572932,-0.14404736,0.79713482,-1.61946750,0.10192044,-0.03638256,-1.23050404,-0.15486883,0.81707656,-1.65467453,0.17143127,0.69863725,-1.54805291,0.34870499,0.01110865,0.00166190,0.29221162,0.39251441,0.16964683,-0.28270793,0.18492194,-0.18318371,-0.28530762,-0.18255003,0.19242078,-0.27537806,-0.20195911,-0.18533022,-0.26163743,0.98412812,-0.00049111,0.00017152,0.02165308,-0.00791900,0.99973417,1.37928069,0.16291653,0.00950369,1.16612500,-0.18658122,0.00690401,0.80464917,0.19479734,0.01683356,0.77925849,-0.18259879,0.03057419,-0.17270182,1.23109531,0.49740425,-0.44573796,1.93049157,-1.75586855,0.11975010,-2.95037007,-0.47300842,-0.02749089,1.48106670,-0.17753768
0.36160163,0.02058676,0.01869602,-0.00387106,-0.30503303,0.21548393,-0.14588259,0.82187269,-1.61070731,0.09498944,0.00273817,-1.25944276,-0.15565722,0.75474352,-1.66193273,0.17154695,0.73187221,-1.55468700,0.34870499,0.01110865,0.00166190,0.29232911,0.38512539,0.16800732,-0.28301533,0.17803708,-0.18388563,-0.28491921,-0.18999034,0.19237336,-0.27568350,-0.18140129,-0.18521996,-0.26143160,0.99144678,-0.00015132,0.00010710,0.01861950,-0.00571560,0.99981030,1.37846782,0.16344189,0.00931377,1.16736987,-0.18606043,0.00740990,0.80366826,0.19438162,0.01664561,0.80793973,-0.18328521,0.03089751,-0.08816547,1.22807343,0.42644877,-0.33862729,1.94053974,-1.42494383,-0.04700341,-3.10229793,-0.34889621,0.00648878,1.65382717,-0.33486264
0.34543791,0.00838352,-0.00129655,-0.00381453,-0.40294281,0.12704219,-0.14661331,0.84626529,-1.60724819,0.09084269,0.04109083,-1.28260622,-0.15953763,0.68846225,-1.66215293,0.17220740,0.76698080,-1.56399243,0.34870499,0.01110865,0.00166190,0.29211835,0.37805619,0.16715537,-0.28307914,0.17254488,-0.18413185,-0.28348172,-0.19703597,0.19236837,-0.27570257,-0.16031990,-0.18591972,-0.26073892,0.99825637,-0.00003676,0.00006552,0.01468329,-0.00442529,0.99988240,1.37777731,0.16376572,0.00903921,1.16916466,-0.18568866,0.00863662,0.80293086,0.19406813,0.01641578,0.83629709,-0.18453013,0.03137943,-0.03740622,1.23695462,0.15951115,-0.20535220,1.94786372,-1.16717997,-0.19760869,-3.37587018,0.00974684,0.03561463,1.78716958,-0.47720887
0.31694384,-0.00189963,-0.01721137,-0.00343762,-0.42947450,0.04293851,-0.14777440,0.86809132,-1.61375279,0.08889275,0.07828668,-1.30210917,-0.16252485,0.62194207,-1.65325916,0.17365715,0.80249586,-1.57475903,0.34870499,0.01110865,0.00166190,0.29164928,0.37128512,0.16690101,-0.28288897,0.16961798,-0.18426576,-0.28043051,-0.20366734,0.19249724,-0.27541583,-0.14015380,-0.18644182,-0.26040348,1.00472944,-0.00011319,0.00004079,0.01032426,-0.00393453,0.99993896,1.37731647,0.16386085,0.00876032,1.17289211,-0.18570804,0.01121877,0.80258324,0.19398083,0.01623345,0.86311278,-0.18544631,0.03124581,-0.06053623,1.05360392,-0.37613755,-0.08769105,1.81855550,-0.94688070,-0.13703738,-3.25095563,0.47376292,0.07381842,1.74092536,-0.53236483
0.32458822,-0.00686221,-0.03088501,-0.00361784,-0.46810158,-0.00180159,-0.15016557,0.88052180,-1.63198609,0.08854676,0.11459134,-1.32019742,-0.16450906,0.55749202,-1.63516653,0.17514884,0.83838892,-1.58668315,0.34870499,0.01110865,0.00166190,0.29099857,0.36475281,0.16706359,-0.28233386,0.17139210,-0.18449768,-0.27569938,-0.21004946,0.19255490,-0.27489182,-0.12148789,-0.18681586,-0.26067897,1.01104345,-0.00028861,0.00002260,0.00579136,-0.00390926,0.99997559,1.37709131,0.16391801,0.00866471,1.18098780,-0.18612070,0.01529918,0.80250592,0.19390269,0.01610675,0.88809865,-0.18614890,0.03031960,-0.13256962,0.55451337,-1.00339440,-0.00899828,1.86415987,-0.92569864,-0.10163512,-3.30551639,0.99017860,0.07414489,1.85161576,-0.62134436
0.30591280,-0.00686509,-0.03973065,-0.00368892,-0.45501698,-0.03099628,-0.15541780,0.86699140,-1.64364254,0.08887695,0.15051110,-1.33739674,-0.16778402,0.49345788,-1.60782158,0.17629957,0.87527966,-1.59941947,0.34870499,0.01110865,0.00166190,0.29019392,0.35830335,0.16739639,-0.28158218,0.17967070,-0.18570212,-0.27190587,-0.21645243,0.19244120,-0.27419762,-0.10370516,-0.18766359,-0.26132731,1.01728725,-0.00048085,0.00000487,0.00116257,-0.00418524,0.99999057,1.37697923,0.16391053,0.00861174,1.19539726,-0.18768039,0.01828805,0.80245322,0.19376541,0.01599629,0.91201490,-0.18726981,0.02886660,-0.28129184,-0.87986618,-0.47806430,0.01889905,1.75898206,-0.83675098,-0.17341094,-3.14007950,1.40495157,0.05423584,1.81629372,-0.62891310
0.31053661,-0.00827879,-0.04931649,-0.00427148,-0.47617298,-0.05161521,-0.16254421,0.81712731,-1.62734606,0.08950596,0.18673829,-1.35395036,-0.17378389,0.43086096,-1.57297747,0.17815459,0.91320252,-1.61214712,0.34870499,0.01110865,0.00166190,0.28924993,0.35178770,0.16780263,-0.28068319,0.19439063,-0.18808830,-0.27181715,-0.22295238,0.19245235,-0.27329620,-0.08672419,-0.18932982,-0.26188833,1.02354736,-0.00070341,-0.00001737,-0.00362729,-0.00470190,0.99998237,1.37689748,0.16378368,0.00856675,1.21616067,-0.19061139,0.01743278,0.80241462,0.19383702,0.01595374,0.93504660,-0.18920932,0.02736161,-0.34779370,-2.50475578,0.83631055,0.03205508,1.79922249,-0.82119945,-0.30196952,-3.09855680,1.73523402,0.09417045,1.88409290,-0.63138372
0.32024291,-0.01301539,-0.05924274,-0.00513917,-0.50931066,-0.05628080,-0.16607316,0.75640002,-1.60085943,0.09056993,0.22362316,-1.37017970,-0.18156620,0.37425255,-1.53630559,0.18118207,0.95225711,-1.62465641,0.34870499,0.01110865,0.00166190,0.28819799,0.34515506,0.16832308,-0.27959992,0.21122564,-0.18967421,-0.27282628,-0.22959591,0.19271254,-0.27217377,-0.07128964,-0.19151091,-0.26222070,1.02985785,-0.00102044,-0.00004579,-0.00862410,-0.00525863,0.99994898,1.37676415,0.16366317,0.00859808,1.23907691,-0.19290572,0.01537172,0.80230149,0.19409622,0.01602422,0.95655794,-0.19177096,0.02597729,-0.16910130,-3.08249397,1.34317420,0.05498965,1.87746480,-0.82403032,-0.39704584,-2.85689383,1.86153936,0.15680586,1.98938985,-0.63544420
0.30962502,-0.01806905,-0.06426986,-0.00580404,-0.52271935,-0.03331035,-0.16668375,0.70027276,-1.57724326,0.09189738,0.26138960,-1.38572564,-0.18894078,0.33069909,-1.50453644,0.18537939,0.99270804,-1.63670833,0.34870499,0.01110865,0.00166190,0.28706823,0.33835871,0.16891778,-0.27838633,0.22759645,-0.19029145,-0.27278818,-0.23644326,0.19320492,-0.27088457,-0.05883162,-0.19360191,-0.26252009,1.03620306,-0.00145127,-0.00007855,-0.01392215,-0.00562658,0.99988725,1.37644136,0.16364791,0.00868190,1.26164355,-0.19429206,0.01428005,0.80194912,0.19440237,0.01618366,0.97519636,-0.19437882,0.02454814,-0.02685505,-2.72092032,1.13906152,0.06549165,1.85605032,-0.75870118,-0.35441411,-2.06135356,1.51789317,0.21024275,1.98880491,-0.58814634
0.31950149,-0.02196251,-0.07317300,-0.00684857,-0.60645031,0.02096300,-0.16704947,0.64830879,-1.55477464,0.09276376,0.30056437,-1.40061097,-0.19404191,0.30839424,-1.48622808,0.19025493,1.03496826,-1.64846575,0.34870499,0.01110865,0.00166190,0.28589638,0.33136313,0.16938176,-0.27704997,0.24340465,-0.19073030,-0.27158996,-0.24345981,0.19377003,-0.26955064,-0.05094626,-0.19506889,-0.26296629,1.04247342,-0.00194350,-0.00010834,-0.01973780,-0.00549815,0.99979007,1.37567942,0.16378360,0.00884641,1.28376565,-0.19533930,0.01430642,0.80115948,0.19449245,0.01634574,0.98938482,-0.19644027,0.02293008,-0.01958337,-2.66291547,1.16473396,0.03903453,2.02653286,-0.76264453,-0.24545407,-0.99650600,0.83822250,0.25337394,2.18845763,-0.60487634
0.28671529,-0.01774316,-0.07203754,-0.00630500,-0.62884509,0.10246358,-0.16592309,0.59373099,-1.52653480,0.09215073,0.34111324,-1.41522741,-0.19666547,0.30988145,-1.48533213,0.19587222,1.07897627,-1.66008711,0.34870499,0.01110865,0.00166190,0.28473082,0.32421954,0.16940562,-0.27562325,0.25978406,-0.19079987,-0.27028817,-0.25058650,0.19439988,-0.26813897,-0.04810400,-0.19582605,-0.26360143,1.04844040,-0.00237358,-0.00011938,-0.02608020,-0.00457595,0.99964937,1.37419724,0.16405674,0.00910757,1.30646682,-0.19554376,0.01444265,0.79964411,0.19431225,0.01659185,0.99854565,-0.19775104,0.02112939,0.07018096,-2.70620847,1.43721521,-0.04208395,1.99663448,-0.71541697,-0.11191735,0.23880775,-0.08051535,0.28155041,2.16847992,-0.56846702
0.30615935,-0.01889142,-0.07848692,-0.00415210,-0.57364580,0.21147809,-0.16345542,0.53326799,-1.49047582,0.08987951,0.38175133,-1.43148792,-0.19748925,0.33496606,-1.50568848,0.20384555,1.11981151,-1.66769707,0.34870499,0.01110865,0.00166190,0.28354469,0.31692866,0.16886724,-0.27422344,0.27703241,-0.19051495,-0.26926092,-0.25766370,0.19561180,-0.26661667,-0.05051765,-0.19589079,-0.26361438,1.05467361,-0.00278250,-0.00007785,-0.03192405,-0.00248153,0.99948721,1.37243690,0.16450890,0.00932125,1.33075657,-0.19467075,0.01428377,0.79798443,0.19410636,0.01692802,1.00318385,-0.19842002,0.01993031,0.12033328,-3.00621810,1.79167135,-0.11385497,2.01389728,-0.81363535,-0.03929620,1.27676878,-1.04298630,0.39750208,2.01265254,-0.36274167
0.34329518,-0.02439475,-0.07963821,-0.00125345,-0.36099925,0.28814215,-0.16219823,0.47010372,-1.45464909,0.08737550,0.42011456,-1.45153782,-0.19753659,0.37413384,-1.53968849,0.21186925,1.15212066,-1.66617858,0.34870499,0.01110865,0.00166190,0.28245327,0.30950701,0.16814359,-0.27302864,0.29418182,-0.19041277,-0.26793132,-0.26505101,0.19706154,-0.26541886,-0.05693425,-0.19553491,-0.26270178,1.06149224,-0.00325576,0.00001316,-0.03560705,0.00034263,0.99936581,1.37088389,0.16510000,0.00942463,1.35580454,-0.19346678,0.01452195,0.79630618,0.19362401,0.01703441,1.00469207,-0.19882966,0.01975149,0.06092868,-3.21751876,1.81409252,-0.12570880,1.94244294,-1.02948775,-0.00114485,2.00586433,-1.73677959,0.40300000,1.61888900,0.10364064
0.35504379,-0.02357849,-0.06450707,-0.00048184,-0.01885004,0.23369621,-0.16157701,0.40353478,-1.42156973,0.08601802,0.45420609,-1.47543352,-0.19709519,0.41367332,-1.57068202,0.21757529,1.17318995,-1.65390880,0.34870499,0.01110865,0.00166190,0.28163405,0.30201494,0.16764227,-0.27223808,0.31108994,-0.19023537,-0.26652396,-0.27291164,0.19830989,-0.26467932,-0.06526594,-0.19511487,-0.26190741,1.06878556,-0.00370477,0.00010126,-0.03609188,0.00281306,0.99934451,1.36985192,0.16563513,0.00939597,1.38094156,-0.19218576,0.01511009,0.79476180,0.19306554,0.01695473,1.00461911,-0.19918398,0.01972664,0.03162394,-3.28395844,1.61423955,-0.05933879,1.65051174,-1.18495567,0.02332084,1.90769920,-1.47107761,0.26946137,0.98239107,0.64184662
0.38316334,-0.01642856,-0.04835616,-0.00251964,0.31982562,0.08703732,-0.15988161,0.33112305,-1.38843212,0.08651007,0.48370599,-1.50194390,-0.19656305,0.44406106,-1.58952181,0.22051930,1.18352587,-1.63585560,0.34870499,0.01110865,0.00166190,0.28115208,0.29444002,0.16759269,-0.27194246,0.32813162,-0.18949393,-0.26560476,-0.28056505,0.19918582,-0.26382894,-0.07359721,-0.19488948,-0.26166021,1.07626795,-0.00399098,0.00012886,-0.03336190,0.00386716,0.99943585,1.36940222,0.16587524,0.00920961,1.40585616,-0.19093996,0.01554731,0.79416988,0.19301769,0.01732314,1.00418111,-0.19944417,0.01949187,0.09779224,-3.76814451,1.71446438,0.03762054,1.49095554,-1.37804525,0.02649632,1.49746056,-0.88988607,0.13259337,0.47033250,0.94756128
0.36606566,-0.00430408,-0.02789935,-0.00389736,0.53913502,-0.08220992,-0.15613481,0.25111890,-1.34799159,0.08868245,0.50992817,-1.52968216,-0.19633274,0.46611148,-1.59812796,0.21890022,1.18692398,-1.61724889,0.34870499,0.01110865,0.00166190,0.28096476,0.28668690,0.16796641,-0.27207734,0.34552772,-0.18803734,-0.26594165,-0.28769753,0.19908122,-0.26271661,-0.08168538,-0.19493572,-0.26176190,1.08375931,-0.00406138,0.00009201,-0.02818043,0.00326370,0.99959752,1.36934328,0.16577350,0.00888743,1.43050754,-0.18983843,0.01502311,0.79476792,0.19313694,0.01824816,1.00334859,-0.19952635,0.01920287,0.19909878,-3.97795415,2.05004215,0.11749872,1.26545382,-1.36573863,0.00872770,1.02877080,-0.35701075,-0.11568648,0.12596214,0.90936345
0.36923593,0.00793680,-0.01111024,-0.00281666,0.63788210,-0.17427334,-0.15113808,0.16514800,-1.30025871,0.09138821,0.53403640,-1.55664051,-0.19600579,0.48284364,-1.59941249,0.21387252,1.18715975,-1.60002873,0.34870499,0.01110865,0.00166190,0.28105549,0.27889561,0.16846551,-0.27251089,0.36343136,-0.18607270,-0.26656524,-0.29436237,0.19815576,-0.26134200,-0.08957204,-0.19510878,-0.26223921,1.09120170,-0.00388793,0.00003400,-0.02176005,0.00150578,0.99976209,1.36958859,0.16541691,0.00854460,1.45519190,-0.18886505,0.01449025,0.79624377,0.19338025,0.01971350,1.00221777,-0.19926563,0.01881628,0.24550838,-4.27722368,2.39302077,0.13191533,1.19595220,-1.33494773,0.01564530,0.82723577,-0.05671794,-0.24946510,0.01003085,0.85108346
0.37915589,0.02125376,0.00804781,-0.00065033,0.65113124,-0.12420050,-0.14840403,0.07482408,-1.24048650,0.09239284,0.55822701,-1.58219330,-0.19620228,0.49853165,-1.59747705,0.20882702,1.18664439,-1.58492982,0.34870499,0.01110865,0.00166190,0.28142671,0.27103652,0.16848030,-0.27315595,0.38162022,-0.18474995,-0.26728318,-0.30043896,0.19717449,-0.25968840,-0.09750035,-0.19550874,-0.26292270,1.09864568,-0.00347711,0.00000387,-0.01534740,0.00022066,0.99988220,1.36960781,0.16512280,0.00827076,1.48034739,-0.18805861,0.01414353,0.79811972,0.19356476,0.02173831,1.00123162,-0.19902887,0.01850401,0.12873554,-4.59651632,3.06173062,0.04490256,1.23278339,-1.29783034,-0.01236196,0.79950943,0.10230252,-0.25696592,-0.02702133,0.76212388
0.36522331,0.02619321,0.02843833,-0.00001354,0.60443101,0.02851868,-0.15017498,-0.01280845,-1.17497680,0.09113391,0.58329322,-1.60675969,-0.19680395,0.51491778,-1.59415627,0.20402814,1.18447015,-1.57344253,0.34870499,0.01110865,0.00166190,0.28211931,0.26304402,0.16786894,-0.27394006,0.39866613,-0.18467307,-0.26764812,-0.30524701,0.19621120,-0.25787633,-0.10570418,-0.19606435,-0.26368501,1.10609063,-0.00293649,0.00000273,-0.00916741,0.00038593,0.99995790,1.36900499,0.16513545,0.00817925,1.50489919,-0.18730176,0.01447119,0.80069225,0.19303903,0.02424298,1.00053782,-0.19908238,0.01843430,-0.10559383,-4.26234312,3.21373634,-0.06866455,1.23116405,-1.19882185,-0.02763464,0.80602094,0.16683830,-0.23192868,-0.12084736,0.54190717
0.37080605,0.01495528,0.04890383,-0.00103150,0.61834305,0.07486665,-0.15342087,-0.08658051,-1.11601293,0.08991914,0.60814388,-1.62870078,-0.19629109,0.53112462,-1.59006267,0.19830805,1.17565839,-1.56842759,0.34870499,0.01110865,0.00166190,0.28308249,0.25500234,0.16731160,-0.27484286,0.41223331,-0.18501138,-0.26825858,-0.30685494,0.19504765,-0.25642785,-0.11392796,-0.19633249,-0.26453568,1.11332585,-0.00258894,0.00000306,-0.00314357,0.00112488,0.99999443,1.36795113,0.16529593,0.00823963,1.52597435,-0.18667242,0.01482390,0.80603287,0.19176787,0.02665463,0.99983988,-0.19917724,0.01854681,-0.16220505,-3.68175802,2.95992203,-0.05421671,1.27396839,-1.10645463,0.03659883,0.82907130,0.21466226,-0.30830093,-0.51070381,0.21058075
0.32371641,-0.00743247,0.06499752,-0.00110399,0.55047454,-0.05664575,-0.15279707,-0.14381245,-1.06393135,0.09130623,0.63234186,-1.64539897,-0.19421628,0.54636163,-1.58521211,0.18577226,1.15509832,-1.56907320,0.34870499,0.01110865,0.00166190,0.28433263,0.24683558,0.16754728,-0.27591085,0.42167664,-0.18448500,-0.27071051,-0.30388599,0.19226334,-0.25701244,-0.12184950,-0.19617918,-0.26552974,1.12002593,-0.00266483,-0.00000193,0.00253277,0.00076201,0.99999650,1.36660588,0.16525843,0.00842179,1.54198325,-0.18650698,0.01362212,0.81584728,0.18913516,0.02732019,0.99847555,-0.19902948,0.01880289,0.06635487,-2.69458818,2.51887107,0.08981061,1.18204772,-0.77730060,0.11248536,0.73967254,0.24343237,-0.67514968,-1.09762299,-0.06601389
0.28196824,-0.02454992,0.08539928,0.00022548,0.47242168,-0.20239934,-0.14693057,-0.18404698,-1.02415216,0.09547096,0.65576864,-1.65478833,-0.19082313,0.56226546,-1.58047967,0.16971283,1.12513361,-1.57544651,0.34870499,0.01110865,0.00166190,0.28596181,0.23860453,0.16864892,-0.27719406,0.42755682,-0.18268973,-0.27419079,-0.29671719,0.18851166,-0.25904149,-0.12957735,-0.19564446,-0.26671411,1.12573469,-0.00316561,0.00001032,0.00732619,-0.00124882,0.99997238,1.36475971,0.16488682,0.00876775,1.55283387,-0.18692268,0.01177102,0.82948927,0.18608657,0.02692033,0.99566908,-0.19848581,0.01924771,0.29420527,-1.96744671,1.94996269,0.20874875,1.16195061,-0.45561429,0.16926611,0.79217064,0.23411309,-0.78702962,-1.49017792,-0.32770485
0.29364663,-0.03232497,0.09791600,0.00196461,0.39205052,-0.26452455,-0.14029722,-0.20602540,-1.00078495,0.10055023,0.67914852,-1.65909660,-0.18702637,0.57981154,-1.57618980,0.15892917,1.09318905,-1.58662329,0.34870499,0.01110865,0.00166190,0.28775553,0.23030536,0.17007124,-0.27858447,0.42989044,-0.18081974,-0.27788906,-0.28759316,0.18596072,-0.26036991,-0.13733296,-0.19497501,-0.26800722,1.13152022,-0.00384278,0.00004463,0.01121803,-0.00384271,0.99992969,1.36312592,0.16445336,0.00917106,1.56000822,-0.18796123,0.00986647,0.84536482,0.18432284,0.02738562,0.99269278,-0.19775652,0.01974831,0.33406622,-1.06362369,1.13311028,0.25928118,1.19107730,-0.21082978,0.19366015,0.89668992,0.21702848,-0.53747673,-1.63124352,-0.57145821
0.31869241,-0.03187461,0.09464521,0.00302199,0.29318628,-0.26506834,-0.13437088,-0.20234428,-1.00671277,0.10577581,0.70367213,-1.66024909,-0.18331482,0.59920423,-1.57230010,0.15197822,1.05633872,-1.59799571,0.34870499,0.01110865,0.00166190,0.28951138,0.22174893,0.17157970,-0.27990947,0.42756932,-0.17918552,-0.28099619,-0.27660258,0.18437599,-0.26171641,-0.14521154,-0.19430228,-0.26933764,1.13799168,-0.00457554,0.00009464,0.01427835,-0.00654146,0.99987666,1.36196656,0.16408812,0.00960190,1.56317995,-0.18934001,0.00851519,0.86382514,0.18340372,0.02779497,0.99025033,-0.19696125,0.02017374,0.29167759,0.29871551,-0.44167321,0.25522586,1.20836067,-0.04593624,0.17971273,0.95805768,0.18956661,-0.33012854,-1.83820856,-0.55192776
0.37663730,-0.03559476,0.09257870,0.00343276,0.21659389,-0.29099622,-0.12615254,-0.17477403,-1.04385014,0.11052800,0.72928799,-1.65860438,-0.18059939,0.62040992,-1.56871996,0.14758197,1.01165807,-1.60961890,0.34870499,0.01110865,0.00166190,0.29109283,0.21297017,0.17299914,-0.28115781,0.42125914,-0.17686997,-0.28298744,-0.26287844,0.18344520,-0.26327750,-0.15319279,-0.19387539,-0.27058804,1.14525844,-0.00539061,0.00015480,0.01648893,-0.00934900,0.99982033,1.36142640,0.16359580,0.00993502,1.56313651,-0.19010707,0.00810540,0.88585633,0.18293826,0.02781533,0.98846703,-0.19636744,0.02050479,0.44696525,1.54948803,-2.08572450,0.24042291,1.32350950,0.10362723,0.13128260,1.10310050,0.18210094,-0.21003054,-2.35030539,-0.60725527
0.38381391,-0.03774636,0.07943026,0.00251641,0.11433824,-0.27688581,-0.11576627,-0.13580644,-1.09311032,0.11475607,0.75501543,-1.65327847,-0.17811586,0.64420897,-1.56630850,0.14538403,0.95962989,-1.62243736,0.34870499,0.01110865,0.00166190,0.29246402,0.20413245,0.17432763,-0.28242394,0.41305565,-0.17398583,-0.28440025,-0.24634613,0.18302367,-0.26463395,-0.16135644,-0.19346342,-0.27177486,1.15305644,-0.00633348,0.00021664,0.01778721,-0.01217698,0.99976762,1.36137426,0.16297058,0.01004007,1.56175196,-0.19032808,0.00806377,0.91124111,0.18263591,0.02783006,0.98703587,-0.19580951,0.02068916,0.51973492,1.96394491,-2.45612502,0.20397541,1.25999999,0.28873190,0.12323786,1.18687570,0.10771611,-0.09341099,-2.59996152,-0.63607270
0.39157651,-0.03607951,0.06733869,-0.00001841,0.00374347,-0.22003367,-0.10774264,-0.09577089,-1.13598976,0.11862282,0.77988274,-1.64491956,-0.17546089,0.67113426,-1.56625371,0.14491455,0.90092969,-1.63322778,0.34870499,0.01110865,0.00166190,0.29354916,0.19572920,0.17560277,-0.28342389,0.40469416,-0.17185765,-0.28558215,-0.22761148,0.18295286,-0.26576773,-0.16951870,-0.19290037,-0.27284701,1.16097252,-0.00729327,0.00025772,0.01787054,-0.01442590,0.99973620,1.36168697,0.16258893,0.01012528,1.56053951,-0.19075617,0.00796701,0.93873463,0.18215079,0.02778143,0.98595856,-0.19522213,0.02070216,0.39308311,1.98472595,-2.11145289,0.19082951,1.23264103,0.41469553,0.12891775,1.34046915,-0.00146101,-0.02148504,-2.92072601,-0.52847349
0.38841171,-0.02933555,0.05171395,-0.00398989,-0.12577533,-0.13663972,-0.10232527,-0.05692156,-1.17011304,0.12188398,0.80385129,-1.63693702,-0.17428242,0.70042326,-1.56853752,0.14547663,0.83892827,-1.64041471,0.34870499,0.01110865,0.00166190,0.29432501,0.18828321,0.17668107,-0.28373139,0.39670881,-0.17054857,-0.28658153,-0.20786593,0.18308336,-0.26669126,-0.17737596,-0.19265575,-0.27361137,1.16863480,-0.00812011,0.00026361,0.01669167,-0.01580601,0.99973571,1.36240923,0.16252056,0.01059363,1.55975387,-0.19112439,0.00774348,0.96666048,0.18144291,0.02763375,0.98525716,-0.19507227,0.02071364,0.27069173,1.97356396,-1.71754606,0.16439416,1.21672616,0.40352368,0.05700915,1.49570220,-0.12183925,0.03118123,-3.15696898,-0.35872335
0.35312726,-0.01886543,0.03145813,-0.00797012,-0.24281871,-0.05833527,-0.09902452,-0.01909649,-1.19719133,0.12509319,0.82638557,-1.62991571,-0.17397047,0.73215748,-1.57322795,0.14751104,0.77547185,-1.64482849,0.34870499,0.01110865,0.00166190,0.29478621,0.18202537,0.17770671,-0.28329048,0.38915978,-0.16989120,-0.28728790,-0.18752542,0.18350195,-0.26699518,-0.18494147,-0.19255370,-0.27415567,1.17587690,-0.00875951,0.00023527,0.01430647,-0.01645385,0.99976224,1.36365142,0.16286113,0.01149572,1.55923538,-0.19136464,0.00749831,0.99449147,0.18081389,0.02779103,0.98469930,-0.19512312,0.02063054,0.15292447,1.84961522,-1.30233617,0.16040266,1.09612932,0.34079128,0.01399675,1.56449070,-0.23951249,0.10777255,-3.11573935,-0.20588426
0.34962321,-0.00886066,0.01686102,-0.01124490,-0.33931906,0.00815921,-0.09782002,0.01734562,-1.21905866,0.12930704,0.84534581,-1.62471957,-0.17409293,0.76529244,-1.58016012,0.15115871,0.70962894,-1.64415262,0.34870499,0.01110865,0.00166190,0.29499043,0.17752247,0.17896240,-0.28208232,0.38207533,-0.16984596,-0.28763206,-0.16682389,0.18429110,-0.26676350,-0.19210015,-0.19247037,-0.27444748,1.18271101,-0.00918313,0.00018259,0.01108858,-0.01645721,0.99980307,1.36602731,0.16383970,0.01290810,1.55898938,-0.19151193,0.00735837,1.02204288,0.18049864,0.02822693,0.98438034,-0.19522683,0.02054294,0.04886227,1.86556776,-1.09621005,0.22449510,0.94602838,0.25113223,-0.00963746,1.71092176,-0.37073946,0.19648885,-3.40952282,0.07913639
0.31594371,-0.00098380,0.00077972,-0.01143272,-0.35441904,0.07160417,-0.09835881,0.05217490,-1.23748732,0.13410658,0.85702878,-1.62216902,-0.17447457,0.79888570,-1.58886981,0.15525822,0.64056063,-1.63387883,0.34870499,0.01110865,0.00166190,0.29494643,0.17573468,0.18032905,-0.28035225,0.37538334,-0.17029144,-0.28767607,-0.14625913,0.18524002,-0.26666767,-0.19887199,-0.19236523,-0.27442499,1.18919986,-0.00942952,0.00011878,0.00750785,-0.01581780,0.99984670,1.37055087,0.16525035,0.01459418,1.55900860,-0.19151006,0.00727036,1.04887354,0.18034435,0.02827876,0.98434240,-0.19540765,0.02052145,-0.03766488,1.69600689,-0.88268161,0.23763318,0.51462299,0.10634169,-0.01976683,1.64880109,-0.43817827,0.20150138,-3.40819001,0.57800376
0.30530977,0.00650584,-0.01800882,-0.01163533,-0.37822068,0.05246656,-0.09922210,0.08653525,-1.25557964,0.14038237,0.86062875,-1.62483635,-0.17543648,0.83240181,-1.59859300,0.15924057,0.57044733,-1.61311672,0.34870499,0.01110865,0.00166190,0.29455074,0.17722170,0.18200518,-0.27771594,0.36890941,-0.17080010,-0.28731522,-0.12641469,0.18622877,-0.26683213,-0.20526567,-0.19234267,-0.27410236,1.19535946,-0.00949377,0.00005658,0.00370890,-0.01525866,0.99987670,1.37805233,0.16701893,0.01683480,1.55888529,-0.19147122,0.00723552,1.07468622,0.18050570,0.02771862,0.98432024,-0.19548340,0.02044838,-0.04142992,1.70661771,-0.90012826,0.31596869,0.16876256,-0.15036805,-0.05102907,1.66355429,-0.48472906,0.19841389,-3.47865639,1.04475942
0.29913024,0.01640400,-0.03759057,-0.01288160,-0.42184638,-0.02656231,-0.09943727,0.12143449,-1.27448852,0.14884873,0.85645587,-1.63561482,-0.17825368,0.86600331,-1.60934811,0.16388728,0.50129296,-1.58468955,0.34870499,0.01110865,0.00166190,0.29382902,0.18236589,0.18410584,-0.27353391,0.36252478,-0.17109272,-0.28657245,-0.10731539,0.18745430,-0.26711002,-0.21126423,-0.19275356,-0.27337604,1.20125972,-0.00936128,-0.00000703,-0.00042524,-0.01548964,0.99987994,1.38924088,0.16900733,0.02029511,1.55831084,-0.19160131,0.00725658,1.09980233,0.18132723,0.02671900,0.98412621,-0.19547832,0.02045298,-0.01016667,1.77537763,-0.96147195,0.43414420,-0.24345876,-0.55712188,-0.14788056,1.70936003,-0.54856406,0.23925962,-3.51321497,1.46257992
0.27650618,0.02082022,-0.04938488,-0.01356161,-0.42765903,-0.05639279,-0.09963226,0.15646206,-1.29307551,0.15785832,0.83512831,-1.64331334,-0.18263944,0.89985075,-1.62014861,0.17036576,0.43457859,-1.54946785,0.34870499,0.01110865,0.00166190,0.29288780,0.19207489,0.18640755,-0.26959774,0.35619350,-0.17136333,-0.28560754,-0.08926031,0.18925720,-0.26740157,-0.21713045,-0.19353401,-0.27238972,1.20693753,-0.00912038,-0.00007726,-0.00478184,-0.01607154,0.99985941,1.40490420,0.17101772,0.02329006,1.55743952,-0.19184299,0.00728026,1.12380592,0.18290782,0.02548624,0.98369920,-0.19557599,0.02049809,-0.01127176,1.71711977,-0.90844625,0.43820087,-1.13676500,-0.32514683,-0.21903391,1.66046615,-0.52598641,0.32829886,-3.25581059,1.75172577
0.27737686,0.01946448,-0.05940352,-0.01491627,-0.45571784,-0.04158201,-0.10023173,0.19188354,-1.31140699,0.16435598,0.79539545,-1.63714468,-0.18746188,0.93484688,-1.63054514,0.17952836,0.37321600,-1.51031466,0.34870499,0.01110865,0.00166190,0.29184232,0.20511482,0.18831974,-0.26767698,0.34975318,-0.17173623,-0.28451148,-0.07285838,0.19185620,-0.26749700,-0.22328277,-0.19436998,-0.27128034,1.21238716,-0.00891182,-0.00015208,-0.00920399,-0.01650021,0.99982149,1.42360432,0.17253713,0.02416534,1.55628304,-0.19209545,0.00733084,1.14589919,0.18524404,0.02434532,0.98281229,-0.19580822,0.02056199,-0.03338897,1.82741649,-0.94372975,0.31060961,-2.14536514,0.41169069,-0.24847869,1.81250281,-0.53454111,0.48914118,-3.11565557,2.03028145
0.24099698,0.01398167,-0.06197126,-0.01514970,-0.44955648,-0.06585362,-0.10080501,0.22782533,-1.32971811,0.16674328,0.74713480,-1.62284541,-0.19242524,0.97180045,-1.64102185,0.18995103,0.32242197,-1.47387159,0.34870499,0.01110865,0.00166190,0.29072416,0.21967180,0.18925226,-0.26682442,0.34323070,-0.17208315,-0.28325703,-0.05901152,0.19480144,-0.26725122,-0.22982980,-0.19515177,-0.27001636,1.21741360,-0.00878427,-0.00023574,-0.01376598,-0.01712065,0.99975863,1.44343650,0.17283557,0.02389973,1.55455101,-0.19251857,0.00746713,1.16510659,0.18792348,0.02347294,0.98103666,-0.19595235,0.02070780,-0.02671910,1.76506352,-0.89731634,0.08731730,-2.40474916,0.73879606,-0.24456574,1.82564807,-0.51460546,0.51547498,-2.40527344,1.75316882
0.20680636,0.00733136,-0.06581503,-0.01705379,-0.47694246,-0.13531347,-0.10093042,0.26410378,-1.34767926,0.16675032,0.69787806,-1.60694253,-0.19908508,1.00929976,-1.64991872,0.20080342,0.29266027,-1.45084081,0.34870499,0.01110865,0.00166190,0.28955400,0.23459917,0.18947672,-0.26558715,0.33670724,-0.17227487,-0.28184509,-0.04986604,0.19779296,-0.26652263,-0.23657359,-0.19630723,-0.26863875,1.22162204,-0.00879151,-0.00034376,-0.01856130,-0.01846179,0.99965720,1.46305740,0.17189376,0.02396685,1.55173867,-0.19338135,0.00770891,1.17909323,0.19070781,0.02303137,0.97796140,-0.19622972,0.02091525,-0.00570483,1.80220454,-0.89069819,-0.00068477,-2.44447303,0.79274514,-0.33444294,1.86175532,-0.43904306,0.53996279,-1.43039995,1.11473534
0.23096733,0.01020211,-0.06956006,-0.02039959,-0.52297435,-0.19094395,-0.10067064,0.30138317,-1.36517484,0.16613481,0.64788116,-1.58800676,-0.20754884,1.04741960,-1.65766385,0.21097245,0.28943783,-1.44370837,0.34870499,0.01110865,0.00166190,0.28839958,0.24968090,0.18952362,-0.26397968,0.33002724,-0.17234453,-0.28034193,-0.04683755,0.20067839,-0.26639729,-0.24343780,-0.19783984,-0.26712182,1.22619267,-0.00878271,-0.00048331,-0.02368472,-0.02031651,0.99951290,1.48336880,0.17043836,0.02441990,1.54894392,-0.19439585,0.00805765,1.18754855,0.19363322,0.02200229,0.97491653,-0.19656681,0.02127776,0.01467266,1.89890931,-0.88841796,-0.03306101,-2.54941888,0.97651942,-0.43274900,1.94185147,-0.39255599,0.50760444,-0.09716357,0.32380732
0.26417847,0.02046369,-0.06791422,-0.02297305,-0.53143620,-0.24322774,-0.09965385,0.33964240,-1.38206103,0.16488487,0.59382306,-1.56158192,-0.21691530,1.08613381,-1.66387162,0.21557870,0.31236782,-1.45483439,0.34870499,0.01110865,0.00166190,0.28732297,0.26539909,0.18948500,-0.26255375,0.32316328,-0.17218007,-0.27883795,-0.04962525,0.20207269,-0.26732748,-0.25050765,-0.19950169,-0.26562043,1.23159034,-0.00863072,-0.00066433,-0.02909679,-0.02273069,0.99931789,1.50533059,0.16859095,0.02476922,1.54659059,-0.19532654,0.00848502,1.19120440,0.19548938,0.01999549,0.97227069,-0.19653582,0.02170255,0.05366925,1.87777236,-0.82515123,-0.06316532,-2.67326827,1.33555913,-0.46232672,1.89580767,-0.29253958,0.19481794,1.21617453,-0.62856249
0.31807073,0.03491840,-0.07285651,-0.02410506,-0.49385708,-0.34852083,-0.09780174,0.37759896,-1.39903944,0.16406258,0.53440672,-1.52667906,-0.22721712,1.12167435,-1.66530690,0.21537256,0.35023606,-1.48382738,0.34870499,0.01110865,0.00166190,0.28632228,0.28170677,0.18965751,-0.26153657,0.31613511,-0.17172876,-0.27754183,-0.05545089,0.20182515,-0.26751969,-0.25772322,-0.20142810,-0.26432483,1.23778894,-0.00829934,-0.00088670,-0.03400990,-0.02599415,0.99908300,1.52897689,0.16645263,0.02478572,1.54456632,-0.19623501,0.00878045,1.19290812,0.19613623,0.01880260,0.96994001,-0.19605313,0.02199745,0.10023715,1.94769785,-0.87783401,-0.03547664,-3.09101052,1.84472618,-0.53697253,1.79647968,-0.03447042,-0.02883734,2.01018550,-1.59578242
0.33031763,0.04257028,-0.06562419,-0.01454697,-0.25729817,-0.38504529,-0.09556577,0.41327724,-1.41852891,0.16468175,0.47044688,-1.48826182,-0.23790681,1.14832699,-1.65869844,0.21444252,0.39184380,-1.51964962,0.34870499,0.01110865,0.00166190,0.28546143,0.29818933,0.19017377,-0.26066706,0.30898317,-0.17106908,-0.27660240,-0.06276802,0.20113320,-0.26660323,-0.26488479,-0.20369224,-0.26328804,1.24457252,-0.00785306,-0.00110476,-0.03696828,-0.02985021,0.99886991,1.55358589,0.16417507,0.02479437,1.54278898,-0.19706769,0.00885902,1.19392711,0.19666938,0.01885819,0.96799701,-0.19536432,0.02217339,0.11118852,1.72924280,-0.97823137,0.04144013,-3.16524482,1.89620602,-0.52481538,1.23394930,0.38529143,-0.04458603,2.04910755,-1.77694762
0.34969820,0.04739127,-0.05235911,0.00613351,0.08867107,-0.30497791,-0.09505656,0.44376401,-1.44264462,0.16531794,0.40054483,-1.45111604,-0.24654952,1.16123302,-1.64287059,0.21236430,0.42678018,-1.54568398,0.34870499,0.01110865,0.00166190,0.28490798,0.31482803,0.19038103,-0.26001931,0.30183621,-0.17076498,-0.27606234,-0.07086623,0.20032764,-0.26614606,-0.27183863,-0.20587937,-0.26236255,1.25171857,-0.00736696,-0.00119469,-0.03620081,-0.03298156,0.99879942,1.57842031,0.16182997,0.02488867,1.54163179,-0.19767223,0.00884564,1.19422244,0.19719937,0.01876192,0.96689014,-0.19486450,0.02254542,0.01984475,1.50355573,-1.20296781,0.02890751,-3.48155775,1.84192762,-0.42085308,0.62187977,0.79418906,-0.10578074,1.71409614,-1.26953346
0.36605314,0.04574440,-0.03546637,0.02957431,0.42846064,-0.12529630,-0.09745601,0.46942025,-1.46962526,0.16437033,0.32367982,-1.41277752,-0.25035348,1.16498692,-1.62338202,0.20914088,0.45130143,-1.56009486,0.34870499,0.01110865,0.00166190,0.28466062,0.33181681,0.18988315,-0.26007987,0.29463725,-0.17122129,-0.27589528,-0.07869780,0.19942504,-0.26612946,-0.27864476,-0.20717492,-0.26127786,1.25898714,-0.00695923,-0.00110285,-0.03210925,-0.03431184,0.99889463,1.60305138,0.15970754,0.02458075,1.54118094,-0.19799456,0.00876534,1.19415911,0.19739590,0.01853116,0.96678309,-0.19452560,0.02338276,-0.12839865,1.29597774,-1.37627618,-0.05255039,-3.92703209,1.96459208,-0.18000362,0.17582108,0.99363881,-0.16490581,1.22566323,-0.71030903
0.35974712,0.03611462,-0.01313816,0.04411984,0.64274050,0.07314342,-0.10215156,0.49178250,-1.49763396,0.16132618,0.24120658,-1.37079430,-0.24903976,1.16331952,-1.60379503,0.20574313,0.46771500,-1.56554883,0.34870499,0.01110865,0.00166190,0.28473971,0.34899453,0.18858154,-0.26090913,0.28729913,-0.17227618,-0.27606089,-0.08624215,0.19864445,-0.26635074,-0.28516386,-0.20734701,-0.25997562,1.26635284,-0.00670471,-0.00086836,-0.02568681,-0.03371449,0.99910098,1.62726629,0.15792114,0.02383057,1.54138479,-0.19795664,0.00867882,1.19369806,0.19730169,0.01838897,0.96785984,-0.19435634,0.02476408,-0.23700997,1.08566244,-1.37296419,-0.15905235,-4.05386524,2.05735731,0.08144536,-0.09773058,0.95497713,-0.16587919,0.77786196,-0.23516205
0.38398862,0.02510669,0.00814654,0.05018516,0.76178585,0.15337935,-0.10703930,0.51264886,-1.52479637,0.15690437,0.15590747,-1.32343812,-0.24497819,1.15860288,-1.58563006,0.20280550,0.47984598,-1.56483252,0.34870499,0.01110865,0.00166190,0.28513600,0.36610079,0.18676110,-0.26216066,0.27987650,-0.17334568,-0.27651635,-0.09365576,0.19812818,-0.26685597,-0.29105983,-0.20686575,-0.25854431,1.27380972,-0.00666740,-0.00059293,-0.01832655,-0.03226196,0.99931124,1.65119445,0.15609088,0.02297533,1.54192243,-0.19770446,0.00861965,1.19312848,0.19708911,0.01828003,0.97001290,-0.19432869,0.02659168,-0.24600392,1.06934712,-1.38874364,-0.23173031,-4.40912104,2.49743490,0.22018051,-0.25840472,0.92509313,-0.14688837,0.60721973,0.06871013
0.37057497,0.01263665,0.02497822,0.04400325,0.69657375,0.11157806,-0.11036714,0.53379899,-1.55003488,0.15419301,0.06788430,-1.26505613,-0.24059877,1.15218365,-1.56953442,0.20055695,0.49149540,-1.56152189,0.34870499,0.01110865,0.00166190,0.28578091,0.38323537,0.18544476,-0.26365642,0.27235542,-0.17396921,-0.27720200,-0.10113347,0.19786781,-0.26753271,-0.29600754,-0.20627863,-0.25711052,1.28134584,-0.00684937,-0.00034659,-0.01115193,-0.03106243,0.99945517,1.67535746,0.15443905,0.02212448,1.54237235,-0.19739575,0.00857890,1.19269490,0.19691683,0.01824819,0.97309995,-0.19434818,0.02867039,-0.15031239,1.04162264,-1.22246313,-0.11430154,-4.33324528,2.94329834,0.21284729,-0.32441053,0.77310026,-0.10538451,0.57395941,0.17356871
0.38330226,0.01860567,0.03951608,0.03853878,0.63541367,0.15252279,-0.11426651,0.55648255,-1.57105353,0.15415148,-0.01622746,-1.20319438,-0.23595624,1.14440615,-1.55934181,0.19792739,0.50453861,-1.55821700,0.34870499,0.01110865,0.00166190,0.28664402,0.39935163,0.18482008,-0.26442459,0.26442368,-0.17482295,-0.27802370,-0.10869166,0.19750197,-0.26831269,-0.29906342,-0.20551427,-0.25568454,1.28906324,-0.00694093,-0.00014071,-0.00471604,-0.02955056,0.99955215,1.69863582,0.15396428,0.02221943,1.54269726,-0.19707964,0.00862032,1.19222903,0.19663716,0.01833133,0.97838118,-0.19442881,0.03095948,-0.19683034,1.12836406,-1.03440803,-0.00332030,-4.14868674,3.05257378,0.23835798,-0.39312760,0.49309835,-0.13222739,0.65029522,0.16296505
0.39719048,0.02995280,0.05257853,0.03282574,0.57465296,0.19158908,-0.11945952,0.58036819,-1.58731492,0.15289523,-0.08546585,-1.14814110,-0.22623001,1.13101952,-1.55536928,0.19450007,0.51927347,-1.55543323,0.34870499,0.01110865,0.00166190,0.28765696,0.41206265,0.18393687,-0.26561160,0.25609403,-0.17611650,-0.27897660,-0.11635612,0.19690916,-0.26921596,-0.29893679,-0.20343591,-0.25552483,1.29689629,-0.00679224,0.00002548,0.00097693,-0.02765994,0.99961691,1.71849990,0.15407663,0.02204536,1.54285944,-0.19680094,0.00868036,1.19160705,0.19624997,0.01844101,0.98716717,-0.19338603,0.03213213,-0.26420977,1.21652954,-0.81635252,-0.06966966,-3.48324456,2.80066051,0.51057883,-0.70348250,0.19205914,-0.17534909,0.75378886,0.14071990
0.37535815,0.03401257,0.05994789,0.02523212,0.47154773,0.15705966,-0.12435802,0.60467132,-1.59933507,0.14957758,-0.13755443,-1.09657917,-0.21166016,1.10910594,-1.55706215,0.19065632,0.53593661,-1.55327694,0.34870499,0.01110865,0.00166190,0.28878197,0.42051794,0.18285879,-0.26890349,0.24766436,-0.17739333,-0.28007852,-0.12414719,0.19618420,-0.27019489,-0.29487963,-0.20011989,-0.25695086,1.30461447,-0.00650698,0.00015147,0.00586063,-0.02602751,0.99964404,1.73407831,0.15422101,0.01987848,1.54271202,-0.19654800,0.00870345,1.19084458,0.19587181,0.01858708,0.99972048,-0.19101070,0.03183111,-0.23697816,1.19109640,-0.57389874,-0.16861276,-2.47893796,2.49142213,0.72249786,-1.10199585,-0.11397249,-0.18993370,0.82488056,0.10165747
0.37412231,0.04026496,0.07086593,0.02126943,0.42166250,0.15525343,-0.12899772,0.62905627,-1.60831726,0.14563857,-0.17414903,-1.05573735,-0.19835775,1.08554742,-1.56789808,0.18647340,0.55426847,-1.55194442,0.34870499,0.01110865,0.00166190,0.29000102,0.42565282,0.18176753,-0.27275482,0.23928674,-0.17864297,-0.28114962,-0.13201592,0.19532987,-0.27115567,-0.28824815,-0.19688174,-0.25783196,1.31198957,-0.00610029,0.00024560,0.01003859,-0.02452415,0.99964880,1.74604349,0.15457625,0.01724620,1.54222851,-0.19626203,0.00885139,1.18971066,0.19546813,0.01884535,1.01443388,-0.18861064,0.03216906,-0.23949110,1.25627322,-0.44605134,-0.20286562,-1.79638267,2.02455440,0.66137794,-1.19943757,-0.62371207,-0.21733439,0.95288888,0.06404799
0.32947681,0.04246470,0.07616647,0.01608208,0.34160092,0.17727535,-0.13426195,0.65374678,-1.61436617,0.14134236,-0.19584617,-1.02973258,-0.18856455,1.06281602,-1.58401132,0.18229143,0.57399005,-1.55106246,0.34870499,0.01110865,0.00166190,0.29135051,0.42791286,0.18063382,-0.27650511,0.23082883,-0.18011133,-0.28211893,-0.13996768,0.19444523,-0.27206746,-0.28057009,-0.19435345,-0.25776947,1.31886029,-0.00556125,0.00030995,0.01361091,-0.02276443,0.99964815,1.75455225,0.15540618,0.01484541,1.54125094,-0.19599349,0.00923158,1.18788910,0.19505393,0.01928306,1.02973384,-0.18694132,0.03358105,-0.26386976,1.21279669,-0.27498776,-0.21404640,-0.95627058,1.16377008,0.45601231,-1.11201227,-0.81227803,-0.20408367,0.97621882,0.04083269
0.34933543,0.04705589,0.07667138,0.01185811,0.27476271,0.24753373,-0.13991923,0.67863171,-1.61619329,0.13386335,-0.18936850,-1.03981895,-0.18137141,1.03156242,-1.59879341,0.17842009,0.59505072,-1.55033231,0.34870499,0.01110865,0.00166190,0.29266981,0.42524418,0.17858397,-0.27938442,0.22222405,-0.18177337,-0.28310987,-0.14792723,0.19360702,-0.27295022,-0.27035765,-0.19254859,-0.25828101,1.32595568,-0.00490388,0.00033244,0.01640845,-0.02029989,0.99965923,1.75809925,0.15626927,0.01328540,1.54061708,-0.19554901,0.00955994,1.18601024,0.19454892,0.01971959,1.04800403,-0.18631805,0.03438880,-0.27984140,1.23626857,-0.08571708,-0.38039241,0.37655746,-0.58103701,0.35299306,-1.57228899,-0.73423032,-0.19149294,1.04753020,0.03657656
0.38846948,0.04914949,0.07187481,0.00779862,0.20479405,0.32725427,-0.14519517,0.70425928,-1.61527534,0.12204236,-0.15700815,-1.08678222,-0.17578992,0.98955145,-1.61380281,0.17501236,0.61750925,-1.54948616,0.34870499,0.01110865,0.00166190,0.29380921,0.41833435,0.17521859,-0.28069227,0.21344301,-0.18337877,-0.28403286,-0.15595005,0.19287947,-0.27385462,-0.25667858,-0.19117335,-0.25924460,1.33364506,-0.00420117,0.00031497,0.01845871,-0.01710879,0.99968318,1.75773013,0.15660006,0.01311694,1.54068813,-0.19477624,0.00977635,1.18438637,0.19390171,0.01995459,1.07057514,-0.18647942,0.03456461,-0.26820283,1.30565319,0.05317716,-0.60732634,1.68154054,-2.43325987,0.28346561,-2.15696964,-0.76342255,-0.17163173,1.14639480,0.04291359
0.39469733,0.04453936,0.06133305,0.00354868,0.11055670,0.34479569,-0.15050540,0.73045158,-1.61098416,0.10946899,-0.11569997,-1.14135015,-0.17022705,0.93998394,-1.62803805,0.17234342,0.64201058,-1.54911401,0.34870499,0.01110865,0.00166190,0.29475772,0.40983317,0.17171118,-0.28151985,0.20447370,-0.18505242,-0.28487631,-0.16409281,0.19232854,-0.27469678,-0.24058508,-0.18973986,-0.26045184,1.34174261,-0.00351023,0.00026691,0.01966666,-0.01359195,0.99971416,1.75609255,0.15699549,0.01323788,1.54110978,-0.19405320,0.00988141,1.18293923,0.19320836,0.02006095,1.09608806,-0.18663925,0.03430588,-0.26093703,1.28383489,0.22744291,-0.60861309,2.02460279,-2.63915324,0.27348468,-2.45369163,-0.69002680,-0.12771802,1.21072876,0.01388999
0.41410676,0.04173410,0.05481387,0.00024660,0.00374296,0.31728226,-0.15531187,0.75628142,-1.60371563,0.09919504,-0.07590768,-1.18581760,-0.16654061,0.88502526,-1.64047325,0.17029277,0.66883577,-1.55013654,0.34870499,0.01110865,0.00166190,0.29552534,0.40156764,0.16897154,-0.28249148,0.19571646,-0.18662981,-0.28556218,-0.17219479,0.19189383,-0.27541898,-0.22276626,-0.18871993,-0.26140341,1.34985609,-0.00286202,0.00020713,0.01984068,-0.01043436,0.99974868,1.75486298,0.15769131,0.01303386,1.54163463,-0.19353612,0.00996315,1.18170396,0.19258400,0.02010635,1.12319945,-0.18689133,0.03412192,-0.24112505,1.32559357,0.38772609,-0.51213961,2.03175945,-2.21757665,0.16815315,-2.86131577,-0.62894469,-0.10222985,1.39544561,-0.06311606
0.37756630,0.03305864,0.03947492,-0.00216768,-0.12072396,0.22658334,-0.15895656,0.78105283,-1.59510553,0.09106210,-0.03743929,-1.22192430,-0.16657922,0.82574934,-1.65104842,0.16894770,0.69787115,-1.55299127,0.34870499,0.01110865,0.00166190,0.29607385,0.39376008,0.16689540,-0.28327800,0.18769917,-0.18788726,-0.28589126,-0.18002965,0.19158126,-0.27601723,-0.20343893,-0.18858075,-0.26160766,1.35764921,-0.00229769,0.00015059,0.01879068,-0.00801240,0.99979132,1.75403357,0.15826543,0.01279585,1.54231298,-0.19316909,0.01018259,1.18071318,0.19214433,0.02005662,1.15121400,-0.18759368,0.03446619,-0.17005642,1.20563364,0.42916745,-0.38509068,1.88000298,-1.71960795,-0.02881709,-2.93353701,-0.50508976,-0.06049258,1.43842125,-0.15324003
0.35735855,0.02488889,0.02233326,-0.00336839,-0.24792574,0.16312647,-0.16129044,0.80424178,-1.58657675,0.08517124,0.00032051,-1.25063934,-0.16842621,0.76406623,-1.65804963,0.16848564,0.72927969,-1.55857108,0.34870499,0.01110865,0.00166190,0.29630039,0.38642634,0.16547668,-0.28372064,0.18089087,-0.18874894,-0.28566228,-0.18737583,0.19140038,-0.27640273,-0.18335622,-0.18877442,-0.26119468,1.36488371,-0.00188261,0.00010405,0.01633219,-0.00634441,0.99984649,1.75337887,0.15867690,0.01257975,1.54336474,-0.19291189,0.01063810,1.17995188,0.19188021,0.01989766,1.17914666,-0.18831499,0.03510571,-0.11364146,1.15162239,0.41606294,-0.28874525,1.87282479,-1.41480331,-0.09383059,-3.06593795,-0.33752811,-0.02216130,1.56281331,-0.28219722
0.34434867,0.01712812,0.00347064,-0.00390186,-0.34973761,0.09385374,-0.16257977,0.82806981,-1.58295331,0.08136333,0.03730578,-1.27406282,-0.17134667,0.69984931,-1.65905466,0.16844687,0.76270497,-1.56690891,0.34870499,0.01110865,0.00166190,0.29620748,0.37946986,0.16465460,-0.28387848,0.17515311,-0.18916736,-0.28440300,-0.19434479,0.19123171,-0.27652228,-0.16300194,-0.18921444,-0.26052152,1.37167339,-0.00161179,0.00006996,0.01292564,-0.00538706,0.99990195,1.75289536,0.15894452,0.01232900,1.54477808,-0.19265542,0.01180448,1.17940037,0.19170285,0.01968520,1.20664216,-0.18905893,0.03568595,-0.06404503,1.21476493,0.16761694,-0.18831185,1.87879250,-1.18128104,-0.15039312,-3.27231164,-0.03417344,-0.00098857,1.70382650,-0.42973780
0.31895506,0.00847631,-0.01232452,-0.00400408,-0.39245051,0.02598366,-0.16327236,0.85156581,-1.58756564,0.07951356,0.07346163,-1.29400988,-0.17450846,0.63360679,-1.65235386,0.16892554,0.79732828,-1.57727461,0.34870499,0.01110865,0.00166190,0.29585586,0.37281214,0.16437369,-0.28373328,0.17113188,-0.18919913,-0.28181119,-0.20098392,0.19111362,-0.27634291,-0.14282846,-0.18972992,-0.25984149,1.37818952,-0.00149252,0.00004558,0.00895496,-0.00508143,0.99994699,1.75265296,0.15908373,0.01212257,1.54738970,-0.19242112,0.01404467,1.17915829,0.19165385,0.01951295,1.23344018,-0.18976106,0.03601436,-0.03185973,1.14131525,-0.26581987,-0.08464701,1.76962502,-0.96829634,-0.15276529,-3.25134206,0.36231909,0.02611788,1.69939427,-0.51398836
0.32789461,0.00381951,-0.02732434,-0.00438255,-0.43802449,0.01745231,-0.16394954,0.86832635,-1.60225012,0.07805286,0.10941474,-1.31308384,-0.17760372,0.56698267,-1.63701138,0.16998600,0.83222160,-1.58876629,0.34870499,0.01110865,0.00166190,0.29529274,0.36628769,0.16417763,-0.28331816,0.17087491,-0.18899551,-0.27785497,-0.20730198,0.19108276,-0.27588798,-0.12340520,-0.19029564,-0.25939733,1.38456969,-0.00147296,0.00002334,0.00472155,-0.00492402,0.99997673,1.75245645,0.15908950,0.01197458,1.55357509,-0.19214209,0.01743777,1.17915956,0.19164205,0.01940476,1.25929644,-0.19054408,0.03589540,-0.03703705,0.80014250,-0.82221797,-0.07767333,1.85135195,-0.98280621,-0.16108399,-3.42871108,0.84691919,0.05801355,1.79651303,-0.59730340
0.30775690,0.00394890,-0.03988381,-0.00409526,-0.43408455,0.04145759,-0.16668427,0.86612612,-1.61816549,0.07613868,0.14557786,-1.33261204,-0.18114820,0.50124300,-1.61304557,0.17115276,0.86788231,-1.60140455,0.34870499,0.01110865,0.00166190,0.29450667,0.35982878,0.16381998,-0.28261946,0.17646395,-0.18937713,-0.27373020,-0.21348437,0.19100413,-0.27518883,-0.10496042,-0.19109215,-0.25929447,1.39085925,-0.00145321,0.00000144,0.00031769,-0.00454077,0.99998964,1.75216091,0.15909225,0.01188721,1.56559610,-0.19242508,0.02077647,1.17911828,0.19148179,0.01931784,1.28416777,-0.19158428,0.03521220,-0.15325756,-0.26595241,-0.76272202,-0.09717178,1.77439463,-0.96124756,-0.17736676,-3.21407151,1.23390019,0.05671119,1.75536025,-0.62817681
0.30954893,0.00529089,-0.05247303,-0.00404225,-0.46819361,0.02866906,-0.17276873,0.82978120,-1.61234546,0.07460335,0.18193666,-1.35145550,-0.18511811,0.43823404,-1.58201213,0.17201275,0.90546702,-1.61536148,0.34870499,0.01110865,0.00166190,0.29350986,0.35342545,0.16354746,-0.28165028,0.18885176,-0.19125755,-0.27232171,-0.21974110,0.19074470,-0.27429477,-0.08762803,-0.19209782,-0.25942667,1.39710529,-0.00139813,-0.00001857,-0.00438708,-0.00423927,0.99998139,1.75190468,0.15914692,0.01185959,1.58432868,-0.19424999,0.02118815,1.17898933,0.19120281,0.01921510,1.30785170,-0.19274608,0.03408320,-0.30211640,-1.84746208,0.32540979,-0.07506558,1.80517457,-0.93292836,-0.19946643,-3.12119417,1.54793217,0.04444471,1.86829391,-0.69395397
0.31860087,0.00166100,-0.06439108,-0.00429260,-0.51061942,0.00359221,-0.17786470,0.77500563,-1.59112592,0.07364936,0.21870775,-1.36921115,-0.19001778,0.37959857,-1.54805303,0.17413045,0.94447750,-1.62975309,0.34870499,0.01110865,0.00166190,0.29236741,0.34698049,0.16343377,-0.28052612,0.20471648,-0.19322492,-0.27260669,-0.22606266,0.19075223,-0.27312473,-0.07146053,-0.19339116,-0.25945566,1.40338843,-0.00141186,-0.00003947,-0.00939569,-0.00420079,0.99994704,1.75172982,0.15910086,0.01184129,1.60647423,-0.19634997,0.01976072,1.17893642,0.19123298,0.01924268,1.33030558,-0.19419579,0.03291175,-0.25089272,-2.79769497,1.08872371,-0.04740381,1.87151906,-0.90152019,-0.24906945,-2.96608028,1.72665284,0.11226913,1.98644247,-0.73155448
0.31267076,-0.00668638,-0.07073032,-0.00429704,-0.51394008,0.02168939,-0.17952237,0.71937600,-1.56881559,0.07310902,0.25615749,-1.38652864,-0.19389722,0.33044382,-1.51668134,0.17771156,0.98451258,-1.64356339,0.34870499,0.01110865,0.00166190,0.29111840,0.34041820,0.16342553,-0.27923950,0.22108213,-0.19418084,-0.27257618,-0.23253677,0.19108855,-0.27175277,-0.05749699,-0.19442056,-0.25944835,1.40979161,-0.00158446,-0.00005841,-0.01462311,-0.00401624,0.99988501,1.75151167,0.15910112,0.01187889,1.62930670,-0.19753505,0.01854221,1.17879741,0.19136595,0.01936563,1.35073464,-0.19553686,0.03167005,-0.06792422,-2.70595469,1.08084531,-0.02517349,1.83892765,-0.84827784,-0.18045533,-2.35596642,1.51352873,0.17864913,1.96650858,-0.67219169
0.33580779,-0.01619230,-0.08041668,-0.00411558,-0.56114514,0.08743690,-0.17952952,0.66796187,-1.54848120,0.07254382,0.29440217,-1.40357485,-0.19609982,0.29608497,-1.49287505,0.18197232,1.02544409,-1.65593131,0.34870499,0.01110865,0.00166190,0.28982178,0.33370526,0.16339614,-0.27783639,0.23679762,-0.19453540,-0.27160957,-0.23927765,0.19154674,-0.27038895,-0.04690097,-0.19502443,-0.25961539,1.41635184,-0.00192279,-0.00006461,-0.02004695,-0.00325142,0.99979375,1.75111279,0.15929943,0.01198539,1.65187917,-0.19799424,0.01821221,1.17832510,0.19117619,0.01943283,1.36818340,-0.19663805,0.03020639,0.00283530,-2.62343202,1.03922729,-0.03084341,1.97369299,-0.87508239,-0.10580201,-1.66555762,1.16921802,0.22330686,2.11215053,-0.62605703
0.32357119,-0.02125526,-0.08020789,-0.00275375,-0.56360671,0.15263744,-0.17913985,0.61555266,-1.52537954,0.07111967,0.33363006,-1.42015350,-0.19746183,0.28099284,-1.48112392,0.18771380,1.06689119,-1.66685045,0.34870499,0.01110865,0.00166190,0.28852600,0.32682035,0.16310637,-0.27641533,0.25279525,-0.19475739,-0.27011307,-0.24614234,0.19232187,-0.26896092,-0.04059915,-0.19542855,-0.26002616,1.42301500,-0.00236790,-0.00004620,-0.02575068,-0.00179364,0.99966679,1.75041854,0.15956464,0.01211067,1.67510974,-0.19803118,0.01841293,1.17756438,0.19083600,0.01956508,1.38171482,-0.19764950,0.02849983,0.02156811,-2.58900476,1.16285145,-0.07745404,1.93025601,-0.80911547,-0.06188715,-0.59666002,0.48278359,0.29418311,2.03438354,-0.52572697
0.32488469,-0.02214293,-0.08155292,-0.00066078,-0.57970866,0.22489863,-0.17686441,0.55667763,-1.49277630,0.06822395,0.37390982,-1.43701210,-0.19548213,0.29160285,-1.48827429,0.19482674,1.10841084,-1.67591622,0.34870499,0.01110865,0.00166190,0.28729472,0.31974278,0.16234792,-0.27496490,0.26992380,-0.19452963,-0.26896676,-0.25314420,0.19334784,-0.26745819,-0.03996152,-0.19492742,-0.26097640,1.42965643,-0.00280894,0.00001586,-0.03159940,0.00044846,0.99950051,1.74925342,0.15982581,0.01232982,1.69975467,-0.19709631,0.01832795,1.17633885,0.19031169,0.01983652,1.38986983,-0.19777214,0.02631832,0.11504990,-2.92854586,1.63022330,-0.14500920,2.00001912,-0.83891544,0.10424322,0.55838225,-0.38004420,0.35366310,2.05905023,-0.44422409
0.33226751,-0.02360888,-0.08231751,0.00191328,-0.53672489,0.27614902,-0.17386628,0.49547031,-1.45577846,0.06503898,0.41425420,-1.45506868,-0.19169281,0.31733142,-1.50800185,0.20233965,1.14803824,-1.68129804,0.34870499,0.01110865,0.00166190,0.28616202,0.31248254,0.16145952,-0.27348243,0.28721989,-0.19407130,-0.26775209,-0.26044360,0.19445685,-0.26602765,-0.04285259,-0.19386330,-0.26191555,1.43628280,-0.00323150,0.00011880,-0.03692171,0.00315657,0.99931317,1.74773912,0.16019884,0.01267959,1.72472296,-0.19548448,0.01840994,1.17461597,0.18957618,0.02013437,1.39465575,-0.19736164,0.02424648,0.15169091,-3.11151848,1.87934535,-0.16029807,2.04974360,-0.92110338,0.18860263,1.33055549,-1.02562714,0.38332240,2.00545149,-0.26210282
0.33614311,-0.02429311,-0.08122569,0.00302285,-0.35497560,0.23857234,-0.17077492,0.43447895,-1.42095115,0.06297336,0.45278649,-1.47435520,-0.19055533,0.35221300,-1.53718293,0.20994931,1.18181219,-1.68067806,0.34870499,0.01110865,0.00166190,0.28506334,0.30505666,0.16085469,-0.27218065,0.30407091,-0.19338985,-0.26601560,-0.26792926,0.19570487,-0.26470006,-0.04839519,-0.19331979,-0.26171232,1.44322343,-0.00364869,0.00023106,-0.04071948,0.00564353,0.99915465,1.74644358,0.16064170,0.01288269,1.74945951,-0.19359137,0.01904774,1.17310055,0.18901712,0.02036327,1.39701509,-0.19750282,0.02335102,0.15439005,-2.99098687,1.69156568,-0.09442418,1.87620332,-0.95062109,0.03988743,1.74532485,-1.46817031,0.37093896,1.62259963,0.06066630
0.37279565,-0.02477942,-0.07761880,0.00093219,-0.08447589,0.14005621,-0.16635405,0.37105067,-1.38853920,0.06259490,0.48754122,-1.49561961,-0.19102466,0.39125966,-1.56955693,0.21564021,1.20648417,-1.67181313,0.34870499,0.01110865,0.00166190,0.28413596,0.29754248,0.16068995,-0.27127511,0.32065690,-0.19207340,-0.26436119,-0.27573548,0.19675179,-0.26364825,-0.05617867,-0.19311541,-0.26078409,1.45053105,-0.00403183,0.00030003,-0.04190573,0.00715210,0.99909592,1.74574254,0.16090139,0.01286085,1.77390490,-0.19149489,0.01977477,1.17200705,0.18875225,0.02048771,1.39712286,-0.19793173,0.02335187,0.23899885,-3.29020238,1.65923440,-0.00855673,1.76139567,-1.11045235,-0.02402369,2.01581903,-1.65908365,0.27409493,1.20660136,0.51316058
0.36627869,-0.01870902,-0.05573492,-0.00367424,0.25105678,-0.00821595,-0.16020146,0.30175814,-1.35599029,0.06395572,0.51780641,-1.51999748,-0.19011439,0.42400864,-1.59317625,0.21733630,1.22057438,-1.65584838,0.34870499,0.01110865,0.00166190,0.28354466,0.28993258,0.16096362,-0.27083398,0.33733844,-0.19000020,-0.26337519,-0.28364094,0.19715833,-0.26277539,-0.06446581,-0.19270068,-0.26031607,1.45805180,-0.00431953,0.00029004,-0.03982851,0.00727626,0.99917999,1.74560940,0.16084950,0.01271068,1.79812157,-0.18938669,0.02016947,1.17156959,0.18868703,0.02076927,1.39639926,-0.19793863,0.02322859,0.31348449,-3.44284654,1.60088956,0.07890427,1.45177269,-1.21842408,0.05808735,1.54090440,-1.07519054,0.05234076,0.61507785,0.82691270
0.37258411,-0.00837439,-0.03580230,-0.00701347,0.54596589,-0.14792657,-0.15239519,0.22279867,-1.31573660,0.06681900,0.54367579,-1.54711177,-0.18867089,0.44605035,-1.60339074,0.21457662,1.22421923,-1.63741627,0.34870499,0.01110865,0.00166190,0.28333110,0.28215379,0.16160313,-0.27093935,0.35446131,-0.18729685,-0.26383596,-0.29090862,0.19675531,-0.26157305,-0.07249534,-0.19239104,-0.26048708,1.46559367,-0.00441014,0.00020240,-0.03440652,0.00582931,0.99939090,1.74584312,0.16047338,0.01239174,1.82221572,-0.18755938,0.01949513,1.17240965,0.18893827,0.02175805,1.39534755,-0.19763376,0.02284402,0.38903193,-3.92981529,2.00322075,0.14323787,1.27874908,-1.34843123,0.06950735,1.08186096,-0.49067620,-0.14241312,0.17022489,0.91397855
0.38141361,0.00780556,-0.01705988,-0.00649073,0.72477146,-0.24253724,-0.14408924,0.13804703,-1.27100770,0.07001949,0.56729342,-1.57522404,-0.18853326,0.46226509,-1.60545602,0.20894661,1.22282801,-1.61951952,0.34870499,0.01110865,0.00166190,0.28339338,0.27432170,0.16228976,-0.27129315,0.37199478,-0.18427143,-0.26442462,-0.29758058,0.19574161,-0.26005488,-0.08044548,-0.19258461,-0.26089581,1.47309957,-0.00421902,0.00009805,-0.02732042,0.00346685,0.99962071,1.74628901,0.15996955,0.01210024,1.84636352,-0.18590583,0.01896877,1.17416847,0.18945384,0.02333850,1.39399180,-0.19735697,0.02249757,0.42148700,-4.32277470,2.29394817,0.16196853,1.19932809,-1.42936800,0.00321246,0.81574775,-0.09055286,-0.29234388,-0.07782087,0.90855854
0.37053015,0.02252669,0.00517284,-0.00289912,0.73417515,-0.23296266,-0.13673924,0.05098313,-1.21995468,0.07227603,0.59075613,-1.60260410,-0.18951900,0.47576903,-1.60265486,0.20136134,1.21910739,-1.60269291,0.34870499,0.01110865,0.00166190,0.28376775,0.26633951,0.16268617,-0.27183304,0.38938205,-0.18145978,-0.26492620,-0.30364052,0.19425078,-0.25854916,-0.08831299,-0.19318658,-0.26148997,1.48063936,-0.00376028,0.00002360,-0.01982408,0.00105163,0.99980293,1.74663606,0.15948580,0.01193471,1.87040226,-0.18440056,0.01884155,1.17659090,0.18985135,0.02521859,1.39273295,-0.19713220,0.02227778,0.35322481,-4.25976439,2.51750379,0.10333297,1.15307772,-1.33587041,-0.05001285,0.65728635,0.14937203,-0.37619312,-0.18782615,0.81835771
0.39070519,0.02607126,0.02799575,0.00005403,0.72989847,-0.15066504,-0.13128961,-0.02604490,-1.17252226,0.07269120,0.61511583,-1.62790985,-0.19009391,0.48938122,-1.59850557,0.19456183,1.21377654,-1.58918331,0.34870499,0.01110865,0.00166190,0.28446711,0.25817466,0.16257487,-0.27257685,0.40420509,-0.17919254,-0.26519417,-0.30846195,0.19290258,-0.25689354,-0.09621614,-0.19372699,-0.26224753,1.48821526,-0.00325426,-0.00000590,-0.01267134,-0.00054434,0.99991957,1.74656677,0.15903941,0.01189027,1.89222500,-0.18288679,0.01927294,1.17996352,0.18998406,0.02757358,1.39178824,-0.19687638,0.02221958,0.26748832,-3.86307116,2.38467383,0.00925187,1.26038849,-1.28669868,-0.02315592,0.70707723,0.21486772,-0.33639649,-0.28601850,0.66604819
0.36379953,0.01278372,0.04600081,0.00123566,0.64101706,-0.04823597,-0.12717348,-0.08552515,-1.12804294,0.07249132,0.64051628,-1.64986300,-0.18949835,0.50409454,-1.59439349,0.18786855,1.20351732,-1.58267140,0.34870499,0.01110865,0.00166190,0.28545481,0.24974101,0.16233208,-0.27351720,0.41441500,-0.17759163,-0.26727629,-0.31028474,0.19155978,-0.25546868,-0.10422203,-0.19396697,-0.26314972,1.49565279,-0.00297004,-0.00000708,-0.00605531,-0.00116881,0.99998098,1.74577260,0.15877778,0.01193761,1.90965152,-0.18152995,0.01817852,1.18581671,0.18931455,0.02998613,1.39097762,-0.19669285,0.02230509,0.19447856,-2.78881955,2.17660713,-0.01044265,1.25239873,-1.05028987,0.03780950,0.72916991,0.20062922,-0.33309528,-0.54604864,0.26362783
0.33773068,-0.00504075,0.06799028,0.00161574,0.59649474,-0.05340201,-0.12255720,-0.12764092,-1.09061027,0.07376697,0.66576365,-1.66671429,-0.18770963,0.51949790,-1.59004567,0.17380078,1.18048887,-1.58324337,0.34870499,0.01110865,0.00166190,0.28681052,0.24119791,0.16255634,-0.27459350,0.42042335,-0.17610244,-0.27097417,-0.30688297,0.18844868,-0.25631431,-0.11223500,-0.19388751,-0.26419174,1.50249183,-0.00308144,0.00000064,-0.00002468,-0.00167643,0.99999859,1.74423342,0.15866528,0.01221702,1.92232237,-0.18059251,0.01583635,1.19624243,0.18639512,0.03049621,1.38960738,-0.19659155,0.02261878,0.23315120,-2.07146685,1.84349771,0.06636329,1.25056624,-0.82616005,0.09028998,0.76498740,0.21711719,-0.70742676,-1.16250532,-0.03737693
0.30983620,-0.02141592,0.09004332,0.00237667,0.54601500,-0.15435220,-0.11569178,-0.15847642,-1.06298766,0.07672265,0.68952876,-1.67773690,-0.18515954,0.53529823,-1.58506444,0.15700547,1.14911160,-1.58915229,0.34870499,0.01110865,0.00166190,0.28850600,0.23280769,0.16330222,-0.27587941,0.42421446,-0.17405820,-0.27489016,-0.29980658,0.18456807,-0.25828049,-0.12018304,-0.19360720,-0.26540903,1.50860794,-0.00352764,0.00001868,0.00537692,-0.00313639,0.99998063,1.74243541,0.15831101,0.01262659,1.93172221,-0.18024343,0.01361584,1.20996501,0.18291744,0.03022551,1.38721280,-0.19637714,0.02309697,0.35458972,-1.53667948,1.37117198,0.15426262,1.20463538,-0.54575542,0.13107814,0.80523887,0.25428087,-0.84739201,-1.60177386,-0.31520450
0.30440189,-0.03198552,0.09595143,0.00385752,0.44841839,-0.25682993,-0.10728971,-0.17151609,-1.05570350,0.08115021,0.71202062,-1.68290083,-0.18200698,0.55207766,-1.57979350,0.14401719,1.11510899,-1.59928660,0.34870499,0.01110865,0.00166190,0.29033575,0.22452814,0.16451147,-0.27736938,0.42481265,-0.17160839,-0.27834345,-0.29078406,0.18149921,-0.25982408,-0.12813375,-0.19316103,-0.26679730,1.51481028,-0.00423308,0.00005903,0.01001726,-0.00568474,0.99993367,1.74119437,0.15771491,0.01296637,1.93764431,-0.18066042,0.01199230,1.22610862,0.18056056,0.03051167,1.38448861,-0.19592476,0.02353845,0.41356673,-0.54238592,0.24051104,0.22176118,1.09992230,-0.23220285,0.15703194,0.82801436,0.25889031,-0.61604955,-1.67777951,-0.50204637
0.35518701,-0.03634131,0.10164585,0.00569421,0.39141839,-0.29573913,-0.09877400,-0.15961691,-1.07916121,0.08581649,0.73482600,-1.68444149,-0.17862782,0.57040101,-1.57442875,0.13526163,1.07548354,-1.60811901,0.34870499,0.01110865,0.00166190,0.29212880,0.21612776,0.16582366,-0.27888185,0.42097288,-0.16911601,-0.28074752,-0.28002128,0.17950901,-0.26154202,-0.13623850,-0.19264652,-0.26830096,1.52165322,-0.00505295,0.00012028,0.01390853,-0.00856244,0.99986660,1.74058917,0.15704501,0.01324695,1.93966811,-0.18135369,0.01138128,1.24474726,0.17922534,0.03058678,1.38213546,-0.19533802,0.02382784,0.43764912,0.77860352,-1.41532201,0.23749467,1.18021152,-0.06288360,0.17361978,0.95396231,0.27658659,-0.42717874,-2.08920400,-0.43432534
0.37492924,-0.02979030,0.09359452,0.00580655,0.28688049,-0.25359573,-0.09011379,-0.12809779,-1.12454271,0.08955437,0.75886297,-1.68306768,-0.17596370,0.59072334,-1.56934619,0.13034192,1.02777219,-1.61631954,0.34870499,0.01110865,0.00166190,0.29379737,0.20744813,0.16691686,-0.28040585,0.41358176,-0.16661985,-0.28235329,-0.26660259,0.17852151,-0.26348531,-0.14453350,-0.19230612,-0.26976129,1.52924263,-0.00584176,0.00018991,0.01696059,-0.01119472,0.99979347,1.74037623,0.15638823,0.01339152,1.93898988,-0.18168045,0.01144408,1.26670420,0.17860457,0.03031206,1.38043940,-0.19486337,0.02403608,0.42622972,1.66356468,-2.34710455,0.17531916,1.18751025,0.08862159,0.12372083,1.01096833,0.24617419,-0.21398942,-2.39599442,-0.40480667
0.39363311,-0.02632238,0.08720919,0.00370297,0.15315384,-0.21962126,-0.08286992,-0.08992133,-1.16893764,0.09272003,0.78338397,-1.67728422,-0.17405108,0.61415696,-1.56603467,0.12922076,0.97384272,-1.62735267,0.34870499,0.01110865,0.00166190,0.29526700,0.19879734,0.16791794,-0.28183292,0.40498740,-0.16463771,-0.28386508,-0.25007542,0.17840951,-0.26496678,-0.15282872,-0.19209653,-0.27111494,1.53721957,-0.00658674,0.00024953,0.01856428,-0.01343350,0.99973739,1.74045696,0.15592905,0.01343408,1.93763707,-0.18204670,0.01140192,1.29202816,0.17847769,0.03030022,1.37928455,-0.19450753,0.02415207,0.35522999,1.89497547,-2.18579752,0.15699860,1.21607945,0.29223831,0.09486516,1.16941445,0.15911801,-0.05229156,-2.68242049,-0.55008912
0.39418828,-0.02558053,0.07706042,-0.00063531,-0.01660412,-0.13249275,-0.07798689,-0.05183062,-1.20371585,0.09574298,0.80717351,-1.66902049,-0.17224147,0.64105620,-1.56576340,0.12969157,0.91696007,-1.63884144,0.34870499,0.01110865,0.00166190,0.29650614,0.19089285,0.16890084,-0.28276246,0.39666326,-0.16342187,-0.28530006,-0.23172278,0.17861171,-0.26615494,-0.16089200,-0.19181929,-0.27238440,1.54502025,-0.00732154,0.00027331,0.01848016,-0.01479157,0.99971977,1.74082646,0.15585782,0.01374368,1.93667505,-0.18240714,0.01120608,1.31868312,0.17806750,0.03035120,1.37852371,-0.19429688,0.02412174,0.24284508,1.93594608,-1.74670045,0.15297750,1.20701463,0.42396370,0.09140631,1.37599318,0.00579857,0.02624341,-2.89858041,-0.58021965
0.35763815,-0.02221526,0.05856450,-0.00549042,-0.18109158,-0.00681732,-0.07566746,-0.01441249,-1.22943230,0.09855142,0.82934297,-1.65961759,-0.17084442,0.67104173,-1.56882641,0.13122973,0.85777663,-1.64781761,0.34870499,0.01110865,0.00166190,0.29747969,0.18414400,0.16982824,-0.28308415,0.38879953,-0.16299633,-0.28653195,-0.21228206,0.17901590,-0.26717971,-0.16854763,-0.19154111,-0.27348070,1.55237887,-0.00800165,0.00025083,0.01675736,-0.01495741,0.99974767,1.74152098,0.15624178,0.01439554,1.93612823,-0.18255623,0.01094774,1.34554720,0.17728469,0.03029998,1.37817659,-0.19441482,0.02399898,0.10209013,1.83074255,-1.22603240,0.13744392,1.07792048,0.46301587,0.06598006,1.48055263,-0.16314982,0.08020488,-2.90979347,-0.42540464
0.35021309,-0.01742312,0.04282568,-0.00873382,-0.29909554,0.08530883,-0.07588714,0.02184564,-1.24863653,0.10195915,0.84795204,-1.65142272,-0.16993967,0.70302138,-1.57458341,0.13395713,0.79655379,-1.65331483,0.34870499,0.01110865,0.00166190,0.29815891,0.17915712,0.17089454,-0.28265583,0.38139383,-0.16331658,-0.28746773,-0.19226677,0.17965934,-0.26773855,-0.17581342,-0.19129081,-0.27431526,1.55924900,-0.00855330,0.00019874,0.01395021,-0.01422027,0.99980155,1.74319396,0.15717681,0.01550308,1.93584375,-0.18265082,0.01069117,1.37216959,0.17650152,0.03042036,1.37806630,-0.19476652,0.02384364,-0.02625348,1.85734711,-0.95552726,0.18226030,0.92847061,0.40612043,0.04395413,1.65599737,-0.31140164,0.14809198,-3.16394386,-0.26100346
0.31995735,-0.00668345,0.02503747,-0.00857142,-0.31871491,0.14593766,-0.07790717,0.05634849,-1.26442277,0.10731654,0.85989237,-1.64628708,-0.16944024,0.73588002,-1.58213401,0.13744284,0.73181289,-1.65362036,0.34870499,0.01110865,0.00166190,0.29856634,0.17675708,0.17245381,-0.28141566,0.37444735,-0.16414348,-0.28803738,-0.17182321,0.18044848,-0.26777744,-0.18282121,-0.19106289,-0.27481037,1.56581402,-0.00889105,0.00013766,0.01073453,-0.01282228,0.99986016,1.74693537,0.15897330,0.01715069,1.93592894,-0.18258285,0.01052896,1.39867473,0.17590431,0.03078890,1.37815332,-0.19520285,0.02375597,-0.11002842,1.67805409,-0.75495940,0.27868149,0.53297418,0.22872055,0.02166979,1.61489666,-0.38100690,0.17487563,-3.20238900,0.02616994
0.31268448,-0.00098046,0.00785442,-0.00759845,-0.32399085,0.18359245,-0.08077248,0.08925315,-1.27910686,0.11636561,0.86487364,-1.64798048,-0.16927497,0.76825731,-1.59073880,0.14090879,0.66184332,-1.64388628,0.34870499,0.01110865,0.00166190,0.29864127,0.17742241,0.17492211,-0.27877363,0.36787920,-0.16519789,-0.28820917,-0.15117705,0.18126199,-0.26775045,-0.18944121,-0.19085547,-0.27494295,1.57212033,-0.00905116,0.00008262,0.00746996,-0.01097173,0.99991190,1.75333829,0.16193570,0.01986764,1.93628607,-0.18228156,0.01043210,1.42495706,0.17548443,0.03089082,1.37853684,-0.19570382,0.02369832,-0.14215438,1.63217859,-0.72982184,0.45697560,0.23642616,-0.10546700,0.00867890,1.60611274,-0.42897521,0.17294345,-3.47789588,0.50083903
0.31256454,0.00044989,-0.00888003,-0.00659731,-0.33268921,0.17488729,-0.08354214,0.12183480,-1.29450808,0.12946884,0.86118733,-1.65911834,-0.16889129,0.80045936,-1.60044143,0.14517205,0.58959339,-1.62461572,0.34870499,0.01110865,0.00166190,0.29842754,0.18199261,0.17831310,-0.27427275,0.36144643,-0.16620211,-0.28803846,-0.13091872,0.18233188,-0.26774489,-0.19578025,-0.19051835,-0.27480900,1.57826838,-0.00915790,0.00003967,0.00420055,-0.00923899,0.99994850,1.76352468,0.16576202,0.02415479,1.93658214,-0.18201021,0.01038908,1.45074103,0.17556188,0.03068265,1.37900128,-0.19602622,0.02361854,-0.14027654,1.65742173,-0.78583933,0.67440155,-0.22307419,-0.57537967,0.01977890,1.63895657,-0.49632127,0.22032259,-3.67672601,1.00119580
0.29691005,0.00366386,-0.02435455,-0.00547842,-0.32913732,0.14051140,-0.08605538,0.15474868,-1.31090782,0.14409136,0.83863878,-1.66597607,-0.16903840,0.83329822,-1.61118772,0.15110057,0.51705630,-1.59628608,0.34870499,0.01110865,0.00166190,0.29794267,0.19131468,0.18215631,-0.27015501,0.35502962,-0.16711197,-0.28755294,-0.11134915,0.18391035,-0.26775890,-0.20203608,-0.19026213,-0.27434352,1.58433003,-0.00918762,0.00000741,0.00085408,-0.00778507,0.99996933,1.77845764,0.16996790,0.02778766,1.93671474,-0.18180703,0.01038973,1.47585781,0.17643411,0.03018377,1.37935612,-0.19628105,0.02359914,-0.12211738,1.61572404,-0.80738062,0.71199356,-1.20262256,-0.27221511,-0.01306849,1.61296396,-0.52995536,0.29831842,-3.55301580,1.42549341
0.30837286,0.01071072,-0.04015923,-0.00514211,-0.36684296,0.12358980,-0.08842552,0.18818382,-1.32769945,0.15517008,0.79684153,-1.65670950,-0.17080355,0.86698593,-1.62238200,0.15905234,0.44722590,-1.56067636,0.34870499,0.01110865,0.00166190,0.29722134,0.20392578,0.18534327,-0.26852604,0.34859176,-0.16796899,-0.28680815,-0.09295754,0.18610458,-0.26780182,-0.20829079,-0.19039489,-0.27352104,1.59033437,-0.00907730,-0.00001712,-0.00268119,-0.00655815,0.99997490,1.79667358,0.17357532,0.02869531,1.93669305,-0.18160399,0.01041320,1.49982579,0.17823051,0.02941952,1.37956426,-0.19672385,0.02370031,-0.12162987,1.72408953,-0.86469153,0.53653854,-2.25416667,0.58285554,-0.10211033,1.73967037,-0.57754340,0.42292995,-3.56742201,1.87176425
0.28880737,0.01523832,-0.04872250,-0.00451249,-0.37676846,0.08843637,-0.09079797,0.22192027,-1.34414744,0.16133797,0.74659783,-1.63962507,-0.17358620,0.90182632,-1.63343883,0.16892312,0.38442731,-1.52204704,0.34870499,0.01110865,0.00166190,0.29632616,0.21815705,0.18732993,-0.26799330,0.34218126,-0.16882216,-0.28584046,-0.07648868,0.18886817,-0.26773773,-0.21467492,-0.19075443,-0.27253635,1.59625518,-0.00884766,-0.00003639,-0.00648421,-0.00561212,0.99996323,1.81650114,0.17602181,0.02833286,1.93651998,-0.18149994,0.01048570,1.52189124,0.18086714,0.02858843,1.37945271,-0.19718050,0.02378981,-0.11648018,1.65529537,-0.80272025,0.26917544,-2.50002909,0.86705118,-0.14137696,1.71661019,-0.54004610,0.49661011,-3.02132940,1.90590394
0.28204450,0.01211741,-0.05593427,-0.00428339,-0.40719890,0.04537755,-0.09278972,0.25601403,-1.36021533,0.16480874,0.69603934,-1.62287407,-0.17676774,0.93816845,-1.64453244,0.17939085,0.33548107,-1.48775122,0.34870499,0.01110865,0.00166190,0.29532104,0.23287356,0.18849858,-0.26680690,0.33579138,-0.16955885,-0.28468021,-0.06326276,0.19179794,-0.26740788,-0.22122898,-0.19114793,-0.27142583,1.60197327,-0.00865524,-0.00005427,-0.01057719,-0.00513507,0.99993087,1.83677053,0.17744166,0.02851413,1.93600547,-0.18165391,0.01064082,1.54068372,0.18378234,0.02791315,1.37879276,-0.19752094,0.02389520,-0.09740553,1.69373043,-0.79809564,0.17067709,-2.50813236,0.83325080,-0.15857045,1.80661037,-0.55158889,0.51926255,-2.39653563,1.68447835
0.27049827,0.00149561,-0.05941769,-0.00450802,-0.44550838,-0.01273449,-0.09385237,0.29110814,-1.37664342,0.16733306,0.64507122,-1.60376496,-0.18040581,0.97607739,-1.65587802,0.18978235,0.30654963,-1.46423156,0.34870499,0.01110865,0.00166190,0.29430910,0.24771344,0.18938718,-0.26524111,0.32929129,-0.17000848,-0.28337898,-0.05463676,0.19472405,-0.26712437,-0.22794915,-0.19157729,-0.27014703,1.60734632,-0.00867016,-0.00007852,-0.01494215,-0.00523000,0.99987468,1.85702739,0.17811533,0.02906799,1.93484113,-0.18211405,0.01093013,1.55474956,0.18661479,0.02718474,1.37740555,-0.19785238,0.02416207,-0.05113088,1.78789818,-0.83648242,0.12574867,-2.59911833,0.98487726,-0.18660814,1.93157957,-0.57596476,0.52873416,-1.41342428,1.16511714
0.25755224,-0.00451693,-0.05439682,-0.00516390,-0.46400034,-0.08643682,-0.09366747,0.32737610,-1.39302485,0.16853298,0.58969480,-1.57703965,-0.18505192,1.01519608,-1.66608407,0.19935551,0.30431584,-1.45520618,0.34870499,0.01110865,0.00166190,0.29339497,0.26330806,0.19000787,-0.26396103,0.32263332,-0.17008106,-0.28202864,-0.05225358,0.19755004,-0.26764792,-0.23491796,-0.19220885,-0.26883788,1.61260552,-0.00882756,-0.00011968,-0.01964457,-0.00604372,0.99978875,1.87819145,0.17798316,0.02943394,1.93315907,-0.18279666,0.01136633,1.56274405,0.18933976,0.02574705,1.37538102,-0.19818232,0.02455709,0.01412402,1.78174999,-0.80012851,0.05231640,-2.74054356,1.35266073,-0.23373452,1.92054989,-0.49170184,0.46064589,0.00955568,0.37673078
0.30090382,0.00381696,-0.05551763,-0.00694738,-0.50370513,-0.18424663,-0.09254293,0.36420200,-1.40867994,0.16913220,0.52873677,-1.54037039,-0.19119669,1.05424252,-1.67364371,0.20491952,0.32613662,-1.46261933,0.34870499,0.01110865,0.00166190,0.29259287,0.27977565,0.19060009,-0.26312951,0.31585115,-0.16986701,-0.28073344,-0.05529361,0.19929846,-0.26890178,-0.24211491,-0.19319903,-0.26758961,1.61841531,-0.00886809,-0.00019048,-0.02452932,-0.00771958,0.99966929,1.90110109,0.17738861,0.02946336,1.93160548,-0.18359262,0.01185943,1.56620612,0.19126051,0.02369109,1.37334564,-0.19830503,0.02500326,0.06255148,1.89720709,-0.80100853,0.03153287,-3.16984224,1.94914291,-0.32607184,2.00560791,-0.36957963,0.25186971,1.25449886,-0.48896526
0.31989979,0.01681911,-0.05670279,-0.00764408,-0.41611524,-0.26791650,-0.09064020,0.40106651,-1.42505324,0.17104562,0.46413794,-1.49699354,-0.19869663,1.09058380,-1.67683327,0.20567720,0.36152303,-1.48643887,0.34870499,0.01110865,0.00166190,0.29181534,0.29660700,0.19160228,-0.26228423,0.30884560,-0.16938284,-0.27957895,-0.06110731,0.19943614,-0.26942703,-0.24950218,-0.19456814,-0.26640606,1.62490535,-0.00869300,-0.00029815,-0.02888176,-0.01031818,0.99952953,1.92540455,0.17674533,0.02953111,1.93018842,-0.18441551,0.01223639,1.56792819,0.19196213,0.02238831,1.37143970,-0.19806898,0.02540928,0.09882449,1.80668151,-0.81177312,0.10637237,-3.18794894,2.16463017,-0.37657598,1.75675213,-0.12218250,0.00535916,1.80923748,-1.28073549
0.35303805,0.02848541,-0.05723999,-0.00421640,-0.19094852,-0.31415370,-0.08840249,0.43675312,-1.44561107,0.17378644,0.39484022,-1.45031064,-0.20654986,1.11739414,-1.67085674,0.20497840,0.40141994,-1.51815045,0.34870499,0.01110865,0.00166190,0.29109686,0.31359191,0.19268625,-0.26157948,0.30135967,-0.16868053,-0.27876089,-0.06872106,0.19892839,-0.26874210,-0.25700315,-0.19625765,-0.26546279,1.63207257,-0.00831744,-0.00041722,-0.03092005,-0.01348792,0.99943076,1.95075016,0.17583595,0.02951738,1.92877042,-0.18506912,0.01233597,1.56874487,0.19239303,0.02235476,1.36986675,-0.19756806,0.02563407,0.10879010,1.76555893,-1.02904510,0.13444150,-3.45028071,2.32003827,-0.38722045,1.30810517,0.31549139,-0.03510687,1.97312646,-1.56343169
0.38158410,0.03770555,-0.04770668,0.00473807,0.13454346,-0.27477646,-0.08790980,0.46881958,-1.47046392,0.17546458,0.31930926,-1.40107009,-0.21268483,1.13202069,-1.65524685,0.20364772,0.43589169,-1.54253843,0.34870499,0.01110865,0.00166190,0.29059438,0.33074152,0.19327153,-0.26168189,0.29365906,-0.16838468,-0.27825189,-0.07704810,0.19836346,-0.26819579,-0.26451593,-0.19788737,-0.26481882,1.63962700,-0.00782564,-0.00048202,-0.02974760,-0.01623243,0.99942551,1.97647057,0.17460311,0.02891249,1.92766287,-0.18565809,0.01234249,1.56906140,0.19293533,0.02239859,1.36882420,-0.19701848,0.02577556,0.01819152,1.61948626,-1.27121053,0.08180970,-3.85734277,2.51518216,-0.30622849,0.71663501,0.81223892,-0.07139610,1.73176751,-1.21444683
0.37784274,0.04020240,-0.02920336,0.01570162,0.44208124,-0.13773697,-0.09034769,0.49625180,-1.49795341,0.17522717,0.23817418,-1.35050631,-0.21626674,1.13673036,-1.63443027,0.20078704,0.46138045,-1.55661459,0.34870499,0.01110865,0.00166190,0.29036827,0.34798527,0.19302909,-0.26251850,0.28595283,-0.16886086,-0.27801176,-0.08531477,0.19757017,-0.26808289,-0.27187208,-0.19915622,-0.26397125,1.64737015,-0.00728070,-0.00045197,-0.02547131,-0.01776739,0.99951755,2.00199597,0.17325879,0.02784977,1.92714088,-0.18619786,0.01235651,1.56913106,0.19319680,0.02228538,1.36859167,-0.19664857,0.02639702,-0.13133471,1.32720745,-1.35553153,-0.02171169,-3.99276400,2.46472344,-0.16478842,0.20069374,1.02628818,-0.14607117,1.21403608,-0.65259929
0.40184528,0.03586915,-0.00975297,0.02440613,0.67776592,0.02727863,-0.09444989,0.52083864,-1.52630944,0.17256544,0.15318892,-1.29934731,-0.21691616,1.13615544,-1.61422458,0.19748372,0.47970813,-1.56237135,0.34870499,0.01110865,0.00166190,0.29043880,0.36531362,0.19178319,-0.26361662,0.27809431,-0.16975823,-0.27809199,-0.09340969,0.19681499,-0.26824715,-0.27878452,-0.19976738,-0.26254587,1.65519204,-0.00683875,-0.00033852,-0.01908684,-0.01770837,0.99966094,2.02706897,0.17188558,0.02682218,1.92709944,-0.18633991,0.01234680,1.56881168,0.19316111,0.02219165,1.36950715,-0.19660691,0.02789293,-0.21618978,1.25381429,-1.46005042,-0.15240678,-4.39920778,2.65537877,-0.01322741,-0.05393343,1.02666016,-0.16833398,0.90419340,-0.24663032
0.38334519,0.01957952,0.00860137,0.02440155,0.72197945,0.17187366,-0.09875766,0.54400009,-1.55353737,0.16876008,0.06513505,-1.24377358,-0.21320409,1.13419664,-1.59724975,0.19508712,0.49321622,-1.56160378,0.34870499,0.01110865,0.00166190,0.29076546,0.38272538,0.19001576,-0.26477349,0.27013269,-0.17068219,-0.27846455,-0.10125345,0.19644063,-0.26862965,-0.28519532,-0.19921877,-0.26088485,1.66301727,-0.00665144,-0.00019083,-0.01180613,-0.01616034,0.99979969,2.05168378,0.17089587,0.02599198,1.92749262,-0.18597481,0.01230092,1.56816542,0.19295894,0.02213582,1.37153244,-0.19654901,0.02988061,-0.21093775,1.12658381,-1.32339835,-0.19090228,-4.33535385,2.75761914,0.21574689,-0.09876840,0.80635262,-0.10934208,0.63230705,0.07951259
0.38816974,0.00955083,0.02349103,0.02099146,0.70854575,0.22799865,-0.10304923,0.56661311,-1.57773290,0.16650581,-0.02007042,-1.18628531,-0.20609080,1.13238986,-1.58522520,0.19347756,0.50526607,-1.55748613,0.34870499,0.01110865,0.00166190,0.29130526,0.39916326,0.18855230,-0.26530915,0.26217733,-0.17161448,-0.27898163,-0.10901215,0.19634858,-0.26915950,-0.29067021,-0.19767636,-0.25914882,1.67083492,-0.00667500,-0.00006597,-0.00464542,-0.01385546,0.99989322,2.07506943,0.17074468,0.02599611,1.92815640,-0.18548814,0.01232363,1.56730516,0.19261876,0.02214577,1.37479899,-0.19622141,0.03215644,-0.21181734,1.12402275,-1.19589436,-0.10927615,-4.20652075,2.84139099,0.35021299,-0.09557324,0.58579091,-0.07974501,0.60016576,0.20497729
0.39812038,0.00950794,0.03751475,0.01682332,0.66283766,0.19439641,-0.10665668,0.59036220,-1.59908252,0.16506335,-0.09198292,-1.13304744,-0.20009025,1.12588222,-1.57942929,0.19179386,0.51858149,-1.55316608,0.34870499,0.01110865,0.00166190,0.29200638,0.41233968,0.18740966,-0.26626182,0.25400492,-0.17238068,-0.27959453,-0.11690249,0.19624953,-0.26975947,-0.29331931,-0.19636804,-0.25738999,1.67866817,-0.00667966,0.00002110,0.00190511,-0.01191536,0.99992719,2.09535656,0.17085111,0.02574456,1.92849329,-0.18506410,0.01241185,1.56647532,0.19229982,0.02224691,1.38075287,-0.19600241,0.03461639,-0.18168046,1.21166089,-1.07856057,-0.07496697,-3.62084408,2.71049910,0.30508977,-0.35015308,0.27924774,-0.08665730,0.68076447,0.21943755
0.37969013,0.01500111,0.04728305,0.01257006,0.56754154,0.13725564,-0.10989483,0.61539558,-1.61701298,0.16252149,-0.14638602,-1.08362226,-0.19114481,1.11096842,-1.58008511,0.18957586,0.53341113,-1.54910772,0.34870499,0.01110865,0.00166190,0.29284106,0.42108733,0.18635457,-0.26928554,0.24554747,-0.17309028,-0.28032108,-0.12490209,0.19599941,-0.27044987,-0.29199632,-0.19430625,-0.25669089,1.68644364,-0.00655054,0.00008012,0.00775296,-0.01048752,0.99991494,2.11134703,0.17093091,0.02355553,1.92830660,-0.18475299,0.01251999,1.56568003,0.19202551,0.02239119,1.39043608,-0.19468956,0.03615017,-0.15950947,1.23028114,-0.86323229,-0.13142491,-2.58493133,2.37819571,0.46758332,-0.76624782,-0.05719802,-0.11143263,0.73299824,0.19704032
0.38376367,0.02543309,0.05929181,0.01026554,0.52599185,0.13458903,-0.11344914,0.64064571,-1.63111134,0.15857593,-0.18374678,-1.04627147,-0.17709516,1.09042833,-1.58770583,0.18682303,0.54961325,-1.54571006,0.34870499,0.01110865,0.00166190,0.29378631,0.42613934,0.18511200,-0.27311679,0.23702187,-0.17393983,-0.28110664,-0.13294572,0.19557531,-0.27113781,-0.28743665,-0.19081892,-0.25697722,1.69397519,-0.00622166,0.00011813,0.01294228,-0.00918292,0.99987407,2.12344253,0.17103237,0.02066952,1.92776239,-0.18448544,0.01267967,1.56464396,0.19176243,0.02264850,1.40308232,-0.19172915,0.03680909,-0.18555605,1.29848006,-0.70106066,-0.21088521,-1.82713666,1.83947673,0.74672370,-1.07968864,-0.44088013,-0.14454297,0.84225830,0.16972842
0.33916942,0.03814269,0.06663426,0.00713580,0.42387148,0.12907611,-0.11727034,0.66567451,-1.64112151,0.15291956,-0.20520130,-1.02620804,-0.16519631,1.06855488,-1.60322917,0.18348297,0.56758094,-1.54341340,0.34870499,0.01110865,0.00166190,0.29488075,0.42829472,0.18345122,-0.27668538,0.22854657,-0.17492059,-0.28194322,-0.14103917,0.19494821,-0.27180371,-0.28064732,-0.18770000,-0.25661469,1.70102596,-0.00559901,0.00013674,0.01737937,-0.00786677,0.99981801,2.13215435,0.17109009,0.01819537,1.92679179,-0.18409423,0.01293752,1.56307185,0.19154438,0.02307704,1.41745985,-0.18885966,0.03826606,-0.18876877,1.22524703,-0.46154329,-0.29057702,-0.93834537,0.85090184,0.55171019,-1.07530975,-0.81680799,-0.16821745,0.89437819,0.10407671
0.35871445,0.05168292,0.06828812,0.00483196,0.33868519,0.15721399,-0.12194380,0.69156479,-1.64661059,0.14401859,-0.19799049,-1.04390864,-0.15744631,1.03979335,-1.62004313,0.17941296,0.58812256,-1.54208419,0.34870499,0.01110865,0.00166190,0.29595946,0.42562855,0.18085567,-0.27900418,0.21986120,-0.17621523,-0.28272000,-0.14930535,0.19407199,-0.27256623,-0.27121047,-0.18565033,-0.25639113,1.70829349,-0.00465480,0.00013077,0.02082130,-0.00631089,0.99976329,2.13617129,0.17081320,0.01695528,1.92591257,-0.18363158,0.01323946,1.56145005,0.19128660,0.02339323,1.43476093,-0.18686649,0.03956833,-0.23374094,1.28747704,-0.26604989,-0.44641660,0.41117114,-0.94968724,0.38281776,-1.45198712,-0.82784449,-0.20175030,1.02311435,0.06537130
0.39946742,0.05636648,0.06640189,0.00286459,0.26296720,0.25494347,-0.12746218,0.71858841,-1.64842544,0.13298174,-0.16559352,-1.09399605,-0.15089174,0.99787211,-1.63376007,0.17574023,0.61051576,-1.54105699,0.34870499,0.01110865,0.00166190,0.29690191,0.41860071,0.17764902,-0.28010421,0.21084760,-0.17780404,-0.28339533,-0.15768416,0.19327659,-0.27331276,-0.25824114,-0.18400225,-0.25733028,1.71618257,-0.00360811,0.00008940,0.02344359,-0.00386046,0.99971770,2.13614278,0.17080274,0.01679769,1.92565069,-0.18303524,0.01350658,1.55999579,0.19088051,0.02358914,1.45652807,-0.18561047,0.03957162,-0.28185441,1.37570994,-0.08279857,-0.56396064,1.68334546,-2.58504820,0.32950271,-2.16106324,-0.69359623,-0.18440880,1.14252124,0.05169397
0.40695705,0.05081386,0.05960261,0.00088249,0.15171096,0.35816363,-0.13329936,0.74598020,-1.64562829,0.12103751,-0.12355055,-1.15119820,-0.14596263,0.94566563,-1.64625123,0.17299661,0.63468915,-1.54048085,0.34870499,0.01110865,0.00166190,0.29771023,0.40980517,0.17431079,-0.28085753,0.20163850,-0.17955772,-0.28408579,-0.16603603,0.19270817,-0.27398975,-0.24209234,-0.18275904,-0.25862719,1.72451465,-0.00257274,0.00000653,0.02509060,-0.00029035,0.99968514,2.13442101,0.17149995,0.01685270,1.92604880,-0.18224757,0.01362444,1.55859060,0.19023184,0.02372048,1.48231618,-0.18519111,0.03908304,-0.28630337,1.34302933,0.15894524,-0.58787303,2.06760817,-2.78095202,0.23516065,-2.58849421,-0.61018322,-0.13123697,1.19343500,0.02516718
0.42509130,0.04489827,0.05556800,0.00027627,0.00237497,0.40156085,-0.13865124,0.77311112,-1.63805130,0.10910560,-0.08191621,-1.19957004,-0.14295231,0.88825442,-1.65816376,0.17096043,0.66138493,-1.54127083,0.34870499,0.01110865,0.00166190,0.29838740,0.40123509,0.17115372,-0.28167540,0.19258560,-0.18125554,-0.28473044,-0.17419842,0.19228633,-0.27466723,-0.22385627,-0.18192740,-0.25968180,1.73283589,-0.00162530,-0.00009164,0.02531193,0.00362348,0.99967303,2.13281970,0.17243257,0.01671201,1.92673039,-0.18147998,0.01365696,1.55724812,0.18939317,0.02372017,1.51030433,-0.18517071,0.03870560,-0.26992423,1.39323533,0.41815215,-0.61133893,2.13092394,-2.41829286,0.14104978,-2.97937183,-0.60915771,-0.10066168,1.39234462,-0.05226872
0.38144090,0.03105764,0.04114964,0.00186309,-0.17002052,0.28404305,-0.14255235,0.79879111,-1.62787080,0.09922173,-0.04171018,-1.23677528,-0.14337087,0.82737172,-1.66850448,0.17002094,0.69133753,-1.54457152,0.34870499,0.01110865,0.00166190,0.29888353,0.39323721,0.16869170,-0.28244003,0.18445911,-0.18258342,-0.28505331,-0.18204527,0.19208644,-0.27524745,-0.20405616,-0.18190549,-0.26014404,1.74071586,-0.00085823,-0.00015931,0.02382648,0.00668403,0.99969375,2.13166225,0.17307658,0.01644350,1.92759991,-0.18095881,0.01383021,1.55611837,0.18877681,0.02363607,1.53911030,-0.18547600,0.03873949,-0.17946957,1.24602449,0.51205295,-0.46567047,1.96222246,-1.74605834,-0.04795895,-3.00764322,-0.49325997,-0.03714246,1.49206197,-0.18125421
0.35759208,0.01805075,0.02346114,0.00468782,-0.29652220,0.17093421,-0.14419437,0.82288631,-1.61976819,0.09342316,-0.00323930,-1.26400919,-0.14713667,0.76283286,-1.67402921,0.17013534,0.72424742,-1.55069792,0.34870499,0.01110865,0.00166190,0.29906756,0.38588377,0.16738811,-0.28288749,0.17785695,-0.18321743,-0.28462889,-0.18952172,0.19206171,-0.27560848,-0.18326969,-0.18266023,-0.25991815,1.74794416,-0.00036357,-0.00017555,0.02086693,0.00843323,0.99974668,2.13094926,0.17351040,0.01618006,1.92886660,-0.18055456,0.01443867,1.55520942,0.18847367,0.02345908,1.56778195,-0.18608948,0.03914940,-0.07850033,1.19670064,0.39289503,-0.28277613,1.90687850,-1.34206121,-0.18957820,-3.20931158,-0.26201175,0.00604827,1.63591874,-0.30765848
0.34496920,0.00632362,0.00318607,0.00688708,-0.37377262,0.10060731,-0.14461978,0.84752215,-1.61789565,0.09007675,0.03415607,-1.28656240,-0.15213856,0.69560473,-1.67226248,0.17057806,0.75843552,-1.55887454,0.34870499,0.01110865,0.00166190,0.29891237,0.37889940,0.16675498,-0.28302712,0.17241521,-0.18334797,-0.28310027,-0.19664076,0.19203495,-0.27572314,-0.16243673,-0.18372714,-0.25944631,1.75473795,-0.00010240,-0.00016241,0.01721741,0.00945459,0.99980705,2.13041606,0.17378819,0.01588525,1.93058965,-0.18015701,0.01581210,1.55450075,0.18817950,0.02318923,1.59580476,-0.18686854,0.03946606,-0.02122126,1.25475848,0.07425739,-0.16619794,1.90108588,-1.13950408,-0.25595957,-3.42162991,0.11019136,0.02398467,1.74110463,-0.42106226
0.31869862,-0.00114748,-0.01417708,0.00812696,-0.41507824,0.01886747,-0.14548947,0.87078570,-1.62779672,0.08850389,0.07122516,-1.30610805,-0.15757694,0.62865007,-1.66128452,0.17172880,0.79366752,-1.56931069,0.34870499,0.01110865,0.00166190,0.29847093,0.37209124,0.16660856,-0.28290012,0.16954084,-0.18332973,-0.27962765,-0.20335558,0.19210269,-0.27546917,-0.14256050,-0.18496998,-0.25924210,1.76124477,0.00000844,-0.00012668,0.01302739,0.00971781,0.99986791,2.13002746,0.17381762,0.01557081,1.93431685,-0.17999139,0.01884328,1.55419383,0.18812235,0.02300176,1.62230635,-0.18769745,0.03922883,-0.04800768,1.12240448,-0.54914109,-0.06954258,1.81578913,-0.94710371,-0.26699128,-3.27312636,0.57837538,0.05973437,1.73145525,-0.52088566
0.32677614,-0.00401329,-0.02752763,0.00903279,-0.47076364,-0.03699233,-0.14848052,0.88150262,-1.64786103,0.08834079,0.10774080,-1.32379961,-0.16328598,0.56345737,-1.64104459,0.17295640,0.82977227,-1.58139956,0.34870499,0.01110865,0.00166190,0.29784889,0.36549329,0.16683726,-0.28244203,0.17210763,-0.18368935,-0.27456723,-0.20979393,0.19209777,-0.27496841,-0.12396445,-0.18638915,-0.25952298,1.76759949,0.00005489,-0.00008002,0.00848281,0.00940675,0.99991977,2.12988932,0.17373877,0.01540686,1.94313247,-0.18036402,0.02328166,1.55422869,0.18817174,0.02288047,1.64716358,-0.18863346,0.03832591,-0.17130023,0.43343515,-1.07304729,-0.00134939,1.87486529,-0.90253909,-0.29637814,-3.34615817,1.09864472,0.06029207,1.86301234,-0.62997651
0.30813972,-0.00461626,-0.03497461,0.00836103,-0.45555145,-0.03786389,-0.15466335,0.86193269,-1.65617692,0.08852373,0.14384183,-1.34091711,-0.17018738,0.49820849,-1.61194623,0.17360446,0.86644161,-1.59400713,0.34870499,0.01110865,0.00166190,0.29710248,0.35901078,0.16713737,-0.28175658,0.18157331,-0.18521535,-0.27118710,-0.21617040,0.19186537,-0.27438088,-0.10604738,-0.18823053,-0.26006409,1.77388680,0.00007652,-0.00003463,0.00384154,0.00901468,0.99995199,2.12982595,0.17365924,0.01534590,1.95876980,-0.18183518,0.02591538,1.55429244,0.18801343,0.02272160,1.67125022,-0.19003532,0.03703839,-0.32666150,-1.20371926,-0.27453896,0.00922908,1.76764536,-0.83704549,-0.34886947,-3.20317984,1.48795629,0.02737168,1.80097175,-0.61965686
0.31032761,-0.00644338,-0.04415127,0.00833524,-0.47498007,-0.04576116,-0.16143312,0.80831616,-1.63718655,0.08895398,0.17999738,-1.35724459,-0.17966184,0.43359368,-1.57455158,0.17505892,0.90345380,-1.60639460,0.34870499,0.01110865,0.00166190,0.29622948,0.35251002,0.16749466,-0.28093401,0.19692330,-0.18753671,-0.27148750,-0.22248998,0.19180049,-0.27361154,-0.08876377,-0.19085952,-0.26055139,1.78014226,0.00005708,0.00000767,-0.00093633,0.00856305,0.99996290,2.12973216,0.17356408,0.01529547,1.98024833,-0.18407972,0.02474199,1.55440023,0.18801920,0.02261794,1.69466007,-0.19229457,0.03567809,-0.32964622,-2.68211794,0.96127245,0.02288513,1.79474072,-0.80847751,-0.47398478,-3.19986253,1.86345091,0.07503686,1.83816841,-0.61496021
0.31896685,-0.01154497,-0.05496177,0.00832055,-0.50761884,-0.06521688,-0.16475837,0.74774392,-1.61191456,0.09011929,0.21640165,-1.37272811,-0.19063652,0.37448394,-1.53454828,0.17792154,0.94130638,-1.61886775,0.34870499,0.01110865,0.00166190,0.29522845,0.34596728,0.16805402,-0.27993253,0.21382537,-0.18899890,-0.27222501,-0.22882509,0.19205164,-0.27256424,-0.07293172,-0.19394270,-0.26086528,1.78642497,-0.00006421,0.00004634,-0.00591849,0.00792316,0.99995110,2.12968581,0.17345094,0.01529591,2.00321839,-0.18565108,0.02300344,1.55458534,0.18833734,0.02266420,1.71657565,-0.19513824,0.03436317,-0.16134122,-3.07097054,1.27732499,0.06038192,1.85263143,-0.78659667,-0.55850643,-2.98438754,2.03214927,0.14798709,1.92818496,-0.63460342
0.31278524,-0.01852471,-0.06097071,0.00771938,-0.51090134,-0.04019405,-0.16595278,0.69209559,-1.59023817,0.09142064,0.25346724,-1.38790784,-0.20093151,0.32782834,-1.49833982,0.18169657,0.98048108,-1.63098762,0.34870499,0.01110865,0.00166190,0.29413217,0.33930648,0.16864225,-0.27877708,0.23018849,-0.18969427,-0.27172796,-0.23538095,0.19247340,-0.27134790,-0.06002267,-0.19688809,-0.26122341,1.79282415,-0.00033252,0.00008281,-0.01111066,0.00747164,0.99991036,2.12957258,0.17336142,0.01535510,2.02582169,-0.18656572,0.02240421,1.55459321,0.18860190,0.02278428,1.73575044,-0.19809559,0.03290876,-0.05679516,-2.70322337,1.04689591,0.06237670,1.82049778,-0.74324745,-0.49711254,-2.21861694,1.74346104,0.18808700,1.92569695,-0.59004248
0.33308199,-0.02931566,-0.06939035,0.00842646,-0.56920561,0.00424300,-0.16630523,0.63871868,-1.56901710,0.09257485,0.29131805,-1.40222149,-0.20854805,0.30067055,-1.47388985,0.18639893,1.02093399,-1.64189827,0.34870499,0.01110865,0.00166190,0.29300115,0.33248758,0.16918965,-0.27756751,0.24631780,-0.19005633,-0.27029370,-0.24223717,0.19307195,-0.27009751,-0.05143283,-0.19912576,-0.26178620,1.79933417,-0.00078100,0.00012393,-0.01659748,0.00746175,0.99983440,2.12925954,0.17335223,0.01543364,2.04846115,-0.18713983,0.02270745,1.55424235,0.18865402,0.02290364,1.75087905,-0.20065223,0.03121496,-0.01082784,-2.75000377,1.10487025,0.05937652,1.95286238,-0.72814361,-0.37097227,-1.25975306,1.16416144,0.24884466,2.09019322,-0.55281800
0.31529179,-0.03742787,-0.06969171,0.00870003,-0.57964375,0.00544227,-0.16318092,0.58096224,-1.54146850,0.09423847,0.32970339,-1.41481161,-0.21150251,0.29634944,-1.46748400,0.19218728,1.06281173,-1.65173078,0.34870499,0.01110865,0.00166190,0.29186913,0.32553996,0.16989627,-0.27629968,0.26339585,-0.18948906,-0.26906883,-0.24937344,0.19386204,-0.26878348,-0.04764748,-0.20003658,-0.26256445,1.80583990,-0.00141981,0.00016903,-0.02245484,0.00752524,0.99971952,2.12878537,0.17335784,0.01556946,2.07205844,-0.18692227,0.02280030,1.55357635,0.18866623,0.02308565,1.76120913,-0.20215099,0.02930468,0.18398814,-2.87295079,1.40685189,0.08655821,1.88480389,-0.60408252,-0.10847782,-0.04929654,0.17901728,0.29136238,2.06321812,-0.47530845
0.31639567,-0.03577402,-0.07241208,0.00882202,-0.57389738,0.07331909,-0.15788217,0.51780995,-1.50455208,0.09523852,0.36880878,-1.42814810,-0.21037934,0.31487637,-1.48100197,0.19910699,1.10461149,-1.65916452,0.34870499,0.01110865,0.00166190,0.29077406,0.31840108,0.17036895,-0.27491065,0.28128772,-0.18836207,-0.26821731,-0.25680742,0.19485543,-0.26739042,-0.04876448,-0.19970062,-0.26330368,1.81228218,-0.00204560,0.00023296,-0.02826702,0.00819943,0.99956675,2.12784555,0.17352372,0.01586341,2.09662209,-0.18576785,0.02255675,1.55231276,0.18857073,0.02338364,1.76680031,-0.20251932,0.02747038,0.25672384,-3.13655014,1.84034896,0.04434832,1.94223399,-0.66978103,0.05384707,0.95221510,-0.69993975,0.34523883,2.06779957,-0.36002991
0.34786357,-0.02158135,-0.07980505,0.00804630,-0.45714828,0.25242454,-0.15625025,0.45339820,-1.46403384,0.09323675,0.40822803,-1.44640501,-0.21080477,0.34981267,-1.50908310,0.20672880,1.14127479,-1.66082749,0.34870499,0.01110865,0.00166190,0.28965698,0.31098315,0.16984436,-0.27359506,0.29874923,-0.18821342,-0.26694341,-0.26439273,0.19610557,-0.26608792,-0.05401171,-0.19958521,-0.26309794,1.81919212,-0.00234170,0.00035033,-0.03285349,0.01059829,0.99940392,2.12650349,0.17405939,0.01606192,2.12186556,-0.18417731,0.02271358,1.55070009,0.18811286,0.02356906,1.76942511,-0.20302744,0.02655904,0.07318044,-3.27920876,2.06428905,-0.10935434,2.00312529,-0.94337372,-0.02809585,1.80634484,-1.45435569,0.38765874,1.84481258,-0.06623022
0.35977373,-0.00881070,-0.07521078,0.00377587,-0.17813531,0.34489896,-0.15729059,0.38595849,-1.42184970,0.08920162,0.44581281,-1.47058880,-0.21276393,0.39184521,-1.54258397,0.21367500,1.16817613,-1.65393636,0.34870499,0.01110865,0.00166190,0.28862342,0.30336402,0.16858298,-0.27254238,0.31580673,-0.18870524,-0.26568296,-0.27208453,0.19745235,-0.26501313,-0.06210095,-0.19976044,-0.26210594,1.82659066,-0.00232618,0.00049321,-0.03492895,0.01409726,0.99929024,2.12507842,0.17474728,0.01608104,2.14759488,-0.18204776,0.02294046,1.54904449,0.18737239,0.02361029,1.77014945,-0.20375893,0.02651748,-0.05303428,-3.32726750,2.07527380,-0.19915392,1.82847478,-1.20699120,-0.09517389,2.05722580,-1.63081665,0.33380213,1.27173445,0.37650778
0.38837440,-0.01283833,-0.06398800,-0.00503881,0.14605252,0.25457403,-0.15718872,0.31238177,-1.37782905,0.08678120,0.47908238,-1.49771965,-0.21331474,0.42783098,-1.56806796,0.21849269,1.18421249,-1.63931549,0.34870499,0.01110865,0.00166190,0.28785428,0.29567229,0.16770228,-0.27191108,0.33305391,-0.18867488,-0.26506750,-0.27981089,0.19860068,-0.26402268,-0.07065498,-0.19968530,-0.26145170,1.83419712,-0.00230578,0.00056817,-0.03389581,0.01676424,0.99928460,2.12407777,0.17521989,0.01594321,2.17339234,-0.17970283,0.02278678,1.54788201,0.18679742,0.02383160,1.77027996,-0.20424870,0.02640259,0.02013313,-3.83065028,2.27767248,-0.10524841,1.68046587,-1.40474463,-0.01378857,1.78910799,-1.23605967,0.23202798,0.75839541,0.79425392
0.36759225,-0.01618039,-0.04180199,-0.01407444,0.40702608,0.03273185,-0.15435384,0.23058628,-1.32672834,0.08775402,0.50765067,-1.52476847,-0.21206391,0.45478436,-1.58278978,0.22048761,1.19125843,-1.62140512,0.34870499,0.01110865,0.00166190,0.28740859,0.28791814,0.16776176,-0.27177881,0.35081017,-0.18771122,-0.26576532,-0.28711876,0.19928774,-0.26279156,-0.07891029,-0.19934436,-0.26140616,1.84175503,-0.00236407,0.00052468,-0.03011353,0.01741280,0.99939466,2.12365425,0.17532582,0.01562978,2.19889140,-0.17774049,0.02164327,1.54786813,0.18680061,0.02461703,1.76983702,-0.20433637,0.02600243,0.15914088,-4.07077503,2.56905818,0.07236223,1.36851025,-1.32142794,0.07250642,1.26073635,-0.64975369,0.07720116,0.28702790,0.89167142
0.36689949,-0.00382478,-0.02423674,-0.01901779,0.56763198,-0.12493891,-0.14954973,0.14172914,-1.27055957,0.09059938,0.53285881,-1.55169535,-0.21117527,0.47424785,-1.58864367,0.21823962,1.19337389,-1.60546427,0.34870499,0.01110865,0.00166190,0.28727128,0.28018661,0.16831431,-0.27193274,0.36930947,-0.18591834,-0.26657446,-0.29369450,0.19898715,-0.26114274,-0.08680213,-0.19927060,-0.26159245,1.84916413,-0.00221263,0.00039670,-0.02442309,0.01618547,0.99957060,2.12375445,0.17508485,0.01533854,2.22429934,-0.17607663,0.02069681,1.54918113,0.18716146,0.02612854,1.76885915,-0.20418909,0.02567883,0.23723365,-4.41944532,2.80124226,0.14072936,1.24923618,-1.33528354,0.04207756,0.95753529,-0.27834141,-0.11889976,0.10131615,0.78742282
0.37461571,0.01029697,-0.00355767,-0.01932923,0.63724915,-0.17594051,-0.14589927,0.05008041,-1.20869415,0.09299981,0.55726951,-1.57764034,-0.21109091,0.48995297,-1.58868773,0.21281838,1.19359362,-1.59110947,0.34870499,0.01110865,0.00166190,0.28745127,0.27237088,0.16872361,-0.27231612,0.38785119,-0.18430808,-0.26699357,-0.29974025,0.19789744,-0.25951926,-0.09447800,-0.19954727,-0.26205267,1.85651820,-0.00180344,0.00026433,-0.01816343,0.01445260,0.99973053,2.12389798,0.17472306,0.01513516,2.24953508,-0.17482293,0.02045770,1.55118260,0.18734675,0.02793201,1.76784797,-0.20399838,0.02539860,0.18019725,-4.65464125,3.15007572,0.12006091,1.24101369,-1.31527736,0.00415991,0.79504821,0.00627356,-0.27831145,0.00746233,0.72905636
0.35959710,0.01215578,0.01960729,-0.01663072,0.61498311,-0.13592541,-0.14419892,-0.03305140,-1.15048542,0.09460069,0.58129592,-1.60133147,-0.21083038,0.50480386,-1.58615651,0.20768157,1.19205325,-1.57843642,0.34870499,0.01110865,0.00166190,0.28799737,0.26451067,0.16891942,-0.27294132,0.40411624,-0.18315067,-0.26695756,-0.30499980,0.19686857,-0.25774313,-0.10221369,-0.19985206,-0.26272421,1.86384127,-0.00135683,0.00015598,-0.01188027,0.01302204,0.99984462,2.12386293,0.17439412,0.01505605,2.27259035,-0.17392070,0.02103981,1.55381775,0.18750165,0.03025424,1.76686714,-0.20380312,0.02527316,0.07766537,-4.00738101,2.80832810,0.07560805,1.17513428,-1.14964309,0.01481929,0.72866919,0.12836876,-0.24261895,-0.08362601,0.60719599
0.36847394,0.00324185,0.04127325,-0.01571048,0.63258542,-0.08454845,-0.14318383,-0.09998049,-1.09760756,0.09590187,0.60489082,-1.62203231,-0.20984123,0.51996210,-1.58293180,0.20248091,1.18656371,-1.57210803,0.34870499,0.01110865,0.00166190,0.28884627,0.25660535,0.16906256,-0.27380631,0.41608854,-0.18234222,-0.26823589,-0.30786131,0.19579463,-0.25587552,-0.11010617,-0.19998331,-0.26347056,1.87101128,-0.00109032,0.00006989,-0.00571827,0.01213410,0.99991003,2.12343845,0.17414944,0.01503996,2.29140215,-0.17328171,0.02061039,1.55848932,0.18717584,0.03297075,1.76579049,-0.20368666,0.02537572,0.05108473,-3.34234395,2.71352859,0.06689168,1.21264386,-1.04565058,0.05664392,0.78282316,0.16880069,-0.27871872,-0.31697467,0.27153385
0.33337322,-0.00983979,0.05748633,-0.01384072,0.58395399,-0.03859642,-0.14257886,-0.15144713,-1.05182028,0.09785472,0.62874323,-1.63982940,-0.20754166,0.53574473,-1.57921493,0.19017434,1.17050004,-1.57271791,0.34870499,0.01110865,0.00166190,0.28997552,0.24847983,0.16942221,-0.27479529,0.42416566,-0.18182609,-0.27083845,-0.30631704,0.19301874,-0.25575958,-0.11820884,-0.19977726,-0.26437107,1.87786710,-0.00109238,-0.00000312,0.00026724,0.01168435,0.99993170,2.12232018,0.17408983,0.01518023,2.30616570,-0.17295729,0.01913708,1.56712341,0.18471592,0.03421594,1.76435876,-0.20357729,0.02560445,0.02615154,-2.41685343,2.17857075,0.10215271,1.17256010,-0.85275310,0.12302398,0.77861542,0.18577014,-0.66802341,-0.87580258,-0.07383262
0.30628311,-0.02111924,0.07705612,-0.01244817,0.54465420,-0.06722412,-0.14126759,-0.18598209,-1.02088943,0.10101534,0.65311077,-1.65322006,-0.20385601,0.55195954,-1.57462215,0.17255977,1.14064152,-1.57762582,0.34870499,0.01110865,0.00166190,0.29144817,0.24004293,0.17017713,-0.27592733,0.42869745,-0.18119650,-0.27382835,-0.29985360,0.18895729,-0.25776078,-0.12637529,-0.19920601,-0.26551894,1.88406241,-0.00137393,-0.00006310,0.00577932,0.01103784,0.99992238,2.12029023,0.17406061,0.01552084,2.31665525,-0.17306291,0.01761982,1.58011069,0.18091813,0.03368739,1.76211534,-0.20332110,0.02592923,0.06975106,-1.67972324,1.50077381,0.15817689,1.20934055,-0.65491388,0.18358240,0.80495824,0.22896422,-0.86646900,-1.48986566,-0.25482886
0.32194501,-0.03006988,0.09188616,-0.01014174,0.48440787,-0.15941385,-0.13732502,-0.20017844,-1.01125617,0.10491299,0.67749686,-1.66138084,-0.20005658,0.56844721,-1.56951842,0.15931042,1.10741818,-1.58790548,0.34870499,0.01110865,0.00166190,0.29311559,0.23142235,0.17121117,-0.27728990,0.42937886,-0.17993065,-0.27705630,-0.29104180,0.18583931,-0.25921062,-0.13438831,-0.19859000,-0.26674297,1.89041793,-0.00183733,-0.00009918,0.01058082,0.00951456,0.99989875,2.11854033,0.17374666,0.01582569,2.32314301,-0.17356459,0.01605929,1.59589243,0.17842999,0.03390497,1.75983300,-0.20294869,0.02637262,0.20701590,-0.66623807,0.42674390,0.20004919,1.24061182,-0.40339178,0.19211026,0.84014670,0.26049649,-0.66315334,-1.69196470,-0.53080835
0.33930668,-0.03448061,0.09385339,-0.00631394,0.37192466,-0.23760474,-0.13048191,-0.18973790,-1.03080261,0.10959778,0.70218635,-1.66483860,-0.19658273,0.58623219,-1.56423204,0.14969476,1.07097340,-1.59936230,0.34870499,0.01110865,0.00166190,0.29483200,0.22266953,0.17253024,-0.27868878,0.42572049,-0.17790932,-0.27985407,-0.28061510,0.18356864,-0.26055050,-0.14239695,-0.19804903,-0.26804784,1.89734304,-0.00243163,-0.00010184,0.01446101,0.00714705,0.99986989,2.11752346,0.17326410,0.01614322,2.32556329,-0.17423698,0.01497793,1.61413245,0.17710678,0.03428151,1.75779181,-0.20249603,0.02678416,0.34786987,0.61608007,-1.08870755,0.23287542,1.21228898,-0.15206195,0.16985289,0.88054498,0.25863366,-0.46202030,-1.81243694,-0.55343963
0.38970459,-0.03837169,0.09673557,-0.00322770,0.27971339,-0.29288063,-0.12099428,-0.15998782,-1.07360775,0.11435647,0.72725561,-1.66429076,-0.19304745,0.60657289,-1.55948894,0.14279852,1.02670417,-1.60991623,0.34870499,0.01110865,0.00166190,0.29646348,0.21386353,0.17392940,-0.28003933,0.41883042,-0.17518221,-0.28181552,-0.26758319,0.18200376,-0.26238410,-0.15062398,-0.19746499,-0.26946556,1.90490696,-0.00310415,-0.00007425,0.01730741,0.00433687,0.99984081,2.11725361,0.17267397,0.01642415,2.32524133,-0.17464642,0.01464796,1.63575497,0.17657148,0.03407938,1.75600166,-0.20186837,0.02699792,0.50352511,1.62690191,-2.31286838,0.24211495,1.29224541,0.05276133,0.18312816,1.06531216,0.23870361,-0.33546265,-2.33569314,-0.54244925
0.39150441,-0.03416270,0.08585005,-0.00081503,0.15491768,-0.28825756,-0.11100363,-0.12245140,-1.12147176,0.11832979,0.75260568,-1.65969014,-0.19014953,0.62944943,-1.55576158,0.13881321,0.97436821,-1.62158012,0.34870499,0.01110865,0.00166190,0.29793435,0.20501736,0.17517685,-0.28142281,0.41064446,-0.17240684,-0.28334164,-0.25143839,0.18114783,-0.26417975,-0.15894979,-0.19700809,-0.27082866,1.91290438,-0.00378078,-0.00002677,0.01904827,0.00140516,0.99981758,2.11742854,0.17197166,0.01651154,2.32403183,-0.17503268,0.01459271,1.66095781,0.17665959,0.03375460,1.75450897,-0.20123487,0.02710569,0.48791790,1.87384677,-2.34713268,0.18832350,1.24455190,0.25433651,0.13528851,1.13809800,0.17516752,-0.17548220,-2.61918211,-0.58298248
0.39891561,-0.02974128,0.07515931,-0.00016090,0.01793029,-0.26114894,-0.10283810,-0.08303649,-1.16288190,0.12209360,0.77789848,-1.65130994,-0.18879479,0.65500783,-1.55424776,0.13660297,0.91614348,-1.63314495,0.34870499,0.01110865,0.00166190,0.29914768,0.19643728,0.17643197,-0.28252379,0.40224612,-0.17025808,-0.28467399,-0.23281853,0.18061649,-0.26568487,-0.16701418,-0.19687087,-0.27191978,1.92099955,-0.00440302,0.00002393,0.01928279,-0.00125091,0.99981329,2.11787770,0.17153685,0.01662390,2.32281837,-0.17566711,0.01447369,1.68863370,0.17679548,0.03346281,1.75349326,-0.20085535,0.02722790,0.40206492,1.95670648,-2.04124649,0.18614495,1.25391190,0.41828108,0.06622075,1.27441595,0.07003230,-0.10747700,-2.89636140,-0.56995833
0.39677756,-0.02406649,0.06102812,-0.00077936,-0.12377841,-0.18500043,-0.09662327,-0.04376647,-1.19659181,0.12526975,0.80226679,-1.64225595,-0.18789691,0.68368987,-1.55540566,0.13579304,0.85447921,-1.64214320,0.34870499,0.01110865,0.00166190,0.30007815,0.18873639,0.17751388,-0.28302764,0.39409625,-0.16874274,-0.28582428,-0.21291572,0.18037398,-0.26687020,-0.17490795,-0.19675983,-0.27286353,1.92885358,-0.00493140,0.00005607,0.01812175,-0.00311560,0.99983093,2.11869261,0.17140278,0.01705051,2.32189054,-0.17612696,0.01425387,1.71706612,0.17676600,0.03320795,1.75272279,-0.20059736,0.02721462,0.31046848,1.99463582,-1.69651988,0.15889865,1.23637950,0.45855332,0.04517716,1.46534994,-0.06437897,-0.03691564,-3.14329562,-0.44966462
0.36266124,-0.01436043,0.03968478,-0.00177414,-0.22589852,-0.07926208,-0.09303516,-0.00568277,-1.22346919,0.12791063,0.82517571,-1.63465300,-0.18742379,0.71467171,-1.55894840,0.13708479,0.78998327,-1.64774151,0.34870499,0.01110865,0.00166190,0.30068182,0.18221381,0.17839697,-0.28280817,0.38638511,-0.16799949,-0.28666118,-0.19219918,0.18061302,-0.26738916,-0.18256207,-0.19666245,-0.27360358,1.93630769,-0.00529963,0.00006338,0.01588970,-0.00400184,0.99986574,2.11994367,0.17163307,0.01787365,2.32133565,-0.17638661,0.01402065,1.74556041,0.17684609,0.03329266,1.75217726,-0.20049444,0.02707825,0.16393029,1.86150048,-1.29457777,0.13068967,1.11591599,0.36317740,0.02022631,1.52491186,-0.18352900,0.07340101,-3.17164292,-0.26070509
0.36357367,-0.00408057,0.02237549,-0.00257950,-0.30774825,-0.00687556,-0.09191077,0.03135799,-1.24614322,0.13176305,0.84488623,-1.62992826,-0.18763415,0.74693625,-1.56486471,0.14019924,0.72291327,-1.64874225,0.34870499,0.01110865,0.00166190,0.30096925,0.17740987,0.17954283,-0.28167470,0.37904562,-0.16794882,-0.28707427,-0.17109705,0.18126596,-0.26717113,-0.18984625,-0.19664148,-0.27397455,1.94341481,-0.00546417,0.00005378,0.01297058,-0.00414476,0.99990729,2.12230701,0.17260174,0.01929455,2.32105508,-0.17654956,0.01389498,1.77382636,0.17721398,0.03379812,1.75194490,-0.20052504,0.02699470,0.04415190,1.90102279,-1.14649394,0.21025967,0.98718960,0.22214615,-0.01502918,1.66785381,-0.31959622,0.16906602,-3.46918559,-0.01623701
0.33307062,0.00539191,0.00344363,-0.00271407,-0.34074134,0.03690580,-0.09240933,0.06747163,-1.26594055,0.13694617,0.85728914,-1.62723255,-0.18862042,0.78019124,-1.57263362,0.14366926,0.65287721,-1.64129376,0.34870499,0.01110865,0.00166190,0.30095339,0.17530405,0.18101431,-0.27995817,0.37202356,-0.16835324,-0.28711726,-0.15003444,0.18201397,-0.26690369,-0.19683125,-0.19673457,-0.27398735,1.95024836,-0.00543290,0.00003658,0.00956056,-0.00382548,0.99994698,2.12693226,0.17423481,0.02099521,2.32097292,-0.17662766,0.01383613,1.80161095,0.17772370,0.03404970,1.75191760,-0.20065571,0.02696604,-0.03425207,1.76362550,-0.95138824,0.26179937,0.54848540,0.12160048,-0.05408595,1.63666630,-0.39228970,0.16969003,-3.45463943,0.43228090
0.32524300,0.01177291,-0.01400028,-0.00267035,-0.37595340,0.03855984,-0.09330376,0.10292566,-1.28425987,0.14326220,0.86092353,-1.62821589,-0.19028460,0.81412064,-1.58186262,0.14760351,0.58120064,-1.62293777,0.34870499,0.01110865,0.00166190,0.30060552,0.17651276,0.18272919,-0.27756419,0.36527220,-0.16885831,-0.28680934,-0.12954848,0.18294519,-0.26682173,-0.20351935,-0.19691575,-0.27366498,1.95680680,-0.00524332,0.00001990,0.00578131,-0.00342694,0.99997742,2.13456783,0.17627176,0.02304133,2.32091308,-0.17660123,0.01379618,1.82851527,0.17858549,0.03378378,1.75194259,-0.20075953,0.02694054,-0.04341087,1.75984323,-0.90970832,0.31827356,0.16921346,-0.06669523,-0.08319411,1.68494580,-0.46004521,0.19755396,-3.55723863,0.92660265
0.32330198,0.01510230,-0.03065745,-0.00269684,-0.40895275,0.00912878,-0.09377532,0.13853379,-1.30277293,0.15212743,0.85626404,-1.63763695,-0.19259665,0.84848007,-1.59207342,0.15287448,0.50986270,-1.59618168,0.34870499,0.01110865,0.00166190,0.29999172,0.18152654,0.18495795,-0.27358394,0.35861161,-0.16921904,-0.28620998,-0.10979664,0.18428813,-0.26674169,-0.20998369,-0.19719114,-0.27306102,1.96317086,-0.00499029,0.00000583,0.00177230,-0.00332206,0.99999291,2.14592228,0.17875750,0.02640778,2.32065024,-0.17658824,0.01378174,1.85460107,0.18002328,0.03325003,1.75188165,-0.20078193,0.02693070,-0.02365355,1.81163442,-0.94159993,0.45633372,-0.26846396,-0.49097316,-0.12089942,1.74793117,-0.52096483,0.27163550,-3.62613339,1.37953358
0.30388092,0.01580944,-0.04467369,-0.00285754,-0.42221908,-0.01614445,-0.09429344,0.17441100,-1.32113748,0.16158799,0.83451022,-1.64491646,-0.19626908,0.88332872,-1.60306232,0.16011444,0.44024873,-1.56185026,0.34870499,0.01110865,0.00166190,0.29913136,0.19125809,0.18738083,-0.26970030,0.35200723,-0.16957566,-0.28532303,-0.09094643,0.18623062,-0.26666080,-0.21624162,-0.19775424,-0.27212254,1.96938715,-0.00471169,-0.00000888,-0.00250943,-0.00347410,0.99999082,2.16194258,0.18133572,0.02943106,2.32020764,-0.17672906,0.01380832,1.87973688,0.18214635,0.03247056,1.75177672,-0.20095867,0.02700881,-0.02666440,1.75964577,-0.89860519,0.45613118,-1.15643525,-0.30670305,-0.18520179,1.71187055,-0.54220027,0.36542764,-3.40037222,1.71096177
0.31273386,0.01634692,-0.05989152,-0.00342830,-0.47347082,-0.02829508,-0.09488892,0.21067786,-1.33921056,0.16755129,0.79467424,-1.63860576,-0.20044310,0.91965013,-1.61468341,0.16978192,0.37591514,-1.52288847,0.34870499,0.01110865,0.00166190,0.29807464,0.20437944,0.18914688,-0.26785371,0.34541865,-0.16994049,-0.28418830,-0.07366798,0.18889592,-0.26648484,-0.22259285,-0.19835864,-0.27098470,1.97549343,-0.00443778,-0.00002660,-0.00707485,-0.00373834,0.99996798,2.18128138,0.18317570,0.03022093,2.31963181,-0.17695615,0.01388633,1.90323985,0.18500366,0.03158979,1.75142372,-0.20112659,0.02708994,-0.03007839,1.86989539,-0.92883736,0.27693649,-2.14848633,0.41830470,-0.21454292,1.88167365,-0.60114754,0.51252142,-3.26663475,2.02490110
0.28909683,0.01624753,-0.06569330,-0.00392975,-0.48442192,-0.06339713,-0.09518539,0.24757950,-1.35676563,0.16936614,0.74677759,-1.62479115,-0.20527579,0.95768130,-1.62613595,0.18058725,0.32237270,-1.48500669,0.34870499,0.01110865,0.00166190,0.29689157,0.21906174,0.18991237,-0.26690949,0.33877674,-0.17021074,-0.28290634,-0.05902501,0.19191749,-0.26624848,-0.22920276,-0.19905113,-0.26973540,1.98144853,-0.00415940,-0.00005176,-0.01196644,-0.00432515,0.99991904,2.20214498,0.18385080,0.02998208,2.31874013,-0.17729447,0.01398523,1.92408597,0.18826153,0.03064309,1.75053239,-0.20122028,0.02715617,-0.01185519,1.81369650,-0.85608393,0.06162419,-2.38329864,0.70920408,-0.24348584,1.87561786,-0.55841136,0.53419256,-2.53867912,1.83768821
0.27194322,0.01591609,-0.07133681,-0.00541276,-0.53313799,-0.13638332,-0.09504624,0.28521218,-1.37343650,0.16869517,0.69834861,-1.61014502,-0.21221965,0.99706321,-1.63689301,0.19271787,0.28917227,-1.45803344,0.34870499,0.01110865,0.00166190,0.29564456,0.23419016,0.18992130,-0.26536291,0.33209567,-0.17034276,-0.28146401,-0.04893697,0.19528983,-0.26571258,-0.23596438,-0.20018816,-0.26826292,1.98699965,-0.00389625,-0.00009946,-0.01732276,-0.00567648,0.99983383,2.22333117,0.18335371,0.03028165,2.31713977,-0.17799880,0.01418054,1.94028325,0.19193664,0.02993198,1.74877746,-0.20139226,0.02738164,0.00731969,1.86922441,-0.82668711,-0.03528250,-2.40384555,0.73060641,-0.34755346,1.95635900,-0.53222947,0.60486395,-1.60173008,1.31181881
0.26302651,0.01297346,-0.07452479,-0.00776894,-0.57969281,-0.19589937,-0.09484484,0.32359452,-1.38975577,0.16697561,0.64873508,-1.59225199,-0.22068662,1.03720899,-1.64645002,0.20501646,0.28242864,-1.44649112,0.34870499,0.01110865,0.00166190,0.29441684,0.24956427,0.18963891,-0.26349800,0.32534006,-0.17044034,-0.27982708,-0.04495941,0.19880095,-0.26568310,-0.24288143,-0.20161740,-0.26669084,1.99222131,-0.00372238,-0.00017660,-0.02301125,-0.00758093,0.99970645,2.24463282,0.18210999,0.03091885,2.31493917,-0.17907702,0.01458977,1.95028195,0.19573753,0.02873375,1.74631021,-0.20163321,0.02772601,0.00945980,1.95360088,-0.82941383,-0.08967465,-2.53205037,0.92445912,-0.43372710,2.04241972,-0.48165531,0.61817412,-0.27486515,0.54744452
0.27809036,0.01989848,-0.07475166,-0.00997155,-0.56301367,-0.24638713,-0.09471682,0.36245741,-1.40590045,0.16453905,0.59429507,-1.56678581,-0.23062991,1.07703886,-1.65360894,0.21240963,0.30222872,-1.45356314,0.34870499,0.01110865,0.00166190,0.29321940,0.26565745,0.18924244,-0.26187718,0.31845649,-0.17053578,-0.27808096,-0.04700838,0.20101040,-0.26658079,-0.25000577,-0.20334445,-0.26508531,1.99792290,-0.00344756,-0.00029135,-0.02876375,-0.01003362,0.99953584,2.26732574,0.18042384,0.03134222,2.31289182,-0.18034178,0.01513844,1.95495915,0.19846601,0.02663861,1.74388549,-0.20173232,0.02813409,0.00748292,1.90591943,-0.79104615,-0.12099953,-2.69425106,1.28699887,-0.49422135,1.94764404,-0.33823180,0.33230096,1.06319044,-0.43175078
0.32650003,0.03403613,-0.08247203,-0.01227220,-0.52384565,-0.35140787,-0.09354516,0.40106400,-1.42252200,0.16272744,0.53451545,-1.53341660,-0.24196603,1.11378565,-1.65619826,0.21397105,0.33800777,-1.48061984,0.34870499,0.01110865,0.00166190,0.29204731,0.28235255,0.18908879,-0.26053070,0.31139724,-0.17027991,-0.27653594,-0.05227689,0.20127214,-0.26666621,-0.25729219,-0.20543500,-0.26354510,2.00429335,-0.00298231,-0.00045476,-0.03395696,-0.01332564,0.99933435,2.29158740,0.17851055,0.03151661,2.31103950,-0.18150482,0.01551137,1.95740180,0.19961219,0.02538110,1.74161489,-0.20148378,0.02850221,0.07045869,1.98329170,-0.86118468,-0.08459670,-3.10695858,1.76120956,-0.59118279,1.86277475,-0.09715662,0.04991946,1.91363420,-1.51732448
0.34248404,0.04266104,-0.07434394,-0.00971608,-0.30982390,-0.41080908,-0.09132905,0.43790385,-1.44132304,0.16300216,0.47071338,-1.49637187,-0.25355560,1.14269614,-1.65038884,0.21320309,0.38129511,-1.51889110,0.34870499,0.01110865,0.00166190,0.29102862,0.29914473,0.18946447,-0.25916016,0.30415191,-0.16963506,-0.27540802,-0.05964165,0.20058896,-0.26561174,-0.26474718,-0.20781911,-0.26235792,2.01130927,-0.00237612,-0.00065180,-0.03741147,-0.01740773,0.99914810,2.31687236,0.17655278,0.03186846,2.30936742,-0.18250323,0.01562060,1.95869124,0.20016869,0.02541688,1.73948348,-0.20084675,0.02867070,0.11435983,1.79024816,-0.94047010,0.03007755,-3.15362549,1.83254123,-0.56717587,1.35306740,0.35106432,-0.04695005,2.16351008,-1.93056631
0.37074449,0.04744039,-0.05892487,0.00191195,0.03293893,-0.36811693,-0.08977884,0.47065292,-1.46472604,0.16421349,0.40089836,-1.45874324,-0.26304235,1.15838795,-1.63430853,0.21143168,0.42086068,-1.54901083,0.34870499,0.01110865,0.00166190,0.29038758,0.31595481,0.18984112,-0.25813810,0.29663563,-0.16904373,-0.27487067,-0.06841623,0.19982212,-0.26505342,-0.27226610,-0.21013684,-0.26138955,2.01887100,-0.00173826,-0.00078749,-0.03721522,-0.02116455,0.99908281,2.34258194,0.17455217,0.03224948,2.30808167,-0.18319257,0.01551691,1.95897841,0.20080195,0.02533416,1.73795006,-0.20015638,0.02899803,0.07391500,1.61743340,-1.16899686,0.05787541,-3.47735705,1.86798224,-0.46386088,0.75819697,0.80765414,-0.09000437,1.94298136,-1.47008731
0.39191982,0.04670304,-0.04118036,0.01853155,0.39578659,-0.21835409,-0.09037216,0.49907438,-1.49167025,0.16408173,0.32421451,-1.41918354,-0.26829723,1.16380687,-1.61421447,0.20864428,0.44947317,-1.56641667,0.34870499,0.01110865,0.00166190,0.29008154,0.33290935,0.18960888,-0.25807033,0.28887519,-0.16898894,-0.27483796,-0.07695259,0.19901064,-0.26498266,-0.27950075,-0.21176331,-0.26014431,2.02664397,-0.00117757,-0.00078240,-0.03346105,-0.02339510,0.99916586,2.36806288,0.17264214,0.03201122,2.30729327,-0.18350174,0.01524359,1.95909014,0.20121664,0.02509888,1.73753822,-0.19962714,0.02993723,-0.03788439,1.43568139,-1.37546983,-0.01044869,-3.91670032,2.02611146,-0.25517525,0.25760074,1.02435136,-0.14339988,1.43214891,-0.86079011
0.38494191,0.03747609,-0.01838750,0.03054035,0.63404554,-0.03553195,-0.09411122,0.52383856,-1.52019637,0.16237199,0.24206990,-1.37587245,-0.26858414,1.16301529,-1.59434938,0.20544869,0.46937183,-1.57424364,0.34870499,0.01110865,0.00166190,0.29010284,0.34990229,0.18872711,-0.25889091,0.28102247,-0.16978203,-0.27499766,-0.08518145,0.19826480,-0.26515941,-0.28626985,-0.21233633,-0.25856061,2.03452351,-0.00077322,-0.00064933,-0.02714714,-0.02389568,0.99934559,2.39304619,0.17101451,0.03121193,2.30711002,-0.18379278,0.01510518,1.95891554,0.20133627,0.02494343,1.73843215,-0.19918452,0.03154223,-0.19515095,1.20213022,-1.40118170,-0.09005613,-4.03906384,2.12494063,0.00491493,-0.05539726,0.96559939,-0.15661488,0.94666021,-0.34990870
0.41099833,0.02664931,0.00356522,0.03673078,0.77653311,0.08046691,-0.09870979,0.54728786,-1.54855220,0.15969334,0.15654859,-1.32679722,-0.26525488,1.15911667,-1.57643018,0.20251104,0.48402679,-1.57513523,0.34870499,0.01110865,0.00166190,0.29044932,0.36686220,0.18743744,-0.26023040,0.27299541,-0.17077867,-0.27534252,-0.09317779,0.19773617,-0.26562327,-0.29239220,-0.21205054,-0.25682507,2.04250381,-0.00059555,-0.00045807,-0.01967951,-0.02322554,0.99953643,2.41767607,0.16959976,0.03021892,2.30727234,-0.18386987,0.01510680,1.95861094,0.20125508,0.02482605,1.74057796,-0.19883634,0.03362425,-0.23282402,1.20572176,-1.45441532,-0.14153254,-4.42516146,2.58742671,0.18989136,-0.21626422,0.91005173,-0.14839343,0.72882435,-0.00738467
0.39618445,0.01478198,0.02342736,0.03399644,0.74973996,0.09915534,-0.10188081,0.57097530,-1.57531667,0.15828189,0.06715077,-1.26647735,-0.26044884,1.15315652,-1.56146300,0.20009574,0.49658507,-1.57193434,0.34870499,0.01110865,0.00166190,0.29108167,0.38399435,0.18649065,-0.26199730,0.26473144,-0.17135693,-0.27599398,-0.10111300,0.19744531,-0.26630902,-0.29747046,-0.21136838,-0.25501519,2.05056643,-0.00062583,-0.00026747,-0.01202716,-0.02223178,0.99968046,2.44247174,0.16860967,0.02908436,2.30741835,-0.18358219,0.01508769,1.95833099,0.20111933,0.02477265,1.74399352,-0.19856096,0.03606647,-0.14316553,1.16402960,-1.29863787,-0.05513780,-4.40988207,3.03976655,0.24183181,-0.30544224,0.71019280,-0.11452419,0.60636854,0.17991486
0.40466757,0.01443810,0.04281989,0.03165609,0.72551023,0.06989223,-0.10434098,0.59479825,-1.59827635,0.16101234,-0.02214332,-1.19812779,-0.25406209,1.14216580,-1.55377729,0.19763077,0.50919739,-1.56687202,0.34870499,0.01110865,0.00166190,0.29201253,0.40065270,0.18661690,-0.26327085,0.25629873,-0.17177606,-0.27693895,-0.10916281,0.19718494,-0.26715709,-0.29954482,-0.21024354,-0.25345256,2.05871308,-0.00069018,-0.00010160,-0.00469794,-0.02152282,0.99975731,2.46702585,0.16851128,0.02874168,2.30738177,-0.18333720,0.01507358,1.95813749,0.20101003,0.02485544,1.75039771,-0.19784767,0.03855997,-0.12300791,1.18285198,-1.13175843,0.13922539,-4.41552849,3.39081373,0.33039271,-0.56169101,0.37141125,-0.12396061,0.62712395,0.25274603
0.41739802,0.02204210,0.06036001,0.02968812,0.69959365,0.06211735,-0.10747077,0.61889832,-1.61713459,0.16445985,-0.09927282,-1.13397317,-0.23932824,1.12222824,-1.55123732,0.19420986,0.52251748,-1.56115270,0.34870499,0.01110865,0.00166190,0.29315551,0.41431904,0.18694963,-0.26482788,0.24764333,-0.17243652,-0.27805244,-0.11734795,0.19667964,-0.26818586,-0.29785312,-0.20707186,-0.25395769,2.06693423,-0.00060982,0.00004540,0.00220451,-0.02091574,0.99977881,2.48870945,0.16884841,0.02832763,2.30714917,-0.18325251,0.01510307,1.95791457,0.20080551,0.02496965,1.76068146,-0.19504357,0.03919782,-0.16171038,1.22645178,-0.95051436,0.16957114,-3.87633858,3.23410187,0.77433606,-1.03511873,0.11929062,-0.17658549,0.67952495,0.29149028
0.39968583,0.03147046,0.07081218,0.02551728,0.62026753,0.06850876,-0.11145088,0.64328135,-1.63209245,0.16518565,-0.15650384,-1.08006098,-0.21814382,1.09555621,-1.55505621,0.18998281,0.53680321,-1.55510628,0.34870499,0.01110865,0.00166190,0.29444921,0.42326073,0.18678123,-0.26803813,0.23881529,-0.17338460,-0.27922452,-0.12567121,0.19595194,-0.26934660,-0.29277477,-0.20212390,-0.25585297,2.07513936,-0.00031784,0.00017299,0.00858815,-0.02022492,0.99975855,2.50560780,0.16919260,0.02641108,2.30674706,-0.18321901,0.01522469,1.95749586,0.20055631,0.02510261,1.77442961,-0.19043567,0.03859624,-0.19719793,1.19611435,-0.71609716,0.02307734,-2.72433109,2.61289496,1.04014359,-1.32144608,-0.22520596,-0.20869899,0.70459348,0.29807931
0.40570413,0.04211211,0.08466641,0.02222756,0.56221921,0.10414089,-0.11578412,0.66770097,-1.64259317,0.16376731,-0.19503049,-1.03798835,-0.20032882,1.06937952,-1.56870449,0.18566149,0.55269531,-1.54952586,0.34870499,0.01110865,0.00166190,0.29585701,0.42808807,0.18629752,-0.27247219,0.22994799,-0.17449484,-0.28046554,-0.13407840,0.19516846,-0.27050186,-0.28558051,-0.19766426,-0.25658122,2.08312781,0.00017213,0.00027234,0.01416821,-0.01926155,0.99971405,2.51807432,0.16984150,0.02338482,2.30618362,-0.18305077,0.01539147,1.95666678,0.20036043,0.02535515,1.79014525,-0.18634491,0.03927580,-0.22457296,1.25631924,-0.51059089,-0.08258779,-1.86794062,2.06851106,0.87788291,-1.32612329,-0.76814078,-0.22178335,0.83084136,0.28019091
0.36219760,0.04570736,0.08966301,0.01544900,0.42282066,0.19394522,-0.12093367,0.69222707,-1.64802742,0.15955506,-0.21298522,-1.01830482,-0.18601076,1.04338384,-1.58666849,0.18115702,0.57086623,-1.54544568,0.34870499,0.01110865,0.00166190,0.29739031,0.42924760,0.18513338,-0.27660464,0.22107282,-0.17590959,-0.28168975,-0.14247599,0.19427644,-0.27160716,-0.27711322,-0.19389900,-0.25672078,2.09067798,0.00082250,0.00032521,0.01864906,-0.01743267,0.99967405,2.52611947,0.17087714,0.02078567,2.30548310,-0.18268808,0.01570056,1.95506227,0.19994841,0.02578315,1.80697274,-0.18329675,0.04066953,-0.25974825,1.20355797,-0.22999679,-0.22961374,-0.72958100,0.78848529,0.68494409,-1.28194857,-0.89371902,-0.22288629,0.90735447,0.18842781
0.38055672,0.05361045,0.08819417,0.00985141,0.30951455,0.32341101,-0.12722494,0.71715242,-1.64796333,0.14835302,-0.19758154,-1.04450049,-0.17320998,1.00767629,-1.60401740,0.17679241,0.59163809,-1.54235263,0.34870499,0.01110865,0.00166190,0.29883901,0.42502898,0.18197859,-0.27923228,0.21212223,-0.17774272,-0.28279482,-0.15089021,0.19336332,-0.27275522,-0.26538959,-0.19051818,-0.25777287,2.09842467,0.00167769,0.00030894,0.02180912,-0.01420739,0.99966115,2.52845359,0.17150400,0.01960674,2.30541000,-0.18202149,0.01604420,1.95309055,0.19925101,0.02608379,1.82772799,-0.18122151,0.04106614,-0.31305305,1.23825302,0.01112906,-0.56596268,0.81431119,-1.36940279,0.63157157,-1.79277320,-0.86049039,-0.21472442,1.03555501,0.15221956
0.41473069,0.05588146,0.08164323,0.00524403,0.20596746,0.39717432,-0.13362454,0.74283246,-1.64378142,0.13344006,-0.16015519,-1.09937291,-0.16262467,0.96131968,-1.62055206,0.17345467,0.61500428,-1.54019823,0.34870499,0.01110865,0.00166190,0.30006436,0.41720354,0.17779079,-0.28055504,0.20297794,-0.17967858,-0.28382135,-0.15942126,0.19269445,-0.27379331,-0.25026380,-0.18770268,-0.25926746,2.10664902,0.00260878,0.00024535,0.02388310,-0.01031018,0.99966156,2.52743077,0.17175684,0.01950932,2.30587788,-0.18121804,0.01624300,1.95123603,0.19855032,0.02627104,1.85256705,-0.17989223,0.04079690,-0.32384779,1.30848594,0.22088235,-0.75711399,1.92473605,-2.80477686,0.53234086,-2.37889771,-0.83621638,-0.16745641,1.19478524,0.10610205
0.41517652,0.04617274,0.06688989,0.00168563,0.08807403,0.36342797,-0.13910404,0.76922185,-1.63653181,0.12065825,-0.11766539,-1.15348988,-0.15528527,0.90660337,-1.63465819,0.17090900,0.64115803,-1.53963404,0.34870499,0.01110865,0.00166190,0.30102924,0.40841359,0.17431876,-0.28153612,0.19374547,-0.18140885,-0.28472893,-0.16802380,0.19218827,-0.27465663,-0.23265158,-0.18571021,-0.26068560,2.11517494,0.00345108,0.00016289,0.02487584,-0.00655820,0.99966902,2.52584047,0.17239637,0.01949311,2.30652361,-0.18048414,0.01630031,1.94968715,0.19782731,0.02637261,1.88010683,-0.17919072,0.04034364,-0.26357540,1.29451041,0.36526565,-0.60893153,2.08001213,-2.61071696,0.34273424,-2.71169705,-0.67923906,-0.12266846,1.29354482,0.02059796
0.43226435,0.04009401,0.05430441,-0.00013184,-0.03127136,0.29177311,-0.14366528,0.79501894,-1.62781084,0.11133796,-0.07604920,-1.19836903,-0.15153583,0.84703139,-1.64638815,0.16882859,0.67002420,-1.54092870,0.34870499,0.01110865,0.00166190,0.30170497,0.39982856,0.17190960,-0.28236708,0.18504788,-0.18289237,-0.28526098,-0.17657344,0.19174020,-0.27537754,-0.21349906,-0.18459234,-0.26150845,2.12364585,0.00418022,0.00008925,0.02471851,-0.00360339,0.99968795,2.52470331,0.17320301,0.01933789,2.30737047,-0.18004140,0.01644399,1.94845924,0.19718833,0.02632743,1.90882163,-0.17886823,0.04019652,-0.23029787,1.32023125,0.45397279,-0.46137367,2.13554764,-2.25540328,0.17256079,-3.08654428,-0.59130752,-0.10433249,1.50273981,-0.07919809
0.38905439,0.03291812,0.03270936,-0.00082086,-0.16923772,0.17269510,-0.14676401,0.82025796,-1.62003970,0.10401781,-0.03521033,-1.23492539,-0.15023075,0.78580481,-1.65669274,0.16723210,0.70179981,-1.54507339,0.34870499,0.01110865,0.00166190,0.30205187,0.39163833,0.17013562,-0.28301065,0.17735959,-0.18392404,-0.28511487,-0.18483345,0.19132187,-0.27589591,-0.19348953,-0.18399171,-0.26152863,2.13168228,0.00483462,0.00003923,0.02319747,-0.00169073,0.99972947,2.52389383,0.17364459,0.01904123,2.30841875,-0.17968827,0.01693700,1.94749701,0.19678057,0.02615596,1.93757153,-0.17850158,0.04052325,-0.13954762,1.23509586,0.36935943,-0.34737584,1.99715650,-1.73462832,0.04908793,-3.00848460,-0.49668196,-0.07473633,1.57860434,-0.22552994
0.36201504,0.02386474,0.00925153,-0.00063783,-0.32185153,0.09085101,-0.14779862,0.84596789,-1.61698458,0.09908262,0.00480358,-1.26289454,-0.15162618,0.72136183,-1.66226418,0.16652450,0.73686526,-1.55367680,0.34870499,0.01110865,0.00166190,0.30196082,0.38402570,0.16907941,-0.28328201,0.17116602,-0.18425042,-0.28378398,-0.19244725,0.19099090,-0.27603919,-0.17252629,-0.18400086,-0.26093418,2.13899987,0.00531242,0.00001527,0.01999838,-0.00075257,0.99979973,2.52327967,0.17381351,0.01867881,2.30988832,-0.17919547,0.01817684,1.94684036,0.19659282,0.02592163,1.96619678,-0.17842851,0.04102664,-0.05101584,1.27293863,0.13965482,-0.24083100,1.98487148,-1.37861090,-0.07226172,-3.20588317,-0.26139852,-0.03320662,1.74426873,-0.43349984
0.34710988,0.01385293,-0.01161430,-0.00037873,-0.42908145,0.03748596,-0.14874012,0.86858752,-1.62165120,0.09617102,0.04412985,-1.28618050,-0.15424268,0.65371428,-1.65941145,0.16672899,0.77377045,-1.56545243,0.34870499,0.01110865,0.00166190,0.30152709,0.37683371,0.16859074,-0.28312749,0.16765769,-0.18436225,-0.28103414,-0.19950487,0.19079328,-0.27580062,-0.15135991,-0.18434901,-0.26033065,2.14582703,0.00558752,0.00000594,0.01580756,-0.00036764,0.99987499,2.52278461,0.17390111,0.01839960,2.31334910,-0.17889797,0.02049295,1.94646251,0.19652746,0.02572647,1.99433160,-0.17865013,0.04119643,-0.04817562,1.13538127,-0.26176825,-0.14469247,1.99801655,-1.17657032,-0.13350029,-3.44294801,0.16537229,0.01174404,1.87953870,-0.60405643
0.32190357,0.00645678,-0.02606141,-0.00025161,-0.46261624,0.00753059,-0.14989175,0.88095526,-1.63535085,0.09450865,0.08257829,-1.30666757,-0.15720180,0.58593131,-1.64786050,0.16721868,0.81169492,-1.57914286,0.34870499,0.01110865,0.00166190,0.30086832,0.36996098,0.16843258,-0.28265240,0.16884952,-0.18434880,-0.27706304,-0.20619921,0.19057808,-0.27528671,-0.13098239,-0.18483707,-0.25985523,2.15239959,0.00572369,0.00000306,0.01111983,-0.00027461,0.99993814,2.52245302,0.17395304,0.01821592,2.32114782,-0.17871782,0.02380528,1.94630508,0.19641499,0.02558161,2.02131569,-0.17904141,0.04101309,-0.05779144,0.54268625,-0.69996468,-0.07757430,1.88112488,-0.99579022,-0.14735302,-3.31777039,0.60155809,0.02349212,1.86258543,-0.67713819
0.32835299,0.00487906,-0.04088217,-0.00034341,-0.52196989,-0.02211249,-0.15269088,0.87063614,-1.64476738,0.09360110,0.12068801,-1.32584224,-0.16111295,0.51907972,-1.62731397,0.16748526,0.85063785,-1.59406886,0.34870499,0.01110865,0.00166190,0.30001744,0.36326844,0.16846155,-0.28185984,0.17609203,-0.18492733,-0.27380020,-0.21270364,0.19021780,-0.27461630,-0.11161401,-0.18567033,-0.25963125,2.15878792,0.00581397,0.00000258,0.00609000,-0.00044943,0.99998135,2.52220764,0.17394891,0.01815760,2.33471365,-0.17927158,0.02621724,1.94625535,0.19622288,0.02540114,2.04700706,-0.17975597,0.04038619,-0.16073755,-0.70983117,-0.40546936,-0.04279024,1.96184664,-0.98199418,-0.20922447,-3.43615723,1.11700606,0.01183674,2.01166279,-0.77508402
0.30672157,0.00545034,-0.04893764,-0.00078986,-0.52466041,-0.06084975,-0.15809512,0.82956517,-1.63322437,0.09311419,0.15914719,-1.34410441,-0.16581261,0.45332110,-1.59809887,0.16794389,0.89096969,-1.60983300,0.34870499,0.01110865,0.00166190,0.29902741,0.35654968,0.16859391,-0.28088409,0.18919796,-0.18672647,-0.27327690,-0.21920452,0.18983326,-0.27375576,-0.09312578,-0.18682412,-0.25976788,2.16505837,0.00591065,0.00000079,0.00077632,-0.00101135,0.99999919,2.52194834,0.17378303,0.01814333,2.35387826,-0.18119813,0.02575052,1.94623828,0.19618691,0.02527165,2.07155490,-0.18072472,0.03925954,-0.28304753,-2.23534942,0.73611730,-0.02148747,1.88853884,-0.88845277,-0.23458809,-3.21484995,1.49066997,0.02520224,1.98744667,-0.77793175
0.30518987,0.00449678,-0.05909767,-0.00153511,-0.54441380,-0.05532753,-0.16258544,0.76941278,-1.60596282,0.09261024,0.19794263,-1.36157577,-0.17201306,0.39089025,-1.56349421,0.16977632,0.93264313,-1.62575366,0.34870499,0.01110865,0.00166190,0.29789931,0.34974805,0.16870266,-0.27981355,0.20594436,-0.18860398,-0.27437532,-0.22582497,0.18974697,-0.27255248,-0.07577093,-0.18842934,-0.25971924,2.17122276,0.00598285,-0.00000761,-0.00470535,-0.00158595,0.99998767,2.52150416,0.17357528,0.01808576,2.37656784,-0.18327343,0.02352399,1.94600079,0.19644516,0.02534683,2.09485452,-0.18220521,0.03818007,-0.21832837,-2.98564548,1.35426748,-0.02576393,1.92659888,-0.86837554,-0.31165991,-3.08838687,1.71923978,0.09281558,2.06971331,-0.78914082
0.30427184,0.00272759,-0.06978153,-0.00197893,-0.56770026,-0.00839744,-0.16516728,0.71065166,-1.57898047,0.09174814,0.23740751,-1.37964752,-0.17947477,0.33574055,-1.52931409,0.17236404,0.97512839,-1.64091809,0.34870499,0.01110865,0.00166190,0.29665462,0.34284247,0.16867191,-0.27854228,0.22274658,-0.18986244,-0.27468708,-0.23261012,0.18980418,-0.27120952,-0.06022700,-0.19036314,-0.25925323,2.17724264,0.00601847,-0.00001721,-0.01028026,-0.00169003,0.99994573,2.52065330,0.17353053,0.01811235,2.39934616,-0.18459581,0.02196755,1.94527543,0.19660785,0.02544511,2.11637251,-0.18414000,0.03740139,-0.13014627,-2.97694445,1.36628573,-0.04437055,2.00905766,-0.92006276,-0.37740880,-2.77837501,1.72959416,0.13184071,2.16295681,-0.76842206
0.27477646,-0.00292511,-0.07317724,-0.00179461,-0.56856185,0.02578184,-0.16727372,0.65532355,-1.55335178,0.09087236,0.27757316,-1.39731662,-0.18522320,0.29480845,-1.50129516,0.17537401,1.01877422,-1.65487094,0.34870499,0.01110865,0.00166190,0.29534501,0.33580147,0.16861720,-0.27714894,0.23912041,-0.19087367,-0.27388300,-0.23967356,0.18991039,-0.26985687,-0.04797378,-0.19187355,-0.25896782,2.18293328,0.00595618,-0.00002284,-0.01605491,-0.00144222,0.99987007,2.51921978,0.17360396,0.01819606,2.42150207,-0.18560650,0.02146201,1.94380858,0.19655720,0.02548814,2.13440619,-0.18577817,0.03637719,-0.10145324,-2.70686002,1.25775332,-0.04176962,1.97095191,-0.85979062,-0.27010298,-1.93211982,1.33456900,0.15110863,2.14534564,-0.67899642
0.24885841,-0.01356205,-0.07841242,-0.00156002,-0.63025948,0.03695995,-0.16754492,0.59838886,-1.52486277,0.09028676,0.31832098,-1.41342418,-0.18944314,0.27446991,-1.48533247,0.17977587,1.06350496,-1.66776309,0.34870499,0.01110865,0.00166190,0.29403460,0.32861450,0.16864345,-0.27572694,0.25604361,-0.19133878,-0.27262336,-0.24691345,0.19029876,-0.26837422,-0.04035076,-0.19302706,-0.25908555,2.18793478,0.00570734,-0.00002387,-0.02213638,-0.00108928,0.99975437,2.51691599,0.17363430,0.01830766,2.44356084,-0.18618893,0.02141124,1.94143660,0.19654370,0.02566038,2.14716349,-0.18723133,0.03494905,0.00425376,-2.95414624,1.49626832,-0.02824681,2.10143168,-0.81897722,-0.21348739,-0.90335214,0.73240750,0.23791180,2.30770831,-0.65745530
0.17045188,-0.01899052,-0.07095623,-0.00100434,-0.61160459,0.04876527,-0.16472042,0.53731859,-1.49050713,0.08979268,0.35988325,-1.42884374,-0.19252039,0.27910045,-1.48554480,0.18513721,1.10875297,-1.67897773,0.34870499,0.01110865,0.00166190,0.29277715,0.32119405,0.16867968,-0.27426476,0.27386237,-0.19093833,-0.27143236,-0.25436271,0.19085230,-0.26683556,-0.03839291,-0.19393505,-0.25979638,2.19168878,0.00532954,-0.00001741,-0.02836235,-0.00061357,0.99959752,2.51308966,0.17361479,0.01851239,2.46531653,-0.18594485,0.02134480,1.93756056,0.19649396,0.02594160,2.15305781,-0.18855823,0.03298077,0.16071165,-3.02365923,1.72831726,-0.02416442,2.04352069,-0.75359899,-0.14129455,0.40801129,-0.12934208,0.26717517,2.22071457,-0.53600699
0.19805876,-0.01465492,-0.06940089,-0.00016182,-0.55939703,0.10956069,-0.16136755,0.47593393,-1.45348177,0.08853720,0.40194925,-1.44580226,-0.19211942,0.30541189,-1.50209134,0.19011251,1.15265729,-1.68611641,0.34870499,0.01110865,0.00166190,0.29165180,0.31346710,0.16842493,-0.27280139,0.29145922,-0.19029694,-0.26979415,-0.26227796,0.19127165,-0.26543410,-0.04151442,-0.19389327,-0.26100284,2.19569552,0.00503132,0.00001649,-0.03403820,0.00045734,0.99942043,2.50900836,0.17374305,0.01885042,2.48732877,-0.18499881,0.02185766,1.93324263,0.19606287,0.02621770,2.15435855,-0.18889986,0.03064897,0.16351274,-3.04271827,1.83452621,-0.06459286,2.08690152,-0.84678221,0.02081140,1.32481353,-0.84290454,0.24731539,2.16989255,-0.34451868
0.28874400,-0.00742219,-0.07682537,0.00094414,-0.42401880,0.18074652,-0.15927607,0.41570461,-1.41796660,0.08634109,0.44288324,-1.46542144,-0.19211559,0.34129138,-1.52985995,0.19523858,1.19053743,-1.68729143,0.34870499,0.01110865,0.00166190,0.29057752,0.30558179,0.16780571,-0.27148940,0.30827565,-0.18986338,-0.26758172,-0.27024539,0.19183706,-0.26416613,-0.04720808,-0.19373458,-0.26113283,2.20141547,0.00490443,0.00008612,-0.03829554,0.00222150,0.99926398,2.50624814,0.17406715,0.01908812,2.51053224,-0.18358642,0.02299580,1.93031981,0.19553803,0.02641140,2.15506923,-0.18903813,0.02944469,0.10529029,-3.06614547,1.80388064,-0.11212319,2.07568479,-1.00322561,-0.00578542,1.84242327,-1.43459685,0.26072671,1.90693693,-0.04255947
0.33119555,-0.00261598,-0.07242017,0.00076291,-0.15696767,0.13135580,-0.15686211,0.35236202,-1.38275213,0.08470056,0.48032064,-1.48730862,-0.19360090,0.38187943,-1.56268618,0.19932404,1.21938169,-1.68062053,0.34870499,0.01110865,0.00166190,0.28962863,0.29768374,0.16726400,-0.27053427,0.32489564,-0.18915949,-0.26548845,-0.27837740,0.19238706,-0.26308333,-0.05505828,-0.19382034,-0.26028582,2.20820131,0.00489473,0.00014694,-0.04014343,0.00365503,0.99918723,2.50465341,0.17433207,0.01909437,2.53447213,-0.18188280,0.02414019,1.92842388,0.19524006,0.02654530,2.15456247,-0.18932322,0.02934281,0.12414612,-3.12813640,1.72902126,-0.07390327,1.81597428,-1.08175411,-0.07268786,1.99227743,-1.60370984,0.19000277,1.37350693,0.36158839
0.37647064,0.00146571,-0.06188711,-0.00130036,0.16965503,-0.03787975,-0.15274781,0.28256680,-1.34631047,0.08497084,0.51313544,-1.51152465,-0.19413175,0.41745734,-1.58817265,0.20000529,1.23812683,-1.66745219,0.34870499,0.01110865,0.00166190,0.28895835,0.28975580,0.16719597,-0.27003007,0.34177543,-0.18774298,-0.26404557,-0.28655750,0.19239211,-0.26206046,-0.06357716,-0.19376906,-0.25974277,2.21554036,0.00496505,0.00013724,-0.03889438,0.00352162,0.99923711,2.50411048,0.17419922,0.01892828,2.55863061,-0.18036426,0.02491279,1.92763391,0.19533257,0.02689789,2.15333056,-0.18924733,0.02921558,0.22397764,-3.63757358,1.88603430,0.02765706,1.65960364,-1.26213946,-0.01693267,1.77295656,-1.23694673,0.00906560,0.89891653,0.71053850
0.36824293,0.01104059,-0.04090532,-0.00225862,0.44779068,-0.20917135,-0.14659442,0.20391484,-1.30234373,0.08716346,0.54216236,-1.53767967,-0.19444248,0.44322622,-1.60152793,0.19667925,1.24707890,-1.65180469,0.34870499,0.01110865,0.00166190,0.28860304,0.28163057,0.16760901,-0.26999732,0.35913197,-0.18560019,-0.26398252,-0.29406743,0.19165926,-0.26084431,-0.07175634,-0.19387854,-0.25972898,2.22307420,0.00518898,0.00005671,-0.03472798,0.00163197,0.99939547,2.50415587,0.17371688,0.01860572,2.58281040,-0.17923733,0.02462052,1.92838240,0.19588683,0.02775873,2.15195143,-0.18892287,0.02887405,0.31619999,-3.92224216,2.22440314,0.12021906,1.39881575,-1.29412901,-0.01769206,1.19290626,-0.56900692,-0.19077343,0.37210828,0.77678174
0.37605264,0.02580683,-0.02394311,0.00016129,0.61367883,-0.27939006,-0.13936740,0.11794541,-1.25239651,0.08989302,0.56871554,-1.56511276,-0.19588062,0.46193919,-1.60551200,0.18996183,1.24971416,-1.63694651,0.34870499,0.01110865,0.00166190,0.28854458,0.27339819,0.16811875,-0.27024282,0.37708616,-0.18296269,-0.26416983,-0.30076179,0.19021745,-0.25925670,-0.07975603,-0.19445657,-0.25997718,2.23066530,0.00568288,-0.00003191,-0.02857630,-0.00118681,0.99959091,2.50446196,0.17315192,0.01830176,2.60731592,-0.17817476,0.02437475,1.93035607,0.19661401,0.02928788,2.15044773,-0.18858375,0.02856739,0.35565467,-4.27443190,2.49244852,0.13294634,1.31639030,-1.36157990,-0.07237172,0.92271317,-0.18751287,-0.33669557,0.12482824,0.73685921
0.39006161,0.03698688,-0.00423625,0.00385483,0.68875959,-0.24884441,-0.13409743,0.03059867,-1.19729450,0.09112771,0.59464577,-1.59228356,-0.19772676,0.47783756,-1.60451517,0.18219081,1.24904344,-1.62253649,0.34870499,0.01110865,0.00166190,0.28877936,0.26510727,0.16817568,-0.27071069,0.39462305,-0.18079985,-0.26416534,-0.30680820,0.18855581,-0.25759103,-0.08773866,-0.19526613,-0.26048692,2.23833089,0.00635087,-0.00007773,-0.02181860,-0.00366866,0.99975521,2.50466528,0.17257637,0.01806867,2.63161640,-0.17734030,0.02461402,1.93291478,0.19715331,0.03118833,2.14916151,-0.18826607,0.02829244,0.26183714,-4.42981577,2.80179749,0.05871039,1.31845624,-1.37972383,-0.09406595,0.80488039,0.05872127,-0.39341394,-0.04197920,0.73110913
0.37933717,0.03423766,0.01893548,0.00656121,0.68153291,-0.14754806,-0.13089003,-0.04601724,-1.14738574,0.09117086,0.62039148,-1.61813583,-0.19921595,0.49283224,-1.60100598,0.17596657,1.24402936,-1.61088462,0.34870499,0.01110865,0.00166190,0.28936741,0.25673996,0.16789908,-0.27136026,0.40924135,-0.17919358,-0.26419835,-0.31126043,0.18730006,-0.25571967,-0.09584511,-0.19605628,-0.26116771,2.24606230,0.00698284,-0.00007691,-0.01487476,-0.00526052,0.99987552,2.50455470,0.17217118,0.01800714,2.65339551,-0.17650690,0.02516906,1.93678989,0.19754764,0.03364773,2.14815958,-0.18805410,0.02819970,0.15222184,-3.68112583,2.39700136,0.00048455,1.26097264,-1.25957088,-0.06906793,0.73522292,0.17689676,-0.29438416,-0.26900346,0.54844546
0.39103246,0.02049393,0.04272849,0.00822931,0.70805374,-0.06714096,-0.12844715,-0.10641363,-1.10304999,0.09135455,0.64566482,-1.64101801,-0.19926049,0.50813181,-1.59678249,0.16899504,1.23141682,-1.60653620,0.34870499,0.01110865,0.00166190,0.29027954,0.24830903,0.16769678,-0.27219041,0.41955961,-0.17798559,-0.26581500,-0.31219398,0.18589666,-0.25421495,-0.10415347,-0.19649336,-0.26199343,2.25367405,0.00733419,-0.00004749,-0.00797874,-0.00600242,0.99995015,2.50397840,0.17203793,0.01808912,2.67106671,-0.17567539,0.02446454,1.94373426,0.19696535,0.03606458,2.14716918,-0.18789464,0.02828611,0.12293378,-3.01362095,2.27621441,0.01283945,1.29682961,-1.15366011,0.00921799,0.79062709,0.21977634,-0.37913680,-0.70686405,0.16882839
0.35193109,0.00052751,0.06240054,0.00800863,0.63603240,-0.04798669,-0.12615705,-0.15332641,-1.06398296,0.09229438,0.67002141,-1.65919149,-0.19758205,0.52404672,-1.59227657,0.15506157,1.20759153,-1.60893130,0.34870499,0.01110865,0.00166190,0.29152468,0.23988547,0.16776517,-0.27327482,0.42653138,-0.17700432,-0.26874207,-0.30856901,0.18282314,-0.25462145,-0.11256857,-0.19648228,-0.26300507,2.26091266,0.00730678,-0.00000929,-0.00142975,-0.00649933,0.99997786,2.50295854,0.17193965,0.01824986,2.68510723,-0.17522682,0.02278261,1.95474613,0.19412538,0.03690323,2.14579964,-0.18769569,0.02851961,0.11200764,-2.20968342,1.86596191,0.05197875,1.18674242,-0.85540372,0.09405262,0.78477573,0.22258477,-0.74224168,-1.25219536,-0.15908128
0.32475262,-0.01517135,0.08529865,0.00796447,0.57102981,-0.10291498,-0.12270971,-0.18412270,-1.03711796,0.09465547,0.69407563,-1.67143772,-0.19457034,0.54091905,-1.58743920,0.14032485,1.17279358,-1.61576757,0.34870499,0.01110865,0.00166190,0.29317724,0.23135069,0.16830616,-0.27455124,0.43015785,-0.17584201,-0.27229151,-0.30069705,0.17951169,-0.25630711,-0.12099910,-0.19611143,-0.26423633,2.26746216,0.00691191,0.00003358,0.00435501,-0.00751021,0.99996231,2.50131474,0.17172416,0.01862600,2.69493032,-0.17537130,0.02088573,1.96949532,0.19091985,0.03687013,2.14353108,-0.18735998,0.02894091,0.17339522,-1.49417717,1.30508680,0.12019148,1.19447231,-0.59762487,0.15079277,0.83960073,0.23996978,-0.72005434,-1.73564217,-0.34568387
0.34402561,-0.02585912,0.10025682,0.00809783,0.49303764,-0.18236355,-0.11799220,-0.19455840,-1.02909679,0.09852977,0.71853080,-1.67816527,-0.19101306,0.55905284,-1.58273759,0.13079660,1.13333640,-1.62515273,0.34870499,0.01110865,0.00166190,0.29502046,0.22256528,0.16933787,-0.27593817,0.42983655,-0.17446530,-0.27624000,-0.29057304,0.17742049,-0.25779270,-0.12940392,-0.19557259,-0.26558091,2.27422657,0.00628576,0.00008729,0.00924644,-0.00926417,0.99991433,2.49989119,0.17147080,0.01908229,2.70075679,-0.17611374,0.01878045,1.98699071,0.18905962,0.03722775,2.14122124,-0.18685562,0.02943954,0.24293431,-0.47476447,0.34538846,0.19979127,1.24505820,-0.32971113,0.18119263,0.92552378,0.23840480,-0.47827114,-2.01739385,-0.47785348
0.36262016,-0.02970828,0.09862766,0.00767311,0.37047966,-0.26275245,-0.11118003,-0.17974598,-1.05229669,0.10301945,0.74364332,-1.67988245,-0.18772449,0.57869530,-1.57823734,0.12348756,1.08755631,-1.63433340,0.34870499,0.01110865,0.00166190,0.29684770,0.21353495,0.17060805,-0.27739112,0.42519063,-0.17250875,-0.27925405,-0.27817036,0.17584781,-0.25975071,-0.13777363,-0.19508131,-0.26696368,2.28159914,0.00551165,0.00015743,0.01311724,-0.01187113,0.99984348,2.49912457,0.17100173,0.01945658,2.70257411,-0.17704360,0.01759365,2.00768228,0.18791437,0.03709699,2.13923261,-0.18624357,0.02988402,0.34705198,0.83585041,-1.28936758,0.21933895,1.23419826,-0.06567029,0.15788884,0.96958590,0.22037168,-0.35207392,-2.27980452,-0.44668700
0.41202491,-0.03151467,0.09847456,0.00740773,0.27585510,-0.33338063,-0.10146385,-0.14513355,-1.10143971,0.10712658,0.76921059,-1.67724159,-0.18520994,0.60017550,-1.57384796,0.11870378,1.03306770,-1.64382885,0.34870499,0.01110865,0.00166190,0.29852613,0.20436814,0.17183348,-0.27888516,0.41736692,-0.16972271,-0.28092192,-0.26266256,0.17489078,-0.26199629,-0.14618423,-0.19478198,-0.26836358,2.28957300,0.00466345,0.00024084,0.01592589,-0.01506099,0.99975971,2.49902444,0.17026290,0.01964098,2.70163808,-0.17755431,0.01760421,2.03229775,0.18738689,0.03652984,2.13758781,-0.18562672,0.03016255,0.51736437,1.87643354,-2.64442506,0.20801330,1.31738651,0.16317507,0.12461845,1.11830754,0.22495843,-0.22536092,-2.86046734,-0.49597200
0.40756653,-0.02946410,0.08675607,0.00532360,0.15717062,-0.30952312,-0.09153625,-0.10474306,-1.15192270,0.11121525,0.79459232,-1.67056870,-0.18271877,0.62405735,-1.57041466,0.11671991,0.97173822,-1.65418410,0.34870499,0.01110865,0.00166190,0.30002660,0.19523842,0.17310711,-0.28031038,0.40851731,-0.16697951,-0.28237688,-0.24445478,0.17458626,-0.26385613,-0.15469372,-0.19444554,-0.26977712,2.29788113,0.00376443,0.00032259,0.01767933,-0.01824088,0.99967725,2.49930477,0.16963374,0.01971622,2.70003486,-0.17800721,0.01764972,2.05995822,0.18715253,0.03617047,2.13619673,-0.18490823,0.03024948,0.48104584,1.99439061,-2.43667984,0.20174769,1.24175048,0.35452139,0.12402324,1.18857610,0.15935476,-0.07907081,-3.04856706,-0.51282430
0.40925211,-0.02741320,0.07542842,0.00089854,0.02634057,-0.24143570,-0.08416138,-0.06481934,-1.19178839,0.11517198,0.81879244,-1.66165638,-0.18077690,0.65078415,-1.56883585,0.11702060,0.90387729,-1.65927534,0.34870499,0.01110865,0.00166190,0.30125909,0.18685190,0.17437521,-0.28123461,0.39980916,-0.16505711,-0.28392252,-0.22444367,0.17481671,-0.26571788,-0.16309056,-0.19416660,-0.27108775,2.30615592,0.00286511,0.00037274,0.01799563,-0.02071226,0.99962344,2.50007048,0.16935081,0.02002448,2.69878488,-0.17861137,0.01733656,2.08914621,0.18682877,0.03554121,2.13516250,-0.18437925,0.03017133,0.36114632,1.98124018,-1.96559031,0.19575873,1.19915860,0.44053326,0.09338467,1.33158636,0.07351636,0.01950236,-3.36835723,-0.25413202
0.40423072,-0.01993600,0.06130318,-0.00477451,-0.10754704,-0.12832589,-0.07972305,-0.02532412,-1.22432342,0.11901009,0.84143569,-1.65380645,-0.18020687,0.68003980,-1.56969430,0.11983901,0.83562273,-1.66414905,0.34870499,0.01110865,0.00166190,0.30220656,0.17974848,0.17557051,-0.28131853,0.39143990,-0.16400402,-0.28511438,-0.20359646,0.17558896,-0.26647386,-0.17121440,-0.19417135,-0.27209154,2.31413293,0.00211067,0.00037429,0.01698835,-0.02203285,0.99961283,2.50144272,0.16959071,0.02088803,2.69796643,-0.17898145,0.01709218,2.11847088,0.18649984,0.03573271,2.13452935,-0.18432816,0.03011502,0.21745436,2.00605726,-1.63662107,0.19618175,1.14522169,0.39635903,0.02733287,1.49232202,-0.04808131,0.14922203,-3.47361073,-0.24167027
0.37092157,-0.00466098,0.04347162,-0.00901395,-0.20173780,0.00030205,-0.07883677,0.01276596,-1.24967072,0.12345382,0.86036462,-1.64796259,-0.18016653,0.71102357,-1.57260439,0.12459826,0.76616060,-1.66551154,0.34870499,0.01110865,0.00166190,0.30288659,0.17453322,0.17688298,-0.28058729,0.38350978,-0.16397355,-0.28600087,-0.18240700,0.17678892,-0.26642558,-0.17902988,-0.19422762,-0.27286938,2.32174067,0.00164937,0.00033205,0.01499587,-0.02212520,0.99964268,2.50392909,0.17063699,0.02229930,2.69761996,-0.17913182,0.01688573,2.14733424,0.18633568,0.03646102,2.13429260,-0.18446695,0.03001721,0.02897723,1.85974669,-1.21645360,0.22134561,0.90714195,0.27386440,0.00086479,1.52481852,-0.15187964,0.23784172,-3.41110768,-0.04761640
0.37052810,0.00997667,0.02829340,-0.01221921,-0.28084019,0.08933912,-0.08057397,0.04933168,-1.27049963,0.12881526,0.87320369,-1.64471753,-0.18075653,0.74329524,-1.57806795,0.12969086,0.69581300,-1.66208718,0.34870499,0.01110865,0.00166190,0.30329469,0.17182813,0.17839896,-0.27917394,0.37605417,-0.16468651,-0.28644668,-0.16129831,0.17799170,-0.26582046,-0.18647496,-0.19434211,-0.27323514,2.32899652,0.00150092,0.00026372,0.01233767,-0.02134407,0.99969603,2.50828242,0.17240339,0.02412075,2.69767890,-0.17908613,0.01684801,2.17544217,0.18621490,0.03747424,2.13439665,-0.18470503,0.03005955,-0.10207378,1.87358727,-1.05156016,0.28212301,0.61700709,0.15253635,-0.03606835,1.66848941,-0.29899370,0.26068279,-3.62373405,0.20748096
0.33883105,0.01675655,0.00805758,-0.01303884,-0.31488932,0.11567200,-0.08337575,0.08474343,-1.28843033,0.13605952,0.88000929,-1.64636707,-0.18190922,0.77634615,-1.58512950,0.13472220,0.62273532,-1.64703429,0.34870499,0.01110865,0.00166190,0.30337971,0.17189251,0.18033986,-0.27674590,0.36897379,-0.16570973,-0.28655984,-0.14056656,0.17924151,-0.26577590,-0.19360593,-0.19451956,-0.27329871,2.33595729,0.00154145,0.00018565,0.00918895,-0.02019818,0.99975375,2.51499343,0.17479145,0.02663381,2.69793701,-0.17893585,0.01681988,2.20274496,0.18631416,0.03760382,2.13465273,-0.18499967,0.03008100,-0.14215313,1.72832143,-0.85966021,0.37082940,0.29393503,-0.12240690,-0.05948719,1.62447190,-0.35391834,0.24667205,-3.60771465,0.83801323
0.33543077,0.01779946,-0.01162857,-0.01354589,-0.34519010,0.08696100,-0.08580562,0.11999663,-1.30622864,0.14725542,0.87717569,-1.65989745,-0.18329393,0.81025805,-1.59380198,0.14090933,0.54876397,-1.62170353,0.34870499,0.01110865,0.00166190,0.30307923,0.17671784,0.18310022,-0.27209337,0.36209455,-0.16661966,-0.28626930,-0.12039804,0.18085373,-0.26577878,-0.20050803,-0.19466259,-0.27303904,2.34272470,0.00163891,0.00011063,0.00571655,-0.01930713,0.99979725,2.52637987,0.17777994,0.03098586,2.69811649,-0.17883616,0.01680993,2.22939878,0.18700609,0.03730045,2.13485069,-0.18513740,0.03004019,-0.11881683,1.75104418,-0.88521826,0.56011025,-0.17471379,-0.67225689,-0.06974390,1.68417954,-0.43270130,0.31152982,-3.67274089,1.27291331
0.33956826,0.01805701,-0.02886759,-0.01430366,-0.37726350,0.05174118,-0.08746272,0.15600439,-1.32483797,0.15943371,0.85428131,-1.66865294,-0.18531191,0.84487481,-1.60369291,0.14964322,0.47479224,-1.58805671,0.34870499,0.01110865,0.00166190,0.30249552,0.18660825,0.18620222,-0.26799635,0.35517637,-0.16729309,-0.28570189,-0.10073346,0.18319063,-0.26559957,-0.20723799,-0.19489193,-0.27244760,2.34941006,0.00174233,0.00003820,0.00201999,-0.01878794,0.99982145,2.54288206,0.18080235,0.03449917,2.69805059,-0.17877638,0.01679363,2.25563006,0.18858812,0.03689595,2.13499641,-0.18522622,0.03004792,-0.08364060,1.83312545,-0.94717534,0.61347042,-1.21868547,-0.40504438,-0.10452494,1.76289248,-0.50572398,0.45070494,-3.75780854,1.72888899
0.32498266,0.01815811,-0.04211432,-0.01512216,-0.40701097,0.02279893,-0.08891857,0.19275701,-1.34345207,0.16786573,0.81193581,-1.66137578,-0.18836903,0.88090496,-1.61461108,0.16100246,0.40482980,-1.54818571,0.34870499,0.01110865,0.00166190,0.30168220,0.19991472,0.18864258,-0.26634201,0.34826802,-0.16789997,-0.28481137,-0.08232841,0.18629338,-0.26533915,-0.21391935,-0.19531342,-0.27156353,2.35605464,0.00186453,-0.00003860,-0.00208811,-0.01853073,0.99982611,2.56282225,0.18296968,0.03534019,2.69786191,-0.17882526,0.01687083,2.28068590,0.19108066,0.03634305,2.13504484,-0.18538793,0.03011867,-0.07095696,1.80435150,-0.91066915,0.39110691,-2.13272977,0.41485113,-0.15538229,1.77423387,-0.53864783,0.56652001,-3.40064673,1.97195148
0.33892338,0.02161097,-0.05716668,-0.01817588,-0.48888405,-0.03426230,-0.08968310,0.23047809,-1.36165247,0.17217235,0.76239305,-1.64696443,-0.19297790,0.91894584,-1.62602193,0.17441300,0.34439000,-1.50706232,0.34870499,0.01110865,0.00166190,0.30068150,0.21469885,0.19009412,-0.26543858,0.34135846,-0.16830548,-0.28366508,-0.06621696,0.19000454,-0.26499895,-0.22071357,-0.19605985,-0.27043848,2.36266913,0.00202945,-0.00012734,-0.00676631,-0.01878074,0.99980072,2.58435564,0.18392629,0.03524292,2.69746594,-0.17897726,0.01701642,2.30363464,0.19438677,0.03568255,2.13474810,-0.18560303,0.03024302,-0.03218506,1.94911096,-0.93423227,0.20116957,-2.56528516,0.75505301,-0.24812215,1.97110686,-0.58888336,0.70196630,-3.03833776,2.11078086
0.31840043,0.02666231,-0.06331786,-0.01994650,-0.51678740,-0.10186731,-0.08983839,0.26921916,-1.37895894,0.17421509,0.71278483,-1.63221657,-0.19904643,0.95877266,-1.63731706,0.18879975,0.29920194,-1.47155654,0.34870499,0.01110865,0.00166190,0.29956016,0.22988408,0.19087010,-0.26390418,0.33436238,-0.16853822,-0.28238759,-0.05355066,0.19401276,-0.26452631,-0.22766759,-0.19709988,-0.26914562,2.36922050,0.00229809,-0.00023609,-0.01196930,-0.01971923,0.99973388,2.60645247,0.18395457,0.03565598,2.69667673,-0.17929416,0.01717257,2.32336211,0.19827164,0.03503385,2.13395762,-0.18567073,0.03041454,-0.00482447,1.90570068,-0.84072697,0.08704820,-2.42562151,0.72032559,-0.30694288,1.96397293,-0.55185485,0.70959586,-2.09781170,1.68801045
0.31176047,0.03184312,-0.06710966,-0.02305881,-0.56398616,-0.11856387,-0.09106257,0.30840157,-1.39428489,0.17353394,0.66167283,-1.61463234,-0.20652913,1.00026433,-1.64790707,0.20186621,0.28130322,-1.45210266,0.34870499,0.01110865,0.00166190,0.29842647,0.24555642,0.19087491,-0.26201437,0.32730441,-0.16908501,-0.28091811,-0.04704504,0.19771906,-0.26440791,-0.23485493,-0.19838399,-0.26771036,2.37557864,0.00267825,-0.00036975,-0.01763835,-0.02090710,0.99962575,2.62890110,0.18311915,0.03641210,2.69552712,-0.17994399,0.01750837,2.33684168,0.20219144,0.03401856,2.13263435,-0.18571261,0.03071612,-0.06110348,1.94665937,-0.75908761,-0.03773282,-2.54564438,0.88562744,-0.37439206,2.06193104,-0.52379094,0.64269273,-0.83489263,0.93314963
0.31468035,0.02825261,-0.06695538,-0.02659620,-0.61456524,-0.16468041,-0.09181223,0.34876473,-1.40911248,0.17138960,0.60547152,-1.58905194,-0.21561136,1.04290335,-1.65713501,0.21098978,0.29128376,-1.45009446,0.34870499,0.01110865,0.00166190,0.29739968,0.26213556,0.19057400,-0.26035650,0.32004083,-0.16948281,-0.27935126,-0.04687706,0.20047425,-0.26541671,-0.24230938,-0.19996354,-0.26616611,2.38182292,0.00295747,-0.00053455,-0.02367123,-0.02247603,0.99946697,2.65226040,0.18155499,0.03704318,2.69392142,-0.18074087,0.01804842,2.34400520,0.20533633,0.03198296,2.13076949,-0.18591134,0.03123357,-0.03327908,2.05617085,-0.75500524,-0.10856086,-2.87146797,1.32479002,-0.46533339,2.16961527,-0.46408412,0.45063101,0.56418621,0.06342766
0.32800444,0.02569858,-0.06623507,-0.02736984,-0.57642200,-0.30048742,-0.09019736,0.38991393,-1.42474532,0.17060462,0.54445459,-1.55428214,-0.22591407,1.08447881,-1.66293066,0.21446984,0.32231327,-1.46583717,0.34870499,0.01110865,0.00166190,0.29644454,0.27927231,0.19075355,-0.25884411,0.31256927,-0.16914199,-0.27790892,-0.05130871,0.20159654,-0.26681470,-0.25001701,-0.20179651,-0.26469208,2.38854818,0.00314386,-0.00075549,-0.02960098,-0.02538570,0.99923910,2.67714615,0.17947071,0.03760044,2.69212570,-0.18165129,0.01853562,2.34754214,0.20708565,0.02962984,2.12860706,-0.18569720,0.03175246,0.09041007,2.01648431,-0.77197969,-0.02637295,-3.00576882,1.73584564,-0.50855469,2.02490995,-0.26332209,0.14818327,1.58810084,-0.85045583
0.37663561,0.03460822,-0.07333884,-0.02401322,-0.43890173,-0.46372214,-0.08688644,0.43003001,-1.44317412,0.17262027,0.48032600,-1.51496162,-0.23706471,1.11948261,-1.66142724,0.21476358,0.36485908,-1.49813554,0.34870499,0.01110865,0.00166190,0.29551849,0.29634409,0.19168962,-0.25720051,0.30492093,-0.16821117,-0.27671456,-0.05839345,0.20144714,-0.26681933,-0.25783738,-0.20398426,-0.26343888,2.39589539,0.00336182,-0.00101743,-0.03411363,-0.02973403,0.99897503,2.70311584,0.17708665,0.03831797,2.69027195,-0.18268713,0.01880393,2.34958663,0.20792536,0.02869916,2.12638223,-0.18492614,0.03207961,0.17646548,2.05411611,-0.97300725,0.12101605,-3.31846995,2.03866737,-0.57932199,1.74392521,0.13451084,0.00518442,2.24144833,-1.75641663
0.38540143,0.04919450,-0.06462180,-0.00656625,-0.10110537,-0.44404504,-0.08468492,0.46733466,-1.46627533,0.17543602,0.41140488,-1.47427380,-0.24827519,1.14223456,-1.64895236,0.21400331,0.40865597,-1.53375089,0.34870499,0.01110865,0.00166190,0.29473659,0.31335908,0.19269004,-0.25589344,0.29695756,-0.16749258,-0.27580656,-0.06707572,0.20083285,-0.26590247,-0.26574270,-0.20658666,-0.26245762,2.40380526,0.00378412,-0.00122289,-0.03562411,-0.03428545,0.99877622,2.72964025,0.17453226,0.03884315,2.68857813,-0.18367779,0.01893003,2.35065937,0.20874388,0.02883413,2.12452161,-0.18409317,0.03227897,0.09435239,1.80584359,-1.16734636,0.13819599,-3.41758990,2.00132060,-0.54772371,1.02083814,0.69368583,-0.04318619,2.13624263,-1.73659170
0.40536908,0.06062921,-0.04777077,0.02089213,0.28163398,-0.28811354,-0.08595364,0.49945015,-1.49321108,0.17659979,0.33372011,-1.43081858,-0.25605727,1.15125225,-1.62803631,0.21064447,0.44230996,-1.55680838,0.34870499,0.01110865,0.00166190,0.29430142,0.33073412,0.19292026,-0.25572219,0.28865630,-0.16767009,-0.27544802,-0.07604474,0.19976441,-0.26562200,-0.27357138,-0.20878722,-0.26137998,2.41208243,0.00439036,-0.00122660,-0.03289984,-0.03726268,0.99876303,2.75627236,0.17212997,0.03857923,2.68744249,-0.18432254,0.01885340,2.35113435,0.20926581,0.02867942,2.12371402,-0.18343153,0.03292144,-0.06821604,1.58571022,-1.33977151,0.05416712,-3.87136850,2.17093806,-0.37754106,0.43231122,1.03989093,-0.17052770,1.65085447,-1.12310631
0.42130727,0.06109213,-0.02679171,0.04463667,0.58112500,-0.08965648,-0.09001964,0.52728854,-1.52137160,0.17568606,0.24872261,-1.38160107,-0.25888360,1.15342829,-1.60739317,0.20582395,0.46626655,-1.56923189,0.34870499,0.01110865,0.00166190,0.29421044,0.34840524,0.19237731,-0.25678871,0.28022739,-0.16859798,-0.27550892,-0.08467092,0.19849719,-0.26574668,-0.28095815,-0.20992517,-0.25975927,2.42044864,0.00495925,-0.00104390,-0.02726710,-0.03823597,0.99889610,2.78254056,0.17013999,0.03742173,2.68696766,-0.18456721,0.01870152,2.35119948,0.20934822,0.02846376,2.12426500,-0.18287396,0.03445117,-0.21283220,1.40728815,-1.43300314,-0.05189583,-4.33247347,2.50518880,-0.13119928,0.10339634,1.04218864,-0.24497820,1.20140495,-0.61302645
0.40879260,0.04941099,-0.00268174,0.05399532,0.70727802,0.07377417,-0.09600180,0.55217208,-1.54899085,0.17313003,0.15917339,-1.32758245,-0.25650790,1.15332808,-1.59039004,0.20151118,0.48411168,-1.57404721,0.34870499,0.01110865,0.00166190,0.29446534,0.36632265,0.19115226,-0.25824361,0.27186716,-0.17002751,-0.27573553,-0.09306105,0.19751447,-0.26606172,-0.28781094,-0.20974493,-0.25774584,2.42883573,0.00535762,-0.00075817,-0.02011114,-0.03759229,0.99909048,2.80848703,0.16844150,0.03622172,2.68715720,-0.18461903,0.01872981,2.35088034,0.20930683,0.02840362,2.12607696,-0.18216625,0.03671950,-0.29715105,1.21176591,-1.34655998,-0.12804164,-4.41045408,2.68989015,0.13658404,-0.00932637,0.81669719,-0.20688333,0.85663019,-0.20774812
0.43202710,0.03870537,0.01827263,0.05758109,0.77879941,0.12667782,-0.10144462,0.57630535,-1.57454541,0.17183634,0.06569008,-1.26346145,-0.25189830,1.15139394,-1.57848032,0.19797771,0.49902130,-1.57372139,0.34870499,0.01110865,0.00166190,0.29499907,0.38441714,0.19019601,-0.25992144,0.26338518,-0.17128219,-0.27627222,-0.10135532,0.19685772,-0.26660880,-0.29339243,-0.20892509,-0.25538514,2.43724542,0.00552634,-0.00045772,-0.01254358,-0.03637968,0.99925921,2.83447533,0.16726521,0.03507763,2.68747821,-0.18445496,0.01872686,2.35047331,0.20923314,0.02839028,2.12943733,-0.18151106,0.03961393,-0.26979976,1.24289598,-1.30077589,-0.04957471,-4.83164682,3.36461043,0.23925321,-0.11481292,0.57571144,-0.17836737,0.75542766,0.04164016
0.41523885,0.03145803,0.03544290,0.05251584,0.73113256,0.07770522,-0.10547621,0.60064203,-1.59771025,0.17368661,-0.02626796,-1.19382775,-0.24705347,1.14191723,-1.57263768,0.19433901,0.51308900,-1.57060707,0.34870499,0.01110865,0.00166190,0.29577428,0.40169128,0.19000610,-0.26124805,0.25472755,-0.17214056,-0.27709430,-0.10970543,0.19623798,-0.26738086,-0.29563158,-0.20809273,-0.25320330,2.44572186,0.00557629,-0.00017952,-0.00505149,-0.03551429,0.99935639,2.85988736,0.16658915,0.03452623,2.68758750,-0.18421178,0.01867998,2.35022306,0.20910665,0.02839342,2.13606465,-0.18100620,0.04257098,-0.18838924,1.19463825,-1.11856174,0.11396144,-4.48390150,3.43890023,0.23891118,-0.53170848,0.24349548,-0.18095618,0.68666297,0.16894761
0.42263961,0.03743797,0.05227306,0.05083653,0.71935486,0.04232499,-0.10941964,0.62480240,-1.61760364,0.17530914,-0.10243138,-1.12963693,-0.23381041,1.11737113,-1.57206163,0.18995942,0.52726215,-1.56568542,0.34870499,0.01110865,0.00166190,0.29678373,0.41490400,0.18982966,-0.26349480,0.24597992,-0.17300169,-0.27805276,-0.11825269,0.19544951,-0.26836028,-0.29246292,-0.20534045,-0.25348420,2.45427279,0.00572519,0.00007764,0.00222091,-0.03508907,0.99938172,2.88146882,0.16598805,0.03328892,2.68751349,-0.18410231,0.01873097,2.35001917,0.20898706,0.02842345,2.14812849,-0.17859770,0.04329953,-0.19626817,1.19928930,-0.98123649,0.07433492,-3.73778162,3.15763307,0.67576787,-1.23097548,0.01421211,-0.21868486,0.70456225,0.24462254
0.43130247,0.04626590,0.06690498,0.04846279,0.69354281,0.05893271,-0.11382708,0.64916971,-1.63384132,0.17370176,-0.15685809,-1.07903693,-0.21358935,1.08806753,-1.57985511,0.18491429,0.54211529,-1.56060829,0.34870499,0.01110865,0.00166190,0.29793984,0.42304194,0.18901926,-0.26738172,0.23705781,-0.17403564,-0.27911105,-0.12688957,0.19446021,-0.26935201,-0.28616510,-0.20056867,-0.25469552,2.46282134,0.00603827,0.00031284,0.00908010,-0.03452821,0.99936242,2.89790025,0.16540924,0.03055813,2.68730226,-0.18394365,0.01882879,2.34965563,0.20879245,0.02858783,2.16349576,-0.17430155,0.04324432,-0.22615780,1.24044273,-0.81563307,-0.08830082,-2.72607784,2.55276685,1.02677314,-1.48892074,-0.41852409,-0.25781318,0.75736274,0.25836842
0.40808901,0.05184425,0.07493719,0.04022798,0.58904997,0.11971237,-0.11933477,0.67398118,-1.64528484,0.16950756,-0.19331990,-1.04031005,-0.19661020,1.05788696,-1.59530978,0.17962146,0.55814482,-1.55553355,0.34870499,0.01110865,0.00166190,0.29920602,0.42724261,0.18778032,-0.27247388,0.22792217,-0.17544391,-0.28022310,-0.13555739,0.19337849,-0.27038462,-0.27783280,-0.19630397,-0.25495306,2.47125607,0.00652077,0.00050550,0.01517872,-0.03337460,0.99932752,2.91007533,0.16537715,0.02673214,2.68696480,-0.18373912,0.01898293,2.34890289,0.20851272,0.02882140,2.18094499,-0.17080885,0.04425296,-0.27583677,1.21771297,-0.53901530,-0.21482863,-1.71447163,1.83277962,0.80453135,-1.49147642,-0.77813228,-0.25885665,0.79245983,0.24835220
0.41384285,0.05936710,0.08886005,0.03279991,0.50539581,0.23375033,-0.12594947,0.69928807,-1.65148635,0.16250145,-0.20729436,-1.02805715,-0.18359914,1.01972625,-1.61052942,0.17471744,0.57606598,-1.55073261,0.34870499,0.01110865,0.00166190,0.30058995,0.42750309,0.18580849,-0.27696801,0.21861908,-0.17723955,-0.28132274,-0.14427731,0.19237678,-0.27143839,-0.26678932,-0.19303486,-0.25552014,2.47945108,0.00714988,0.00063125,0.02023442,-0.03123905,0.99930691,2.91772513,0.16589354,0.02362194,2.68657284,-0.18339864,0.01926721,2.34747143,0.20816266,0.02915156,2.20112565,-0.16884429,0.04506981,-0.34608876,1.30637717,-0.28606301,-0.38123769,-0.55323205,0.41246797,0.65717372,-2.03862889,-0.75765246,-0.24879468,0.93574013,0.24454803
0.40627318,0.05841836,0.08353541,0.02126720,0.36050073,0.32449950,-0.13277337,0.72540694,-1.65288711,0.15153866,-0.18910155,-1.06176758,-0.17138085,0.96890050,-1.62211382,0.17024343,0.59653223,-1.54679692,0.34870499,0.01110865,0.00166190,0.30191228,0.42266255,0.18259917,-0.27930189,0.20914597,-0.17917227,-0.28237835,-0.15307724,0.19145710,-0.27248718,-0.25221478,-0.19001627,-0.25736570,2.48781514,0.00786135,0.00067678,0.02409265,-0.02807163,0.99931530,2.92006183,0.16644538,0.02261039,2.68657303,-0.18276929,0.01953393,2.34572721,0.20760990,0.02942510,2.22533107,-0.16769659,0.04454657,-0.33405510,1.28660131,-0.03632377,-0.56701458,1.13337350,-2.00611687,0.59672487,-2.58252525,-0.54365045,-0.21670669,1.02227569,0.18558080
0.43330365,0.05495046,0.07684529,0.01206442,0.22797533,0.36389702,-0.13894300,0.75243801,-1.64904766,0.13834207,-0.14746461,-1.12285078,-0.16324067,0.90817537,-1.63306262,0.16655493,0.62078693,-1.54448068,0.34870499,0.01110865,0.00166190,0.30300449,0.41390790,0.17882493,-0.28020397,0.19951614,-0.18103666,-0.28338791,-0.16205097,0.19068092,-0.27346097,-0.23412668,-0.18790929,-0.25900647,2.49665070,0.00854110,0.00064529,0.02644726,-0.02440320,0.99935210,2.91879354,0.16695047,0.02280052,2.68709283,-0.18201797,0.01961657,2.34409981,0.20690429,0.02954351,2.25363140,-0.16771675,0.04399802,-0.30496179,1.34143271,0.20006377,-0.65297261,2.07168088,-3.01694646,0.39736169,-3.02468057,-0.53613953,-0.18124197,1.21045043,0.11224641
0.45036367,0.04901315,0.06854306,0.00395744,0.07994740,0.35020956,-0.14439992,0.77934431,-1.64087133,0.12654326,-0.10406640,-1.17529037,-0.15835685,0.84377708,-1.64215887,0.16379623,0.64881012,-1.54415925,0.34870499,0.01110865,0.00166190,0.30387734,0.40478529,0.17568112,-0.28130217,0.19008698,-0.18277877,-0.28426156,-0.17110668,0.19009929,-0.27431356,-0.21452861,-0.18653120,-0.26008210,2.50560427,0.00913380,0.00057219,0.02730729,-0.02094030,0.99940757,2.91739306,0.16770547,0.02257517,2.68786836,-0.18144673,0.01961578,2.34261045,0.20623340,0.02956377,2.28345070,-0.16824772,0.04379523,-0.27572376,1.36796746,0.42096224,-0.59513365,2.20525374,-2.64378629,0.24303926,-3.27114415,-0.47037669,-0.13854969,1.43468878,0.00885760
0.42146623,0.04085850,0.05143317,-0.00304097,-0.08732582,0.26622194,-0.14867292,0.80591824,-1.63149934,0.11689752,-0.06104844,-1.21834462,-0.15674293,0.77947942,-1.65214906,0.16174238,0.68046441,-1.54674954,0.34870499,0.01110865,0.00166190,0.30449274,0.39598836,0.17326776,-0.28218770,0.18140680,-0.18419283,-0.28458220,-0.17997435,0.18961919,-0.27498247,-0.19404988,-0.18581610,-0.25990886,2.51430678,0.00965832,0.00048279,0.02655744,-0.01814789,0.99948243,2.91632419,0.16843648,0.02230504,2.68890734,-0.18099862,0.01991054,2.34133472,0.20568606,0.02951027,2.31363921,-0.16899078,0.04458388,-0.20229202,1.30044074,0.45850133,-0.46385348,2.10963593,-2.07554300,0.06020314,-3.16073942,-0.47937419,-0.09808137,1.56392062,-0.13708507
0.41459787,0.03502251,0.03319445,-0.00871622,-0.26069601,0.16369017,-0.15106022,0.83240166,-1.62457643,0.10970037,-0.01819624,-1.25344946,-0.15840110,0.71493772,-1.66083431,0.16021537,0.71509161,-1.55273881,0.34870499,0.01110865,0.00166190,0.30478922,0.38757974,0.17160689,-0.28270881,0.17395520,-0.18499908,-0.28400047,-0.18834316,0.18916752,-0.27543457,-0.17303718,-0.18581232,-0.25865281,2.52247672,0.01008787,0.00039817,0.02421682,-0.01641672,0.99957185,2.91548276,0.16887462,0.02208041,2.69026299,-0.18052389,0.02078875,2.34044714,0.20533829,0.02935465,2.34343104,-0.16994193,0.04613641,-0.11014263,1.36459689,0.33033840,-0.35353412,2.20277290,-1.75851891,-0.10016187,-3.31468544,-0.44427617,-0.07570723,1.80130174,-0.33438624
0.36662287,0.02341248,0.00830402,-0.01233179,-0.38627747,0.05460918,-0.15239161,0.85779905,-1.62325811,0.10506374,0.02372590,-1.28062952,-0.15964112,0.65019166,-1.66075635,0.15925422,0.75271058,-1.56266868,0.34870499,0.01110865,0.00166190,0.30470806,0.37967611,0.17070153,-0.28293337,0.16845818,-0.18535784,-0.28215125,-0.19618791,0.18873484,-0.27555524,-0.15258387,-0.18572883,-0.25791989,2.53005171,0.01035556,0.00032189,0.02046862,-0.01572089,0.99966684,2.91490769,0.16903395,0.02177469,2.69259810,-0.18020771,0.02255681,2.33989549,0.20516609,0.02915283,2.37170315,-0.17048351,0.04678818,-0.06057147,1.23366535,0.02122626,-0.20969702,2.04715753,-1.27614939,-0.05010121,-3.17908025,0.08850939,-0.04285135,1.86494505,-0.51378500
0.35588306,0.01675799,-0.00951003,-0.01481492,-0.47155425,-0.00586268,-0.15438370,0.87764672,-1.63706963,0.10267893,0.06459985,-1.30269656,-0.16016131,0.58776296,-1.65031075,0.15899580,0.79260858,-1.57590537,0.34870499,0.01110865,0.00166190,0.30430081,0.37225895,0.17041177,-0.28268713,0.16753963,-0.18554501,-0.27783744,-0.20355347,0.18836289,-0.27526646,-0.13361146,-0.18556985,-0.25794057,2.53722987,0.01046875,0.00024790,0.01573110,-0.01576632,0.99975192,2.91467724,0.16905748,0.02161368,2.69883547,-0.18026696,0.02646337,2.33971720,0.20515655,0.02903435,2.39783335,-0.17079570,0.04636024,-0.10038734,0.95783111,-0.70541384,-0.11656187,2.02729235,-1.09182079,-0.02679851,-3.09856277,0.53388500,-0.01290574,1.98105402,-0.65873541
0.35224157,0.01600317,-0.02645984,-0.01647370,-0.51616215,-0.04515026,-0.15729345,0.87783445,-1.65474374,0.10108869,0.10474596,-1.32309580,-0.16136589,0.52472253,-1.63136659,0.15855009,0.83307868,-1.59034762,0.34870499,0.01110865,0.00166190,0.30364246,0.36510118,0.17030757,-0.28210113,0.17305939,-0.18592693,-0.27316687,-0.21060102,0.18785822,-0.27479428,-0.11516662,-0.18568838,-0.25821642,2.54415812,0.01055843,0.00017222,0.01066432,-0.01619608,0.99981195,2.91458397,0.16895110,0.02154133,2.71110458,-0.18087631,0.03047560,2.33975229,0.20513940,0.02884818,2.42303753,-0.17130230,0.04542604,-0.15060316,-0.06269580,-0.86799128,-0.08012380,2.04021106,-1.03475711,-0.06367993,-3.21072688,0.98334868,-0.02391283,2.06023369,-0.73863438
0.33274327,0.01605195,-0.03882840,-0.01737369,-0.52347173,-0.07687141,-0.16156009,0.84570105,-1.65332918,0.10004975,0.14431251,-1.34194264,-0.16436343,0.46016405,-1.60403187,0.15787545,0.87473392,-1.60664272,0.34870499,0.01110865,0.00166190,0.30279188,0.35811829,0.17033114,-0.28128984,0.18503008,-0.18716210,-0.27130512,-0.21743544,0.18719428,-0.27401884,-0.09686876,-0.18636353,-0.25852831,2.55095034,0.01065649,0.00008988,0.00534856,-0.01695364,0.99984197,2.91463747,0.16874847,0.02150204,2.72952871,-0.18267107,0.03148676,2.33998632,0.20511485,0.02877305,2.44781899,-0.17231577,0.04426357,-0.21600389,-1.71421061,0.18048286,-0.04737561,1.93762922,-0.91530150,-0.15856518,-3.16812596,1.37323902,-0.03225049,2.04859047,-0.80677197
0.34863989,0.01511798,-0.05261780,-0.02064361,-0.58873273,-0.10291675,-0.16577401,0.79042158,-1.63268394,0.09976179,0.18404045,-1.35905876,-0.16971470,0.39735779,-1.57134073,0.15803435,0.91793132,-1.62375860,0.34870499,0.01110865,0.00166190,0.30179107,0.35113528,0.17055893,-0.28032154,0.20115976,-0.18881898,-0.27171869,-0.22424417,0.18668343,-0.27297347,-0.07920229,-0.18770082,-0.25857657,2.55772762,0.01071490,-0.00000648,-0.00032435,-0.01793451,0.99983911,2.91475382,0.16857127,0.02146954,2.75198631,-0.18519685,0.03007238,2.34032278,0.20532036,0.02881761,2.47184472,-0.17402471,0.04321450,-0.20859933,-2.94412971,1.14969115,-0.01053565,2.04874663,-0.87152153,-0.28831283,-3.20941758,1.70424573,0.01644961,2.23290386,-0.88102531
0.33499444,0.01001417,-0.06007739,-0.02203815,-0.59548965,-0.09164470,-0.16648667,0.73083812,-1.60788572,0.09958348,0.22487168,-1.37577891,-0.17509106,0.34247941,-1.53854394,0.15932354,0.96280587,-1.64052057,0.34870499,0.01110865,0.00166190,0.30066878,0.34397809,0.17080264,-0.27916646,0.21846593,-0.18953343,-0.27214374,-0.23124106,0.18641805,-0.27176529,-0.06343106,-0.18907012,-0.25852446,2.56456804,0.01067619,-0.00011999,-0.00635300,-0.01888378,0.99980149,2.91475058,0.16836786,0.02150232,2.77572107,-0.18697167,0.02852504,2.34053135,0.20569331,0.02890348,2.49404263,-0.17586382,0.04214431,-0.00429416,-2.91901469,1.21761763,-0.00957005,2.01060224,-0.81993550,-0.25806880,-2.62272859,1.59911537,0.07060082,2.21194935,-0.81816834
0.34358408,0.00309759,-0.06759228,-0.02391852,-0.61975323,-0.05441677,-0.16500015,0.67498451,-1.58452616,0.09918717,0.26659452,-1.39227576,-0.17892743,0.30475388,-1.51023517,0.16116376,1.00928388,-1.65631764,0.34870499,0.01110865,0.00166190,0.29948177,0.33663707,0.17095707,-0.27786493,0.23533213,-0.18949643,-0.27147710,-0.23854510,0.18622807,-0.27045082,-0.05185171,-0.19017925,-0.25919582,2.57151718,0.01047301,-0.00024516,-0.01259427,-0.01945001,0.99973147,2.91454902,0.16820697,0.02161684,2.79930062,-0.18803344,0.02800467,2.34039607,0.20583855,0.02903094,2.51230755,-0.17754551,0.04028595,0.07339047,-2.77226896,1.16261153,-0.02012628,2.07161717,-0.81711400,-0.18990090,-1.83532591,1.38864970,0.09306575,2.30826488,-0.78054357
0.35360490,-0.00131633,-0.07345381,-0.02562701,-0.65389825,0.00014798,-0.16301668,0.61769165,-1.55787611,0.09839722,0.30890804,-1.40802317,-0.18252029,0.28822756,-1.49306397,0.16403224,1.05667720,-1.67027414,0.34870499,0.01110865,0.00166190,0.29830169,0.32913917,0.17097539,-0.27653776,0.25256038,-0.18928511,-0.27026362,-0.24614604,0.18625051,-0.26909142,-0.04518124,-0.19131504,-0.26034395,2.57851448,0.01017438,-0.00037005,-0.01901369,-0.01947314,0.99962950,2.91406274,0.16820141,0.02176393,2.82351136,-0.18880333,0.02803807,2.33980889,0.20586997,0.02921028,2.52591658,-0.17923589,0.03795775,0.10603695,-2.92487440,1.37160320,-0.04189842,2.15415845,-0.80005774,-0.18235599,-0.78640086,0.83527529,0.14871605,2.41311879,-0.70597551
0.33426825,0.00160755,-0.07198669,-0.02506375,-0.65029704,0.06492706,-0.15865219,0.55596576,-1.52390833,0.09668917,0.35224708,-1.42389784,-0.18490445,0.29485399,-1.49336789,0.16782545,1.10516374,-1.68264520,0.34870499,0.01110865,0.00166190,0.29717681,0.32145367,0.17069016,-0.27511433,0.27062702,-0.18844505,-0.26918920,-0.25403888,0.18643013,-0.26765036,-0.04353606,-0.19208636,-0.26150834,2.58541341,0.00993548,-0.00048296,-0.02563870,-0.01886642,0.99949311,2.91307969,0.16837285,0.02206248,2.84873600,-0.18858841,0.02798761,2.33859110,0.20581988,0.02952645,2.53465929,-0.18037106,0.03566847,0.22458328,-3.04195862,1.69685574,-0.08848712,2.12914023,-0.78143928,-0.10592884,0.41866336,-0.09264806,0.18803792,2.38062487,-0.60028886
0.35699822,0.00550362,-0.07932756,-0.02323739,-0.63662549,0.14556635,-0.15346906,0.49282162,-1.48578272,0.09388058,0.39596149,-1.44112859,-0.18505273,0.32060447,-1.51067083,0.17209280,1.15254128,-1.69204142,0.34870499,0.01110865,0.00166190,0.29608304,0.31359210,0.17001484,-0.27364406,0.28874211,-0.18733412,-0.26788218,-0.26216185,0.18668892,-0.26618470,-0.04612770,-0.19212688,-0.26239644,2.59239650,0.00978886,-0.00055910,-0.03191074,-0.01754154,0.99933662,2.91176219,0.16869326,0.02243898,2.87438612,-0.18756344,0.02820086,2.33694811,0.20556351,0.02989834,2.53955441,-0.18060078,0.03368659,0.26384013,-3.24750576,1.97246633,-0.15134405,2.24888396,-0.89815569,0.00471933,1.43075140,-0.99061267,0.22251461,2.42200518,-0.45772086
0.36094321,0.00330487,-0.08168196,-0.01405333,-0.42382237,0.16990622,-0.14881787,0.43063587,-1.44987309,0.09084433,0.43803102,-1.46094573,-0.18610074,0.35900235,-1.54142118,0.17663598,1.19341016,-1.69461823,0.34870499,0.01110865,0.00166190,0.29496315,0.30557643,0.16917020,-0.27233780,0.30613486,-0.18619153,-0.26599474,-0.27045400,0.18713057,-0.26483411,-0.05210352,-0.19217398,-0.26207837,2.59979439,0.00962616,-0.00057901,-0.03652497,-0.01583985,0.99920703,2.91057944,0.16902553,0.02262535,2.89987373,-0.18617534,0.02896841,2.33540773,0.20523525,0.03012905,2.54162574,-0.18079975,0.03288478,0.22409067,-3.04006290,1.73405325,-0.14805223,2.04660416,-0.99177217,-0.06568344,1.95941675,-1.59475374,0.22413273,1.94691896,-0.07097160
0.38291050,-0.00021927,-0.07894893,-0.00296156,-0.09574496,0.04952062,-0.14181653,0.36586645,-1.41866536,0.09007391,0.47569399,-1.48469245,-0.18780647,0.40077178,-1.57476785,0.17924669,1.22149088,-1.68784525,0.34870499,0.01110865,0.00166190,0.29394797,0.29737300,0.16885225,-0.27139286,0.32304115,-0.18405735,-0.26421347,-0.27873278,0.18738655,-0.26360224,-0.06058797,-0.19230208,-0.26099090,2.60759892,0.00938145,-0.00057459,-0.03761985,-0.01526473,0.99917536,2.90999117,0.16907090,0.02255511,2.92486682,-0.18445811,0.02973450,2.33472042,0.20519515,0.03034573,2.54116488,-0.18098007,0.03295707,0.35372191,-3.22539172,1.54521637,-0.03298292,1.86040039,-1.18456752,-0.08079039,2.05986557,-1.63635952,0.12276326,1.37201476,0.34602941
0.39545300,0.00815493,-0.06530319,0.00806177,0.24527425,-0.16135174,-0.13168412,0.29421817,-1.38654990,0.09183595,0.50864643,-1.51130545,-0.18813467,0.43401004,-1.59673784,0.17786492,1.23828781,-1.67664125,0.34870499,0.01110865,0.00166190,0.29320194,0.28907661,0.16917309,-0.27084718,0.34017158,-0.18082020,-0.26329493,-0.28651627,0.18692151,-0.26223101,-0.06922167,-0.19225673,-0.26053567,2.61545215,0.00926366,-0.00059088,-0.03534222,-0.01675676,0.99923460,2.91003857,0.16864892,0.02235475,2.94936957,-0.18286079,0.02990700,2.33536444,0.20568692,0.03097093,2.53982306,-0.18056397,0.03266627,0.52097306,-3.66545014,1.65199518,0.09352094,1.66592016,-1.35785906,-0.01769462,1.66347985,-1.08464842,-0.08099039,0.83153129,0.57455484
0.37541102,0.03042588,-0.04238015,0.01837026,0.48782289,-0.32421748,-0.11930786,0.21418262,-1.34720440,0.09459763,0.53763391,-1.53944561,-0.18980497,0.45701349,-1.60629144,0.17174911,1.24699869,-1.66439128,0.34870499,0.01110865,0.00166190,0.29277902,0.28082024,0.16970054,-0.27069773,0.35779535,-0.17685397,-0.26349221,-0.29362271,0.18546033,-0.26069238,-0.07728121,-0.19277728,-0.26045668,2.62317920,0.00953653,-0.00060633,-0.03052855,-0.01996204,0.99933436,2.91055241,0.16788715,0.02208129,2.97362647,-0.18146490,0.02928681,2.33719707,0.20657473,0.03208665,2.53826108,-0.18000074,0.03232235,0.61474414,-3.95243521,1.95362139,0.13555822,1.40662329,-1.38361170,-0.09256565,1.09360735,-0.42707076,-0.31982728,0.40366507,0.59906733
0.39216006,0.05370442,-0.02280324,0.02827159,0.63569525,-0.36426123,-0.10583914,0.12716804,-1.29820776,0.09644091,0.56436008,-1.56777875,-0.19326373,0.47489964,-1.60822763,0.16185531,1.25178270,-1.65225854,0.34870499,0.01110865,0.00166190,0.29267096,0.27267124,0.16991317,-0.27085483,0.37596495,-0.17255148,-0.26430532,-0.30030796,0.18312862,-0.25910325,-0.08521813,-0.19392850,-0.26058148,2.63085103,0.01018244,-0.00057314,-0.02444479,-0.02353299,0.99942400,2.91121740,0.16707345,0.02181613,2.99827781,-0.17987339,0.02836564,2.33949523,0.20724274,0.03356771,2.53659968,-0.17952016,0.03208948,0.69621906,-4.52290106,2.60029659,0.08454092,1.36679370,-1.45573575,-0.18572600,0.90243390,-0.06204002,-0.52837191,0.22918125,0.62478530
0.37873780,0.05726855,0.00202920,0.03195300,0.63620764,-0.22730692,-0.09412687,0.03715730,-1.24109137,0.09606794,0.59086639,-1.59559631,-0.19684060,0.49152780,-1.60612726,0.15221570,1.25317752,-1.64033222,0.34870499,0.01110865,0.00166190,0.29293379,0.26444610,0.16948423,-0.27128427,0.39410000,-0.16876360,-0.26499384,-0.30626660,0.18088877,-0.25740837,-0.09338443,-0.19523239,-0.26103029,2.63860488,0.01094167,-0.00046863,-0.01798070,-0.02604991,0.99949881,2.91152048,0.16642066,0.02164952,3.02337885,-0.17812169,0.02793995,2.34217668,0.20753846,0.03552543,2.53517747,-0.17916121,0.03190350,0.55558801,-4.42201662,2.84457898,-0.03541831,1.30109215,-1.35970104,-0.17307171,0.81085104,0.12581488,-0.46153453,0.04272601,0.58246356
0.37849491,0.05071580,0.02727023,0.03539439,0.66181696,-0.08664331,-0.08625342,-0.04158290,-1.18748140,0.09387407,0.61734626,-1.62195163,-0.19914412,0.50735556,-1.60136220,0.14581026,1.24607370,-1.63396220,0.34870499,0.01110865,0.00166190,0.29364153,0.25608587,0.16857060,-0.27198214,0.40904863,-0.16612659,-0.26569602,-0.30900342,0.17950617,-0.25549923,-0.10175462,-0.19627982,-0.26177092,2.64627213,0.01156150,-0.00030485,-0.01130791,-0.02696110,0.99957248,2.91107264,0.16608243,0.02165939,3.04577079,-0.17637374,0.02794551,2.34739447,0.20746382,0.03814230,2.53408480,-0.17894775,0.03187061,0.38643011,-3.87038260,2.63954816,-0.10925502,1.31258759,-1.30266817,-0.11277041,0.78368341,0.24004472,-0.32260055,-0.37347610,0.30058402
0.36770897,0.03475735,0.05198961,0.03597065,0.66284788,-0.00281280,-0.08032697,-0.10148098,-1.14226136,0.09172466,0.64310999,-1.64479613,-0.20058317,0.52253917,-1.59501965,0.13590519,1.22675798,-1.63493237,0.34870499,0.01110865,0.00166190,0.29471747,0.24771236,0.16772369,-0.27291454,0.41924996,-0.16418350,-0.26775540,-0.30695678,0.17733064,-0.25486646,-0.11011961,-0.19714319,-0.26264876,2.65354543,0.01187272,-0.00012895,-0.00476115,-0.02701501,0.99962368,2.90995512,0.16597242,0.02180292,3.06331573,-0.17471520,0.02696207,2.35661449,0.20552354,0.03985101,2.53293867,-0.17903505,0.03206871,0.29935490,-3.01282024,2.29870658,-0.10782008,1.30975475,-1.15059547,-0.07112608,0.77291144,0.32416579,-0.51713164,-1.01495194,-0.05960210
0.31518271,0.00763336,0.07127876,0.03026161,0.56242879,0.03726347,-0.07501654,-0.14854771,-1.09925561,0.09044554,0.66881067,-1.66244700,-0.20043321,0.53921540,-1.58911300,0.12404376,1.19449043,-1.63951595,0.34870499,0.01110865,0.00166190,0.29612931,0.23924769,0.16719898,-0.27403818,0.42632505,-0.16258387,-0.27121337,-0.30034691,0.17472699,-0.25597189,-0.11858889,-0.19758125,-0.26370996,2.66006069,0.01172857,0.00002803,0.00106657,-0.02665486,0.99964413,2.90787859,0.16594026,0.02209113,3.07711573,-0.17334349,0.02491594,2.36945190,0.20221301,0.04015742,2.53111105,-0.17925222,0.03241935,0.25932508,-2.26377554,2.08909216,-0.05784771,1.26053014,-0.84195554,0.01785702,0.83035856,0.28133671,-0.56768476,-1.62848437,-0.23485211
0.31169947,-0.01364360,0.09016919,0.02519205,0.47572016,0.02745318,-0.07031379,-0.18270806,-1.06478605,0.09039172,0.69461418,-1.67423666,-0.19835268,0.55871360,-1.58482051,0.11717291,1.15471330,-1.64655383,0.34870499,0.01110865,0.00166190,0.29778808,0.23071924,0.16709729,-0.27528210,0.43088621,-0.16123303,-0.27476909,-0.29065669,0.17335339,-0.25740625,-0.12723860,-0.19746416,-0.26497224,2.66612215,0.01118341,0.00015359,0.00582996,-0.02635419,0.99963566,2.90532541,0.16589176,0.02250598,3.08791428,-0.17252945,0.02301899,2.38500338,0.19961097,0.04038183,2.52865572,-0.17930212,0.03281585,0.23646481,-1.66474762,1.70143099,0.00528303,1.32847662,-0.56836815,0.11655995,1.02020010,0.21236432,-0.31408113,-2.07759411,-0.37787519
0.32002144,-0.02075620,0.09370932,0.01870862,0.35235388,-0.04762552,-0.06665824,-0.19325945,-1.05415928,0.09146171,0.72064853,-1.68004751,-0.19632089,0.57952559,-1.58070838,0.11192825,1.10976040,-1.65376568,0.34870499,0.01110865,0.00166190,0.29956183,0.22200527,0.16738524,-0.27670626,0.43102492,-0.16021990,-0.27804615,-0.27893450,0.17234302,-0.25931817,-0.13579737,-0.19733714,-0.26628495,2.67257237,0.01043253,0.00025578,0.00956846,-0.02672115,0.99959710,2.90320325,0.16571794,0.02285556,3.09442186,-0.17258634,0.02151568,2.40324378,0.19743168,0.04024366,2.52642608,-0.17936771,0.03327688,0.17141068,-0.32732239,0.31949490,0.05988908,1.27829862,-0.24332017,0.09490900,1.02569067,0.20361647,-0.25873235,-2.24087501,-0.34828043
0.36614566,-0.02537773,0.09674273,0.01504471,0.27440224,-0.14496415,-0.06149005,-0.17058617,-1.08429637,0.09359273,0.74724307,-1.68031657,-0.19384614,0.60135899,-1.57613406,0.10762502,1.05611761,-1.66111577,0.34870499,0.01110865,0.00166190,0.30133143,0.21295558,0.16803890,-0.27823569,0.42521067,-0.15878099,-0.28027873,-0.26421158,0.17151443,-0.26165347,-0.14430720,-0.19707078,-0.26777391,2.67992897,0.00950958,0.00034879,0.01236571,-0.02815510,0.99952702,2.90200615,0.16529430,0.02309574,3.09552727,-0.17295568,0.02105270,2.42579126,0.19562509,0.03967797,2.52475705,-0.17912535,0.03355752,0.26114128,1.16097405,-1.53880429,0.10743166,1.31998258,-0.00518438,0.12429302,1.08609366,0.22704513,-0.20677338,-2.67347608,-0.37055592
0.40485086,-0.02726932,0.09528712,0.01088763,0.18832412,-0.19362581,-0.05475264,-0.13263677,-1.13103442,0.09632962,0.77371001,-1.67618644,-0.19117182,0.62463076,-1.57187233,0.10650408,0.99755044,-1.67127721,0.34870499,0.01110865,0.00166190,0.30298467,0.20382382,0.16891068,-0.27975715,0.41672207,-0.15692720,-0.28185986,-0.24707604,0.17141182,-0.26319185,-0.15280236,-0.19671362,-0.26932614,2.68787861,0.00849149,0.00042949,0.01426705,-0.03005877,0.99944622,2.90148497,0.16484777,0.02322753,3.09441671,-0.17319561,0.02112481,2.45155039,0.19444190,0.03979282,2.52353063,-0.17868370,0.03365853,0.34081378,1.94137661,-2.37604690,0.13886783,1.34493351,0.21980526,0.13306470,1.18742371,0.21421926,-0.05272634,-2.98359876,-0.52137426
0.39713834,-0.01822914,0.08249522,0.00341935,0.05700972,-0.13964737,-0.04988763,-0.09203761,-1.17336919,0.09841595,0.79953851,-1.66852870,-0.18985525,0.65007051,-1.56919219,0.10703334,0.93747239,-1.68225675,0.34870499,0.01110865,0.00166190,0.30444362,0.19499625,0.16963903,-0.28115697,0.40781712,-0.15564580,-0.28334286,-0.22873328,0.17163210,-0.26401113,-0.16114635,-0.19665539,-0.27063243,2.69599147,0.00758722,0.00047259,0.01496542,-0.03155836,0.99938976,2.90130215,0.16458550,0.02328664,3.09317603,-0.17347863,0.02110075,2.47854257,0.19330869,0.04043249,2.52275872,-0.17850928,0.03381118,0.22464385,1.98818896,-2.03440177,0.09669144,1.26259534,0.38594916,0.05847671,1.25877147,0.12208433,0.03158222,-2.94750910,-0.53494675
0.40380712,-0.00690661,0.07214963,-0.00577557,-0.08984465,-0.01564970,-0.04866015,-0.05231135,-1.20582497,0.09961108,0.82397472,-1.65934672,-0.18946782,0.67835139,-1.56852977,0.10931393,0.87683275,-1.69152837,0.34870499,0.01110865,0.00166190,0.30565349,0.18705822,0.17012563,-0.28211507,0.39924424,-0.15541931,-0.28474610,-0.20981258,0.17222825,-0.26431299,-0.16934765,-0.19676648,-0.27179146,2.70389047,0.00692043,0.00045510,0.01426577,-0.03188111,0.99938975,2.90141153,0.16477775,0.02353842,3.09241710,-0.17362923,0.02090739,2.50548167,0.19217117,0.04134050,2.52234597,-0.17865239,0.03386204,0.03862610,2.03731754,-1.60749438,0.05796168,1.24633567,0.47752223,0.01651171,1.47377872,0.02229775,0.13035629,-3.12453175,-0.46205237
0.36052900,0.00037216,0.05179391,-0.01281602,-0.20436936,0.13250609,-0.05167336,-0.01428968,-1.22920775,0.10112530,0.84586465,-1.65086544,-0.18919326,0.70904958,-1.56980491,0.11313920,0.81448466,-1.69615138,0.34870499,0.01110865,0.00166190,0.30657133,0.18058063,0.17067434,-0.28229818,0.39119547,-0.15640980,-0.28589409,-0.19052395,0.17318256,-0.26440279,-0.17735443,-0.19681186,-0.27289116,2.71132851,0.00644954,0.00037965,0.01234224,-0.03074370,0.99945102,2.90205789,0.16570217,0.02427316,3.09217095,-0.17370860,0.02067725,2.53180909,0.19101485,0.04216854,2.52221274,-0.17908948,0.03368017,-0.17836952,1.85039210,-1.08527434,0.07893364,1.05314386,0.40669298,0.01387649,1.52044773,-0.07625888,0.19689122,-3.07152891,-0.18778268
0.34087362,0.00399947,0.03494076,-0.01626022,-0.27869659,0.27522692,-0.05801301,0.02131804,-1.24543614,0.10401443,0.86155937,-1.64549081,-0.18865828,0.74191127,-1.57432454,0.11794320,0.74665794,-1.69093239,0.34870499,0.01110865,0.00166190,0.30715253,0.17680599,0.17154516,-0.28150060,0.38377659,-0.15838961,-0.28668186,-0.17060686,0.17443478,-0.26473556,-0.18505777,-0.19664287,-0.27365171,2.71821299,0.00613759,0.00026891,0.00955156,-0.02801279,0.99956189,2.90434904,0.16751128,0.02565193,3.09251642,-0.17349726,0.02047068,2.55764332,0.18985362,0.04241698,2.52243247,-0.17983226,0.03350082,-0.31695690,1.76368201,-0.79736251,0.14742364,0.76418351,0.26461683,0.02577076,1.63284678,-0.22906983,0.24025665,-3.37702403,0.27634860
0.33426945,0.01045132,0.02023205,-0.01747976,-0.33779323,0.35942174,-0.06533187,0.05520413,-1.25790339,0.10961766,0.87009361,-1.64209559,-0.18857197,0.77559021,-1.58119910,0.12381911,0.67374945,-1.67655280,0.34870499,0.01110865,0.00166190,0.30748169,0.17567576,0.17314573,-0.27997969,0.37681472,-0.16069507,-0.28718803,-0.15005258,0.17598817,-0.26510606,-0.19233737,-0.19647651,-0.27401319,2.72480593,0.00601287,0.00015522,0.00624938,-0.02448638,0.99968062,2.90874805,0.17035005,0.02750200,3.09330130,-0.17293797,0.02029366,2.58354950,0.18913642,0.04237564,2.52307992,-0.18081137,0.03346850,-0.37288592,1.72084167,-0.62913924,0.29411603,0.42274877,0.16352507,0.00323527,1.71364002,-0.35368158,0.30173302,-3.71556220,0.75068182
0.30755316,0.01569581,0.00008160,-0.01650031,-0.36926590,0.30284441,-0.07211369,0.08857937,-1.26969352,0.11968592,0.87396650,-1.64668796,-0.18889920,0.80964003,-1.58979661,0.13091919,0.59854596,-1.65375566,0.34870499,0.01110865,0.00166190,0.30748282,0.17734940,0.17584642,-0.27662875,0.37014614,-0.16287596,-0.28729012,-0.12941959,0.17786885,-0.26534031,-0.19917173,-0.19632037,-0.27407094,2.73111062,0.00605280,0.00005536,0.00251275,-0.02131440,0.99976966,2.91579332,0.17418095,0.03085407,3.09397879,-0.17245052,0.02019270,2.60938926,0.18927581,0.04214251,2.52375283,-0.18160064,0.03341188,-0.32554117,1.63726532,-0.58341445,0.51479932,0.17192503,-0.28090615,-0.01725414,1.67077067,-0.42835401,0.35291329,-3.69025373,1.15235968
0.31085211,0.02206745,-0.02219848,-0.01672306,-0.41986299,0.18677747,-0.07695208,0.12254362,-1.28351746,0.13357373,0.86674981,-1.65858862,-0.19035329,0.84368179,-1.59962041,0.13938963,0.52349026,-1.62256703,0.34870499,0.01110865,0.00166190,0.30711579,0.18345217,0.17943724,-0.27166023,0.36360742,-0.16449594,-0.28692852,-0.10931152,0.18015012,-0.26552272,-0.20557451,-0.19638673,-0.27376951,2.73718772,0.00623143,-0.00002898,-0.00153618,-0.01933495,0.99981188,2.92744026,0.17844174,0.03545556,3.09416342,-0.17219958,0.02018727,2.63492303,0.19047313,0.04159307,2.52417407,-0.18206040,0.03334628,-0.23536370,1.75327842,-0.72780772,0.73302706,-0.47359587,-0.63037657,-0.08590598,1.75019095,-0.51139137,0.44561421,-3.85724602,1.65864048
0.28930607,0.02620180,-0.04052400,-0.01590479,-0.42393865,0.07552547,-0.08043897,0.15721880,-1.29918265,0.14655313,0.83698875,-1.65693724,-0.19413611,0.87765914,-1.61002183,0.15021892,0.45195827,-1.58331072,0.34870499,0.01110865,0.00166190,0.30640531,0.19409227,0.18302792,-0.26869021,0.35712430,-0.16571175,-0.28615561,-0.09056749,0.18316171,-0.26583498,-0.21166250,-0.19701740,-0.27301396,2.74313021,0.00653113,-0.00010743,-0.00582891,-0.01842722,0.99981321,2.94383502,0.18228268,0.03771509,3.09390569,-0.17222769,0.02024969,2.65937352,0.19290575,0.04057033,2.52435160,-0.18255296,0.03339134,-0.16375192,1.70445871,-0.77871710,0.61924404,-1.63449955,0.22174329,-0.20334649,1.66579545,-0.51297855,0.54969066,-3.47455263,1.97971559
0.28852450,0.02837998,-0.05509858,-0.01633884,-0.44746100,0.01626309,-0.08307626,0.19253080,-1.31562843,0.15412157,0.78862007,-1.63682008,-0.19943533,0.91332544,-1.62059484,0.16512249,0.39029487,-1.53808131,0.34870499,0.01110865,0.00166190,0.30542037,0.20768390,0.18553496,-0.26860283,0.35062089,-0.16666908,-0.28510993,-0.07470755,0.18744896,-0.26640563,-0.21801871,-0.19796685,-0.27192574,2.74898720,0.00689042,-0.00018871,-0.01033645,-0.01824167,0.99978016,2.96330104,0.18472575,0.03681754,3.09329476,-0.17245810,0.02031044,2.68116736,0.19693989,0.03901475,2.52389193,-0.18299152,0.03349463,-0.12990452,1.75314882,-0.81685075,0.36931572,-2.40817995,1.00071182,-0.26410468,1.77304244,-0.52358260,0.74634721,-3.03968043,2.24719357
0.28411651,0.02620342,-0.06394345,-0.01701632,-0.46357827,-0.04553474,-0.08528104,0.22818863,-1.33246713,0.15883787,0.73811736,-1.61691608,-0.20564979,0.95007950,-1.63019753,0.18331086,0.34077262,-1.49349775,0.34870499,0.01110865,0.00166190,0.30433190,0.22217937,0.18720723,-0.26811181,0.34406544,-0.16748240,-0.28390729,-0.06199587,0.19275440,-0.26692132,-0.22474382,-0.19909220,-0.27069352,2.75464020,0.00720098,-0.00027860,-0.01489498,-0.01865754,0.99971494,2.98365006,0.18598774,0.03622009,3.09221683,-0.17300280,0.02042461,2.69987969,0.20213439,0.03741058,2.52262421,-0.18336677,0.03363838,-0.11175065,1.81459119,-0.85762733,0.23671560,-2.56215420,1.00361283,-0.31996447,1.86910558,-0.48429685,0.93060997,-2.48632207,2.25500035
0.24662727,0.01323063,-0.06422635,-0.01765222,-0.45987195,-0.11576755,-0.08713942,0.26460852,-1.34980299,0.16238230,0.69015067,-1.59914219,-0.21372193,0.98688377,-1.63800204,0.20312630,0.30846645,-1.45815682,0.34870499,0.01110865,0.00166190,0.30321964,0.23645756,0.18844827,-0.26672121,0.33738448,-0.16817654,-0.28253351,-0.05325995,0.19854036,-0.26704701,-0.23164687,-0.20065313,-0.26932345,2.75978575,0.00729852,-0.00038821,-0.01956676,-0.01977429,0.99961291,3.00351114,0.18624784,0.03649843,3.09025517,-0.17408945,0.02068613,2.71441941,0.20778990,0.03617263,2.52038460,-0.18403638,0.03389619,-0.08863535,1.79002452,-0.85160027,0.16999927,-2.34196386,0.87170597,-0.40427988,1.80493441,-0.37497630,0.97354015,-1.49429190,1.67236454
0.25260758,0.00760593,-0.07170701,-0.02191152,-0.52732034,-0.18763487,-0.08827711,0.30211075,-1.36704419,0.16506925,0.64098878,-1.57762692,-0.22329217,1.02484452,-1.64490159,0.22096238,0.30027429,-1.43994703,0.34870499,0.01110865,0.00166190,0.30207645,0.25098934,0.18948171,-0.26510970,0.33058944,-0.16865117,-0.28100118,-0.04979048,0.20378142,-0.26720918,-0.23876138,-0.20249485,-0.26782414,2.76473551,0.00723577,-0.00053151,-0.02462869,-0.02152445,0.99946478,3.02364969,0.18573623,0.03696675,3.08775768,-0.17549155,0.02107527,2.72376437,0.21297183,0.03486727,2.51747770,-0.18479220,0.03425230,-0.05337802,1.93687153,-0.88434179,0.13305703,-2.55408611,1.14817759,-0.49944875,1.96571283,-0.35369008,0.89373280,-0.25620364,0.81586025
0.26366772,0.01892623,-0.07488409,-0.02479283,-0.54341752,-0.22217735,-0.08893277,0.34027573,-1.38329780,0.16727935,0.58576488,-1.54682541,-0.23375461,1.06425452,-1.65151107,0.23115706,0.31442261,-1.44157016,0.34870499,0.01110865,0.00166190,0.30088258,0.26663379,0.19052801,-0.26380610,0.32374058,-0.16898280,-0.27936802,-0.05085696,0.20681308,-0.26783532,-0.24604992,-0.20441088,-0.26620017,2.77013016,0.00732929,-0.00071510,-0.03011598,-0.02372740,0.99926449,3.04550648,0.18498734,0.03707648,3.08548546,-0.17682875,0.02151456,2.72914648,0.21632311,0.03304726,2.51465559,-0.18517295,0.03468241,-0.02971686,1.87439239,-0.78842914,0.10599283,-2.75595379,1.58279777,-0.51856124,1.94080424,-0.32178792,0.43562403,0.83903527,-0.22004631
0.30142859,0.04128874,-0.07960089,-0.02453741,-0.48888860,-0.26619932,-0.08940975,0.37841042,-1.39941542,0.17054349,0.52613952,-1.50902863,-0.24526550,1.10011134,-1.65371656,0.23175708,0.34693007,-1.46801972,0.34870499,0.01110865,0.00166190,0.29970406,0.28280642,0.19190828,-0.26247764,0.31660693,-0.16922295,-0.27791648,-0.05534535,0.20672262,-0.26766667,-0.25329891,-0.20657806,-0.26469878,2.77630849,0.00782198,-0.00092853,-0.03510224,-0.02639205,0.99903475,3.06885285,0.18453093,0.03722642,3.08353915,-0.17788120,0.02178757,2.73195491,0.21717840,0.03203739,2.51245594,-0.18509422,0.03500528,-0.02372472,1.89058781,-0.80371294,0.16497900,-2.96086459,1.87567935,-0.57207040,1.76473420,-0.09526522,0.02242615,1.63768640,-1.34396138
0.34317511,0.05993084,-0.07666406,-0.01565060,-0.28927482,-0.29642769,-0.09002208,0.41469215,-1.41812189,0.17522271,0.46515440,-1.47192411,-0.25675335,1.12697511,-1.64765935,0.22923725,0.38899330,-1.50589418,0.34870499,0.01110865,0.00166190,0.29870194,0.29861206,0.19354717,-0.26088040,0.30918258,-0.16942005,-0.27682592,-0.06261813,0.20551105,-0.26669634,-0.26050326,-0.20900152,-0.26350577,2.78318343,0.00859097,-0.00111733,-0.03807433,-0.02929497,0.99884478,3.09262547,0.18430463,0.03782154,3.08190532,-0.17865820,0.02187601,2.73271737,0.21741865,0.03200560,2.51087894,-0.18478392,0.03519617,-0.03206141,1.83703208,-0.96036181,0.24004862,-3.10770555,1.88235750,-0.58171822,1.34079072,0.32992729,-0.13024257,2.14025893,-1.92062593
0.35181578,0.06310022,-0.05916092,0.00359854,0.04645741,-0.29694275,-0.09101584,0.44665126,-1.44102509,0.18069043,0.40006389,-1.43603895,-0.26649785,1.14228623,-1.63270693,0.22590915,0.42671449,-1.53646979,0.34870499,0.01110865,0.00166190,0.29801241,0.31428070,0.19517819,-0.25947804,0.30177682,-0.16960694,-0.27614855,-0.07083438,0.20423527,-0.26604372,-0.26770346,-0.21140864,-0.26251324,2.79047976,0.00941270,-0.00122508,-0.03789460,-0.03231097,0.99875848,3.11671858,0.18386934,0.03853437,3.08066306,-0.17934484,0.02186386,2.73299417,0.21779927,0.03196870,2.50967174,-0.18425095,0.03549918,-0.05018956,1.54437554,-1.14171777,0.27065101,-3.21586108,1.75868614,-0.46680568,0.69991136,0.76633476,-0.16592302,1.80401263,-1.44100039
0.37465976,0.06259379,-0.04247655,0.02680044,0.38659925,-0.29436712,-0.09235356,0.47368186,-1.46795471,0.18665899,0.32874133,-1.39876139,-0.27332057,1.14686964,-1.61257653,0.22206587,0.45430294,-1.55478315,0.34870499,0.01110865,0.00166190,0.29765279,0.33012171,0.19670617,-0.25864331,0.29455018,-0.16977543,-0.27586712,-0.07883882,0.20307095,-0.26587629,-0.27451768,-0.21347228,-0.26139115,2.79786730,0.01012737,-0.00121480,-0.03450026,-0.03520707,0.99878362,3.14102020,0.18310061,0.03900948,3.07973208,-0.17996668,0.02178567,2.73352289,0.21824552,0.03177651,2.50899987,-0.18348559,0.03626164,-0.07098663,1.36195052,-1.40910387,0.30977541,-3.71145577,1.93449428,-0.33116786,0.17455325,1.05568870,-0.20036950,1.35893407,-0.87238333
0.35612698,0.05543306,-0.02073555,0.04132446,0.56492612,-0.18971244,-0.09453612,0.49734473,-1.49628353,0.19261847,0.25126606,-1.35383630,-0.27670795,1.14552414,-1.59230030,0.21800674,0.47440559,-1.56457603,0.34870499,0.01110865,0.00166190,0.29760695,0.34611051,0.19812967,-0.25893395,0.28736962,-0.17012534,-0.27590834,-0.08655919,0.20201950,-0.26594925,-0.28079993,-0.21485229,-0.25994723,2.80521584,0.01072746,-0.00108193,-0.02897999,-0.03729200,0.99888352,3.16513610,0.18249840,0.03867300,3.07910037,-0.18035156,0.02169861,2.73396087,0.21863874,0.03165770,2.50917745,-0.18258933,0.03765972,-0.11432258,1.13996327,-1.39215410,0.29090044,-3.84015346,2.27016544,-0.14125775,-0.09681197,0.98666722,-0.19995779,0.93917108,-0.42771590
0.36264340,0.04628162,-0.00066160,0.04777855,0.62931084,-0.07940669,-0.09840000,0.51886880,-1.52226443,0.19826183,0.17087225,-1.30267375,-0.27618085,1.14327056,-1.57544723,0.21420528,0.48935623,-1.56773665,0.34870499,0.01110865,0.00166190,0.29791161,0.36211762,0.19928438,-0.25954465,0.28019715,-0.17095303,-0.27619096,-0.09386593,0.20118570,-0.26631297,-0.28661292,-0.21520276,-0.25825081,2.81256170,0.01111224,-0.00086342,-0.02263339,-0.03812173,0.99901638,3.18881326,0.18222098,0.03836696,3.07891612,-0.18069680,0.02172064,2.73430061,0.21886618,0.03159864,2.51038218,-0.18162263,0.03966080,-0.19223771,1.06721098,-1.28475268,0.28088526,-3.99615145,2.56059327,0.03010554,-0.11339424,0.83136326,-0.18738464,0.73888080,-0.14852004
0.37933911,0.03412963,0.02170309,0.05036648,0.65532918,-0.02504243,-0.10205222,0.54012063,-1.54576616,0.20450428,0.08747497,-1.24037092,-0.27400254,1.13979518,-1.56155105,0.21097102,0.50307212,-1.56695173,0.34870499,0.01110865,0.00166190,0.29856417,0.37811073,0.20062705,-0.26081905,0.27285752,-0.17173234,-0.27676818,-0.10129116,0.20061345,-0.26699126,-0.29157545,-0.21509967,-0.25648014,2.82002497,0.01121972,-0.00062148,-0.01617806,-0.03838679,0.99913179,3.21241460,0.18224404,0.03774513,3.07890162,-0.18094193,0.02179600,2.73442488,0.21901356,0.03157291,2.51280508,-0.18087414,0.04208404,-0.18262145,1.08199375,-1.19017189,0.31979789,-4.24670496,3.19147449,0.11172800,-0.18170449,0.69894382,-0.16396579,0.69748974,0.04550639
0.37456236,0.03038401,0.04093220,0.04842842,0.62898118,0.02219325,-0.10505161,0.56181422,-1.56653519,0.21120118,0.00418654,-1.17156961,-0.27066099,1.13285720,-1.55166771,0.20750355,0.51677409,-1.56414392,0.34870499,0.01110865,0.00166190,0.29952569,0.39359927,0.20203243,-0.26229528,0.26517671,-0.17235323,-0.27772091,-0.10896002,0.20003376,-0.26788017,-0.29476389,-0.21470029,-0.25480702,2.82765846,0.01124762,-0.00037308,-0.00974317,-0.03821463,0.99922198,3.23553867,0.18262797,0.03723041,3.07889676,-0.18085558,0.02180478,2.73429470,0.21901913,0.03164552,2.51735740,-0.18031233,0.04471867,-0.14831537,1.06485794,-1.00379122,0.32702262,-4.06865377,3.37998571,0.17288256,-0.36184927,0.46430051,-0.17354418,0.67170295,0.14371731
0.39972393,0.04262080,0.05810404,0.04879080,0.64371610,0.10446094,-0.10936331,0.58357600,-1.58362355,0.21586762,-0.06940698,-1.10860350,-0.26154457,1.11816928,-1.54614646,0.20303245,0.53051113,-1.56013472,0.34870499,0.01110865,0.00166190,0.30068890,0.40678040,0.20274981,-0.26389536,0.25720956,-0.17339035,-0.27886675,-0.11675791,0.19920538,-0.26896440,-0.29479899,-0.21294198,-0.25453011,2.83544083,0.01146318,-0.00012967,-0.00345214,-0.03730533,0.99929794,3.25620584,0.18331944,0.03679354,3.07900662,-0.18062189,0.02182214,2.73386049,0.21881946,0.03172449,2.52558560,-0.17890613,0.04615878,-0.23495217,1.11921618,-0.85503803,0.21920374,-3.69684858,3.16824942,0.52270483,-0.81700187,0.25876934,-0.23718273,0.70739769,0.21276683
0.38187361,0.05007368,0.06488992,0.04197627,0.57601927,0.17645116,-0.11539696,0.60543364,-1.59679329,0.21623726,-0.12675035,-1.05287051,-0.24294330,1.09444726,-1.54519367,0.19787921,0.54455560,-1.55539954,0.34870499,0.01110865,0.00166190,0.30196100,0.41590785,0.20253425,-0.26727900,0.24901581,-0.17495944,-0.28007834,-0.12462060,0.19819448,-0.27016953,-0.29118021,-0.20881248,-0.25647338,2.84328532,0.01189804,0.00008883,0.00249265,-0.03561465,0.99936248,3.27255535,0.18431238,0.03468201,3.07921505,-0.18034358,0.02188266,2.73308921,0.21846078,0.03179148,2.53797960,-0.17565725,0.04548763,-0.30685958,1.07278192,-0.61805105,-0.01468115,-2.69210243,2.69338655,0.98104769,-1.22430038,0.01321119,-0.25616321,0.69131565,0.23638500
0.37904241,0.05613749,0.07338203,0.03528221,0.51293542,0.25450149,-0.12231415,0.62768857,-1.60573008,0.21143952,-0.16488943,-1.01129289,-0.22390929,1.06990345,-1.55444393,0.19263583,0.56001220,-1.55110612,0.34870499,0.01110865,0.00166190,0.30331860,0.42084636,0.20115408,-0.27196818,0.24066755,-0.17684334,-0.28129120,-0.13254530,0.19711177,-0.27133729,-0.28503391,-0.20416777,-0.25792814,2.85101137,0.01251295,0.00025342,0.00770371,-0.03308304,0.99942288,3.28423915,0.18539534,0.03135042,3.07945709,-0.17985905,0.02202740,2.73179159,0.21795869,0.03198131,2.55309944,-0.17235805,0.04539046,-0.34422328,1.10571640,-0.43623436,-0.24658674,-1.86726735,2.03652678,0.93173519,-1.20908055,-0.47554064,-0.25999705,0.77045745,0.21152994
0.37268393,0.06432138,0.08244556,0.02684552,0.42320739,0.35442464,-0.12988512,0.65060863,-1.61036165,0.20177308,-0.18714141,-0.98821812,-0.21117899,1.04871042,-1.57075915,0.18758984,0.57737501,-1.54774594,0.34870499,0.01110865,0.00166190,0.30476031,0.42311589,0.19844664,-0.27645007,0.23217784,-0.17898458,-0.28246015,-0.14045895,0.19603625,-0.27247249,-0.27804825,-0.20082597,-0.25779065,2.85845451,0.01332916,0.00035127,0.01192359,-0.02964585,0.99948928,3.29258847,0.18634889,0.02831025,3.07961578,-0.17910192,0.02230016,2.72986155,0.21734577,0.03228783,2.56899214,-0.17066386,0.04696966,-0.38744367,1.16739781,-0.22391263,-0.50419986,-1.08457496,1.10992869,0.63735949,-1.07926512,-0.83518400,-0.25581214,0.88797282,0.16829362
0.35712067,0.06644356,0.07978346,0.01628937,0.29239389,0.43956297,-0.13833659,0.67440630,-1.61014013,0.18713344,-0.18427140,-0.99990983,-0.20213896,1.02326119,-1.58865364,0.18308569,0.59693131,-1.54544432,0.34870499,0.01110865,0.00166190,0.30618280,0.42150127,0.19422480,-0.27964451,0.22345489,-0.18146510,-0.28357241,-0.14833618,0.19506431,-0.27356715,-0.26901256,-0.19839824,-0.25765285,2.86581793,0.01430587,0.00037681,0.01500563,-0.02523867,0.99956876,3.29658403,0.18701127,0.02653829,3.07983007,-0.17820509,0.02261039,2.72751508,0.21660770,0.03261565,2.58713560,-0.17026329,0.04852995,-0.41701055,1.17089040,0.02978829,-0.73540660,0.27101126,-0.75740670,0.43176289,-1.28570995,-0.87930452,-0.21748804,0.96799266,0.10884088
0.40039223,0.06467391,0.07355507,0.00948945,0.20767828,0.50551572,-0.14653686,0.69951082,-1.60684738,0.17065748,-0.15435707,-1.04761744,-0.19557130,0.98766510,-1.60779455,0.17954407,0.61862152,-1.54396198,0.34870499,0.01110865,0.00166190,0.30737788,0.41542802,0.18938833,-0.28123937,0.21445128,-0.18393477,-0.28455470,-0.15627083,0.19432358,-0.27455108,-0.25641105,-0.19663145,-0.25785780,2.87362041,0.01525616,0.00034771,0.01712989,-0.02035135,0.99964607,3.29641237,0.18757953,0.02613851,3.08040781,-0.17725443,0.02282318,2.72538810,0.21577899,0.03282680,2.60941887,-0.17077636,0.04952008,-0.41623933,1.30167792,0.18205782,-0.84828166,1.69137602,-2.64545357,0.32357041,-1.90109143,-0.99655179,-0.17538933,1.12942400,0.07174260
0.40240345,0.05179800,0.05835273,0.00415857,0.11779760,0.44431568,-0.15331757,0.72591347,-1.60212409,0.15641375,-0.11279233,-1.10489094,-0.18922555,0.94340330,-1.62677526,0.17687760,0.64252764,-1.54361606,0.34870499,0.01110865,0.00166190,0.30830306,0.40709993,0.18527824,-0.28215706,0.20527133,-0.18602853,-0.28535008,-0.16431103,0.19378014,-0.27534406,-0.24104067,-0.19488321,-0.25834925,2.88184357,0.01607299,0.00029066,0.01844635,-0.01575231,0.99970571,3.29457879,0.18843313,0.02614599,3.08115196,-0.17633048,0.02295297,2.72371936,0.21493373,0.03295900,2.63478255,-0.17111922,0.04995380,-0.32106304,1.30273652,0.23996828,-0.67622429,2.08429885,-2.81690145,0.31532171,-2.22401404,-0.92380881,-0.12519604,1.18780828,0.00783976
0.40709217,0.04563152,0.04628965,0.00026127,0.00072900,0.37137914,-0.15855735,0.75234313,-1.59452021,0.14527745,-0.07111536,-1.15314753,-0.18318743,0.89285492,-1.64249139,0.17478105,0.66984589,-1.54585371,0.34870499,0.01110865,0.00166190,0.30894064,0.39867505,0.18221421,-0.28291034,0.19630910,-0.18775290,-0.28597251,-0.17234893,0.19328567,-0.27591228,-0.22392116,-0.19311353,-0.25907787,2.89010596,0.01679658,0.00022210,0.01850847,-0.01197854,0.99975692,3.29303231,0.18940644,0.02603029,3.08186026,-0.17560588,0.02296813,2.72243752,0.21415614,0.03302836,2.66162219,-0.17089649,0.04986277,-0.25805929,1.30984604,0.38271649,-0.54966879,2.06634164,-2.37742796,0.29242304,-2.51771188,-0.77712839,-0.10299231,1.36222856,-0.11642452
0.39751704,0.04137973,0.03239833,-0.00276187,-0.15026955,0.28185137,-0.16265303,0.77771740,-1.58483498,0.13588329,-0.03070174,-1.19175293,-0.18137390,0.83772346,-1.65666871,0.17327346,0.70050459,-1.55100288,0.34870499,0.01110865,0.00166190,0.30932239,0.39067910,0.17979667,-0.28353791,0.18811181,-0.18917286,-0.28624479,-0.18015812,0.19285830,-0.27631712,-0.20510680,-0.19235152,-0.25908218,2.89797854,0.01746945,0.00015750,0.01709970,-0.00916000,0.99981182,3.29188628,0.19007796,0.02578448,3.08259277,-0.17511822,0.02307760,2.72138419,0.21359622,0.03300527,2.68938193,-0.17109184,0.05024021,-0.20538477,1.28801754,0.49268918,-0.47333597,2.05204682,-1.94117107,0.08106189,-2.81289907,-0.71774585,-0.07527623,1.56615975,-0.26846369
0.35321389,0.03347201,0.01264979,-0.00437567,-0.28540778,0.16742310,-0.16553900,0.80220997,-1.57661998,0.12860453,0.00831329,-1.22155542,-0.18310014,0.77903322,-1.66750927,0.17228853,0.73389037,-1.55893486,0.34870499,0.01110865,0.00166190,0.30940300,0.38319731,0.17807857,-0.28396888,0.18112599,-0.19018237,-0.28576123,-0.18757200,0.19247190,-0.27657739,-0.18522410,-0.19242929,-0.25841201,2.90525255,0.01805581,0.00010614,0.01429449,-0.00737075,0.99987066,3.29103355,0.19046570,0.02543412,3.08355508,-0.17477616,0.02364177,2.72053847,0.21327208,0.03282562,2.71721168,-0.17162189,0.05099100,-0.13677933,1.19803507,0.38798835,-0.34696913,1.90691907,-1.42928987,-0.09182708,-2.88962955,-0.50676569,-0.04659488,1.64624865,-0.39988824
0.34002561,0.02465495,-0.00913218,-0.00525673,-0.39897203,0.10986170,-0.16746628,0.82599146,-1.57317302,0.12334177,0.04605503,-1.24546189,-0.18535236,0.71687533,-1.67067404,0.17176432,0.76897063,-1.56916516,0.34870499,0.01110865,0.00166190,0.30913147,0.37618133,0.17695683,-0.28408400,0.17560751,-0.19077475,-0.28426275,-0.19454918,0.19211231,-0.27663939,-0.16508844,-0.19265205,-0.25785678,2.91192856,0.01847706,0.00006615,0.01051456,-0.00624894,0.99992519,3.29029217,0.19071843,0.02504746,3.08513799,-0.17447759,0.02486872,2.71979566,0.21300590,0.03249208,2.74444518,-0.17209661,0.05127469,-0.09390036,1.21910827,0.14137449,-0.25970352,1.93482602,-1.20101886,-0.11361574,-3.22330999,-0.10594655,-0.02379654,1.81338871,-0.53945954
0.30258069,0.01024903,-0.02795342,-0.00482162,-0.42316846,0.09103140,-0.16787277,0.84848684,-1.57847559,0.11943720,0.08251272,-1.26617229,-0.18783787,0.65064287,-1.66478431,0.17217030,0.80448908,-1.58077371,0.34870499,0.01110865,0.00166190,0.30852932,0.36956175,0.17619478,-0.28386869,0.17212562,-0.19070662,-0.28154832,-0.20109739,0.19193145,-0.27640693,-0.14480052,-0.19298350,-0.25743742,2.91815329,0.01865729,0.00003319,0.00625040,-0.00530979,0.99996637,3.28956532,0.19091753,0.02466062,3.08824396,-0.17386649,0.02698100,2.71910548,0.21271350,0.03212239,2.77131152,-0.17277760,0.05109190,-0.00737082,1.09230065,-0.32969081,-0.18305156,1.77800333,-0.99697530,-0.12515134,-3.27596569,0.35217229,0.02760484,1.74193513,-0.57682568
0.30291296,0.00293473,-0.03797167,-0.00425738,-0.43798564,0.06615850,-0.16708946,0.86235181,-1.59706721,0.11681109,0.11799192,-1.28554285,-0.19134161,0.58212003,-1.64799511,0.17367665,0.83986933,-1.59306965,0.34870499,0.01110865,0.00166190,0.30774748,0.36320169,0.17573903,-0.28329033,0.17341732,-0.19000379,-0.27725737,-0.20731422,0.19198219,-0.27582717,-0.12502411,-0.19367511,-0.25713354,2.92425547,0.01866217,0.00000872,0.00183970,-0.00462952,0.99998759,3.28906875,0.19103080,0.02445715,3.09590611,-0.17293914,0.03049010,2.71872768,0.21255564,0.03192031,2.79744349,-0.17384705,0.05061394,0.03607761,0.64938464,-0.92435606,-0.12856356,1.76025534,-0.96022999,-0.17508035,-3.39991069,0.85208492,0.07457687,1.75646803,-0.61134359
0.30825457,-0.00016274,-0.04956987,-0.00400501,-0.45664461,0.03775248,-0.16812930,0.85118736,-1.61001353,0.11503024,0.15321911,-1.30428450,-0.19560528,0.51456332,-1.62133472,0.17500590,0.87574451,-1.60605736,0.34870499,0.01110865,0.00166190,0.30681185,0.35690143,0.17548869,-0.28248412,0.18121929,-0.19000444,-0.27381462,-0.21343490,0.19191529,-0.27507492,-0.10637353,-0.19472780,-0.25729491,2.93032188,0.01860963,-0.00001101,-0.00264364,-0.00425275,0.99998746,3.28870301,0.19105636,0.02432773,3.10991855,-0.17292929,0.03299724,2.71852703,0.21233334,0.03173693,2.82229595,-0.17520637,0.04951694,-0.05873977,-0.64718506,-0.60846881,-0.08933464,1.79161615,-0.95179119,-0.21923783,-3.43130870,1.37633805,0.06677055,1.82704399,-0.66273366
0.29728451,-0.00421105,-0.05836503,-0.00371441,-0.45735497,0.03969804,-0.17055725,0.80833793,-1.60043297,0.11365923,0.18871056,-1.32274246,-0.20091123,0.44961127,-1.58707032,0.17661278,0.91278882,-1.61984234,0.34870499,0.01110865,0.00166190,0.30572266,0.35058934,0.17532685,-0.28146237,0.19502266,-0.19096711,-0.27331717,-0.21958058,0.19184635,-0.27409418,-0.08889032,-0.19619374,-0.25778417,2.93639913,0.01848532,-0.00002781,-0.00729164,-0.00386440,0.99996595,3.28833308,0.19109724,0.02426029,3.12993999,-0.17398341,0.03240549,2.71830788,0.21202306,0.03162848,2.84599509,-0.17701553,0.04793849,-0.11821266,-2.21568966,0.56752596,-0.06622970,1.74227610,-0.90539030,-0.26441373,-3.16941409,1.70384285,0.08353941,1.82118125,-0.67811853
0.31584114,-0.01148380,-0.07108933,-0.00346519,-0.49411750,0.07872997,-0.17106079,0.75062890,-1.57823286,0.11231366,0.22508256,-1.34178286,-0.20642462,0.39022532,-1.55008807,0.17991611,0.95065904,-1.63333416,0.34870499,0.01110865,0.00166190,0.30450405,0.34414566,0.17513696,-0.28021881,0.21165218,-0.19164437,-0.27415995,-0.22583224,0.19217737,-0.27282130,-0.07292719,-0.19777644,-0.25829567,2.94255261,0.01824005,-0.00003762,-0.01207976,-0.00315123,0.99992207,3.28779531,0.19120442,0.02428524,3.15299268,-0.17473454,0.03034410,2.71793613,0.21183700,0.03168275,2.86838031,-0.17907281,0.04620839,-0.00559723,-3.00457926,1.17171191,-0.07007543,1.87898865,-0.98578228,-0.28120753,-3.01156268,1.90623186,0.18336829,1.95236726,-0.68851634
0.30792757,-0.01817277,-0.07390102,-0.00232335,-0.46669020,0.12313648,-0.16909078,0.69646770,-1.55943274,0.11072876,0.26243439,-1.36174870,-0.21053278,0.34208134,-1.51723719,0.18517345,0.98883975,-1.64510334,0.34870499,0.01110865,0.00166190,0.30321631,0.33748813,0.17483702,-0.27883533,0.22795042,-0.19144106,-0.27398351,-0.23236301,0.19299401,-0.27134599,-0.05962197,-0.19898037,-0.25870339,2.94885612,0.01786300,-0.00003312,-0.01684883,-0.00196554,0.99985612,3.28702903,0.19137179,0.02438098,3.17605209,-0.17447280,0.02923280,2.71725368,0.21176908,0.03187032,2.88845229,-0.18088142,0.04451292,0.11178850,-2.60495067,0.87532574,-0.07967431,1.83751118,-0.98522967,-0.18874599,-2.26981306,1.56861889,0.27093902,1.87324059,-0.56266081
0.31564371,-0.02383215,-0.07724029,-0.00103458,-0.47162254,0.14317998,-0.16642655,0.64667614,-1.54417381,0.10934524,0.30060025,-1.38195200,-0.21130603,0.31505409,-1.49648261,0.19098742,1.02791779,-1.65499697,0.34870499,0.01110865,0.00166190,0.30193404,0.33060732,0.17455490,-0.27732843,0.24357651,-0.19083301,-0.27249741,-0.23935917,0.19388410,-0.26982275,-0.05118841,-0.19930722,-0.25948560,2.95527911,0.01737888,-0.00001051,-0.02159161,-0.00052295,0.99976674,3.28606887,0.19158781,0.02460561,3.19865584,-0.17370885,0.02943663,2.71612291,0.21151329,0.03211129,2.90388222,-0.18187468,0.04244844,0.13520398,-2.47652888,0.76422961,-0.06825935,1.89582696,-1.00149193,-0.02942930,-1.30045943,1.00490977,0.28734637,1.94218469,-0.48996831
0.31476442,-0.02936316,-0.07784541,0.00034742,-0.51417916,0.15767072,-0.16197681,0.59329338,-1.52372761,0.10787656,0.33973476,-1.40137072,-0.20711858,0.31005874,-1.49018393,0.19658519,1.06844676,-1.66446590,0.34870499,0.01110865,0.00166190,0.30072904,0.32354030,0.17423796,-0.27575299,0.25992173,-0.18973295,-0.27094979,-0.24657533,0.19460758,-0.26829753,-0.04760322,-0.19834974,-0.26115070,2.96155696,0.01681787,0.00002847,-0.02662272,0.00101116,0.99964504,3.28474412,0.19170998,0.02497604,3.22186198,-0.17238888,0.02977925,2.71458845,0.21092625,0.03243151,2.91435509,-0.18162776,0.03957834,0.23132762,-2.72726722,1.05983479,-0.07663421,1.99316630,-0.98519955,0.22478198,-0.20535411,0.28315108,0.28672808,2.06457267,-0.48151688
0.30068210,-0.03039574,-0.07652096,0.00226110,-0.53702868,0.21809855,-0.15645829,0.53544950,-1.49484966,0.10529849,0.38002467,-1.42003739,-0.20044136,0.32577364,-1.50189359,0.20366079,1.10976944,-1.67314346,0.34870499,0.01110865,0.00166190,0.29957041,0.31631272,0.17358318,-0.27416559,0.27700866,-0.18840281,-0.26954643,-0.25382888,0.19559525,-0.26665153,-0.04820317,-0.19657261,-0.26263000,2.96775923,0.01623253,0.00010353,-0.03207161,0.00315240,0.99948060,3.28297071,0.19180752,0.02540483,3.24595079,-0.17041919,0.03002398,2.71270161,0.21022278,0.03291888,2.92079697,-0.18064023,0.03694041,0.26862883,-2.84885569,1.44905615,-0.13247692,1.97925980,-0.91355402,0.32263485,0.85350548,-0.65901976,0.35631585,2.02513990,-0.41774158
0.33975083,-0.02818315,-0.08968963,0.00489813,-0.51687012,0.33604265,-0.15227677,0.47546148,-1.46062262,0.10156466,0.42032030,-1.43916099,-0.19778779,0.36026174,-1.53288238,0.21232226,1.14868159,-1.67785017,0.34870499,0.01110865,0.00166190,0.29833366,0.30897778,0.17253991,-0.27266513,0.29414351,-0.18745869,-0.26788471,-0.26119602,0.19697676,-0.26505521,-0.05279615,-0.19553515,-0.26229228,2.97440681,0.01575191,0.00023589,-0.03718833,0.00628844,0.99928846,3.28118868,0.19216671,0.02566853,3.27088623,-0.16799008,0.03044896,2.71075249,0.20942587,0.03327845,2.92407570,-0.18043220,0.03604138,0.20260178,-3.09622402,1.78302865,-0.19806603,2.06930511,-0.99100645,0.09746691,1.88861732,-1.71200486,0.45264532,1.97678652,-0.20704373
0.35144574,-0.02429502,-0.08445765,0.00464173,-0.27704551,0.35565867,-0.14946747,0.41297933,-1.42520642,0.09799879,0.45816082,-1.46047938,-0.19884698,0.40512121,-1.57151699,0.22073691,1.17975938,-1.67420483,0.34870499,0.01110865,0.00166190,0.29717425,0.30156439,0.17145220,-0.27145436,0.31101560,-0.18679660,-0.26610655,-0.26884580,0.19850861,-0.26378626,-0.06068415,-0.19534364,-0.26093744,2.98162007,0.01538577,0.00039904,-0.04035476,0.00987976,0.99913649,3.27973509,0.19276778,0.02571988,3.29626870,-0.16522408,0.03106770,2.70890141,0.20853923,0.03338799,2.92481065,-0.18111969,0.03623680,0.12986800,-3.08347774,1.73826063,-0.17053589,1.83296192,-1.06355715,-0.07093654,2.25023127,-1.91681516,0.40702519,1.45818901,0.24492599
0.37206169,-0.02169940,-0.06526228,-0.00217018,0.07851075,0.24128913,-0.14620665,0.34373318,-1.38920696,0.09673351,0.49083029,-1.48549306,-0.19928943,0.44298675,-1.59810233,0.22634456,1.19706047,-1.65878165,0.34870499,0.01110865,0.00166190,0.29644083,0.29402853,0.17090135,-0.27076415,0.32795412,-0.18574497,-0.26492749,-0.27682356,0.19980748,-0.26295619,-0.06940268,-0.19523596,-0.26034561,2.98920240,0.01513005,0.00049135,-0.03969158,0.01237858,0.99913518,3.27890663,0.19326345,0.02567669,3.32165766,-0.16243290,0.03151335,2.70751362,0.20801794,0.03348464,2.92465796,-0.18176543,0.03609522,0.16449464,-3.45081859,1.79095054,-0.05843934,1.61221101,-1.24563944,-0.02064052,1.85724516,-1.29286487,0.27089530,0.83710960,0.77759850
0.38617677,-0.01182260,-0.04189446,-0.01061679,0.40189474,0.04978099,-0.14156939,0.26658832,-1.34835413,0.09763351,0.51898085,-1.51221282,-0.19913530,0.46969426,-1.61125507,0.22764958,1.20390780,-1.63890188,0.34870499,0.01110865,0.00166190,0.29614682,0.28634489,0.17090990,-0.27065802,0.34520056,-0.18414193,-0.26485594,-0.28441717,0.20037391,-0.26209989,-0.07766812,-0.19521840,-0.26039665,2.99684000,0.01508226,0.00046542,-0.03585175,0.01295871,0.99927299,3.27865658,0.19336015,0.02548880,3.34669962,-0.16004604,0.03129088,2.70732241,0.20801332,0.03404693,2.92426038,-0.18208456,0.03575016,0.23859486,-3.94310155,2.10330853,0.04952682,1.42431653,-1.35964963,0.00850764,1.33784261,-0.64434028,0.05508217,0.33177635,1.00905910
0.37220226,0.00599711,-0.02026485,-0.01430613,0.57202062,-0.12180950,-0.13643619,0.18251868,-1.29910612,0.09970192,0.54494649,-1.53904464,-0.19892541,0.48889501,-1.61532445,0.22429297,1.20597124,-1.62137325,0.34870499,0.01110865,0.00166190,0.29617010,0.27837002,0.17121866,-0.27100834,0.36280295,-0.18230640,-0.26565075,-0.29124832,0.19985742,-0.26084956,-0.08557445,-0.19536697,-0.26083378,3.00444231,0.01535461,0.00035832,-0.03011781,0.01183247,0.99947625,3.27868090,0.19311539,0.02516176,3.37145948,-0.15831174,0.03051935,2.70854421,0.20826102,0.03532054,2.92351694,-0.18198349,0.03533631,0.24971120,-4.14050627,2.43335457,0.10360479,1.26952209,-1.31456141,0.00918858,0.91794021,-0.17093068,-0.18245560,0.09477559,0.84107757
0.39229889,0.02251861,-0.00329794,-0.01426930,0.66198332,-0.19103981,-0.13323112,0.09438188,-1.24327407,0.10149465,0.57071055,-1.56506708,-0.19928580,0.50435591,-1.61408796,0.21780338,1.20721750,-1.60700076,0.34870499,0.01110865,0.00166190,0.29643803,0.27010726,0.17143449,-0.27161770,0.38070259,-0.18090382,-0.26610767,-0.29760896,0.19850917,-0.25929056,-0.09327694,-0.19578326,-0.26147695,3.01204481,0.01591492,0.00023887,-0.02372450,0.01000768,0.99966841,3.27866583,0.19272257,0.02482033,3.39629278,-0.15733101,0.03033037,2.71052136,0.20842619,0.03714748,2.92270613,-0.18169650,0.03496109,0.14585637,-4.55943460,2.92468519,0.08674362,1.32758436,-1.33127704,-0.02360147,0.78071525,0.09004614,-0.34842292,0.06230298,0.72539022
0.37866209,0.02370823,0.01924093,-0.01163356,0.63534721,-0.12725657,-0.13348110,0.00801251,-1.18346059,0.10225231,0.59631556,-1.58921015,-0.19991437,0.51910573,-1.61025310,0.21120173,1.20740438,-1.59579623,0.34870499,0.01110865,0.00166190,0.29704311,0.26174220,0.17136743,-0.27245258,0.39767752,-0.18041402,-0.26613559,-0.30313152,0.19707599,-0.25736991,-0.10112118,-0.19634385,-0.26227013,3.01972747,0.01653341,0.00014854,-0.01724514,0.00861202,0.99981419,3.27847886,0.19238418,0.02459054,3.42045379,-0.15700345,0.03090753,2.71324611,0.20835843,0.03967321,2.92200351,-0.18152321,0.03477298,-0.03763332,-4.20625067,2.94841027,0.02944995,1.25292468,-1.16866469,-0.03119602,0.72275537,0.20172314,-0.31830895,-0.00040671,0.52456993
0.37945967,0.01268857,0.04185690,-0.01061001,0.63404637,-0.02158068,-0.13575086,-0.06214620,-1.12998381,0.10264682,0.62111294,-1.61042390,-0.19913438,0.53505168,-1.60596161,0.20557315,1.20254633,-1.59364836,0.34870499,0.01110865,0.00166190,0.29804047,0.25343841,0.17123299,-0.27344778,0.41042409,-0.18054160,-0.26685653,-0.30546032,0.19583477,-0.25502635,-0.10938737,-0.19655566,-0.26321891,3.02735624,0.01692678,0.00009054,-0.01085172,0.00836480,0.99990613,3.27789445,0.19237583,0.02459269,3.44074335,-0.15672315,0.03118394,2.71866236,0.20762379,0.04301412,2.92127256,-0.18143142,0.03482157,-0.11328750,-3.45350461,2.65578337,0.02002017,1.22948816,-1.04636974,0.04219504,0.79247530,0.21404334,-0.28930930,-0.25843390,0.09196365
0.37217919,-0.00057962,0.06346509,-0.01077619,0.62970947,0.03486843,-0.13805161,-0.11727948,-1.07786646,0.10345421,0.64518964,-1.62800951,-0.19667113,0.55136998,-1.60097442,0.19299653,1.18724420,-1.59789975,0.34870499,0.01110865,0.00166190,0.29934378,0.24511158,0.17126301,-0.27463766,0.41899076,-0.18094897,-0.26987742,-0.30354241,0.19295869,-0.25439907,-0.11781775,-0.19633445,-0.26437229,3.03468246,0.01705362,0.00004013,-0.00464852,0.00870792,0.99995128,3.27677426,0.19255937,0.02470612,3.45676098,-0.15657102,0.02946636,2.72782564,0.20469674,0.04494471,2.92030182,-0.18130289,0.03497148,-0.11529534,-2.77291017,2.63477964,0.04298956,1.22266104,-0.88564143,0.12790447,0.82965889,0.25593962,-0.66416839,-0.80782479,-0.22187652
0.32657569,-0.01106839,0.07927517,-0.01016097,0.57269183,-0.01429717,-0.13910089,-0.15985022,-1.03396270,0.10547273,0.66874888,-1.64168799,-0.19343819,0.56768886,-1.59502785,0.17384174,1.16093967,-1.60549219,0.34870499,0.01110865,0.00166190,0.30092177,0.23671959,0.17168486,-0.27592266,0.42466806,-0.18110292,-0.27369516,-0.29779092,0.18848412,-0.25572461,-0.12627660,-0.19591080,-0.26563856,3.04141617,0.01695925,-0.00001017,0.00122866,0.00864381,0.99996189,3.27513247,0.19271063,0.02499911,3.46915150,-0.15677537,0.02722662,2.74041142,0.20026730,0.04519717,2.91854515,-0.18110522,0.03528322,-0.04338973,-2.04006736,2.11050212,0.10607610,1.15429089,-0.65368482,0.15955234,0.80057731,0.29523792,-0.94302412,-1.32446420,-0.39100084
0.33293619,-0.01918317,0.09395160,-0.00883497,0.54253516,-0.14993810,-0.13818242,-0.18715211,-1.00648749,0.10916113,0.69268553,-1.65110629,-0.19008475,0.58438751,-1.58852265,0.15838546,1.12961876,-1.61850517,0.34870499,0.01110865,0.00166190,0.30265344,0.22804724,0.17262944,-0.27724467,0.42744580,-0.18072162,-0.27747037,-0.28937563,0.18479804,-0.25664409,-0.13472991,-0.19544461,-0.26692856,3.04789762,0.01670015,-0.00004743,0.00657557,0.00736087,0.99995129,3.27337875,0.19266812,0.02540877,3.47795763,-0.15770917,0.02518308,2.75583282,0.19721807,0.04600936,2.91605959,-0.18070673,0.03572489,0.05992616,-1.28941271,1.27981617,0.20024212,1.23684156,-0.45671040,0.17272364,0.86296651,0.33678094,-0.75018009,-1.62802823,-0.70839589
0.34523229,-0.02443364,0.09074922,-0.00516069,0.43334483,-0.26483101,-0.13463086,-0.18766965,-1.01298618,0.11373314,0.71758556,-1.65605974,-0.18672092,0.60214078,-1.58206832,0.14734674,1.09241915,-1.63189340,0.34870499,0.01110865,0.00166190,0.30435717,0.21901391,0.17388152,-0.27861209,0.42558238,-0.17956591,-0.28043724,-0.27887222,0.18219083,-0.25759974,-0.14315835,-0.19495418,-0.26823758,3.05488920,0.01629161,-0.00005370,0.01112072,0.00482835,0.99992650,3.27221370,0.19228008,0.02574508,3.48218584,-0.15915600,0.02391993,2.77427053,0.19578082,0.04675743,2.91362023,-0.18003599,0.03611959,0.19428746,0.18574122,-0.59193021,0.22815956,1.22789764,-0.21151233,0.16494182,0.87905276,0.31502104,-0.51796609,-1.87406814,-0.64280450
0.38695466,-0.03018800,0.08636436,-0.00206514,0.32390613,-0.32539450,-0.12597106,-0.15682331,-1.06002381,0.11844636,0.74328048,-1.65604372,-0.18375403,0.62238270,-1.57644675,0.13816445,1.04091544,-1.64025285,0.34870499,0.01110865,0.00166190,0.30588024,0.20979356,0.17526092,-0.27994106,0.41849175,-0.17694339,-0.28212946,-0.26464995,0.18011539,-0.26009457,-0.15165815,-0.19451516,-0.26953911,3.06271501,0.01571156,-0.00002152,0.01442901,0.00155385,0.99989469,3.27196283,0.19162368,0.02593918,3.48175468,-0.15993028,0.02375079,2.79750652,0.19500353,0.04578567,2.91166215,-0.17927402,0.03634113,0.43495121,1.55501766,-2.35801282,0.23398730,1.27583673,0.00864591,0.14603702,1.00954514,0.27617486,-0.44933980,-2.57730613,-0.41216382
0.41818784,-0.03239840,0.07783105,-0.00014752,0.20176087,-0.32067456,-0.11589002,-0.11641922,-1.11398141,0.12304479,0.76920271,-1.65210948,-0.18139571,0.64550401,-1.57272351,0.13263943,0.97940679,-1.64749491,0.34870499,0.01110865,0.00166190,0.30715200,0.20064976,0.17666487,-0.28110652,0.40980433,-0.17403289,-0.28335016,-0.24705964,0.17894434,-0.26271375,-0.16015857,-0.19417309,-0.27069045,3.07097287,0.01504908,0.00002735,0.01647341,-0.00162366,0.99986299,3.27219534,0.19106136,0.02604548,3.48020983,-0.16031382,0.02380185,2.82449570,0.19479487,0.04443825,2.91018453,-0.17860283,0.03646156,0.50809575,2.05658541,-2.72678418,0.23276817,1.31849549,0.20699841,0.11885806,1.18369651,0.18301614,-0.27166265,-3.14271989,-0.36788213
0.40674214,-0.02951569,0.06014974,0.00006600,0.04756180,-0.22931258,-0.10814801,-0.07569945,-1.15918844,0.12698224,0.79489176,-1.64579563,-0.17948923,0.67218902,-1.57173181,0.13095768,0.91148388,-1.65192757,0.34870499,0.01110865,0.00166190,0.30812175,0.19198710,0.17791090,-0.28188761,0.40111545,-0.17193494,-0.28448475,-0.22724665,0.17872224,-0.26504104,-0.16863067,-0.19386122,-0.27166493,3.07930889,0.01437767,0.00006918,0.01708837,-0.00404825,0.99984579,3.27273035,0.19072811,0.02623414,3.47901893,-0.16079971,0.02363700,2.85351691,0.19493421,0.04308071,2.90911393,-0.17811169,0.03645682,0.36791219,1.99492636,-2.17302947,0.18923492,1.25661943,0.31581905,0.09168561,1.32383521,0.03743873,-0.06772051,-3.35669079,-0.19081059
0.41568605,-0.02627637,0.04529654,-0.00119791,-0.10867785,-0.13908866,-0.10276154,-0.03489040,-1.19618065,0.13017839,0.82001238,-1.63934779,-0.17817446,0.70240049,-1.57387447,0.13243521,0.84106114,-1.65495548,0.34870499,0.01110865,0.00166190,0.30877782,0.18425333,0.17893215,-0.28198228,0.39260879,-0.17060822,-0.28541566,-0.20606684,0.17921150,-0.26649770,-0.17692912,-0.19359814,-0.27241405,3.08744001,0.01376684,0.00008922,0.01621277,-0.00551284,0.99985336,3.27365522,0.19065635,0.02679554,3.47814364,-0.16116030,0.02336215,2.88336186,0.19523974,0.04228011,2.90838685,-0.17786853,0.03636376,0.26431264,2.10273352,-1.86178250,0.16058100,1.28968213,0.32624565,0.06313622,1.57618215,-0.13228373,0.09433640,-3.62174263,-0.17014109
0.37619637,-0.01741928,0.02570155,-0.00274377,-0.22772012,-0.07308508,-0.09937740,0.00518118,-1.22643876,0.13341016,0.84382737,-1.63368869,-0.17768456,0.73494262,-1.57877314,0.13620736,0.77049226,-1.65698981,0.34870499,0.01110865,0.00166190,0.30912918,0.17769238,0.17992542,-0.28131637,0.38452686,-0.16989824,-0.28598241,-0.18428112,0.18015219,-0.26677881,-0.18482059,-0.19344733,-0.27289343,3.09518170,0.01329207,0.00008908,0.01406122,-0.00633409,0.99988107,3.27513933,0.19095183,0.02781281,3.47752523,-0.16146418,0.02314677,2.91319776,0.19576449,0.04235037,2.90792513,-0.17779820,0.03623575,0.15200587,1.95605516,-1.43598807,0.16051443,1.15606356,0.27217582,0.01794363,1.60863817,-0.25737286,0.19927759,-3.46200585,-0.08362882
0.36255910,-0.00725404,0.01062555,-0.00432415,-0.32165114,-0.05774350,-0.09721073,0.04365419,-1.25092661,0.13820561,0.86320837,-1.63048606,-0.17832923,0.76929773,-1.58631570,0.14093800,0.69977759,-1.65376847,0.34870499,0.01110865,0.00166190,0.30919476,0.17336707,0.18128477,-0.27965538,0.37706584,-0.16955036,-0.28613839,-0.16265161,0.18123556,-0.26634352,-0.19223296,-0.19348374,-0.27300216,3.10249963,0.01303812,0.00007485,0.01084721,-0.00691950,0.99991722,3.27835898,0.19190622,0.02953938,3.47718287,-0.16171440,0.02305637,2.94237180,0.19650733,0.04285123,2.90760736,-0.17776669,0.03619259,0.10668051,1.90820286,-1.21066549,0.24117178,0.94623415,0.15640460,-0.03367833,1.70749269,-0.37914346,0.23365012,-3.50578818,0.16808123
0.35566673,0.00144625,-0.00626800,-0.00570272,-0.39377011,-0.04644638,-0.09563254,0.08147859,-1.27282341,0.14458283,0.87323630,-1.62829685,-0.17966100,0.80478619,-1.59601367,0.14505085,0.63036195,-1.64337227,0.34870499,0.01110865,0.00166190,0.30898635,0.17226129,0.18306475,-0.27756388,0.36994747,-0.16936463,-0.28593012,-0.14195926,0.18214725,-0.26593205,-0.19924537,-0.19360131,-0.27277262,3.10950122,0.01295648,0.00005142,0.00699596,-0.00738460,0.99994826,3.28444743,0.19345710,0.03142247,3.47690697,-0.16185350,0.02305623,2.97024760,0.19718048,0.04305430,2.90741825,-0.17768102,0.03621373,0.07822707,1.92253339,-1.10760663,0.32714414,0.48406094,0.11115678,-0.06799825,1.80656652,-0.49556553,0.20778681,-3.53219829,0.56050487
0.33241937,0.00777843,-0.02305539,-0.00624956,-0.41173782,-0.02417525,-0.09495015,0.11884024,-1.29285929,0.15219920,0.87272761,-1.62892542,-0.18116466,0.84106432,-1.60682054,0.14931186,0.56051644,-1.62107747,0.34870499,0.01110865,0.00166190,0.30850093,0.17482911,0.18514238,-0.27497813,0.36299882,-0.16942231,-0.28546403,-0.12224778,0.18323416,-0.26626322,-0.20606003,-0.19368143,-0.27233348,3.11629500,0.01300319,0.00002138,0.00281103,-0.00765011,0.99996679,3.29393630,0.19544904,0.03352280,3.47665920,-0.16195312,0.02303690,2.99686499,0.19808627,0.04223770,2.90729580,-0.17750289,0.03616745,0.02968031,1.82970793,-0.97871804,0.37857730,-0.06438845,-0.05799041,-0.07473651,1.78189685,-0.53484017,0.21373155,-3.42341361,1.13131573
0.34213210,0.01066872,-0.04002644,-0.00684592,-0.44364548,-0.00305319,-0.09488675,0.15572869,-1.31219099,0.16096430,0.86071475,-1.63520942,-0.18336599,0.87775460,-1.61816039,0.15559211,0.48986365,-1.59007304,0.34870499,0.01110865,0.00166190,0.30777085,0.18164776,0.18741762,-0.27147744,0.35619050,-0.16962944,-0.28472176,-0.10296267,0.18492859,-0.26652109,-0.21276093,-0.19387888,-0.27161356,3.12295995,0.01310500,-0.00001148,-0.00149031,-0.00770481,0.99996921,3.30747409,0.19770132,0.03629341,3.47649431,-0.16199290,0.02304910,3.02285910,0.19959820,0.04124976,2.90723677,-0.17747240,0.03615729,0.00067748,1.89541442,-0.99110913,0.45793506,-0.70080912,-0.35524155,-0.11984233,1.88901412,-0.58381943,0.34005334,-3.64587855,1.64864092
0.32194832,0.01021935,-0.05067176,-0.00670212,-0.43714796,0.00920891,-0.09506235,0.19261394,-1.33108437,0.16937551,0.83111566,-1.63685143,-0.18637650,0.91476876,-1.62966502,0.16448954,0.41969964,-1.55270743,0.34870499,0.01110865,0.00166190,0.30684188,0.19290282,0.18970200,-0.26856148,0.34941739,-0.16988367,-0.28377108,-0.08413090,0.18734868,-0.26634627,-0.21936310,-0.19422636,-0.27066132,3.12955070,0.01321321,-0.00004520,-0.00592665,-0.00762579,0.99995336,3.32532430,0.19995110,0.03828040,3.47633648,-0.16197980,0.02307080,3.04828691,0.20182321,0.04049561,2.90725088,-0.17764496,0.03618056,-0.00980190,1.80951631,-0.92358446,0.40582696,-1.58668256,-0.02084760,-0.15260103,1.81735253,-0.56550080,0.45433813,-3.43046975,1.87053394
0.32390199,0.01458296,-0.06267890,-0.00727106,-0.47516766,-0.01753633,-0.09533616,0.23028988,-1.34966922,0.17411649,0.78456457,-1.62521536,-0.19031782,0.95340599,-1.64172502,0.17572446,0.35631775,-1.51356702,0.34870499,0.01110865,0.00166190,0.30572384,0.20739437,0.19127410,-0.26741072,0.34256900,-0.17014946,-0.28256695,-0.06698029,0.19038234,-0.26556977,-0.22605265,-0.19471488,-0.26943855,3.13610706,0.01339922,-0.00008357,-0.01069918,-0.00778036,0.99991249,3.34645276,0.20142286,0.03831312,3.47598686,-0.16206040,0.02315689,3.07209744,0.20480079,0.04015407,2.90705180,-0.17777445,0.03628529,-0.01328458,1.87057359,-0.92054958,0.22846446,-2.32135634,0.58823652,-0.19861938,1.92025456,-0.59781781,0.56067487,-3.12582970,1.93715343
0.32856039,0.02355209,-0.07316955,-0.00855947,-0.52787639,-0.08050474,-0.09544876,0.26827169,-1.36707673,0.17557358,0.73352549,-1.60888455,-0.19594546,0.99333307,-1.65310321,0.18831909,0.30558969,-1.47900362,0.34870499,0.01110865,0.00166190,0.30449368,0.22291988,0.19199245,-0.26646810,0.33574661,-0.17036307,-0.28121894,-0.05270922,0.19376005,-0.26439121,-0.23290782,-0.19556512,-0.26805023,3.14262009,0.01374390,-0.00013661,-0.01587043,-0.00854177,0.99983756,3.36878762,0.20189973,0.03802559,3.47540703,-0.16233055,0.02327474,3.09322896,0.20837621,0.04010247,2.90640502,-0.17781344,0.03644345,-0.00538666,1.93216484,-0.88168755,0.06912170,-2.59769940,0.83479307,-0.29034966,2.03283839,-0.57555531,0.64189769,-2.54091215,1.73831463
0.31010505,0.02848768,-0.07462395,-0.01013804,-0.54826939,-0.12379177,-0.09562396,0.30682033,-1.38315504,0.17516939,0.68152504,-1.59007025,-0.20314104,1.03450215,-1.66318688,0.20052973,0.27516108,-1.45532522,0.34870499,0.01110865,0.00166190,0.30324122,0.23878805,0.19217588,-0.26514633,0.32884661,-0.17059586,-0.27977633,-0.04306735,0.19706749,-0.26340338,-0.24002236,-0.19673401,-0.26657787,3.14902849,0.01419683,-0.00021099,-0.02143136,-0.00978227,0.99972244,3.39153132,0.20166330,0.03809489,3.47447391,-0.16280126,0.02346488,3.10982561,0.21206933,0.03983784,2.90520239,-0.17780275,0.03666335,-0.01003865,1.89398484,-0.78403386,-0.02579549,-2.55363679,0.93617295,-0.35790536,2.02477102,-0.48927416,0.59144337,-1.38860193,1.10200288
0.31156723,0.02570281,-0.07537119,-0.01298495,-0.61232679,-0.14015186,-0.09609840,0.34647276,-1.39819376,0.17344644,0.62708888,-1.56606307,-0.21123264,1.07721431,-1.67193637,0.20996864,0.27160198,-1.44735646,0.34870499,0.01110865,0.00166190,0.30209087,0.25510443,0.19203126,-0.26371513,0.32170127,-0.17091676,-0.27825484,-0.03960325,0.19975591,-0.26350932,-0.24751264,-0.19801577,-0.26507189,3.15519972,0.01457828,-0.00030556,-0.02733757,-0.01113907,0.99956415,3.41452022,0.20087685,0.03837574,3.47301221,-0.16346515,0.02383603,3.12005787,0.21516715,0.03858155,2.90333576,-0.17787249,0.03701898,-0.02608840,2.04821892,-0.76721936,-0.09649636,-2.82355590,1.27729658,-0.42053342,2.20792570,-0.44127735,0.46326301,-0.00270500,0.30292937
0.30867518,0.02362609,-0.06934032,-0.01475978,-0.60955970,-0.17260176,-0.09616110,0.38696995,-1.41198301,0.17130744,0.56842989,-1.53345716,-0.22025657,1.12023818,-1.67841852,0.21536139,0.29226318,-1.45560575,0.34870499,0.01110865,0.00166190,0.30108199,0.27203687,0.19187741,-0.26246627,0.31432447,-0.17111311,-0.27678610,-0.04156631,0.20141949,-0.26468346,-0.25523775,-0.19943089,-0.26364911,3.16153693,0.01489965,-0.00043032,-0.03351714,-0.01283055,0.99935569,3.43841028,0.19972970,0.03861572,3.47136474,-0.16422684,0.02429588,3.12515545,0.21731990,0.03639852,2.90126324,-0.17791267,0.03743288,0.00170443,1.99020076,-0.66673052,-0.10545814,-2.90719891,1.66412652,-0.44968811,2.10784459,-0.29955190,0.23470993,1.17004263,-0.51572037
0.33966432,0.03085715,-0.07418464,-0.01573006,-0.55614852,-0.26883728,-0.09503589,0.42785971,-1.42640197,0.17087165,0.50566636,-1.49232671,-0.23102345,1.15946593,-1.67992003,0.21664884,0.32757965,-1.48106165,0.34870499,0.01110865,0.00166190,0.30012729,0.28927252,0.19224884,-0.26123239,0.30660496,-0.17089663,-0.27551161,-0.04658409,0.20167635,-0.26519409,-0.26297997,-0.20126205,-0.26230989,3.16847162,0.01530165,-0.00060969,-0.03918018,-0.01550730,0.99911164,3.46357117,0.19848043,0.03889490,3.46962519,-0.16502802,0.02461568,3.12816892,0.21832657,0.03493320,2.89937224,-0.17770199,0.03781740,0.05644732,2.02782235,-0.72141355,-0.01767559,-3.12065067,2.04688559,-0.53492986,1.93310065,-0.06250975,0.06028273,1.76736488,-1.28825798
0.37473192,0.03989956,-0.07813546,-0.01109824,-0.34020886,-0.31566548,-0.09400303,0.46709979,-1.44445722,0.17222482,0.43936162,-1.44925058,-0.24137519,1.19004049,-1.67446754,0.21621426,0.36916692,-1.51663237,0.34870499,0.01110865,0.00166190,0.29921916,0.30646544,0.19300942,-0.25990364,0.29856842,-0.17059954,-0.27448579,-0.05369054,0.20116666,-0.26451615,-0.27067662,-0.20319298,-0.26107539,3.17594652,0.01580375,-0.00079602,-0.04266879,-0.01861700,0.99891549,3.48939095,0.19725979,0.03931552,3.46795082,-0.16580241,0.02473336,3.12978902,0.21883129,0.03470301,2.89788661,-0.17716233,0.03814377,0.04993493,1.98757749,-0.92936713,0.07083097,-3.38314724,2.18928127,-0.52147632,1.52894211,0.29550956,-0.02462443,2.12003069,-1.81279235
0.38131269,0.04343545,-0.06688158,0.00277763,0.05212557,-0.22592629,-0.09456740,0.50199068,-1.46753731,0.17383317,0.36717553,-1.40712459,-0.24908781,1.20869229,-1.66144180,0.21452944,0.40840523,-1.54815283,0.34870499,0.01110865,0.00166190,0.29849757,0.32379466,0.19356717,-0.25884399,0.29038577,-0.17064081,-0.27382427,-0.06228614,0.20037389,-0.26384272,-0.27836130,-0.20486284,-0.25976921,3.18381891,0.01635664,-0.00089392,-0.04249148,-0.02102828,0.99887511,3.51547303,0.19612531,0.03965358,3.46676593,-0.16635397,0.02467330,3.13002076,0.21917434,0.03465485,2.89708252,-0.17660977,0.03872836,-0.03693858,1.68760724,-1.15327690,0.07639054,-3.56904035,2.05932217,-0.36448045,0.86144836,0.66794505,-0.08863666,1.88812919,-1.49619992
0.41051691,0.04328957,-0.05002152,0.02104999,0.47757010,-0.07390384,-0.09734141,0.53145347,-1.49501166,0.17463022,0.28666448,-1.36249197,-0.25273035,1.21576579,-1.64338751,0.21168625,0.43699538,-1.56665173,0.34870499,0.01110865,0.00166190,0.29809552,0.34144927,0.19360674,-0.25878452,0.28217356,-0.17120280,-0.27360370,-0.07093929,0.19952344,-0.26371954,-0.28585034,-0.20594316,-0.25811991,3.19186411,0.01685701,-0.00084184,-0.03832507,-0.02195118,0.99902384,3.54148784,0.19527905,0.03931100,3.46624541,-0.16657477,0.02449183,3.12975717,0.21930382,0.03437598,2.89724379,-0.17633168,0.03997561,-0.15671825,1.48217006,-1.43794973,0.03483300,-4.20145030,2.33130093,-0.15788095,0.29583746,0.95162001,-0.15231339,1.39384074,-0.86356466
0.39552189,0.03007362,-0.01994416,0.03241444,0.74534214,0.07357738,-0.10151633,0.55621654,-1.52503073,0.17418735,0.20013234,-1.31666315,-0.25020215,1.21525669,-1.62496710,0.20840351,0.45581418,-1.57410491,0.34870499,0.01110865,0.00166190,0.29812554,0.35927634,0.19293085,-0.25924236,0.27405897,-0.17206390,-0.27376083,-0.07933534,0.19877160,-0.26391541,-0.29286209,-0.20575846,-0.25619192,3.19995689,0.01715796,-0.00066644,-0.03111094,-0.02140626,0.99928646,3.56716561,0.19452638,0.03888318,3.46639609,-0.16648424,0.02436471,3.12920642,0.21914463,0.03421012,2.89855218,-0.17587038,0.04193361,-0.21219252,1.18304348,-1.48588061,-0.03111362,-4.27524614,2.24311209,0.17127219,-0.06896608,0.89661509,-0.16257341,0.86123097,-0.29643142
0.40205374,0.01528870,0.00540912,0.03599290,0.87531588,0.14738616,-0.10584079,0.57868919,-1.55501819,0.17316260,0.10780387,-1.26169894,-0.24265327,1.20902061,-1.60797076,0.20582838,0.46845120,-1.57288008,0.34870499,0.01110865,0.00166190,0.29858461,0.37723117,0.19190604,-0.26046917,0.26586696,-0.17290705,-0.27425783,-0.08761500,0.19839730,-0.26443299,-0.29882708,-0.20447576,-0.25433122,3.20805001,0.01714976,-0.00044628,-0.02230097,-0.01993202,0.99955249,3.59263182,0.19386456,0.03811544,3.46681252,-0.16621888,0.02432678,3.12841396,0.21888220,0.03415162,2.90130887,-0.17525042,0.04425339,-0.21364070,1.11543379,-1.48521583,-0.04738529,-4.58755045,2.74434056,0.37262105,-0.32081568,0.83932705,-0.12552989,0.62145674,0.07031350
0.41304326,0.00883736,0.02736560,0.03436421,0.90168784,0.14737831,-0.10953352,0.60134931,-1.58281121,0.17445220,0.01511184,-1.19987695,-0.23614273,1.19555411,-1.59389753,0.20407900,0.47876036,-1.56741209,0.34870499,0.01110865,0.00166190,0.29932920,0.39466313,0.19141462,-0.26156166,0.25744435,-0.17356930,-0.27498491,-0.09573372,0.19834349,-0.26513206,-0.30228654,-0.20353973,-0.25263130,3.21615443,0.01702319,-0.00024965,-0.01341566,-0.01846986,0.99973938,3.61761847,0.19372963,0.03776754,3.46701202,-0.16593681,0.02434429,3.12781219,0.21876742,0.03419714,2.90655608,-0.17521218,0.04669791,-0.18584397,1.15374246,-1.40570743,0.07326475,-4.70131502,3.14819045,0.32917877,-0.70748222,0.70557652,-0.08944888,0.52354983,0.28241557
0.39634469,0.01157686,0.04512231,0.02907906,0.81700495,0.10170612,-0.11254329,0.62445174,-1.60681391,0.17774346,-0.06698381,-1.14096441,-0.22656446,1.17214873,-1.58481908,0.20168682,0.48957919,-1.56096799,0.34870499,0.01110865,0.00166190,0.30031196,0.40944048,0.19142147,-0.26253937,0.24883929,-0.17408066,-0.27595254,-0.10391878,0.19815023,-0.26601378,-0.30175218,-0.20194835,-0.25229168,3.22423897,0.01696651,-0.00008865,-0.00502460,-0.01739886,0.99983600,3.64009166,0.19402647,0.03777259,3.46687083,-0.16566658,0.02435943,3.12727733,0.21861240,0.03429818,2.91564312,-0.17436074,0.04802029,-0.14566779,1.13361366,-1.15860767,0.16205941,-3.95192099,2.84935718,0.50435693,-1.18911963,0.42105701,-0.12238674,0.53718228,0.31480929
0.40579777,0.02068703,0.06508984,0.02666391,0.78849473,0.08599838,-0.11558869,0.64782380,-1.62646704,0.17927357,-0.13184837,-1.08640690,-0.20868573,1.14208586,-1.58223915,0.19832948,0.50186197,-1.55468581,0.34870499,0.01110865,0.00166190,0.30150822,0.41985915,0.19122904,-0.26536945,0.24010077,-0.17466274,-0.27708416,-0.11226562,0.19769640,-0.26702968,-0.29775559,-0.19817934,-0.25373185,3.23216667,0.01708256,0.00004433,0.00271909,-0.01655305,0.99985929,3.65812573,0.19430875,0.03613877,3.46635423,-0.16543220,0.02442406,3.12650666,0.21838680,0.03447853,2.92801418,-0.17113196,0.04777637,-0.15924524,1.20466316,-0.98382931,0.05851765,-3.22999067,2.80340028,0.97258949,-1.57375996,0.08807638,-0.17768564,0.64064490,0.32277455
0.36375993,0.03142400,0.07822009,0.02176046,0.68244969,0.11282460,-0.11976741,0.67104095,-1.64159572,0.17725244,-0.18011916,-1.04000521,-0.19023053,1.11124647,-1.58780694,0.19422762,0.51548088,-1.54860163,0.34870499,0.01110865,0.00166190,0.30292600,0.42639779,0.19035554,-0.26985060,0.23132471,-0.17562226,-0.27823912,-0.12072174,0.19702762,-0.26812936,-0.29163589,-0.19392870,-0.25490922,3.23969936,0.01745345,0.00015121,0.00978128,-0.01545664,0.99983268,3.67177749,0.19453762,0.03307541,3.46548486,-0.16523538,0.02468689,3.12512565,0.21811856,0.03479664,2.94220829,-0.16736781,0.04801679,-0.21484055,1.13582599,-0.70956874,-0.12489627,-2.25180912,2.19672561,0.88704681,-1.50761175,-0.33293751,-0.20620137,0.67694044,0.29655764
0.33701701,0.04432930,0.09406491,0.01749776,0.60388872,0.20251812,-0.12558565,0.69374753,-1.65058131,0.17157155,-0.21116315,-1.01232705,-0.17806374,1.07728333,-1.59687724,0.18948011,0.53083526,-1.54255667,0.34870499,0.01110865,0.00166190,0.30460454,0.42982262,0.18853502,-0.27414752,0.22252823,-0.17713484,-0.27946229,-0.12930046,0.19615874,-0.26937593,-0.28349263,-0.19109552,-0.25545142,3.24656191,0.01815359,0.00021236,0.01590328,-0.01345452,0.99978298,3.68130236,0.19505378,0.03045703,3.46424284,-0.16490535,0.02514225,3.12258692,0.21772077,0.03522861,2.95802956,-0.16524392,0.04915312,-0.28971829,1.12740984,-0.43594002,-0.28932024,-1.49806507,1.31464138,0.59932184,-1.69768910,-0.44908879,-0.23575217,0.76538178,0.29962491
0.36194266,0.05348543,0.09726040,0.01249009,0.51321342,0.31512688,-0.13180794,0.71704196,-1.65446038,0.16163726,-0.21575477,-1.02146282,-0.16789250,1.03697872,-1.60618296,0.18482940,0.54806789,-1.53689532,0.34870499,0.01110865,0.00166190,0.30622478,0.42899669,0.18546242,-0.27705649,0.21350828,-0.17884956,-0.28076795,-0.13793953,0.19528647,-0.27066538,-0.27298253,-0.18871973,-0.25651141,3.25374174,0.01905011,0.00021581,0.02099973,-0.01040354,0.99972533,3.68650513,0.19554466,0.02916828,3.46348181,-0.16420397,0.02545682,3.11989613,0.21716491,0.03555940,2.97689095,-0.16394779,0.04971337,-0.31674360,1.18805919,-0.18766794,-0.51632353,-0.15504177,-0.57497440,0.51545806,-2.06311793,-0.47852246,-0.23537673,0.88113810,0.28610816
0.38518765,0.05250245,0.08778290,0.00652410,0.37598988,0.39516008,-0.13847374,0.74179617,-1.65417979,0.14800229,-0.18997725,-1.07039275,-0.15899567,0.99091940,-1.61774378,0.18086869,0.56744142,-1.53205884,0.34870499,0.01110865,0.00166190,0.30764091,0.42306706,0.18138477,-0.27855312,0.20416374,-0.18076160,-0.28193302,-0.14657799,0.19456503,-0.27189108,-0.25982245,-0.18655006,-0.25775247,3.26163030,0.02001808,0.00015812,0.02493883,-0.00643608,0.99966825,3.68699780,0.19594039,0.02908779,3.46344962,-0.16335735,0.02570789,3.11756968,0.21645432,0.03574983,2.99942737,-0.16317103,0.04988844,-0.33038625,1.21949482,0.03087240,-0.67737116,1.36816370,-2.51703663,0.42812805,-2.28145947,-0.57588323,-0.19021402,0.95904429,0.23346507
0.43125193,0.04869803,0.08448340,0.00225127,0.25403470,0.43858203,-0.14542469,0.76749700,-1.64951646,0.13448113,-0.14977500,-1.12977877,-0.15275673,0.93890409,-1.63016047,0.17785902,0.58940310,-1.52848647,0.34870499,0.01110865,0.00166190,0.30884298,0.41441562,0.17756590,-0.27976136,0.19464342,-0.18283054,-0.28292280,-0.15519422,0.19406211,-0.27301600,-0.24413237,-0.18497694,-0.25889443,3.27004447,0.02093849,0.00005889,0.02757430,-0.00217323,0.99961739,3.68522825,0.19670077,0.02908162,3.46389108,-0.16273666,0.02592018,3.11569552,0.21567357,0.03582698,3.02511010,-0.16297518,0.04994855,-0.35682924,1.32646785,0.26910550,-0.68457271,2.11070006,-3.03863273,0.30079684,-2.71634326,-0.63821107,-0.14885089,1.14839497,0.17399927
0.41298583,0.03618807,0.07084435,-0.00000253,0.08168624,0.34828451,-0.15053278,0.79335105,-1.64118838,0.12347006,-0.10805073,-1.18004882,-0.15111348,0.88182729,-1.64221704,0.17570376,0.61487043,-1.52763486,0.34870499,0.01110865,0.00166190,0.30983394,0.40548875,0.17466977,-0.28102741,0.18536452,-0.18445984,-0.28380820,-0.16369978,0.19371309,-0.27394921,-0.22624718,-0.18452974,-0.25953816,3.27854109,0.02172396,-0.00004284,0.02864221,0.00149505,0.99958861,3.68350554,0.19760590,0.02880653,3.46445656,-0.16218057,0.02602574,3.11426258,0.21494650,0.03588474,3.05284691,-0.16348173,0.05029579,-0.23274736,1.26724374,0.43124309,-0.52020258,2.04179955,-2.38284636,0.04452905,-2.83013368,-0.58787006,-0.09996575,1.27476096,0.01945916
0.39901049,0.02693077,0.05614541,0.00087215,-0.11169305,0.23541500,-0.15348442,0.81852258,-1.63222854,0.11547367,-0.06694951,-1.21808302,-0.15433518,0.82293963,-1.65349212,0.17454938,0.64481772,-1.53068345,0.34870499,0.01110865,0.00166190,0.31053125,0.39705936,0.17276091,-0.28205889,0.17730064,-0.18549427,-0.28400402,-0.17187326,0.19350719,-0.27468857,-0.20693047,-0.18519823,-0.25931453,3.28664603,0.02233514,-0.00010733,0.02758594,0.00390505,0.99961180,3.68234348,0.19819302,0.02847236,3.46539054,-0.16176822,0.02652723,3.11326613,0.21449357,0.03584268,3.08116884,-0.16447420,0.05121672,-0.14560193,1.24724913,0.44103833,-0.39200423,2.03955479,-1.87072642,-0.16283752,-2.92206964,-0.55553781,-0.05575434,1.49289603,-0.15658622
0.38236136,0.01859914,0.03827284,0.00297027,-0.29043703,0.14005021,-0.15565665,0.84243270,-1.62594512,0.11005507,-0.02613652,-1.24755480,-0.15882100,0.76396122,-1.66160655,0.17421830,0.67815522,-1.53677886,0.34870499,0.01110865,0.00166190,0.31092406,0.38909381,0.17164931,-0.28274679,0.17094526,-0.18621867,-0.28315252,-0.17966346,0.19342632,-0.27530609,-0.18729222,-0.18610293,-0.25881181,3.29421210,0.02278943,-0.00013137,0.02479542,0.00531903,0.99967839,3.68145733,0.19856945,0.02817727,3.46712928,-0.16159963,0.02777154,3.11250052,0.21429296,0.03561797,3.10891085,-0.16529597,0.05211225,-0.10703643,1.21238575,0.30956959,-0.27013540,2.07458782,-1.48328569,-0.22911808,-3.00229120,-0.40010590,-0.01504783,1.70223093,-0.31793371
0.34659351,0.00740252,0.01908761,0.00464990,-0.39498137,0.06080308,-0.15616648,0.86430569,-1.62666552,0.10694047,0.01375877,-1.27085261,-0.16358461,0.70301231,-1.66316867,0.17468809,0.71403660,-1.54636557,0.34870499,0.01110865,0.00166190,0.31103861,0.38161009,0.17119736,-0.28305144,0.16691979,-0.18630168,-0.28110247,-0.18701511,0.19343750,-0.27555505,-0.16752461,-0.18705969,-0.25840614,3.30132046,0.02304403,-0.00012460,0.02083708,0.00599246,0.99976492,3.68085093,0.19880357,0.02798717,3.47046151,-0.16124335,0.02993614,3.11199999,0.21422582,0.03548355,3.13605022,-0.16601039,0.05263247,-0.01715755,1.06117160,-0.07938357,-0.14348591,1.94929519,-1.11988428,-0.23382427,-3.00017576,-0.04329400,0.02647323,1.76719625,-0.48463483
0.34597932,-0.00336899,0.00215840,0.00570930,-0.46433495,0.00655532,-0.15617533,0.88021331,-1.64048221,0.10573464,0.05206397,-1.29001245,-0.16834838,0.63929974,-1.65627351,0.17572264,0.75097045,-1.55812047,0.34870499,0.01110865,0.00166190,0.31089447,0.37456218,0.17125840,-0.28304858,0.16700040,-0.18594885,-0.27725615,-0.19399816,0.19349850,-0.27544058,-0.14785149,-0.18805060,-0.25818345,3.30808249,0.02308625,-0.00010012,0.01636274,0.00611744,0.99984740,3.68052106,0.19891508,0.02784589,3.47734571,-0.16080521,0.03363833,3.11173115,0.21419645,0.03545389,3.16254311,-0.16675942,0.05271102,-0.00374326,0.76539285,-0.80601919,-0.05135124,1.96120381,-0.96546476,-0.24484228,-3.29576006,0.41073628,0.05560346,1.90327156,-0.61240997
0.31440568,-0.01043714,-0.01495027,0.00541267,-0.45400993,-0.03640191,-0.15806232,0.87666065,-1.65788651,0.10575721,0.08922556,-1.30739462,-0.17370750,0.57338578,-1.63992953,0.17711076,0.78774565,-1.57030702,0.34870499,0.01110865,0.00166190,0.31047764,0.36777442,0.17162659,-0.28275399,0.17330603,-0.18606370,-0.27303115,-0.20069845,0.19359104,-0.27512315,-0.12855760,-0.18927578,-0.25815077,3.31453228,0.02296795,-0.00006819,0.01174415,0.00580554,0.99991418,3.68028903,0.19885346,0.02772366,3.48998713,-0.16107083,0.03744650,3.11159945,0.21421549,0.03535450,3.18818116,-0.16778784,0.05232687,-0.10945165,-0.34121203,-0.84616154,0.00838760,1.81505144,-0.84384042,-0.26869509,-3.24535346,0.86899358,0.07046496,1.80014431,-0.59833241
0.30579408,-0.01257444,-0.02997648,0.00524239,-0.47840902,-0.05425116,-0.16225126,0.83510743,-1.64894066,0.10640495,0.12552480,-1.32377164,-0.18024997,0.50598606,-1.61302385,0.17894773,0.82511847,-1.58367269,0.34870499,0.01110865,0.00166190,0.30979488,0.36124194,0.17213664,-0.28210808,0.18658560,-0.18746316,-0.27254859,-0.20718034,0.19371329,-0.27448594,-0.10971482,-0.19092707,-0.25833583,3.32069445,0.02277954,-0.00003681,0.00693622,0.00526041,0.99996211,3.68010535,0.19870725,0.02768680,3.50924201,-0.16271020,0.03724629,3.11148753,0.21430238,0.03530894,3.21299443,-0.16929126,0.05145905,-0.20771938,-2.11102490,0.49120343,0.03229151,1.80157530,-0.81136783,-0.32658165,-3.34443536,1.34972465,0.09070470,1.85742230,-0.66546240
0.30293726,-0.01366172,-0.04245889,0.00514964,-0.52286215,-0.05808454,-0.16541012,0.77304252,-1.62001719,0.10717674,0.16214346,-1.33946540,-0.18789230,0.43991585,-1.57898483,0.18064891,0.86388113,-1.59793680,0.34870499,0.01110865,0.00166190,0.30894470,0.35471950,0.17267264,-0.28125296,0.20330610,-0.18902026,-0.27443495,-0.21365504,0.19371069,-0.27371995,-0.09157153,-0.19295507,-0.25861863,3.32665815,0.02256955,-0.00000900,0.00181047,0.00469003,0.99998736,3.67974238,0.19856185,0.02769174,3.53172832,-0.16453539,0.03450975,3.11119552,0.21426764,0.03522476,3.23690057,-0.17123597,0.05032607,-0.15302724,-3.16932054,1.48402495,0.03979888,1.86501777,-0.79723381,-0.39166559,-3.35198407,1.74361036,0.08688636,1.97465138,-0.72612116
0.28112932,-0.01971327,-0.05069385,0.00458802,-0.52691986,-0.05163849,-0.16547792,0.71052392,-1.59032528,0.10842718,0.19971108,-1.35474935,-0.19632291,0.37920882,-1.54091949,0.18330647,0.90384794,-1.61208792,0.34870499,0.01110865,0.00166190,0.30796192,0.34799735,0.17333896,-0.28024765,0.22061166,-0.18964436,-0.27576479,-0.22025709,0.19390026,-0.27276986,-0.07496994,-0.19528128,-0.25899228,3.33242283,0.02223327,0.00001432,-0.00355427,0.00415488,0.99998505,3.67896776,0.19845801,0.02771427,3.55460277,-0.16557132,0.03219714,3.11056209,0.21429656,0.03519206,3.25907822,-0.17366425,0.04896965,0.00821036,-3.03749604,1.43092093,0.06464141,1.84427757,-0.74745201,-0.41362571,-2.94344902,1.87475250,0.13874312,1.96292319,-0.69090194
0.27681136,-0.03412702,-0.06146449,0.00433314,-0.55382947,-0.03180900,-0.16411987,0.65384300,-1.56603415,0.11021110,0.23767759,-1.36984558,-0.20398427,0.32879862,-1.50332260,0.18795638,0.94442424,-1.62485938,0.34870499,0.01110865,0.00166190,0.30687508,0.34113010,0.17413785,-0.27909985,0.23727344,-0.18963331,-0.27554969,-0.22713305,0.19457975,-0.27156389,-0.06104382,-0.19750729,-0.25966792,3.33787308,0.02164581,0.00003394,-0.00894045,0.00381328,0.99995276,3.67766514,0.19838034,0.02777523,3.57658591,-0.16617234,0.03132539,3.10926261,0.21448760,0.03531119,3.27833738,-0.17632130,0.04720716,0.07265004,-2.88354793,1.21834698,0.09394007,1.95548925,-0.77692264,-0.38544480,-2.51750822,1.92006223,0.25177882,2.09097095,-0.64526581
0.22777431,-0.04209236,-0.06281289,0.00410953,-0.53745114,0.01269036,-0.16134718,0.59706599,-1.54170239,0.11172850,0.27642635,-1.38501847,-0.21100067,0.29352793,-1.47186053,0.19358741,0.98588145,-1.63574183,0.34870499,0.01110865,0.00166190,0.30573383,0.33406101,0.17484173,-0.27787020,0.25425093,-0.18911060,-0.27451382,-0.23442066,0.19546531,-0.27031493,-0.05073652,-0.19964633,-0.26059461,3.34266996,0.02084923,0.00005584,-0.01440384,0.00387661,0.99988874,3.67536521,0.19827601,0.02786363,3.59837961,-0.16628423,0.03122001,3.10674071,0.21449097,0.03541890,3.29348302,-0.17918450,0.04513922,0.14856282,-2.79917431,1.20732355,0.07082653,1.90652633,-0.74456012,-0.34156877,-1.61481071,1.48881173,0.28011814,2.03974795,-0.52030647
0.16747258,-0.04269072,-0.06478558,0.00508152,-0.58993212,0.09173384,-0.15543702,0.53560262,-1.50983436,0.11217459,0.31652932,-1.39971988,-0.21846221,0.28224491,-1.45604453,0.20016012,1.02890010,-1.64560740,0.34870499,0.01110865,0.00166190,0.30456786,0.32678872,0.17522395,-0.27655510,0.27226248,-0.18771649,-0.27349148,-0.24195172,0.19647354,-0.26901868,-0.04569516,-0.20191570,-0.26148419,3.34610252,0.02001724,0.00009799,-0.02033163,0.00476608,0.99978193,3.67120581,0.19834882,0.02801276,3.62014232,-0.16509497,0.03107637,3.10228863,0.21417509,0.03554918,3.30233450,-0.18232494,0.04308367,0.29508645,-3.05120850,1.59028811,0.01937305,1.99188375,-0.72924848,-0.36821740,-0.51512650,0.75139697,0.32925041,2.13561215,-0.48811871
0.19741880,-0.03623505,-0.06971417,0.00685595,-0.61675330,0.19646683,-0.14916945,0.47461784,-1.47484505,0.11105946,0.35726539,-1.41477692,-0.22425580,0.29398010,-1.45815468,0.20834356,1.07129769,-1.65391562,0.34870499,0.01110865,0.00166190,0.30340092,0.31944147,0.17510930,-0.27518352,0.29010003,-0.18616731,-0.27189258,-0.24939021,0.19780627,-0.26760738,-0.04568966,-0.20367758,-0.26243072,3.34998941,0.01934588,0.00017803,-0.02641283,0.00664404,0.99962902,3.66707506,0.19868582,0.02821739,3.64253840,-0.16294889,0.03150833,3.09799194,0.21381971,0.03579353,3.30701113,-0.18492102,0.04097019,0.31618122,-3.09576998,1.77771559,-0.06058280,2.07221422,-0.76989272,-0.28791399,0.64127988,-0.14614830,0.41964045,2.14976945,-0.41487687
0.26361853,-0.03016368,-0.07190389,0.00759033,-0.48574641,0.31670142,-0.14408594,0.41513467,-1.44091196,0.10855756,0.39765420,-1.43267255,-0.22738002,0.32245381,-1.47674747,0.21775832,1.10893795,-1.65716774,0.34870499,0.01110865,0.00166190,0.30227534,0.31194118,0.17448221,-0.27385166,0.30723710,-0.18482144,-0.26955251,-0.25680923,0.19950173,-0.26622458,-0.04964091,-0.20450921,-0.26288742,3.35534711,0.01883448,0.00031032,-0.03151178,0.00975736,0.99945570,3.66382236,0.19937356,0.02842368,3.66613398,-0.15995344,0.03272283,3.09469190,0.21328443,0.03605075,3.30970836,-0.18660491,0.03938792,0.24391832,-2.91535773,1.65737646,-0.12671254,1.97529256,-0.89491391,-0.14355725,1.45044880,-0.97742217,0.46509081,1.81442280,-0.12870675
0.33594509,-0.03550261,-0.07860931,0.00567555,-0.25585364,0.42080890,-0.13996036,0.35344818,-1.40712624,0.10568990,0.43598808,-1.45521359,-0.22853400,0.36121347,-1.50813026,0.22758915,1.13750160,-1.65172369,0.34870499,0.01110865,0.00166190,0.30119114,0.30429297,0.17360078,-0.27266684,0.32392568,-0.18361089,-0.26717570,-0.26439088,0.20154590,-0.26500369,-0.05665853,-0.20450750,-0.26225895,3.36185441,0.01832900,0.00047398,-0.03432665,0.01377090,0.99931568,3.66124821,0.20024876,0.02852430,3.69071655,-0.15628628,0.03401544,3.09201026,0.21251299,0.03618745,3.31085267,-0.18766209,0.03893219,0.20771332,-3.19988551,1.74410722,-0.14705532,1.95552247,-1.19155014,-0.04845551,2.04691663,-1.68209486,0.50655647,1.40460157,0.34157211
0.35518132,-0.03486780,-0.06689003,-0.00209105,0.06572490,0.33546614,-0.13574785,0.28525096,-1.37073910,0.10376160,0.47035444,-1.48150611,-0.22758979,0.40088797,-1.53985608,0.23575304,1.15548384,-1.63728416,0.34870499,0.01110865,0.00166190,0.30029091,0.29659868,0.17286439,-0.27183700,0.34075718,-0.18222877,-0.26541840,-0.27222930,0.20351982,-0.26396398,-0.06540065,-0.20390048,-0.26142354,3.36910629,0.01786311,0.00059106,-0.03410652,0.01731699,0.99926799,3.65953732,0.20090053,0.02845392,3.71597290,-0.15244936,0.03487251,3.08998871,0.21182827,0.03632693,3.31080985,-0.18818101,0.03886737,0.20940688,-3.39578867,1.80690420,-0.08555720,1.65352571,-1.31169486,0.06199321,1.93071532,-1.52885902,0.38360056,0.80689257,0.76873857
0.37047350,-0.02832647,-0.04873026,-0.01423349,0.37969706,0.16021522,-0.13026602,0.20533452,-1.32381475,0.10440949,0.49909514,-1.50945044,-0.22506973,0.43014117,-1.55834022,0.23887153,1.16241620,-1.61703887,0.34870499,0.01110865,0.00166190,0.29975324,0.28889880,0.17276848,-0.27159514,0.35832734,-0.18035848,-0.26531851,-0.27989953,0.20457835,-0.26299056,-0.07401379,-0.20315584,-0.26128830,3.37663407,0.01756827,0.00057698,-0.03037113,0.01899489,0.99935802,3.65875893,0.20119025,0.02815810,3.74155631,-0.14904333,0.03443473,3.08916264,0.21136254,0.03676268,3.31039376,-0.18825340,0.03846494,0.27315166,-3.98158360,2.33868313,0.03662298,1.41887076,-1.38903921,0.12343666,1.43369291,-0.89692121,0.14708085,0.33285651,1.00415652
0.37801069,-0.01279006,-0.03144861,-0.02301261,0.59542425,0.00501154,-0.12485619,0.11756555,-1.27043736,0.10692844,0.52436801,-1.53808136,-0.22380799,0.45048793,-1.56640062,0.23800431,1.16452973,-1.59808750,0.34870499,0.01110865,0.00166190,0.29949070,0.28124443,0.17315048,-0.27159819,0.37658303,-0.17835170,-0.26547466,-0.28708096,0.20472376,-0.26153237,-0.08206213,-0.20294332,-0.26134932,3.38409801,0.01758323,0.00047018,-0.02456655,0.01910297,0.99951555,3.65852089,0.20135374,0.02789250,3.76722093,-0.14624881,0.03401604,3.08940411,0.21118799,0.03795833,3.30985036,-0.18834752,0.03814138,0.27122951,-4.47941952,2.73598452,0.12918767,1.28121731,-1.45508673,0.05922145,1.02021773,-0.39032452,-0.05203003,0.10380990,0.95557644
0.36089093,0.00816026,-0.01299748,-0.02378492,0.63478958,-0.09052504,-0.12153856,0.02607863,-1.21007743,0.10915579,0.54847417,-1.56554475,-0.22412411,0.46607805,-1.56753080,0.23359999,1.16595995,-1.58281586,0.34870499,0.01110865,0.00166190,0.29946961,0.27354329,0.17343522,-0.27187055,0.39496585,-0.17684216,-0.26530510,-0.29373485,0.20390934,-0.25976507,-0.08974634,-0.20330974,-0.26162864,3.39145999,0.01798775,0.00033130,-0.01809495,0.01823501,0.99966992,3.65849614,0.20128368,0.02759906,3.79261250,-0.14433241,0.03416451,3.09048400,0.21104896,0.03970454,3.30918803,-0.18845978,0.03784097,0.15172458,-4.48250799,2.97478209,0.10366790,1.18034372,-1.33730936,-0.01878616,0.75346403,-0.03572913,-0.23106668,0.07246803,0.73283976
0.38093897,0.01670450,0.01013134,-0.02265871,0.64392735,-0.11486948,-0.11954956,-0.05792598,-1.15014291,0.11029236,0.57257926,-1.59036107,-0.22400000,0.48096106,-1.56603076,0.22727318,1.16753552,-1.57018569,0.34870499,0.01110865,0.00166190,0.29979163,0.26575387,0.17344053,-0.27241973,0.41123549,-0.17568837,-0.26509068,-0.29984673,0.20253302,-0.25798147,-0.09742101,-0.20364602,-0.26221813,3.39883065,0.01856164,0.00020273,-0.01179553,0.01711807,0.99978387,3.65849128,0.20099819,0.02737190,3.81583953,-0.14294574,0.03470095,3.09222627,0.21071114,0.04181017,3.30843825,-0.18830008,0.03757351,0.09998801,-4.24365416,3.06221542,0.05267459,1.24218860,-1.25816708,0.01494455,0.77034039,0.08408672,-0.32978402,0.08004447,0.63869001
0.36371324,0.00742031,0.03259131,-0.01916776,0.57821320,-0.08609083,-0.11689708,-0.12304863,-1.09911609,0.11145034,0.59666896,-1.61160624,-0.22233163,0.49706322,-1.56435215,0.22228444,1.16835237,-1.56182444,0.34870499,0.01110865,0.00166190,0.30049083,0.25786152,0.17350446,-0.27318225,0.42287031,-0.17448929,-0.26614925,-0.30474922,0.20141151,-0.25578286,-0.10533403,-0.20359495,-0.26305022,3.40623116,0.01898488,0.00009472,-0.00584543,0.01620205,0.99985165,3.65833569,0.20075306,0.02730858,3.83453298,-0.14171163,0.03434157,3.09511614,0.21041664,0.04470797,3.30754900,-0.18791605,0.03744061,0.13758942,-3.04277492,2.42405057,0.05956257,1.18005621,-1.01492679,0.09311998,0.79936135,0.08097816,-0.22958831,0.03307006,0.37307596
0.35743034,-0.00774720,0.05352493,-0.01762042,0.56048798,-0.09434085,-0.11326792,-0.17226176,-1.05262325,0.11373347,0.62020167,-1.62809918,-0.22018901,0.51299963,-1.56119251,0.21282005,1.15913696,-1.55973985,0.34870499,0.01110865,0.00166190,0.30156127,0.24984808,0.17395483,-0.27419606,0.43039096,-0.17326907,-0.26928960,-0.30544667,0.19926465,-0.25495583,-0.11327420,-0.20344505,-0.26402245,3.41344814,0.01906105,0.00000365,-0.00018908,0.01526850,0.99988341,3.65786829,0.20056349,0.02736520,3.84892893,-0.14098592,0.03227167,3.10205965,0.20890645,0.04660544,3.30643864,-0.18774780,0.03753881,0.18388521,-2.42556834,2.29144335,0.11576826,1.16630795,-0.81123880,0.10726690,0.78977804,0.15945548,-0.48947437,-0.49045146,0.10130817
0.34091213,-0.02355793,0.07338485,-0.01601715,0.54777997,-0.15169617,-0.10740040,-0.21085433,-1.01729920,0.11740481,0.64296471,-1.64051540,-0.21717933,0.52866445,-1.55698519,0.19486579,1.13343706,-1.55943401,0.34870499,0.01110865,0.00166190,0.30292123,0.24178723,0.17484542,-0.27535209,0.43577520,-0.17145042,-0.27254696,-0.30103315,0.19519441,-0.25716483,-0.12119112,-0.20307331,-0.26513446,3.42020502,0.01879927,-0.00007038,0.00521380,0.01380967,0.99989105,3.65707130,0.20025546,0.02756914,3.86054897,-0.14055090,0.03037427,3.11389599,0.20560557,0.04575640,3.30466843,-0.18754353,0.03778677,0.30459613,-1.93073750,1.75738811,0.19018765,1.15673501,-0.62172128,0.15711308,0.79817829,0.21416500,-0.91965964,-1.33599432,0.00805548
0.31493755,-0.03625059,0.08495642,-0.01228696,0.48077400,-0.21981125,-0.09973629,-0.23075513,-1.00419664,0.12248025,0.66564955,-1.64860859,-0.21280597,0.54501694,-1.55269001,0.17860346,1.10018318,-1.56461647,0.34870499,0.01110865,0.00166190,0.30451058,0.23352822,0.17618857,-0.27662692,0.43769924,-0.16916319,-0.27562052,-0.29318058,0.19145003,-0.25955488,-0.12916639,-0.20231880,-0.26641175,3.42666492,0.01823124,-0.00011631,0.01016845,0.01162878,0.99988067,3.65603232,0.19980337,0.02788366,3.86818004,-0.14070653,0.02889006,3.12911105,0.20281092,0.04495570,3.30223885,-0.18703689,0.03809883,0.37807689,-0.87103947,0.52071177,0.25401683,1.11355846,-0.37831977,0.21778747,0.80464374,0.21094293,-0.76447493,-1.63288252,-0.28938964
0.35225255,-0.04593477,0.09708444,-0.00879073,0.43146725,-0.28740859,-0.09108551,-0.22476943,-1.02078953,0.12820206,0.68890764,-1.65261402,-0.20859399,0.56179501,-1.54798195,0.16930186,1.06514132,-1.57423322,0.34870499,0.01110865,0.00166190,0.30619211,0.22499652,0.17777766,-0.27798288,0.43483627,-0.16667983,-0.27854993,-0.28358929,0.18934301,-0.26083037,-0.13703833,-0.20159438,-0.26771823,3.43350821,0.01747853,-0.00012720,0.01445140,0.00889039,0.99985604,3.65530791,0.19922897,0.02820924,3.87123961,-0.14144270,0.02764218,3.14659686,0.20174883,0.04536175,3.30007629,-0.18652078,0.03847389,0.45345964,0.47604919,-1.04480201,0.29576107,1.20167887,-0.18178224,0.21118056,0.86483845,0.24643575,-0.43877159,-1.82020624,-0.50412170
0.36347213,-0.04655251,0.09385122,-0.00476177,0.32802363,-0.27209138,-0.08011062,-0.19858792,-1.06060922,0.13340428,0.71291113,-1.65333974,-0.20519938,0.57954109,-1.54303873,0.16383898,1.02250493,-1.58131123,0.34870499,0.01110865,0.00166190,0.30784780,0.21628269,0.17928213,-0.27935682,0.42836692,-0.16362981,-0.28112345,-0.27183347,0.18828673,-0.26256874,-0.14486493,-0.20107805,-0.26900251,3.44091630,0.01663119,-0.00010933,0.01791817,0.00610036,0.99982084,3.65499520,0.19853915,0.02849098,3.87124801,-0.14175931,0.02672435,3.16680551,0.20158686,0.04527906,3.29851580,-0.18619960,0.03884529,0.55712593,1.40675545,-2.09487867,0.24935865,1.18191803,-0.01425603,0.16088344,0.87883538,0.24279425,-0.24792551,-2.15710592,-0.31800830
0.38754334,-0.04667164,0.08873201,-0.00224230,0.22226606,-0.19837030,-0.07048000,-0.16231959,-1.10940337,0.13768650,0.73734937,-1.65043643,-0.20142606,0.60079095,-1.53971694,0.16200966,0.97066996,-1.58923566,0.34870499,0.01110865,0.00166190,0.30932682,0.20758791,0.18061005,-0.28065190,0.42028355,-0.16098108,-0.28274560,-0.25656090,0.18812854,-0.26436690,-0.15298281,-0.20038609,-0.27033589,3.44879093,0.01575334,-0.00008203,0.02020544,0.00406910,0.99978757,3.65490184,0.19804713,0.02867492,3.87037091,-0.14180139,0.02658122,3.19070721,0.20178729,0.04495992,3.29744430,-0.18587136,0.03899094,0.47004907,1.80535698,-2.41424870,0.21143009,1.21272597,0.15125651,0.18747558,1.06215298,0.15976393,-0.08510464,-2.58132172,-0.39982804
0.40271218,-0.04348067,0.07993561,-0.00068148,0.08395768,-0.12439922,-0.06448062,-0.12371574,-1.15291328,0.14132149,0.76164031,-1.64385846,-0.19798713,0.62599831,-1.53928230,0.16286196,0.91475446,-1.59979336,0.34870499,0.01110865,0.00166190,0.31057454,0.19915431,0.18182478,-0.28179545,0.41191426,-0.15939537,-0.28401545,-0.23884207,0.18852583,-0.26554620,-0.16120697,-0.19968445,-0.27150777,3.45677643,0.01493850,-0.00005959,0.02110273,0.00282318,0.99977332,3.65490069,0.19788512,0.02877908,3.86958432,-0.14212801,0.02655909,3.21687346,0.20211244,0.04502834,3.29669976,-0.18565319,0.03906676,0.30077093,1.96558728,-2.19400287,0.18313642,1.23483453,0.34165671,0.17162293,1.29038751,0.01490572,0.04709865,-2.84953203,-0.53773793
0.38082657,-0.03531900,0.06243179,0.00029730,-0.08788422,-0.08735392,-0.05968334,-0.08402666,-1.18897576,0.14444945,0.78556097,-1.63475010,-0.19585506,0.65465106,-1.54189777,0.16488688,0.85705153,-1.60991595,0.34870499,0.01110865,0.00166190,0.31155499,0.19132431,0.18293665,-0.28251836,0.40362767,-0.15821197,-0.28519717,-0.21980745,0.18908430,-0.26637175,-0.16917138,-0.19922751,-0.27242258,3.46461463,0.01423788,-0.00003934,0.02035235,0.00192247,0.99979102,3.65523400,0.19790896,0.02903663,3.86884775,-0.14242068,0.02635782,3.24408164,0.20247546,0.04518324,3.29621067,-0.18563875,0.03913241,0.23406980,1.95057313,-1.74107404,0.15262242,1.17030559,0.45378066,0.09975853,1.41765783,-0.14039207,0.10152038,-2.83184533,-0.48997961
0.38493267,-0.03025601,0.04793332,0.00065926,-0.24362064,-0.07774975,-0.05575999,-0.04369522,-1.21928358,0.14805663,0.80850461,-1.62451994,-0.19461963,0.68589896,-1.54693375,0.16743982,0.79875396,-1.61855514,0.34870499,0.01110865,0.00166190,0.31224978,0.18436466,0.18418111,-0.28259837,0.39557215,-0.15730394,-0.28610252,-0.20012497,0.18963646,-0.26674719,-0.17676901,-0.19891345,-0.27318797,3.47216287,0.01365335,-0.00002109,0.01814268,0.00115047,0.99983475,3.65610318,0.19825825,0.02965141,3.86809597,-0.14273984,0.02614726,3.27160201,0.20282876,0.04550259,3.29585209,-0.18566638,0.03906181,0.19352569,2.07730882,-1.52652183,0.19174646,1.17270665,0.53072081,0.05904839,1.62222064,-0.27219583,0.13468274,-3.00348916,-0.43530707
0.35011881,-0.02081340,0.02854607,0.00054487,-0.29803241,-0.02692751,-0.05377113,-0.00453800,-1.24455667,0.15244474,0.82895094,-1.61611485,-0.19412817,0.71851748,-1.55350864,0.17066777,0.73828077,-1.62368727,0.34870499,0.01110865,0.00166190,0.31265616,0.17877527,0.18557744,-0.28190330,0.38791404,-0.15692915,-0.28671491,-0.18002883,0.19026778,-0.26655439,-0.18411088,-0.19871704,-0.27372168,3.47937036,0.01321707,-0.00001214,0.01518061,0.00079957,0.99988445,3.65784860,0.19908019,0.03075287,3.86753488,-0.14309148,0.02594125,3.29903746,0.20319668,0.04610178,3.29557753,-0.18579417,0.03893448,0.08226580,1.90732551,-1.20437837,0.22005595,0.98143953,0.39226866,0.01881491,1.60621881,-0.33161217,0.16339210,-2.98442197,-0.22135060
0.34221826,-0.01017600,0.01361326,0.00064361,-0.31854343,0.04501564,-0.05396605,0.03216258,-1.26560776,0.15753721,0.84256262,-1.61261413,-0.19367506,0.75195647,-1.56170630,0.17436488,0.67282608,-1.61898756,0.34870499,0.01110865,0.00166190,0.31277611,0.17604512,0.18704641,-0.28033562,0.38077667,-0.15714760,-0.28702082,-0.15978460,0.19105173,-0.26633088,-0.19127059,-0.19842763,-0.27391924,3.48627992,0.01302294,-0.00001453,0.01197923,0.00123638,0.99992748,3.66186194,0.20050413,0.03244048,3.86744404,-0.14318253,0.02575529,3.32602334,0.20367895,0.04644522,3.29550061,-0.18587709,0.03885687,-0.01172307,1.81924920,-1.04179995,0.25607517,0.66299430,0.16660497,0.02237087,1.66060188,-0.40928782,0.18394148,-3.25458016,0.25168753
0.33884386,-0.00301705,-0.00414513,0.00117040,-0.34688656,0.07513949,-0.05498444,0.06789308,-1.28554661,0.16469577,0.84996570,-1.61439497,-0.19366141,0.78566314,-1.57096314,0.17836092,0.60475116,-1.60473127,0.34870499,0.01110865,0.00166190,0.31259454,0.17606223,0.18896009,-0.27773921,0.37393711,-0.15758362,-0.28693661,-0.13985123,0.19197849,-0.26628870,-0.19817557,-0.19817934,-0.27382106,3.49294925,0.01298425,-0.00001655,0.00857804,0.00197779,0.99996125,3.66826262,0.20263932,0.03485533,3.86750679,-0.14311895,0.02565793,3.35233970,0.20440802,0.04630584,3.29555917,-0.18597747,0.03877348,-0.05201087,1.81652770,-1.01452053,0.37023865,0.36600322,-0.11052822,-0.00244074,1.71345189,-0.47173436,0.20423331,-3.46472335,0.74412338
0.31820603,0.00248051,-0.02185303,0.00164929,-0.34717851,0.04869641,-0.05582968,0.10330857,-1.30577619,0.17409121,0.84964194,-1.62446427,-0.19493779,0.81890512,-1.58056095,0.18297641,0.53593755,-1.58232725,0.34870499,0.01110865,0.00166190,0.31210797,0.17968118,0.19127420,-0.27367717,0.36727841,-0.15795254,-0.28648100,-0.12046717,0.19311957,-0.26625943,-0.20473995,-0.19822759,-0.27339522,3.49944706,0.01305927,-0.00001244,0.00504101,0.00250962,0.99998414,3.67816591,0.20523292,0.03843080,3.86751366,-0.14304781,0.02562697,3.37801208,0.20557174,0.04584854,3.29570465,-0.18619348,0.03871275,-0.03920022,1.73456104,-0.99333029,0.46730372,-0.06577337,-0.52572416,-0.06749858,1.62691288,-0.47148113,0.22985268,-3.37410731,1.13115165
0.32903383,0.00566116,-0.03678610,0.00192338,-0.36335903,0.00760725,-0.05610901,0.13834732,-1.32614858,0.18427018,0.83362749,-1.63572841,-0.19671308,0.85182769,-1.59047949,0.18853683,0.46704974,-1.55232527,0.34870499,0.01110865,0.00166190,0.31139591,0.18799068,0.19374495,-0.26937321,0.36073445,-0.15814353,-0.28582883,-0.10171102,0.19457183,-0.26618200,-0.21108646,-0.19835369,-0.27272135,3.50584564,0.01319798,-0.00000396,0.00150627,0.00263339,0.99999540,3.69281330,0.20793035,0.04202270,3.86740799,-0.14304345,0.02556707,3.40311127,0.20723142,0.04521391,3.29580679,-0.18626470,0.03867456,-0.01064813,1.80098889,-1.04825916,0.52497398,-0.94119200,-0.55680239,-0.09133061,1.69394169,-0.51292531,0.29256670,-3.54551148,1.59099061
