vx,vy,vz,wx,wy,wz,base1,shoulder1,elbow1,base2,shoulder2,elbow2,base3,shoulder3,elbow3,base4,shoulder4,elbow4,com_vx,com_vy,com_wz,height,e1x,e1y,e1z,e2x,e2y,e2z,e3x,e3y,e3z,e4x,e4y,e4z,com_x,com_y,quat_x,quat_y,quat_z,quat_w,e1x_w,e1y_w,e1z_w,e2x_w,e2y_w,e2z_w,e3x_w,e3y_w,e3z_w,e4x_w,e4y_w,e4z_w,jv_base1,jv_shoulder1,jv_elbow1,jv_base2,jv_shoulder2,jv_elbow2,jv_base3,jv_shoulder3,jv_elbow3,jv_base4,jv_shoulder4,jv_elbow4
0.00000000,0.00000000,0.00000000,0.00000000,0.00000000,0.00000000,-0.06664322,0.00127643,-1.20903814,0.11629758,0.83111817,-1.62087905,-0.16287592,0.73257405,-1.60470688,0.11111602,0.80286115,-1.72445977,0.34263732,0.00895848,0.00199114,0.28459555,0.18379721,0.17541459,-0.28279111,0.38868244,-0.16100959,-0.28653561,-0.18025412,0.17209687,-0.26219296,-0.17620411,-0.18863011,-0.27377315,0.00000000,0.00000000,0.00012770,0.00626966,-0.02036258,0.99977299,0.19078723,0.16778535,0.00180444,0.38180420,-0.17670224,-0.00194006,-0.17309728,0.17929365,0.02240258,-0.18373853,-0.18129909,0.01082240,0.00000000,0.00000000,0.00000000,0.00000000,0.00000000,0.00000000,0.00000000,0.00000000,0.00000000,0.00000000,0.00000000,0.00000000
0.33013687,-0.00931706,0.01109038,-0.00806190,-0.20654030,0.13748054,-0.06873638,0.03399936,-1.22861671,0.11904022,0.85018557,-1.62128472,-0.16205572,0.76360812,-1.61087360,0.11658251,0.73063695,-1.71941330,0.34263732,0.00895848,0.00199114,0.28476702,0.17943932,0.17615457,-0.28139646,0.38186811,-0.16177140,-0.28708576,-0.15980567,0.17342051,-0.26132665,-0.18336367,-0.18832573,-0.27406209,0.00664577,-0.00044648,0.00008001,0.00419690,-0.01897777,0.99981109,0.19264074,0.16877165,0.00337056,0.38209974,-0.17659288,-0.00231874,-0.14646364,0.17891358,0.02344037,-0.18373259,-0.18167808,0.01070493,-0.10497159,1.62548356,-0.97293308,0.14003274,0.93283882,-0.02407317,0.03966783,1.53993230,-0.30539420,0.27105970,-3.59035249,0.27699153
0.32947691,-0.00177556,0.00210455,-0.00864225,-0.23823531,0.13862328,-0.07127437,0.06708023,-1.24836926,0.12404632,0.86097459,-1.62439690,-0.16183252,0.79438729,-1.61709123,0.12217789,0.65640857,-1.70107601,0.34263732,0.00895848,0.00199114,0.28479501,0.17806780,0.17748021,-0.27929932,0.37509730,-0.16265431,-0.28724662,-0.14015208,0.17488549,-0.26137289,-0.19025617,-0.18814678,-0.27419363,0.01313091,-0.00071765,0.00003344,0.00186687,-0.01761306,0.99984313,0.19733921,0.17038076,0.00549569,0.38226668,-0.17648224,-0.00245161,-0.12077462,0.17899559,0.02342212,-0.18363389,-0.18204674,0.01060138,-0.12926698,1.68104091,-1.00223649,0.26052995,0.52461478,-0.16764586,0.00981691,1.56445174,-0.31870848,0.28638521,-3.77343040,0.95636874
0.30498551,0.00450711,-0.01234820,-0.00852018,-0.25336605,0.12798903,-0.07370964,0.09969858,-1.26756601,0.13155172,0.86128772,-1.63324161,-0.16218048,0.82467004,-1.62433319,0.12909162,0.58262701,-1.67215178,0.34263732,0.00895848,0.00199114,0.28457405,0.18075798,0.17939482,-0.27607892,0.36854597,-0.16350133,-0.28709505,-0.12139567,0.17679133,-0.26192514,-0.19667364,-0.18806286,-0.27403504,0.01937127,-0.00083806,-0.00001091,-0.00070412,-0.01630259,0.99986686,0.20588159,0.17256853,0.00849513,0.38239105,-0.17626740,-0.00252100,-0.09619632,0.17981690,0.02264891,-0.18332885,-0.18238923,0.01053901,-0.11790096,1.59780245,-0.94131719,0.37781646,-0.02805344,-0.46670716,-0.01887924,1.48182261,-0.35890269,0.34736218,-3.61646037,1.46312847
0.31334375,0.00831596,-0.02756528,-0.00856861,-0.27534291,0.12593618,-0.07603261,0.13205636,-1.28673539,0.14173109,0.84952658,-1.64822044,-0.16291565,0.85487436,-1.63241744,0.13850807,0.50947466,-1.63301265,0.34263732,0.00895848,0.00199114,0.28410831,0.18787411,0.18189804,-0.27158169,0.36212049,-0.16430353,-0.28668348,-0.10344304,0.17947526,-0.26285564,-0.20283454,-0.18802927,-0.27360435,0.02547417,-0.00086913,-0.00005049,-0.00337414,-0.01506846,0.99988077,0.21874421,0.17528497,0.01252662,0.38247914,-0.17601006,-0.00257517,-0.07251365,0.18164175,0.02125267,-0.18293428,-0.18270086,0.01050396,-0.11998539,1.66387825,-0.98601960,0.54228778,-0.68969616,-0.80133952,-0.04006023,1.55672300,-0.42099845,0.50276281,-3.75857244,2.07624464
0.29845608,0.01276387,-0.03869015,-0.00776349,-0.26867886,0.09979152,-0.07856353,0.16460806,-1.30609703,0.15387233,0.82051986,-1.65760434,-0.16426504,0.88626891,-1.64143586,0.15075970,0.43991789,-1.58637536,0.34263732,0.00895848,0.00199114,0.28342381,0.19906495,0.18499133,-0.26741435,0.35568763,-0.16515451,-0.28604085,-0.08678267,0.18303216,-0.26397134,-0.20910605,-0.18810122,-0.27283533,0.03157312,-0.00079636,-0.00008561,-0.00610589,-0.01401867,0.99988309,0.23574607,0.17854145,0.01600946,0.38249081,-0.17585769,-0.00261704,-0.05004412,0.18459682,0.01945248,-0.18272418,-0.18296133,0.01058848,-0.12591612,1.59828186,-0.95126903,0.60623705,-1.55348635,-0.39164457,-0.07118109,1.54968917,-0.44906136,0.62032479,-3.37733746,2.33221745
0.30149014,0.01882718,-0.04941590,-0.00820449,-0.30250295,0.06209320,-0.08086443,0.19824464,-1.32634351,0.16331055,0.77339516,-1.64951763,-0.16684024,0.91954106,-1.65068731,0.16441672,0.38218814,-1.53891883,0.34263732,0.00895848,0.00199114,0.28254334,0.21314076,0.18767358,-0.26549514,0.34918276,-0.16592618,-0.28503738,-0.07299610,0.18708642,-0.26522163,-0.21564463,-0.18844475,-0.27179933,0.03767634,-0.00058228,-0.00012207,-0.00913400,-0.01337536,0.99986882,0.25576100,0.18132275,0.01704820,0.38229572,-0.17578954,-0.00249404,-0.03028917,0.18838980,0.01732170,-0.18293191,-0.18319122,0.01074401,-0.11282739,1.67127740,-1.00429914,0.45909930,-2.35434465,0.42051346,-0.12999446,1.65469034,-0.45890866,0.67655029,-2.83382583,2.34222908
0.30041733,0.02023791,-0.05706233,-0.00990736,-0.37598333,0.00693450,-0.08235650,0.23289664,-1.34587200,0.16806236,0.71982598,-1.63284287,-0.17056018,0.95493189,-1.66022553,0.17685318,0.34356247,-1.50112596,0.34263732,0.00895848,0.00199114,0.28157449,0.22839616,0.18921692,-0.26448312,0.34267994,-0.16646762,-0.28382843,-0.06327271,0.19084306,-0.26650785,-0.22232728,-0.18901992,-0.27064144,0.04363095,-0.00033990,-0.00017007,-0.01279318,-0.01327457,0.99983003,0.27697012,0.18274664,0.01709137,0.38177055,-0.17584664,-0.00225395,-0.01455277,0.19211571,0.01506664,-0.18363625,-0.18339063,0.01093304,-0.07368662,1.76479666,-0.98925669,0.23325201,-2.72797308,0.85717409,-0.19155566,1.80651581,-0.48819050,0.62673018,-1.90954752,1.88578830
0.26971722,0.01525719,-0.05626992,-0.01222150,-0.45104942,-0.07637645,-0.08269232,0.26880971,-1.36396925,0.17026702,0.66616914,-1.61287830,-0.17524014,0.99329166,-1.67123647,0.18551650,0.33004341,-1.48138168,0.34263732,0.00895848,0.00199114,0.28061233,0.24389670,0.19007114,-0.26316259,0.33617340,-0.16668673,-0.28247470,-0.05865063,0.19353090,-0.26787871,-0.22906576,-0.18972417,-0.26929294,0.04921810,-0.00017376,-0.00024296,-0.01731830,-0.01397419,0.99975234,0.29833197,0.18300625,0.01744974,0.38060130,-0.17619136,-0.00186238,-0.00400046,0.19492080,0.01273361,-0.18506093,-0.18342147,0.01131938,-0.01053346,1.76672649,-0.88273773,0.10381183,-2.62233224,0.98843009,-0.23299402,1.89320610,-0.54656615,0.40186291,-0.55162238,0.88020346
0.28018894,0.01799086,-0.06139201,-0.01590283,-0.53696340,-0.17261189,-0.08161071,0.30596831,-1.38142693,0.17169776,0.61358440,-1.59022977,-0.18104233,1.03332658,-1.68239193,0.18810887,0.34051545,-1.48294852,0.34263732,0.00895848,0.00199114,0.27966765,0.25927122,0.19071056,-0.26131539,0.32960628,-0.16648852,-0.28101272,-0.05873801,0.19440466,-0.26919788,-0.23581358,-0.19061797,-0.26784698,0.05469649,-0.00000603,-0.00035066,-0.02247984,-0.01554579,0.99962636,0.31977260,0.18255010,0.01835226,0.37896631,-0.17666336,-0.00134507,0.00203201,0.19613111,0.01046977,-0.18693044,-0.18319905,0.01182067,0.06463490,1.91924534,-0.89643312,0.06989758,-2.70363612,1.18433897,-0.30698752,2.06466792,-0.56810589,0.09213282,0.67864874,-0.21708536
0.28728206,0.02615300,-0.06356212,-0.01622942,-0.48155732,-0.23337236,-0.07984083,0.34314737,-1.39869261,0.17204972,0.55825126,-1.56271851,-0.18844029,1.07122457,-1.68996239,0.18692201,0.36985311,-1.50524938,0.34263732,0.00895848,0.00199114,0.27869853,0.27498107,0.19108534,-0.25953697,0.32291993,-0.16606433,-0.27964319,-0.06256709,0.19393786,-0.26950426,-0.24256309,-0.19192734,-0.26649985,0.06056642,0.00029443,-0.00048974,-0.02745417,-0.01782877,0.99946394,0.34218766,0.18145092,0.01916157,0.37735817,-0.17718129,-0.00094465,0.00495599,0.19634038,0.00919428,-0.18868750,-0.18285972,0.01219869,0.08952267,1.81973851,-0.84541821,0.00834027,-2.74065638,1.38799572,-0.37458098,1.83499551,-0.33865255,-0.07687596,1.56101227,-1.23581457
0.31695861,0.03417760,-0.06219616,-0.01163830,-0.30739234,-0.25454575,-0.07845183,0.37776672,-1.41720440,0.17189521,0.49647647,-1.52957652,-0.19629875,1.10172658,-1.68969233,0.18585074,0.41027430,-1.53888414,0.34263732,0.00895848,0.00199114,0.27782975,0.29127151,0.19126993,-0.25825195,0.31613797,-0.16567632,-0.27862554,-0.06950709,0.19329091,-0.26864001,-0.24945445,-0.19350599,-0.26541481,0.06702421,0.00071718,-0.00062614,-0.03064744,-0.02040562,0.99932175,0.36586093,0.17993742,0.01957780,0.37613543,-0.17772639,-0.00079579,0.00546556,0.19668438,0.00918973,-0.19012159,-0.18244431,0.01241494,0.06693941,1.71105766,-0.92344251,-0.00794486,-3.07589025,1.64716139,-0.38729925,1.49666734,0.02911941,-0.05371352,2.00130820,-1.65924804
0.34520046,0.03915435,-0.05058965,-0.00057870,-0.02277016,-0.18828436,-0.07855524,0.40823681,-1.43837969,0.17116156,0.42916258,-1.49570692,-0.20219756,1.12225790,-1.68050435,0.18424541,0.44588161,-1.56504238,0.34263732,0.00895848,0.00199114,0.27724207,0.30782404,0.19110050,-0.25731657,0.30930523,-0.16564593,-0.27802730,-0.07712975,0.19262229,-0.26809544,-0.25658664,-0.19487959,-0.26469533,0.07387440,0.00118068,-0.00069227,-0.03101720,-0.02231210,0.99926955,0.38992134,0.17835113,0.01992550,0.37547783,-0.17810588,-0.00078523,0.00541913,0.19705365,0.00914663,-0.19115490,-0.18205205,0.01254674,-0.01095740,1.53882170,-1.08372660,-0.04106979,-3.43703642,1.72137775,-0.29285473,1.01805258,0.48967413,-0.08421517,1.78770204,-1.30213211
0.34682589,0.03757231,-0.03052242,0.01406178,0.30492804,-0.02309523,-0.08132835,0.43421458,-1.46248910,0.16836482,0.35553628,-1.46149402,-0.20463056,1.13201277,-1.66284883,0.18166861,0.47180315,-1.57993093,0.34263732,0.00895848,0.00199114,0.27699191,0.32466064,0.19009490,-0.25701839,0.30234600,-0.16631476,-0.27783463,-0.08463292,0.19188077,-0.26803495,-0.26392416,-0.19572107,-0.26432133,0.08098373,0.00162833,-0.00064039,-0.02817274,-0.02270633,0.99934494,0.41394325,0.17678130,0.01997352,0.37546388,-0.17824704,-0.00084272,0.00515318,0.19715502,0.00895696,-0.19155751,-0.18190360,0.01267058,-0.14808370,1.25601530,-1.19386833,-0.14807178,-3.63754749,1.68331642,-0.10287586,0.43683891,0.89336002,-0.12950738,1.23283403,-0.68880668
0.37276375,0.03286718,-0.01535657,0.02576356,0.58417669,0.17112213,-0.08648803,0.45716796,-1.48884618,0.16290499,0.27498958,-1.42155652,-0.20336942,1.13433716,-1.64219520,0.17857669,0.48995490,-1.58619213,0.34263732,0.00895848,0.00199114,0.27699770,0.34178405,0.18819768,-0.25795801,0.29513150,-0.16759879,-0.27794421,-0.09205872,0.19114941,-0.26822803,-0.27112598,-0.19580925,-0.26378263,0.08823972,0.00197488,-0.00048571,-0.02276058,-0.02127167,0.99951450,0.43772112,0.17546108,0.01903969,0.37597357,-0.17802842,-0.00094650,0.00439674,0.19686783,0.00876968,-0.19097141,-0.18212211,0.01321507,-0.27822863,1.16764679,-1.36786587,-0.29804398,-4.19014626,2.11175499,0.08721807,0.08419261,1.06474161,-0.16123178,0.89114358,-0.27326554
0.36039612,0.01944310,-0.00144117,0.02664295,0.67449601,0.28517068,-0.09267327,0.47877297,-1.51543534,0.15509017,0.19092076,-1.37756586,-0.19910797,1.13395560,-1.62426937,0.17596185,0.50308698,-1.58603060,0.34263732,0.00895848,0.00199114,0.27718055,0.35895177,0.18548861,-0.25936738,0.28766957,-0.16911995,-0.27829860,-0.09938562,0.19066966,-0.26863023,-0.27782102,-0.19510448,-0.26267637,0.09558651,0.00212946,-0.00029687,-0.01602116,-0.01852457,0.99969999,0.46116376,0.17419246,0.01781317,0.37679312,-0.17753184,-0.00111805,0.00333296,0.19635022,0.00855032,-0.18927193,-0.18254849,0.01450418,-0.30762744,1.05197287,-1.30066442,-0.39860165,-4.13583565,2.17118669,0.22839534,-0.02947976,0.85122442,-0.12257256,0.61368936,0.04910721
0.37512218,0.00814397,0.01445417,0.02263143,0.67207644,0.27639922,-0.09772918,0.50068530,-1.54025178,0.14718673,0.10341263,-1.32224233,-0.19296701,1.13368444,-1.61036558,0.17447808,0.51519307,-1.58259909,0.34263732,0.00895848,0.00199114,0.27760460,0.37623977,0.18280361,-0.26123721,0.27999697,-0.17030713,-0.27890317,-0.10682450,0.19055815,-0.26915511,-0.28387335,-0.19381425,-0.26119659,0.10313236,0.00206007,-0.00014650,-0.00922258,-0.01571268,0.99983400,0.48493053,0.17295090,0.01636738,0.37763954,-0.17696125,-0.00129857,0.00234848,0.19588084,0.00844949,-0.18669099,-0.18273837,0.01640801,-0.24759519,1.09073813,-1.22885897,-0.38608724,-4.34720631,2.76605439,0.30525345,-0.01068124,0.68294561,-0.07315584,0.60408882,0.17079254
0.39370027,0.00419848,0.02805871,0.01753663,0.60432113,0.19278757,-0.10122657,0.52433385,-1.56308823,0.14322999,0.01589816,-1.25802824,-0.18703286,1.13441038,-1.60089469,0.17313661,0.52931877,-1.57911971,0.34263732,0.00895848,0.00199114,0.27819938,0.39331676,0.18122515,-0.26257619,0.27214188,-0.17106460,-0.27951637,-0.11447690,0.19050383,-0.26981240,-0.28897078,-0.19244995,-0.25949218,0.11086142,0.00192765,-0.00004572,-0.00323233,-0.01377102,0.99989995,0.50901986,0.17225229,0.01562319,0.37818903,-0.17656674,-0.00131699,0.00167433,0.19551186,0.00838698,-0.18329975,-0.18249118,0.01870720,-0.17579764,1.20670869,-1.15442874,-0.18891850,-4.43855267,3.27403073,0.29871732,0.03626741,0.46843307,-0.06859904,0.72447618,0.17585402
0.38653781,0.00751323,0.03793792,0.01252189,0.47814392,0.09025708,-0.10384086,0.54948138,-1.58240035,0.14317403,-0.06073135,-1.19523923,-0.18183513,1.13234336,-1.59723186,0.17160639,0.54611309,-1.57651510,0.34263732,0.00895848,0.00199114,0.27893554,0.40794466,0.18076004,-0.26343766,0.26412332,-0.17162504,-0.28019815,-0.12231932,0.19038916,-0.27057059,-0.29165387,-0.19120719,-0.25791306,0.11874053,0.00186921,0.00002163,0.00173059,-0.01278076,0.99991682,0.53117204,0.17214334,0.01549788,0.37839091,-0.17645061,-0.00126261,0.00132742,0.19532259,0.00836495,-0.17770522,-0.18182100,0.02102248,-0.12459360,1.23758521,-0.92931069,0.00519121,-3.67977362,3.04363599,0.25515449,-0.12710093,0.15518945,-0.07593912,0.83446360,0.12180804
0.40842735,0.01486058,0.04762446,0.01034590,0.41405334,0.03749257,-0.10560820,0.57583243,-1.59798815,0.14276292,-0.11833075,-1.13663771,-0.17363640,1.12240984,-1.59854922,0.16957548,0.56504862,-1.57506309,0.34263732,0.00895848,0.00199114,0.27976024,0.41792230,0.18053077,-0.26613729,0.25588829,-0.17200923,-0.28105230,-0.13025953,0.19010562,-0.27133683,-0.29074687,-0.18922023,-0.25752899,0.12668716,0.00194362,0.00007216,0.00584496,-0.01236751,0.99990643,0.54894678,0.17208245,0.01362295,0.37824277,-0.17634201,-0.00129206,0.00116947,0.19521286,0.00842342,-0.16865085,-0.18002752,0.02223125,-0.08562752,1.36410689,-0.78076855,-0.03400335,-2.84093065,3.00860772,0.45468345,-0.56904830,-0.09532781,-0.10900992,0.98562496,0.06862598
0.38526971,0.02186184,0.04890806,0.00824869,0.33814675,0.02910787,-0.10763018,0.60255551,-1.61056387,0.14110856,-0.15904048,-1.08462548,-0.16077769,1.10673225,-1.60663605,0.16674107,0.58520645,-1.57418799,0.34263732,0.00895848,0.00199114,0.28060925,0.42384155,0.18025504,-0.27054325,0.24759216,-0.17250688,-0.28189157,-0.13822487,0.18957157,-0.27212995,-0.28665932,-0.18595593,-0.25801526,0.13458404,0.00217600,0.00011311,0.00937003,-0.01206996,0.99988325,0.56265330,0.17214731,0.01006600,0.37793988,-0.17625730,-0.00128232,0.00097556,0.19502896,0.00847930,-0.15648058,-0.17680602,0.02259399,-0.10398556,1.31013453,-0.59650224,-0.08757675,-1.88498712,2.48841667,0.66148615,-0.79915100,-0.45054799,-0.14482877,0.99522221,0.03995614
0.38079500,0.02821953,0.05087719,0.00708232,0.30240703,0.08869479,-0.11114841,0.62862638,-1.61980307,0.14030853,-0.18665499,-1.04533134,-0.14863282,1.09154155,-1.62502797,0.16382819,0.60589103,-1.57336848,0.34263732,0.00895848,0.00199114,0.28144368,0.42711680,0.18023198,-0.27468827,0.23940865,-0.17346181,-0.28259414,-0.14613715,0.18898305,-0.27283741,-0.28057914,-0.18264681,-0.25746336,0.14229755,0.00256789,0.00013892,0.01243224,-0.01121059,0.99985986,0.57334805,0.17317795,0.00675541,0.37775674,-0.17621822,-0.00115046,0.00043443,0.19478004,0.00860627,-0.14230627,-0.17374199,0.02398032,-0.17640352,1.29375713,-0.45362744,-0.03975438,-1.34442883,1.91948016,0.60031799,-0.75495071,-0.91964271,-0.14396274,1.02718768,0.04049934
0.37998475,0.03256737,0.05388431,0.00550819,0.26173041,0.18404181,-0.11549558,0.65480732,-1.62631705,0.13856866,-0.19682209,-1.02790999,-0.13806486,1.07292473,-1.64574540,0.16111186,0.62706195,-1.57271078,0.34263732,0.00895848,0.00199114,0.28227695,0.42725265,0.17991419,-0.27821920,0.23115541,-0.17468229,-0.28321256,-0.15395706,0.18841869,-0.27343935,-0.27294942,-0.17971350,-0.25678621,0.14981677,0.00306250,0.00014107,0.01503231,-0.00943995,0.99984244,0.58039026,0.17487757,0.00405775,0.37763277,-0.17595314,-0.00093561,-0.00055526,0.19435450,0.00883760,-0.12647720,-0.17146535,0.02549075,-0.22216442,1.33300593,-0.32485546,-0.09582694,-0.45901831,0.80705348,0.53251776,-0.97100511,-1.05109394,-0.13847070,1.07883735,0.03270253
0.36972161,0.03607998,0.05031692,0.00312550,0.18553557,0.24491317,-0.12017928,0.68177940,-1.62995055,0.13255851,-0.18005847,-1.04906583,-0.13129979,1.04040270,-1.66548216,0.15837528,0.64950703,-1.57252610,0.34263732,0.00895848,0.00199114,0.28305967,0.42295022,0.17828488,-0.28034669,0.22269222,-0.17603675,-0.28376786,-0.16177184,0.18781834,-0.27400928,-0.26138151,-0.17787726,-0.25677009,0.15737056,0.00367869,0.00011787,0.01698657,-0.00698071,0.99983134,0.58276896,0.17604048,0.00271298,0.37758305,-0.17545038,-0.00070818,-0.00176297,0.19373756,0.00905039,-0.10646919,-0.17053154,0.02628959,-0.23024186,1.32622430,-0.16570371,-0.31841027,0.94285969,-1.22089938,0.30651318,-1.67098877,-0.96415067,-0.13354701,1.10749843,0.00625358
0.40744480,0.04162245,0.04469253,0.00136515,0.11841251,0.27993435,-0.12504247,0.70949289,-1.63068688,0.12241068,-0.14253917,-1.10015674,-0.12837946,0.99197764,-1.68324454,0.15609077,0.67380415,-1.57310188,0.34263732,0.00895848,0.00199114,0.28366331,0.41532590,0.17540435,-0.28102334,0.21404110,-0.17748073,-0.28423499,-0.16966464,0.18730922,-0.27447629,-0.24546049,-0.17712271,-0.25725408,0.16527511,0.00440983,0.00007758,0.01822456,-0.00427342,0.99982478,0.58208523,0.17625748,0.00263998,0.37779125,-0.17489407,-0.00057167,-0.00278217,0.19316254,0.00918702,-0.08169049,-0.17060816,0.02640924,-0.25156133,1.43003523,-0.01990550,-0.54118133,2.02380998,-2.75301540,0.13615173,-2.58149903,-0.89621854,-0.11327279,1.26285822,-0.03487397
0.39580419,0.03599370,0.03355670,0.00018952,0.03451452,0.25243752,-0.12973471,0.73744774,-1.62898469,0.11295676,-0.10078093,-1.15183008,-0.12529996,0.93507546,-1.69827104,0.15437403,0.70030409,-1.57480526,0.34263732,0.00895848,0.00199114,0.28407302,0.40690490,0.17278919,-0.28141957,0.20540976,-0.17890524,-0.28454150,-0.17764338,0.18691339,-0.27479057,-0.22735540,-0.17629239,-0.25794074,0.17335715,0.00512475,0.00003126,0.01869026,-0.00167230,0.99982392,0.58083779,0.17655181,0.00265346,0.37816729,-0.17446662,-0.00046848,-0.00365998,0.19263134,0.00928245,-0.05458671,-0.17040612,0.02613229,-0.22778001,1.37109959,0.09935042,-0.44823918,2.04734445,-2.48390079,0.15880956,-2.83286142,-0.71778011,-0.08050396,1.31515884,-0.09222591
0.38975128,0.03091886,0.02222294,0.00006923,-0.08855709,0.20055970,-0.13308661,0.76526004,-1.62452807,0.10641131,-0.06118234,-1.19203088,-0.12457051,0.87252798,-1.71113679,0.15328313,0.73012115,-1.57879293,0.34263732,0.00895848,0.00199114,0.28424839,0.39896453,0.17109894,-0.28180267,0.19712664,-0.17999646,-0.28465079,-0.18555941,0.18660311,-0.27494013,-0.20749022,-0.17594836,-0.25796446,0.18123480,0.00575529,-0.00000634,0.01785512,0.00037343,0.99984051,0.58007141,0.17715221,0.00244573,0.37849585,-0.17409386,-0.00040239,-0.00446395,0.19221974,0.00930826,-0.02612393,-0.17034801,0.02628393,-0.16413213,1.37791984,0.22908536,-0.32280239,1.96495967,-1.98019953,0.02921489,-3.11738534,-0.62522568,-0.05305554,1.48557084,-0.20184340
0.37824281,0.02793798,0.00837841,0.00079390,-0.25116741,0.13539987,-0.13539715,0.79180351,-1.61658711,0.10104789,-0.02155550,-1.22471163,-0.12726607,0.80455925,-1.71833313,0.15272772,0.76319915,-1.58544710,0.34263732,0.00895848,0.00199114,0.28419405,0.39134078,0.16983831,-0.28201478,0.18953762,-0.18083947,-0.28461023,-0.19316157,0.18635268,-0.27501982,-0.18629051,-0.17646197,-0.25764789,0.18869380,0.00633346,-0.00002627,0.01545901,0.00173426,0.99987900,0.57944307,0.17752828,0.00217927,0.37885761,-0.17384744,-0.00041619,-0.00511305,0.19201495,0.00917422,0.00301655,-0.17077368,0.02654615,-0.11611825,1.34748228,0.40718437,-0.26974454,2.01683359,-1.64878693,-0.14273883,-3.45966763,-0.36209504,-0.02735130,1.69066994,-0.34750524
0.33854759,0.02146421,-0.00842748,0.00185608,-0.39195722,0.07073966,-0.13723745,0.81732903,-1.60866072,0.09717075,0.01820756,-1.25119112,-0.13206303,0.73431188,-1.72106955,0.15253142,0.79972669,-1.59582782,0.34263732,0.00895848,0.00199114,0.28388536,0.38406072,0.16905383,-0.28190293,0.18303246,-0.18151968,-0.28390555,-0.20034685,0.18607817,-0.27489278,-0.16443392,-0.17743159,-0.25669640,0.19563836,0.00681700,-0.00002852,0.01157315,0.00249890,0.99992991,0.57884933,0.17778831,0.00198243,0.37957580,-0.17378558,-0.00002019,-0.00563603,0.19189149,0.00899258,0.03209333,-0.17143423,0.02718896,-0.08902462,1.24732952,0.38022291,-0.18293576,1.94681785,-1.26991968,-0.24184338,-3.45863853,-0.10000116,-0.00830591,1.80372205,-0.52302163
0.32836181,0.01448640,-0.02725648,0.00285310,-0.51202108,0.03640538,-0.13902145,0.84172580,-1.60401266,0.09467645,0.05708886,-1.27223866,-0.13781115,0.66339480,-1.71745350,0.15268376,0.83863994,-1.60927467,0.34263732,0.00895848,0.00199114,0.28330419,0.37718124,0.16868363,-0.28157041,0.17787451,-0.18208842,-0.28226283,-0.20712749,0.18578401,-0.27449079,-0.14281529,-0.17859254,-0.25536533,0.20206908,0.00715454,-0.00001915,0.00669269,0.00288715,0.99997344,0.57826999,0.17801335,0.00173378,0.38099208,-0.17390373,0.00104136,-0.00612775,0.19173941,0.00881340,0.06028744,-0.17225970,0.02793886,-0.09253677,1.24767823,0.21244707,-0.12114115,1.99416358,-1.05502424,-0.29881446,-3.64049773,0.21777959,0.01020488,2.01439972,-0.71000206
0.29525291,0.00655961,-0.04170306,0.00311724,-0.51776275,0.01688712,-0.14112219,0.86332601,-1.60489118,0.09288286,0.09504813,-1.29038429,-0.14364800,0.59293413,-1.70180213,0.15350637,0.87783283,-1.62308717,0.34263732,0.00895848,0.00199114,0.28247076,0.37053829,0.16849919,-0.28110737,0.17458186,-0.18261398,-0.27963489,-0.21361601,0.18561765,-0.27394767,-0.12248244,-0.17989297,-0.25475020,0.20813379,0.00734573,-0.00000444,0.00144196,0.00308202,0.99999421,0.57762641,0.17812573,0.00136340,0.38383797,-0.17418866,0.00283587,-0.00662231,0.19164312,0.00852309,0.08676255,-0.17329880,0.02772056,-0.10576580,1.03498900,-0.08533982,-0.08427045,1.85485530,-0.87362170,-0.28567627,-3.45376635,0.87114638,0.04584473,1.91884518,-0.67271900
0.30204041,0.00104093,-0.05057383,0.00313558,-0.50317766,0.00381641,-0.14513291,0.87584611,-1.61916676,0.09164781,0.13218573,-1.30865471,-0.14974885,0.52455339,-1.67309799,0.15557199,0.91607102,-1.63647332,0.34263732,0.00895848,0.00199114,0.28150037,0.36402876,0.16841029,-0.28035407,0.17594076,-0.18339856,-0.27503413,-0.21985386,0.18574379,-0.27308521,-0.10391505,-0.18145163,-0.25505800,0.21422259,0.00740703,0.00001136,-0.00363818,0.00312337,0.99998850,0.57719223,0.17808803,0.00114630,0.39130557,-0.17488890,0.00646624,-0.00678727,0.19177382,0.00841516,0.11144305,-0.17469019,0.02644237,-0.20506815,0.58502967,-0.71848222,-0.06008286,1.84157255,-0.90682876,-0.30475568,-3.39107218,1.44284880,0.10351994,1.89705024,-0.66325426
0.31407058,-0.00146564,-0.06046541,0.00305757,-0.49070683,-0.00185953,-0.15215855,0.86460952,-1.63199110,0.09101779,0.16862865,-1.32703755,-0.15722400,0.45802147,-1.63526306,0.15797830,0.95420386,-1.64921699,0.34263732,0.00895848,0.00199114,0.28042050,0.35757877,0.16844721,-0.27941715,0.18382150,-0.18507958,-0.27056620,-0.22618789,0.18591979,-0.27202531,-0.08652117,-0.18351498,-0.25581410,0.22041282,0.00741776,0.00002628,-0.00846830,0.00310546,0.99995932,0.57693844,0.17808268,0.00100335,0.40538032,-0.17651651,0.00985430,-0.00692548,0.19192908,0.00839519,0.13503315,-0.17663107,0.02460640,-0.36273215,-0.64812664,-0.60985488,-0.03098453,1.85299413,-0.93572984,-0.38506265,-3.37768555,1.94061887,0.12200334,1.94099369,-0.64650130
0.30611390,-0.00289753,-0.06547130,0.00291613,-0.47136193,-0.00047586,-0.15982111,0.82214371,-1.62389555,0.09070479,0.20510708,-1.34560716,-0.16703704,0.39510647,-1.59187980,0.16033405,0.99327302,-1.66158233,0.34263732,0.00895848,0.00199114,0.27925685,0.35110830,0.16854238,-0.27828256,0.19764068,-0.18742346,-0.26895065,-0.23275246,0.18602420,-0.27084119,-0.07030545,-0.18628650,-0.25658267,0.22668604,0.00740042,0.00004110,-0.01326724,0.00309731,0.99990719,0.57674346,0.17811473,0.00097429,0.42548403,-0.17879503,0.01030620,-0.00721441,0.19197912,0.00841566,0.15753601,-0.17931806,0.02267418,-0.36851061,-2.19913015,0.49765809,-0.01483665,1.78952520,-0.91009135,-0.49190836,-3.06333909,2.14061718,0.11590947,1.92029748,-0.60640782
0.32250432,-0.00685976,-0.07427114,0.00321381,-0.51311936,0.01212774,-0.16410344,0.76347216,-1.60148592,0.09048963,0.24198141,-1.36359632,-0.17802423,0.34058548,-1.54858365,0.16316401,1.03315349,-1.67354875,0.34263732,0.00895848,0.00199114,0.27804690,0.34455690,0.16865266,-0.27704789,0.21442169,-0.18912696,-0.26908536,-0.23940713,0.18619062,-0.26954220,-0.05606567,-0.18942526,-0.25724703,0.23299802,0.00731831,0.00005833,-0.01822626,0.00319542,0.99982878,0.57646987,0.17816989,0.00099901,0.44862421,-0.18043424,0.00896154,-0.00759432,0.19197486,0.00850470,0.17814428,-0.18246144,0.02079987,-0.19112545,-3.06644149,1.19789307,-0.01056497,1.90077188,-0.91971714,-0.56623046,-2.73696675,2.21178198,0.15040459,2.05583382,-0.61122214
0.30729521,-0.01274980,-0.07436720,0.00349711,-0.51655016,0.03884644,-0.16493988,0.70706719,-1.58009791,0.09036168,0.27966246,-1.38090718,-0.18644615,0.30387369,-1.51362216,0.16714612,1.07361102,-1.68406105,0.34263732,0.00895848,0.00199114,0.27682590,0.33785322,0.16878166,-0.27571879,0.23109672,-0.18976338,-0.26851489,-0.24620573,0.18660706,-0.26822492,-0.04580041,-0.19196699,-0.25838751,0.23933014,0.00712115,0.00008326,-0.02345218,0.00354913,0.99971866,0.57597646,0.17829737,0.00110712,0.47176838,-0.18099662,0.00831102,-0.00819433,0.19197540,0.00860098,0.19489388,-0.18516619,0.01843840,-0.02023578,-2.72202468,1.01865733,-0.00564360,1.85376215,-0.84467489,-0.38737231,-1.65578008,1.63950634,0.20438783,1.98746419,-0.50314033
0.30737104,-0.01753338,-0.07757766,0.00456839,-0.57684932,0.07745358,-0.16507140,0.65591810,-1.56042380,0.09007478,0.31925700,-1.39771447,-0.19062485,0.29524765,-1.49836481,0.17252482,1.11623330,-1.69381692,0.34263732,0.00895848,0.00199114,0.27562487,0.33084510,0.16885737,-0.27421988,0.24695886,-0.19006313,-0.26664082,-0.25330172,0.18726247,-0.26679172,-0.04148257,-0.19338775,-0.26004314,0.24561379,0.00682245,0.00012686,-0.02924051,0.00431030,0.99956310,0.57499033,0.17852681,0.00140499,0.49420260,-0.18110380,0.00898404,-0.00929349,0.19189344,0.00883315,0.20580057,-0.18691586,0.01558173,-0.00479775,-2.54188776,0.98546617,-0.01565110,1.96888514,-0.83294207,-0.20178245,-0.38530017,0.71699195,0.26890674,2.11921630,-0.48357648
0.31334439,-0.01947358,-0.08168911,0.00618627,-0.62911149,0.13943927,-0.16380050,0.60177476,-1.53459201,0.08887531,0.36053597,-1.41407433,-0.19189516,0.30953224,-1.50587909,0.17914391,1.16007934,-1.70254934,0.34263732,0.00895848,0.00199114,0.27446119,0.32351585,0.16865377,-0.27271796,0.26335386,-0.19001966,-0.26474987,-0.26058549,0.18811362,-0.26526879,-0.04166230,-0.19379719,-0.26101823,0.25186135,0.00651094,0.00020191,-0.03542346,0.00564446,0.99935643,0.57345150,0.17880829,0.00174323,0.51734481,-0.18052182,0.00971132,-0.01083240,0.19166906,0.00919240,0.21239078,-0.18774449,0.01344296,0.07045257,-2.76744175,1.33496153,-0.06390205,2.10127840,-0.83231131,-0.05882258,0.77641188,-0.43891735,0.34048011,2.22798657,-0.43791056
0.32332187,-0.01923233,-0.08462805,0.00701779,-0.53662983,0.20703995,-0.16075237,0.54183573,-1.50086420,0.08677224,0.40156657,-1.43125634,-0.19194222,0.34391424,-1.53552008,0.18703104,1.20098338,-1.70695531,0.34263732,0.00895848,0.00199114,0.27327900,0.31601978,0.16813058,-0.27134022,0.28048097,-0.18953261,-0.26341263,-0.26804548,0.18927511,-0.26378755,-0.04613496,-0.19353986,-0.26066552,0.25853653,0.00621695,0.00031792,-0.04100900,0.00769819,0.99912907,0.57192811,0.17919703,0.00193878,0.54190465,-0.17897130,0.00986637,-0.01239362,0.19133935,0.00949145,0.21538925,-0.18801082,0.01261348,0.15252161,-2.96096849,1.67852139,-0.10481371,2.00414438,-0.84961578,-0.00454818,1.75952449,-1.53020821,0.38958541,1.98100297,-0.18882750
0.36438582,-0.01728753,-0.08418775,0.00528982,-0.30859092,0.21607313,-0.15801821,0.47754477,-1.46551735,0.08513041,0.43949188,-1.45105524,-0.19288470,0.38754202,-1.57263722,0.19383828,1.23326888,-1.70299890,0.34263732,0.00895848,0.00199114,0.27224728,0.30849515,0.16764755,-0.27024412,0.29776198,-0.18900974,-0.26213779,-0.27577258,0.19037535,-0.26265640,-0.05373413,-0.19339096,-0.25965489,0.26568523,0.00600978,0.00043728,-0.04435812,0.00983495,0.99896719,0.57081990,0.17969856,0.00200315,0.56711078,-0.17710091,0.01010949,-0.01378206,0.19091874,0.00959088,0.21576906,-0.18840163,0.01259239,0.13377430,-3.33146400,1.80883255,-0.07748115,1.92584276,-1.03964344,-0.05586467,2.26412377,-1.90602779,0.33513052,1.59380534,0.26532550
0.36237519,-0.01251698,-0.06292866,-0.00135247,0.06462920,0.06499481,-0.15513307,0.40936366,-1.43383133,0.08538165,0.47247255,-1.47432101,-0.19301753,0.42500302,-1.60010779,0.19702964,1.25353265,-1.69027102,0.34263732,0.00895848,0.00199114,0.27156582,0.30091784,0.16761225,-0.26962566,0.31489888,-0.18814382,-0.26082503,-0.28364349,0.19094271,-0.26183353,-0.06201880,-0.19319819,-0.25919926,0.27313129,0.00590139,0.00047495,-0.04422921,0.01072725,0.99896370,0.57038039,0.17993698,0.00194016,0.59199780,-0.17543682,0.01074079,-0.01454715,0.19070903,0.00973229,0.21527559,-0.18858406,0.01236656,0.14599982,-3.37040758,1.52200806,0.02775297,1.57986486,-1.16531980,0.00469562,1.76760900,-1.25398350,0.12776342,0.90566099,0.68249416
0.37365666,-0.00402924,-0.04383773,-0.00773428,0.39305081,-0.15048572,-0.14945971,0.33452826,-1.40216954,0.08826421,0.50028613,-1.50052223,-0.19203297,0.45118136,-1.61429877,0.19525403,1.26254380,-1.67388146,0.34263732,0.00895848,0.00199114,0.27128270,0.29319247,0.16824628,-0.26955998,0.33215156,-0.18618620,-0.26028977,-0.29111773,0.19060361,-0.26070799,-0.07004340,-0.19294044,-0.25931395,0.28070499,0.00595290,0.00037617,-0.04035923,0.00927303,0.99914213,0.57072426,0.17961193,0.00172273,0.61625500,-0.17403641,0.01099293,-0.01390024,0.19112046,0.01057471,0.21425467,-0.18825433,0.01196875,0.28544440,-3.72826376,1.58843198,0.14605932,1.37532682,-1.30308788,0.04666312,1.28651638,-0.68813375,-0.09622439,0.43486652,0.81295050
0.38744516,0.00878959,-0.02665810,-0.00921883,0.60522378,-0.27108014,-0.14235461,0.25326251,-1.36283944,0.09224489,0.52571099,-1.52796664,-0.19214197,0.47092825,-1.62018223,0.18951020,1.26558287,-1.65795982,0.34263732,0.00895848,0.00199114,0.27127210,0.28528051,0.16913254,-0.26981263,0.34958176,-0.18373836,-0.26084820,-0.29795345,0.18942520,-0.25928828,-0.07798852,-0.19312396,-0.25960417,0.28833463,0.00621746,0.00023146,-0.03446958,0.00662182,0.99938378,0.57134892,0.17911540,0.00145947,0.64032042,-0.17287246,0.01042390,-0.01210274,0.19167785,0.01198383,0.21291204,-0.18792298,0.01166794,0.36080017,-4.14086733,2.00876212,0.20193862,1.28989334,-1.39743431,-0.00743604,0.99259875,-0.28318174,-0.29866641,0.14530191,0.80756644
0.38113142,0.01824808,-0.00416834,-0.00666408,0.66844515,-0.23534019,-0.13627590,0.16755137,-1.31616557,0.09519937,0.55016919,-1.55553567,-0.19233122,0.48677728,-1.62019181,0.18209347,1.26488042,-1.64282386,0.34263732,0.00895848,0.00199114,0.27158501,0.27728343,0.16967810,-0.27031467,0.36722227,-0.18149891,-0.26153674,-0.30411413,0.18788828,-0.25770596,-0.08581959,-0.19346275,-0.26022006,0.29608433,0.00664573,0.00011772,-0.02768943,0.00415986,0.99960791,0.57194598,0.17862570,0.00127034,0.66480445,-0.17179061,0.01004827,-0.00958301,0.19199645,0.01387905,0.21187785,-0.18752457,0.01136495,0.28926659,-4.22574472,2.33896465,0.13602209,1.19723361,-1.34853191,-0.00540561,0.76746271,0.01763877,-0.36384970,-0.04832464,0.73960663
0.40670355,0.02097830,0.01816898,-0.00431047,0.70451620,-0.15855353,-0.13260097,0.07711591,-1.25829747,0.09624494,0.57450198,-1.58158538,-0.19189144,0.50178150,-1.61773672,0.17569256,1.26085443,-1.63092787,0.34263732,0.00895848,0.00199114,0.27223046,0.26922545,0.16967925,-0.27109378,0.38528148,-0.17992899,-0.26218006,-0.30882393,0.18659495,-0.25587535,-0.09371841,-0.19370482,-0.26107562,0.30395272,0.00709720,0.00005343,-0.02082776,0.00251409,0.99977992,0.57232141,0.17812830,0.00113668,0.69013423,-0.17089185,0.01005040,-0.00580573,0.19213665,0.01635511,0.21120967,-0.18707649,0.01115483,0.17243654,-4.67962675,3.04456205,0.04266794,1.25294969,-1.32728915,0.02521846,0.77358990,0.13317676,-0.31793472,-0.22824932,0.57920462
0.38848614,0.01302522,0.03516864,-0.00242351,0.63606872,-0.08861045,-0.13097513,-0.00987757,-1.19651270,0.09704950,0.59868586,-1.60436916,-0.19161703,0.51692599,-1.61443877,0.16840947,1.25123847,-1.62757635,0.34263732,0.00895848,0.00199114,0.27313846,0.26112559,0.16965259,-0.27205081,0.40218298,-0.17891287,-0.26257195,-0.31019955,0.18506790,-0.25421637,-0.10163931,-0.19400713,-0.26191476,0.31185162,0.00741235,0.00002184,-0.01428596,0.00152831,0.99989678,0.57245737,0.17786238,0.00108765,0.71457964,-0.17027025,0.01056651,0.00108778,0.19153112,0.01892209,0.21080585,-0.18690458,0.01122370,0.06703769,-4.21959209,3.03770494,0.04203092,1.18379021,-1.09083509,0.01068238,0.74316818,0.16690001,-0.37078470,-0.51682836,0.09522718
0.39107094,0.00044487,0.05392007,-0.00139377,0.60674996,-0.06583085,-0.12995428,-0.07625878,-1.14476371,0.09891854,0.62183495,-1.62226820,-0.19052846,0.53204728,-1.60962102,0.15328616,1.22859485,-1.63159454,0.34263732,0.00895848,0.00199114,0.27434304,0.25309986,0.16998892,-0.27318794,0.41408689,-0.17817290,-0.26384762,-0.30640053,0.18169801,-0.25471618,-0.10957038,-0.19412916,-0.26298316,0.31971524,0.00744406,0.00000751,-0.00815959,0.00086593,0.99996634,0.57252032,0.17787107,0.00115510,0.73411009,-0.17001141,0.01049542,0.01300049,0.18861114,0.01962687,0.21048124,-0.18687457,0.01135988,0.05128239,-3.26290865,2.56479907,0.09373263,1.14783325,-0.88017323,0.05737755,0.75149287,0.24104985,-0.75673572,-1.14695203,-0.20337709
0.39473822,-0.01068092,0.07392690,-0.00061099,0.57314391,-0.08525498,-0.12820089,-0.12641378,-1.09672642,0.10138649,0.64457986,-1.63569512,-0.18765226,0.54791466,-1.60411122,0.13760200,1.19516838,-1.63792555,0.34263732,0.00895848,0.00199114,0.27582312,0.24499685,0.17055259,-0.27455481,0.42184364,-0.17750731,-0.26720847,-0.29901606,0.17819831,-0.25641488,-0.11762937,-0.19379364,-0.26437742,0.32747631,0.00724357,0.00000109,-0.00249569,0.00004981,0.99999688,0.57245617,0.17782057,0.00126832,0.74933763,-0.17022171,0.00861465,0.02844250,0.18541210,0.01940824,0.20986625,-0.18656179,0.01144571,0.09310442,-2.51978579,2.42472692,0.12728995,1.15697451,-0.67261567,0.15014942,0.80986685,0.27974432,-0.78315486,-1.71440279,-0.32819430
0.37026261,-0.01817809,0.08807758,0.00049164,0.46970919,-0.15505518,-0.12429671,-0.16211737,-1.05852633,0.10474279,0.66768066,-1.64450049,-0.18386570,0.56492273,-1.59868443,0.12781450,1.15589182,-1.64607425,0.34263732,0.00895848,0.00199114,0.27756321,0.23672643,0.17143101,-0.27602152,0.42656366,-0.17638276,-0.27127351,-0.28927832,0.17610075,-0.25796569,-0.12568812,-0.19319718,-0.26593106,0.33505594,0.00686421,0.00000487,0.00237867,-0.00145099,0.99999612,0.57227886,0.17760753,0.00154170,0.76110594,-0.17075569,0.00628970,0.04628987,0.18380370,0.01959752,0.20880769,-0.18596741,0.01163215,0.20279164,-1.68477585,1.82126958,0.16886434,1.13534639,-0.41155393,0.18501018,0.83780706,0.26636823,-0.45767950,-1.94721775,-0.40197369
0.37276148,-0.02370537,0.10701596,0.00196840,0.38046478,-0.26241349,-0.11860367,-0.17868465,-1.03556075,0.10900003,0.69163038,-1.64847631,-0.18086743,0.58313161,-1.59358547,0.12037817,1.10995944,-1.65455546,0.34263732,0.00895848,0.00199114,0.27952665,0.22822268,0.17263267,-0.27751358,0.42746370,-0.17492665,-0.27598820,-0.27707788,0.17454567,-0.25998047,-0.13359558,-0.19278203,-0.26742836,0.34235868,0.00635963,0.00002519,0.00620902,-0.00388629,0.99997317,0.57191628,0.17721318,0.00201307,0.76844983,-0.17188427,0.00353845,0.06664586,0.18305365,0.01954618,0.20726871,-0.18537819,0.01209829,0.29991732,-0.71524069,1.07171810,0.22417712,1.23874524,-0.17396281,0.14630924,0.94587817,0.25843802,-0.38168283,-2.41294327,-0.43735676
0.36289827,-0.02349989,0.10294478,0.00287514,0.25595982,-0.30109096,-0.11263552,-0.17159924,-1.03698742,0.11370697,0.71658409,-1.64802551,-0.17802581,0.60343277,-1.58973324,0.11404841,1.05694127,-1.66567683,0.34263732,0.00895848,0.00199114,0.28150296,0.21945717,0.17402700,-0.27899447,0.42398777,-0.17346705,-0.28045616,-0.26183692,0.17317986,-0.26209798,-0.14147831,-0.19236145,-0.26887529,0.34975418,0.00578572,0.00006186,0.00897070,-0.00689546,0.99993599,0.57159051,0.17676960,0.00250849,0.77130932,-0.17351211,0.00104680,0.09033052,0.18256015,0.01940498,0.20563644,-0.18460628,0.01262767,0.29218984,0.51810807,-0.26003751,0.23289461,1.23038006,0.05186305,0.14132085,1.01182032,0.17839319,-0.29990864,-2.64671946,-0.57068288
0.38656006,-0.02114342,0.09259394,0.00256442,0.15521869,-0.28802298,-0.10493505,-0.14042829,-1.07287881,0.11755330,0.74249054,-1.64411757,-0.17548258,0.62659887,-1.58694720,0.11225468,0.99740747,-1.67918062,0.34263732,0.00895848,0.00199114,0.28321440,0.21056511,0.17524720,-0.28037043,0.41686055,-0.17136491,-0.28271850,-0.24373178,0.17284901,-0.26330223,-0.14952251,-0.19196451,-0.27032418,0.35755978,0.00520584,0.00010399,0.01057045,-0.00981196,0.99989598,0.57152340,0.17628716,0.00284397,0.77097718,-0.17430656,0.00049590,0.11726693,0.18280458,0.01991217,0.20429894,-0.18378746,0.01289022,0.38435069,1.56894054,-1.81049991,0.18836801,1.28607483,0.19883925,0.12265552,1.15401092,0.13688030,-0.08349496,-2.96298890,-0.66593285
0.40820125,-0.01979477,0.08077516,0.00123655,0.06128936,-0.24765281,-0.09699837,-0.10049377,-1.11847126,0.12028585,0.76831328,-1.63754151,-0.17449074,0.65214399,-1.58523355,0.11270736,0.93436300,-1.68990645,0.34263732,0.00895848,0.00199114,0.28463483,0.20180454,0.17618936,-0.28165391,0.40845404,-0.16917402,-0.28394036,-0.22463149,0.17304296,-0.26402729,-0.15766254,-0.19194525,-0.27153790,0.36560289,0.00462088,0.00013767,0.01121324,-0.01227162,0.99986182,0.57167084,0.17580429,0.00298092,0.76978186,-0.17452684,0.00069447,0.14528605,0.18312483,0.02060754,0.20327694,-0.18339705,0.01309693,0.39884440,2.03315067,-2.30585761,0.13794404,1.31176562,0.34059645,0.04913817,1.30504870,0.08293600,0.02379273,-3.20893168,-0.53664901
0.39310196,-0.01974819,0.06281229,-0.00105921,-0.03499449,-0.17527440,-0.09123402,-0.06057870,-1.15728340,0.12286046,0.79339515,-1.62924161,-0.17338850,0.68024975,-1.58565998,0.11382717,0.87076342,-1.69708240,0.34263732,0.00895848,0.00199114,0.28576618,0.19346211,0.17709568,-0.28260559,0.40002398,-0.16767257,-0.28513443,-0.20549643,0.17333887,-0.26434146,-0.16581444,-0.19181390,-0.27257776,0.37364604,0.00399436,0.00015424,0.01093649,-0.01411739,0.99984052,0.57203108,0.17555730,0.00316059,0.76877654,-0.17490551,0.00063175,0.17312552,0.18306604,0.02142472,0.20248209,-0.18306153,0.01318843,0.27307858,1.95109546,-1.86777663,0.12718762,1.22598894,0.40861436,0.05832489,1.38836606,-0.03150491,0.05953654,-3.11660461,-0.33872827
0.39620134,-0.01818307,0.04755300,-0.00435579,-0.14425675,-0.10792502,-0.08723740,-0.02153672,-1.18935556,0.12544411,0.81739599,-1.62166920,-0.17209702,0.71018854,-1.58830004,0.11650702,0.80631158,-1.69999225,0.34263732,0.00895848,0.00199114,0.28658136,0.18604006,0.17796638,-0.28284637,0.39188260,-0.16672225,-0.28616167,-0.18626743,0.17399160,-0.26425651,-0.17367681,-0.19153649,-0.27346243,0.38139543,0.00339625,0.00014726,0.00966207,-0.01525518,0.99983694,0.57277833,0.17560403,0.00373499,0.76800921,-0.17520405,0.00041969,0.20052288,0.18298955,0.02232485,0.20195603,-0.18275251,0.01311893,0.19688517,2.00610011,-1.61556134,0.13197765,1.22736776,0.37975659,0.06373064,1.54922264,-0.14837383,0.14991564,-3.32792282,-0.11738223
0.35339561,-0.01055381,0.02803819,-0.00703070,-0.22636928,-0.02657166,-0.08512019,0.01599489,-1.21537995,0.12790628,0.83976918,-1.61619735,-0.17197615,0.74090558,-1.59255362,0.12024722,0.73889476,-1.69536304,0.34263732,0.00895848,0.00199114,0.28708836,0.17987968,0.17874291,-0.28230122,0.38422350,-0.16633284,-0.28688385,-0.16676434,0.17492584,-0.26428429,-0.18102965,-0.19149824,-0.27406897,0.38867329,0.00293293,0.00011690,0.00747529,-0.01563614,0.99984980,0.57405418,0.17596372,0.00478715,0.76750779,-0.17533298,0.00020451,0.22746031,0.18298784,0.02280407,0.20174414,-0.18281099,0.01301940,0.08928074,1.82649434,-1.23206306,0.11994996,1.08431005,0.25207853,-0.00433273,1.50969791,-0.21877709,0.18841290,-3.32912612,0.28643888
0.33906705,-0.00416440,0.01517543,-0.00841713,-0.27322915,0.05544900,-0.08546301,0.05096125,-1.23568873,0.13153910,0.85735005,-1.61468015,-0.17209639,0.77254413,-1.59880791,0.12516398,0.66765734,-1.67960629,0.34263732,0.00895848,0.00199114,0.28733901,0.17602509,0.17975839,-0.28078844,0.37716935,-0.16665629,-0.28728042,-0.14718143,0.17622829,-0.26462438,-0.18802617,-0.19142732,-0.27435681,0.39551479,0.00263793,0.00007183,0.00473178,-0.01510510,0.99987471,0.57688953,0.17699709,0.00655057,0.76747782,-0.17533550,0.00005859,0.25372387,0.18323173,0.02271463,0.20179196,-0.18302230,0.01298220,-0.02047385,1.73300757,-1.00319153,0.18399191,0.85579075,0.07039483,-0.00488508,1.57134941,-0.31366163,0.24813635,-3.54104490,0.80033712
0.32994863,0.00153508,-0.00086459,-0.00892080,-0.30793169,0.12460848,-0.08753127,0.08482375,-1.25383658,0.13708394,0.86521519,-1.61574807,-0.17187329,0.80458611,-1.60674987,0.13233343,0.59360265,-1.65402927,0.34263732,0.00895848,0.00199114,0.28731401,0.17557046,0.18126653,-0.27869262,0.37040666,-0.16747187,-0.28730937,-0.12757174,0.17818756,-0.26499988,-0.19469580,-0.19117666,-0.27439483,0.40201490,0.00248038,0.00002465,0.00171624,-0.01390312,0.99990187,0.58255734,0.17879535,0.00862139,0.76762204,-0.17522538,0.00000464,0.27944674,0.18414600,0.02231413,0.20207897,-0.18320913,0.01291918,-0.10822627,1.72097983,-0.92054547,0.28581855,0.37457776,-0.05971509,0.01073002,1.62953761,-0.40730595,0.36985838,-3.77209988,1.32239738
0.30407619,0.00855469,-0.01945974,-0.00841593,-0.32408666,0.15784338,-0.09052389,0.11822072,-1.27100258,0.14422329,0.86288096,-1.62162848,-0.17233228,0.83670975,-1.61620841,0.14171495,0.51805487,-1.61939645,0.34263732,0.00895848,0.00199114,0.28696486,0.17898574,0.18313058,-0.27573920,0.36383892,-0.16854916,-0.28697309,-0.10806005,0.18078680,-0.26532144,-0.20095235,-0.19103309,-0.27407790,0.40824034,0.00248784,-0.00001836,-0.00156886,-0.01231268,0.99992297,0.59168113,0.18115563,0.01122565,0.76781867,-0.17496922,-0.00000823,0.30466466,0.18588064,0.02164342,0.20264501,-0.18353918,0.01288696,-0.14827820,1.63548081,-0.83778881,0.35619786,-0.15182914,-0.32213714,-0.02766935,1.57560732,-0.47016563,0.46867795,-3.70358982,1.73328755
0.31202759,0.01568045,-0.03870756,-0.00814856,-0.35972079,0.16414771,-0.09366974,0.15127251,-1.28759050,0.15303146,0.84928595,-1.63394136,-0.17407977,0.86936899,-1.62690334,0.15347676,0.44499810,-1.57736139,0.34263732,0.00895848,0.00199114,0.28630931,0.18672046,0.18530480,-0.27156470,0.35741973,-0.16966395,-0.28637767,-0.08953972,0.18409010,-0.26560009,-0.20700346,-0.19116595,-0.27334142,0.41432514,0.00264556,-0.00005339,-0.00504584,-0.01070166,0.99993000,0.60496879,0.18391166,0.01474462,0.76803179,-0.17462915,-0.00006836,0.32874590,0.18860986,0.02070922,0.20327769,-0.18404624,0.01296789,-0.16183000,1.69921634,-0.85155607,0.46475912,-0.78186127,-0.66658078,-0.09833990,1.68586366,-0.55678557,0.62174116,-3.73249941,2.20516098
0.29657526,0.02076922,-0.05085743,-0.00718196,-0.35859431,0.10051038,-0.09661470,0.18433921,-1.30468833,0.16208610,0.81850797,-1.64099836,-0.17669684,0.90315592,-1.63797665,0.16748303,0.37937111,-1.53110611,0.34263732,0.00895848,0.00199114,0.28540942,0.19865861,0.18762355,-0.26784262,0.35112040,-0.17069892,-0.28545025,-0.07310616,0.18809445,-0.26593370,-0.21316247,-0.19147330,-0.27235237,0.42039719,0.00293453,-0.00008321,-0.00868089,-0.00958503,0.99991638,0.62261602,0.18671534,0.01756680,0.76818079,-0.17446397,-0.00004083,0.35091022,0.19239585,0.01947572,0.20360336,-0.18441728,0.01305705,-0.14243099,1.62194216,-0.84412092,0.44120583,-1.64068782,-0.27981225,-0.13308139,1.66511178,-0.54371357,0.70131785,-3.15651274,2.29030490
0.30105461,0.02603264,-0.06173630,-0.00773891,-0.40658427,-0.01676357,-0.09803610,0.21847379,-1.32278285,0.16707842,0.77214154,-1.63327312,-0.18081794,0.93885365,-1.64903636,0.18237039,0.32904191,-1.48861060,0.34263732,0.00895848,0.00199114,0.28432390,0.21323772,0.18911932,-0.26604601,0.34483799,-0.17126761,-0.28421655,-0.06020841,0.19241177,-0.26623642,-0.21954553,-0.19210803,-0.27114943,0.42650227,0.00333922,-0.00012433,-0.01275398,-0.00970696,0.99987154,0.64337147,0.18828297,0.01827789,0.76795018,-0.17459099,0.00010735,0.37004080,0.19688365,0.01808748,0.20326842,-0.18447022,0.01317447,-0.06674065,1.69705904,-0.89813564,0.23989716,-2.31098728,0.39792733,-0.20860718,1.77560289,-0.54908892,0.73925297,-2.46319568,2.08743930
0.30499475,0.02770434,-0.06878199,-0.00994623,-0.48179119,-0.13424959,-0.09763263,0.25417275,-1.34074025,0.16840081,0.72181669,-1.61891875,-0.18684386,0.97669802,-1.66014047,0.19709191,0.29933413,-1.45987201,0.34263732,0.00895848,0.00199114,0.28318098,0.22852199,0.18970086,-0.26472836,0.33843955,-0.17129957,-0.28289264,-0.05162035,0.19663792,-0.26614578,-0.22611099,-0.19315271,-0.26974828,0.43255914,0.00375372,-0.00019338,-0.01746126,-0.01098508,0.99978717,0.66519409,0.18838767,0.01845263,0.76715317,-0.17494073,0.00028834,0.38527180,0.20147838,0.01703521,0.20225876,-0.18438422,0.01343270,0.02327337,1.81911995,-0.91198967,0.06242162,-2.56088257,0.73793972,-0.30904950,1.92989376,-0.56456038,0.74627461,-1.45420229,1.41920631
0.28292521,0.02288945,-0.06511682,-0.01264183,-0.52164699,-0.19809566,-0.09649817,0.29115789,-1.35796719,0.16818829,0.67111880,-1.60150735,-0.19382222,1.01644793,-1.67087381,0.20859715,0.29530746,-1.44988489,0.34263732,0.00895848,0.00199114,0.28210488,0.24396609,0.18986066,-0.26304816,0.33191510,-0.17111688,-0.28145292,-0.04851313,0.19996373,-0.26631531,-0.23287853,-0.19434219,-0.26831164,0.43841989,0.00408028,-0.00029697,-0.02274190,-0.01296691,0.99965723,0.68722855,0.18754901,0.01905672,0.76578485,-0.17558832,0.00065196,0.39510979,0.20523509,0.01578957,0.20057881,-0.18415605,0.01379324,0.05599874,1.81687362,-0.84045912,-0.01357180,-2.48523097,0.86400644,-0.34505303,1.95438011,-0.52292906,0.53843153,-0.08510877,0.41003786
0.30185253,0.02854485,-0.06579648,-0.01641726,-0.57372681,-0.23862169,-0.09540476,0.32867444,-1.37401056,0.16713173,0.61904219,-1.58040226,-0.20210665,1.05666032,-1.68001301,0.21236406,0.31396952,-1.45707436,0.34263732,0.00895848,0.00199114,0.28114738,0.25965690,0.18979573,-0.26107059,0.32527282,-0.17094225,-0.27997791,-0.05030913,0.20117502,-0.26754283,-0.23980261,-0.19578620,-0.26685430,0.44432566,0.00443582,-0.00043338,-0.02829776,-0.01525548,0.99948303,0.70965408,0.18621853,0.02007679,0.76422988,-0.17635398,0.00116947,0.40017973,0.20705254,0.01360455,0.19865946,-0.18394051,0.01429308,0.05538926,1.93249857,-0.81720628,-0.06014249,-2.69557462,1.11521131,-0.43746135,2.06826913,-0.45643481,0.13728054,1.08447856,-0.47002610
0.31015616,0.04049343,-0.06568974,-0.01698868,-0.50703648,-0.25698897,-0.09436357,0.36615121,-1.38954616,0.16518044,0.56257623,-1.55254877,-0.21187794,1.09492326,-1.68527079,0.21055616,0.34727857,-1.48057866,0.34263732,0.00895848,0.00199114,0.28023219,0.27587590,0.18954401,-0.25938909,0.31841667,-0.17076001,-0.27864175,-0.05507840,0.20061208,-0.26844762,-0.24692452,-0.19759655,-0.26545882,0.45068073,0.00499966,-0.00059835,-0.03353841,-0.01782788,0.99927823,0.73314214,0.18458250,0.02084310,0.76280373,-0.17700966,0.00159044,0.40279324,0.20744872,0.01178458,0.19686505,-0.18366331,0.01477337,0.05092208,1.83604038,-0.76037288,-0.10186258,-2.80423355,1.41867459,-0.48864761,1.85718250,-0.22588757,-0.11811975,1.72131371,-1.26768553
0.34045036,0.05182390,-0.06753731,-0.01208865,-0.31892444,-0.29402508,-0.09364981,0.40194815,-1.40764461,0.16378243,0.49996446,-1.51918051,-0.22184713,1.12513123,-1.68186972,0.20868739,0.38952516,-1.51649492,0.34263732,0.00895848,0.00199114,0.27937390,0.29252515,0.18938043,-0.25807160,0.31126247,-0.17057221,-0.27760432,-0.06235557,0.19970106,-0.26776755,-0.25425325,-0.19964132,-0.26439551,0.45764305,0.00575227,-0.00076715,-0.03686007,-0.02078321,0.99910400,0.75779066,0.18280402,0.02130231,0.76154290,-0.17761644,0.00176958,0.40364612,0.20787367,0.01160635,0.19530753,-0.18314305,0.01497840,0.03381169,1.77014105,-0.90613465,-0.06694860,-3.11715775,1.65668416,-0.49283153,1.47847931,0.18727858,-0.09271327,2.09369483,-1.77655926
0.36883973,0.05692895,-0.05979397,0.00081599,0.00256702,-0.28154846,-0.09398882,0.43387738,-1.43024263,0.16340149,0.43172994,-1.48549588,-0.23025736,1.14378738,-1.66869729,0.20644140,0.42768587,-1.54652689,0.34263732,0.00895848,0.00199114,0.27872517,0.30929871,0.18929636,-0.25697082,0.30399148,-0.17057028,-0.27692915,-0.07056364,0.19877056,-0.26709912,-0.26175895,-0.20167085,-0.26361058,0.46499498,0.00652754,-0.00087239,-0.03699568,-0.02357928,0.99903682,0.78287988,0.18102108,0.02175435,0.76060084,-0.17819446,0.00179602,0.40388747,0.20840580,0.01162605,0.19401312,-0.18256954,0.01511458,-0.02063190,1.61330163,-1.16078186,-0.01881919,-3.48537159,1.71397862,-0.42138311,0.92121553,0.69057053,-0.11734961,1.91782899,-1.49921150
0.36758622,0.05200598,-0.04190991,0.01777636,0.34858264,-0.16856532,-0.09595600,0.46161827,-1.45726027,0.16278546,0.35637955,-1.44855914,-0.23552665,1.15127182,-1.64839733,0.20303521,0.45618789,-1.56497312,0.34263732,0.00895848,0.00199114,0.27835425,0.32621754,0.18896155,-0.25681369,0.29658604,-0.17092707,-0.27663053,-0.07875148,0.19774229,-0.26692075,-0.26925247,-0.20329308,-0.26285248,0.47256586,0.00721507,-0.00085635,-0.03370549,-0.02541328,0.99910829,0.80796819,0.17934766,0.02154056,0.76007860,-0.17856913,0.00172372,0.40396926,0.20870531,0.01143350,0.19332634,-0.18212656,0.01550177,-0.10404648,1.34475472,-1.33942850,-0.03386701,-3.72621365,1.84041324,-0.24311822,0.32528706,1.01414561,-0.17065720,1.35893853,-0.85993227
0.39251677,0.04594169,-0.02662814,0.03154041,0.60678143,-0.03311325,-0.09960672,0.48653479,-1.48624077,0.16084791,0.27635142,-1.40861168,-0.23735638,1.15216541,-1.62742975,0.19931484,0.47707551,-1.57462530,0.34263732,0.00895848,0.00199114,0.27823601,0.34310051,0.18805803,-0.25736847,0.28897653,-0.17169696,-0.27664025,-0.08678504,0.19679465,-0.26699243,-0.27631084,-0.20421383,-0.26167714,0.48023697,0.00773441,-0.00072661,-0.02803127,-0.02590514,0.99927106,0.83262053,0.17776268,0.02086754,0.75992916,-0.17870474,0.00159575,0.40376507,0.20876134,0.01124358,0.19371628,-0.18188855,0.01655887,-0.19790543,1.26829593,-1.49637840,-0.11017436,-4.13404884,2.05581326,-0.07331884,0.02009728,1.06514621,-0.19080669,1.03411233,-0.44964198
0.37860311,0.03252225,-0.00650519,0.03360339,0.65417141,0.06434936,-0.10399162,0.51029861,-1.51415336,0.15723430,0.19375408,-1.36228883,-0.23609598,1.15154326,-1.61012602,0.19618180,0.49325478,-1.57806659,0.34263732,0.00895848,0.00199114,0.27839312,0.35980617,0.18660866,-0.25865475,0.28116933,-0.17265196,-0.27692086,-0.09454466,0.19613083,-0.26727412,-0.28277450,-0.20430732,-0.26002109,0.48797339,0.00803720,-0.00054429,-0.02143454,-0.02537933,0.99944792,0.85678697,0.17614377,0.01973837,0.76001757,-0.17866270,0.00147226,0.40350500,0.20871377,0.01111900,0.19519392,-0.18165487,0.01837203,-0.21769895,1.15989053,-1.35569000,-0.18892655,-4.06743145,2.33336735,0.08280925,-0.03384842,0.81855404,-0.14812542,0.76515704,-0.12876005
0.38528269,0.02289959,0.01131179,0.03238583,0.65138938,0.09288834,-0.10778900,0.53390834,-1.53951483,0.15463190,0.10668712,-1.30106204,-0.23262381,1.15067511,-1.59715636,0.19380397,0.50767353,-1.57755208,0.34263732,0.00895848,0.00199114,0.27884248,0.37672850,0.18552712,-0.26076486,0.27325291,-0.17344374,-0.27741816,-0.10220536,0.19575803,-0.26777745,-0.28835832,-0.20374537,-0.25814773,0.49573852,0.00812292,-0.00036413,-0.01486136,-0.02444664,0.99959060,0.88108594,0.17501222,0.01807763,0.76018611,-0.17847117,0.00142433,0.40322480,0.20864313,0.01106504,0.19776505,-0.18128274,0.02069476,-0.18718941,1.17133622,-1.25429554,-0.12047606,-4.32715378,3.05827227,0.17272124,-0.04675493,0.63582631,-0.11815894,0.71500362,0.02927596
0.39638576,0.01937149,0.02899299,0.03110355,0.64953694,0.09083296,-0.11101999,0.55719452,-1.56224613,0.15695069,0.01877333,-1.23195870,-0.22866151,1.14639130,-1.58885925,0.19125651,0.52181416,-1.57510481,0.34263732,0.00895848,0.00199114,0.27953430,0.39342386,0.18574882,-0.26234431,0.26532959,-0.17409129,-0.27808989,-0.10993812,0.19538655,-0.26846630,-0.29200631,-0.20302652,-0.25623474,0.50352914,0.00813652,-0.00020025,-0.00846282,-0.02355084,0.99968680,0.90526352,0.17515284,0.01718999,0.76036638,-0.17825609,0.00144441,0.40291379,0.20848333,0.01106800,0.20228620,-0.18091411,0.02329957,-0.16378174,1.18316298,-1.14889913,0.13024140,-4.45984802,3.51700964,0.20421347,-0.23372488,0.40916967,-0.13047135,0.71890453,0.12828330
0.38367592,0.02100893,0.04243266,0.02772729,0.60006620,0.07521681,-0.11421837,0.58012676,-1.58174565,0.16260767,-0.05910586,-1.16609166,-0.22105162,1.13366647,-1.58575432,0.18833499,0.53617685,-1.57141867,0.34263732,0.00895848,0.00199114,0.28042263,0.40760536,0.18683015,-0.26362682,0.25736499,-0.17476473,-0.27894649,-0.11779850,0.19494030,-0.26929519,-0.29214868,-0.20145021,-0.25532823,0.51136021,0.00819949,-0.00005331,-0.00230868,-0.02277350,0.99973798,0.92705014,0.17627541,0.01679581,0.76050028,-0.17810315,0.00147614,0.40256056,0.20830157,0.01112745,0.21034147,-0.17973868,0.02509440,-0.15779180,1.12342060,-0.94181364,0.27972143,-3.74693961,3.19073887,0.40214955,-0.66748224,0.13281457,-0.14463206,0.70686406,0.18343504
0.40178013,0.02925953,0.05471639,0.02604603,0.58167931,0.06965274,-0.11776474,0.60334022,-1.59800098,0.16659832,-0.12006355,-1.10488408,-0.20568350,1.11313329,-1.58808057,0.18487354,0.55134768,-1.56752305,0.34263732,0.00895848,0.00199114,0.28142286,0.41748427,0.18771376,-0.26673739,0.24926169,-0.17557972,-0.27988669,-0.12575532,0.19434140,-0.27018559,-0.28883217,-0.19788735,-0.25608785,0.51919371,0.00840201,0.00007491,0.00340894,-0.02208889,0.99975020,0.94456139,0.17749345,0.01468547,0.76045729,-0.17801558,0.00153617,0.40214464,0.20810803,0.01123727,0.22190326,-0.17653530,0.02533501,-0.18523755,1.19870946,-0.81669052,0.18430145,-3.03039460,3.14179115,0.84381944,-1.09379572,-0.15782502,-0.18252033,0.78660334,0.19973550
0.37736814,0.03539876,0.05820940,0.02128439,0.49176140,0.08291119,-0.12192306,0.62706196,-1.61108041,0.16769987,-0.16494592,-1.05265296,-0.18777193,1.09182620,-1.60004842,0.18071397,0.56771785,-1.56411958,0.34263732,0.00895848,0.00199114,0.28247336,0.42366666,0.18802829,-0.27112444,0.24103891,-0.17661130,-0.28079019,-0.13375414,0.19352242,-0.27110156,-0.28319514,-0.19338122,-0.25663067,0.52694914,0.00877133,0.00018130,0.00852038,-0.02127272,0.99973739,0.95823056,0.17860778,0.01134892,0.76025730,-0.17793327,0.00168317,0.40154800,0.20780814,0.01137180,0.23578440,-0.17238848,0.02584268,-0.20863685,1.16608071,-0.61889255,0.03505104,-2.09012961,2.47616625,0.87948138,-1.03563416,-0.66425514,-0.20880821,0.81166095,0.16235603
0.37199013,0.03944274,0.06434720,0.01743566,0.42361193,0.14958804,-0.12701685,0.65114696,-1.62000535,0.16709543,-0.19153673,-1.02029827,-0.17474245,1.06973748,-1.61971622,0.17658365,0.58599112,-1.56124594,0.34263732,0.00895848,0.00199114,0.28357468,0.42645709,0.18789271,-0.27511733,0.23272151,-0.17797253,-0.28163770,-0.14188623,0.19267302,-0.27199280,-0.27554864,-0.18989407,-0.25597984,0.53451009,0.00926581,0.00025293,0.01281724,-0.01979655,0.99972184,0.96807127,0.18012838,0.00845736,0.76000347,-0.17778032,0.00193699,0.40036274,0.20740487,0.01158189,0.25165981,-0.16957081,0.02759484,-0.25394061,1.19668872,-0.43656508,-0.03519534,-1.27670028,1.55251260,0.64201908,-1.11085186,-0.97379309,-0.20408570,0.91033304,0.14123766
0.37794362,0.04207183,0.06858021,0.01357670,0.36065242,0.24172215,-0.13265704,0.67613826,-1.62562172,0.16283783,-0.19225754,-1.02178891,-0.16373941,1.03808713,-1.63773670,0.17289912,0.60603940,-1.55916841,0.34263732,0.00895848,0.00199114,0.28468511,0.42478668,0.18668632,-0.27829842,0.22416088,-0.17954142,-0.28242627,-0.15011272,0.19190514,-0.27274797,-0.26522857,-0.18699539,-0.25604076,0.54198948,0.00982634,0.00028487,0.01639707,-0.01746013,0.99971306,0.97303612,0.18156538,0.00638669,0.75974412,-0.17743321,0.00225883,0.39866958,0.20685633,0.01193714,0.27039285,-0.16779331,0.02864434,-0.28772160,1.27421834,-0.27909312,-0.22955104,0.03611908,-0.18035345,0.55788710,-1.64083843,-0.91068336,-0.18665752,1.02326586,0.10361224
0.38617666,0.04447351,0.05902387,0.00865259,0.26856562,0.31563442,-0.13864521,0.70255923,-1.62826166,0.15321600,-0.16497806,-1.06388600,-0.15402293,0.99339666,-1.65402379,0.16964766,0.62768376,-1.55779798,0.34263732,0.00895848,0.00199114,0.28560702,0.41859813,0.18383716,-0.27990754,0.21524457,-0.18125686,-0.28309702,-0.15835122,0.19121892,-0.27339224,-0.25123706,-0.18447534,-0.25689906,0.54988887,0.01049804,0.00027341,0.01920967,-0.01430239,0.99971314,0.97357475,0.18228505,0.00569948,0.75986010,-0.17684218,0.00251000,0.39707269,0.20616868,0.01221478,0.29347731,-0.16671462,0.02870796,-0.29479913,1.30124857,-0.11633564,-0.49220338,1.43259618,-2.20434937,0.46787803,-2.24182734,-0.79566866,-0.15693621,1.06765234,0.06528321
0.42455447,0.04633507,0.05052260,0.00444006,0.17445203,0.37246476,-0.14487537,0.73004081,-1.62766175,0.14136390,-0.12473174,-1.12144821,-0.14674496,0.93936353,-1.66985941,0.16709563,0.65140731,-1.55725529,0.34263732,0.00895848,0.00199114,0.28627273,0.41033177,0.18038735,-0.28052429,0.20613411,-0.18309077,-0.28358146,-0.16659730,0.19069095,-0.27395706,-0.23426693,-0.18253127,-0.25767633,0.55815493,0.01121926,0.00022481,0.02103913,-0.01071167,0.99972124,0.97225763,0.18277308,0.00574844,0.76031865,-0.17624628,0.00269127,0.39568178,0.20543609,0.01231567,0.32003070,-0.16625049,0.02859640,-0.32191958,1.41932518,0.05190407,-0.61151992,2.10723090,-2.97496939,0.35717866,-2.82665315,-0.81314684,-0.12639567,1.23651111,0.02093455
0.40699489,0.03866180,0.03655253,0.00058355,0.03348180,0.32744464,-0.15083182,0.75772077,-1.62394965,0.13108364,-0.08316163,-1.17219377,-0.14225207,0.88048434,-1.68503106,0.16520458,0.67850256,-1.55908024,0.34263732,0.00895848,0.00199114,0.28669351,0.40183077,0.17756263,-0.28107225,0.19723465,-0.18489478,-0.28378627,-0.17483847,0.19027309,-0.27434413,-0.21548991,-0.18120471,-0.25787750,0.56649390,0.01189555,0.00015799,0.02157706,-0.00732017,0.99974038,0.97088170,0.18355499,0.00562126,0.76099992,-0.17586759,0.00290725,0.39446041,0.20470846,0.01234938,0.34837365,-0.16613424,0.02881601,-0.28874418,1.35665774,0.20313261,-0.48786399,2.03484893,-2.41527128,0.20067830,-2.91350651,-0.73805273,-0.08842173,1.35438931,-0.10956034
0.39880974,0.02797848,0.02590187,-0.00114961,-0.11637459,0.26502385,-0.15464602,0.78501641,-1.61755497,0.12272588,-0.04205144,-1.21269689,-0.14039851,0.81805525,-1.69756224,0.16459436,0.70931743,-1.56378486,0.34263732,0.00895848,0.00199114,0.28689269,0.39361756,0.17543011,-0.28154567,0.18893516,-0.18614984,-0.28375617,-0.18286083,0.19010202,-0.27450262,-0.19545922,-0.18041918,-0.25741243,0.57456374,0.01239340,0.00009518,0.02045661,-0.00462638,0.99978003,0.96978797,0.18417323,0.00534702,0.76176807,-0.17549699,0.00313652,0.39347005,0.20417958,0.01239007,0.37744318,-0.16620917,0.02948026,-0.18382131,1.35460825,0.31807657,-0.41154667,2.03952918,-1.99603138,0.08761099,-3.10566587,-0.61312831,-0.02795677,1.53267927,-0.23552730
0.38728132,0.01579343,0.01340066,-0.00155226,-0.26074633,0.20033235,-0.15580750,0.81236149,-1.61172264,0.11635078,-0.00142540,-1.24561377,-0.14107284,0.75170202,-1.70427291,0.16501009,0.74205896,-1.56990521,0.34263732,0.00895848,0.00199114,0.28689417,0.38576877,0.17393774,-0.28178883,0.18142512,-0.18661991,-0.28328534,-0.19045615,0.19015163,-0.27463230,-0.17462227,-0.18025992,-0.25661758,0.58220623,0.01267211,0.00004798,0.01795488,-0.00262379,0.99983535,0.96888257,0.18458280,0.00510533,0.76264941,-0.17489742,0.00360882,0.39275069,0.20382070,0.01226187,0.40664029,-0.16666885,0.03027658,-0.05492082,1.39153414,0.28999279,-0.31854732,2.06497741,-1.65770869,-0.04085654,-3.38366833,-0.32223786,0.02210359,1.67040524,-0.31627389
0.34951236,0.00770082,-0.00560205,-0.00124624,-0.38819824,0.11353032,-0.15607632,0.83938199,-1.60986977,0.11219991,0.03858289,-1.27156096,-0.14410995,0.68288283,-1.70206978,0.16579919,0.77782847,-1.57920582,0.34263732,0.00895848,0.00199114,0.28660696,0.37834594,0.17312704,-0.28173099,0.17535035,-0.18671096,-0.28173062,-0.19768654,0.19018552,-0.27458107,-0.15369114,-0.18074828,-0.25591155,0.58937134,0.01281551,0.00002036,0.01410848,-0.00139681,0.99989949,0.96819950,0.18488482,0.00487597,0.76419936,-0.17438463,0.00487634,0.39221693,0.20355260,0.01202589,0.43517581,-0.16750268,0.03069541,-0.01464065,1.31932836,0.06812600,-0.19564111,1.95802686,-1.24389277,-0.15589033,-3.37529869,0.14848849,0.03997736,1.77018986,-0.47476848
0.34712284,0.00484002,-0.02280231,-0.00101326,-0.51288534,0.03953612,-0.15684570,0.86274821,-1.61610079,0.10958299,0.07764517,-1.29196925,-0.14823472,0.61470137,-1.69030845,0.16674718,0.81678814,-1.59238708,0.34263732,0.00895848,0.00199114,0.28606412,0.37135647,0.17277717,-0.28141633,0.17219716,-0.18673305,-0.27858650,-0.20462383,0.19011496,-0.27417431,-0.13356461,-0.18159070,-0.25560159,0.59614628,0.01290252,0.00000869,0.00922742,-0.00092517,0.99995700,0.96782182,0.18499223,0.00464779,0.76799761,-0.17414885,0.00747763,0.39187459,0.20339579,0.01188982,0.46224588,-0.16844072,0.03046253,-0.04347541,1.16822467,-0.38433634,-0.12658755,2.00368426,-1.02086797,-0.21641179,-3.50027113,0.66523056,0.04908784,2.02158217,-0.70003511
0.31550259,0.00149302,-0.03448298,-0.00101451,-0.51371415,-0.02511548,-0.15849116,0.87437344,-1.63256216,0.10832749,0.11560556,-1.30965161,-0.15339088,0.54627013,-1.66801095,0.16735557,0.85631937,-1.60703731,0.34263732,0.00895848,0.00199114,0.28533491,0.36465242,0.17278739,-0.28084866,0.17426848,-0.18677697,-0.27397262,-0.21120689,0.18985678,-0.27358975,-0.11422543,-0.18281473,-0.25574664,0.60261860,0.01292856,0.00000439,0.00400816,-0.00109416,0.99999137,0.96764827,0.18491756,0.00448626,0.77647793,-0.17422932,0.01136230,0.39182769,0.20324707,0.01174517,0.48799339,-0.16963577,0.02958827,-0.08752678,0.47006676,-0.87895107,-0.05180038,1.85305572,-0.85319489,-0.26103941,-3.36095142,1.16970253,0.02636278,1.93616211,-0.72295523
0.31258815,-0.00154570,-0.04524109,-0.00148468,-0.49964487,-0.07453698,-0.16249808,0.85498921,-1.64142022,0.10854909,0.15234692,-1.32619259,-0.16063541,0.47659856,-1.63281021,0.16841978,0.89504645,-1.62144864,0.34263732,0.00895848,0.00199114,0.28444001,0.35809180,0.17316722,-0.28006280,0.18401186,-0.18769666,-0.27054184,-0.21754953,0.18967017,-0.27275609,-0.09561346,-0.18476141,-0.25637218,0.60891799,0.01287704,-0.00000242,-0.00103299,-0.00183348,0.99999779,0.96764238,0.18472998,0.00437721,0.79224035,-0.17549313,0.01389817,0.39206544,0.20334367,0.01168392,0.51262766,-0.17153252,0.02806783,-0.20075602,-1.02352309,-0.39684630,0.01299970,1.82210126,-0.81987402,-0.36511469,-3.45510259,1.76522660,0.05502381,1.92202010,-0.71437821
0.32227045,-0.00554110,-0.05355383,-0.00234896,-0.49382166,-0.09551707,-0.16634841,0.80621778,-1.62894320,0.10971328,0.18858766,-1.34237149,-0.17083565,0.40986609,-1.58881755,0.17050865,0.93390083,-1.63511813,0.34263732,0.00895848,0.00199114,0.28346363,0.35152815,0.17378022,-0.27912490,0.19903943,-0.18908294,-0.27007232,-0.22402725,0.18972055,-0.27166097,-0.07837043,-0.18764684,-0.25728660,0.61526040,0.01273828,-0.00001708,-0.00589307,-0.00277565,0.99997878,0.96774786,0.18456436,0.00433872,0.81324710,-0.17744669,0.01339130,0.39228981,0.20369957,0.01180266,0.53584949,-0.17447061,0.02617702,-0.18874261,-2.52433271,0.67202619,0.06052339,1.84365296,-0.82332461,-0.52512187,-3.37931352,2.25128512,0.10757432,1.97736082,-0.69204626
0.31687715,-0.01247223,-0.05632910,-0.00308526,-0.47075906,-0.05838705,-0.16641227,0.74613926,-1.60671227,0.11107023,0.22533202,-1.35886357,-0.18216843,0.35261043,-1.54180186,0.17327408,0.97324634,-1.64694560,0.34263732,0.00895848,0.00199114,0.28245478,0.34479394,0.17442005,-0.27806860,0.21618111,-0.18958416,-0.27073756,-0.23086113,0.18992522,-0.27053481,-0.06374577,-0.19100108,-0.25865373,0.62173384,0.01245455,-0.00003691,-0.01069345,-0.00342208,0.99993697,0.96771352,0.18451057,0.00438617,0.83661228,-0.17860482,0.01171722,0.39217807,0.20395545,0.01191997,0.55668226,-0.17810575,0.02380105,0.01657167,-2.94776025,1.09313931,0.06516935,1.80483296,-0.81027251,-0.55097688,-2.74956989,2.30008001,0.13889793,1.93028927,-0.56948379
0.33698982,-0.02171847,-0.06370013,-0.00356579,-0.51111231,0.02479519,-0.16342105,0.68971367,-1.58655851,0.11177312,0.26289722,-1.37544720,-0.19170025,0.31358801,-1.50202334,0.17738527,1.01290314,-1.65643895,0.34263732,0.00895848,0.00199114,0.28142502,0.33789188,0.17485334,-0.27694865,0.23287689,-0.18907939,-0.27054590,-0.23798625,0.19046074,-0.26942405,-0.05336403,-0.19399494,-0.26049589,0.62830551,0.01200796,-0.00005125,-0.01563026,-0.00329258,0.99987242,0.96734164,0.18463218,0.00447638,0.85993208,-0.17860104,0.01087913,0.39157878,0.20403194,0.01200097,0.57366499,-0.18163131,0.02092913,0.16549084,-2.86089187,1.01060476,0.03048028,1.93846252,-0.85251220,-0.47586528,-1.87162037,1.97278881,0.22269333,2.04280562,-0.47446522
0.31830321,-0.02383816,-0.06390841,-0.00294061,-0.52727405,0.10342807,-0.16019759,0.63778585,-1.56791174,0.11159153,0.30144876,-1.39154875,-0.19960195,0.29866242,-1.48057616,0.18304987,1.05340874,-1.66464889,0.34263732,0.00895848,0.00199114,0.28039351,0.33086017,0.17502401,-0.27575838,0.24882988,-0.18838308,-0.26920482,-0.24526543,0.19133372,-0.26823491,-0.04804725,-0.19648074,-0.26199187,0.63485390,0.01149540,-0.00004920,-0.02094503,-0.00234839,0.99977787,0.96653265,0.18496317,0.00463513,0.88279605,-0.17805455,0.01118869,0.39049003,0.20397921,0.01215860,0.58588415,-0.18475745,0.01840164,0.15516491,-2.52065921,0.91115862,-0.01504053,1.89724731,-0.78503519,-0.37790921,-0.55624104,0.90478444,0.28797808,1.99315822,-0.39616048
0.31376529,-0.01902358,-0.06464595,-0.00163516,-0.55317400,0.16436506,-0.15556955,0.58285683,-1.54307957,0.11033551,0.34133335,-1.40764766,-0.20335118,0.31052452,-1.48540068,0.18953685,1.09437962,-1.67161763,0.34263732,0.00895848,0.00199114,0.27942855,0.32358285,0.17485045,-0.27451596,0.26527008,-0.18730678,-0.26778161,-0.25263259,0.19231093,-0.26699801,-0.04809106,-0.19757978,-0.26271783,0.64122465,0.01109942,-0.00001774,-0.02653143,-0.00071322,0.99964773,0.96505668,0.18548793,0.00491259,0.90622717,-0.17658572,0.01164694,0.38886675,0.20377065,0.01243054,0.59285169,-0.18641153,0.01671071,0.23351259,-2.73643951,1.24689865,-0.06419602,1.97995672,-0.80114977,-0.17876626,0.62946560,-0.28027383,0.32254247,2.02958608,-0.34064157
0.33725157,-0.01474075,-0.07084137,0.00019448,-0.48553410,0.21210728,-0.14975551,0.52304161,-1.51193089,0.10827157,0.38080937,-1.42526531,-0.20438271,0.34247380,-1.51018062,0.19604882,1.13217373,-1.67499387,0.34263732,0.00895848,0.00199114,0.27845458,0.31617296,0.17436295,-0.27333526,0.28224949,-0.18590336,-0.26670346,-0.26004670,0.19330462,-0.26582939,-0.05262225,-0.19768936,-0.26268485,0.64791340,0.01082039,0.00004422,-0.03137344,0.00136327,0.99950680,0.96360955,0.18604515,0.00511933,0.93066894,-0.17431235,0.01175112,0.38734037,0.20341493,0.01262519,0.59583060,-0.18701178,0.01576974,0.29333640,-3.04947586,1.58983803,-0.10565486,2.00320096,-0.90152168,-0.05346049,1.65883620,-1.29286029,0.32959372,1.90887694,-0.15928991
0.34114175,-0.00723858,-0.06825863,0.00097179,-0.25154350,0.18302741,-0.14531244,0.46017415,-1.48016489,0.10630730,0.41751831,-1.44568701,-0.20567889,0.38252882,-1.54253113,0.20118220,1.16261616,-1.67196641,0.34263732,0.00895848,0.00199114,0.27752992,0.30876162,0.17378466,-0.27237216,0.29914370,-0.18474949,-0.26541241,-0.26757627,0.19411925,-0.26484628,-0.05987300,-0.19771446,-0.26188117,0.65493138,0.01070526,0.00011261,-0.03416702,0.00328047,0.99941075,0.96254550,0.18651310,0.00515776,0.95528146,-0.17207646,0.01211751,0.38608654,0.20306376,0.01268364,0.59635760,-0.18739800,0.01564875,0.21014896,-3.09344020,1.54921858,-0.09361891,1.78331797,-1.01495202,-0.06367336,1.95934374,-1.57976983,0.24203692,1.45281615,0.18061748
0.36767415,-0.00391828,-0.05963958,-0.00058870,0.05531745,0.08571779,-0.14090986,0.39296619,-1.44923675,0.10563123,0.44988927,-1.46922078,-0.20587519,0.41716238,-1.56807024,0.20381666,1.18272934,-1.66147151,0.34263732,0.00895848,0.00199114,0.27682414,0.30137826,0.17345491,-0.27176912,0.31596359,-0.18339910,-0.26425784,-0.27512569,0.19459993,-0.26404655,-0.06759035,-0.19754063,-0.26128354,0.66212271,0.01068489,0.00014487,-0.03401526,0.00425863,0.99941223,0.96201183,0.18670188,0.00505502,0.97963778,-0.17001488,0.01256630,0.38534861,0.20293310,0.01277759,0.59621828,-0.18742458,0.01554060,0.23476169,-3.49394097,1.59157894,-0.02359242,1.63646443,-1.22999682,0.00217899,1.72746832,-1.24618194,0.11883452,0.96570387,0.58630103
0.35545889,-0.00305069,-0.03891981,-0.00270603,0.32822328,-0.05771309,-0.13431530,0.31921336,-1.41542089,0.10725524,0.47799265,-1.49446702,-0.20573589,0.44470999,-1.58320916,0.20395240,1.19350100,-1.64657009,0.34263732,0.00895848,0.00199114,0.27643505,0.29394930,0.17369921,-0.27156598,0.33304079,-0.18125649,-0.26392406,-0.28239689,0.19470293,-0.26307915,-0.07555434,-0.19749716,-0.26126792,0.66939944,0.01067891,0.00012038,-0.03105165,0.00387498,0.99951026,0.96199310,0.18665208,0.00486907,1.00383562,-0.16798985,0.01251099,0.38550138,0.20318638,0.01335590,0.59537870,-0.18739813,0.01516713,0.34112701,-3.66407442,1.68608904,0.09717835,1.34897220,-1.24603856,0.00465968,1.30541003,-0.67051017,-0.01039312,0.46734247,0.75316423
0.35931819,0.00467621,-0.02268131,-0.00263456,0.47472418,-0.19818298,-0.12560149,0.23710733,-1.36896904,0.11045024,0.50353864,-1.51905725,-0.20593861,0.46588552,-1.58953679,0.20070513,1.19897647,-1.63260722,0.34263732,0.00895848,0.00199114,0.27635108,0.28630830,0.17436193,-0.27181618,0.35060519,-0.17852461,-0.26512115,-0.28899127,0.19404620,-0.26174334,-0.08338733,-0.19772315,-0.26163705,0.67665617,0.01079268,0.00005187,-0.02629195,0.00191458,0.99965247,0.96229450,0.18625001,0.00453490,1.02794261,-0.16638766,0.01122994,0.38692375,0.20373051,0.01460774,0.59402682,-0.18724842,0.01471403,0.43439028,-4.08316431,2.31806479,0.15860482,1.26653974,-1.21795127,-0.00941981,1.04205558,-0.30409184,-0.16695951,0.26956339,0.68707991
0.36434132,0.01759707,-0.00755331,-0.00041054,0.52820207,-0.26351248,-0.11664867,0.15042109,-1.31436613,0.11343908,0.52852021,-1.54219229,-0.20624592,0.48304775,-1.59107554,0.19478973,1.20328507,-1.62126422,0.34263732,0.00895848,0.00199114,0.27649411,0.27853040,0.17495980,-0.27231178,0.36867048,-0.17567179,-0.26633079,-0.29499902,0.19268864,-0.26024798,-0.09075756,-0.19807025,-0.26219520,0.68382370,0.01112029,-0.00001218,-0.02110487,-0.00068120,0.99977704,0.96259228,0.18570035,0.00418233,1.05225444,-0.16505375,0.01016331,0.38908755,0.20421077,0.01624613,0.59279630,-0.18682609,0.01429891,0.45133321,-4.42024603,2.80306911,0.15027215,1.27024639,-1.17280567,-0.01844816,0.86852386,-0.07094969,-0.30417723,0.21663237,0.57436612
0.35025282,0.02316725,0.01163691,0.00216487,0.51393264,-0.19417651,-0.11027430,0.06099813,-1.25106556,0.11530946,0.55325079,-1.56379259,-0.20728948,0.49930580,-1.59050841,0.18892834,1.20567653,-1.61148825,0.34263732,0.00895848,0.00199114,0.27692777,0.27071772,0.17524187,-0.27299995,0.38683707,-0.17352377,-0.26722419,-0.30022160,0.19133919,-0.25862968,-0.09813655,-0.19866285,-0.26274440,0.69095849,0.01155438,-0.00004224,-0.01586322,-0.00275161,0.99987038,0.96263663,0.18530359,0.00392782,1.07683463,-0.16409588,0.00970358,0.39179455,0.20454307,0.01829809,0.59173000,-0.18656532,0.01418337,0.29700686,-4.38182650,3.12403498,0.08498816,1.21046789,-1.05312707,-0.05143302,0.79870782,0.03045727,-0.27858929,0.10457179,0.47004079
0.36656226,0.01724176,0.03409585,0.00379971,0.54178965,-0.08567997,-0.10673074,-0.02166368,-1.18781092,0.11595771,0.57737532,-1.58378794,-0.20729438,0.51575749,-1.58863258,0.18504653,1.20216477,-1.60652962,0.34263732,0.00895848,0.00199114,0.27770082,0.26297794,0.17518969,-0.27386348,0.40303013,-0.17215826,-0.26789109,-0.30291008,0.19052093,-0.25683073,-0.10575229,-0.19902606,-0.26351175,0.69807311,0.01186261,-0.00003911,-0.01060442,-0.00372311,0.99993684,0.96234833,0.18508915,0.00383734,1.09981008,-0.16329208,0.00980973,0.39659016,0.20463390,0.02087009,0.59084169,-0.18637044,0.01418907,0.16856197,-4.18193769,3.23154736,0.02742041,1.23706119,-1.01789587,0.01151623,0.84695129,0.10799519,-0.18779087,-0.23162295,0.21241130
0.34195213,0.00130580,0.05211825,0.00415127,0.52444925,-0.02977143,-0.10384476,-0.08668500,-1.13491201,0.11702742,0.60061371,-1.60124803,-0.20576608,0.53172356,-1.58459568,0.17755863,1.18640184,-1.60736620,0.34263732,0.00895848,0.00199114,0.27879253,0.25524027,0.17528828,-0.27488016,0.41484601,-0.17103613,-0.26928584,-0.30113216,0.18894357,-0.25628579,-0.11354814,-0.19904196,-0.26464502,0.70506001,0.01187859,-0.00002152,-0.00526858,-0.00408412,0.99997778,0.96172357,0.18507615,0.00391237,1.11849511,-0.16254042,0.00950669,0.40548123,0.20327559,0.02250674,0.58988982,-0.18622923,0.01414751,0.14116789,-3.04669094,2.50231504,0.05921151,1.13251269,-0.83604276,0.08471748,0.77781254,0.21398768,-0.40774482,-0.87019271,-0.07879733
0.32189652,-0.01332913,0.07128713,0.00463490,0.51889339,-0.08833001,-0.09979905,-0.13378373,-1.09132769,0.11975077,0.62327353,-1.61470912,-0.20266000,0.54767106,-1.57987227,0.16426712,1.15622671,-1.61149909,0.34263732,0.00895848,0.00199114,0.28021871,0.24732848,0.17591035,-0.27605828,0.42221948,-0.16974858,-0.27231752,-0.29468776,0.18601736,-0.25775079,-0.12145619,-0.19863230,-0.26591432,0.71157204,0.01155288,0.00000068,-0.00002230,-0.00494265,0.99998778,0.96062734,0.18500975,0.00416043,1.13209289,-0.16236113,0.00790119,0.41873749,0.20047420,0.02246792,0.58815826,-0.18586910,0.01430439,0.20276020,-2.31070447,2.14173412,0.13742096,1.12505112,-0.66122822,0.15634773,0.79310508,0.23325567,-0.65360516,-1.50878561,-0.21390905
0.30126786,-0.01972496,0.08753728,0.00519567,0.46226953,-0.17127542,-0.09527095,-0.16515606,-1.05957701,0.12350892,0.64635822,-1.62421396,-0.19883290,0.56449690,-1.57568135,0.15469461,1.12098072,-1.62016475,0.34263732,0.00895848,0.00199114,0.28188029,0.23923307,0.17688695,-0.27726901,0.42628347,-0.16842619,-0.27588816,-0.28562619,0.18392590,-0.25893721,-0.12929664,-0.19799025,-0.26720254,0.71750695,0.01108759,0.00003150,0.00456858,-0.00659653,0.99996781,0.95905285,0.18480297,0.00461128,1.14153129,-0.16294786,0.00599213,0.43433213,0.19876572,0.02294308,0.58560950,-0.18517964,0.01467775,0.22805890,-1.55356903,1.58692656,0.19239451,1.17621064,-0.47316840,0.19361610,0.85779099,0.21254603,-0.47604316,-1.79850061,-0.44963471
0.30128062,-0.01821424,0.08836308,0.00504817,0.33455167,-0.22116022,-0.09162038,-0.17527438,-1.04594216,0.12742794,0.67032608,-1.62920809,-0.19585827,0.58244238,-1.57187920,0.14831360,1.08156426,-1.63121202,0.34263732,0.00895848,0.00199114,0.28358802,0.23095552,0.17799140,-0.27853166,0.42619305,-0.16746094,-0.27968863,-0.27438482,0.18256126,-0.26007659,-0.13691695,-0.19754576,-0.26843588,0.72363240,0.01060786,0.00007244,0.00807965,-0.00881536,0.99992850,0.95769011,0.18449972,0.00505635,1.14680676,-0.16434108,0.00389938,0.45250889,0.19797832,0.02351142,0.58325387,-0.18449327,0.01515214,0.17583702,-0.39090897,0.55930894,0.19057690,1.17820427,-0.22576275,0.13997343,0.88557421,0.18403389,-0.30807553,-1.95838137,-0.54292958
0.35060680,-0.02157970,0.08765527,0.00496730,0.24693952,-0.25567781,-0.08654513,-0.15938273,-1.06561279,0.13105433,0.69501232,-1.63032017,-0.19394345,0.60207741,-1.56854782,0.14368906,1.03490908,-1.64316709,0.34263732,0.00895848,0.00199114,0.28516864,0.22253756,0.17908471,-0.27981858,0.42171379,-0.16605698,-0.28216832,-0.26042077,0.18160300,-0.26145983,-0.14450374,-0.19736200,-0.26959803,0.73037888,0.01005020,0.00012012,0.01058783,-0.01128431,0.99988027,0.95690142,0.18406697,0.00535006,1.14823761,-0.16548191,0.00300032,0.47412293,0.19748423,0.02370881,0.58145779,-0.18400031,0.01557060,0.28044083,0.98660402,-1.25709943,0.18514837,1.27481587,-0.03585114,0.09344009,1.02263087,0.16891499,-0.22396391,-2.45173068,-0.62377553
0.36648842,-0.02614873,0.07608599,0.00411286,0.16265050,-0.22076319,-0.07865439,-0.12470040,-1.11106157,0.13477847,0.72024649,-1.62863529,-0.19207683,0.62378556,-1.56563902,0.14137493,0.98180574,-1.65662622,0.34263732,0.00895848,0.00199114,0.28656265,0.21399201,0.18024910,-0.28099585,0.41417995,-0.16381377,-0.28332043,-0.24399021,0.18115436,-0.26239987,-0.15230648,-0.19716801,-0.27079947,0.73778373,0.00933667,0.00016765,0.01234582,-0.01357736,0.99983159,0.95659137,0.18370851,0.00556681,1.14736271,-0.16566345,0.00324222,0.49880260,0.19704960,0.02416278,0.58017945,-0.18362287,0.01576318,0.40586379,1.80938041,-2.37187910,0.18418272,1.24047422,0.10050745,0.09330230,1.07911396,0.13958004,-0.09703723,-2.64393926,-0.67075557
0.38539815,-0.02664126,0.06850334,0.00213321,0.07557701,-0.16807756,-0.07221175,-0.08617540,-1.15400445,0.13772079,0.74538585,-1.62398090,-0.18967441,0.64851228,-1.56455393,0.14014772,0.92438120,-1.66901760,0.34263732,0.00895848,0.00199114,0.28774624,0.20555760,0.18124747,-0.28207215,0.40585504,-0.16204636,-0.28448568,-0.22607321,0.18084958,-0.26286840,-0.16030949,-0.19674356,-0.27195728,0.74556156,0.00856007,0.00020109,0.01314841,-0.01529045,0.99979662,0.95656557,0.18343682,0.00567409,1.14627142,-0.16582154,0.00326056,0.52512445,0.19623838,0.02487784,0.57931063,-0.18318922,0.01578896,0.31524836,1.91046865,-2.11608272,0.14337777,1.24707150,0.23580403,0.11916214,1.23324134,0.04898011,-0.05953666,-2.85391383,-0.60970999
0.39246758,-0.02375151,0.05810281,-0.00150776,-0.04373015,-0.11499429,-0.06787376,-0.04815287,-1.18932941,0.13953483,0.77011601,-1.61702294,-0.18764692,0.67634224,-1.56605821,0.13979749,0.86543652,-1.67861519,0.34263732,0.00895848,0.00199114,0.28870243,0.19752028,0.18195738,-0.28295231,0.39776126,-0.16093063,-0.28554932,-0.20763637,0.18068747,-0.26305797,-0.16827694,-0.19632357,-0.27291043,0.75329493,0.00783531,0.00021003,0.01277702,-0.01644664,0.99978308,0.95669320,0.18319749,0.00575012,1.14554772,-0.16609122,0.00315311,0.55171399,0.19525449,0.02564446,0.57865167,-0.18284716,0.01579200,0.21783147,1.93474805,-1.78314395,0.09149340,1.25648646,0.35737154,0.10036180,1.42153223,-0.08203965,-0.01507481,-2.99815030,-0.48227266
0.36396087,-0.01846058,0.04112347,-0.00579642,-0.17032745,-0.04286702,-0.06509690,-0.01007484,-1.21836743,0.14140038,0.79396220,-1.60941749,-0.18678810,0.70638334,-1.56979284,0.14065877,0.80613595,-1.68516121,0.34263732,0.00895848,0.00199114,0.28939875,0.19030469,0.18266695,-0.28322971,0.38989772,-0.16030136,-0.28641902,-0.18898687,0.18076441,-0.26289539,-0.17590145,-0.19612933,-0.27362290,0.76075119,0.00719768,0.00018881,0.01114136,-0.01694895,0.99979426,0.95713805,0.18330927,0.00616904,1.14499143,-0.16622720,0.00297973,0.57799994,0.19426396,0.02650336,0.57830298,-0.18285675,0.01577584,0.12768077,1.86464126,-1.39479771,0.09383629,1.16330731,0.37053750,0.03741506,1.47911582,-0.19131127,0.04735975,-2.90951509,-0.30534126
0.36136262,-0.01309752,0.02610608,-0.00926541,-0.27429553,0.04282514,-0.06452895,0.02676481,-1.24121571,0.14355422,0.81636692,-1.60372744,-0.18628073,0.73787154,-1.57552361,0.14244843,0.74448389,-1.68550587,0.34263732,0.00895848,0.00199114,0.28981982,0.18428482,0.18338994,-0.28268024,0.38245462,-0.16032284,-0.28705754,-0.17011999,0.18107481,-0.26273488,-0.18313600,-0.19593377,-0.27415421,0.76781703,0.00669108,0.00014274,0.00856724,-0.01663817,0.99982486,0.95810174,0.18384778,0.00713958,1.14472548,-0.16626839,0.00276228,0.60381613,0.19332602,0.02708493,0.57826314,-0.18304072,0.01566561,0.01436463,1.88467004,-1.13995876,0.11135260,1.14361217,0.27430828,0.02750780,1.62934990,-0.30771141,0.09657144,-3.19625063,0.03317279
0.32851520,-0.00371657,0.01035123,-0.00948373,-0.29495873,0.11202218,-0.06599037,0.06181772,-1.26016307,0.14560841,0.83700377,-1.60265028,-0.18593964,0.77018058,-1.58280897,0.14470437,0.67839599,-1.67616093,0.34263732,0.00895848,0.00199114,0.28999016,0.17969137,0.18396684,-0.28124072,0.37544490,-0.16092231,-0.28739427,-0.15104332,0.18156856,-0.26293720,-0.19012861,-0.19569387,-0.27441999,0.77455699,0.00637645,0.00008726,0.00559471,-0.01559387,0.99986275,0.95989788,0.18465024,0.00874944,1.14480102,-0.16617563,0.00259589,0.62924924,0.19256690,0.02705295,0.57841825,-0.18329319,0.01557016,-0.08492610,1.70586860,-0.90657258,0.09949943,0.99853200,0.01582679,0.01447078,1.58798683,-0.36670178,0.11317606,-3.27287674,0.53045326
0.31749755,0.00402599,-0.00515456,-0.00919976,-0.31215425,0.13884175,-0.06879297,0.09557914,-1.27752476,0.14878220,0.85030093,-1.60685246,-0.18638408,0.80248951,-1.59099643,0.14814637,0.60875567,-1.65573111,0.34263732,0.00895848,0.00199114,0.28986416,0.17817058,0.18473643,-0.27888221,0.36876170,-0.16190117,-0.28733267,-0.13204736,0.18246870,-0.26338134,-0.19683236,-0.19559687,-0.27432929,0.78096339,0.00627103,0.00003541,0.00245897,-0.01419335,0.99989625,0.96430572,0.18587585,0.01098194,1.14498112,-0.16603181,0.00253149,0.65414840,0.19241423,0.02648282,0.57865853,-0.18366015,0.01553487,-0.13903629,1.67455902,-0.86064299,0.16119216,0.63696573,-0.21297115,-0.02215138,1.60444996,-0.40850093,0.17398550,-3.45889568,1.03101039
0.31168775,0.00935397,-0.02041335,-0.00937560,-0.35072224,0.13298092,-0.07142652,0.12891565,-1.29424634,0.15359036,0.85054746,-1.61348712,-0.18718486,0.83529135,-1.60041425,0.15327582,0.53834881,-1.62630877,0.34263732,0.00895848,0.00199114,0.28948604,0.18102549,0.18592269,-0.27600842,0.36230501,-0.16282910,-0.28696390,-0.11342138,0.18389425,-0.26399792,-0.20326896,-0.19551642,-0.27398472,0.78710579,0.00629215,-0.00001179,-0.00097331,-0.01287913,0.99991659,0.97285987,0.18749065,0.01347761,1.14509676,-0.16581450,0.00252213,0.67845844,0.19304669,0.02548811,0.57886851,-0.18392399,0.01550132,-0.13278597,1.69544120,-0.84860073,0.24619329,-0.02021741,-0.34315945,-0.04327742,1.66942675,-0.48215299,0.26456122,-3.57916079,1.51527529
0.29047251,0.01362646,-0.03461664,-0.00897780,-0.36953232,0.11326954,-0.07391997,0.16240455,-1.31038136,0.15874851,0.83692391,-1.62211883,-0.18924955,0.86859781,-1.61099474,0.16004583,0.46983702,-1.58935344,0.34263732,0.00895848,0.00199114,0.28885708,0.18838755,0.18716465,-0.27272369,0.35592205,-0.16371921,-0.28637072,-0.09563581,0.18584460,-0.26479633,-0.20943026,-0.19569902,-0.27328150,0.79305503,0.00642184,-0.00005460,-0.00472266,-0.01171214,0.99992026,0.98577485,0.18912255,0.01613339,1.14504465,-0.16558919,0.00248636,0.70179849,0.19445552,0.02406075,0.57909838,-0.18431801,0.01557558,-0.12368630,1.64306209,-0.78966892,0.25219408,-0.72317401,-0.42858543,-0.10732009,1.63467269,-0.52221520,0.33886817,-3.34373164,1.83881857
0.29913236,0.01939563,-0.05041425,-0.00891504,-0.40127863,0.09309478,-0.07678828,0.19633680,-1.32697363,0.16428844,0.81035149,-1.62894175,-0.19197704,0.90287007,-1.62211783,0.16860811,0.40653537,-1.54737403,0.34263732,0.00895848,0.00199114,0.28800331,0.19926870,0.18852515,-0.26936573,0.34951549,-0.16470727,-0.28546716,-0.07943252,0.18837217,-0.26571745,-0.21563496,-0.19598815,-0.27232307,0.79889891,0.00665978,-0.00009242,-0.00861341,-0.01077147,0.99990488,1.00218267,0.19084843,0.01863759,1.14478508,-0.16553871,0.00253616,0.72354283,0.19669941,0.02228586,0.57909192,-0.18463757,0.01568025,-0.15012733,1.74977214,-0.86047819,0.29009259,-1.44824411,-0.32508443,-0.14082246,1.77241201,-0.57448709,0.45259228,-3.21723342,2.18542411
0.27797819,0.02428144,-0.05769859,-0.00810324,-0.38816227,0.04539658,-0.07940368,0.23098798,-1.34462821,0.16985454,0.77229977,-1.62938571,-0.19542783,0.93833327,-1.63287520,0.17860669,0.35264364,-1.50541639,0.34263732,0.00895848,0.00199114,0.28698930,0.21254846,0.18998721,-0.26641011,0.34301585,-0.16560309,-0.28430623,-0.06562877,0.19135528,-0.26657258,-0.22212880,-0.19641252,-0.27117994,0.80462545,0.00702001,-0.00012871,-0.01256477,-0.01024251,0.99986859,1.02102131,0.19261317,0.02057919,1.14417684,-0.16557520,0.00268307,0.74293047,0.19967957,0.02041672,0.57851964,-0.18480086,0.01580936,-0.12461840,1.70418704,-0.87296259,0.27090484,-1.94202435,0.02917822,-0.17605370,1.74633539,-0.52285892,0.49892503,-2.56769252,2.04554725
0.25881489,0.02776456,-0.06241863,-0.00856975,-0.41901682,-0.01253089,-0.08127632,0.26665384,-1.36229920,0.17235560,0.72523313,-1.62105021,-0.20083435,0.97450633,-1.64222333,0.18865378,0.31776170,-1.47534289,0.34263732,0.00895848,0.00199114,0.28590665,0.22740655,0.19074158,-0.26425961,0.33635972,-0.16627534,-0.28302986,-0.05595697,0.19429005,-0.26686738,-0.22882585,-0.19730114,-0.26987240,0.80991716,0.00747239,-0.00017378,-0.01677063,-0.01034282,0.99980585,1.04122100,0.19346869,0.02164705,1.14276509,-0.16572580,0.00287679,0.75799153,0.20287847,0.01903928,0.57705863,-0.18505271,0.01603425,-0.09200827,1.77162063,-0.87593203,0.11770004,-2.34606128,0.42848084,-0.27080626,1.79693408,-0.46240351,0.49548215,-1.68930144,1.45850971
0.24047222,0.02817471,-0.06456477,-0.01018640,-0.47652810,-0.08555516,-0.08254662,0.30299268,-1.37922368,0.17177347,0.67339854,-1.60509949,-0.20766490,1.01166191,-1.65092423,0.19580354,0.30598237,-1.46405115,0.34263732,0.00895848,0.00199114,0.28484029,0.24301985,0.19075529,-0.26265885,0.32969378,-0.16676852,-0.28160388,-0.05105684,0.19631153,-0.26688069,-0.23559087,-0.19847392,-0.26846714,0.81470335,0.00791571,-0.00024002,-0.02143098,-0.01114849,0.99970814,1.06191673,0.19320405,0.02218144,1.14059608,-0.16616373,0.00323642,0.76803708,0.20531702,0.01795961,0.57474496,-0.18525502,0.01637315,-0.06270087,1.84901745,-0.85826466,-0.03425219,-2.64311976,0.82616143,-0.35109007,1.89258771,-0.44220070,0.35038098,-0.54495396,0.53023876
0.24522387,0.03420026,-0.06364274,-0.01218894,-0.50944331,-0.16453943,-0.08278655,0.33962974,-1.39481554,0.16997515,0.61924192,-1.58314872,-0.21603256,1.04980106,-1.65912907,0.19624823,0.31610449,-1.47057686,0.34263732,0.00895848,0.00199114,0.28380517,0.25899666,0.19049275,-0.26104420,0.32309866,-0.16695802,-0.28011837,-0.05065735,0.19643761,-0.26749335,-0.24238131,-0.19993061,-0.26694192,0.81974207,0.00847158,-0.00034097,-0.02658893,-0.01275236,0.99956505,1.08351420,0.19229492,0.02276098,1.13847620,-0.16667487,0.00368680,0.77411264,0.20613760,0.01631182,0.57233911,-0.18521043,0.01686325,-0.00634632,1.79663677,-0.75734079,-0.08863946,-2.66045599,1.09806197,-0.41613384,1.87198405,-0.39809310,-0.01134592,0.57769028,-0.38617496
0.28979109,0.04391686,-0.06817858,-0.01514083,-0.53742768,-0.27436241,-0.08171440,0.37634794,-1.40944004,0.16883389,0.56323208,-1.55546989,-0.22549315,1.08692007,-1.66484926,0.19204172,0.34420519,-1.49296966,0.34263732,0.00895848,0.00199114,0.28283296,0.27507927,0.19045895,-0.25927443,0.31644176,-0.16674865,-0.27878377,-0.05400425,0.19516665,-0.26821118,-0.24919379,-0.20161474,-0.26550808,0.82538425,0.00913924,-0.00048865,-0.03183003,-0.01529097,0.99937620,1.10616161,0.19109333,0.02355853,1.13657641,-0.16721249,0.00404919,0.77737616,0.20586673,0.01462178,0.57013896,-0.18475734,0.01732489,0.06356377,1.89001198,-0.74989896,-0.05094685,-2.89686470,1.46302295,-0.49229829,1.89656539,-0.27163518,-0.23052384,1.55295653,-1.25300173
0.31145589,0.04609244,-0.06468571,-0.01329522,-0.38589120,-0.34091805,-0.07996720,0.41230646,-1.42565286,0.16901588,0.50359696,-1.52218938,-0.23563233,1.11857760,-1.66422319,0.18951726,0.38526148,-1.52768934,0.34263732,0.00895848,0.00199114,0.28195819,0.29123795,0.19081507,-0.25769810,0.30956887,-0.16628509,-0.27767742,-0.06059002,0.19414266,-0.26780598,-0.25610209,-0.20359552,-0.26434648,0.83174300,0.00983762,-0.00067164,-0.03597269,-0.01865558,0.99917840,1.12990087,0.18964812,0.02426009,1.13488889,-0.16788742,0.00428078,0.77844232,0.20610672,0.01415221,0.56821942,-0.18405601,0.01761171,0.08854094,1.75517786,-0.81157678,0.01843011,-2.95260715,1.66925955,-0.50129080,1.50450528,0.08278033,-0.10102987,2.09220171,-1.77816069
0.34515236,0.04940403,-0.05603024,-0.00259225,-0.07451211,-0.30087567,-0.07943934,0.44485248,-1.44654872,0.16953574,0.43754952,-1.48648148,-0.24420988,1.13843765,-1.65290685,0.18772543,0.42459593,-1.55844927,0.34263732,0.00895848,0.00199114,0.28133366,0.30755671,0.19108044,-0.25669444,0.30240303,-0.16606039,-0.27696167,-0.06865367,0.19336681,-0.26717682,-0.26328870,-0.20557495,-0.26354124,0.83878313,0.01052782,-0.00080132,-0.03685815,-0.02173204,0.99908386,1.15435777,0.18805392,0.02463922,1.13367927,-0.16852501,0.00437199,0.77860265,0.20669702,0.01415684,0.56680437,-0.18340400,0.01779242,0.02234530,1.60729034,-1.04546154,0.02353294,-3.29018669,1.77197688,-0.41902832,0.96454340,0.57620419,-0.09205003,1.93274767,-1.50348799
0.37240279,0.04997532,-0.04164184,0.01377786,0.29132678,-0.15904988,-0.08111274,0.47309974,-1.47178504,0.16853588,0.36494017,-1.45053205,-0.24909711,1.14746833,-1.63505635,0.18478040,0.45356086,-1.57713518,0.34263732,0.00895848,0.00199114,0.28100398,0.32407147,0.19066440,-0.25646343,0.29501149,-0.16638805,-0.27667070,-0.07662566,0.19247622,-0.26703843,-0.27051154,-0.20701193,-0.26268641,0.84617285,0.01116990,-0.00079821,-0.03414195,-0.02337371,0.99914331,1.17880564,0.18647151,0.02454055,1.13308098,-0.16883145,0.00433327,0.77863157,0.20701872,0.01396554,0.56627695,-0.18296593,0.01831756,-0.09071200,1.42725470,-1.29219177,-0.05593411,-3.70758200,1.83113205,-0.23988299,0.43850532,0.91485919,-0.14931529,1.45089352,-0.92595587
0.36853802,0.04038377,-0.02142802,0.02685823,0.56631632,0.01252255,-0.08500247,0.49778351,-1.49993122,0.16536710,0.28566853,-1.40985882,-0.25035754,1.14879398,-1.61570561,0.18205588,0.47385485,-1.58612809,0.34263732,0.00895848,0.00199114,0.28097005,0.34075501,0.18946706,-0.25747786,0.28745369,-0.16728037,-0.27666768,-0.08448516,0.19180292,-0.26707003,-0.27736508,-0.20775941,-0.26138281,0.85372548,0.01165913,-0.00066878,-0.02855537,-0.02337962,0.99931854,1.20296819,0.18498332,0.02349219,1.13304172,-0.16888113,0.00430237,0.77830251,0.20720319,0.01390003,0.56694790,-0.18290186,0.01958725,-0.19860057,1.19804277,-1.38676016,-0.16408281,-3.91468315,2.03315082,-0.04757292,0.04058305,0.94599016,-0.13253215,0.96444026,-0.40578560
0.39130746,0.02752220,-0.00170145,0.03409441,0.74666308,0.12920753,-0.08959535,0.52033788,-1.52856729,0.16039762,0.20185094,-1.36302459,-0.24799910,1.14634156,-1.59815280,0.17937881,0.48852422,-1.58800473,0.34263732,0.00895848,0.00199114,0.28122882,0.35752108,0.18764265,-0.25934618,0.27980559,-0.16831779,-0.27692348,-0.09221859,0.19127771,-0.26737541,-0.28363599,-0.20764821,-0.25974085,0.86133552,0.01189084,-0.00047779,-0.02142465,-0.02223643,0.99952303,1.22684772,0.18344815,0.02188264,1.13337884,-0.16870394,0.00430534,0.77771467,0.20708045,0.01385341,0.56874561,-0.18293807,0.02148797,-0.23523533,1.15083961,-1.47139213,-0.26579826,-4.33185816,2.43425179,0.14531524,-0.14044746,0.88652050,-0.13841715,0.72716321,-0.05752724
0.37519621,0.01336217,0.01673449,0.03167365,0.73845660,0.13591431,-0.09309215,0.54233825,-1.55593944,0.15508837,0.11415637,-1.30596483,-0.24284053,1.14240003,-1.58271074,0.17727461,0.50097734,-1.58544981,0.34263732,0.00895848,0.00199114,0.28174695,0.37445257,0.18571412,-0.26186688,0.27206781,-0.16901566,-0.27745523,-0.09998141,0.19100521,-0.26793263,-0.28929890,-0.20680751,-0.25810075,0.86897701,0.01187713,-0.00029008,-0.01390751,-0.02085153,0.99968581,1.25084782,0.18181579,0.01988007,1.13376057,-0.16833623,0.00429172,0.77704710,0.20688524,0.01381432,0.57130626,-0.18268733,0.02364621,-0.16118279,1.07748365,-1.33050179,-0.25913730,-4.32888889,2.88677907,0.26968998,-0.20149174,0.74379581,-0.09725198,0.60110933,0.15132567
0.38134350,0.01191449,0.03388395,0.02866548,0.70423300,0.07602067,-0.09554238,0.56482112,-1.58013668,0.15311005,0.02377186,-1.23705680,-0.23834293,1.13564487,-1.57095041,0.17549496,0.51347266,-1.58106537,0.34263732,0.00895848,0.00199114,0.28252623,0.39148995,0.18471386,-0.26419622,0.26416871,-0.16944319,-0.27822628,-0.10779805,0.19085811,-0.26862246,-0.29327707,-0.20609586,-0.25638377,0.87665395,0.01180492,-0.00013650,-0.00678520,-0.02006803,0.99977558,1.27524092,0.18065994,0.01833001,1.13381031,-0.16810258,0.00429995,0.77660165,0.20683512,0.01390377,0.57534271,-0.18235604,0.02614246,-0.12168382,1.11664295,-1.19331424,-0.09093592,-4.47935295,3.42455850,0.22323886,-0.34582560,0.57443336,-0.08998706,0.62162417,0.21830709
0.38858487,0.01861857,0.04977476,0.02588936,0.65196441,0.03754955,-0.09819179,0.58767161,-1.60019417,0.15399449,-0.05965596,-1.16919286,-0.23177816,1.12223501,-1.56409588,0.17275949,0.52702285,-1.57658076,0.34263732,0.00895848,0.00199114,0.28350239,0.40694061,0.18442403,-0.26569172,0.25616297,-0.16997840,-0.27914300,-0.11564106,0.19045459,-0.26948548,-0.29407239,-0.20488667,-0.25555632,0.88430597,0.01186211,-0.00000697,-0.00033829,-0.01969379,0.99980600,1.29819353,0.18011778,0.01781067,1.13357649,-0.16807212,0.00435939,0.77625470,0.20672291,0.01401691,0.58239326,-0.18128508,0.02794607,-0.13610372,1.16268663,-1.01078904,0.04533622,-4.20810375,3.42919478,0.35029813,-0.70234728,0.33818911,-0.14159977,0.69304243,0.22671870
0.36591487,0.02584965,0.06009896,0.02170244,0.55536496,0.03458645,-0.10132681,0.61087995,-1.61632211,0.15369436,-0.12669643,-1.10786483,-0.21763210,1.10130742,-1.56293395,0.16920845,0.54206704,-1.57245531,0.34263732,0.00895848,0.00199114,0.28463610,0.41851164,0.18397170,-0.26811471,0.24808295,-0.17070090,-0.28011380,-0.12357013,0.18981450,-0.27046222,-0.29126677,-0.20171797,-0.25654728,0.89181722,0.01208618,0.00010393,0.00538818,-0.01934934,0.99979826,1.31713371,0.17972706,0.01652140,1.13310964,-0.16808573,0.00452230,0.77568393,0.20653972,0.01417388,0.59296368,-0.17821104,0.02808882,-0.15508935,1.13979294,-0.77493185,-0.02720041,-3.21143422,2.99689050,0.72732248,-1.04947083,0.02679123,-0.17596254,0.74248449,0.20205131
0.36354472,0.03356948,0.07334080,0.01978171,0.51807898,0.06110338,-0.10479141,0.63433974,-1.62883723,0.15095848,-0.17516409,-1.05546377,-0.20000650,1.07903798,-1.57144582,0.16530543,0.55797795,-1.56828923,0.34263732,0.00895848,0.00199114,0.28589765,0.42568741,0.18314099,-0.27223369,0.23991781,-0.17156249,-0.28114952,-0.13149911,0.18906147,-0.27148950,-0.28593885,-0.19736038,-0.25759284,0.89898211,0.01245495,0.00019689,0.01049392,-0.01879164,0.99976833,1.33125105,0.17946979,0.01366396,1.13228335,-0.16800217,0.00474812,0.77468057,0.20632445,0.01440815,0.60582868,-0.17402082,0.02830480,-0.18037149,1.20786684,-0.62192327,-0.15363289,-2.37403274,2.60921283,0.90745261,-1.13446150,-0.51087071,-0.20264435,0.82285103,0.21507739
0.31241655,0.03695954,0.07838416,0.01587213,0.43643717,0.12023085,-0.10905490,0.65768498,-1.63801241,0.14749382,-0.20590056,-1.02060461,-0.18561967,1.05823004,-1.58758044,0.16120376,0.57471210,-1.56443822,0.34263732,0.00895848,0.00199114,0.28728595,0.42933491,0.18216979,-0.27634594,0.23175429,-0.17268663,-0.28215193,-0.13939710,0.18822374,-0.27247179,-0.27933284,-0.19356804,-0.25744851,0.90552288,0.01296181,0.00026551,0.01502899,-0.01766186,0.99973102,1.34102452,0.17985287,0.01094002,1.13103288,-0.16780312,0.00513402,0.77286124,0.20599191,0.01481417,0.61952710,-0.17061879,0.02983744,-0.21591738,1.14308381,-0.42690247,-0.17128533,-1.38646615,1.57586956,0.67337203,-1.01089478,-0.83330792,-0.20223066,0.82663572,0.18539849
0.32623192,0.04379139,0.07484278,0.01220162,0.36762561,0.22542960,-0.11467114,0.68134810,-1.64333661,0.14202538,-0.21002389,-1.02119892,-0.17445540,1.03041487,-1.60406795,0.15738477,0.59303707,-1.56137464,0.34263732,0.00895848,0.00199114,0.28855561,0.42846518,0.18056586,-0.27920494,0.22351110,-0.17424472,-0.28301398,-0.14730596,0.18741464,-0.27333961,-0.27031648,-0.19060814,-0.25753926,0.91214932,0.01363450,0.00028855,0.01876525,-0.01542696,0.99970485,1.34598198,0.18089378,0.00935067,1.13017755,-0.16742385,0.00554163,0.77069632,0.20550514,0.01521600,0.63608021,-0.16854206,0.03101635,-0.28002183,1.17671216,-0.25781322,-0.28003314,-0.14877951,-0.11003892,0.55097258,-1.40067410,-0.81906456,-0.18864816,0.91296520,0.15069990
0.36727210,0.04875564,0.06665628,0.00815026,0.28862782,0.31739114,-0.12076204,0.70641311,-1.64533846,0.13200872,-0.18619383,-1.06132691,-0.16524398,0.99179728,-1.62108698,0.15410640,0.61337954,-1.55922482,0.34263732,0.00895848,0.00199114,0.28956468,0.42304257,0.17761850,-0.28054098,0.21493259,-0.17598771,-0.28378168,-0.15528071,0.18671901,-0.27410698,-0.25774431,-0.18816606,-0.25813092,0.91941093,0.01441163,0.00026564,0.02164411,-0.01233154,0.99968965,1.34670610,0.18154088,0.00902370,1.12993703,-0.16682429,0.00578300,0.76878327,0.20490414,0.01545770,0.65710355,-0.16733939,0.03143376,-0.30960507,1.27893646,-0.09527627,-0.51896959,1.26168020,-2.10643890,0.46262493,-1.98771272,-0.86746069,-0.16520142,1.03995442,0.10624414
0.38405095,0.04512421,0.05417668,0.00396196,0.18015497,0.33057754,-0.12672780,0.73303014,-1.64453223,0.11983645,-0.14739116,-1.11783276,-0.15843714,0.94384804,-1.63809505,0.15150376,0.63621712,-1.55860569,0.34263732,0.00895848,0.00199114,0.29031913,0.41501463,0.17415180,-0.28121511,0.20606070,-0.17773852,-0.28438392,-0.16331402,0.18616533,-0.27470194,-0.24209308,-0.18631357,-0.25877348,0.92726562,0.01519457,0.00021028,0.02357041,-0.00895372,0.99968206,1.34533303,0.18188480,0.00910403,1.13010966,-0.16620634,0.00593521,0.76731235,0.20425527,0.01561720,0.68187418,-0.16675280,0.03154565,-0.29161870,1.30967314,0.05096828,-0.59432094,1.92645726,-2.76894560,0.32448941,-2.38358746,-0.82892103,-0.12472061,1.13070707,0.02295129
0.41475515,0.04179427,0.04660329,0.00092149,0.05136385,0.30410158,-0.13228208,0.76021107,-1.64048035,0.10964477,-0.10623733,-1.16833715,-0.15357271,0.89004843,-1.65375338,0.14945757,0.66228132,-1.56014097,0.34263732,0.00895848,0.00199114,0.29085797,0.40652015,0.17139819,-0.28189586,0.19725553,-0.17942332,-0.28477959,-0.17135226,0.18570723,-0.27516251,-0.22445538,-0.18489487,-0.25926608,0.93535767,0.01591908,0.00014376,0.02424393,-0.00593137,0.99968847,1.34388301,0.18248143,0.00896211,1.13047026,-0.16583225,0.00607838,0.76622108,0.20364651,0.01569546,0.70872412,-0.16629937,0.03159189,-0.28226712,1.39970653,0.23147218,-0.50538096,2.11673226,-2.53436594,0.23927797,-2.79634686,-0.79646525,-0.10239849,1.36450753,-0.09446038
0.38603140,0.03383501,0.03254818,-0.00116592,-0.12848466,0.21625757,-0.13642892,0.78716713,-1.63272381,0.10188091,-0.06509828,-1.20918334,-0.15076758,0.83388269,-1.66825569,0.14798352,0.69265860,-1.56485260,0.34263732,0.00895848,0.00199114,0.29118636,0.39829033,0.16945176,-0.28242458,0.18890106,-0.18077650,-0.28500292,-0.17928740,0.18532285,-0.27551615,-0.20558017,-0.18390261,-0.25935058,0.94329518,0.01656405,0.00008393,0.02319682,-0.00361698,0.99972437,1.34280121,0.18312940,0.00876179,1.13088322,-0.16557458,0.00618345,0.76535344,0.20317935,0.01567021,0.73638970,-0.16584620,0.03183578,-0.19108459,1.31886494,0.40635639,-0.36530852,2.01713276,-1.93651974,0.12224912,-2.76430893,-0.70377654,-0.06794579,1.52115953,-0.25524110
0.36689079,0.02746963,0.01519880,-0.00158017,-0.31388765,0.14567496,-0.13802140,0.81377548,-1.62361221,0.09572154,-0.02415107,-1.24008811,-0.15058467,0.77606692,-1.68039782,0.14724187,0.72775526,-1.57376504,0.34263732,0.00895848,0.00199114,0.29120837,0.39057080,0.16805223,-0.28272511,0.18152689,-0.18142645,-0.28475482,-0.18684693,0.18501279,-0.27570189,-0.18574443,-0.18346271,-0.25882140,0.95071709,0.01709035,0.00004325,0.02008899,-0.00212801,0.99979593,1.34199972,0.18347846,0.00848326,1.13147004,-0.16510719,0.00645354,0.76465943,0.20289684,0.01550648,0.76419337,-0.16558001,0.03238697,-0.07700757,1.31931653,0.44870978,-0.30337837,2.03070679,-1.52038743,0.00489486,-2.87465334,-0.59311439,-0.03551063,1.74780321,-0.44875959
0.34731295,0.02125293,-0.00742143,-0.00130035,-0.45204598,0.09114221,-0.13906602,0.83959769,-1.61729007,0.09097772,0.01582657,-1.26427214,-0.15252753,0.71531701,-1.68632901,0.14725274,0.76573060,-1.58600554,0.34263732,0.00895848,0.00199114,0.29086617,0.38337510,0.16707824,-0.28276462,0.17548488,-0.18183084,-0.28356419,-0.19398065,0.18480364,-0.27560841,-0.16546893,-0.18356907,-0.25806219,0.95756524,0.01749733,0.00001949,0.01568661,-0.00120931,0.99987623,1.34134336,0.18364774,0.00810155,1.13260977,-0.16475746,0.00730198,0.76403217,0.20276964,0.01525775,0.79165275,-0.16567096,0.03280397,-0.05504945,1.31108007,0.31020631,-0.23718274,2.03040400,-1.21816390,-0.10279443,-3.09713144,-0.28166506,0.00252533,1.93609390,-0.62918302
0.30788913,0.01357528,-0.02991708,-0.00086264,-0.50647078,0.03800238,-0.14083861,0.86452678,-1.61892443,0.08798068,0.05464322,-1.28414245,-0.15563588,0.65195519,-1.68316629,0.14775257,0.80519644,-1.60063896,0.34263732,0.00895848,0.00199114,0.29015207,0.37659695,0.16657834,-0.28248848,0.17133218,-0.18224474,-0.28081413,-0.20069418,0.18463308,-0.27521451,-0.14537597,-0.18403780,-0.25744405,0.96387383,0.01777588,0.00000846,0.01056072,-0.00078206,0.99994393,1.34073088,0.18376495,0.00766359,1.13492073,-0.16473663,0.00933795,0.76346869,0.20272266,0.01493756,0.81821016,-0.16603430,0.03270802,-0.08929617,1.21862876,-0.13024526,-0.13982583,1.89821873,-0.96074972,-0.15398859,-3.11306276,0.19500395,0.02443930,1.93751969,-0.72439693
0.30918472,0.00786798,-0.04400405,-0.00077937,-0.55194524,0.00007422,-0.14355572,0.88442472,-1.63448825,0.08631155,0.09231939,-1.30178480,-0.15870658,0.58731002,-1.67017896,0.14788331,0.84466377,-1.61627750,0.34263732,0.00895848,0.00199114,0.28924516,0.37009325,0.16641702,-0.28195010,0.17096617,-0.18262264,-0.27596509,-0.20701074,0.18428994,-0.27467441,-0.12596703,-0.18459390,-0.25721299,0.96989001,0.01793353,0.00000383,0.00520568,-0.00074115,0.99998618,1.34022954,0.18380177,0.00729506,1.14058529,-0.16494234,0.01328007,0.76315267,0.20253012,0.01457075,0.84364949,-0.16647345,0.03203218,-0.14756356,0.97247655,-0.89831703,-0.07923878,1.93176336,-0.89843478,-0.15581464,-3.33350172,0.73186014,0.00272888,2.02813878,-0.80805415
0.29006071,0.00471170,-0.05089848,-0.00085293,-0.50427490,-0.02252328,-0.14903536,0.88366961,-1.65297282,0.08539125,0.12868309,-1.31884730,-0.16222522,0.52158743,-1.64647782,0.14818764,0.88353813,-1.63212991,0.34263732,0.00895848,0.00199114,0.28822443,0.36380809,0.16641697,-0.28118465,0.17689275,-0.18372386,-0.27076249,-0.21309042,0.18394568,-0.27388370,-0.10736842,-0.18541117,-0.25747820,0.97581679,0.01802530,0.00000002,0.00002428,-0.00094143,0.99999956,1.33993757,0.18375698,0.00703978,1.15236330,-0.16603130,0.01746194,0.76307309,0.20237187,0.01434073,0.86809945,-0.16718338,0.03074623,-0.29226610,-0.21652614,-0.89152414,-0.04073671,1.77297866,-0.83499092,-0.17786726,-3.22951269,1.23868263,0.01839767,1.90124428,-0.77778447
0.29637102,0.00432492,-0.05977030,-0.00106215,-0.47394764,-0.02762220,-0.15728601,0.84498975,-1.64647758,0.08480273,0.16410058,-1.33697085,-0.16747203,0.45652758,-1.61236491,0.14989906,0.92190138,-1.64723094,0.34263732,0.00895848,0.00199114,0.28707888,0.35764445,0.16644573,-0.28013597,0.18969246,-0.18617318,-0.26916932,-0.21921439,0.18395080,-0.27270067,-0.08990716,-0.18684025,-0.25806977,0.98179456,0.01809940,-0.00000593,-0.00476101,-0.00122434,0.99998792,1.33984551,0.18366886,0.00694291,1.17103057,-0.16853773,0.01790956,0.76303127,0.20258644,0.01437821,0.89143015,-0.16852013,0.02900912,-0.40865660,-1.96636200,0.36344984,-0.02915729,1.75745249,-0.90148393,-0.26235005,-3.22344270,1.70374043,0.08624737,1.90287957,-0.74620980
0.31058753,0.00091534,-0.06532164,-0.00123345,-0.45829706,-0.00872359,-0.16427358,0.78619919,-1.62249138,0.08421359,0.19937373,-1.35586472,-0.17356119,0.39542149,-1.57367277,0.15215150,0.95974191,-1.66042569,0.34263732,0.00895848,0.00199114,0.28590671,0.35142973,0.16643289,-0.27896377,0.20582323,-0.18866289,-0.26982402,-0.22551924,0.18409119,-0.27147365,-0.07384310,-0.18857161,-0.25871294,0.98791662,0.01810674,-0.00001223,-0.00927644,-0.00132458,0.99995610,1.33978605,0.18360802,0.00694294,1.19323931,-0.17110077,0.01608269,0.76288588,0.20279475,0.01443306,0.91357421,-0.17026858,0.02719377,-0.34791875,-3.00595102,1.23207393,-0.03013027,1.79400668,-0.96094164,-0.31039184,-3.09365726,1.97135246,0.11482319,1.92397270,-0.66605417
0.30767087,-0.00711257,-0.06295621,-0.00105065,-0.41724430,0.03547121,-0.16814642,0.72527714,-1.59671972,0.08354885,0.23492357,-1.37491791,-0.17925451,0.34274196,-1.53593795,0.15476566,0.99735253,-1.67118692,0.34263732,0.00895848,0.00199114,0.28478599,0.34501742,0.16637337,-0.27783215,0.22254448,-0.19026275,-0.27032661,-0.23216856,0.18432254,-0.27029176,-0.05996908,-0.19023111,-0.25930796,0.99421066,0.01796456,-0.00001330,-0.01355435,-0.00100888,0.99990763,1.33956311,0.18364137,0.00695385,1.21637075,-0.17274689,0.01445939,0.76241453,0.20275523,0.01449423,0.93385782,-0.17214515,0.02547803,-0.17765637,-2.96791215,1.25082092,-0.03291342,1.74512990,-0.93544223,-0.27345399,-2.53434129,1.83161273,0.13102959,1.84267116,-0.51596724
0.32935013,-0.01749438,-0.06382257,-0.00047543,-0.41899528,0.10600190,-0.17079456,0.66912887,-1.57369425,0.08264976,0.27131428,-1.39453309,-0.18275973,0.30472923,-1.50595262,0.15832658,1.03437750,-1.67889256,0.34263732,0.00895848,0.00199114,0.28375977,0.33830889,0.16622204,-0.27672005,0.23840757,-0.19137117,-0.26984078,-0.23915848,0.18480842,-0.26917308,-0.04954341,-0.19131628,-0.25999386,1.00063661,0.01764507,-0.00000062,-0.01764112,-0.00006454,0.99984438,1.33896697,0.18382342,0.00703972,1.23901947,-0.17375688,0.01391899,0.76150200,0.20248437,0.01458669,0.95106850,-0.17366481,0.02376591,-0.13650629,-2.85810266,1.16890316,-0.04849203,1.87952311,-1.01415789,-0.16261658,-1.84875846,1.47829013,0.19047939,1.90034742,-0.37589982
0.31045902,-0.02136320,-0.06037528,0.00065477,-0.43562615,0.14717331,-0.17327133,0.61371899,-1.54905391,0.08124781,0.30888319,-1.41369092,-0.18372390,0.28719965,-1.48991978,0.16303127,1.07197559,-1.68501425,0.34263732,0.00895848,0.00199114,0.28280067,0.33139142,0.16592066,-0.27556375,0.25422698,-0.19238750,-0.26865894,-0.24633255,0.18554915,-0.26805326,-0.04355805,-0.19171417,-0.26091332,1.00703132,0.01723504,0.00003032,-0.02201765,0.00137668,0.99975663,1.33796453,0.18406773,0.00723692,1.26178718,-0.17445159,0.01414173,0.76018870,0.20210508,0.01474741,0.96400142,-0.17459836,0.02188735,-0.11963879,-2.72310114,1.23090601,-0.07266857,1.85028756,-0.93260229,-0.03026163,-0.70637989,0.67805541,0.23863682,1.85103965,-0.29375973
0.29894898,-0.01689441,-0.06535570,0.00241965,-0.53874788,0.13971309,-0.17270647,0.55411614,-1.51538181,0.07945998,0.34826697,-1.43061152,-0.18176596,0.29757254,-1.49692705,0.16836833,1.11315815,-1.69318173,0.34263732,0.00895848,0.00199114,0.28182058,0.32432680,0.16552036,-0.27425778,0.27106391,-0.19264801,-0.26762709,-0.25349928,0.18626718,-0.26671102,-0.04308557,-0.19121251,-0.26181125,1.01311288,0.01692289,0.00007729,-0.02742411,0.00278468,0.99962001,1.33651247,0.18424762,0.00756280,1.28524590,-0.17421194,0.01419349,0.75857977,0.20177484,0.01510956,0.97109330,-0.17452670,0.02000934,0.03190662,-2.96127214,1.68274448,-0.08949961,1.95699134,-0.83784919,0.09929042,0.55529521,-0.38565150,0.26457646,2.04725666,-0.40703501
0.31958766,-0.01064502,-0.07550077,0.00379108,-0.55027356,0.15825922,-0.17097573,0.49377335,-1.47759485,0.07715453,0.38835330,-1.44735799,-0.17993020,0.32740071,-1.52196133,0.17353275,1.15436947,-1.70051372,0.34263732,0.00895848,0.00199114,0.28075248,0.31708000,0.16494394,-0.27292859,0.28795133,-0.19257003,-0.26638845,-0.26068000,0.18685620,-0.26534917,-0.04667289,-0.19055670,-0.26195827,1.01946082,0.01676204,0.00014346,-0.03288148,0.00431598,0.99944993,1.33510447,0.18443828,0.00782389,1.30906453,-0.17331393,0.01436403,0.75717677,0.20135992,0.01540331,0.97443540,-0.17419064,0.01879421,0.08532585,-3.06537971,1.91888602,-0.11900408,2.03723793,-0.85636749,0.08584844,1.54672472,-1.29958773,0.26224952,2.08602891,-0.36108439
0.33419267,-0.00512860,-0.07183295,0.00328245,-0.33731248,0.19835560,-0.17041083,0.43433074,-1.44232166,0.07440773,0.42686839,-1.46716607,-0.18106481,0.36639504,-1.55414290,0.17834295,1.18870375,-1.70046945,0.34263732,0.00895848,0.00199114,0.27977118,0.30962708,0.16415332,-0.27181238,0.30407792,-0.19263588,-0.26464990,-0.26813916,0.18750711,-0.26426067,-0.05319029,-0.19058452,-0.26128429,1.02632059,0.01673461,0.00023150,-0.03654970,0.00630484,0.99931192,1.33385177,0.18478167,0.00795881,1.33280494,-0.17204915,0.01512129,0.75583684,0.20084347,0.01551051,0.97553929,-0.17450588,0.01848690,0.02289800,-2.91370358,1.71151571,-0.13465661,1.87619953,-0.98948474,-0.06624267,1.92817440,-1.58261964,0.23331045,1.63997469,0.04542855
0.37477844,-0.00301256,-0.06137280,0.00007854,-0.02201923,0.15875031,-0.16980388,0.37264980,-1.41004241,0.07257432,0.46157638,-1.49080689,-0.18245431,0.40442414,-1.58290772,0.18173441,1.21169188,-1.69023814,0.34263732,0.00895848,0.00199114,0.27908000,0.30203769,0.16353542,-0.27108865,0.31969432,-0.19243966,-0.26306455,-0.27591487,0.18812351,-0.26353478,-0.06120111,-0.19072020,-0.26057402,1.03362576,0.01678671,0.00029579,-0.03716976,0.00795334,0.99927727,1.33302217,0.18510899,0.00799135,1.35634267,-0.17053994,0.01601545,0.75475144,0.20049460,0.01554522,0.97546812,-0.17488348,0.01850598,0.03709569,-3.19961019,1.64816828,-0.08428195,1.75771976,-1.23826675,-0.06237731,1.92796035,-1.43712928,0.16170656,1.10653386,0.59030261
0.36445920,-0.00152387,-0.03870302,-0.00462100,0.28896306,-0.04631708,-0.16715021,0.30530584,-1.37804711,0.07324184,0.49124807,-1.51588523,-0.18254177,0.43443862,-1.60158908,0.18180494,1.22402287,-1.67360389,0.34263732,0.00895848,0.00199114,0.27875441,0.29441252,0.16358314,-0.27091108,0.33546706,-0.19139675,-0.26215408,-0.28362233,0.18819932,-0.26288497,-0.06929789,-0.19067427,-0.26036488,1.04108685,0.01686907,0.00027030,-0.03466020,0.00779353,0.99936873,1.33291233,0.18502397,0.00784334,1.37949812,-0.16927247,0.01660033,0.75456387,0.20062214,0.01586944,0.97477114,-0.17486277,0.01838954,0.14754516,-3.34564710,1.57150793,0.05275887,1.41788399,-1.23388624,0.00441513,1.40579832,-0.83618999,-0.02338781,0.53405762,0.84987104
0.36517875,0.00562541,-0.01993128,-0.00627450,0.50358383,-0.27061255,-0.16093072,0.23004981,-1.34072742,0.07687749,0.51638790,-1.54045980,-0.18237280,0.45535725,-1.60845194,0.17690693,1.22917376,-1.65702488,0.34263732,0.00895848,0.00199114,0.27878082,0.28676159,0.16445251,-0.27122876,0.35184239,-0.18915510,-0.26232613,-0.29071202,0.18717657,-0.26188526,-0.07707431,-0.19077361,-0.26078814,1.04845765,0.01705202,0.00015423,-0.02963389,0.00512141,0.99954769,1.33351903,0.18443436,0.00755206,1.40221984,-0.16848781,0.01645469,0.75584289,0.20123983,0.01689556,0.97334225,-0.17450136,0.01799269,0.31349186,-3.74995451,1.87718072,0.18261107,1.24446084,-1.21836755,0.00902492,1.02885509,-0.32752435,-0.24926878,0.25005744,0.81853800
0.37078231,0.01667369,-0.00435893,-0.00361323,0.60752950,-0.37922829,-0.15268125,0.14805765,-1.29221539,0.08116584,0.54019145,-1.56431596,-0.18213982,0.47194808,-1.60920386,0.16902151,1.23187394,-1.64276612,0.34263732,0.00895848,0.00199114,0.27903125,0.27899685,0.16548013,-0.27176574,0.36877943,-0.18634029,-0.26355509,-0.29720607,0.18540378,-0.26057757,-0.08465798,-0.19098051,-0.26156062,1.05574472,0.01739332,0.00003713,-0.02367611,0.00140308,0.99971870,1.33427601,0.18365588,0.00726551,1.42504570,-0.16791116,0.01547615,0.75801944,0.20196218,0.01845367,0.97162311,-0.17382405,0.01747063,0.42085145,-4.17772722,2.47924752,0.21659285,1.21013005,-1.21165445,0.01038301,0.83835120,-0.03009648,-0.40573741,0.13511689,0.72005026
0.35810725,0.02352299,0.01224533,0.00089191,0.59040441,-0.33635224,-0.14455723,0.06387609,-1.23804629,0.08441989,0.56411214,-1.58717432,-0.18287191,0.48696280,-1.60717969,0.16018029,1.23330152,-1.63030128,0.34263732,0.00895848,0.00199114,0.27951514,0.27114026,0.16619611,-0.27241538,0.38583648,-0.18348106,-0.26447702,-0.30307745,0.18335974,-0.25915339,-0.09214026,-0.19149934,-0.26234217,1.06303418,0.01783956,-0.00003377,-0.01763850,-0.00209235,0.99984224,1.33486767,0.18289937,0.00709976,1.44809933,-0.16725479,0.01503812,0.76072682,0.20246621,0.02036174,0.97009321,-0.17327246,0.01717297,0.39380366,-4.12885323,2.68119626,0.15307191,1.17488039,-1.11470919,-0.04174043,0.73391196,0.10639219,-0.43118978,0.06293970,0.60603614
0.37545635,0.02171802,0.03098017,0.00440984,0.59273288,-0.23922003,-0.13770104,-0.01406833,-1.18528111,0.08626014,0.58849163,-1.60837703,-0.18394619,0.50246935,-1.60460682,0.15341699,1.23186376,-1.62128406,0.34263732,0.00895848,0.00199114,0.28025907,0.26319917,0.16651721,-0.27319289,0.40125641,-0.18094337,-0.26495335,-0.30740315,0.18181392,-0.25748214,-0.09974512,-0.19212664,-0.26306666,1.07032135,0.01821379,-0.00005274,-0.01184615,-0.00456529,0.99991941,1.33503003,0.18232074,0.00706618,1.46990881,-0.16638597,0.01530572,0.76459118,0.20282707,0.02277693,0.96882604,-0.17299405,0.01719241,0.34389534,-3.94045849,2.67129111,0.08637129,1.25730221,-1.07957826,-0.05248254,0.80592269,0.13041496,-0.32767183,-0.09768570,0.43170519
0.34713134,0.00813531,0.04802855,0.00587216,0.54068190,-0.12008077,-0.13170558,-0.07704552,-1.13554919,0.08743090,0.61314321,-1.62722290,-0.18332846,0.51917922,-1.60210085,0.14652447,1.22292686,-1.61948597,0.34263732,0.00895848,0.00199114,0.28128570,0.25514018,0.16667412,-0.27412368,0.41266915,-0.17886897,-0.26683931,-0.30816868,0.18026271,-0.25615682,-0.10761758,-0.19231522,-0.26397036,1.07742548,0.01833717,-0.00003742,-0.00629836,-0.00594031,0.99996252,1.33452785,0.18196830,0.00716203,1.48794043,-0.16542195,0.01444639,0.77142018,0.20224840,0.02512889,0.96753067,-0.17268590,0.01731534,0.28945503,-2.97210646,2.42790747,0.05453650,1.20997775,-0.90592742,0.04561947,0.82744569,0.12308008,-0.34821907,-0.50107867,0.03177278
0.31779539,-0.00597474,0.07027015,0.00677298,0.52860841,-0.08017961,-0.12548173,-0.12189648,-1.09426527,0.08862824,0.63683089,-1.64254479,-0.18152775,0.53550926,-1.59801004,0.13382086,1.19803178,-1.62251432,0.34263732,0.00895848,0.00199114,0.28270034,0.24716138,0.16687910,-0.27524521,0.41956384,-0.17696520,-0.27036885,-0.30355156,0.17738303,-0.25707215,-0.11551194,-0.19221322,-0.26510369,1.08385968,0.01814005,-0.00000603,-0.00096433,-0.00674708,0.99997677,1.33325040,0.18166879,0.00745513,1.50099738,-0.16447058,0.01233150,0.78272934,0.19960301,0.02562819,0.96576456,-0.17249697,0.01759666,0.31100125,-2.20766993,2.03550777,0.05992536,1.17316453,-0.75372810,0.08877740,0.80821160,0.20687045,-0.62884759,-1.26025417,-0.15410990
0.28925229,-0.01837508,0.09017906,0.00729448,0.50864853,-0.09745799,-0.11814037,-0.15624682,-1.06116261,0.09027771,0.65956920,-1.65425973,-0.17980276,0.55107058,-1.59235890,0.12392346,1.16205399,-1.62832921,0.34263732,0.00895848,0.00199114,0.28442033,0.23926385,0.16724946,-0.27652358,0.42416508,-0.17482258,-0.27432849,-0.29520327,0.17523678,-0.25859015,-0.12326991,-0.19214871,-0.26630780,1.08956077,0.01770013,0.00003213,0.00405965,-0.00768737,0.99996221,1.33136771,0.18125128,0.00789675,1.51098793,-0.16362307,0.01009184,0.79708655,0.19745478,0.02583018,0.96335126,-0.17253067,0.01811253,0.37577711,-1.72025771,1.66017699,0.08594681,1.15663102,-0.58790678,0.08897192,0.79236938,0.28796695,-0.48615359,-1.84172676,-0.30614872
0.28768289,-0.02599403,0.09260842,0.00694776,0.41898306,-0.14329711,-0.11050007,-0.17416022,-1.04416721,0.09285202,0.68301589,-1.66248009,-0.17728911,0.56777563,-1.58716643,0.11927056,1.12174897,-1.63771329,0.34263732,0.00895848,0.00199114,0.28621360,0.23116259,0.16792011,-0.27778782,0.42559239,-0.17265920,-0.27824581,-0.28460005,0.17435406,-0.25961106,-0.13103720,-0.19184671,-0.26757702,1.09540648,0.01707634,0.00007763,0.00840977,-0.00909963,0.99992323,1.32958679,0.18076168,0.00842578,1.51778615,-0.16329967,0.00796779,0.81402667,0.19658100,0.02660254,0.96089954,-0.17235384,0.01863658,0.37152003,-0.78274920,0.73267707,0.13019144,1.15577679,-0.38811879,0.12789035,0.82773877,0.24865233,-0.21902182,-1.98868570,-0.46935639
0.33841453,-0.03185023,0.09307001,0.00665248,0.33192377,-0.20149317,-0.10356845,-0.16572722,-1.05849855,0.09608176,0.70775867,-1.66663492,-0.17446440,0.58656249,-1.58315313,0.11528084,1.07616649,-1.64836211,0.34263732,0.00895848,0.00199114,0.28788868,0.22276777,0.16882662,-0.27903005,0.42237607,-0.17068494,-0.28105572,-0.27175148,0.17358169,-0.26098082,-0.13882475,-0.19141975,-0.26886130,1.10191195,0.01632472,0.00013017,0.01176565,-0.01100360,0.99987023,1.32834120,0.18020792,0.00885864,1.52042940,-0.16361427,0.00683296,0.83404636,0.19584491,0.02690786,0.95890818,-0.17199350,0.01902738,0.35233787,0.61735842,-0.97017319,0.16896618,1.28058701,-0.18570598,0.14356453,0.97995995,0.20017692,-0.20823274,-2.38979621,-0.55152913
0.35673354,-0.03038129,0.08074635,0.00519006,0.21203722,-0.21024796,-0.09623774,-0.13488808,-1.10073543,0.09948257,0.73306614,-1.66642225,-0.17245322,0.60732013,-1.57987845,0.11380203,1.02225935,-1.66058493,0.34263732,0.00895848,0.00199114,0.28936067,0.21423607,0.16983864,-0.28029872,0.41540425,-0.16857145,-0.28245680,-0.25572126,0.17341949,-0.26236106,-0.14660593,-0.19118305,-0.27008847,1.10911816,0.01551806,0.00018483,0.01407614,-0.01312799,0.99981472,1.32773972,0.17967309,0.00906195,1.51995313,-0.16390227,0.00690387,0.85803843,0.19559206,0.02699961,0.95754302,-0.17174975,0.01927220,0.36523315,1.64992046,-2.24067163,0.16716999,1.24296010,0.04073451,0.09142213,1.03107965,0.15612209,-0.04659418,-2.70472550,-0.61306530
0.37788897,-0.02636622,0.07404638,0.00283369,0.10260368,-0.19486131,-0.08928679,-0.09669342,-1.14498324,0.10238433,0.75849597,-1.66212900,-0.17074225,0.63110201,-1.57834792,0.11549198,0.95997617,-1.67253559,0.34263732,0.00895848,0.00199114,0.29062750,0.20577771,0.17077428,-0.28149988,0.40711822,-0.16665693,-0.28366815,-0.23672175,0.17399784,-0.26331359,-0.15445664,-0.19095953,-0.27124203,1.11675143,0.01475294,0.00022903,0.01515664,-0.01510532,0.99977100,1.32759442,0.17923258,0.00912762,1.51864901,-0.16412724,0.00695935,0.88539432,0.19582288,0.02731391,0.95659628,-0.17145319,0.01938546,0.34166218,1.89542902,-2.17914183,0.14258771,1.26100743,0.22042313,0.08485637,1.18568876,0.07247398,0.08242410,-3.10317030,-0.58079384
0.38715098,-0.02210926,0.06610163,-0.00106370,-0.02871694,-0.14936716,-0.08416839,-0.05864509,-1.18064170,0.10468294,0.78330381,-1.65449431,-0.16926439,0.65786290,-1.57899952,0.11656384,0.89348483,-1.68011372,0.34263732,0.00895848,0.00199114,0.29170894,0.19770904,0.17158080,-0.28254158,0.39895143,-0.16535945,-0.28495371,-0.21658819,0.17435002,-0.26440759,-0.16223165,-0.19072715,-0.27231573,1.12438819,0.01406156,0.00024786,0.01493550,-0.01660349,0.99975057,1.32768574,0.17898259,0.00916736,1.51762867,-0.16445432,0.00675523,0.91370894,0.19550748,0.02730135,0.95591271,-0.17117333,0.01939321,0.25601990,1.93470099,-1.79765317,0.11653556,1.26023128,0.39218460,0.07349966,1.36820853,-0.03971948,0.05408383,-3.37826414,-0.38878959
0.36026912,-0.01740618,0.04988214,-0.00526769,-0.15137601,-0.06873788,-0.08109515,-0.02103636,-1.20984774,0.10704532,0.80714411,-1.64638588,-0.16852229,0.68734424,-1.58232546,0.11875741,0.82845163,-1.68882432,0.34263732,0.00895848,0.00199114,0.29255114,0.19048309,0.17239328,-0.28295734,0.39112515,-0.16468536,-0.28592806,-0.19609985,0.17482774,-0.26427798,-0.16978848,-0.19060372,-0.27314254,1.13177611,0.01344333,0.00023412,0.01348019,-0.01737376,0.99975816,1.32813406,0.17911411,0.00959380,1.51694303,-0.16473240,0.00662308,0.94186913,0.19497909,0.02827315,0.95546753,-0.17114592,0.01940859,0.14116044,1.84012830,-1.40744648,0.11732998,1.16270494,0.39251410,0.03325273,1.45409307,-0.17305682,0.11957998,-3.18183246,-0.42976770
0.35670569,-0.01241004,0.03495955,-0.00815397,-0.23292891,0.00862098,-0.08019795,0.01497930,-1.23350620,0.10969578,0.82876202,-1.64049251,-0.16828900,0.71783109,-1.58699594,0.12340647,0.76085541,-1.69127641,0.34263732,0.00895848,0.00199114,0.29310979,0.18459516,0.17323197,-0.28256882,0.38375962,-0.16464152,-0.28661599,-0.17547243,0.17591931,-0.26365845,-0.17703493,-0.19054977,-0.27378443,1.13876110,0.01294333,0.00019615,0.01128033,-0.01738025,0.99978530,1.32926583,0.17965456,0.01054097,1.51656632,-0.16493723,0.00649380,0.96950921,0.19485532,0.02945134,0.95521011,-0.17133802,0.01932536,0.03285371,1.84004290,-1.18377838,0.13788029,1.09485416,0.28448210,0.00991138,1.57022028,-0.24394849,0.25281410,-3.51431355,-0.05405791
0.32220137,-0.00274542,0.01936380,-0.00833207,-0.24409203,0.06764315,-0.08087230,0.04862551,-1.25325119,0.11298864,0.84679711,-1.63937962,-0.16812029,0.74827337,-1.59273136,0.12843241,0.68880910,-1.68245208,0.34263732,0.00895848,0.00199114,0.29342148,0.18059079,0.17415754,-0.28122275,0.37692445,-0.16503541,-0.28704107,-0.15495648,0.17716004,-0.26342432,-0.18394061,-0.19044432,-0.27418602,1.14538211,0.01263635,0.00014784,0.00881341,-0.01677192,0.99982049,1.33171260,0.18063881,0.01219873,1.51655912,-0.16494842,0.00638041,0.99645483,0.19489402,0.02999716,0.95515740,-0.17153138,0.01923546,-0.04254150,1.63218462,-0.94460732,0.16706392,0.85687280,0.01606520,0.00856817,1.49136770,-0.29000813,0.24405339,-3.55971193,0.51105022
0.31049746,0.00575063,0.00467268,-0.00798146,-0.24732525,0.11879267,-0.08315470,0.08025495,-1.27060561,0.11820079,0.85573729,-1.64385245,-0.16808345,0.77824062,-1.59960773,0.13376794,0.61273620,-1.66012681,0.34263732,0.00895848,0.00199114,0.29344660,0.18008139,0.17551495,-0.27887283,0.37049265,-0.16587581,-0.28716850,-0.13474204,0.17858268,-0.26370532,-0.19047913,-0.19030479,-0.27423521,1.15164894,0.01255118,0.00009900,0.00632135,-0.01559247,0.99985844,1.33711562,0.18236553,0.01457377,1.51678913,-0.16479659,0.00627810,1.02254094,0.19524851,0.02974128,0.95532839,-0.17172160,0.01921139,-0.11573387,1.56822369,-0.86000627,0.26191794,0.42394812,-0.23395129,0.00044365,1.48595204,-0.34247109,0.26792174,-3.77966557,1.12959626
0.30652257,0.01191333,-0.01109787,-0.00760840,-0.25847921,0.15999508,-0.08653566,0.11122985,-1.28744431,0.12519630,0.85362633,-1.65554955,-0.16880620,0.80773770,-1.60724771,0.14099796,0.53540759,-1.62636020,0.34263732,0.00895848,0.00199114,0.29319557,0.18385909,0.17722567,-0.27530465,0.36422663,-0.16701770,-0.28696684,-0.11509961,0.18061228,-0.26432586,-0.19669146,-0.19031955,-0.27394608,1.15768532,0.01261131,0.00005385,0.00378551,-0.01402929,0.99989442,1.34644427,0.18460886,0.01789092,1.51708272,-0.16455939,0.00622873,1.04769827,0.19638172,0.02886971,0.95573168,-0.17211495,0.01924949,-0.17310610,1.57511699,-0.85640124,0.35999560,-0.13418280,-0.61543414,-0.03852142,1.50072389,-0.39098155,0.37317777,-3.93042183,1.74176238
0.29086068,0.01591244,-0.02631944,-0.00693014,-0.26617841,0.15627706,-0.09020502,0.14250340,-1.30462489,0.13405136,0.83751237,-1.67163987,-0.17015254,0.83796076,-1.61600652,0.15076301,0.46084265,-1.58306406,0.34263732,0.00895848,0.00199114,0.29266827,0.19231081,0.17931914,-0.27071990,0.35798649,-0.16823222,-0.28644773,-0.09674135,0.18344217,-0.26528259,-0.20280542,-0.19043987,-0.27333905,1.16362541,0.01277956,0.00001421,0.00108695,-0.01242058,0.99992227,1.36033103,0.18726652,0.02194836,1.51732268,-0.16429287,0.00622053,1.07147048,0.19856812,0.02738567,0.95615218,-0.17256401,0.01932921,-0.17984798,1.53643603,-0.84548415,0.44191740,-0.86115592,-0.78124013,-0.06776890,1.48724589,-0.43434393,0.49005655,-3.63382001,2.15556335
0.30698365,0.02211505,-0.04103900,-0.00697318,-0.30139733,0.12914395,-0.09381587,0.17486025,-1.32282476,0.14337762,0.80338154,-1.67792549,-0.17215532,0.86960436,-1.62557945,0.16278453,0.39414858,-1.53497174,0.34263732,0.00895848,0.00199114,0.29191657,0.20449410,0.18166817,-0.26714729,0.35162546,-0.16941796,-0.28561811,-0.08060113,0.18699927,-0.26644229,-0.20903747,-0.19067586,-0.27246373,1.16959310,0.01306161,-0.00001980,-0.00181602,-0.01111674,0.99993656,1.37807553,0.19013854,0.02476928,1.51736512,-0.16413186,0.00629845,1.09316928,0.20180660,0.02547428,0.95636816,-0.17291977,0.01945284,-0.18523243,1.67352786,-0.94428934,0.47639816,-1.87528658,-0.22382314,-0.10833095,1.63794379,-0.49608945,0.63084207,-3.36996131,2.49088492
0.29329070,0.02492269,-0.04700923,-0.00682279,-0.32150644,0.07289319,-0.09703165,0.20844291,-1.34149003,0.15024894,0.75538713,-1.66912580,-0.17521319,0.90300900,-1.63524306,0.17584667,0.34269768,-1.49146998,0.34263732,0.00895848,0.00199114,0.29103315,0.21871390,0.18360858,-0.26546346,0.34512592,-0.17048680,-0.28455706,-0.06796866,0.19088616,-0.26741390,-0.21552237,-0.19114320,-0.27140024,1.17559206,0.01343514,-0.00005194,-0.00504303,-0.01029896,0.99993425,1.39804137,0.19249989,0.02556969,1.51713324,-0.16412408,0.00647609,1.11156952,0.20568076,0.02361925,0.95617843,-0.17322838,0.01963291,-0.15403900,1.65462577,-0.91617942,0.31437504,-2.43589449,0.53494114,-0.15790759,1.65064538,-0.47309956,0.64513081,-2.40058041,2.08052444
0.28736758,0.02280871,-0.05011283,-0.00802145,-0.39437814,0.00654458,-0.09913318,0.24356788,-1.35911610,0.15371022,0.70119441,-1.65070744,-0.17962624,0.93925488,-1.64499094,0.18787460,0.31951950,-1.46666586,0.34263732,0.00895848,0.00199114,0.29012544,0.23399127,0.18476772,-0.26451413,0.33848798,-0.17125667,-0.28339014,-0.06132690,0.19444310,-0.26798881,-0.22233753,-0.19189023,-0.27021331,1.18142133,0.01378081,-0.00009197,-0.00899029,-0.01020899,0.99990747,1.41913636,0.19373244,0.02561131,1.51634207,-0.16435131,0.00673530,1.12407730,0.20943553,0.02213663,0.95521219,-0.17352978,0.01991213,-0.10251227,1.74578192,-0.87281537,0.16844789,-2.69278827,0.92431042,-0.22139156,1.80326107,-0.48473949,0.58886786,-1.09862822,1.19425782
0.28545841,0.02056098,-0.05151710,-0.00963262,-0.46257745,-0.05724952,-0.10029739,0.27979645,-1.37586844,0.15569314,0.64564769,-1.62706342,-0.18518772,0.97735610,-1.65491431,0.19440919,0.32321682,-1.46173666,0.34263732,0.00895848,0.00199114,0.28926432,0.24953820,0.18557191,-0.26349339,0.33177685,-0.17176247,-0.28211247,-0.06038970,0.19645748,-0.26900061,-0.22925577,-0.19284573,-0.26889054,1.18705525,0.01405981,-0.00014604,-0.01352562,-0.01074485,0.99985078,1.44052384,0.19422619,0.02577092,1.51506424,-0.16479301,0.00715184,1.13090146,0.21176972,0.02026371,0.95370810,-0.17381458,0.02037377,-0.05728848,1.84372323,-0.85124290,0.09941923,-2.82625031,1.21264999,-0.28468419,1.93923776,-0.50320326,0.31366886,0.24191169,0.20636539
0.29400838,0.02628443,-0.05388612,-0.00992057,-0.44082487,-0.12280264,-0.10054619,0.31622508,-1.39269269,0.15748429,0.58877800,-1.59895487,-0.19140550,1.01497226,-1.66296680,0.19411601,0.34813569,-1.47655818,0.34263732,0.00895848,0.00199114,0.28838659,0.26517454,0.18634478,-0.26233700,0.32501468,-0.17197540,-0.28080955,-0.06385607,0.19641707,-0.26998222,-0.23625761,-0.19393173,-0.26758220,1.19305632,0.01444157,-0.00021661,-0.01805577,-0.01193313,0.99976574,1.46260307,0.19440396,0.02604959,1.51387362,-0.16524242,0.00757704,1.13390660,0.21232682,0.01840437,0.95223718,-0.17379582,0.02080439,-0.00794924,1.78468359,-0.82725633,0.08943641,-2.79758801,1.39661527,-0.30669953,1.83550107,-0.38002517,-0.03536256,1.29695492,-0.81107613
0.33625761,0.03376073,-0.06078991,-0.00945842,-0.36849969,-0.20996816,-0.09995423,0.35192397,-1.41067507,0.16007609,0.52743738,-1.56476178,-0.19816715,1.04895160,-1.66610696,0.19220882,0.38675697,-1.50717471,0.34263732,0.00895848,0.00199114,0.28749047,0.28125944,0.18736615,-0.26135507,0.31813922,-0.17188439,-0.27966241,-0.07029848,0.19563679,-0.26970768,-0.24341075,-0.19522369,-0.26644593,1.19958408,0.01490759,-0.00030307,-0.02177313,-0.01387706,0.99966658,1.48593605,0.19439435,0.02613540,1.51282954,-0.16574147,0.00782806,1.13474317,0.21242034,0.01778278,0.95084810,-0.17348428,0.02104453,0.03496445,1.83055713,-0.93548187,0.14039260,-3.19545894,1.80595860,-0.35187973,1.71830642,-0.12398888,-0.09235051,2.05411744,-1.65496283
0.34329504,0.03670217,-0.05165511,-0.00504865,-0.16543122,-0.23826254,-0.09921747,0.38563651,-1.43079042,0.16372839,0.45838463,-1.52265072,-0.20524053,1.07595181,-1.66172552,0.19127873,0.42756557,-1.53905284,0.34263732,0.00895848,0.00199114,0.28674132,0.29812985,0.18870088,-0.26098360,0.31111549,-0.17166614,-0.27881999,-0.07811980,0.19505957,-0.26885370,-0.25076785,-0.19678368,-0.26553737,1.20658612,0.01542063,-0.00038629,-0.02374455,-0.01626163,0.99958572,1.51069629,0.19432405,0.02575772,1.51195300,-0.16627466,0.00792132,1.13485259,0.21291807,0.01788761,0.94954997,-0.17310190,0.02120395,0.03553664,1.63616145,-1.00255013,0.18632410,-3.44355989,2.12144136,-0.34807795,1.26873040,0.27179015,-0.03859751,1.99241841,-1.53986132
0.36391581,0.04034493,-0.03455150,0.00455689,0.12426330,-0.17027385,-0.09993737,0.41562958,-1.45409319,0.16749067,0.38036650,-1.47483337,-0.21041755,1.09153538,-1.64695737,0.18900850,0.45999007,-1.55961344,0.34263732,0.00895848,0.00199114,0.28636602,0.31576379,0.18989955,-0.26131393,0.30382593,-0.17174869,-0.27847158,-0.08611224,0.19432489,-0.26863687,-0.25837641,-0.19820708,-0.26503187,1.21395943,0.01596919,-0.00040735,-0.02260213,-0.01802755,0.99958191,1.53636537,0.19435928,0.02505209,1.51139479,-0.16662331,0.00789443,1.13491025,0.21327278,0.01772914,0.94860400,-0.17279233,0.02133414,-0.04026928,1.48198473,-1.16130400,0.18489145,-3.88536959,2.38377690,-0.25000424,0.75475253,0.74612591,-0.11498919,1.59403095,-1.00191252
0.38175645,0.03775457,-0.01940786,0.01518287,0.40857810,-0.02225733,-0.10305164,0.44217795,-1.47973464,0.16983913,0.29645708,-1.42375944,-0.21189012,1.09827795,-1.62720516,0.18590401,0.48439594,-1.57076104,0.34263732,0.00895848,0.00199114,0.28625748,0.33362277,0.19048703,-0.26233565,0.29630450,-0.17243379,-0.27846863,-0.09411813,0.19352618,-0.26876776,-0.26588285,-0.19892598,-0.26457329,1.22149398,0.01644292,-0.00034310,-0.01868518,-0.01832408,0.99965743,1.56187367,0.19457525,0.02392182,1.51128001,-0.16673411,0.00778885,1.13453150,0.21328838,0.01748972,0.94849943,-0.17260524,0.02168419,-0.16340815,1.34331162,-1.30804820,0.11386962,-4.27368956,2.59098353,-0.06687484,0.33035767,1.00356028,-0.15737597,1.22462904,-0.54940375
0.37024326,0.02528017,-0.00665652,0.02007292,0.56389003,0.13387364,-0.10770116,0.46647821,-1.50622799,0.16927736,0.21004066,-1.37221990,-0.21038032,1.10088284,-1.60931082,0.18320790,0.50241586,-1.57481160,0.34263732,0.00895848,0.00199114,0.28630660,0.35144736,0.18997642,-0.26351243,0.28863434,-0.17349287,-0.27867556,-0.10191102,0.19295499,-0.26899735,-0.27285478,-0.19889271,-0.26351513,1.22906196,0.01672089,-0.00022426,-0.01302257,-0.01707450,0.99976939,1.58679147,0.19458569,0.02279417,1.51160374,-0.16652676,0.00763104,1.13379918,0.21304330,0.01730924,0.94957474,-0.17273870,0.02279147,-0.23060502,1.18608754,-1.29724941,-0.04236312,-4.24532309,2.54707742,0.08351487,0.11802981,0.86140767,-0.12941763,0.86158580,-0.17215082
0.39052610,0.01262783,0.00844207,0.02004013,0.62954236,0.22257043,-0.11239824,0.49020715,-1.53143198,0.16611688,0.12125259,-1.31356144,-0.20650425,1.10269105,-1.59512010,0.18126893,0.51700100,-1.57397480,0.34263732,0.00895848,0.00199114,0.28654709,0.36926428,0.18865525,-0.26521244,0.28082830,-0.17454462,-0.27907323,-0.10947680,0.19268460,-0.26941451,-0.27919545,-0.19816235,-0.26205927,1.23664601,0.01676678,-0.00010494,-0.00690547,-0.01497384,0.99986403,1.61139398,0.19427981,0.02133464,1.51212163,-0.16610897,0.00747386,1.13298825,0.21264326,0.01713258,0.95164179,-0.17294619,0.02448782,-0.23926243,1.22078068,-1.28466830,-0.17465602,-4.58575487,3.07449431,0.21490935,0.09515145,0.70729250,-0.09453642,0.73728346,0.06726839
0.37239753,0.00209210,0.02190452,0.01526019,0.55408384,0.19621032,-0.11612616,0.51427817,-1.55424523,0.16442756,0.03182602,-1.24845350,-0.20091790,1.10557628,-1.58492672,0.18029115,0.53099960,-1.57087576,0.34263732,0.00895848,0.00199114,0.28698543,0.38702931,0.18765146,-0.26635410,0.27297023,-0.17533768,-0.27959789,-0.11694944,0.19272590,-0.26994374,-0.28491550,-0.19686617,-0.26043713,1.24424028,0.01663547,-0.00001520,-0.00117493,-0.01293290,0.99991568,1.63599348,0.19421417,0.02063133,1.51258433,-0.16570356,0.00738753,1.13231456,0.21232164,0.01704169,0.95432842,-0.17279589,0.02654830,-0.17435059,1.18355536,-1.10045600,-0.06305996,-4.38290215,3.23021388,0.28376105,0.15106621,0.47075745,-0.04084671,0.68642110,0.16333775
0.37694442,0.00044503,0.03400172,0.01199410,0.49580263,0.13136010,-0.11827973,0.53920521,-1.57424266,0.16653900,-0.04641528,-1.18592520,-0.19645592,1.10565050,-1.58208637,0.17955027,0.54631363,-1.56742570,0.34263732,0.00895848,0.00199114,0.28760689,0.40215711,0.18766723,-0.26680490,0.26504631,-0.17573303,-0.28024037,-0.12452635,0.19283660,-0.27054122,-0.28808071,-0.19575810,-0.25849403,1.25183806,0.01646432,0.00004408,0.00384372,-0.01158587,0.99992549,1.65823553,0.19476303,0.02080199,1.51274142,-0.16536276,0.00736652,1.13181324,0.21213447,0.01706567,0.95929891,-0.17256629,0.02911286,-0.10600035,1.23796229,-0.98724607,0.10344296,-3.84626565,3.08499804,0.22174828,-0.01146767,0.12854933,-0.03814410,0.76374420,0.16975402
0.38516207,0.00686835,0.04499615,0.00988812,0.44545557,0.07649580,-0.12017473,0.56456574,-1.59113929,0.16724901,-0.10561850,-1.13103561,-0.18984138,1.09724677,-1.58493085,0.17806198,0.56345686,-1.56462672,0.34263732,0.00895848,0.00199114,0.28836146,0.41269004,0.18755100,-0.26865599,0.25706607,-0.17610519,-0.28094617,-0.13229661,0.19272839,-0.27120504,-0.28744210,-0.19411810,-0.25744772,1.25942802,0.01642651,0.00008888,0.00825089,-0.01081502,0.99990747,1.67607815,0.19500736,0.01970547,1.51262488,-0.16519769,0.00741529,1.13133099,0.21197133,0.01715642,0.96785449,-0.17142894,0.03091374,-0.09705876,1.29083614,-0.85094846,0.02913275,-2.97392440,2.78775864,0.35265073,-0.44803118,-0.15149221,-0.07739643,0.87506982,0.14174685
0.36499783,0.01635034,0.05097605,0.00783251,0.37178453,0.04674037,-0.12227874,0.59033265,-1.60465012,0.16580980,-0.15126870,-1.07973218,-0.17684931,1.08207841,-1.59177942,0.17591290,0.58170736,-1.56193693,0.34263732,0.00895848,0.00199114,0.28921433,0.41985427,0.18715770,-0.27214435,0.24896411,-0.17659279,-0.28172887,-0.14013098,0.19242487,-0.27195598,-0.28386044,-0.19080655,-0.25786882,1.26691740,0.01658809,0.00012461,0.01208860,-0.01032853,0.99987358,1.69054828,0.19503273,0.01706998,1.51218042,-0.16510998,0.00748546,1.13079133,0.21186665,0.01725835,0.97917595,-0.16831390,0.03134551,-0.10350556,1.26447325,-0.64972285,-0.07444725,-2.19601741,2.48908701,0.65939212,-0.75907140,-0.35816219,-0.10762722,0.89760524,0.13226761
0.36693025,0.02843473,0.05864003,0.00678746,0.33902956,0.07777184,-0.12487077,0.61621058,-1.61518731,0.16311325,-0.18837471,-1.03608489,-0.16390725,1.06476331,-1.60705705,0.17324558,0.60073278,-1.55935252,0.34263732,0.00895848,0.00199114,0.29012728,0.42533077,0.18644978,-0.27554387,0.24080731,-0.17726207,-0.28250264,-0.14797283,0.19195530,-0.27273358,-0.27787327,-0.18733230,-0.25780382,1.27413032,0.01697345,0.00014838,0.01543856,-0.00962850,0.99983445,1.70297294,0.19519745,0.01458342,1.51147919,-0.16489332,0.00762464,1.12988169,0.21174287,0.01739370,0.99270086,-0.16497271,0.03232346,-0.13838186,1.33161349,-0.52370218,-0.14827579,-1.86258521,2.19111919,0.64024217,-0.89743061,-0.85406193,-0.14043936,0.98445204,0.13139178
0.32431385,0.03947414,0.05908157,0.00477184,0.27356039,0.18132347,-0.12904206,0.64205247,-1.62220478,0.15614584,-0.21081117,-1.01252818,-0.15481317,1.04219234,-1.62812209,0.17024185,0.62096596,-1.55742538,0.34263732,0.00895848,0.00199114,0.29108360,0.42834080,0.18450794,-0.27840687,0.23255253,-0.17842195,-0.28321008,-0.15587512,0.19135576,-0.27343947,-0.26913298,-0.18478711,-0.25708334,1.28087223,0.01763177,0.00014550,0.01830041,-0.00794881,0.99980093,1.71209252,0.19530587,0.01267673,1.51055849,-0.16446516,0.00787353,1.12805933,0.21144173,0.01764414,1.00883520,-0.16285282,0.03400026,-0.21774977,1.26655650,-0.31777689,-0.37919596,-0.97702175,0.98241073,0.41957110,-1.15518701,-1.05924463,-0.14913958,1.00135100,0.08874781
0.34877111,0.04706849,0.05481331,0.00279669,0.21853598,0.31219132,-0.13475043,0.66886876,-1.62544942,0.14345738,-0.20087633,-1.03403096,-0.14568044,1.00332004,-1.64434814,0.16770975,0.64261713,-1.55595169,0.34263732,0.00895848,0.00199114,0.29190640,0.42585631,0.18089033,-0.28010119,0.22392863,-0.18008019,-0.28381511,-0.16383496,0.19084209,-0.27401452,-0.25644478,-0.18236821,-0.25796426,1.28792171,0.01851154,0.00009846,0.02052403,-0.00483158,0.99977768,1.71550646,0.19527747,0.01180521,1.51009939,-0.16372453,0.00809130,1.12593892,0.21092821,0.01789188,1.02972630,-0.16136958,0.03394215,-0.28358137,1.33395360,-0.15713422,-0.63183929,0.54540384,-1.13388157,0.44892173,-1.95848470,-0.79912714,-0.12390602,1.07703512,0.07264166
0.39176902,0.04333198,0.04796560,0.00105820,0.15904961,0.37229252,-0.14033453,0.69720953,-1.62667828,0.13066068,-0.16670159,-1.08469987,-0.13961845,0.95039333,-1.65818043,0.16605300,0.66580818,-1.55489230,0.34263732,0.00895848,0.00199114,0.29251771,0.41895035,0.17725293,-0.28089034,0.21495043,-0.18173382,-0.28426768,-0.17188300,0.19054490,-0.27443603,-0.23993115,-0.18078780,-0.25914272,1.29563508,0.01935222,0.00002525,0.02211954,-0.00117416,0.99975464,1.71500063,0.19562058,0.01162737,1.51015804,-0.16288600,0.00825003,1.12420013,0.21030033,0.01808168,1.05527993,-0.16087150,0.03337499,-0.28219611,1.44421308,-0.05852623,-0.64523309,1.76921511,-2.60294809,0.29732556,-2.71343074,-0.70363349,-0.08275791,1.18417113,0.05212873
0.39784772,0.03056118,0.03682742,0.00012881,0.06307226,0.34242466,-0.14495980,0.72640941,-1.62583685,0.12037581,-0.12413060,-1.13934684,-0.13688254,0.89051505,-1.67128484,0.16509091,0.69132124,-1.55486190,0.34263732,0.00895848,0.00199114,0.29291509,0.41036088,0.17441346,-0.28134020,0.20590976,-0.18314621,-0.28455761,-0.18003004,0.19040098,-0.27472774,-0.22118117,-0.17999878,-0.25964499,1.30375831,0.02002922,-0.00005386,0.02285346,0.00234926,0.99973606,1.71329496,0.19636933,0.01157489,1.51052654,-0.16214724,0.00835748,1.12283542,0.20958200,0.01818735,1.08342553,-0.16100707,0.03327010,-0.22175644,1.43274274,0.05176908,-0.49326822,2.09242344,-2.65368276,0.12851760,-2.94996481,-0.63485957,-0.04404555,1.26177559,-0.00429153
0.41410868,0.02249598,0.02720107,0.00089278,-0.08118411,0.29876713,-0.14826106,0.75551002,-1.62180514,0.11218169,-0.08201791,-1.18523479,-0.13555935,0.82801455,-1.68158209,0.16494100,0.71988469,-1.55706785,0.34263732,0.00895848,0.00199114,0.29310951,0.40197639,0.17228282,-0.28167128,0.19716958,-0.18423652,-0.28471744,-0.18803859,0.19040893,-0.27487092,-0.20154005,-0.17949138,-0.25976554,1.31184003,0.02056593,-0.00011838,0.02225331,0.00533267,0.99973814,1.71195567,0.19712717,0.01143823,1.51096380,-0.16155673,0.00839207,1.12178090,0.20895806,0.01823859,1.11222624,-0.16106524,0.03334396,-0.16090870,1.49518266,0.23086316,-0.41094984,2.15619860,-2.29349895,0.05881904,-3.22925920,-0.50749706,-0.00226340,1.49129448,-0.13170241
0.37408902,0.01698289,0.01195477,0.00336280,-0.25209514,0.20465255,-0.15011692,0.78375447,-1.61430955,0.10556838,-0.04074459,-1.22115517,-0.13786149,0.76268381,-1.68752396,0.16524388,0.75230497,-1.56286895,0.34263732,0.00895848,0.00199114,0.29308194,0.39406920,0.17071729,-0.28190322,0.18909359,-0.18497291,-0.28469272,-0.19570629,0.19042382,-0.27488017,-0.18095397,-0.17987717,-0.25940397,1.31953442,0.02103467,-0.00015031,0.01993722,0.00753750,0.99977281,1.71098483,0.19767416,0.01117872,1.51139545,-0.16106614,0.00838922,1.12097925,0.20848607,0.01820177,1.14131314,-0.16155040,0.03367797,-0.08080724,1.37731254,0.39101347,-0.31348667,2.02002430,-1.69347310,-0.14426515,-3.22475839,-0.25857195,0.01686285,1.61765599,-0.31154293
0.34948543,0.01411393,-0.00836848,0.00691226,-0.40652188,0.13494239,-0.15122254,0.81081717,-1.60682249,0.10069460,0.00011289,-1.24887242,-0.14423402,0.69407611,-1.68616951,0.16628505,0.78885003,-1.57261155,0.34263732,0.00895848,0.00199114,0.29270329,0.38667054,0.16969965,-0.28180513,0.18228237,-0.18546235,-0.28390904,-0.20298612,0.19049147,-0.27467780,-0.15962908,-0.18126936,-0.25855548,1.32658343,0.02144690,-0.00014113,0.01588075,0.00891812,0.99983411,1.71016538,0.19801690,0.01089816,1.51214504,-0.16073442,0.00879425,1.12023166,0.20828724,0.01802550,1.17021320,-0.16264105,0.03414782,-0.05543906,1.34196882,0.36484544,-0.23967394,2.02560673,-1.36484847,-0.31855637,-3.40567784,0.08304469,0.05338545,1.81843200,-0.48933631
0.32751573,0.01045322,-0.03123345,0.00966803,-0.50733283,0.08145038,-0.15266925,0.83681321,-1.60349488,0.09708346,0.03964494,-1.27108312,-0.15143828,0.62600811,-1.67579772,0.16779270,0.82756706,-1.58530285,0.34263732,0.00895848,0.00199114,0.29196432,0.37975268,0.16904752,-0.28148809,0.17689540,-0.18591452,-0.28203816,-0.20986546,0.19056292,-0.27417701,-0.13912158,-0.18292299,-0.25794039,1.33302927,0.02178221,-0.00010592,0.01091736,0.00974325,0.99989293,1.70941565,0.19819777,0.01047622,1.51351395,-0.16064989,0.00992615,1.11949021,0.20821935,0.01778731,1.19749868,-0.16381708,0.03402392,-0.07454565,1.31737189,0.15701003,-0.18047791,2.00690894,-1.11922760,-0.36598356,-3.45589395,0.55034929,0.07509949,1.97208219,-0.65102426
0.28945123,0.00396344,-0.04978219,0.01051882,-0.52440374,0.02554487,-0.15431386,0.85899029,-1.60666347,0.09513990,0.07776540,-1.29001980,-0.15861117,0.55988293,-1.65554848,0.16865114,0.86710107,-1.59970875,0.34263732,0.00895848,0.00199114,0.29090676,0.37319450,0.16883820,-0.28089865,0.17384095,-0.18625507,-0.27908819,-0.21640182,0.19035323,-0.27352918,-0.11998773,-0.18468336,-0.25791128,1.33895645,0.02199434,-0.00005599,0.00557961,0.01004742,0.99993395,1.70868294,0.19829747,0.01000811,1.51650493,-0.16072994,0.01181857,1.11877334,0.20796073,0.01737757,1.22270401,-0.16506278,0.03299548,-0.08017333,1.06131535,-0.18891867,-0.08674421,1.86368577,-0.92167289,-0.35231251,-3.23690009,1.03317003,0.03959536,1.93852317,-0.70926578
0.29698074,-0.00362956,-0.06370594,0.01089320,-0.54113172,-0.00519269,-0.15613161,0.87150877,-1.61910267,0.09463921,0.11495599,-1.30850601,-0.16696348,0.49345622,-1.62593684,0.17035862,0.90605807,-1.61408486,0.34263732,0.00895848,0.00199114,0.28967698,0.36682311,0.16898068,-0.27994259,0.17503718,-0.18644544,-0.27498504,-0.22268159,0.19032104,-0.27261988,-0.10156897,-0.18686209,-0.25812013,1.34472117,0.02205757,-0.00000303,0.00029753,0.01002151,0.99994974,1.70808389,0.19835618,0.00973439,1.52345994,-0.16084232,0.01469194,1.11826990,0.20787740,0.01705710,1.24691770,-0.16680262,0.03155685,-0.09597057,0.56682541,-0.70470707,-0.01945086,1.90955017,-0.95394809,-0.44211906,-3.42744327,1.58175991,0.10004525,1.99812119,-0.73613729
0.28703569,-0.00966473,-0.06684961,0.00965815,-0.47851369,0.01943524,-0.15947400,0.86382723,-1.63351929,0.09408777,0.15156364,-1.32770061,-0.17749628,0.42663866,-1.58817327,0.17388372,0.94360226,-1.62703943,0.34263732,0.00895848,0.00199114,0.28837651,0.36047055,0.16905349,-0.27885555,0.18219996,-0.18704806,-0.27076961,-0.22885040,0.19076117,-0.27140416,-0.08373937,-0.18970259,-0.25821489,1.35057604,0.02199629,0.00004722,-0.00464122,0.01017277,0.99993748,1.70753264,0.19834845,0.00952096,1.53654373,-0.16130626,0.01760690,1.11789203,0.20806208,0.01697235,1.27071345,-0.16937069,0.03016162,-0.17771913,-0.54013729,-0.69743741,-0.03033789,1.79085386,-0.94676715,-0.53225982,-3.27545905,1.90546227,0.18521442,1.82966971,-0.62278438
0.29696864,-0.01653661,-0.06952135,0.00964727,-0.45489191,0.08106069,-0.16464494,0.82164260,-1.62658966,0.09309783,0.18791469,-1.34800675,-0.18863364,0.36498412,-1.54732561,0.17792274,0.98024373,-1.63733377,0.34263732,0.00895848,0.00199114,0.28708525,0.35407857,0.16894147,-0.27764573,0.19598182,-0.18867320,-0.26946171,-0.23527162,0.19132541,-0.27019175,-0.06753863,-0.19273441,-0.25801805,1.35658743,0.02179935,0.00010179,-0.00922356,0.01097490,0.99989723,1.70687253,0.19847194,0.00943952,1.55666330,-0.16252671,0.01762354,1.11717302,0.20791460,0.01689350,1.29329548,-0.17237106,0.02906720,-0.25441610,-2.13847299,0.38435967,-0.04907320,1.80508270,-1.00813415,-0.55135064,-3.04104939,2.02100723,0.20166239,1.81919188,-0.50778963
0.30433790,-0.02294994,-0.07356065,0.01129284,-0.48543964,0.10961266,-0.16787832,0.76038903,-1.60184247,0.09218309,0.22504680,-1.36800010,-0.19856985,0.31571649,-1.51120300,0.18275723,1.01762648,-1.64635158,0.34263732,0.00895848,0.00199114,0.28580791,0.34752777,0.16883726,-0.27633910,0.21308765,-0.19014433,-0.27020454,-0.24193605,0.19204575,-0.26894189,-0.05417137,-0.19545799,-0.25776797,1.36262300,0.02149695,0.00016933,-0.01397300,0.01205120,0.99982973,1.70598032,0.19866161,0.00946881,1.58023179,-0.16345610,0.01560336,1.11612836,0.20765553,0.01686602,1.31317849,-0.17520996,0.02803994,-0.15591070,-3.12860732,1.27539055,-0.04610856,1.89191036,-1.01342041,-0.50016886,-2.46581664,1.81915972,0.24850514,1.90528493,-0.45818490
0.28308163,-0.02662606,-0.07591301,0.01357979,-0.53238044,0.11837619,-0.16827423,0.69795336,-1.57308884,0.09135541,0.26385026,-1.38657908,-0.20506479,0.28705306,-1.48546174,0.18877979,1.05721881,-1.65533247,0.34263732,0.00895848,0.00199114,0.28448890,0.34071321,0.16877312,-0.27496485,0.23069318,-0.19082766,-0.27066492,-0.24881256,0.19296072,-0.26757157,-0.04534183,-0.19737539,-0.25836332,1.36848888,0.02111511,0.00025729,-0.01934017,0.01323661,0.99972530,1.70461426,0.19884972,0.00952405,1.60415351,-0.16353786,0.01382399,1.11465476,0.20742067,0.01691733,1.32838862,-0.17739155,0.02612558,-0.01259025,-3.03921895,1.40741146,-0.04073548,1.91002021,-0.90523323,-0.29735599,-1.30110829,1.20425358,0.30038935,1.95242229,-0.44096355
0.27295210,-0.03332605,-0.08380047,0.01775964,-0.62751342,0.17643548,-0.16861683,0.64027306,-1.54415011,0.09028003,0.30436876,-1.40427680,-0.20652676,0.28405995,-1.47742403,0.19616461,1.09915421,-1.66401305,0.34263732,0.00895848,0.00199114,0.28313403,0.33368060,0.16863901,-0.27343137,0.24754016,-0.19140941,-0.26998683,-0.25595563,0.19408657,-0.26608378,-0.04196172,-0.19799427,-0.25982727,1.37394714,0.02064056,0.00037864,-0.02536307,0.01487318,0.99956759,1.70246258,0.19913277,0.00970266,1.62707264,-0.16331914,0.01314720,1.11233025,0.20702587,0.01705025,1.33789485,-0.17851452,0.02330676,-0.02471489,-2.94041200,1.49387500,-0.05789920,2.09555078,-0.90738074,-0.04338924,0.01211482,0.28321566,0.38931395,2.17120786,-0.44266824
0.21429432,-0.03560865,-0.07735684,0.01994293,-0.61803994,0.22295892,-0.16954663,0.58304459,-1.51188266,0.08880632,0.34594429,-1.42137039,-0.20517604,0.30347458,-1.49134767,0.20505239,1.14143288,-1.67111373,0.34263732,0.00895848,0.00199114,0.28182542,0.32642625,0.16837530,-0.27186462,0.26425501,-0.19215359,-0.26867310,-0.26323728,0.19548178,-0.26451413,-0.04306945,-0.19762477,-0.26070826,1.37856996,0.02007856,0.00054046,-0.03164735,0.01706662,0.99935323,1.69905663,0.19950162,0.00996080,1.64923203,-0.16293989,0.01315232,1.10881138,0.20645802,0.01731129,1.34227359,-0.17890160,0.02111717,-0.04818860,-2.81352139,1.61242473,-0.07501332,2.04391670,-0.83356738,0.07962742,1.09752655,-0.83984345,0.44631606,2.07017446,-0.33441710
0.15796308,-0.03382254,-0.07453329,0.01919478,-0.52181573,0.26412666,-0.16969536,0.52046115,-1.47293382,0.08692034,0.38668010,-1.43924468,-0.20436602,0.34169279,-1.52599299,0.21484419,1.17947948,-1.67289567,0.34263732,0.00895848,0.00199114,0.28055730,0.31897682,0.16791769,-0.27049868,0.28161146,-0.19266949,-0.26756306,-0.27071208,0.19710575,-0.26301099,-0.04839023,-0.19703531,-0.26001997,1.38188300,0.01952279,0.00073087,-0.03697758,0.01971546,0.99912133,1.69398713,0.19989344,0.01005863,1.67087607,-0.16188710,0.01299424,1.10360581,0.20579547,0.01754631,1.34130352,-0.17926813,0.02053733,-0.00792400,-3.11515374,1.93950124,-0.09386167,2.01688294,-0.89240255,0.03788114,1.91570902,-1.73392553,0.48394339,1.87390707,-0.07308221
0.17250253,-0.02897259,-0.06691927,0.01184526,-0.28998291,0.25776563,-0.17063658,0.45362227,-1.43212018,0.08525744,0.42421732,-1.46008604,-0.20437847,0.38630414,-1.56402242,0.22298669,1.20861332,-1.66606398,0.34263732,0.00895848,0.00199114,0.27950098,0.31149784,0.16742228,-0.26943012,0.29904666,-0.19329054,-0.26651900,-0.27847673,0.19857283,-0.26191418,-0.05637514,-0.19661516,-0.25900768,1.38535490,0.01910143,0.00089170,-0.03996470,0.02227796,0.99895231,1.68907928,0.20024397,0.01007086,1.69272122,-0.16066530,0.01298198,1.09830257,0.20506223,0.01758680,1.33780100,-0.17983149,0.02049329,-0.05250213,-3.40534987,2.07080498,-0.08200097,1.89884639,-1.06730165,0.00000261,2.26142025,-1.91648946,0.40730723,1.45536802,0.36851683
0.23542771,-0.02340440,-0.04977554,-0.00273964,0.05199704,0.11975277,-0.17287441,0.38417428,-1.39421964,0.08535210,0.45698361,-1.48355865,-0.20350370,0.42464412,-1.59226265,0.22781422,1.22633507,-1.65164986,0.34263732,0.00895848,0.00199114,0.27883257,0.30396193,0.16734512,-0.26887885,0.31603471,-0.19401080,-0.26535308,-0.28618047,0.19959224,-0.26104192,-0.06489961,-0.19614117,-0.25856786,1.39008152,0.01884208,0.00094038,-0.03972464,0.02365150,0.99893027,1.68578289,0.20038533,0.00995373,1.71494408,-0.15999430,0.01347949,1.09477561,0.20466657,0.01779065,1.33453743,-0.18015081,0.02026472,-0.11100348,-3.41495433,1.84134307,0.01554349,1.58456273,-1.15831029,0.05001443,1.83618276,-1.33168828,0.22088848,0.82160859,0.72904332
0.31761595,-0.01874104,-0.03610332,-0.01763106,0.37324010,-0.07607879,-0.17413777,0.31122436,-1.35825267,0.08804678,0.48528633,-1.50849695,-0.20173641,0.45332888,-1.60911274,0.22866423,1.23483474,-1.63424296,0.34263732,0.00895848,0.00199114,0.27854186,0.29627884,0.16794867,-0.26886065,0.33277754,-0.19413594,-0.26448138,-0.29350736,0.19991371,-0.25993364,-0.07311953,-0.19563608,-0.25860692,1.39617455,0.01874485,0.00084496,-0.03643936,0.02315346,0.99906725,1.68435504,0.20023840,0.00968120,1.73758821,-0.15976668,0.01406047,1.09372125,0.20484713,0.01860822,1.33219640,-0.18006848,0.01993494,-0.05280901,-3.78142800,1.84850721,0.15510731,1.43185840,-1.29110100,0.09278238,1.41856139,-0.80087354,0.01760528,0.38876145,0.90367403
0.33321129,-0.00563518,-0.02077238,-0.02393278,0.54015839,-0.20139633,-0.17453161,0.23233888,-1.31517899,0.09208757,0.51101339,-1.53406823,-0.20088656,0.47393692,-1.61588407,0.22606371,1.23787880,-1.61743128,0.34263732,0.00895848,0.00199114,0.27850983,0.28840749,0.16888015,-0.26922151,0.34966757,-0.19388234,-0.26460927,-0.30026381,0.19951713,-0.25845419,-0.08091664,-0.19556976,-0.25899128,1.40291226,0.01888261,0.00066346,-0.03116858,0.02127111,0.99928756,1.68387210,0.19988246,0.00928832,1.76051342,-0.15994462,0.01390056,1.09443033,0.20544180,0.02005564,1.33039105,-0.17995328,0.01951855,-0.01621071,-3.91328144,2.18234324,0.20398110,1.24694490,-1.25636065,0.03185605,0.95672989,-0.26263207,-0.14968479,0.11738608,0.81483048
0.35330086,0.00733357,-0.00297032,-0.02449616,0.61436569,-0.21501954,-0.17638786,0.14962631,-1.26533751,0.09531920,0.53555093,-1.55946066,-0.20053629,0.48952178,-1.61552815,0.21987613,1.23822663,-1.60337565,0.34263732,0.00895848,0.00199114,0.27879101,0.28047647,0.16954450,-0.26982629,0.36666098,-0.19389505,-0.26470927,-0.30621918,0.19826230,-0.25681861,-0.08841226,-0.19578324,-0.25973576,1.41000364,0.01929841,0.00047880,-0.02498982,0.01909598,0.99950519,1.68379936,0.19943251,0.00896472,1.78380322,-0.16044985,0.01408174,1.09643493,0.20571941,0.02197240,1.32913420,-0.17971902,0.01905525,-0.09565047,-4.11241894,2.49273338,0.15835177,1.21748364,-1.25886157,0.01801642,0.77083976,0.02297891,-0.31155874,0.01229451,0.69441679
0.37558708,0.00957559,0.02083998,-0.02350980,0.65364249,-0.17612593,-0.18017478,0.06373679,-1.20621090,0.09759853,0.55984533,-1.58367579,-0.19991817,0.50384501,-1.61258464,0.21225133,1.23525779,-1.59236691,0.34263732,0.00895848,0.00199114,0.27945877,0.27245552,0.16992940,-0.27061787,0.38369554,-0.19438040,-0.26488814,-0.31079972,0.19667111,-0.25524191,-0.09596447,-0.19599257,-0.26063806,1.41734869,0.01974746,0.00032371,-0.01856895,0.01734303,0.99967710,1.68374596,0.19902520,0.00884091,1.80755577,-0.16120681,0.01457063,1.09991412,0.20551958,0.02421686,1.32824032,-0.17945587,0.01882071,-0.19707673,-4.37117748,3.02225513,0.11465619,1.23477581,-1.22656076,0.03161478,0.72667463,0.15386422,-0.38544152,-0.16202768,0.54550666
0.36985985,-0.00014728,0.04204605,-0.02111574,0.63880050,-0.12088617,-0.18524410,-0.01956818,-1.14377944,0.09967696,0.58349433,-1.60503905,-0.19871298,0.51781991,-1.60813861,0.20377624,1.22562687,-1.58880286,0.34263732,0.00895848,0.00199114,0.28047023,0.26435413,0.17028164,-0.27169992,0.39963376,-0.19511712,-0.26505158,-0.31214148,0.19489670,-0.25383799,-0.10367858,-0.19608599,-0.26164969,1.42485673,0.02000981,0.00019503,-0.01205426,0.01607742,0.99979807,1.68359911,0.19870319,0.00877031,1.83055747,-0.16215700,0.01541865,1.10661013,0.20476946,0.02663225,1.32753651,-0.17930837,0.01882055,-0.25003586,-4.05079827,3.05534229,0.10302925,1.15486937,-1.03148845,0.06439440,0.68599474,0.22242489,-0.42954015,-0.51024518,0.13710329
0.39067015,-0.01451684,0.06548046,-0.02040119,0.65983001,-0.10612783,-0.18943954,-0.08877983,-1.08861654,0.10247420,0.60606582,-1.62265522,-0.19576221,0.53238544,-1.60294681,0.18790890,1.20487201,-1.59172935,0.34263732,0.00895848,0.00199114,0.28179130,0.25627451,0.17087460,-0.27300488,0.41202708,-0.19561036,-0.26592478,-0.30909997,0.19139369,-0.25430449,-0.11167187,-0.19574146,-0.26290816,1.43243363,0.01999080,0.00008526,-0.00562194,0.01503630,0.99987114,1.68345411,0.19849422,0.00878642,1.85015633,-0.16314159,0.01586652,1.11771829,0.20200341,0.02748681,1.32669814,-0.17902008,0.01888314,-0.20457115,-3.44379878,2.76475010,0.15061484,1.15482836,-0.88308307,0.16514982,0.75514171,0.27040804,-0.88237715,-1.14804636,-0.17990960
0.36662084,-0.02425448,0.08077961,-0.01692703,0.58892224,-0.11777412,-0.19148883,-0.14175223,-1.03927851,0.10631441,0.62823451,-1.63628423,-0.19158617,0.54726583,-1.59667599,0.16774239,1.17303193,-1.59782064,0.34263732,0.00895848,0.00199114,0.28339329,0.24812353,0.17180620,-0.27444372,0.42027547,-0.19578957,-0.26866635,-0.30221833,0.18683600,-0.25647919,-0.11977470,-0.19508936,-0.26442160,1.43994057,0.01973467,-0.00000623,0.00044946,0.01386624,0.99990376,1.68320453,0.19835523,0.00894958,1.86548364,-0.16432544,0.01472694,1.13265753,0.19811836,0.02691410,1.32562172,-0.17860099,0.01897169,-0.08446854,-2.49017334,2.39454293,0.19552031,1.08583534,-0.63950169,0.21082161,0.73009723,0.31655675,-1.00151396,-1.63400865,-0.31660584
0.35304323,-0.03189511,0.09856691,-0.01337200,0.51506292,-0.18916906,-0.18935363,-0.17857021,-1.00178005,0.11114714,0.65068520,-1.64448931,-0.18746918,0.56296095,-1.59001338,0.15442638,1.13651800,-1.60819538,0.34263732,0.00895848,0.00199114,0.28528929,0.23977621,0.17310056,-0.27604152,0.42513377,-0.19500624,-0.27235287,-0.29279611,0.18381799,-0.25801780,-0.12783069,-0.19442806,-0.26599050,1.44710848,0.01926931,-0.00006686,0.00567922,0.01199697,0.99991190,1.68266253,0.19807289,0.00924777,1.87679858,-0.16548073,0.01293642,1.14998639,0.19600944,0.02727149,1.32397943,-0.17816978,0.01929878,0.11493855,-1.79666345,1.83311582,0.24148736,1.11518331,-0.39759135,0.20434083,0.78266125,0.32891927,-0.65595751,-1.81625495,-0.51712714
0.34643722,-0.03788836,0.11247750,-0.00892993,0.40964301,-0.29426601,-0.18248924,-0.19645514,-0.98218740,0.11680518,0.67377657,-1.64747293,-0.18333603,0.58089679,-1.58445451,0.14277816,1.09682102,-1.61983845,0.34263732,0.00895848,0.00199114,0.28736627,0.23126326,0.17471249,-0.27767956,0.42648452,-0.19309514,-0.27653630,-0.28165814,0.18108877,-0.25978706,-0.13590586,-0.19371318,-0.26757215,1.45396535,0.01865532,-0.00008746,0.00976663,0.00914746,0.99991046,1.68199353,0.19756954,0.00968671,1.88391118,-0.16660494,0.01082997,1.16904132,0.19456082,0.02757921,1.32162623,-0.17751185,0.01979412,0.35903555,-0.85379639,0.94053901,0.28929121,1.17668705,-0.14000464,0.21031600,0.91865048,0.27937275,-0.59443080,-2.03192945,-0.59542121
0.35178231,-0.03862686,0.10584747,-0.00406865,0.26335442,-0.36173344,-0.17195760,-0.18831352,-0.99192529,0.12287739,0.69812773,-1.64587297,-0.17954304,0.60148854,-1.58028078,0.13255409,1.05023420,-1.63395596,0.34263732,0.00895848,0.00199114,0.28936346,0.22251647,0.17652266,-0.27923791,0.42332269,-0.19025922,-0.28041002,-0.26746278,0.17861812,-0.26184909,-0.14398876,-0.19303755,-0.26913802,1.46115861,0.01795101,-0.00006770,0.01256062,0.00550541,0.99990595,1.68171780,0.19691322,0.01012555,1.88655069,-0.16763524,0.00895344,1.19174519,0.19361312,0.02751437,1.31930423,-0.17666038,0.02022544,0.52777300,0.51692618,-0.62730027,0.29793862,1.20034914,0.09447827,0.18231850,1.01950655,0.19923518,-0.48222767,-2.31914926,-0.70822097
0.39532845,-0.03906797,0.09613214,-0.00121980,0.16349014,-0.39720086,-0.16002005,-0.15704168,-1.03258786,0.12851357,0.72386216,-1.64143028,-0.17672797,0.62420113,-1.57743926,0.12709577,0.99556944,-1.65029411,0.34263732,0.00895848,0.00199114,0.29105629,0.21355992,0.17826237,-0.28061063,0.41652739,-0.18691713,-0.28267680,-0.25003861,0.17730749,-0.26333786,-0.15201260,-0.19257256,-0.27052964,1.46883483,0.01721900,-0.00002284,0.01426688,0.00164350,0.99989687,1.68180759,0.19618245,0.01044566,1.88597443,-0.16832785,0.00837949,1.21821470,0.19370356,0.02771843,1.31745610,-0.17585224,0.02052666,0.61698357,1.73213710,-2.26531057,0.28497158,1.33232484,0.24196646,0.13817093,1.18105130,0.13759066,-0.24970037,-2.86280494,-0.84721721
0.39267322,-0.03439451,0.07432340,0.00005831,0.07028132,-0.33322422,-0.14917439,-0.11633325,-1.08301556,0.13312761,0.75016552,-1.63498473,-0.17466523,0.64889288,-1.57608104,0.12330280,0.93531418,-1.66481721,0.34263732,0.00895848,0.00199114,0.29238224,0.20458696,0.17974710,-0.28180479,0.40820817,-0.18387203,-0.28392845,-0.23094743,0.17635459,-0.26445672,-0.16000917,-0.19225069,-0.27169524,1.47684479,0.01648709,0.00002765,0.01510266,-0.00183080,0.99988427,1.68208861,0.19548379,0.01057746,1.88437688,-0.16887857,0.00845379,1.24654472,0.19368623,0.02792552,1.31613266,-0.17517635,0.02068700,0.51981121,2.03355694,-2.49106741,0.21843611,1.29150987,0.32968378,0.09672694,1.22444057,0.05588812,-0.18348850,-2.98664141,-0.69132972
0.39877324,-0.03015463,0.05668152,-0.00035106,-0.03310094,-0.24674698,-0.14113658,-0.07517984,-1.12576883,0.13674096,0.77661352,-1.62720616,-0.17329466,0.67647383,-1.57732399,0.12070790,0.87120237,-1.67441297,0.34263732,0.00895848,0.00199114,0.29329954,0.19593341,0.18097028,-0.28257969,0.39972809,-0.18175151,-0.28502771,-0.21104696,0.17561313,-0.26526911,-0.16793300,-0.19200905,-0.27255408,1.48491161,0.01580617,0.00006432,0.01481107,-0.00435669,0.99988082,1.68241460,0.19506216,0.01071985,1.88304069,-0.16942177,0.00827183,1.27540300,0.19325175,0.02803043,1.31531177,-0.17473219,0.02074546,0.39364383,2.04154735,-2.10732229,0.17759738,1.31148617,0.38573046,0.06774318,1.37399962,-0.06621278,-0.12185275,-3.19212432,-0.46096720
0.39515157,-0.02506966,0.03784635,-0.00166769,-0.14598362,-0.13560996,-0.13604218,-0.03477153,-1.16095607,0.13943447,0.80229576,-1.62037423,-0.17208442,0.70673051,-1.58112643,0.12172445,0.80284367,-1.67759666,0.34263732,0.00895848,0.00199114,0.29385068,0.18819450,0.18188603,-0.28267567,0.39146545,-0.18056362,-0.28584857,-0.19037449,0.17582338,-0.26569167,-0.17570139,-0.19171784,-0.27321844,1.49271119,0.01521855,0.00007690,0.01342114,-0.00574579,0.99989342,1.68298357,0.19492976,0.01117502,1.88207567,-0.16983203,0.00800211,1.30436990,0.19321819,0.02815901,1.31481810,-0.17446739,0.02063225,0.25202262,2.05221744,-1.77453969,0.13504931,1.30372703,0.34096405,0.06114398,1.54434206,-0.19977434,0.05899122,-3.47912927,-0.15817353
0.35820102,-0.01749292,0.01758291,-0.00284253,-0.23186757,-0.02075059,-0.13360505,0.00401342,-1.18983445,0.14157214,0.82681279,-1.61657908,-0.17146927,0.73899434,-1.58764834,0.12501158,0.73330564,-1.67795622,0.34263732,0.00895848,0.00199114,0.29407234,0.18172284,0.18255419,-0.28188699,0.38368222,-0.18017329,-0.28624148,-0.16932450,0.17653564,-0.26512712,-0.18315726,-0.19148308,-0.27354041,1.50006144,0.01476081,0.00006717,0.01112223,-0.00603476,0.99991993,1.68397448,0.19510829,0.01218535,1.88154101,-0.17003042,0.00783086,1.33288007,0.19332734,0.02894522,1.31460631,-0.17449761,0.02053193,0.11081257,1.89235306,-1.39069691,0.10410635,1.19633875,0.17224759,0.02532005,1.58756962,-0.33063325,0.16544521,-3.41400380,0.00084990
0.35434247,-0.01050254,0.00369413,-0.00371033,-0.31294452,0.02601561,-0.13234288,0.04068303,-1.21323557,0.14417701,0.84898140,-1.61615412,-0.17160226,0.77231140,-1.59610896,0.12914386,0.66053801,-1.66823113,0.34263732,0.00895848,0.00199114,0.29405550,0.17681745,0.18325947,-0.28021793,0.37644660,-0.18014626,-0.28640695,-0.14830535,0.17750056,-0.26478239,-0.19022806,-0.19136133,-0.27354345,1.50698917,0.01445728,0.00004748,0.00815464,-0.00580968,0.99994987,1.68592408,0.19564983,0.01383757,1.88131714,-0.17005096,0.00764854,1.36075630,0.19366909,0.02927311,1.31455042,-0.17468077,0.02051205,0.06174217,1.87405386,-1.17208185,0.13999369,1.12129097,0.00021423,-0.00965770,1.71970468,-0.44455771,0.21716250,-3.77507663,0.59099929
0.31999486,-0.00367629,-0.00947233,-0.00390288,-0.34372281,0.01989608,-0.13147536,0.07585833,-1.23358262,0.14848983,0.86332506,-1.61823595,-0.17174527,0.80593604,-1.60565913,0.13452864,0.58585298,-1.64728308,0.34263732,0.00895848,0.00199114,0.29383123,0.17486121,0.18438072,-0.27786693,0.36966205,-0.18022838,-0.28629531,-0.12770960,0.17887193,-0.26480208,-0.19690367,-0.19117005,-0.27341208,1.51356304,0.01429095,0.00002634,0.00471014,-0.00559247,0.99997327,1.69047558,0.19670433,0.01596430,1.88118613,-0.17006078,0.00753592,1.38786209,0.19458011,0.02902915,1.31453347,-0.17466479,0.02041915,0.04008850,1.71556377,-0.98185676,0.22552644,0.63517863,-0.11700041,-0.00585879,1.64912367,-0.47478953,0.27425146,-3.66663551,1.09669733
0.31127246,0.00283795,-0.02539906,-0.00416425,-0.37824356,0.01088975,-0.13122250,0.11022708,-1.25267327,0.15428401,0.86216854,-1.62173023,-0.17313829,0.83954657,-1.61634207,0.14225973,0.51131559,-1.61488712,0.34263732,0.00895848,0.00199114,0.29331847,0.17784776,0.18590176,-0.27523234,0.36320585,-0.18045454,-0.28575725,-0.10791923,0.18096564,-0.26503519,-0.20312371,-0.19124296,-0.27291954,1.51983945,0.01427433,0.00000498,0.00090901,-0.00547725,0.99998459,1.69971297,0.19821673,0.01808613,1.88104675,-0.17014805,0.00756122,1.41390905,0.19641130,0.02828328,1.31463299,-0.17473207,0.02039893,0.01247216,1.70564237,-0.94653897,0.28757124,-0.07972463,-0.18049775,-0.07230500,1.66981575,-0.53292563,0.38807058,-3.69585829,1.62525153
0.31250962,0.00979939,-0.04228540,-0.00449576,-0.41162885,-0.01194203,-0.13094429,0.14476200,-1.27150266,0.16009695,0.84857265,-1.62839355,-0.17603158,0.87413994,-1.62812123,0.15273204,0.43953895,-1.57362506,0.34263732,0.00895848,0.00199114,0.29253632,0.18504868,0.18736362,-0.27211409,0.35680635,-0.18064711,-0.28498042,-0.08933929,0.18390735,-0.26548025,-0.20925492,-0.19164455,-0.27201167,1.52599366,0.01439268,-0.00001767,-0.00312947,-0.00557768,0.99997955,1.71312091,0.19968038,0.02042223,1.88076265,-0.17022345,0.00755590,1.43871145,0.19928519,0.02705607,1.31461391,-0.17490566,0.02052465,0.01459141,1.75818825,-0.95855894,0.29580556,-0.72144839,-0.34224827,-0.14929739,1.76207840,-0.59941883,0.54094561,-3.63958006,2.11537805
0.29794559,0.01574522,-0.05334965,-0.00473252,-0.40871151,-0.06020296,-0.13061778,0.18003170,-1.29094760,0.16563769,0.82021326,-1.63241880,-0.17995207,0.90951924,-1.63950281,0.16732069,0.37397199,-1.52645760,0.34263732,0.00895848,0.00199114,0.29155000,0.19617767,0.18879673,-0.26918135,0.35031125,-0.18078893,-0.28397291,-0.07268194,0.18808560,-0.26591782,-0.21552369,-0.19227158,-0.27092716,1.53209450,0.01462984,-0.00004537,-0.00729491,-0.00614205,0.99995453,1.73057659,0.20100244,0.02236865,1.88015847,-0.17044874,0.00757709,1.46172853,0.20359409,0.02563218,1.31422517,-0.17497970,0.02062284,0.01539062,1.73163824,-0.95691253,0.26851312,-1.46108301,-0.16316665,-0.19695705,1.73525381,-0.55314651,0.73494033,-3.17983298,2.32847848
0.30783231,0.02124573,-0.06343499,-0.00578398,-0.42815051,-0.13667741,-0.13023908,0.21542079,-1.31077073,0.16907284,0.77734405,-1.62693350,-0.18536148,0.94482841,-1.64927173,0.18554770,0.31986811,-1.47976127,0.34263732,0.00895848,0.00199114,0.29046244,0.21015824,0.18984121,-0.26743680,0.34381576,-0.18087225,-0.28277075,-0.05901227,0.19335198,-0.26610431,-0.22194661,-0.19326906,-0.26972324,1.53811929,0.01494666,-0.00008522,-0.01145832,-0.00737845,0.99990712,1.75105622,0.20166581,0.02302564,1.87922840,-0.17097974,0.00769169,1.48196683,0.20914846,0.02435813,1.31334469,-0.17502599,0.02073920,0.02075959,1.81974101,-1.02028354,0.15706406,-2.28675663,0.34880916,-0.28947428,1.81551414,-0.49039578,0.95599717,-2.69684033,2.37989984
0.28331978,0.01910198,-0.06296982,-0.00712110,-0.41744790,-0.21364373,-0.12919904,0.25069317,-1.33014953,0.16902974,0.72700810,-1.61416185,-0.19251114,0.98024637,-1.65691531,0.20495023,0.28500518,-1.44435537,0.34263732,0.00895848,0.00199114,0.28935951,0.22544375,0.19004390,-0.26648431,0.33736708,-0.18073687,-0.28152244,-0.04974402,0.19893898,-0.26578968,-0.22862945,-0.19470018,-0.26845035,1.54397166,0.01523548,-0.00014814,-0.01569869,-0.00943519,0.99983224,1.77296174,0.20099099,0.02287520,1.87786782,-0.17183594,0.00783707,1.49799085,0.21507779,0.02356983,1.31170857,-0.17511536,0.02090916,0.05690227,1.72867489,-0.94559610,-0.02743742,-2.50498319,0.66795063,-0.36262411,1.73807132,-0.35936689,0.95469892,-1.55940473,1.63537610
0.27229489,0.00879009,-0.06243273,-0.01036529,-0.46470311,-0.28851474,-0.12729213,0.28715308,-1.34910247,0.16654048,0.67448641,-1.59652035,-0.20120873,1.01697664,-1.66335924,0.22151580,0.28033518,-1.43073959,0.34263732,0.00895848,0.00199114,0.28832226,0.24112826,0.18957235,-0.26549308,0.33077159,-0.18032550,-0.28018482,-0.04709934,0.20373791,-0.26564252,-0.23558737,-0.19643045,-0.26708485,1.54949441,0.01527576,-0.00025276,-0.02036213,-0.01232093,0.99971672,1.79522145,0.19884792,0.02282917,1.87572141,-0.17314684,0.00813744,1.50743051,0.22011256,0.02267974,1.30913756,-0.17528897,0.02123741,0.09530527,1.81221654,-0.93970100,-0.12495094,-2.60721002,0.88290401,-0.43324915,1.82579269,-0.31872171,0.80777998,-0.18201406,0.64070623
0.29993295,0.01561572,-0.06308992,-0.01455827,-0.51262673,-0.34505171,-0.12507791,0.32477001,-1.36734941,0.16343960,0.62131337,-1.57466128,-0.21076587,1.05475774,-1.66871350,0.22971026,0.30036135,-1.43616304,0.34263732,0.00895848,0.00199114,0.28737948,0.25685021,0.18894432,-0.26424282,0.32397908,-0.17981635,-0.27878043,-0.04977501,0.20625822,-0.26664108,-0.24276936,-0.19827671,-0.26570158,1.55542850,0.01538604,-0.00040176,-0.02539592,-0.01569198,0.99955422,1.81808312,0.19617471,0.02313666,1.87360349,-0.17451141,0.00859905,1.51215248,0.22310506,0.02073840,1.30655487,-0.17517241,0.02167790,0.11301343,1.91420524,-0.92540325,-0.15823377,-2.70810847,1.12265930,-0.48805077,1.92122221,-0.26704853,0.39466856,1.06116192,-0.31891482
0.31643315,0.03052368,-0.06255212,-0.01623565,-0.46092490,-0.37121143,-0.12275901,0.36232494,-1.38485966,0.16037029,0.56522487,-1.54764657,-0.22133658,1.09063418,-1.67047338,0.23061730,0.33537921,-1.45985668,0.34263732,0.00895848,0.00199114,0.28649242,0.27287326,0.18834211,-0.26295588,0.31699940,-0.17925044,-0.27753233,-0.05534303,0.20646340,-0.26729508,-0.25012181,-0.20036526,-0.26441232,1.56192145,0.01573231,-0.00058975,-0.03016227,-0.01944421,0.99935570,1.84191444,0.19331749,0.02353654,1.87170835,-0.17571330,0.00896009,1.51465144,0.22419221,0.01919733,1.30419502,-0.17475192,0.02208010,0.11370585,1.83763883,-0.85751443,-0.14884243,-2.76856046,1.34783204,-0.52319762,1.74057336,-0.06397191,0.02737747,1.75849535,-1.23450468
0.35840790,0.04578558,-0.06424473,-0.01318466,-0.31073014,-0.41467507,-0.12062620,0.39840250,-1.40384221,0.15849721,0.50444556,-1.51682739,-0.23241580,1.11941254,-1.66501417,0.22959074,0.37702746,-1.49444363,0.34263732,0.00895848,0.00199114,0.28569586,0.28924747,0.18802390,-0.26169841,0.30980527,-0.17865179,-0.27657944,-0.06264332,0.20579764,-0.26672484,-0.25750833,-0.20275671,-0.26338737,1.56892691,0.01627326,-0.00078562,-0.03342858,-0.02344553,0.99916576,1.86667516,0.19052327,0.02399745,1.87001166,-0.17671310,0.00911642,1.51600533,0.22478264,0.01897102,1.30219183,-0.17418204,0.02230850,0.10768586,1.84433877,-0.99421668,-0.08503041,-3.15856833,1.60171273,-0.57020853,1.42328658,0.33552714,-0.05494338,2.16961358,-1.81817405
0.36141526,0.04983689,-0.05052291,-0.00006398,-0.00124099,-0.38093272,-0.11921984,0.43139333,-1.42699790,0.15849933,0.43935460,-1.48651469,-0.24202269,1.13734066,-1.65037882,0.22773083,0.41684657,-1.52513051,0.34263732,0.00895848,0.00199114,0.28512892,0.30560008,0.18803985,-0.26034564,0.30245368,-0.17811629,-0.27594432,-0.07114653,0.20496196,-0.26619000,-0.26496627,-0.20513459,-0.26269157,1.57634294,0.01687767,-0.00092779,-0.03388337,-0.02735582,0.99905091,1.89177513,0.18791254,0.02478328,1.86859643,-0.17752278,0.00918460,1.51651907,0.22542584,0.01893892,1.30054820,-0.17344990,0.02243735,0.06274659,1.59253263,-1.16836321,0.01343120,-3.21957278,1.47409296,-0.45651194,0.79821134,0.78314185,-0.09840639,1.92244959,-1.44915009
0.37698297,0.05183854,-0.03544193,0.01970218,0.32985979,-0.29644982,-0.11983151,0.45942684,-1.45402317,0.15891428,0.36839750,-1.45738041,-0.24850937,1.14363561,-1.62925127,0.22452537,0.44632158,-1.54347544,0.34263732,0.00895848,0.00199114,0.28487230,0.32194642,0.18784124,-0.25925054,0.29502173,-0.17800585,-0.27576660,-0.07962476,0.20401379,-0.26613403,-0.27230906,-0.20709893,-0.26180391,1.58401387,0.01746057,-0.00093109,-0.03065050,-0.03038868,0.99906767,1.91678171,0.18538731,0.02562176,1.86767137,-0.17814702,0.00910570,1.51693585,0.22593663,0.01873827,1.29962118,-0.17270512,0.02306839,-0.03435345,1.38494582,-1.34396055,0.01958797,-3.53206367,1.44971585,-0.31624427,0.29965962,1.05000989,-0.16031118,1.44718535,-0.89389169
0.39182334,0.04718716,-0.01803166,0.03567112,0.55991700,-0.17531949,-0.12228025,0.48454037,-1.48206878,0.15884951,0.29185969,-1.42374971,-0.25163227,1.14416776,-1.60822031,0.22083682,0.46811988,-1.55334311,0.34263732,0.00895848,0.00199114,0.28489192,0.33841048,0.18735861,-0.25888309,0.28741412,-0.17836293,-0.27593193,-0.08781942,0.20309432,-0.26629066,-0.27920415,-0.20835984,-0.26045059,1.59176748,0.01790114,-0.00081019,-0.02519710,-0.03217117,0.99916438,1.94152970,0.18310190,0.02600883,1.86711228,-0.17858155,0.00896000,1.51719491,0.22622417,0.01860126,1.29973795,-0.17206606,0.02444133,-0.12680597,1.27384219,-1.42631729,-0.00399873,-3.90513287,1.73470840,-0.14968701,0.02069535,1.06448722,-0.18767346,1.09614797,-0.48573350
0.38048613,0.03254303,0.00317605,0.04093751,0.62349630,-0.06056184,-0.12514246,0.50834081,-1.50926752,0.15828568,0.21162624,-1.38195953,-0.25087464,1.14308915,-1.59011190,0.21750852,0.48533187,-1.55694706,0.34263732,0.00895848,0.00199114,0.28522425,0.35484658,0.18669956,-0.25930660,0.27969812,-0.17881767,-0.27633551,-0.09576637,0.20240936,-0.26670082,-0.28557578,-0.20862269,-0.25887741,1.59954896,0.01807901,-0.00061983,-0.01885538,-0.03286763,0.99928165,1.96589689,0.18105757,0.02591764,1.86689219,-0.17873154,0.00888874,1.51729019,0.22634384,0.01852342,1.30088151,-0.17132717,0.02634683,-0.13877530,1.16212962,-1.32502241,-0.03079702,-3.93826551,2.06865973,0.05269226,-0.05298782,0.87157273,-0.15941945,0.82944766,-0.15492298
0.40000178,0.02229312,0.02380555,0.04347170,0.65842276,0.00808205,-0.12767269,0.53136555,-1.53364644,0.15692131,0.12889437,-1.33080187,-0.24712418,1.14189162,-1.57551510,0.21499139,0.50000598,-1.55613363,0.34263732,0.00895848,0.00199114,0.28584520,0.37129005,0.18582815,-0.26035473,0.27194860,-0.17920376,-0.27702278,-0.10349423,0.20204651,-0.26732826,-0.29130139,-0.20804726,-0.25726567,1.60731978,0.01802461,-0.00040909,-0.01243700,-0.03286246,0.99938242,1.99001565,0.17905963,0.02549047,1.86690822,-0.17865755,0.00882241,1.51732247,0.22643365,0.01851694,1.30298011,-0.17043632,0.02857953,-0.12829097,1.18166959,-1.23297677,-0.07550146,-4.27990389,2.71379585,0.20854971,-0.06281979,0.73068101,-0.12480997,0.74335576,0.06612995
0.38230277,0.01809244,0.04066888,0.04003189,0.61299606,0.05550775,-0.13057369,0.55409384,-1.55480123,0.15576267,0.04305052,-1.26802909,-0.24116601,1.13892841,-1.56427491,0.21237770,0.51351696,-1.55246222,0.34263732,0.00895848,0.00199114,0.28673357,0.38787850,0.18505726,-0.26198049,0.26408186,-0.17973858,-0.27790242,-0.11116248,0.20172947,-0.26821025,-0.29582415,-0.20686856,-0.25583400,1.61511075,0.01789363,-0.00019927,-0.00615370,-0.03236417,0.99945718,2.01414907,0.17746915,0.02475308,1.86701107,-0.17855336,0.00883115,1.51723218,0.22639221,0.01852332,1.30652285,-0.16940301,0.03089957,-0.14670368,1.11274850,-1.01508808,-0.05243368,-4.22892094,3.15511203,0.30681753,-0.16204047,0.52724862,-0.13117930,0.65620154,0.19720721
0.39079125,0.02352170,0.05503940,0.03889677,0.60887891,0.08222210,-0.13423593,0.57667540,-1.57257562,0.15649048,-0.03908342,-1.20276146,-0.23232586,1.12509449,-1.55812809,0.20886310,0.52677982,-1.54717696,0.34263732,0.00895848,0.00199114,0.28783891,0.40330101,0.18472084,-0.26327598,0.25603022,-0.18053774,-0.27892582,-0.11894507,0.20119833,-0.26929297,-0.29620899,-0.20508305,-0.25551285,1.62299571,0.01786381,-0.00000075,-0.00000496,-0.03154022,0.99950248,2.03714080,0.17678938,0.02456292,1.86713381,-0.17845721,0.00891308,1.51697266,0.22616122,0.01854593,1.31444576,-0.16813552,0.03232605,-0.18222724,1.12105432,-0.87725531,0.03717942,-4.05063772,3.22067666,0.44701211,-0.71335466,0.29494997,-0.17548428,0.65880619,0.26281090
0.40160255,0.03280357,0.06532851,0.03745550,0.60213366,0.09624655,-0.13830376,0.59939495,-1.58756857,0.15706178,-0.10590690,-1.14602213,-0.21884597,1.09897387,-1.55791485,0.20485796,0.54031479,-1.54162819,0.34263732,0.00895848,0.00199114,0.28902759,0.41505014,0.18439360,-0.26512897,0.24779175,-0.18149164,-0.28004339,-0.12681269,0.20051858,-0.27035182,-0.29184246,-0.20218024,-0.25670916,1.63093257,0.01801458,0.00018083,0.00593869,-0.03060169,0.99951400,2.05648575,0.17667178,0.02389861,1.86715732,-0.17829599,0.00898420,1.51662428,0.22591546,0.01867577,1.32726820,-0.16593329,0.03231843,-0.20868309,1.15570564,-0.75561100,0.02453794,-3.35659161,2.87561641,0.69696684,-1.34352996,-0.00506280,-0.20436090,0.68885738,0.28277775
0.38198367,0.04009032,0.06942065,0.03193063,0.53095406,0.12391265,-0.14331851,0.62206452,-1.59925749,0.15544862,-0.15360860,-1.09761734,-0.20283184,1.07095888,-1.56596785,0.20052763,0.55446674,-1.53616829,0.34263732,0.00895848,0.00199114,0.29026132,0.42216484,0.18379603,-0.26897472,0.23948887,-0.18276298,-0.28112792,-0.13468520,0.19972245,-0.27138697,-0.28512962,-0.19834922,-0.25788301,1.63880117,0.01835649,0.00033429,0.01141619,-0.02937497,0.99950321,2.07103140,0.17704221,0.02128659,1.86714330,-0.17815585,0.00913339,1.51607783,0.22564406,0.01887435,1.34251494,-0.16290516,0.03237831,-0.25066890,1.11017640,-0.55757407,-0.08937383,-2.25400386,2.31574554,0.78176852,-1.35470691,-0.43663834,-0.21381447,0.69854605,0.26534443
0.39043407,0.04730737,0.07974991,0.02681830,0.46986343,0.19089973,-0.14908660,0.64489024,-1.60717356,0.15223878,-0.18329979,-1.06272821,-0.19002990,1.04603341,-1.58129764,0.19594748,0.57032412,-1.53159013,0.34263732,0.00895848,0.00199114,0.29155680,0.42549659,0.18296278,-0.27354789,0.23116478,-0.18431248,-0.28213623,-0.14260795,0.19881428,-0.27240491,-0.27754836,-0.19503527,-0.25784714,1.64649680,0.01883912,0.00044354,0.01609857,-0.02759708,0.99948939,2.08144104,0.17804410,0.01800891,1.86713896,-0.17794829,0.00942057,1.51507676,0.22521964,0.01915189,1.35860920,-0.16058379,0.03370966,-0.29974198,1.17778666,-0.38317124,-0.17123800,-1.42443147,1.71086187,0.62713763,-1.26975203,-0.82217274,-0.23676208,0.82957268,0.22850070
0.35745980,0.04561652,0.08294711,0.01800123,0.34347875,0.25824231,-0.15509346,0.66876251,-1.61117792,0.14745972,-0.19383869,-1.04689431,-0.18109292,1.01626861,-1.59747732,0.19153817,0.58863199,-1.52836061,0.34263732,0.00895848,0.00199114,0.29294500,0.42527670,0.18181558,-0.27802082,0.22263544,-0.18601012,-0.28308581,-0.15060836,0.19790186,-0.27336697,-0.26793721,-0.19270090,-0.25784568,1.65392864,0.01939222,0.00049570,0.01975846,-0.02507528,0.99949016,2.08778739,0.17965375,0.01492418,1.86695659,-0.17754786,0.00985919,1.51343346,0.22459731,0.01957802,1.37666559,-0.15963065,0.03509931,-0.29552594,1.17916560,-0.16873023,-0.24697447,-0.37497455,0.62708992,0.41432238,-1.51235914,-0.78672516,-0.21401484,0.91552031,0.14826129
0.37873594,0.04903246,0.07591955,0.01113947,0.23703514,0.33948690,-0.16124597,0.69429327,-1.61071832,0.13727391,-0.17373678,-1.07353802,-0.17437047,0.97402751,-1.61350415,0.18747391,0.61024156,-1.52717187,0.34263732,0.00895848,0.00199114,0.29414651,0.42012250,0.17906879,-0.28072668,0.21372225,-0.18786127,-0.28394687,-0.15872200,0.19699725,-0.27420145,-0.25420310,-0.19094557,-0.25856171,1.66163898,0.02004386,0.00048042,0.02218864,-0.02167255,0.99951875,2.08912847,0.18073388,0.01341982,1.86701739,-0.17690477,0.01019964,1.51160512,0.22373586,0.01994506,1.39939814,-0.15970366,0.03558480,-0.30506977,1.26919799,0.02859796,-0.51438802,1.04025419,-1.38662386,0.33075137,-2.11543598,-0.79538976,-0.20005687,1.07749970,0.05610927
0.40919105,0.04913408,0.06345980,0.00550435,0.13357884,0.37389266,-0.16710946,0.72077554,-1.60726135,0.12385077,-0.13518972,-1.12622867,-0.16924734,0.92230434,-1.62871244,0.18455914,0.63439643,-1.52734358,0.34263732,0.00895848,0.00199114,0.29502779,0.41218074,0.17533868,-0.28168488,0.20468845,-0.18969060,-0.28461456,-0.16686411,0.19636021,-0.27485330,-0.23739646,-0.18955820,-0.25945140,1.66975088,0.02072010,0.00042348,0.02355278,-0.01799104,0.99956061,2.08797443,0.18111237,0.01334290,1.86748049,-0.17621360,0.01041323,1.51006112,0.22295794,0.02017449,1.42568669,-0.16017231,0.03557639,-0.29681150,1.34807782,0.18177838,-0.68108932,1.97564828,-2.68839436,0.25678610,-2.64752569,-0.76712488,-0.14422668,1.23336914,-0.01062356
0.40413520,0.04158449,0.04714563,0.00059720,0.01005423,0.32263524,-0.17215422,0.74760633,-1.60104191,0.11236362,-0.09301407,-1.17668681,-0.16586208,0.86477307,-1.64126525,0.18291054,0.66118015,-1.52891393,0.34263732,0.00895848,0.00199114,0.29561936,0.40364239,0.17224666,-0.28227080,0.19575754,-0.19133831,-0.28508568,-0.17498243,0.19602267,-0.27533697,-0.21884092,-0.18855631,-0.26018801,1.67804942,0.02133276,0.00034845,0.02376314,-0.01465068,0.99961020,2.08656638,0.18167610,0.01334856,1.86811543,-0.17566033,0.01053368,1.50888689,0.22239935,0.02028239,1.45377657,-0.16072910,0.03543135,-0.24269327,1.31558247,0.31727622,-0.54801112,2.06552382,-2.43022981,0.15817406,-2.83526373,-0.60489594,-0.07827580,1.32662818,-0.08603544
0.41752656,0.03677523,0.03326263,-0.00328914,-0.13338270,0.26565461,-0.17599795,0.77423701,-1.59263737,0.10351772,-0.05111811,-1.21820192,-0.16480591,0.80462812,-1.65187201,0.18152383,0.69167236,-1.53348384,0.34263732,0.00895848,0.00199114,0.29593300,0.39527983,0.16999698,-0.28278862,0.18725044,-0.19267711,-0.28528166,-0.18305536,0.19565282,-0.27564743,-0.19924846,-0.18804896,-0.26029817,1.68622675,0.02186207,0.00027178,0.02263999,-0.01198191,0.99967184,2.08546755,0.18233606,0.01314437,1.86880527,-0.17524775,0.01065134,1.50791342,0.22184619,0.02028556,1.48252833,-0.16135724,0.03563482,-0.18976659,1.36809855,0.44273486,-0.44314212,2.15547314,-2.08678021,0.03741493,-3.10753155,-0.53621529,-0.07134141,1.59494078,-0.25810950
0.37687466,0.02835579,0.01202771,-0.00570573,-0.26410684,0.18230371,-0.17855641,0.80096787,-1.58536661,0.09614408,-0.00963633,-1.25248706,-0.16708998,0.74163651,-1.65889752,0.18059455,0.72532797,-1.54118490,0.34263732,0.00895848,0.00199114,0.29591781,0.38729834,0.16821689,-0.28307715,0.17959908,-0.19358941,-0.28476393,-0.19083111,0.19529057,-0.27575988,-0.17877647,-0.18832908,-0.25969814,1.69399643,0.02229985,0.00020194,0.02014157,-0.01002326,0.99974687,2.08458960,0.18271776,0.01284066,1.86967802,-0.17485153,0.01115388,1.50711918,0.22137726,0.02015793,1.51147997,-0.16240698,0.03621967,-0.11640173,1.31247318,0.34078428,-0.35242426,2.02977633,-1.63199615,-0.13718008,-3.11047173,-0.31359756,-0.04108338,1.66946995,-0.39802578
0.35336273,0.01980571,-0.01043360,-0.00693103,-0.37606647,0.11038323,-0.17963124,0.82891678,-1.58427482,0.09123034,0.03045697,-1.27920427,-0.17158512,0.67499214,-1.65731843,0.18060715,0.76114751,-1.55173433,0.34263732,0.00895848,0.00199114,0.29548664,0.37989377,0.16713707,-0.28303852,0.17322268,-0.19388139,-0.28293721,-0.19805431,0.19505848,-0.27560295,-0.15790139,-0.18916366,-0.25892381,1.70113113,0.02257917,0.00014588,0.01638205,-0.00888510,0.99982632,2.08393524,0.18293842,0.01244812,1.87088082,-0.17435009,0.01254943,1.50657465,0.22112663,0.01988369,1.53989289,-0.16374842,0.03656283,-0.05131435,1.38651628,0.03913676,-0.23962136,1.98688426,-1.31594124,-0.22273752,-3.31025119,0.09456828,0.00253273,1.78034878,-0.52809861
0.33909027,0.01113629,-0.02866587,-0.00770794,-0.45357943,0.04075038,-0.17972924,0.85496901,-1.59262915,0.08850838,0.06902359,-1.30111427,-0.17596710,0.60750552,-1.64677217,0.18149312,0.79820117,-1.56461451,0.34263732,0.00895848,0.00199114,0.29477155,0.37296137,0.16666146,-0.28268928,0.16930524,-0.19362641,-0.27966810,-0.20482231,0.19495843,-0.27509381,-0.13758059,-0.19002358,-0.25843264,1.70779908,0.02269160,0.00010104,0.01194263,-0.00845568,0.99989293,2.08352568,0.18302172,0.01208227,1.87380550,-0.17377040,0.01510345,1.50630319,0.22108610,0.01967774,1.56702449,-0.16497805,0.03633891,-0.00349216,1.31187482,-0.45354048,-0.13415657,1.95866489,-1.10725431,-0.22309178,-3.43108783,0.55766463,0.04611189,1.88643551,-0.65967777
0.31457806,0.00552062,-0.04031868,-0.00792460,-0.46866189,-0.02570281,-0.17935619,0.87109767,-1.61190529,0.08761912,0.10661247,-1.32072558,-0.18088541,0.54064485,-1.62662871,0.18232342,0.83619412,-1.57937138,0.34263732,0.00895848,0.00199114,0.29387401,0.36631743,0.16667361,-0.28198192,0.17025963,-0.19297863,-0.27505372,-0.21129334,0.19473698,-0.27431129,-0.11828301,-0.19114116,-0.25832814,1.71422064,0.02269891,0.00006181,0.00717652,-0.00866540,0.99993670,2.08337162,0.18299899,0.01189210,1.88111026,-0.17320144,0.01882029,1.50633395,0.22106849,0.01956273,1.59264281,-0.16636362,0.03554588,0.01923301,0.72554135,-0.98144443,-0.03615100,1.83977587,-0.95613419,-0.24577571,-3.27414327,1.02907207,0.03756179,1.86676755,-0.73040369
0.32555472,0.00275776,-0.05370545,-0.00890285,-0.49390477,-0.07566297,-0.17947755,0.86457664,-1.62903733,0.08791126,0.14338885,-1.33926892,-0.18643915,0.47476393,-1.59728258,0.18253895,0.87502195,-1.59487712,0.34263732,0.00895848,0.00199114,0.29281665,0.35983830,0.16698823,-0.28101423,0.17748169,-0.19258586,-0.27105280,-0.21775548,0.19426753,-0.27338132,-0.10003026,-0.19256580,-0.25863511,1.72054470,0.02264191,0.00002176,0.00237086,-0.00935441,0.99995344,2.08344405,0.18286905,0.01180242,1.89439242,-0.17323058,0.02176385,1.50646169,0.22094922,0.01943533,1.61692941,-0.16801881,0.03418155,-0.01276447,-0.51224017,-0.81704569,0.01969659,1.88710845,-0.94851249,-0.28759546,-3.38388162,1.56510918,0.00784472,2.00278497,-0.79844308
0.31257000,-0.00414310,-0.05623543,-0.00891033,-0.45754368,-0.05848647,-0.18160674,0.82770509,-1.62617230,0.08814164,0.17945604,-1.35735607,-0.19151804,0.41114905,-1.56171668,0.18344384,0.91352785,-1.60883009,0.34263732,0.00895848,0.00199114,0.29170281,0.35345215,0.16725672,-0.27995805,0.19037241,-0.19330156,-0.26979963,-0.22431307,0.19397123,-0.27238192,-0.08285977,-0.19396034,-0.25919624,1.72691274,0.02245282,-0.00002313,-0.00231697,-0.00998428,0.99994747,2.08363414,0.18261860,0.01174476,1.91338742,-0.17461148,0.02190317,1.50651753,0.22086437,0.01932089,1.64019656,-0.16981433,0.03250657,-0.12115958,-2.02649474,0.30771422,0.00861638,1.76362157,-0.88478529,-0.24353580,-3.09929228,1.78011715,0.05255990,1.88247931,-0.66858876
0.32091762,-0.01376098,-0.06133157,-0.00978295,-0.48649541,-0.00243742,-0.18300471,0.76961800,-1.60475855,0.08831088,0.21619164,-1.37504196,-0.19655527,0.35431714,-1.52570963,0.18702732,0.95168222,-1.62074142,0.34263732,0.00895848,0.00199114,0.29056300,0.34693805,0.16749611,-0.27878620,0.20703453,-0.19424745,-0.27057842,-0.23086705,0.19437872,-0.27120202,-0.06733084,-0.19534414,-0.25945986,1.73338592,0.02204989,-0.00007199,-0.00719625,-0.01002267,0.99992387,2.08361170,0.18255802,0.01177680,1.93648520,-0.17630851,0.01998458,1.50646155,0.22101726,0.01936097,1.66215296,-0.17190536,0.03110314,-0.06106061,-2.88842826,1.07051294,0.00865992,1.82586887,-0.87495633,-0.24950912,-2.80061655,1.77822273,0.18131173,1.89674683,-0.59110434
0.33224452,-0.01871660,-0.07040176,-0.01114142,-0.56349148,0.03178851,-0.18048314,0.71083335,-1.58048234,0.08846734,0.25429362,-1.39113045,-0.20076449,0.31021371,-1.49579930,0.19195455,0.99185268,-1.63278904,0.34263732,0.00895848,0.00199114,0.28934863,0.34023502,0.16774937,-0.27754629,0.22416622,-0.19407463,-0.27113270,-0.23753507,0.19504046,-0.26988325,-0.05444603,-0.19648550,-0.25957164,1.73993967,0.02155582,-0.00012309,-0.01270559,-0.00972037,0.99987203,2.08337166,0.18265884,0.01180234,1.96029043,-0.17684024,0.01821593,1.50624135,0.22117743,0.01946537,1.68168397,-0.17383404,0.02977699,0.13369886,-2.97841134,1.23361003,0.00705108,1.94063733,-0.81427916,-0.20902576,-2.20378175,1.50013182,0.25059691,2.04958467,-0.61405737
0.32380748,-0.02042371,-0.07422420,-0.01133478,-0.60115522,0.06892519,-0.17706454,0.65607866,-1.55589156,0.08805946,0.29358956,-1.40605597,-0.20255171,0.28582036,-1.47730043,0.19699529,1.03442330,-1.64488888,0.34263732,0.00895848,0.00199114,0.28808489,0.33339582,0.16784391,-0.27622192,0.24066190,-0.19354810,-0.27074739,-0.24445018,0.19560426,-0.26857054,-0.04584539,-0.19702218,-0.26012149,1.74658110,0.02102253,-0.00016945,-0.01879982,-0.00906058,0.99978220,2.08296411,0.18279653,0.01186297,1.98369567,-0.17685545,0.01733751,1.50571613,0.22102500,0.01951436,1.69717247,-0.17513640,0.02796341,0.16293876,-2.67223382,1.21103871,-0.02329700,1.93095441,-0.72995631,-0.07628413,-1.09906644,0.84672811,0.24818653,2.09407516,-0.59033978
0.34228471,-0.02380604,-0.08092991,-0.01103830,-0.65956781,0.15654380,-0.17460168,0.60057551,-1.52712765,0.08645420,0.33399083,-1.42108922,-0.20126354,0.28568318,-1.47606905,0.20308441,1.07784033,-1.65559621,0.34263732,0.00895848,0.00199114,0.28684350,0.32639251,0.16756695,-0.27482321,0.25726276,-0.19328426,-0.26977850,-0.25156665,0.19634442,-0.26722429,-0.04255779,-0.19673601,-0.26111501,1.75328839,0.02045935,-0.00019159,-0.02518442,-0.00765230,0.99965352,2.08220794,0.18300989,0.01202029,2.00756199,-0.17674071,0.01706499,1.50475707,0.22063202,0.01961920,1.70772374,-0.17560208,0.02572848,0.12144349,-2.87833171,1.52021325,-0.09211413,2.08639989,-0.77685603,0.08748199,0.15169924,-0.05948087,0.32374568,2.23584514,-0.53889225
0.32226328,-0.02093470,-0.07635147,-0.00767083,-0.61074821,0.25802949,-0.17258595,0.54011410,-1.49005318,0.08316392,0.37529799,-1.43729305,-0.19808766,0.30670640,-1.49304450,0.21079002,1.12021232,-1.66357899,0.34263732,0.00895848,0.00199114,0.28568789,0.31916420,0.16675099,-0.27343427,0.27456556,-0.19323182,-0.26890528,-0.25881801,0.19744229,-0.26580743,-0.04388071,-0.19581499,-0.26189658,1.75995374,0.01995125,-0.00016299,-0.03144687,-0.00518031,0.99949199,2.08082926,0.18338496,0.01225362,2.03250158,-0.17611623,0.01678261,1.50319624,0.22006574,0.01988046,1.71404564,-0.17539836,0.02379131,0.09679180,-3.00282574,1.88119960,-0.17359020,2.03066516,-0.80441022,0.16477440,1.16744459,-0.95602340,0.38898078,2.06630349,-0.37003264
0.34109479,-0.01512384,-0.07975911,-0.00347111,-0.48422334,0.31104902,-0.17138939,0.47598550,-1.44761765,0.07931221,0.41582046,-1.45599711,-0.19824032,0.34382151,-1.52425287,0.21904734,1.15704896,-1.66555033,0.34263732,0.00895848,0.00199114,0.28458018,0.31170434,0.16567147,-0.27215281,0.29199158,-0.19335758,-0.26802731,-0.26618214,0.19874405,-0.26450040,-0.04931809,-0.19558622,-0.26152998,1.76691017,0.01961500,-0.00007289,-0.03640632,-0.00202930,0.99933501,2.07928479,0.18401916,0.01242737,2.05811405,-0.17492686,0.01655286,1.50153739,0.21943848,0.02007977,1.71679814,-0.17576931,0.02305019,0.05843260,-3.18581886,2.10342093,-0.18894572,2.00532918,-0.93199456,-0.01220448,1.85881867,-1.56049976,0.40712441,1.81328344,-0.08341950
0.36593949,-0.01381376,-0.07475026,-0.00065827,-0.23166051,0.22606525,-0.17018939,0.40976892,-1.40739706,0.07704666,0.45261909,-1.47674096,-0.19978431,0.38631035,-1.55812209,0.22512581,1.18506453,-1.65942717,0.34263732,0.00895848,0.00199114,0.28365914,0.30417724,0.16497851,-0.27122906,0.30916529,-0.19325089,-0.26693794,-0.27383585,0.19976809,-0.26352234,-0.05731449,-0.19567665,-0.26073526,1.77418804,0.01934645,0.00001055,-0.03882721,0.00026826,0.99924590,2.07827666,0.18448825,0.01243008,2.08345704,-0.17373842,0.01672120,1.50024498,0.21896749,0.02013680,1.71697862,-0.17636095,0.02292388,0.06401453,-3.37508583,2.03641357,-0.10946831,1.86008611,-1.05988142,-0.07528317,2.15197992,-1.70794568,0.30015612,1.40099220,0.33124718
0.36063112,-0.01104349,-0.05462864,-0.00032095,0.12042977,0.02963500,-0.16715933,0.33915914,-1.37013659,0.07731706,0.48446122,-1.50004141,-0.20012857,0.42137548,-1.58273067,0.22719440,1.20219612,-1.64586070,0.34263732,0.00895848,0.00199114,0.28307379,0.29657438,0.16494537,-0.27078659,0.32635203,-0.19229053,-0.26608783,-0.28157201,0.20016262,-0.26276096,-0.06559323,-0.19558617,-0.26030131,1.78160582,0.01912492,0.00002821,-0.03789953,0.00073987,0.99928128,2.07793562,0.18450928,0.01228720,2.10824223,-0.17268214,0.01698597,1.49973772,0.21887037,0.02031284,1.71630228,-0.17655816,0.02277249,0.15912546,-3.48598666,1.81991904,0.02395651,1.54038868,-1.15519691,-0.01308988,1.66803095,-1.15137655,0.08419787,0.79170954,0.68916849
0.37777459,-0.00251727,-0.03574468,-0.00008321,0.45124108,-0.14158932,-0.16225241,0.26101195,-1.32846618,0.07951684,0.51200956,-1.52584336,-0.19991510,0.44632987,-1.59563990,0.22584216,1.20915651,-1.62904165,0.34263732,0.00895848,0.00199114,0.28283670,0.28885179,0.16539279,-0.27080598,0.34383920,-0.19057951,-0.26632384,-0.28873839,0.20000458,-0.26175472,-0.07353229,-0.19555410,-0.26030981,1.78898649,0.01904636,-0.00001467,-0.03386360,-0.00045841,0.99942636,2.07798989,0.18417410,0.01203072,2.13265071,-0.17184850,0.01651286,1.50043170,0.21931575,0.02108198,1.71527483,-0.17644020,0.02252689,0.26134579,-4.07760167,2.20083578,0.12246472,1.39363346,-1.34098630,0.01287986,1.23010523,-0.59720067,-0.08797614,0.30015670,0.87439657
0.35388298,0.01172624,-0.01398270,0.00201986,0.60499582,-0.22170674,-0.15713570,0.17697033,-1.28184915,0.08228534,0.53663683,-1.55241072,-0.19984588,0.46442091,-1.59917998,0.22157598,1.21043098,-1.61315107,0.34263732,0.00895848,0.00199114,0.28291157,0.28110387,0.16594851,-0.27118741,0.36165717,-0.18860943,-0.26688628,-0.29516974,0.19923689,-0.26033187,-0.08130443,-0.19576381,-0.26080502,1.79623318,0.01921007,-0.00007291,-0.02791662,-0.00261055,0.99960684,2.07819998,0.18368808,0.01172416,2.15690029,-0.17128576,0.01602529,1.50210810,0.21998595,0.02257970,1.71390736,-0.17612640,0.02210655,0.24897209,-4.15288830,2.30874014,0.13717964,1.18937910,-1.30407238,0.00113775,0.84366691,-0.11156587,-0.22952783,0.03255115,0.76597571
0.35192773,0.02455320,0.00528441,0.00525618,0.65098253,-0.22714133,-0.15371413,0.08907194,-1.22763972,0.08405535,0.56047821,-1.57809174,-0.20103576,0.47784190,-1.59596548,0.21445000,1.20918524,-1.59894402,0.34263732,0.00895848,0.00199114,0.28330930,0.27326851,0.16620763,-0.27183275,0.37962145,-0.18701225,-0.26717081,-0.30091025,0.19777812,-0.25889963,-0.08871728,-0.19644401,-0.26156245,1.80332053,0.01963261,-0.00010363,-0.02136045,-0.00491699,0.99975974,2.07821066,0.18314428,0.01147655,2.18108413,-0.17110461,0.01613849,1.50437021,0.22036096,0.02440967,1.71267529,-0.17592926,0.02174685,0.16573178,-4.35857563,2.69534979,0.08532353,1.18392560,-1.27275813,-0.05853040,0.66583256,0.16130489,-0.35404972,-0.06441018,0.70216308
0.35360210,0.02625406,0.02555573,0.00810396,0.66743611,-0.16568665,-0.15232931,0.00709219,-1.17432609,0.08465680,0.58451819,-1.60263631,-0.20162975,0.49145951,-1.59207783,0.20788672,1.20603545,-1.58781245,0.34263732,0.00895848,0.00199114,0.28400534,0.26534756,0.16613520,-0.27258839,0.39585056,-0.18589681,-0.26705045,-0.30555074,0.19642243,-0.25719647,-0.09631484,-0.19699465,-0.26235062,1.81027324,0.02006361,-0.00009632,-0.01479915,-0.00659016,0.99986876,2.07778766,0.18268669,0.01141695,2.20363901,-0.17103495,0.01695489,1.50733819,0.22049659,0.02680887,1.71137009,-0.17564435,0.02165472,0.06685999,-4.13463488,2.68939714,0.02909849,1.22227886,-1.24496119,-0.02709079,0.69500307,0.19762725,-0.32816463,-0.16736913,0.55081095
0.31976537,0.01521243,0.04397190,0.00924240,0.64184580,-0.06275823,-0.15213164,-0.05878794,-1.12719066,0.08495165,0.60830145,-1.62530370,-0.20129253,0.50541744,-1.58743296,0.20163707,1.19724839,-1.58450840,0.34263732,0.00895848,0.00199114,0.28498402,0.25739426,0.16599154,-0.27344382,0.40781007,-0.18522942,-0.26801036,-0.30709939,0.19512814,-0.25535973,-0.10414799,-0.19732785,-0.26324202,1.81683328,0.02030148,-0.00005995,-0.00824993,-0.00730944,0.99993925,2.07662666,0.18251244,0.01154021,2.22189190,-0.17086991,0.01697366,1.51261928,0.21989825,0.02962429,1.70981169,-0.17548274,0.02174201,0.00683525,-3.15694036,2.30419059,0.01511547,1.16417263,-1.10092156,0.01798465,0.68154049,0.23533595,-0.31713789,-0.46833820,0.12292580
0.28996562,-0.00048464,0.06917464,0.00979679,0.65682587,-0.01628385,-0.15184107,-0.10834074,-1.08596461,0.08567621,0.63152690,-1.64492555,-0.20015658,0.51917753,-1.58173761,0.18857123,1.17669394,-1.58765886,0.34263732,0.00895848,0.00199114,0.28630341,0.24942542,0.16600210,-0.27444417,0.41550940,-0.18477223,-0.27073976,-0.30404254,0.19223353,-0.25535457,-0.11203860,-0.19746949,-0.26423864,1.82258265,0.02024617,-0.00001372,-0.00184117,-0.00749733,0.99997020,2.07446911,0.18248965,0.01185923,2.23527482,-0.17073555,0.01556365,1.52145669,0.21701699,0.03094884,1.70759573,-0.17552118,0.02206477,0.01919186,-2.45196838,2.06391759,0.04128802,1.19115760,-0.98786032,0.06564141,0.70906346,0.29612674,-0.73555440,-1.14543678,-0.18942846
0.26045507,-0.01583490,0.08438377,0.00890735,0.57447470,-0.05523686,-0.14944449,-0.14521894,-1.05392504,0.08735166,0.65404683,-1.65994358,-0.19719142,0.53398311,-1.57624316,0.16977254,1.14490843,-1.59446979,0.34263732,0.00895848,0.00199114,0.28793910,0.24146697,0.16633094,-0.27564673,0.42044753,-0.18383193,-0.27413659,-0.29692892,0.18790699,-0.25724782,-0.12005488,-0.19711323,-0.26543694,1.82792819,0.01988191,0.00003274,0.00409964,-0.00798659,0.99995970,2.07202113,0.18233472,0.01229237,2.24538577,-0.17064230,0.01380251,1.53403854,0.21250771,0.03069128,1.70474017,-0.17528856,0.02250216,0.13624394,-1.72729075,1.50628638,0.08967737,1.09889925,-0.70085943,0.16009632,0.73564750,0.26604006,-0.94968778,-1.62933850,-0.35763487
0.28735657,-0.02784509,0.09515774,0.00840196,0.48332542,-0.16358554,-0.14375376,-0.16299795,-1.03969822,0.09084475,0.67652943,-1.66837850,-0.19354754,0.55040138,-1.57083285,0.15623162,1.10909514,-1.60655301,0.34263732,0.00895848,0.00199114,0.28975322,0.23337710,0.16724982,-0.27703633,0.42175666,-0.18210437,-0.27782839,-0.28716589,0.18471159,-0.25861719,-0.12809284,-0.19655496,-0.26682537,1.83371053,0.01921734,0.00008755,0.00901166,-0.00958996,0.99991340,2.07025251,0.18196027,0.01271690,2.25189688,-0.17094274,0.01192483,1.55014019,0.20940274,0.03113603,1.70187137,-0.17484467,0.02292786,0.28660219,-0.83433265,0.64958093,0.17633494,1.11783059,-0.40845316,0.17940832,0.81825027,0.26772003,-0.66314673,-1.78319640,-0.60018405
0.33543325,-0.03595635,0.09611550,0.00792027,0.37259462,-0.27731103,-0.13569303,-0.15408246,-1.05789099,0.09561124,0.70019042,-1.67151499,-0.19058999,0.56895022,-1.56617606,0.14667098,1.06869001,-1.61815712,0.34263732,0.00895848,0.00199114,0.29148310,0.22499109,0.16859399,-0.27844901,0.41851387,-0.17970727,-0.28046386,-0.27558914,0.18247553,-0.26016619,-0.13611941,-0.19614776,-0.26819521,1.84029493,0.01835423,0.00015794,0.01273260,-0.01227893,0.99984353,2.06935849,0.18137205,0.01303409,2.25426934,-0.17157669,0.01101924,1.56927013,0.20754264,0.03131692,1.69939959,-0.17439155,0.02328789,0.41596026,0.51723906,-1.00851693,0.24338042,1.20664747,-0.14885479,0.14942250,0.94988513,0.23332852,-0.48213944,-2.07385545,-0.58490349
0.36017544,-0.03488549,0.08527953,0.00602341,0.22342387,-0.30497600,-0.12581518,-0.12298577,-1.10221775,0.10028620,0.72515199,-1.67030878,-0.18803997,0.59043636,-1.56322126,0.13945918,1.01982481,-1.62932978,0.34263732,0.00895848,0.00199114,0.29301702,0.21641203,0.16997561,-0.27981009,0.41159175,-0.17681489,-0.28187142,-0.26100175,0.18081921,-0.26224743,-0.14417197,-0.19579708,-0.26951559,1.84761550,0.01741336,0.00023391,0.01512870,-0.01539626,0.99976698,2.06915886,0.18064453,0.01320693,2.25356753,-0.17199156,0.01114561,1.59230537,0.20618369,0.03076960,1.69748285,-0.17385148,0.02350144,0.48723201,1.58472354,-2.22411842,0.22588651,1.22823288,0.07546228,0.12344735,1.06596313,0.13678634,-0.34056918,-2.43167858,-0.55638900
0.39792615,-0.02686777,0.08014626,0.00280003,0.08678574,-0.25333226,-0.11746434,-0.08483837,-1.14644978,0.10379597,0.75108244,-1.66572242,-0.18607855,0.61508863,-1.56236501,0.13526191,0.96405232,-1.64301543,0.34263732,0.00895848,0.00199114,0.29434854,0.20784238,0.17108427,-0.28104892,0.40335717,-0.17452050,-0.28317505,-0.24327379,0.17983887,-0.26392856,-0.15220981,-0.19553807,-0.27072889,1.85533760,0.01658916,0.00029024,0.01614189,-0.01796552,0.99970826,2.06919281,0.18009520,0.01329963,2.25216382,-0.17231124,0.01117350,1.61868248,0.20505272,0.03041998,1.69620039,-0.17335377,0.02361965,0.40957921,1.97331092,-2.21796093,0.17148609,1.34013669,0.25496763,0.09621188,1.28947597,0.02998990,-0.19735658,-2.90595980,-0.72232690
0.38101948,-0.01598656,0.06379908,-0.00217236,-0.05728599,-0.14044601,-0.11241192,-0.04626907,-1.18176460,0.10581832,0.77752930,-1.65885592,-0.18486881,0.64308155,-1.56390834,0.13312750,0.90432060,-1.65712476,0.34263732,0.00895848,0.00199114,0.29544073,0.19953432,0.17180960,-0.28202437,0.39509342,-0.17329533,-0.28444488,-0.22365613,0.17926612,-0.26498894,-0.16020374,-0.19539907,-0.27178372,1.86312950,0.01593482,0.00030806,0.01575693,-0.01954483,0.99968476,2.06922686,0.17981392,0.01341636,2.25114739,-0.17267111,0.01099586,1.64665127,0.20380600,0.03045179,1.69541061,-0.17305304,0.02365701,0.22432733,1.89041376,-1.66977847,0.08862553,1.29904103,0.35054541,0.05403950,1.39579344,-0.09292013,-0.09270626,-2.95114493,-0.68782353
0.37579442,-0.01441498,0.04808196,-0.00770010,-0.19085251,-0.07746918,-0.10918027,-0.00667215,-1.21085379,0.10750296,0.80331346,-1.65091558,-0.18425473,0.67403984,-1.56824064,0.13279676,0.84253091,-1.66847627,0.34263732,0.00895848,0.00199114,0.29620935,0.19203234,0.17244089,-0.28236531,0.38689579,-0.17266586,-0.28540524,-0.20322639,0.17903572,-0.26536827,-0.16789416,-0.19530499,-0.27265154,1.87071824,0.01533520,0.00028212,0.01387302,-0.02034023,0.99969682,2.06960585,0.17982227,0.01384404,2.25027049,-0.17292512,0.01080412,1.67494249,0.20248918,0.03084108,1.69501882,-0.17297890,0.02355781,0.15863432,1.96529179,-1.43437924,0.08492934,1.27757351,0.39335409,0.02995542,1.54014564,-0.21940153,-0.01368366,-3.06876898,-0.55700364
0.36892197,-0.01298514,0.03292604,-0.01204756,-0.29114235,-0.03867982,-0.10693120,0.03241788,-1.23489835,0.10988150,0.82770373,-1.64417682,-0.18401777,0.70673852,-1.57474079,0.13378969,0.77918133,-1.67540858,0.34263732,0.00895848,0.00199114,0.29670755,0.18558962,0.17322117,-0.28190614,0.37898428,-0.17235620,-0.28614996,-0.18263960,0.17909122,-0.26520445,-0.17525862,-0.19521440,-0.27330563,1.87798448,0.01477413,0.00022888,0.01103742,-0.02073888,0.99972397,2.07059815,0.18014962,0.01480142,2.24949486,-0.17315079,0.01055759,1.70292916,0.20128559,0.03150310,1.69478083,-0.17300411,0.02340192,0.11200314,1.98398647,-1.21172113,0.12241908,1.23600295,0.33544905,0.01066571,1.66566525,-0.33429753,0.05258722,-3.22805386,-0.33716557
0.33801340,-0.00572753,0.01843556,-0.01339628,-0.32156464,0.00932195,-0.10595165,0.06932022,-1.25454772,0.11314356,0.84821604,-1.64122674,-0.18450041,0.74000142,-1.58231449,0.13543181,0.71252224,-1.67407269,0.34263732,0.00895848,0.00199114,0.29699103,0.18104471,0.17416633,-0.28053016,0.37159728,-0.17240529,-0.28664887,-0.16211192,0.17933260,-0.26497214,-0.18235738,-0.19524643,-0.27368574,1.88490164,0.01435526,0.00016093,0.00776939,-0.02068878,0.99975576,2.07299662,0.18088267,0.01646086,2.24904840,-0.17327540,0.01034216,1.73034749,0.20024089,0.03201889,1.69462304,-0.17317991,0.02330528,0.04142926,1.79745464,-0.94751886,0.16499310,0.97839966,0.12536189,-0.02730296,1.62946608,-0.37264261,0.08171867,-3.28471012,0.10864595
0.33656474,0.00133030,0.00592927,-0.01364586,-0.33384159,0.07120835,-0.10661321,0.10375132,-1.27161987,0.11786808,0.85905412,-1.64175637,-0.18526636,0.77273328,-1.59005175,0.13746204,0.64223862,-1.66188321,0.34263732,0.00895848,0.00199114,0.29707448,0.17981263,0.17545614,-0.27853006,0.36471032,-0.17288892,-0.28682671,-0.14191614,0.17974960,-0.26500585,-0.18922446,-0.19530242,-0.27384025,1.89148033,0.01410115,0.00009079,0.00450813,-0.02007158,0.99978838,2.07819009,0.18219905,0.01854442,2.24895780,-0.17328629,0.01024777,1.75689287,0.19940179,0.03206864,1.69456978,-0.17344929,0.02323423,-0.04473997,1.75785160,-0.86793438,0.25357960,0.48163548,-0.04398332,-0.03844920,1.68007290,-0.39848928,0.10740230,-3.63826933,0.69855201
0.30478488,0.00360990,-0.00857144,-0.01169542,-0.30110025,0.12471169,-0.10854211,0.13694924,-1.28827405,0.12424987,0.85792589,-1.64678276,-0.18549448,0.80499095,-1.59843099,0.14049914,0.56933093,-1.63823330,0.34263732,0.00895848,0.00199114,0.29691747,0.18262450,0.17712869,-0.27584553,0.35804752,-0.17369362,-0.28666934,-0.12223943,0.18053175,-0.26537841,-0.19588854,-0.19514404,-0.27377141,1.89773953,0.01393131,0.00002663,0.00141021,-0.01888021,0.99982076,2.08692110,0.18403897,0.02107194,2.24897420,-0.17315611,0.01024813,1.78240299,0.19894935,0.03153906,1.69462323,-0.17367808,0.02314606,-0.10222854,1.62163103,-0.81707448,0.32445568,-0.13875259,-0.28304490,-0.00634264,1.57867801,-0.41693097,0.15745793,-3.59041882,1.24004304
0.29590088,0.00556198,-0.02415562,-0.01092325,-0.30434606,0.15671371,-0.11159272,0.17025161,-1.30510893,0.13349033,0.84299686,-1.65872853,-0.18657303,0.83713753,-1.60801349,0.14595595,0.49552876,-1.60266719,0.34263732,0.00895848,0.00199114,0.29645981,0.19036840,0.17943681,-0.27174858,0.35133746,-0.17480043,-0.28619361,-0.10327249,0.18208940,-0.26601428,-0.20228481,-0.19513796,-0.27322918,1.90371132,0.01383319,-0.00002801,-0.00165148,-0.01730406,0.99984891,2.10017476,0.18657522,0.02471123,2.24878976,-0.17301989,0.01026620,1.80680151,0.19938707,0.03044552,1.69479530,-0.17418825,0.02323063,-0.15297752,1.65375073,-0.83519076,0.46161880,-0.77138751,-0.58598662,-0.05652276,1.59696641,-0.47678630,0.27695098,-3.65852356,1.78038492
0.29050043,0.00921285,-0.03807297,-0.01080738,-0.33080613,0.15563331,-0.11525795,0.20399732,-1.32175632,0.14289666,0.81138062,-1.66374581,-0.18901017,0.87033987,-1.61802168,0.15490071,0.42558604,-1.55966063,0.34263732,0.00895848,0.00199114,0.29577459,0.20191532,0.18187715,-0.26830741,0.34457330,-0.17607717,-0.28545431,-0.08569813,0.18468523,-0.26671635,-0.20875788,-0.19543790,-0.27235337,1.90944595,0.01383043,-0.00007637,-0.00489430,-0.01576163,0.99986380,2.11699367,0.18925290,0.02746718,2.24829814,-0.17302011,0.01032028,1.82961164,0.20112508,0.02905824,1.69463165,-0.17493037,0.02342122,-0.18644519,1.71705406,-0.84628283,0.47044271,-1.64668720,-0.22136629,-0.12550924,1.69250278,-0.50871967,0.46376195,-3.54017096,2.19958067
0.25946242,0.00901395,-0.04405009,-0.01027773,-0.34330230,0.09681395,-0.11862585,0.23811076,-1.33825705,0.14780017,0.76611391,-1.65592449,-0.19226505,0.90489645,-1.62749639,0.16745751,0.36554769,-1.51378706,0.34263732,0.00895848,0.00199114,0.29496971,0.21571985,0.18330655,-0.26674819,0.33781612,-0.17725635,-0.28450892,-0.07078411,0.18837794,-0.26750902,-0.21550653,-0.19590875,-0.27137265,1.91480007,0.01386061,-0.00012279,-0.00837689,-0.01470782,0.99985674,2.13581827,0.19074277,0.02822152,2.24725630,-0.17325540,0.01046080,1.84958744,0.20423905,0.02746069,1.69362442,-0.17562458,0.02359707,-0.16208097,1.67381420,-0.80832589,0.21577495,-2.25739036,0.42606241,-0.16372588,1.69761808,-0.45989399,0.62915504,-2.88771310,2.24638815
0.23009686,0.00108802,-0.04835069,-0.01163514,-0.40112004,-0.01234354,-0.12112350,0.27290088,-1.35450966,0.14838494,0.71552297,-1.64160650,-0.19725827,0.94017160,-1.63598433,0.18261378,0.32255441,-1.47425573,0.34263732,0.00895848,0.00199114,0.29413992,0.23048977,0.18363643,-0.26587818,0.33103474,-0.17817581,-0.28341847,-0.05981307,0.19283738,-0.26806359,-0.22235356,-0.19679710,-0.27026404,1.91940470,0.01377255,-0.00017953,-0.01221916,-0.01467836,0.99981759,2.15518591,0.19056364,0.02826174,2.24506629,-0.17404424,0.01072145,1.86527829,0.20828268,0.02607633,1.69136984,-0.17641238,0.02387589,-0.12234589,1.79634590,-0.83439519,0.01013283,-2.61943030,0.76061237,-0.27148244,1.81943138,-0.43111721,0.79344366,-2.08715358,1.96735497
0.21555642,0.00172258,-0.05098075,-0.01401959,-0.45732506,-0.13882232,-0.12234005,0.30885389,-1.37009537,0.14763309,0.66443205,-1.62360084,-0.20451128,0.97687483,-1.64434981,0.19750981,0.30429479,-1.45106220,0.34263732,0.00895848,0.00199114,0.29325831,0.24546364,0.18361833,-0.26470697,0.32424125,-0.17872906,-0.28215730,-0.05411089,0.19721634,-0.26842164,-0.22918499,-0.19819179,-0.26895785,1.92381835,0.01366086,-0.00026687,-0.01676898,-0.01591011,0.99973276,2.17500055,0.18937539,0.02855134,2.24220812,-0.17529526,0.01110101,1.87601042,0.21249917,0.02483667,1.68844283,-0.17713775,0.02430046,-0.04983518,1.77127993,-0.75841647,-0.04108601,-2.50247622,0.90826952,-0.37125978,1.81149030,-0.41143331,0.72171664,-0.70847481,1.00669432
0.25366102,0.01193400,-0.05705907,-0.01810643,-0.52557114,-0.23666768,-0.12184942,0.34610192,-1.38479829,0.14677289,0.61259336,-1.59999731,-0.21345101,1.01517739,-1.65206344,0.20589640,0.31763850,-1.45182848,0.34263732,0.00895848,0.00199114,0.29233536,0.26057769,0.18360348,-0.26320782,0.31739382,-0.17877426,-0.28079903,-0.05506983,0.19976588,-0.26940311,-0.23610855,-0.19989455,-0.26759632,1.92894840,0.01370725,-0.00040485,-0.02206401,-0.01826471,0.99958962,2.19605958,0.18766871,0.02912753,2.23959935,-0.17654275,0.01153633,1.88121321,0.21535160,0.02293225,1.68569489,-0.17742832,0.02473904,0.02643795,1.84934340,-0.72959269,-0.04200892,-2.57990298,1.18376677,-0.44538242,1.89988358,-0.37777642,0.40325691,0.70359552,-0.07954003
0.30142568,0.02261104,-0.06316536,-0.01965445,-0.50011394,-0.31351438,-0.12037443,0.38320403,-1.39987116,0.14668540,0.55617983,-1.56959150,-0.22310934,1.05165877,-1.65620134,0.20841860,0.35037348,-1.47384782,0.34263732,0.00895848,0.00199114,0.29141499,0.27628991,0.18385442,-0.26182139,0.31045339,-0.17847895,-0.27953689,-0.05996917,0.20039250,-0.26973046,-0.24322628,-0.20177148,-0.26635379,1.93491278,0.01389133,-0.00057899,-0.02703218,-0.02131527,0.99940712,2.21879032,0.18579858,0.02959359,2.23747418,-0.17766191,0.01187810,1.88354213,0.21665847,0.02168453,1.68330488,-0.17732640,0.02506119,0.07639724,1.88380108,-0.76997730,-0.00041385,-2.88376098,1.56258647,-0.49171676,1.84445617,-0.19765137,0.12176479,1.69141181,-1.16067443
0.32539800,0.03235285,-0.06157875,-0.01334342,-0.29814710,-0.33624412,-0.11883703,0.41845103,-1.41727619,0.14836323,0.49341452,-1.53384545,-0.23263643,1.08137429,-1.65345204,0.20897816,0.39031146,-1.50694621,0.34263732,0.00895848,0.00199114,0.29055287,0.29259978,0.18457765,-0.26065200,0.30337412,-0.17805806,-0.27853312,-0.06686833,0.20017614,-0.26881631,-0.25047573,-0.20378310,-0.26532092,1.94158561,0.01420543,-0.00075096,-0.03028355,-0.02473684,0.99923492,2.24296010,0.18407881,0.02990088,2.23577759,-0.17864582,0.01201975,1.88470414,0.21744509,0.02173657,1.68133328,-0.17693421,0.02523195,0.07257154,1.71731701,-0.86767386,0.08961979,-3.10284195,1.76470408,-0.46446006,1.41716139,0.17080025,0.02420983,1.96293061,-1.63061190
0.37013531,0.04957445,-0.05540839,0.00143257,0.01845607,-0.28623064,-0.11911854,0.45063916,-1.43846955,0.15053684,0.42471650,-1.49755547,-0.24099308,1.10036438,-1.64156744,0.20765246,0.42705299,-1.53520520,0.34263732,0.00895848,0.00199114,0.28988634,0.30920380,0.18526352,-0.25969928,0.29596675,-0.17803697,-0.27789569,-0.07478542,0.19951826,-0.26808990,-0.25787384,-0.20584644,-0.26446877,1.94881041,0.01473503,-0.00084385,-0.03052089,-0.02763183,0.99915176,2.26778080,0.18262621,0.03018705,2.23448498,-0.17938740,0.01199064,1.88516634,0.21808160,0.02179644,1.67995393,-0.17654453,0.02541757,-0.03141059,1.63479090,-1.11632096,0.10904976,-3.57198629,1.85986295,-0.42008611,0.90355237,0.67192942,-0.08540626,1.85001857,-1.39197140
0.37009442,0.05823223,-0.03698650,0.02090760,0.36410462,-0.13973979,-0.12230957,0.47866148,-1.46310782,0.15155117,0.34976500,-1.46201897,-0.24665609,1.10849571,-1.62264764,0.20348527,0.45538747,-1.55344582,0.34263732,0.00895848,0.00199114,0.28950298,0.32604423,0.18534937,-0.25917837,0.28830584,-0.17873220,-0.27764758,-0.08293328,0.19828595,-0.26795897,-0.26529485,-0.20758771,-0.26353373,1.95640182,0.01545429,-0.00079936,-0.02729903,-0.02925830,0.99919872,2.29273283,0.18140815,0.03032461,2.23375547,-0.17984141,0.01185539,1.88521302,0.21825321,0.02154401,1.67941487,-0.17625445,0.02596925,-0.17742725,1.34255779,-1.23020470,0.03961342,-3.71937513,1.73815548,-0.25565043,0.32497153,0.96964830,-0.22450000,1.32478499,-0.82372212
0.38178934,0.05039395,-0.01754408,0.03649314,0.61636764,-0.02482125,-0.12694705,0.50291660,-1.49039552,0.15159136,0.26638052,-1.41837864,-0.24790743,1.10878041,-1.60265043,0.19899151,0.47474399,-1.56130748,0.34263732,0.00895848,0.00199114,0.28946220,0.34322572,0.18500424,-0.25999759,0.28051587,-0.17971116,-0.27778405,-0.09100181,0.19716468,-0.26810215,-0.27226076,-0.20839695,-0.26215704,1.96414664,0.01602476,-0.00062519,-0.02113262,-0.02954881,0.99933973,2.31770370,0.18042630,0.02946461,2.23355420,-0.17994672,0.01167815,1.88495328,0.21822183,0.02136005,1.68004839,-0.17592158,0.02730516,-0.23038035,1.20069258,-1.35566475,0.00010000,-4.14461756,2.17229486,-0.05508014,0.01014155,0.98661046,-0.22040940,0.94996138,-0.37560863
0.39579553,0.03564786,0.00419322,0.04278594,0.72819710,0.06719641,-0.13168078,0.52573550,-1.51741912,0.15059576,0.17994660,-1.36928024,-0.24539706,1.10753992,-1.58569591,0.19569136,0.48925600,-1.56220274,0.34263732,0.00895848,0.00199114,0.28974945,0.36041709,0.18424082,-0.26119190,0.27266592,-0.18066837,-0.27812773,-0.09889742,0.19650860,-0.26847808,-0.27877067,-0.20820531,-0.26045529,1.97194879,0.01628714,-0.00040563,-0.01397215,-0.02892534,0.99948384,2.34241769,0.17937594,0.02855754,2.23370993,-0.17984769,0.01162172,1.88458140,0.21818629,0.02127137,1.68160374,-0.17544781,0.02929416,-0.24086060,1.15881741,-1.36819694,-0.05302055,-4.40140715,2.52094474,0.13588681,-0.06289237,0.85628965,-0.16645921,0.73272722,-0.03518024
0.38564184,0.02254609,0.02301297,0.03902748,0.68780407,0.10416901,-0.13597440,0.54819227,-1.54149692,0.14956849,0.09116243,-1.30932965,-0.24032662,1.10613666,-1.57131469,0.19269733,0.50259691,-1.55978324,0.34263732,0.00895848,0.00199114,0.29030620,0.37758017,0.18348767,-0.26296112,0.26474221,-0.18152368,-0.27871754,-0.10677890,0.19601572,-0.26911394,-0.28471843,-0.20728498,-0.25882203,1.97981524,0.01632227,-0.00019393,-0.00691207,-0.02786764,0.99958771,2.36703193,0.17848807,0.02734508,2.23403265,-0.17966955,0.01158866,1.88412321,0.21798271,0.02119227,1.68399019,-0.17477766,0.03148417,-0.20587828,1.10146291,-1.16657922,-0.04479219,-4.36150875,2.98630199,0.25342911,-0.07086641,0.69445438,-0.14716036,0.65558653,0.12562134
0.40868179,0.01845112,0.04158942,0.03708573,0.67731224,0.07030596,-0.13903005,0.57115384,-1.56276939,0.15138130,0.00200196,-1.24089494,-0.23601013,1.10123916,-1.56097515,0.18989730,0.51635967,-1.55580900,0.34263732,0.00895848,0.00199114,0.29109241,0.39449311,0.18348220,-0.26448965,0.25667146,-0.18206743,-0.27953147,-0.11478577,0.19561629,-0.26990926,-0.28869511,-0.20652200,-0.25712695,1.98775439,0.01625659,-0.00000786,-0.00027398,-0.02711714,0.99963223,2.39161470,0.17808176,0.02660276,2.23417771,-0.17945836,0.01156095,1.88374264,0.21780822,0.02118315,1.68828740,-0.17431027,0.03396546,-0.14878897,1.18669231,-1.07938330,0.11837114,-4.58278065,3.56245861,0.20836836,-0.28827749,0.49942589,-0.14153614,0.71120732,0.21380886
0.39029278,0.01978289,0.05262642,0.03308819,0.61381425,0.02235132,-0.14185110,0.59442270,-1.58135676,0.15582743,-0.07885377,-1.17258275,-0.23050724,1.08564007,-1.55448639,0.18720663,0.53037024,-1.55067337,0.34263732,0.00895848,0.00199114,0.29204810,0.40922668,0.18417578,-0.26596779,0.24845954,-0.18258845,-0.28044837,-0.12289229,0.19526514,-0.27076473,-0.28869190,-0.20558162,-0.25640766,1.99573457,0.01622238,0.00016198,0.00603555,-0.02682816,0.99962183,2.41425097,0.17818293,0.02608031,2.23404276,-0.17943010,0.01159973,1.88349283,0.21779812,0.02128337,1.69643128,-0.17357844,0.03564043,-0.13975886,1.14148843,-0.89172047,0.23262465,-3.88492393,3.32962036,0.28751615,-0.85348940,0.29488170,-0.13197169,0.68796378,0.25902075
0.39117405,0.02852298,0.06162661,0.03124328,0.58443867,0.03105097,-0.14536290,0.61750537,-1.59661067,0.15807762,-0.13657377,-1.11776779,-0.21573909,1.05843990,-1.55114958,0.18352522,0.54486818,-1.54533477,0.34263732,0.00895848,0.00199114,0.29309950,0.41851006,0.18445928,-0.26887784,0.24020845,-0.18335688,-0.28135806,-0.13104818,0.19462356,-0.27167097,-0.28454981,-0.20230261,-0.25813272,2.00366838,0.01636918,0.00031674,0.01194802,-0.02652696,0.99957664,2.43137290,0.17837145,0.02422167,2.23381364,-0.17947003,0.01174145,1.88312731,0.21766947,0.02142854,1.70878916,-0.17055642,0.03496678,-0.17500022,1.14611690,-0.75073551,0.10634538,-2.83043308,2.70535450,0.73641787,-1.35395145,0.14754883,-0.18374360,0.71987556,0.26593076
0.38954053,0.03861162,0.06941240,0.02842001,0.54023826,0.07734686,-0.14941632,0.64088098,-1.60838635,0.15757284,-0.17658505,-1.07287719,-0.20178791,1.03058493,-1.55884798,0.17938835,0.55983520,-1.53983641,0.34263732,0.00895848,0.00199114,0.29419598,0.42370356,0.18427638,-0.27335715,0.23182217,-0.18434182,-0.28228407,-0.13913920,0.19383454,-0.27261973,-0.27784185,-0.19887766,-0.25894139,2.01141212,0.01672096,0.00044545,0.01729638,-0.02579363,0.99951755,2.44405630,0.17889835,0.02083883,2.23341777,-0.17933239,0.01191191,1.88245568,0.21747400,0.02157625,1.72368240,-0.16756151,0.03525459,-0.20829282,1.18971293,-0.59083871,-0.03109872,-2.00013494,2.25115776,0.69237163,-1.40965528,-0.42351131,-0.21084202,0.76397203,0.27792479
0.35695276,0.04481294,0.07394987,0.02216022,0.43885935,0.14854195,-0.15442965,0.66468941,-1.61635644,0.15401507,-0.19911697,-1.04732304,-0.19272127,1.00345113,-1.57467086,0.17500450,0.57643793,-1.53538165,0.34263732,0.00895848,0.00199114,0.29537483,0.42569461,0.18331308,-0.27761977,0.22332281,-0.18566743,-0.28311768,-0.14723616,0.19292799,-0.27350783,-0.26942790,-0.19646142,-0.25836887,2.01882274,0.01726217,0.00053110,0.02185359,-0.02434666,0.99946455,2.45293806,0.17963051,0.01775506,2.23284042,-0.17905876,0.01225715,1.88115499,0.21713034,0.02186700,1.74014859,-0.16584763,0.03700596,-0.24988300,1.16915698,-0.37318957,-0.19097309,-1.01868348,1.14155793,0.43878377,-1.34021947,-0.77654470,-0.21620900,0.82304754,0.21234820
0.37889203,0.05273198,0.07836826,0.01654034,0.35442827,0.23296127,-0.15984119,0.68919121,-1.61964395,0.14613387,-0.19477595,-1.05891156,-0.18371924,0.96961296,-1.58861630,0.17084800,0.59531720,-1.53205462,0.34263732,0.00895848,0.00199114,0.29653568,0.42329073,0.18108133,-0.28043069,0.21458907,-0.18720451,-0.28399293,-0.15540014,0.19204079,-0.27434160,-0.25896218,-0.19408165,-0.25870395,2.02625005,0.01794207,0.00056309,0.02542802,-0.02216580,0.99943073,2.45715282,0.18007872,0.01610498,2.23232839,-0.17859219,0.01254275,1.87951686,0.21668371,0.02219408,1.75893788,-0.16446763,0.03783173,-0.27827908,1.26643281,-0.13725266,-0.43469114,0.42327752,-0.88114629,0.46899368,-1.80421832,-0.69604546,-0.20995112,0.98649924,0.16558134
0.38640479,0.05005558,0.06699217,0.00915701,0.22176620,0.26947549,-0.16505590,0.71482486,-1.61861098,0.13532224,-0.16275328,-1.10726786,-0.17742871,0.92541254,-1.60367382,0.16762911,0.61692947,-1.52997732,0.34263732,0.00895848,0.00199114,0.29749462,0.41631325,0.17799620,-0.28153648,0.20557996,-0.18878332,-0.28485647,-0.16364388,0.19137398,-0.27506645,-0.24473850,-0.19238729,-0.25927353,2.03415382,0.01865317,0.00054303,0.02786061,-0.01947983,0.99942185,2.45708692,0.18029154,0.01595814,2.23222125,-0.17799768,0.01263815,1.87809157,0.21625857,0.02242817,1.78210437,-0.16405117,0.03822109,-0.25380707,1.26528728,0.07879032,-0.54580408,1.75230813,-2.60435128,0.27926353,-2.24047875,-0.75867593,-0.15036848,1.07965398,0.09209268
0.40660586,0.04325563,0.05641281,0.00319566,0.08419969,0.28910115,-0.17002380,0.74144527,-1.61375062,0.12525178,-0.12073344,-1.15997941,-0.17397518,0.87389606,-1.61972804,0.16504430,0.64261307,-1.53063805,0.34263732,0.00895848,0.00199114,0.29816777,0.40759578,0.17526916,-0.28220123,0.19657168,-0.19038264,-0.28542337,-0.17193540,0.19078912,-0.27562584,-0.22751265,-0.19128273,-0.25949011,2.04242256,0.01925582,0.00047686,0.02876745,-0.01656509,0.99944875,2.45560277,0.18092125,0.01596654,2.23257711,-0.17753651,0.01274441,1.87690423,0.21563797,0.02254193,1.80869589,-0.16438223,0.03867766,-0.24445544,1.32173824,0.24731500,-0.49720824,2.08380041,-2.59685526,0.16963682,-2.56289597,-0.79409044,-0.12677063,1.28186226,-0.03809271
0.41209076,0.03586192,0.04291421,-0.00198961,-0.07745555,0.27547526,-0.17366500,0.76828157,-1.60615222,0.11631254,-0.07943695,-1.20282261,-0.17193293,0.81959616,-1.63448863,0.16343577,0.67210931,-1.53419836,0.34263732,0.00895848,0.00199114,0.29856879,0.39924388,0.17301597,-0.28284826,0.18793903,-0.19165736,-0.28571198,-0.18009123,0.19039293,-0.27600522,-0.20900604,-0.19042849,-0.25941495,2.05059125,0.01973948,0.00038956,0.02808415,-0.01383970,0.99950968,2.45447247,0.18163501,0.01572054,2.23315170,-0.17704798,0.01285681,1.87584059,0.21504572,0.02256357,1.83639283,-0.16482912,0.03915384,-0.18115667,1.36499391,0.38941649,-0.45370560,2.09988375,-2.16017652,0.09810057,-2.76513824,-0.74880128,-0.07873272,1.50843134,-0.18776436
0.37646357,0.02825796,0.02147883,-0.00590487,-0.24770697,0.21492013,-0.17600493,0.79520526,-1.59849334,0.10823039,-0.03808707,-1.23794839,-0.17245102,0.76398889,-1.64775906,0.16280963,0.70509197,-1.54088035,0.34263732,0.00895848,0.00199114,0.29864262,0.39128420,0.17110452,-0.28326088,0.18017002,-0.19253383,-0.28533573,-0.18787623,0.19017339,-0.27622787,-0.18965047,-0.19012741,-0.25870900,2.05834069,0.02014286,0.00029930,0.02570208,-0.01160031,0.99960229,2.45349028,0.18212090,0.01538174,2.23399413,-0.17652027,0.01330689,1.87492836,0.21462501,0.02241475,1.86432908,-0.16553219,0.03993362,-0.11185687,1.32025752,0.36869748,-0.39005812,2.02838063,-1.69231043,-0.03630939,-2.72989473,-0.64055498,-0.02862758,1.63050668,-0.34167345
0.36660678,0.02260515,-0.00223875,-0.00862051,-0.41444903,0.16699483,-0.17796924,0.82222178,-1.59382515,0.10201251,0.00307817,-1.26641705,-0.17499121,0.70647200,-1.65672493,0.16255432,0.74126579,-1.55128303,0.34263732,0.00895848,0.00199114,0.29833641,0.38374907,0.16975210,-0.28330952,0.17363106,-0.19318346,-0.28388314,-0.19519182,0.18993042,-0.27623935,-0.16981168,-0.19029366,-0.25763488,2.06553230,0.02045455,0.00021730,0.02184027,-0.00991367,0.99971230,2.45257227,0.18256312,0.01502689,2.23529818,-0.17613421,0.01445327,1.87414539,0.21421849,0.02209706,1.89198029,-0.16643414,0.04070153,-0.10016209,1.39105263,0.21486912,-0.30636737,2.11515841,-1.42510839,-0.14077052,-2.97693548,-0.42520268,-0.01137449,1.88166087,-0.56057853
0.32481468,0.01202953,-0.02374387,-0.00890183,-0.48368384,0.10810122,-0.17934048,0.84795219,-1.59650052,0.09744757,0.04311227,-1.28943849,-0.17811303,0.64605105,-1.65741026,0.16326842,0.77981836,-1.56498349,0.34263732,0.00895848,0.00199114,0.29767522,0.37668793,0.16885795,-0.28307135,0.16915793,-0.19344099,-0.28108707,-0.20209919,0.18983464,-0.27584046,-0.14993238,-0.19064936,-0.25676069,2.07221115,0.02060942,0.00014881,0.01702214,-0.00874026,0.99981690,2.45179355,0.18285616,0.01460387,2.23796141,-0.17575930,0.01658815,1.87346160,0.21394822,0.02183476,1.91896868,-0.16738963,0.04091453,-0.06182228,1.24846482,-0.19184981,-0.21364188,1.95298398,-1.09295976,-0.15427697,-2.98294592,0.03146424,0.04372351,1.90436482,-0.69274616
0.31897167,0.00476130,-0.03477908,-0.00847450,-0.50950591,0.06258776,-0.18010988,0.86453357,-1.61393514,0.09451987,0.08139001,-1.30911403,-0.18125123,0.58421493,-1.64569352,0.16489492,0.81860383,-1.57966933,0.34263732,0.00895848,0.00199114,0.29682760,0.37005894,0.16836931,-0.28253039,0.16991724,-0.19315103,-0.27641582,-0.20861842,0.18990681,-0.27513319,-0.13104426,-0.19117331,-0.25659239,2.07862573,0.02060429,0.00009643,0.01188472,-0.00809601,0.99989659,2.45136249,0.18295929,0.01429720,2.24539306,-0.17527283,0.02041177,1.87310975,0.21386429,0.02169441,1.94450305,-0.16842201,0.04023521,-0.03993180,0.78957970,-0.87823918,-0.14272129,1.89707136,-0.97487011,-0.15655276,-3.06944642,0.60132308,0.08005916,1.92406707,-0.72867489
0.32045774,0.00177512,-0.04670908,-0.00798907,-0.50713674,0.02462870,-0.18238783,0.85937059,-1.63175335,0.09287111,0.11839200,-1.32811651,-0.18492321,0.52196915,-1.62347534,0.16613360,0.85712864,-1.59442682,0.34263732,0.00895848,0.00199114,0.29582893,0.36365885,0.16817869,-0.28169024,0.17696817,-0.19330739,-0.27190446,-0.21501275,0.18981421,-0.27428097,-0.11316391,-0.19201994,-0.25698543,2.08491578,0.02054145,0.00005404,0.00689041,-0.00783747,0.99994555,2.45116613,0.18299918,0.01413869,2.25883214,-0.17551614,0.02392447,1.87290475,0.21370263,0.02154796,1.96875589,-0.16968107,0.03884351,-0.12246744,-0.33242682,-0.86926730,-0.08167405,1.88016911,-0.96624303,-0.18853542,-3.16779027,1.15235450,0.06197502,1.96014366,-0.75177991
0.30807211,0.00081151,-0.05469445,-0.00754325,-0.48176285,-0.01427586,-0.18689770,0.82348424,-1.62891858,0.09214507,0.15511579,-1.34700963,-0.18938580,0.45927076,-1.59223032,0.16720791,0.89612803,-1.60953667,0.34263732,0.00895848,0.00199114,0.29469811,0.35727569,0.16820647,-0.28062133,0.18970974,-0.19465105,-0.27018679,-0.22141722,0.18961173,-0.27322247,-0.09591654,-0.19322565,-0.25775793,2.09119186,0.02045979,0.00001552,0.00198024,-0.00795161,0.99996642,2.45109732,0.18296332,0.01407679,2.27778213,-0.17718355,0.02451132,1.87281799,0.21356869,0.02147565,1.99221463,-0.17121608,0.03694019,-0.22666908,-1.88840823,0.25053862,-0.03190514,1.80157430,-0.92551000,-0.22210846,-3.07270689,1.56501315,0.05356511,1.91428368,-0.74106660
0.32760755,-0.00174851,-0.06509341,-0.00855022,-0.52427132,-0.04274571,-0.18986284,0.76566263,-1.60664361,0.09206797,0.19242215,-1.36540229,-0.19423238,0.39910932,-1.55592422,0.16886409,0.93574739,-1.62420800,0.34263732,0.00895848,0.00199114,0.29348075,0.35076327,0.16840240,-0.27940374,0.20623468,-0.19605956,-0.27090835,-0.22786320,0.18951790,-0.27205546,-0.07955831,-0.19461665,-0.25864562,2.09754944,0.02032839,-0.00002599,-0.00308457,-0.00834156,0.99996045,2.45107329,0.18285570,0.01407701,2.30048463,-0.17914442,0.02257240,1.87287960,0.21362128,0.02142529,2.01475549,-0.17293394,0.03483512,-0.12928360,-3.07261214,1.23539311,-0.00095648,1.92504323,-0.94186237,-0.24991842,-3.06940022,1.88694761,0.09064634,2.04320128,-0.74986880
0.31852600,-0.00746321,-0.06692812,-0.00892258,-0.52063428,-0.03567085,-0.18831523,0.70417064,-1.58034956,0.09217361,0.23053887,-1.38292491,-0.19835529,0.34660715,-1.52119112,0.17164664,0.97627348,-1.63791704,0.34263732,0.00895848,0.00199114,0.29222772,0.34405712,0.16864686,-0.27815311,0.22373011,-0.19622526,-0.27181365,-0.23448459,0.18967872,-0.27078415,-0.06492993,-0.19580309,-0.25929925,2.10404456,0.02008144,-0.00007295,-0.00836560,-0.00871930,0.99992699,2.45099032,0.18270280,0.01407460,2.32431877,-0.18001552,0.02041407,1.87290335,0.21382038,0.02144356,2.03570998,-0.17455959,0.03292847,0.10973565,-3.00740838,1.28882062,0.00563089,1.87425041,-0.85256374,-0.19480287,-2.51060891,1.67906976,0.14504176,1.99369812,-0.66492134
0.32939807,-0.01559249,-0.07170798,-0.00963927,-0.55182074,0.01472269,-0.18538035,0.64883609,-1.55704689,0.09225767,0.26953083,-1.39955657,-0.19905068,0.31095464,-1.49595854,0.17568884,1.01807725,-1.65012698,0.34263732,0.00895848,0.00199114,0.29096788,0.33715657,0.16887735,-0.27684367,0.24027793,-0.19578791,-0.27135686,-0.24143419,0.19010606,-0.26943085,-0.05400988,-0.19605942,-0.26005515,2.11070833,0.01965783,-0.00011920,-0.01391093,-0.00859742,0.99986627,2.45071905,0.18271250,0.01412421,2.34758399,-0.18023293,0.01961102,1.87257888,0.21388745,0.02153702,2.05333502,-0.17544385,0.03091272,0.14452776,-2.74238882,1.15804365,0.00337073,1.93673205,-0.82369838,-0.02632891,-1.73120158,1.22828175,0.20276972,2.07705646,-0.60325735
0.34058807,-0.02223647,-0.07689143,-0.01001362,-0.60783653,0.09308749,-0.18249117,0.59390044,-1.53097835,0.09165711,0.30945989,-1.41531308,-0.19579372,0.29692582,-1.48520005,0.18089497,1.06113760,-1.66090217,0.34263732,0.00895848,0.00199114,0.28972179,0.33012442,0.16890321,-0.27548118,0.25680849,-0.19532038,-0.27022206,-0.24863887,0.19075649,-0.26807112,-0.04777069,-0.19526545,-0.26129394,2.11745248,0.01911859,-0.00015196,-0.01986495,-0.00771868,0.99977287,2.45014541,0.18290454,0.01424061,2.37121460,-0.18014363,0.01949973,1.87178853,0.21369133,0.02165067,2.06667259,-0.17538601,0.02842785,0.15009276,-2.80309668,1.34324973,-0.03351630,2.03362150,-0.79984827,0.17179032,-0.65982548,0.50636123,0.26740216,2.19304299,-0.54508780
0.32248143,-0.02224445,-0.07481475,-0.00850442,-0.61700572,0.16711096,-0.17814399,0.53476725,-1.49670880,0.08966372,0.35059254,-1.43088799,-0.19146141,0.30622470,-1.49343207,0.18702414,1.10493629,-1.67005143,0.34263732,0.00895848,0.00199114,0.28853361,0.32290219,0.16850471,-0.27410158,0.27405195,-0.19452524,-0.26927911,-0.25603267,0.19155508,-0.26673456,-0.04644270,-0.19407063,-0.26225066,2.12411251,0.01857864,-0.00015679,-0.02614703,-0.00607255,0.99963965,2.44903805,0.18314792,0.01443203,2.39578092,-0.17926175,0.01925450,1.87042596,0.21323016,0.02179905,2.07531545,-0.17491344,0.02628295,0.21962505,-2.91722088,1.71730373,-0.10405156,2.02092943,-0.76537269,0.20777705,0.55246841,-0.48929940,0.30302613,2.14663520,-0.43972799
0.34449296,-0.01834017,-0.07999612,-0.00577975,-0.58489237,0.22519496,-0.17348243,0.47315145,-1.45700438,0.08675181,0.39181870,-1.44747453,-0.18965128,0.33670184,-1.52016032,0.19356154,1.14633343,-1.67577662,0.34263732,0.00895848,0.00199114,0.28740557,0.31548260,0.16778300,-0.27278625,0.29143554,-0.19363825,-0.26833794,-0.26350321,0.19244097,-0.26547388,-0.04990868,-0.19335376,-0.26215967,2.13085303,0.01815082,-0.00012418,-0.03194221,-0.00392876,0.99948199,2.44764493,0.18344844,0.01461932,2.42075727,-0.17777259,0.01906763,1.86887085,0.21265739,0.02193169,2.07942584,-0.17480461,0.02524590,0.23605634,-3.17793121,2.06145117,-0.15287990,2.11776462,-0.86274282,0.07051523,1.69353895,-1.48323102,0.33808768,2.10465150,-0.26677459
0.34711027,-0.01417794,-0.07325985,-0.00184983,-0.34352137,0.20329609,-0.16974199,0.41045278,-1.41794336,0.08432668,0.43060595,-1.46622574,-0.19035898,0.37955168,-1.55584002,0.19954163,1.18020439,-1.67465639,0.34263732,0.00895848,0.00199114,0.28639904,0.30792975,0.16711267,-0.27174041,0.30839009,-0.19283420,-0.26710145,-0.27106430,0.19334406,-0.26438890,-0.05713459,-0.19319892,-0.26134144,2.13796401,0.01782373,-0.00006542,-0.03578154,-0.00182724,0.99935796,2.44650280,0.18380924,0.01465863,2.44564688,-0.17613691,0.01929758,1.86760855,0.21215773,0.02201013,2.08012331,-0.17516497,0.02505760,0.17604756,-3.08117771,1.90051854,-0.11277198,1.87927830,-0.93638891,-0.04930794,2.16628861,-1.78898072,0.28696480,1.59814775,0.10962345
0.36578935,-0.01396700,-0.05854358,-0.00009339,-0.00236566,0.07997731,-0.16467323,0.34226959,-1.38017342,0.08422870,0.46398224,-1.48830156,-0.19065029,0.41799734,-1.58396091,0.20280432,1.20134189,-1.66326971,0.34263732,0.00895848,0.00199114,0.28573766,0.30031513,0.16699849,-0.27119050,0.32534937,-0.19133013,-0.26628463,-0.27889262,0.19393928,-0.26356945,-0.06551830,-0.19305215,-0.26077486,2.14539506,0.01752658,-0.00003409,-0.03593157,-0.00095159,0.99935380,2.44602768,0.18395284,0.01454715,2.47037947,-0.17442281,0.01945303,1.86687229,0.21199663,0.02216821,2.07950923,-0.17540045,0.02496280,0.25702209,-3.39755650,1.87613120,0.00028605,1.64716911,-1.09988124,-0.01266040,1.88830323,-1.37212905,0.15601352,1.02850021,0.57671793
0.37951076,-0.00945891,-0.03855605,0.00097564,0.32218843,-0.11714821,-0.15684391,0.26629659,-1.33921769,0.08666130,0.49268011,-1.51230340,-0.19016254,0.44630040,-1.59965863,0.20265671,1.21200507,-1.64710431,0.34263732,0.00895848,0.00199114,0.28545519,0.29257600,0.16754251,-0.27115699,0.34275821,-0.18881051,-0.26647427,-0.28641594,0.19397889,-0.26262123,-0.07364230,-0.19291019,-0.26080400,2.15289195,0.01730357,-0.00006452,-0.03288521,-0.00201222,0.99945711,2.44614022,0.18366660,0.01429820,2.49488709,-0.17288559,0.01898092,1.86725943,0.21243422,0.02283396,2.07847345,-0.17530852,0.02465120,0.40331055,-3.88419800,2.10359111,0.12793716,1.45126147,-1.22300389,0.02544656,1.42006545,-0.77237027,-0.01634428,0.52264398,0.82439048
0.36291087,0.00369335,-0.01597085,0.00382511,0.52555318,-0.28331472,-0.14749513,0.18295664,-1.29193785,0.09034739,0.51845181,-1.53718436,-0.18964675,0.46717821,-1.60537338,0.19856071,1.21594841,-1.63120539,0.34263732,0.00895848,0.00199114,0.28551331,0.28466685,0.16838715,-0.27154228,0.36067589,-0.18569463,-0.26737729,-0.29319878,0.19317121,-0.26137945,-0.08162690,-0.19296072,-0.26135236,2.16031301,0.01728457,-0.00012923,-0.02765747,-0.00478903,0.99960598,2.44658024,0.18293637,0.01397102,2.51919305,-0.17185746,0.01813602,1.86897862,0.21325628,0.02413385,2.07684095,-0.17488516,0.02416095,0.46054665,-4.10736179,2.32875748,0.18259102,1.25493929,-1.22255714,0.02398245,0.99829888,-0.24621766,-0.21774066,0.17581966,0.77119992
0.37494588,0.02099114,0.00204592,0.00873494,0.63955393,-0.34684526,-0.13860746,0.09530992,-1.24012454,0.09383570,0.54313788,-1.56209815,-0.18995105,0.48344936,-1.60478225,0.19135101,1.21706865,-1.61672814,0.34263732,0.00895848,0.00199114,0.28583711,0.27666109,0.16913234,-0.27211214,0.37896256,-0.18254332,-0.26785748,-0.29943235,0.19160851,-0.26001243,-0.08938060,-0.19335662,-0.26211941,2.16761019,0.01753990,-0.00017300,-0.02150346,-0.00815266,0.99973552,2.44699280,0.18213778,0.01372497,2.54354532,-0.17115951,0.01797964,1.87134254,0.21400626,0.02582469,2.07508810,-0.17433332,0.02371770,0.44981017,-4.53390007,2.70435476,0.17522570,1.26805966,-1.27942412,-0.02324397,0.81494060,0.06181948,-0.38635391,0.04618869,0.73865120
0.35279578,0.02794010,0.02027677,0.01174072,0.60588436,-0.22831629,-0.13203321,0.01057666,-1.18636382,0.09564809,0.56792623,-1.58602917,-0.19144365,0.49821827,-1.60140324,0.18448071,1.21633196,-1.60466611,0.34263732,0.00895848,0.00199114,0.28643054,0.26859461,0.16939133,-0.27283831,0.39612754,-0.17999948,-0.26781508,-0.30474008,0.19010355,-0.25840080,-0.09705001,-0.19412587,-0.26286751,2.17481339,0.01794292,-0.00016313,-0.01530492,-0.01065660,0.99982607,2.44695747,0.18157081,0.01359223,2.56701434,-0.17045893,0.01861546,1.87419450,0.21449866,0.02802974,2.07364774,-0.17407028,0.02356303,0.30298355,-4.11495161,2.63775778,0.07433181,1.21724951,-1.16474485,-0.08144711,0.71925795,0.17901728,-0.32666674,-0.04921941,0.57048655
0.34047739,0.01945150,0.03807903,0.01301833,0.57953273,-0.06895819,-0.12855778,-0.05577152,-1.14054153,0.09534437,0.59299253,-1.60803082,-0.19233674,0.51441661,-1.59808526,0.17940389,1.20962014,-1.60156794,0.34263732,0.00895848,0.00199114,0.28731722,0.26053648,0.16907948,-0.27371489,0.40865340,-0.17846159,-0.26823970,-0.30649808,0.18902207,-0.25654788,-0.10501571,-0.19474279,-0.26364291,2.18168652,0.01819057,-0.00010780,-0.00945392,-0.01139509,0.99989038,2.44600861,0.18128859,0.01360234,2.58616669,-0.16953777,0.01907752,1.87957580,0.21414855,0.03076934,2.07225995,-0.17410837,0.02367431,0.16983112,-3.26373324,2.27350020,-0.01601627,1.24454622,-1.08742969,-0.04084414,0.80642081,0.16393406,-0.26040342,-0.35109061,0.13698207
0.31105312,0.00102839,0.05799041,0.01278980,0.56264124,0.02483498,-0.12610417,-0.10713204,-1.09696124,0.09493966,0.61806465,-1.62731082,-0.19138578,0.53165699,-1.59496527,0.16899982,1.19232039,-1.60621724,0.34263732,0.00895848,0.00199114,0.28849083,0.25242686,0.16877612,-0.27468518,0.41713749,-0.17747737,-0.27057526,-0.30366890,0.18666795,-0.25612766,-0.11316896,-0.19487001,-0.26457818,2.18783934,0.01809275,-0.00004412,-0.00390970,-0.01117179,0.99992995,2.44397404,0.18118693,0.01380565,2.60090744,-0.16866016,0.01791557,1.88841684,0.21149878,0.03236317,2.07034478,-0.17420016,0.02391264,0.12488793,-2.58333526,2.20091653,-0.01847124,1.27377768,-0.97298567,0.05227504,0.87749795,0.15940463,-0.54547495,-0.90855461,-0.24620548
0.26720680,-0.01866737,0.07262688,0.01099157,0.50355106,0.03526797,-0.12307027,-0.14614466,-1.06129293,0.09575207,0.64251181,-1.64278495,-0.18899656,0.54916502,-1.59145336,0.15540641,1.16360896,-1.61450813,0.34263732,0.00895848,0.00199114,0.28994024,0.24433844,0.16886194,-0.27572451,0.42281246,-0.17643795,-0.27360734,-0.29681946,0.18356703,-0.25718144,-0.12132462,-0.19460890,-0.26566808,2.19330289,0.01762190,0.00001348,0.00127019,-0.01079144,0.99994096,2.44122875,0.18117129,0.01421573,2.61220906,-0.16789995,0.01633290,1.90051425,0.20755203,0.03275880,2.06780655,-0.17432329,0.02427216,0.15415671,-1.86209497,1.70898988,0.04655964,1.19555202,-0.73981702,0.12159190,0.85916373,0.17420123,-0.65737398,-1.44859054,-0.41811325
0.28927553,-0.02987648,0.08490476,0.00941974,0.43608473,-0.04570868,-0.11845987,-0.16958286,-1.03901634,0.09796561,0.66705159,-1.65336087,-0.18601990,0.56776639,-1.58834481,0.14543204,1.12792451,-1.62566278,0.34263732,0.00895848,0.00199114,0.29151840,0.23616022,0.16940522,-0.27682986,0.42543238,-0.17506212,-0.27694141,-0.28708818,0.18133363,-0.25841284,-0.12939715,-0.19416090,-0.26681663,2.19888265,0.01693339,0.00006289,0.00563581,-0.01110809,0.99992242,2.43874795,0.18105048,0.01468854,2.62032101,-0.16753657,0.01457699,1.91589367,0.20459998,0.03310556,2.06520412,-0.17430501,0.02470177,0.24857251,-1.09117532,1.04327476,0.12180791,1.26729112,-0.51138258,0.15465735,0.96843938,0.15324494,-0.48356168,-1.86729419,-0.59256273
0.30722872,-0.02857418,0.08130047,0.00693496,0.28956458,-0.17923390,-0.11246680,-0.16997086,-1.04079223,0.10100879,0.69281286,-1.65861595,-0.18308243,0.58868569,-1.58653796,0.13660719,1.08632517,-1.63778150,0.34263732,0.00895848,0.00199114,0.29307476,0.22770584,0.17025570,-0.27799489,0.42392575,-0.17337897,-0.27993666,-0.27490093,0.17932700,-0.26022363,-0.13741051,-0.19367780,-0.26796743,2.20506203,0.01619280,0.00011175,0.00877499,-0.01273343,0.99988042,2.43702972,0.18059458,0.01507986,2.62443507,-0.16792553,0.01313809,1.93481696,0.20246221,0.03285113,2.06276393,-0.17392292,0.02510733,0.30232352,0.15576182,-0.27694419,0.15380891,1.27290976,-0.22008839,0.14296612,1.04328454,0.07881136,-0.43457657,-2.08357501,-0.59531713
0.34762660,-0.02982993,0.07918334,0.00541878,0.19259341,-0.27366028,-0.10454533,-0.14373092,-1.07558670,0.10479225,0.71893191,-1.65825515,-0.18073108,0.61122396,-1.58473895,0.12928680,1.03382671,-1.64948180,0.34263732,0.00895848,0.00199114,0.29452286,0.21909428,0.17139914,-0.27922546,0.41792894,-0.17112309,-0.28164608,-0.25912055,0.17764780,-0.26260502,-0.14533251,-0.19332379,-0.26919531,2.21205590,0.01537861,0.00016680,0.01074405,-0.01547877,0.99982246,2.43635094,0.17991341,0.01529740,2.62448733,-0.16859972,0.01287678,1.95855873,0.20096250,0.03191784,2.06080859,-0.17335368,0.02532755,0.39704688,1.32795124,-1.75693355,0.18870353,1.29503837,0.02584299,0.11492182,1.11996069,0.09001440,-0.35539320,-2.62204089,-0.58130594
0.38150737,-0.03237187,0.07737756,0.00371459,0.11325638,-0.28734243,-0.09528270,-0.10668337,-1.12118402,0.10882872,0.74450831,-1.65382977,-0.17914668,0.63488059,-1.58300683,0.12594651,0.97349429,-1.66118476,0.34263732,0.00895848,0.00199114,0.29587033,0.21052309,0.17266593,-0.28048108,0.41006062,-0.16851936,-0.28284721,-0.24068164,0.17693368,-0.26436967,-0.15318227,-0.19315520,-0.27038244,2.21954834,0.01446831,0.00021831,0.01189809,-0.01832054,0.99976134,2.43625615,0.17930527,0.01538925,2.62315953,-0.16896152,0.01302312,1.98551071,0.20010118,0.03150066,2.05939219,-0.17294499,0.02548789,0.46973289,1.89100513,-2.31216941,0.20444980,1.30049787,0.23287971,0.07998342,1.20790634,0.08531370,-0.16273554,-3.07995858,-0.59337431
0.37830407,-0.02837091,0.06748537,0.00000233,0.00431578,-0.21043620,-0.08769880,-0.06788354,-1.16131194,0.11209878,0.76985172,-1.64626751,-0.17760749,0.66088933,-1.58262060,0.12517627,0.90823840,-1.66934912,0.34263732,0.00895848,0.00199114,0.29707636,0.20209363,0.17375919,-0.28166775,0.40181319,-0.16648647,-0.28414106,-0.22088574,0.17683918,-0.26573514,-0.16104514,-0.19294374,-0.27153868,2.22725980,0.01356542,0.00024732,0.01203997,-0.02054484,0.99971640,2.43632152,0.17887509,0.01540861,2.62189381,-0.16928858,0.01293530,2.01382582,0.19933016,0.03134122,2.05842373,-0.17259904,0.02553768,0.35861124,1.90227821,-1.93020024,0.15484164,1.24068604,0.38221722,0.07647381,1.28622892,0.01257588,-0.03014610,-3.21857772,-0.36998495
0.39242182,-0.02375394,0.05735260,-0.00514580,-0.11850702,-0.10942670,-0.08319543,-0.02901839,-1.19448273,0.11425673,0.79489514,-1.63823056,-0.17613251,0.68977116,-1.58480713,0.12629708,0.84382137,-1.67763641,0.34263732,0.00895848,0.00199114,0.29805433,0.19425842,0.17453299,-0.28237578,0.39366566,-0.16538287,-0.28522199,-0.20075201,0.17708844,-0.26596997,-0.16880901,-0.19265375,-0.27253013,2.23490150,0.01275812,0.00023976,0.01102933,-0.02174352,0.99970271,2.43656480,0.17867981,0.01567855,2.62100413,-0.16958471,0.01283233,2.04203904,0.19840766,0.03208436,2.05787566,-0.17237373,0.02552420,0.21260660,2.00076563,-1.67204871,0.10494221,1.28753300,0.40594372,0.07405864,1.50555136,-0.13376648,0.06998387,-3.28410039,-0.46191461
0.35731443,-0.01798269,0.03795739,-0.00896565,-0.20459882,-0.00065012,-0.08118942,0.00878032,-1.22082007,0.11621816,0.81819433,-1.63099468,-0.17503324,0.72065890,-1.58896053,0.12883914,0.77862281,-1.68105090,0.34263732,0.00895848,0.00199114,0.29873982,0.18752135,0.17521800,-0.28242800,0.38584368,-0.16502431,-0.28612949,-0.18066967,0.17764986,-0.26577459,-0.17637172,-0.19237671,-0.27333432,2.24223244,0.01205707,0.00019856,0.00906558,-0.02189642,0.99971912,2.43724573,0.17889658,0.01631182,2.62048066,-0.16970281,0.01261033,2.06951427,0.19744703,0.03296523,2.05760682,-0.17241287,0.02540550,0.08237668,1.84226549,-1.23972750,0.09694564,1.12566876,0.35027894,0.05102859,1.52533185,-0.21344773,0.13307963,-3.21766186,-0.10388739
0.34127871,-0.01286666,0.02153382,-0.01053475,-0.24480615,0.07911873,-0.08142232,0.04405642,-1.24160316,0.11915148,0.83830072,-1.62833204,-0.17450240,0.75225396,-1.59458587,0.13138656,0.71086781,-1.67422054,0.34263732,0.00895848,0.00199114,0.29909104,0.18264258,0.17607330,-0.28136292,0.37859888,-0.16530864,-0.28674717,-0.16100263,0.17824684,-0.26585645,-0.18362934,-0.19216952,-0.27381554,2.24910839,0.01150140,0.00013980,0.00660136,-0.02112138,0.99975511,2.43902433,0.17970382,0.01772813,2.62038777,-0.16964958,0.01234387,2.09577754,0.19638902,0.03323459,2.05752676,-0.17274121,0.02527550,-0.01490238,1.74696538,-1.02684801,0.14848460,0.98676564,0.12204384,0.02597640,1.56767156,-0.28111890,0.12682749,-3.36811299,0.35768586
0.33264592,-0.00755991,0.00821835,-0.01062128,-0.25957250,0.13463554,-0.08331375,0.07745077,-1.26020381,0.12386982,0.85093843,-1.63047218,-0.17398753,0.78369546,-1.60140049,0.13453185,0.64014196,-1.65730340,0.34263732,0.00895848,0.00199114,0.29921106,0.18071332,0.17733486,-0.27935727,0.37176869,-0.16605033,-0.28700048,-0.14158975,0.17906719,-0.26620280,-0.19057873,-0.19189264,-0.27398297,2.25565488,0.01108939,0.00008096,0.00405099,-0.01981663,0.99979542,2.44325330,0.18112406,0.01985379,2.62055171,-0.16956215,0.01221058,2.12127202,0.19562655,0.03300827,2.05762193,-0.17310070,0.02522809,-0.09905849,1.69535544,-0.94304578,0.24521761,0.61778131,-0.11581059,0.02720496,1.59926493,-0.35010793,0.16350966,-3.60430675,0.88290056
0.30347772,-0.00529634,-0.00734825,-0.00987278,-0.26141844,0.16601718,-0.08597590,0.10999034,-1.27802405,0.13099556,0.85245827,-1.63655429,-0.17339678,0.81513442,-1.60960984,0.13965737,0.56628509,-1.63038061,0.34263732,0.00895848,0.00199114,0.29906737,0.18267253,0.17919100,-0.27653039,0.36517482,-0.16699903,-0.28691718,-0.12215980,0.18047888,-0.26660996,-0.19721070,-0.19151803,-0.27384330,2.26186445,0.01075257,0.00002616,0.00139637,-0.01814940,0.99983431,2.45091999,0.18319581,0.02253697,2.62073781,-0.16938968,0.01215019,2.14633522,0.19554607,0.03245740,2.05783293,-0.17348195,0.02522407,-0.13100232,1.59410341,-0.87313508,0.35997206,0.02690765,-0.31963795,0.02719129,1.54056332,-0.40740123,0.26193347,-3.63305645,1.36237693
0.30474600,-0.00345963,-0.02460267,-0.01000739,-0.29343893,0.19132916,-0.08873979,0.14263961,-1.29607506,0.14072040,0.84220718,-1.64883533,-0.17360086,0.84653331,-1.61875720,0.14777271,0.49092009,-1.59399736,0.34263732,0.00895848,0.00199114,0.29864160,0.18902708,0.18161712,-0.27239449,0.35865930,-0.16796290,-0.28650799,-0.10291075,0.18275418,-0.26693842,-0.20353151,-0.19129836,-0.27338167,2.26780899,0.01048250,-0.00002275,-0.00143227,-0.01630207,0.99986609,2.46265628,0.18584084,0.02624711,2.62080209,-0.16908336,0.01213361,2.17091069,0.19649441,0.03170318,2.05814936,-0.17407909,0.02525993,-0.14281361,1.68278210,-0.93209773,0.51720479,-0.60391231,-0.67630019,-0.01728245,1.61630981,-0.47556054,0.43865948,-3.88151493,1.92904921
0.28144416,0.00178784,-0.03854380,-0.00933837,-0.30530464,0.16513706,-0.09186518,0.17596686,-1.31444561,0.15198472,0.81625772,-1.65933454,-0.17465308,0.87916529,-1.62894201,0.15870956,0.41891208,-1.55101883,0.34263732,0.00895848,0.00199114,0.29794487,0.19968176,0.18443818,-0.26801217,0.35210698,-0.16902206,-0.28576753,-0.08480468,0.18585101,-0.26715469,-0.20984994,-0.19124044,-0.27260305,2.27357805,0.01033196,-0.00006577,-0.00450877,-0.01458625,0.99988345,2.47855484,0.18886700,0.02993271,2.62060487,-0.16888903,0.01217734,2.19423068,0.19857761,0.03079018,2.05823898,-0.17470585,0.02534182,-0.15650295,1.63931084,-0.90231609,0.55986029,-1.39203489,-0.47755939,-0.05688211,1.61161137,-0.50731963,0.55446690,-3.49581051,2.14639115
0.27228203,0.00636425,-0.04911244,-0.00975771,-0.35270218,0.09731585,-0.09488657,0.21057617,-1.33280361,0.16005071,0.77212707,-1.65284243,-0.17725803,0.91409069,-1.63959451,0.17178817,0.35965520,-1.50675831,0.34263732,0.00895848,0.00199114,0.29704619,0.21337711,0.18670505,-0.26585006,0.34543161,-0.17005630,-0.28473751,-0.06989623,0.18964388,-0.26751534,-0.21642372,-0.19153007,-0.27153270,2.27909606,0.01031054,-0.00010903,-0.00804400,-0.01356734,0.99987560,2.49746048,0.19115727,0.03119613,2.61978633,-0.16905577,0.01230869,2.21437118,0.20178110,0.02953085,2.05755522,-0.17527677,0.02551349,-0.14832121,1.71927114,-0.91029372,0.39052722,-2.20724082,0.34457119,-0.13273362,1.73605325,-0.52740017,0.65272849,-2.90946565,2.18767815
0.25127912,0.00254382,-0.05363414,-0.01117176,-0.41756632,-0.00861078,-0.09684162,0.24591443,-1.35047514,0.16334639,0.72062484,-1.63636780,-0.18157517,0.95054845,-1.64962211,0.18637187,0.31914647,-1.46999540,0.34263732,0.00895848,0.00199114,0.29611015,0.22827000,0.18784619,-0.26489170,0.33878690,-0.17078244,-0.28354708,-0.05925510,0.19391074,-0.26787239,-0.22316086,-0.19221906,-0.27035823,2.28409550,0.01023497,-0.00016541,-0.01212234,-0.01360212,0.99983399,2.51739113,0.19180184,0.03121845,2.61811111,-0.16970052,0.01256307,2.23013742,0.20568590,0.02823776,2.05578816,-0.17584215,0.02575191,-0.09600369,1.79829946,-0.89591937,0.15996710,-2.62559991,0.84819586,-0.22253967,1.85824850,-0.50905337,0.74252248,-2.00863199,1.83804975
0.22569885,-0.00390208,-0.05255036,-0.01315677,-0.46754727,-0.09906459,-0.09741400,0.28194279,-1.36690471,0.16417198,0.66768708,-1.61611032,-0.18708203,0.98893418,-1.65941875,0.19986440,0.30260739,-1.44949067,0.34263732,0.00895848,0.00199114,0.29519376,0.24361538,0.18833167,-0.26377954,0.33218438,-0.17111378,-0.28228235,-0.05373054,0.19785998,-0.26813681,-0.23005839,-0.19313487,-0.26911923,2.28871548,0.01002336,-0.00024612,-0.01683590,-0.01455376,0.99975231,2.53770969,0.19118394,0.03141422,2.61577823,-0.17068731,0.01291141,2.24076712,0.20936352,0.02705696,2.05313270,-0.17633301,0.02607453,-0.02293595,1.77022309,-0.80012850,0.03506909,-2.59353471,1.00466778,-0.27427461,1.89049795,-0.48024933,0.64866523,-0.70264654,0.92360405
0.26087521,0.00114395,-0.05944855,-0.01681356,-0.54588678,-0.15866073,-0.09704747,0.31898990,-1.38239405,0.16366633,0.61506131,-1.59285460,-0.19365618,1.02892356,-1.66883605,0.20883574,0.31075817,-1.44808805,0.34263732,0.00895848,0.00199114,0.29426613,0.25897902,0.18845339,-0.26229536,0.32549204,-0.17117208,-0.28094970,-0.05341344,0.20051723,-0.26873290,-0.23709689,-0.19422777,-0.26780787,2.29375308,0.00986656,-0.00035533,-0.02208459,-0.01603997,0.99962736,2.55864503,0.18991396,0.03197077,2.61358573,-0.17166035,0.01331643,2.24680045,0.21199426,0.02553323,2.05054672,-0.17665429,0.02645826,0.02345942,1.91342978,-0.79277292,-0.03463266,-2.70687346,1.21694372,-0.34527466,2.06601398,-0.48050527,0.42621900,0.57023611,-0.04677036
0.28327400,0.01366340,-0.06263109,-0.01783839,-0.51782419,-0.21277783,-0.09586166,0.35637054,-1.39758921,0.16203114,0.56030023,-1.56476533,-0.20153721,1.06843972,-1.67625761,0.21198377,0.33947811,-1.46609998,0.34263732,0.00895848,0.00199114,0.29331115,0.27464007,0.18829335,-0.26080178,0.31870153,-0.17096690,-0.27963662,-0.05733874,0.20137739,-0.26927809,-0.24422217,-0.19559757,-0.26644857,2.29949367,0.00990201,-0.00049626,-0.02738183,-0.01811409,0.99946079,2.58077633,0.18811989,0.03250936,2.61179078,-0.17250103,0.01367453,2.24948967,0.21322486,0.02403306,2.04834425,-0.17671752,0.02686258,0.06411838,1.83272350,-0.74396408,-0.08740494,-2.70610332,1.41544199,-0.39607108,1.92898858,-0.34610662,0.11302004,1.54251552,-1.02040339
0.32073409,0.02712244,-0.06493788,-0.01489889,-0.38509828,-0.27852510,-0.09430894,0.39253286,-1.41454070,0.16067005,0.49894153,-1.52966475,-0.21019543,1.10186961,-1.67694030,0.21165761,0.38084832,-1.50011654,0.34263732,0.00895848,0.00199114,0.29240325,0.29102973,0.18819371,-0.25966949,0.31172039,-0.17056514,-0.27854732,-0.06419875,0.20093575,-0.26866782,-0.25142290,-0.19726741,-0.26529371,2.30602076,0.01016963,-0.00065671,-0.03135201,-0.02090843,0.99928948,2.60466759,0.18602538,0.03273376,2.61033390,-0.17328495,0.01385593,2.25028298,0.21361484,0.02373543,2.04656656,-0.17640856,0.02710954,0.07587743,1.79020584,-0.84774528,-0.06677516,-3.05634818,1.74683802,-0.42766658,1.64132631,-0.01657193,-0.01714234,2.05319605,-1.68756351
0.35639681,0.03714953,-0.05693878,-0.00396474,-0.10271969,-0.27898348,-0.09363904,0.42565004,-1.43531587,0.15934607,0.43190417,-1.49348698,-0.21751781,1.12470930,-1.66785116,0.21061696,0.41974218,-1.53054404,0.34263732,0.00895848,0.00199114,0.29172711,0.30771085,0.18793172,-0.25881145,0.30450377,-0.17031090,-0.27783442,-0.07206526,0.20032592,-0.26794848,-0.25882270,-0.19892313,-0.26454292,2.31309302,0.01056086,-0.00077021,-0.03252124,-0.02367506,0.99919031,2.62935936,0.18370791,0.03291566,2.60918882,-0.17398080,0.01389268,2.25059645,0.21407512,0.02377863,2.04513938,-0.17588069,0.02718419,0.03071364,1.67429664,-1.06722007,-0.06945051,-3.42064996,1.83391397,-0.36814040,1.13255420,0.48650998,-0.05566245,1.95865698,-1.52123523
0.36358914,0.04039702,-0.03778985,0.01417134,0.27347132,-0.17544615,-0.09466990,0.45439624,-1.46080151,0.15680223,0.35966311,-1.45972676,-0.22273106,1.13522155,-1.64978409,0.20817704,0.44955356,-1.54959316,0.34263732,0.00895848,0.00199114,0.29137568,0.32438117,0.18702478,-0.25832560,0.29709797,-0.17042834,-0.27755588,-0.08018481,0.19955412,-0.26776022,-0.26631653,-0.20044581,-0.26385222,2.32054985,0.01100238,-0.00076797,-0.03004606,-0.02557060,0.99922109,2.65407231,0.18119105,0.03305008,2.60854194,-0.17439874,0.01381981,2.25067670,0.21439657,0.02361547,2.04432957,-0.17555961,0.02752346,-0.05894557,1.39081962,-1.26928711,-0.13144980,-3.56449146,1.64600391,-0.24535953,0.46589091,0.91395230,-0.12658466,1.42005424,-0.88682313
0.39414629,0.04013588,-0.02116499,0.03141836,0.59815544,-0.05396391,-0.09756637,0.47978095,-1.48961134,0.15253334,0.28110014,-1.42274914,-0.22488508,1.13673327,-1.62888951,0.20478171,0.47083338,-1.55889840,0.34263732,0.00895848,0.00199114,0.29130929,0.34111787,0.18543878,-0.25886520,0.28942054,-0.17098777,-0.27764199,-0.08832022,0.19871166,-0.26788998,-0.27343453,-0.20143034,-0.26274751,2.32822893,0.01139048,-0.00064430,-0.02454082,-0.02624649,0.99935402,2.67861035,0.17866810,0.03244409,2.60827520,-0.17455346,0.01366729,2.25046098,0.21446419,0.02341930,2.04459813,-0.17540940,0.02856178,-0.16019481,1.29008701,-1.49703264,-0.23115259,-4.08723812,1.94876814,-0.08859318,0.03413102,1.07479124,-0.17744380,1.04763556,-0.42430370
0.38272161,0.03148123,-0.00150510,0.03574960,0.68109904,0.02158848,-0.10133743,0.50357264,-1.51848626,0.14645237,0.19948018,-1.38224053,-0.22392261,1.13517690,-1.61100626,0.20145823,0.48694086,-1.56173050,0.34263732,0.00895848,0.00199114,0.29151541,0.35778473,0.18320513,-0.25982404,0.28156803,-0.17175383,-0.27796298,-0.09629547,0.19801965,-0.26822601,-0.27986334,-0.20161790,-0.26111902,2.33603871,0.01164530,-0.00046281,-0.01770883,-0.02612117,0.99950181,2.70290434,0.17591228,0.03169137,2.60825121,-0.17458114,0.01355243,2.25021780,0.21442442,0.02328940,2.04602635,-0.17507936,0.03039639,-0.18849179,1.15796566,-1.40977597,-0.31077248,-4.01159048,2.00010729,0.06783359,-0.08695967,0.84740269,-0.16101843,0.76005036,-0.09965195
0.39264990,0.02072328,0.01683302,0.03472296,0.66977452,0.04326503,-0.10432232,0.52732975,-1.54476037,0.13954868,0.11517933,-1.33067555,-0.22040974,1.13346193,-1.59685915,0.19875159,0.50124526,-1.56045110,0.34263732,0.00895848,0.00199114,0.29201720,0.37443286,0.18080089,-0.26142433,0.27359353,-0.17230470,-0.27851505,-0.10416396,0.19758937,-0.26882136,-0.28553378,-0.20106914,-0.25938597,2.34394758,0.01166513,-0.00028173,-0.01094496,-0.02569406,0.99960990,2.72717450,0.17299107,0.03059287,2.60832779,-0.17446769,0.01350215,2.25007217,0.21434492,0.02319584,2.04846108,-0.17446942,0.03263122,-0.14632279,1.17941537,-1.29855733,-0.34037728,-4.19016218,2.57963543,0.17491398,-0.08846162,0.69468579,-0.13248779,0.70924263,0.06852246
0.40812740,0.01081093,0.03629499,0.03343223,0.65761746,0.05842810,-0.10649988,0.55120757,-1.56797037,0.13446629,0.02874947,-1.26993995,-0.21672210,1.12824056,-1.58715961,0.19689138,0.51522775,-1.55658524,0.34263732,0.00895848,0.00199114,0.29279150,0.39117128,0.17891115,-0.26293045,0.26549628,-0.17265937,-0.27932168,-0.11211896,0.19745371,-0.26957468,-0.28923601,-0.20044184,-0.25763323,2.35196168,0.01148015,-0.00011279,-0.00446170,-0.02512496,0.99967436,2.75162661,0.17051511,0.02986105,2.60844929,-0.17429831,0.01346982,2.24990327,0.21431681,0.02321682,2.05302174,-0.17417897,0.03515826,-0.10996161,1.21442518,-1.17299085,-0.25099464,-4.39367304,3.09896145,0.18719806,-0.28312879,0.48098704,-0.09358767,0.71077826,0.20166573
0.39736068,0.00887936,0.04945484,0.02957859,0.59620957,0.05724592,-0.10850271,0.57526412,-1.58803086,0.13215881,-0.05206420,-1.20973659,-0.20986383,1.11440759,-1.58219488,0.19494570,0.52951541,-1.55135550,0.34263732,0.00895848,0.00199114,0.29376208,0.40651332,0.17772270,-0.26376538,0.25727759,-0.17300527,-0.28028513,-0.12019507,0.19732748,-0.27046717,-0.28941326,-0.19906080,-0.25689755,2.36006453,0.01125685,0.00004033,0.00166566,-0.02453572,0.99969757,2.77480690,0.16882336,0.02999671,2.60854528,-0.17416131,0.01347695,2.24969442,0.21424313,0.02329492,2.06123445,-0.17336660,0.03686453,-0.09839560,1.18086889,-0.97074363,-0.10433021,-3.91122446,2.92111554,0.36812948,-0.71923728,0.22725216,-0.09872176,0.70420638,0.25728449
0.41731465,0.01749019,0.06030254,0.02754143,0.56766008,0.04910169,-0.11081505,0.59976048,-1.60488024,0.13010118,-0.11916219,-1.15177150,-0.19539982,1.09269876,-1.58252361,0.19220268,0.54473774,-1.54626689,0.34263732,0.00895848,0.00199114,0.29481112,0.41839725,0.17678862,-0.26576893,0.24893991,-0.17348353,-0.28127943,-0.12832485,0.19696871,-0.27142276,-0.28608111,-0.19569493,-0.25783799,2.36819546,0.01118098,0.00017425,0.00725656,-0.02404352,0.99968456,2.79460795,0.16765100,0.02904220,2.60850742,-0.17406959,0.01353170,2.24948814,0.21409109,0.02338836,2.07303722,-0.17053450,0.03697313,-0.12218632,1.26386364,-0.84602091,-0.11303122,-3.35880556,2.99259334,0.79242533,-1.15793762,-0.05717207,-0.14621519,0.78950168,0.25931702
0.39317510,0.02693045,0.06157947,0.02311223,0.48533612,0.04180922,-0.11379890,0.62437958,-1.61846054,0.12662676,-0.16976227,-1.09939861,-0.18147133,1.06755555,-1.59288931,0.18883896,0.56074077,-1.54155099,0.34263732,0.00895848,0.00199114,0.29587004,0.42627249,0.17573953,-0.26952931,0.24056470,-0.17419421,-0.28224156,-0.13642151,0.19640838,-0.27237208,-0.27960662,-0.19222893,-0.25825724,2.37627256,0.01131858,0.00029026,0.01228923,-0.02361090,0.99964565,2.81036675,0.16673687,0.02634072,2.60834491,-0.17403897,0.01362848,2.24927604,0.21394870,0.02349795,2.08790219,-0.16749516,0.03761280,-0.15144224,1.20667839,-0.64308500,-0.18103857,-2.36077070,2.50842977,0.65620589,-1.24814928,-0.58863443,-0.16873811,0.78944945,0.22867146
0.39087381,0.03485361,0.06513842,0.01986254,0.42655897,0.08734973,-0.11743239,0.64934014,-1.62848821,0.12274993,-0.20294389,-1.06113811,-0.17241238,1.03837750,-1.60927253,0.18459281,0.57816720,-1.53763931,0.34263732,0.00895848,0.00199114,0.29691985,0.43052797,0.17470035,-0.27365299,0.23211984,-0.17513907,-0.28312992,-0.14454863,0.19555259,-0.27332912,-0.27054050,-0.18987026,-0.25782602,2.38421614,0.01165538,0.00037784,0.01661964,-0.02276275,0.99960267,2.82225020,0.16657700,0.02326686,2.60812304,-0.17386825,0.01378992,2.24871891,0.21358512,0.02359073,2.10531318,-0.16570306,0.03909383,-0.18191009,1.24031215,-0.49167308,-0.19341909,-1.61534371,1.86877334,0.45068598,-1.46444776,-0.80871620,-0.21030129,0.86845185,0.19159614
0.39224050,0.03920519,0.07005734,0.01538992,0.34704729,0.18730869,-0.12198067,0.67526008,-1.63512383,0.11771774,-0.21640116,-1.04311852,-0.16294495,0.99942222,-1.62350307,0.18101321,0.59754062,-1.53502443,0.34263732,0.00895848,0.00199114,0.29798437,0.43109145,0.17343029,-0.27769610,0.22350634,-0.17639211,-0.28385814,-0.15267752,0.19482482,-0.27409103,-0.25869787,-0.18743658,-0.25849133,2.39201081,0.01209704,0.00042009,0.02008012,-0.02096942,0.99957836,2.82999632,0.16729558,0.02028828,2.60792296,-0.17351332,0.01412623,2.24763820,0.21315346,0.02389334,2.12567980,-0.16432534,0.03949305,-0.23373836,1.32135320,-0.32909826,-0.26202528,-0.62490734,0.84863556,0.48143822,-2.00869620,-0.72027221,-0.17811898,0.98985099,0.13055012
0.38316910,0.03993276,0.06616304,0.00910448,0.22782289,0.27695123,-0.12725236,0.70261135,-1.63794937,0.10916932,-0.20261525,-1.05962169,-0.15481167,0.94951578,-1.63690546,0.17872258,0.61925378,-1.53352039,0.34263732,0.00895848,0.00199114,0.29899693,0.42699986,0.17120286,-0.28077304,0.21459838,-0.17790860,-0.28444002,-0.16083374,0.19441328,-0.27467021,-0.24338372,-0.18532700,-0.25966592,2.39987204,0.01261662,0.00040891,0.02249736,-0.01821313,0.99958090,2.83282530,0.16815045,0.01822389,2.60784686,-0.17299160,0.01455690,2.24622743,0.21275995,0.02432671,2.14989851,-0.16372103,0.03933100,-0.25954472,1.34709854,-0.12176878,-0.43849984,0.79640759,-0.98054123,0.38574582,-2.48602962,-0.65738310,-0.10932719,1.07608254,0.06883565
0.42557233,0.04429775,0.05808406,0.00440662,0.13031453,0.33587706,-0.13253676,0.73111181,-1.63698239,0.09722302,-0.16675040,-1.10785716,-0.14991766,0.89240962,-1.65002005,0.17661347,0.64401689,-1.53355615,0.34263732,0.00895848,0.00199114,0.29976465,0.41948315,0.16796548,-0.28199389,0.20542561,-0.17948864,-0.28494259,-0.16917146,0.19400090,-0.27518044,-0.22557131,-0.18397988,-0.26036520,2.40815213,0.01321853,0.00035757,0.02388695,-0.01498015,0.99960236,2.83248007,0.16853855,0.01777075,2.60810702,-0.17234519,0.01482205,2.24486997,0.21220162,0.02458421,2.17716906,-0.16391937,0.03939944,-0.27086198,1.47246656,0.07276955,-0.63046745,1.95379622,-2.63968835,0.23073251,-2.97410574,-0.67138807,-0.10988326,1.29503477,-0.01332059
0.41829774,0.04020461,0.04280647,0.00069473,0.02638131,0.29899181,-0.13739201,0.76015747,-1.63291121,0.08589620,-0.12309990,-1.16236866,-0.14755093,0.83179969,-1.66167009,0.17464413,0.67164111,-1.53545403,0.34263732,0.00895848,0.00199114,0.30026019,0.41070638,0.16492649,-0.28243436,0.19618614,-0.18099193,-0.28530960,-0.17759107,0.19355892,-0.27555247,-0.20656877,-0.18319037,-0.26034530,2.41670549,0.01383595,0.00028897,0.02429603,-0.01188951,0.99963406,2.83121836,0.16894740,0.01782583,2.60853136,-0.17177094,0.01495059,2.24376833,0.21156401,0.02470772,2.20583808,-0.16438949,0.03991489,-0.23429708,1.42669320,0.21977985,-0.54223657,2.16814375,-2.66389275,0.10064594,-2.98995113,-0.55833423,-0.09457679,1.37308407,-0.10618743
0.41545475,0.03152159,0.03004853,-0.00146528,-0.07676336,0.25041247,-0.14101790,0.78854697,-1.62651968,0.07744344,-0.08004070,-1.20744858,-0.14786706,0.76903085,-1.66964564,0.17352342,0.70190279,-1.53908598,0.34263732,0.00895848,0.00199114,0.30048002,0.40205676,0.16273958,-0.28289372,0.18738985,-0.18218322,-0.28543545,-0.18591589,0.19326453,-0.27572813,-0.18704690,-0.18297896,-0.25957481,2.42512062,0.01432139,0.00022066,0.02356269,-0.00934672,0.99967864,2.83014996,0.16951494,0.01758630,2.60907128,-0.17133376,0.01504457,2.24285085,0.21102836,0.02475189,2.23468511,-0.16512821,0.04090521,-0.17788616,1.40597377,0.31768108,-0.41526090,2.13362880,-2.22270498,-0.02036748,-3.12017407,-0.38629795,-0.05394701,1.50538688,-0.18255052
0.40398256,0.02070253,0.01436553,-0.00295882,-0.19211675,0.18754881,-0.14351639,0.81565225,-1.62082715,0.07149724,-0.03872145,-1.24457364,-0.15032302,0.70393549,-1.67165256,0.17330472,0.73410070,-1.54425762,0.34263732,0.00895848,0.00199114,0.30043070,0.39397528,0.16126782,-0.28307984,0.17964701,-0.18300966,-0.28497803,-0.19395719,0.19315145,-0.27575822,-0.16723520,-0.18330599,-0.25854795,2.43309810,0.01461731,0.00016281,0.02172855,-0.00746432,0.99973603,2.82943747,0.16998442,0.01735087,2.60999243,-0.17105438,0.01545267,2.24204662,0.21064335,0.02467249,2.26314447,-0.16617114,0.04188275,-0.12451084,1.37777004,0.28253450,-0.29565914,2.09838324,-1.87028899,-0.12747360,-3.31425662,-0.08407489,-0.00912623,1.64232764,-0.26819976
0.36136445,0.01238672,-0.00603216,-0.00409412,-0.31060706,0.08059486,-0.14497683,0.84299845,-1.61972423,0.06832988,0.00147195,-1.27422721,-0.15384303,0.63866944,-1.66541431,0.17385252,0.76879318,-1.55249135,0.34263732,0.00895848,0.00199114,0.30006170,0.38640029,0.16058649,-0.28298632,0.17320929,-0.18341369,-0.28338495,-0.20155386,0.19313376,-0.27551523,-0.14786044,-0.18395499,-0.25786226,2.44051344,0.01478068,0.00012257,0.01866833,-0.00654999,0.99980427,2.82898457,0.17029078,0.01707538,2.61130478,-0.17088665,0.01667675,2.24150732,0.21053861,0.02454647,2.29025552,-0.16722126,0.04219944,-0.06770702,1.34469826,0.02623867,-0.14463943,1.96667190,-1.42420030,-0.17665887,-3.19201083,0.34234241,0.02945311,1.71322393,-0.42088029
0.35208314,0.00881876,-0.02497427,-0.00567797,-0.44093565,-0.01394552,-0.14609327,0.86963426,-1.62874517,0.06728678,0.04049287,-1.29781473,-0.15873869,0.57501116,-1.65065482,0.17446322,0.80618560,-1.56476624,0.34263732,0.00895848,0.00199114,0.29940802,0.37935872,0.16050859,-0.28256958,0.16920292,-0.18347837,-0.27994009,-0.20864867,0.19297710,-0.27494076,-0.12934631,-0.18504504,-0.25762928,2.44739811,0.01487029,0.00009536,0.01450623,-0.00658250,0.99987311,2.82883723,0.17037030,0.01683844,2.61417067,-0.17081992,0.01946793,2.24130828,0.21057776,0.02446725,2.31562669,-0.16845572,0.04177874,-0.05803827,1.35840237,-0.54466930,-0.04221111,1.99953966,-1.18023996,-0.26253171,-3.26701474,0.81254975,0.02920207,1.94019995,-0.65694306
0.31547710,0.00371567,-0.04000276,-0.00667536,-0.48047611,-0.07467516,-0.14832835,0.88701689,-1.65125501,0.06775296,0.07800767,-1.31741214,-0.16437590,0.51127392,-1.62765944,0.17455360,0.84513611,-1.57975399,0.34263732,0.00895848,0.00199114,0.29850373,0.37282530,0.16084915,-0.28181376,0.17039671,-0.18356144,-0.27439599,-0.21531129,0.19254821,-0.27416483,-0.11124529,-0.18640903,-0.25775758,2.45387185,0.01486752,0.00007032,0.00968136,-0.00726313,0.99992675,2.82899439,0.17028384,0.01668997,2.62158406,-0.17114982,0.02410774,2.24138033,0.21052315,0.02433890,2.33993042,-0.16990582,0.04074614,-0.12027428,0.76695395,-1.19995368,0.03254764,1.82814574,-0.93657124,-0.27891552,-3.12937689,1.18447042,0.00032081,1.91768467,-0.75011390
0.31179435,0.00018418,-0.05424828,-0.00797234,-0.50045914,-0.12694705,-0.15424090,0.87294185,-1.66664529,0.06934211,0.11495975,-1.33576145,-0.17045640,0.44740572,-1.59651351,0.17512708,0.88484588,-1.59592812,0.34263732,0.00895848,0.00199114,0.29735805,0.36646357,0.16149306,-0.28073361,0.17955975,-0.18484075,-0.26979766,-0.22174393,0.19216270,-0.27307147,-0.09359729,-0.18797764,-0.25804783,2.46014230,0.01476637,0.00003870,0.00464027,-0.00852749,0.99995287,2.82930677,0.16998606,0.01662444,2.63652356,-0.17310982,0.02756039,2.24170787,0.21068286,0.02428658,2.36335275,-0.17158768,0.03931021,-0.29936137,-0.76539164,-0.71177362,0.08023001,1.83447099,-0.91092023,-0.30557479,-3.16771507,1.55564358,0.03025938,1.97136674,-0.80281572
0.32075521,-0.00165547,-0.06546424,-0.00976090,-0.51792529,-0.15745654,-0.16203690,0.82584414,-1.65486045,0.07151161,0.15219230,-1.35412254,-0.17829987,0.38562641,-1.56143222,0.17653448,0.92488439,-1.61191785,0.34263732,0.00895848,0.00199114,0.29608034,0.36003008,0.16228853,-0.27944291,0.19413225,-0.18726339,-0.26885851,-0.22814162,0.19194998,-0.27175645,-0.07667619,-0.19002171,-0.25793512,2.46644428,0.01460917,-0.00000584,-0.00044795,-0.01007547,0.99994914,2.82967136,0.16961018,0.01663743,2.65676377,-0.17652795,0.02722183,2.24221675,0.21111720,0.02432389,2.38595474,-0.17382895,0.03814522,-0.39320546,-2.45152988,0.65461386,0.11075998,1.89440141,-0.93327826,-0.40122837,-3.13217497,1.78517969,0.07266009,2.03741298,-0.81156163
0.31404974,-0.00321950,-0.06988579,-0.01127059,-0.51364002,-0.12254642,-0.16714889,0.76192045,-1.62618177,0.07340302,0.19001962,-1.37237945,-0.18513242,0.33103863,-1.52873316,0.17830428,0.96576401,-1.62722225,0.34263732,0.00895848,0.00199114,0.29473181,0.35347692,0.16299951,-0.27804806,0.21149274,-0.18931066,-0.26994299,-0.23468520,0.19178026,-0.27037366,-0.06136264,-0.19173537,-0.25737254,2.47285268,0.01440127,-0.00006545,-0.00567194,-0.01137492,0.99991921,2.82994616,0.16931745,0.01668375,2.67998412,-0.17967159,0.02478882,2.24259098,0.21147069,0.02435816,2.40714419,-0.17588855,0.03735927,-0.23235327,-3.16003261,1.43541303,0.08894608,1.85805740,-0.89522247,-0.31929155,-2.62945805,1.57702661,0.08764301,2.00934119,-0.74753759
0.33700573,-0.00494826,-0.07903073,-0.01326977,-0.56178706,-0.03189695,-0.16968017,0.69828508,-1.59528792,0.07388754,0.22906848,-1.39108291,-0.18714463,0.29093040,-1.50348253,0.18079157,1.00772902,-1.64163284,0.34263732,0.00895848,0.00199114,0.29334554,0.34671197,0.16330122,-0.27661448,0.22900027,-0.19061561,-0.27059100,-0.24143807,0.19174093,-0.26891173,-0.04931764,-0.19218963,-0.25723100,2.47940853,0.01415397,-0.00013128,-0.01110295,-0.01181497,0.99986855,2.82988245,0.16921689,0.01673106,2.70384066,-0.18181963,0.02275454,2.24256866,0.21154648,0.02443381,2.42556326,-0.17681663,0.03611454,-0.12233625,-3.24233661,1.58126173,0.01366287,2.01909103,-0.96729252,-0.06799592,-1.95690813,1.24661460,0.13493671,2.16581655,-0.73487613
0.32751431,-0.00865140,-0.07810942,-0.01308121,-0.56829602,0.07798135,-0.17302255,0.64003295,-1.56542313,0.07265454,0.26960433,-1.41012335,-0.18552674,0.27166522,-1.48785031,0.18500406,1.05032039,-1.65427804,0.34263732,0.00895848,0.00199114,0.29197368,0.33971708,0.16310078,-0.27515325,0.24558322,-0.19204434,-0.26993930,-0.24836213,0.19210505,-0.26739690,-0.04212775,-0.19185387,-0.25830696,2.48611367,0.01383868,-0.00018832,-0.01684976,-0.01117388,0.99979558,2.82939112,0.16930621,0.01682043,2.72734344,-0.18364636,0.02203438,2.24210703,0.21144653,0.02457678,2.43970859,-0.17702573,0.03366672,-0.17532793,-2.81739211,1.45781028,-0.07226843,1.99753034,-0.93460780,0.09908658,-0.78779984,0.69556510,0.22033469,2.09135151,-0.60559720
0.32998551,-0.01546253,-0.07726943,-0.01310532,-0.63412254,0.14876495,-0.17564393,0.57978053,-1.52926624,0.07046493,0.31131192,-1.42753704,-0.18257645,0.28144621,-1.49177842,0.19076879,1.09440763,-1.66478784,0.34263732,0.00895848,0.00199114,0.29072102,0.33259120,0.16261819,-0.27366875,0.26269656,-0.19331913,-0.26886729,-0.25559294,0.19277135,-0.26596943,-0.04122119,-0.19120391,-0.25995009,2.49282644,0.01339933,-0.00022377,-0.02322049,-0.00969215,0.99968336,2.82850807,0.16953844,0.01705227,2.75172541,-0.18497680,0.02185373,2.24101913,0.21109005,0.02475160,2.44790580,-0.17696941,0.03077093,-0.12478168,-3.00200839,1.81456037,-0.10932793,2.07085667,-0.86083549,0.14704595,0.52499163,-0.23227219,0.28756970,2.19041243,-0.51901936
0.33518368,-0.01780760,-0.07703452,-0.01160750,-0.66604694,0.19613220,-0.17601449,0.51442356,-1.48365057,0.06788237,0.35316076,-1.44361527,-0.18004726,0.31062791,-1.51448960,0.19735875,1.13864334,-1.67331789,0.34263732,0.00895848,0.00199114,0.28959961,0.32541593,0.16200395,-0.27220146,0.28071233,-0.19407773,-0.26818077,-0.26298142,0.19355677,-0.26458436,-0.04423196,-0.19045715,-0.26069276,2.49947956,0.01294143,-0.00022959,-0.02978918,-0.00777716,0.99952592,2.82737701,0.16986200,0.01739815,2.77713788,-0.18548094,0.02141884,2.23954189,0.21056699,0.02501525,2.45228927,-0.17680437,0.02890684,-0.01739388,-3.32885852,2.33332849,-0.13245341,2.12695713,-0.81773499,0.12336869,1.51627905,-1.18917615,0.33722934,2.24392338,-0.42611814
0.33850242,-0.01305937,-0.07353579,-0.00700495,-0.51211959,0.18877004,-0.17646593,0.44853538,-1.43634641,0.06524216,0.39355978,-1.46048372,-0.17989649,0.35179874,-1.54884541,0.20406508,1.17800758,-1.67646487,0.34263732,0.00895848,0.00199114,0.28857449,0.31809721,0.16131979,-0.27097443,0.29841275,-0.19477294,-0.26720232,-0.27049191,0.19443832,-0.26334653,-0.05030756,-0.19014901,-0.26031559,2.50643427,0.01258377,-0.00020371,-0.03518905,-0.00582405,0.99936368,2.82639010,0.17018511,0.01760006,2.80255663,-0.18565401,0.02137216,2.23822696,0.21016153,0.02522795,2.45391390,-0.17696598,0.02825889,-0.02649689,-3.22285032,2.30236607,-0.12725530,1.96953785,-0.83455613,-0.00297830,2.05655298,-1.71424775,0.32476624,1.89615967,-0.12044626
0.37640587,-0.01161054,-0.06453419,-0.00230453,-0.21370491,0.09641091,-0.17675815,0.38277823,-1.39473999,0.06413284,0.43011061,-1.47986510,-0.18050482,0.39519822,-1.58283088,0.20824159,1.20716903,-1.67012341,0.34263732,0.00895848,0.00199114,0.28783038,0.31056552,0.16100432,-0.27025126,0.31537662,-0.19510123,-0.26582673,-0.27836074,0.19499379,-0.26254173,-0.05844342,-0.19003363,-0.25970488,2.51377413,0.01228588,-0.00017840,-0.03769337,-0.00473280,0.99927813,2.82585080,0.17034122,0.01757912,2.82728856,-0.18579392,0.02200365,2.23727291,0.20990762,0.02528866,2.45353329,-0.17718564,0.02812550,-0.00837081,-3.39094658,2.09718761,-0.04265012,1.85100639,-1.01665678,-0.02801861,2.21520538,-1.71126046,0.19153755,1.42606876,0.39300566
0.36906329,-0.00967010,-0.04104582,0.00184675,0.18564716,-0.08450142,-0.17480974,0.31284362,-1.35780180,0.06572625,0.46108943,-1.50257361,-0.18014242,0.42904016,-1.60518968,0.20859337,1.22364676,-1.65562046,0.34263732,0.00895848,0.00199114,0.28748390,0.30291625,0.16138637,-0.27008834,0.33219669,-0.19438595,-0.26480112,-0.28624203,0.19499362,-0.26185878,-0.06669092,-0.18983192,-0.25955338,2.52132070,0.01200548,-0.00019394,-0.03636665,-0.00532924,0.99932429,2.82594097,0.17015195,0.01739556,2.85142529,-0.18591241,0.02268278,2.23717463,0.21004090,0.02562512,2.45260894,-0.17710435,0.02793052,0.11451279,-3.46628332,1.78462613,0.09818462,1.47740269,-1.13729858,0.02581845,1.57348013,-0.99891770,-0.00984002,0.71666515,0.76134062
0.37184802,0.00174543,-0.02167172,0.00684799,0.49068820,-0.27114737,-0.17067096,0.23464196,-1.31688466,0.06971435,0.48703008,-1.52821548,-0.17989670,0.45132412,-1.61371293,0.20504014,1.22849388,-1.63896849,0.34263732,0.00895848,0.00199114,0.28751016,0.29514875,0.16237975,-0.27041146,0.34933330,-0.19277856,-0.26492878,-0.29321597,0.19432487,-0.26073383,-0.07460745,-0.18988273,-0.25991861,2.52882950,0.01190915,-0.00024971,-0.03149039,-0.00800602,0.99947196,2.82654164,0.16953989,0.01709870,2.87502973,-0.18644086,0.02258138,2.23876417,0.21090630,0.02677633,2.45118978,-0.17675403,0.02759156,0.20766777,-3.88830318,2.03093233,0.19934422,1.28335211,-1.27498496,0.01069199,1.09286243,-0.40586746,-0.18394019,0.23150811,0.82265596
0.37670662,0.02061249,-0.00381405,0.01317166,0.64335783,-0.40001523,-0.16543285,0.15254597,-1.27379274,0.07398850,0.51118250,-1.55448525,-0.18042646,0.46729314,-1.61384621,0.19725705,1.22918086,-1.62412851,0.34263732,0.00895848,0.00199114,0.28779656,0.28726707,0.16340467,-0.27097995,0.36668437,-0.19061348,-0.26499670,-0.29945393,0.19266602,-0.25944579,-0.08221419,-0.19029598,-0.26064867,2.53624032,0.01212340,-0.00029543,-0.02519129,-0.01191010,0.99961166,2.82731917,0.16863717,0.01681661,2.89827898,-0.18717270,0.02279986,2.24146192,0.21186960,0.02835077,2.44951541,-0.17615970,0.02714789,0.26819021,-4.18466911,2.20851803,0.21530194,1.22691929,-1.33384840,-0.02846587,0.80252692,0.00693500,-0.40604653,0.02986105,0.75212002
0.36541250,0.03550098,0.01586197,0.01875969,0.65158489,-0.39443760,-0.16006453,0.06769948,-1.22394013,0.07699864,0.53496114,-1.57967777,-0.18160404,0.48045986,-1.60959873,0.18653139,1.22771759,-1.61065295,0.34263732,0.00895848,0.00199114,0.28836930,0.27929015,0.16404769,-0.27179813,0.38404356,-0.18832690,-0.26511478,-0.30503302,0.19027282,-0.25832293,-0.08965139,-0.19097588,-0.26156514,2.54368527,0.01259533,-0.00029208,-0.01854684,-0.01597477,0.99970032,2.82807434,0.16763562,0.01657118,2.92151549,-0.18790604,0.02325453,2.24488742,0.21251715,0.03004638,2.44797776,-0.17541858,0.02680416,0.26002069,-4.16285925,2.46829834,0.14026453,1.16545236,-1.22972090,-0.06032568,0.64164151,0.21740266,-0.52947100,-0.08031199,0.65361328
0.38918667,0.03821790,0.03734176,0.02480721,0.68876968,-0.29277353,-0.15611324,-0.01275177,-1.17224960,0.07841160,0.55875520,-1.60381613,-0.18316397,0.49322311,-1.60357041,0.17735161,1.22297416,-1.60136001,0.34263732,0.00895848,0.00199114,0.28923931,0.27126818,0.16423048,-0.27276348,0.39986030,-0.18641358,-0.26526118,-0.30895378,0.18823040,-0.25683943,-0.09723825,-0.19180871,-0.26251117,2.55123932,0.01306628,-0.00022341,-0.01185833,-0.01899892,0.99974915,2.82855136,0.16687170,0.01647582,2.94372838,-0.18840487,0.02397813,2.24966018,0.21289907,0.03239987,2.44678376,-0.17490950,0.02672813,0.19126962,-4.08821325,2.65320215,0.06331258,1.22505214,-1.23664591,-0.08158131,0.65674075,0.31958044,-0.45127209,-0.27066960,0.44000356
0.37014506,0.01860849,0.05609075,0.02648954,0.66468689,-0.11299686,-0.15360633,-0.07772280,-1.12828159,0.07910939,0.58197957,-1.62617147,-0.18356279,0.50629693,-1.59670281,0.16834292,1.20959926,-1.59870517,0.34263732,0.00895848,0.00199114,0.29041532,0.26326220,0.16422312,-0.27388531,0.41165277,-0.18499334,-0.26616272,-0.30926563,0.18628211,-0.25566106,-0.10512385,-0.19236493,-0.26357955,2.55879247,0.01319862,-0.00010379,-0.00508818,-0.02039436,0.99977906,2.82853281,0.16654909,0.01653001,2.96255863,-0.18842834,0.02425259,2.25738084,0.21193785,0.03475426,2.44591129,-0.17471926,0.02683576,0.11410782,-3.05649185,2.08284569,0.03137746,1.13270557,-1.08093369,-0.00759258,0.64400363,0.34074220,-0.44935501,-0.72846687,0.08208611
0.36097485,-0.00539295,0.07701147,0.02558219,0.61913793,-0.05977505,-0.15008386,-0.12565882,-1.08833952,0.08047411,0.60450553,-1.64360449,-0.18116924,0.52071372,-1.59014993,0.15314623,1.18026576,-1.59977851,0.34263732,0.00895848,0.00199114,0.29193985,0.25527936,0.16446102,-0.27524823,0.41903313,-0.18364654,-0.26921995,-0.30422024,0.18291371,-0.25707873,-0.11322184,-0.19217056,-0.26495150,2.56607502,0.01279755,0.00002569,0.00119712,-0.02097746,0.99977923,2.82802813,0.16640595,0.01669162,2.97703617,-0.18826401,0.02271990,2.26979496,0.20831101,0.03486112,2.44489210,-0.17445471,0.02698836,0.18057415,-2.35463533,1.96778023,0.06982086,1.11860473,-0.85439754,0.12070090,0.71932952,0.32327297,-0.75583540,-1.47242744,-0.06120055
0.34317353,-0.02102791,0.09563981,0.02129062,0.49823581,-0.12299495,-0.14336527,-0.15985355,-1.05669918,0.08288265,0.62761389,-1.65504768,-0.17826558,0.53741628,-1.58473659,0.13886597,1.14481339,-1.60589757,0.34263732,0.00895848,0.00199114,0.29372530,0.24725008,0.16506570,-0.27671061,0.42373873,-0.18162109,-0.27285431,-0.29582089,0.17965138,-0.25920842,-0.12126787,-0.19180581,-0.26643461,2.57284944,0.01209361,0.00013782,0.00617096,-0.02215147,0.99973557,2.82716811,0.16604589,0.01701469,2.98812778,-0.18811785,0.02087099,2.28527615,0.20467144,0.03451688,2.44320495,-0.17415265,0.02729069,0.34936708,-1.70557404,1.58834064,0.12435014,1.17805851,-0.56782843,0.14584479,0.85593157,0.27230715,-0.71404799,-1.80058539,-0.32685476
0.31787813,-0.02803896,0.10352486,0.01453105,0.31814643,-0.17132229,-0.13382897,-0.17738886,-1.03607478,0.08573495,0.65218003,-1.66073775,-0.17615888,0.55729059,-1.58084881,0.12885028,1.11026790,-1.61694741,0.34263732,0.00895848,0.00199114,0.29570400,0.23906411,0.16587198,-0.27821280,0.42531244,-0.17905855,-0.27705111,-0.28588469,0.17728691,-0.26085211,-0.12930834,-0.19161703,-0.26791170,2.57932436,0.01122145,0.00022897,0.00955204,-0.02387602,0.99966927,2.82603471,0.16549124,0.01749120,2.99560349,-0.18793760,0.01865290,2.30222943,0.20195452,0.03485189,2.44101555,-0.17400383,0.02779230,0.47619988,-0.77869837,0.95424651,0.13959749,1.21158004,-0.25734619,0.09995874,0.98938656,0.18301430,-0.47922378,-1.69053493,-0.55147057
0.35712735,-0.03292736,0.10863012,0.00933990,0.18904794,-0.18394934,-0.12314106,-0.17182377,-1.03827662,0.08841736,0.67863333,-1.66205840,-0.17435578,0.58044780,-1.57876422,0.12138238,1.07279170,-1.62929196,0.34263732,0.00895848,0.00199114,0.29766670,0.23059527,0.16669366,-0.27968894,0.42273553,-0.17628407,-0.28098064,-0.27415884,0.17550548,-0.26266942,-0.13743014,-0.19146120,-0.26936912,2.58619750,0.01023674,0.00029677,0.01154384,-0.02567027,0.99960377,2.82504470,0.16487491,0.01797776,2.99932768,-0.18751272,0.01668606,2.32140820,0.19958265,0.03499728,2.43912137,-0.17391821,0.02829758,0.55298861,0.45023720,-0.30124258,0.13644038,1.37410402,-0.04405870,0.09318305,1.21107380,0.09591509,-0.36948576,-1.96447682,-0.63862305
0.37028676,-0.03223525,0.09320404,0.00470007,0.08806643,-0.16206543,-0.11377981,-0.14126340,-1.07285035,0.09106576,0.70634621,-1.65998077,-0.17214222,0.60567558,-1.57806981,0.11809847,1.02756679,-1.64362764,0.34263732,0.00895848,0.00199114,0.29941452,0.22186147,0.16754994,-0.28110400,0.41599784,-0.17376831,-0.28311035,-0.25938591,0.17479007,-0.26427604,-0.14552931,-0.19113696,-0.27080622,2.59366357,0.00917429,0.00034371,0.01256468,-0.02734274,0.99954709,2.82435310,0.16434464,0.01831052,2.99953949,-0.18707648,0.01630417,2.34422123,0.19788343,0.03513847,2.43790257,-0.17372083,0.02860829,0.44460022,1.67030966,-1.92864490,0.13021247,1.36525130,0.12453163,0.11236439,1.24844027,0.02546871,-0.12657484,-2.27707267,-0.72080946
0.39208227,-0.02804984,0.08054637,0.00132339,0.02412470,-0.13376795,-0.10817384,-0.09980081,-1.11706538,0.09339877,0.73411326,-1.65494807,-0.17000716,0.63244581,-1.57843928,0.11862775,0.97360926,-1.65861027,0.34263732,0.00895848,0.00199114,0.30084466,0.21309054,0.16835419,-0.28242660,0.40725313,-0.17228914,-0.28431343,-0.24167001,0.17501394,-0.26523551,-0.15358649,-0.19076597,-0.27209820,2.60155342,0.00814944,0.00036861,0.01283295,-0.02871169,0.99950529,2.82395685,0.16399367,0.01841806,2.99824483,-0.18723373,0.01653122,2.37032850,0.19674771,0.03560915,2.43726938,-0.17348541,0.02874646,0.27288974,2.05459499,-2.17701018,0.11413677,1.37807541,0.25249122,0.10431498,1.33155222,-0.02038645,0.02805841,-2.68752732,-0.73957746
0.40231020,-0.02135272,0.06685076,-0.00319534,-0.05392185,-0.05507372,-0.10540482,-0.05996948,-1.15248952,0.09473036,0.76171851,-1.64861143,-0.16864342,0.66097436,-1.58023973,0.12024741,0.91516356,-1.67113912,0.34263732,0.00895848,0.00199114,0.30197774,0.20454782,0.16887885,-0.28350665,0.39870314,-0.17169580,-0.28558699,-0.22276236,0.17546684,-0.26579447,-0.16158415,-0.19054316,-0.27313391,2.60946300,0.00725885,0.00036196,0.01234371,-0.02930740,0.99949416,2.82355468,0.16386225,0.01847109,2.99742076,-0.18750360,0.01639075,2.39736469,0.19547678,0.03618327,2.43699176,-0.17348906,0.02884383,0.13478118,2.02292643,-1.78569300,0.06486971,1.40286665,0.32427835,0.06832995,1.45598416,-0.09662482,0.08552161,-2.97880511,-0.63016629
0.37482795,-0.01597583,0.04618873,-0.00903387,-0.15556700,0.08441197,-0.10545067,-0.02104453,-1.18121905,0.09514668,0.78830975,-1.64153619,-0.16731995,0.69201059,-1.58463984,0.12361949,0.85394028,-1.68017323,0.34263732,0.00895848,0.00199114,0.30278267,0.19669581,0.16913575,-0.28416921,0.39045055,-0.17196175,-0.28654564,-0.20316982,0.17632027,-0.26587565,-0.16942827,-0.19023368,-0.27394083,2.61712754,0.00648753,0.00031062,0.01084975,-0.02857425,0.99953274,2.82316458,0.16411011,0.01861346,2.99711649,-0.18749924,0.01623703,2.42436244,0.19412663,0.03690702,2.43710821,-0.17375628,0.02884185,-0.01496409,1.90611501,-1.38182070,0.01845509,1.29620113,0.34911771,0.06700876,1.53345494,-0.22872755,0.17472645,-3.01265903,-0.42587586
0.37170824,-0.01394781,0.02810478,-0.01484651,-0.27083152,0.22947384,-0.10823650,0.01688426,-1.20342259,0.09568020,0.81309835,-1.63505664,-0.16582476,0.72550468,-1.59184799,0.12889074,0.78882858,-1.68385055,0.34263732,0.00895848,0.00199114,0.30324970,0.18997669,0.16939643,-0.28413551,0.38253376,-0.17307609,-0.28719270,-0.18280259,0.17762605,-0.26560811,-0.17702894,-0.18976562,-0.27453567,2.62438700,0.00582022,0.00022169,0.00833429,-0.02649837,0.99961409,2.82307150,0.16491379,0.01911419,2.99721396,-0.18727943,0.01605700,2.45125177,0.19288168,0.03764159,2.43755291,-0.17429990,0.02871403,-0.15930274,1.94344659,-1.10065234,0.03095033,1.26420374,0.32435723,0.07645295,1.73748932,-0.38731376,0.28165415,-3.38126702,-0.14928578
0.33381340,-0.00789124,0.00843188,-0.01599048,-0.32235433,0.30936616,-0.11293995,0.05329490,-1.22057104,0.09694096,0.83552092,-1.63194430,-0.16505978,0.76033044,-1.60112667,0.13526902,0.71770042,-1.67910588,0.34263732,0.00895848,0.00199114,0.30339652,0.18480031,0.16979692,-0.28311957,0.37501678,-0.17478840,-0.28754470,-0.16155052,0.17920735,-0.26527021,-0.18429719,-0.18940138,-0.27478889,2.63123930,0.00531401,0.00012034,0.00512721,-0.02346506,0.99971150,2.82380259,0.16625351,0.02027695,2.99764240,-0.18687688,0.01585182,2.47827470,0.19190361,0.03812631,2.43825877,-0.17523198,0.02860764,-0.24228849,1.77384925,-0.80979568,0.06738042,1.08114052,0.12362003,0.03056491,1.71418738,-0.46788943,0.31891814,-3.53235698,0.29737806
0.32710172,0.00080634,-0.00529485,-0.01510827,-0.35301775,0.33531368,-0.11859152,0.08814365,-1.23463042,0.10027626,0.84971076,-1.63186176,-0.16448823,0.79608737,-1.61161880,0.14233992,0.64081930,-1.66015363,0.34263732,0.00895848,0.00199114,0.30327842,0.18265345,0.17072372,-0.28127568,0.36785507,-0.17681157,-0.28760935,-0.14014894,0.18109002,-0.26540857,-0.19139360,-0.18901897,-0.27477202,2.63783295,0.00505854,0.00003296,0.00157595,-0.02007767,0.99979718,2.82719324,0.16831157,0.02200274,2.99829295,-0.18637887,0.01566907,2.50506728,0.19162916,0.03786985,2.43900506,-0.17612411,0.02850640,-0.28076324,1.72894096,-0.69956547,0.17070034,0.68511430,0.00263330,0.02873719,1.77641451,-0.52510505,0.35157164,-3.80977430,0.94262874
0.32335404,0.00844843,-0.02111465,-0.01392122,-0.38273205,0.30653254,-0.12416248,0.12256106,-1.24908116,0.10638087,0.85428673,-1.63443396,-0.16413559,0.83243169,-1.62377086,0.14994253,0.56634201,-1.63643422,0.34263732,0.00895848,0.00199114,0.30290298,0.18380698,0.17239003,-0.27870190,0.36093527,-0.17878846,-0.28720690,-0.11965618,0.18305574,-0.26496428,-0.19822011,-0.18860776,-0.27439245,2.64420474,0.00499873,-0.00003536,-0.00217884,-0.01704124,0.99985241,2.83377960,0.17102493,0.02420108,2.99883769,-0.18598571,0.01569609,2.53085616,0.19202574,0.03793871,2.43967245,-0.17674461,0.02851053,-0.28187128,1.74907756,-0.73258609,0.31655045,0.21544995,-0.14743401,0.01504540,1.84776733,-0.61776729,0.38895000,-3.78722839,1.23815048
0.30096368,0.01744828,-0.03560754,-0.01193176,-0.38634368,0.24649311,-0.12928230,0.15673834,-1.26308537,0.11525173,0.85056450,-1.64654088,-0.16553974,0.86843712,-1.63579237,0.15892494,0.49338707,-1.60081556,0.34263732,0.00895848,0.00199114,0.30227211,0.18884765,0.17465657,-0.27428935,0.35411591,-0.18063121,-0.28661321,-0.10047941,0.18555262,-0.26525749,-0.20477652,-0.18863195,-0.27370683,2.65037525,0.00515618,-0.00008699,-0.00611097,-0.01448966,0.99987634,2.84420459,0.17426720,0.02798277,2.99910834,-0.18566034,0.01565890,2.55531476,0.19354246,0.03701462,2.44021876,-0.17746278,0.02856528,-0.25013246,1.67624621,-0.68788103,0.44699283,-0.22129661,-0.64604980,-0.07894249,1.76319084,-0.58864983,0.44818589,-3.56259189,1.78431475
0.30777684,0.02877459,-0.04978456,-0.01060973,-0.40089554,0.19464225,-0.13434899,0.19100259,-1.27785382,0.12564114,0.83205900,-1.66160131,-0.16910730,0.90381677,-1.64670460,0.17062309,0.42454737,-1.55661395,0.34263732,0.00895848,0.00199114,0.30144507,0.19845957,0.17724112,-0.26906387,0.34730062,-0.18242691,-0.28574746,-0.08297958,0.18893202,-0.26587321,-0.21124621,-0.18921599,-0.27273450,2.65640056,0.00553840,-0.00012467,-0.01002190,-0.01251509,0.99987145,2.85923421,0.17775665,0.03238120,2.99902632,-0.18552412,0.01569762,2.57817585,0.19648817,0.03557187,2.44048455,-0.17833093,0.02871058,-0.26114380,1.76355963,-0.76699497,0.53783237,-1.07185099,-0.74859922,-0.19611005,1.81611328,-0.55014421,0.62320822,-3.51316485,2.32665818
0.28429848,0.03167597,-0.05388148,-0.00834313,-0.35005128,0.07169983,-0.13883801,0.22500327,-1.29404652,0.13269454,0.79382449,-1.66148174,-0.17411405,0.93817317,-1.65501213,0.18658151,0.36262333,-1.50609529,0.34263732,0.00895848,0.00199114,0.30051562,0.21134582,0.17914117,-0.26624183,0.34051844,-0.18399322,-0.28469039,-0.06785916,0.19365985,-0.26667071,-0.21790551,-0.19019097,-0.27168773,2.66226637,0.00603802,-0.00015841,-0.01364365,-0.01160869,0.99983952,2.87771451,0.18022387,0.03427379,2.99842107,-0.18581176,0.01582523,2.59892190,0.20122121,0.03384491,2.44000375,-0.17904235,0.02882789,-0.21422698,1.66413438,-0.80467671,0.31167880,-2.01461244,0.14287584,-0.25398940,1.67628241,-0.38681307,0.81466573,-2.98104906,2.51541400
0.26580783,0.02328451,-0.05586320,-0.00770717,-0.32538830,-0.06291697,-0.14184411,0.25893434,-1.31187096,0.13385444,0.74320707,-1.64742632,-0.18098048,0.97149637,-1.66034155,0.20619553,0.31685355,-1.45852563,0.34263732,0.00895848,0.00199114,0.29957066,0.22580794,0.17964252,-0.26567131,0.33372022,-0.18505057,-0.28357178,-0.05705899,0.19955953,-0.26736567,-0.22486140,-0.19165537,-0.27049471,2.66769283,0.00638756,-0.00020703,-0.01692067,-0.01220438,0.99978233,2.89781864,0.18046449,0.03389935,2.99679644,-0.18675412,0.01599888,2.61552217,0.20728046,0.03220499,2.43822005,-0.17972174,0.02907594,-0.14763203,1.68508637,-0.88613535,0.05358863,-2.51741362,0.70287259,-0.34469848,1.65309293,-0.26102767,0.97360432,-2.23113711,2.33509848
0.25198035,0.01418404,-0.05771480,-0.00922611,-0.35419010,-0.15442509,-0.14421329,0.29360353,-1.33006420,0.13345915,0.69101472,-1.63085637,-0.18981018,1.00473788,-1.66404576,0.22493421,0.29456940,-1.42729042,0.34263732,0.00895848,0.00199114,0.29864035,0.24064736,0.17969545,-0.26485368,0.32684215,-0.18589149,-0.28229363,-0.05148242,0.20521030,-0.26777732,-0.23192065,-0.19358869,-0.26915886,2.67268436,0.00652591,-0.00028030,-0.02037796,-0.01369423,0.99969852,2.91816356,0.17956224,0.03378666,2.99431202,-0.18824853,0.01634671,2.62684228,0.21306940,0.03086302,2.43554804,-0.18063748,0.02948149,-0.12027089,1.76596081,-0.92366701,-0.02017348,-2.65098896,0.84643261,-0.45262271,1.69246480,-0.18622594,0.94568267,-1.07167821,1.53859320
0.26458765,0.02487824,-0.06080933,-0.01213172,-0.40608990,-0.21907506,-0.14625796,0.32953708,-1.34720066,0.13328257,0.64018385,-1.61189108,-0.20021263,1.03908432,-1.66692438,0.23868428,0.29888400,-1.41821446,0.34263732,0.00895848,0.00199114,0.29766919,0.25527488,0.17979595,-0.26342666,0.31982883,-0.18665040,-0.28085526,-0.05139618,0.20939072,-0.26833257,-0.23906501,-0.19583498,-0.26777741,2.67809398,0.00683514,-0.00038991,-0.02445828,-0.01586039,0.99957495,2.93894460,0.17844168,0.03424253,2.99184010,-0.18986825,0.01681393,2.63336685,0.21775106,0.02933662,2.43293622,-0.18131663,0.02989178,-0.09759016,1.76704836,-0.83360527,-0.00633913,-2.48673363,0.94399586,-0.51657206,1.68987014,-0.13833746,0.64314845,0.32052921,0.35063659
0.31055419,0.04535574,-0.07077275,-0.01635576,-0.46434152,-0.34965659,-0.14695754,0.36618073,-1.36346295,0.13389422,0.58763125,-1.58719354,-0.21243234,1.07340643,-1.66830029,0.24371967,0.32567617,-1.43204060,0.34263732,0.00895848,0.00199114,0.29665151,0.27011657,0.18016667,-0.26182567,0.31275227,-0.18700647,-0.27943379,-0.05562916,0.21089909,-0.26904560,-0.24621868,-0.19845962,-0.26633953,2.68414772,0.00744499,-0.00055488,-0.02894618,-0.01909495,0.99939842,2.96094930,0.17716203,0.03482584,2.98952830,-0.19137176,0.01721772,2.63661525,0.22031513,0.02760591,2.43052781,-0.18146451,0.03031198,-0.02414067,1.88760228,-0.83460732,0.03756946,-2.72950029,1.31830497,-0.64152009,1.75931232,-0.05736280,0.19779072,1.50426515,-0.85818978
0.32056446,0.05878157,-0.07226413,-0.01561842,-0.36075568,-0.45360845,-0.14604835,0.40175420,-1.38078380,0.13579789,0.52820760,-1.55342543,-0.22605796,1.10314047,-1.66518617,0.24223711,0.36562556,-1.46551371,0.34263732,0.00895848,0.00199114,0.29561082,0.28582314,0.18099034,-0.26069272,0.30577254,-0.18680444,-0.27817190,-0.06226910,0.21010873,-0.26867764,-0.25320156,-0.20148887,-0.26497744,2.69074667,0.00829948,-0.00077217,-0.03276698,-0.02354631,0.99918532,2.98477805,0.17562525,0.03491809,2.98738039,-0.19270097,0.01743891,2.63844383,0.22110816,0.02693318,2.42833507,-0.18103871,0.03063338,0.05506592,1.73262453,-0.86051571,0.10327819,-2.96935940,1.72328937,-0.67612177,1.41579962,0.19069278,-0.10929475,2.03162599,-1.76832247
0.34469454,0.07110950,-0.06724914,-0.00513236,-0.11016293,-0.49099228,-0.14533797,0.43422390,-1.40180209,0.13948978,0.45981122,-1.51322527,-0.23947095,1.12197993,-1.65272601,0.23989337,0.40598612,-1.50082729,0.34263732,0.00895848,0.00199114,0.29472057,0.30238859,0.18223193,-0.26006293,0.29873618,-0.18646835,-0.27724998,-0.07016453,0.20895309,-0.26756268,-0.26016194,-0.20475621,-0.26386694,2.69782550,0.00932616,-0.00096893,-0.03398981,-0.02849451,0.99901542,3.01010950,0.17402602,0.03465765,2.98544753,-0.19386666,0.01747059,2.63968513,0.22193884,0.02715789,2.42641566,-0.18026823,0.03085363,0.03281756,1.60502574,-1.05050685,0.18606139,-3.40630460,1.99635229,-0.66268173,0.91464984,0.63324277,-0.11752003,1.99049563,-1.73300548
0.36834419,0.07999014,-0.05293458,0.01409251,0.20901970,-0.46935070,-0.14602394,0.46288874,-1.42651160,0.14461040,0.38537722,-1.47253208,-0.25081652,1.13031414,-1.63338997,0.23645492,0.43905687,-1.52562521,0.34263732,0.00895848,0.00199114,0.29413094,0.31922413,0.18367768,-0.25954134,0.29157234,-0.18638389,-0.27674606,-0.07846341,0.20774307,-0.26701804,-0.26708443,-0.20785644,-0.26269590,2.70519912,0.01041336,-0.00106089,-0.03206657,-0.03313158,0.99893589,3.03589237,0.17253526,0.03458960,2.98378069,-0.19488079,0.01738488,2.64067342,0.22289894,0.02711290,2.42492888,-0.17928899,0.03143504,-0.03845638,1.44771020,-1.26341937,0.26306370,-3.79764409,2.07001667,-0.56994133,0.40331044,0.99230168,-0.17989351,1.66312933,-1.23835108
0.36479074,0.07517949,-0.02914848,0.03442984,0.47425808,-0.37324278,-0.14822419,0.48746071,-1.45340264,0.15046170,0.30548968,-1.42812386,-0.25879056,1.13116293,-1.61159728,0.23140966,0.46436878,-1.54101865,0.34263732,0.00895848,0.00199114,0.29391087,0.33606596,0.18516472,-0.25965364,0.28444760,-0.18662076,-0.27661564,-0.08676656,0.20630844,-0.26693141,-0.27379759,-0.21034952,-0.26118306,2.71274436,0.01140625,-0.00101261,-0.02741008,-0.03702250,0.99893793,3.06159465,0.17118663,0.03425723,2.98259752,-0.19575798,0.01729523,2.64148724,0.22357136,0.02697946,2.42412736,-0.17809908,0.03272781,-0.11391464,1.18929667,-1.32296784,0.28749317,-3.93975697,2.21219049,-0.37523261,0.01880421,1.07041526,-0.25071010,1.21093421,-0.71854588
0.38994473,0.06780943,-0.00619790,0.05133375,0.65668034,-0.27830143,-0.15134760,0.50964051,-1.48044341,0.15572951,0.22228866,-1.37853661,-0.26242615,1.12883577,-1.59088032,0.22628796,0.48372525,-1.54877803,0.34263732,0.00895848,0.00199114,0.29406743,0.35274823,0.18635005,-0.26042985,0.27725182,-0.18706786,-0.27680016,-0.09490523,0.20502602,-0.26713030,-0.28025378,-0.21182375,-0.25943173,2.72038987,0.01215193,-0.00084225,-0.02115265,-0.03986431,0.99898083,3.08686540,0.16980134,0.03363758,2.98185394,-0.19641341,0.01726727,2.64212353,0.22408836,0.02693713,2.42414844,-0.17666677,0.03463570,-0.16412935,1.13233643,-1.38807847,0.26395398,-4.29228735,2.56967492,-0.15688354,-0.12915520,1.05203490,-0.26064221,0.96418023,-0.35571982
0.37588186,0.05240616,0.01606411,0.05497742,0.66814756,-0.17529796,-0.15437594,0.53131628,-1.50571513,0.16041103,0.13649417,-1.32057011,-0.26150346,1.12555540,-1.57261670,0.22147040,0.49981555,-1.55112851,0.34263732,0.00895848,0.00199114,0.29456726,0.36936726,0.18730993,-0.26184835,0.26979225,-0.18749626,-0.27733859,-0.10293208,0.20395967,-0.26762690,-0.28625764,-0.21212508,-0.25779770,2.72809947,0.01261738,-0.00060062,-0.01436257,-0.04177774,0.99902351,3.11181581,0.16843443,0.03271890,2.98129547,-0.19674951,0.01722866,2.64255559,0.22445885,0.02694036,2.42513072,-0.17486709,0.03676955,-0.14601998,1.06171644,-1.22312236,0.22693065,-4.22664595,2.91591525,0.07647801,-0.16598140,0.87756968,-0.23449518,0.77098954,-0.08159525
0.38325550,0.04617627,0.03686965,0.05762160,0.67556378,-0.11262473,-0.15751216,0.55233514,-1.52766726,0.16770318,0.04849912,-1.25356956,-0.25968608,1.11942658,-1.55849073,0.21656036,0.51406900,-1.54928975,0.34263732,0.00895848,0.00199114,0.29541751,0.38600279,0.18886562,-0.26307549,0.26221500,-0.18799841,-0.27815564,-0.11092889,0.20297785,-0.26847160,-0.29069287,-0.21215996,-0.25601920,2.73585942,0.01288436,-0.00032337,-0.00753783,-0.04293480,0.99904939,3.13664234,0.16793735,0.03234202,2.98097870,-0.19691708,0.01726187,2.64275358,0.22463073,0.02694591,2.42803652,-0.17355399,0.03939831,-0.15689326,1.04192703,-1.08368497,0.36807436,-4.36035414,3.32598381,0.09046269,-0.31764770,0.69433413,-0.24389758,0.70432849,0.09696588
0.39345045,0.04864496,0.05390829,0.05994205,0.68890504,-0.06329932,-0.16140447,0.57286527,-1.54647229,0.17709422,-0.03190326,-1.18991694,-0.25569660,1.10386453,-1.54727776,0.21144466,0.52681698,-1.54483595,0.34263732,0.00895848,0.00199114,0.29648261,0.40074609,0.19081897,-0.26377837,0.25449945,-0.18876868,-0.27914049,-0.11882221,0.20198415,-0.26947998,-0.29183575,-0.21180043,-0.25519008,2.74364741,0.01315818,-0.00003194,-0.00074260,-0.04357646,0.99904982,3.15948617,0.16835944,0.03270424,2.98074419,-0.19705290,0.01734212,2.64286325,0.22472110,0.02700263,2.43447850,-0.17242769,0.04129253,-0.20015323,1.04421318,-0.94942379,0.47529838,-4.05042267,3.20874338,0.21938757,-0.82493193,0.56802068,-0.26119017,0.64594836,0.22968579
0.37726359,0.05572419,0.06301019,0.05712931,0.65049979,-0.01181094,-0.16645246,0.59349482,-1.56213760,0.18386776,-0.09427592,-1.13614509,-0.24371718,1.07497714,-1.53847103,0.20535672,0.53892297,-1.53937268,0.34263732,0.00895848,0.00199114,0.29766868,0.41110007,0.19215100,-0.26579692,0.24651092,-0.18992275,-0.28021569,-0.12665701,0.20071854,-0.27057893,-0.28858825,-0.20958933,-0.25677719,2.75143068,0.01359772,0.00025950,0.00592823,-0.04374316,0.99902519,3.17775223,0.16908151,0.03187177,2.98039815,-0.19714425,0.01745300,2.64280202,0.22461844,0.02708976,2.44562790,-0.16996570,0.04089150,-0.25336880,1.01199284,-0.75425678,0.31205940,-2.97590513,2.60913634,0.62496536,-1.46427844,0.41364219,-0.30545783,0.59301078,0.26988842
0.39071513,0.06737888,0.07696512,0.05719108,0.65511377,0.07989544,-0.17276434,0.61390374,-1.57435918,0.18574285,-0.13855377,-1.09329798,-0.22734915,1.04230440,-1.53808680,0.19827129,0.55107032,-1.53331165,0.34263732,0.00895848,0.00199114,0.29896154,0.41715708,0.19239301,-0.26967975,0.23836485,-0.19149468,-0.28132420,-0.13452844,0.19916141,-0.27178002,-0.28249389,-0.20596659,-0.25873305,2.75915143,0.01422529,0.00053188,0.01234651,-0.04309010,0.99899476,3.19132550,0.16998371,0.02928180,2.98014200,-0.19708297,0.01763735,2.64227178,0.22423080,0.02718153,2.45997164,-0.16665170,0.04022850,-0.33215804,1.04719234,-0.60642642,0.06495872,-2.17120705,2.11495318,0.84841986,-1.66917646,-0.05280060,-0.36778506,0.62616026,0.31621629
0.36309778,0.06568664,0.08446548,0.04794818,0.56791446,0.19651798,-0.17994459,0.63419938,-1.58246541,0.18339136,-0.16893166,-1.06328440,-0.21398838,1.01441669,-1.54647708,0.19244316,0.56359911,-1.52656472,0.34263732,0.00895848,0.00199114,0.30039221,0.42039078,0.19159125,-0.27412377,0.23007194,-0.19339530,-0.28250062,-0.14239903,0.19793921,-0.27284715,-0.27586087,-0.20268943,-0.25911263,2.76672590,0.01493753,0.00075347,0.01824276,-0.04126058,0.99898158,3.20148432,0.17120886,0.02626844,2.98006594,-0.19677186,0.01789159,2.64113486,0.22394544,0.02754506,2.47508991,-0.16431278,0.04127958,-0.35725006,0.99522573,-0.36707345,-0.14268212,-1.40074944,1.38561857,0.62281328,-1.32569134,-0.46505645,-0.27199090,0.61748302,0.33556712
0.35791396,0.06355407,0.09394858,0.03647737,0.45684197,0.28724801,-0.18777951,0.65575582,-1.58530929,0.17630651,-0.17737737,-1.05643232,-0.20462676,0.98499280,-1.55727365,0.18726147,0.57881619,-1.52097399,0.34263732,0.00895848,0.00199114,0.30195797,0.41967646,0.18964166,-0.27851693,0.22144103,-0.19562643,-0.28363335,-0.15035109,0.19683477,-0.27385564,-0.26770292,-0.20030779,-0.25920615,2.77408106,0.01565440,0.00087885,0.02290784,-0.03838407,0.99900006,3.20707176,0.17253444,0.02344104,2.97985847,-0.19638683,0.01832463,2.63927672,0.22344556,0.02810233,2.49179742,-0.16352152,0.04275182,-0.38857828,1.07273118,-0.13350422,-0.35874809,-0.36619092,0.27253082,0.46004962,-1.47237556,-0.54191240,-0.25843005,0.76212356,0.27342568
0.38619958,0.06408433,0.08904276,0.02437784,0.32833948,0.33491808,-0.19519410,0.67882396,-1.58419511,0.16583138,-0.15808117,-1.08564069,-0.19773994,0.94896673,-1.57168853,0.18196579,0.59771761,-1.51756918,0.34263732,0.00895848,0.00199114,0.30332327,0.41445756,0.18669763,-0.28127201,0.21258680,-0.19785413,-0.28462974,-0.15845440,0.19562806,-0.27486778,-0.25626182,-0.19847615,-0.25941637,2.78180449,0.01637368,0.00091933,0.02620628,-0.03510120,0.99903968,3.20834310,0.17352293,0.02205126,2.97998102,-0.19591261,0.01869354,2.63747065,0.22264019,0.02845549,2.51224487,-0.16362775,0.04390690,-0.37463050,1.17646401,0.06453254,-0.53774089,1.03833152,-1.56362565,0.34474119,-1.84766042,-0.74319588,-0.26636433,0.96938722,0.16830045
0.39321710,0.05897682,0.07076630,0.01160831,0.16971195,0.33337510,-0.20155978,0.70331006,-1.57960875,0.15385343,-0.12061600,-1.13730226,-0.19285747,0.90635190,-1.58864217,0.17807307,0.62031078,-1.51653578,0.34263732,0.00895848,0.00199114,0.30434468,0.40647141,0.18330982,-0.28233720,0.20359441,-0.19988769,-0.28546704,-0.16660831,0.19474127,-0.27565062,-0.24174821,-0.19705512,-0.25961939,2.78992836,0.01706468,0.00089004,0.02807186,-0.03170195,0.99910268,3.20720341,0.17423666,0.02200748,2.98044093,-0.19532820,0.01887763,2.63600123,0.22197668,0.02869405,2.53617375,-0.16426792,0.04472529,-0.30781397,1.20615599,0.23949566,-0.58958423,1.87442560,-2.56018767,0.23324296,-2.11552162,-0.83112291,-0.18435734,1.12375922,0.03937272
0.42059921,0.05707197,0.05735302,0.00022247,-0.00061254,0.33122025,-0.20694463,0.72892129,-1.57154524,0.14191018,-0.07915550,-1.18613729,-0.18908933,0.85872140,-1.60476437,0.17474068,0.64730368,-1.51885645,0.34263732,0.00895848,0.00199114,0.30503353,0.39800388,0.18012202,-0.28305885,0.19463512,-0.20173615,-0.28604459,-0.17473923,0.19391130,-0.27627538,-0.22515218,-0.19583739,-0.26000351,2.79819672,0.01771017,0.00080559,0.02828469,-0.02845505,0.99919449,3.20580628,0.17488994,0.02197468,2.98103564,-0.19477568,0.01898894,2.63477614,0.22125158,0.02875815,2.56226437,-0.16499647,0.04503002,-0.27110149,1.32404554,0.43687608,-0.61160979,2.13542695,-2.45116515,0.18851349,-2.47701030,-0.82057849,-0.17260978,1.41958432,-0.14374500
0.39056750,0.04624863,0.03663417,-0.00974665,-0.18185471,0.27502661,-0.21108772,0.75488496,-1.56124806,0.13114108,-0.03758520,-1.22543204,-0.18604560,0.80906773,-1.62115383,0.17185770,0.67879862,-1.52494931,0.34263732,0.00895848,0.00199114,0.30540079,0.38980539,0.17745123,-0.28371903,0.18617823,-0.20327409,-0.28618294,-0.18268765,0.19308989,-0.27676390,-0.20713820,-0.19465077,-0.26013102,2.80627096,0.01825941,0.00068353,0.02669104,-0.02559149,0.99931586,3.20464814,0.17552607,0.02168176,2.98180068,-0.19427766,0.01921785,2.63370597,0.22044698,0.02863689,2.58944118,-0.16553396,0.04526977,-0.19361165,1.27359688,0.51695454,-0.51777065,2.03820038,-1.86041510,0.14451584,-2.44253159,-0.81013227,-0.13643239,1.57456529,-0.32485232
0.37134711,0.03530019,0.01296110,-0.01588631,-0.33064713,0.22930101,-0.21349154,0.78196425,-1.55390968,0.12236346,0.00368240,-1.25658877,-0.18442695,0.75771058,-1.63710387,0.17111067,0.71360626,-1.53432293,0.34263732,0.00895848,0.00199114,0.30532779,0.38207225,0.17540185,-0.28400511,0.17872206,-0.20418940,-0.28529452,-0.19014481,0.19274320,-0.27689344,-0.18807041,-0.19364090,-0.25950796,2.81380174,0.01862792,0.00054558,0.02339801,-0.02326672,0.99945530,3.20362217,0.17606058,0.02132267,2.98282855,-0.19365686,0.02003326,2.63283193,0.22001043,0.02843434,2.61692426,-0.16605163,0.04581982,-0.11643754,1.34882998,0.35052051,-0.43291981,2.04608598,-1.53603928,0.07600791,-2.55620642,-0.78171039,-0.03493093,1.73158166,-0.47030096
0.35553492,0.02486992,-0.01250192,-0.01905192,-0.43212105,0.18196199,-0.21447693,0.81081448,-1.55488353,0.11518058,0.04370020,-1.28244321,-0.18509865,0.70183465,-1.64647944,0.17133261,0.75043569,-1.54638319,0.34263732,0.00895848,0.00199114,0.30483123,0.37484394,0.17379284,-0.28395643,0.17254327,-0.20439494,-0.28298756,-0.19721200,0.19256123,-0.27668406,-0.16839025,-0.19325082,-0.25861204,2.82081373,0.01882473,0.00041277,0.01917768,-0.02145514,0.99958578,3.20276959,0.17637361,0.02087480,2.98442786,-0.19278550,0.02184367,2.63204582,0.21967063,0.02814717,2.64428651,-0.16702278,0.04621919,-0.04769878,1.46644487,-0.07333370,-0.36106566,2.03183150,-1.30467722,-0.03900435,-2.85534401,-0.45517881,0.01236400,1.87680004,-0.61907837
0.32466834,0.01532534,-0.02969129,-0.01926342,-0.46746593,0.11214608,-0.21421375,0.83534728,-1.56626453,0.11002317,0.08228457,-1.30442381,-0.18724061,0.64053041,-1.64632330,0.17209026,0.78837814,-1.56051064,0.34263732,0.00895848,0.00199114,0.30404786,0.36804205,0.17271394,-0.28356987,0.16964762,-0.20390888,-0.27931928,-0.20390927,0.19242837,-0.27615210,-0.14831451,-0.19332615,-0.25777308,2.82744572,0.01887881,0.00029326,0.01443674,-0.02025591,0.99969055,3.20218194,0.17654245,0.02047800,2.98869421,-0.19173474,0.02472858,2.63149865,0.21940913,0.02789576,2.67142174,-0.16828079,0.04627479,0.01919462,1.16226735,-0.60132389,-0.24339327,1.88567579,-1.06466794,-0.10749031,-3.02481427,0.04782817,0.03974087,1.86164227,-0.69870944
0.32873335,0.01122121,-0.04319030,-0.02023063,-0.50998022,0.05129966,-0.21182817,0.84469174,-1.58377509,0.10672544,0.11973209,-1.32429352,-0.18976620,0.57606810,-1.63648448,0.17315407,0.82669373,-1.57588539,0.34263732,0.00895848,0.00199114,0.30310705,0.36152675,0.17210536,-0.28284744,0.17240177,-0.20269772,-0.27540827,-0.21029957,0.19229563,-0.27534014,-0.12848014,-0.19359341,-0.25711767,2.83384554,0.01885316,0.00018713,0.00949241,-0.01968552,0.99976114,3.20186703,0.17659356,0.02025961,2.99813445,-0.19047407,0.02769878,2.63127873,0.21927823,0.02776692,2.69784415,-0.16953255,0.04598938,0.13911600,0.35880748,-0.92002358,-0.15982333,1.92133591,-1.01383743,-0.13142105,-3.33057675,0.56800802,0.05520560,1.97430806,-0.79814365
0.30557231,0.00871811,-0.05119653,-0.01932464,-0.49314974,0.00891089,-0.20884633,0.82935554,-1.59366179,0.10461850,0.15642534,-1.34306824,-0.19279204,0.51118869,-1.61655974,0.17389265,0.86580390,-1.59217525,0.34263732,0.00895848,0.00199114,0.30202594,0.35518690,0.17178551,-0.28185348,0.18128365,-0.20162806,-0.27297132,-0.21661937,0.19199208,-0.27433442,-0.10956037,-0.19414036,-0.25688598,2.84009039,0.01879146,0.00008737,0.00446950,-0.01954375,0.99979901,3.20171940,0.17656489,0.02017246,3.01335585,-0.18976721,0.02905463,2.63113964,0.21910244,0.02769153,2.72302663,-0.17091892,0.04513996,0.14475688,-0.93944979,-0.40156698,-0.09601299,1.79400945,-0.91353577,-0.15259577,-3.17882419,1.04820728,0.03281586,1.92398524,-0.80447334
0.30812304,0.00552731,-0.05871787,-0.02021121,-0.51596063,-0.00579404,-0.20843866,0.78480121,-1.58304656,0.10332239,0.19295078,-1.36051941,-0.19541459,0.44887241,-1.58752754,0.17425436,0.90584373,-1.60836804,0.34263732,0.00895848,0.00199114,0.30085293,0.34888126,0.17166981,-0.28070064,0.19582579,-0.20187473,-0.27278994,-0.22298524,0.19152069,-0.27329753,-0.09202804,-0.19475823,-0.25728972,2.84629762,0.01866372,-0.00001430,-0.00072693,-0.01960127,0.99980761,3.20163939,0.17652720,0.02015229,3.03406045,-0.19073128,0.02806299,2.63099039,0.21877715,0.02755540,2.74670675,-0.17233782,0.04356322,0.02174875,-2.23987269,0.55031126,-0.06358605,1.81347384,-0.86421061,-0.12698622,-3.08461585,1.44899504,0.01962379,1.98756256,-0.80136678
0.31966426,-0.00117197,-0.06450306,-0.02099387,-0.53384465,-0.00185418,-0.20616026,0.72880307,-1.56284130,0.10242804,0.22977941,-1.37711930,-0.19632120,0.39180138,-1.55535204,0.17603076,0.94581571,-1.62305810,0.34263732,0.00895848,0.00199114,0.29965999,0.34244219,0.17165226,-0.27952523,0.21261756,-0.20178454,-0.27345195,-0.22941086,0.19141078,-0.27215201,-0.07605959,-0.19501200,-0.25805117,2.85258625,0.01840132,-0.00011737,-0.00598230,-0.01962709,0.99978947,3.20150149,0.17648139,0.02013476,3.05712049,-0.19157243,0.02620804,2.63086450,0.21866839,0.02750798,2.76893156,-0.17347529,0.04160882,0.12608715,-2.85077453,1.03139613,-0.04458373,1.87348862,-0.84343328,-0.04227282,-2.88637967,1.63647182,0.09643982,2.03144593,-0.74231453
0.31487097,-0.01011005,-0.06509492,-0.01970157,-0.50309563,0.02714222,-0.20051627,0.67403873,-1.54281528,0.10188226,0.26688212,-1.39360266,-0.19574028,0.34336519,-1.52504537,0.18011372,0.98528824,-1.63553095,0.34263732,0.00895848,0.00199114,0.29847388,0.33584523,0.17170456,-0.27829631,0.22925851,-0.20061425,-0.27374208,-0.23599586,0.19190371,-0.27079663,-0.06227636,-0.19489292,-0.25882339,2.85901210,0.01796066,-0.00021541,-0.01112837,-0.01938312,0.99975017,3.20126045,0.17651836,0.02017757,3.08032224,-0.19138920,0.02473181,2.63063204,0.21886768,0.02767725,2.78922822,-0.17437188,0.03965049,0.28452293,-2.66546350,0.97055572,-0.02555453,1.82030470,-0.80883780,0.03361930,-2.32937140,1.46706378,0.20775303,1.93358157,-0.60146834
0.33550042,-0.01846491,-0.07008632,-0.02023990,-0.53104408,0.07858251,-0.19415539,0.62239288,-1.52423069,0.10130809,0.30474200,-1.41009593,-0.19358078,0.30946205,-1.50197585,0.18490331,1.02507586,-1.64583979,0.34263732,0.00895848,0.00199114,0.29731985,0.32902471,0.17172448,-0.27702019,0.24534658,-0.19907129,-0.27310463,-0.24291969,0.19254528,-0.26946216,-0.05189650,-0.19437501,-0.25972605,2.86554410,0.01737219,-0.00030366,-0.01627654,-0.01868068,0.99969296,3.20075471,0.17668449,0.02029967,3.10328214,-0.19072623,0.02421522,2.62998745,0.21885848,0.02785769,2.80642202,-0.17492828,0.03759380,0.32646614,-2.64529290,0.95316201,-0.03121522,1.95528347,-0.84809375,0.12277593,-1.63529344,1.12845757,0.24575809,2.05288241,-0.51792299
0.31589211,-0.02060769,-0.06689155,-0.01949882,-0.54179873,0.13092689,-0.18700553,0.56916100,-1.50234747,0.09975682,0.34369856,-1.42612505,-0.18930671,0.29734361,-1.49173009,0.18972170,1.06603324,-1.65490782,0.34263732,0.00895848,0.00199114,0.29622704,0.32202122,0.17145041,-0.27573089,0.26183530,-0.19726577,-0.27199156,-0.25010279,0.19311499,-0.26822472,-0.04640103,-0.19335042,-0.26120566,2.87203538,0.01672942,-0.00037909,-0.02174665,-0.01742531,0.99961157,3.19983661,0.17685206,0.02049614,3.12683618,-0.18954240,0.02423548,2.62881529,0.21844405,0.02800232,2.81892359,-0.17488628,0.03502138,0.35863236,-2.63071036,1.10655665,-0.08488315,1.91744804,-0.78155708,0.22507764,-0.42923054,0.40271699,0.23681800,2.01696491,-0.43798190
0.30892408,-0.02006594,-0.06621561,-0.01871095,-0.57380165,0.21874757,-0.17936172,0.51121390,-1.47155688,0.09655921,0.38362782,-1.44211936,-0.18437819,0.31200163,-1.50203676,0.19585544,1.10746064,-1.66278458,0.34263732,0.00895848,0.00199114,0.29523907,0.31492003,0.17065633,-0.27437829,0.27907650,-0.19537189,-0.27087498,-0.25733315,0.19390988,-0.26689074,-0.04664838,-0.19205895,-0.26255036,2.87829831,0.01612965,-0.00041862,-0.02754111,-0.01525642,0.99950415,3.19828022,0.17709481,0.02086078,3.15128186,-0.18766891,0.02436408,2.62700336,0.21780325,0.02834833,2.82580984,-0.17441607,0.03268871,0.37663975,-2.87963343,1.53859267,-0.16031246,1.98247690,-0.79560847,0.23965490,0.76578329,-0.54866958,0.30708431,2.05210142,-0.38524566
0.33288671,-0.01707279,-0.07317328,-0.01425832,-0.51017647,0.30199317,-0.17311274,0.45172445,-1.43693626,0.09272919,0.42339699,-1.45935936,-0.18261502,0.34545376,-1.53039527,0.20310558,1.14532685,-1.66642041,0.34263732,0.00895848,0.00199114,0.29422950,0.30761651,0.16961272,-0.27311313,0.29615706,-0.19382872,-0.26945425,-0.26460793,0.19501476,-0.26558830,-0.05116916,-0.19136661,-0.26244993,2.88489201,0.01562707,-0.00039946,-0.03262975,-0.01230142,0.99939172,3.19659021,0.17761665,0.02111637,3.17618840,-0.18543261,0.02477525,2.62516439,0.21709587,0.02864120,2.82902801,-0.17442208,0.03177957,0.31518196,-3.02670059,1.75910001,-0.19484861,2.01915116,-0.88122332,0.07980622,1.73255169,-1.47113571,0.36940897,1.90992384,-0.16875986
0.34341227,-0.01437478,-0.06780978,-0.00602230,-0.26158719,0.25444824,-0.16719740,0.39084312,-1.40420895,0.08958126,0.46067789,-1.47892861,-0.18367120,0.38693344,-1.56447492,0.20952706,1.17481613,-1.66207101,0.34263732,0.00895848,0.00199114,0.29332792,0.30011708,0.16867948,-0.27217839,0.31283597,-0.19216973,-0.26777327,-0.27208012,0.19613490,-0.26457478,-0.05859007,-0.19132738,-0.26154126,2.89193599,0.01519367,-0.00034145,-0.03554705,-0.00961667,0.99932168,3.19524367,0.17806626,0.02114953,3.20101578,-0.18296089,0.02555465,2.62368081,0.21652834,0.02875313,2.82967474,-0.17497072,0.03178666,0.29316437,-2.99508200,1.58973010,-0.14746977,1.81152637,-0.97119806,-0.05513166,2.03509951,-1.65556304,0.30497504,1.40249016,0.25173634
0.37572579,-0.01258742,-0.05440177,0.00125176,0.08177106,0.07913746,-0.15959806,0.32583796,-1.37437506,0.08899782,0.49333743,-1.50123148,-0.18391022,0.42310969,-1.58958139,0.21234498,1.19363956,-1.64995248,0.34263732,0.00895848,0.00199114,0.29274061,0.29250431,0.16839705,-0.27167339,0.32937977,-0.18973195,-0.26639277,-0.27971400,0.19668150,-0.26378126,-0.06682222,-0.19122922,-0.26118967,2.89926374,0.01481507,-0.00030253,-0.03518846,-0.00859002,0.99934373,3.19461958,0.17815907,0.02106722,3.22533333,-0.18055090,0.02634783,2.62297204,0.21627581,0.02895935,2.82916415,-0.17523722,0.03155093,0.40611996,-3.37929611,1.52002351,-0.00944096,1.64799964,-1.16468067,0.00048806,1.80151463,-1.21016009,0.11632367,0.89966052,0.66608992
0.35946568,-0.00326698,-0.03084577,0.00741020,0.40361434,-0.15387151,-0.14902639,0.25436026,-1.34496915,0.09129313,0.52068794,-1.52527881,-0.18341416,0.44891271,-1.60215664,0.21120259,1.20217323,-1.63420820,0.34263732,0.00895848,0.00199114,0.29252261,0.28488697,0.16886406,-0.27166468,0.34615054,-0.18615833,-0.26569602,-0.28691267,0.19651722,-0.26276246,-0.07481002,-0.19115160,-0.26142222,2.90662348,0.01457883,-0.00031003,-0.03152985,-0.00982768,0.99945445,3.19477594,0.17780817,0.02085793,3.24904644,-0.17835027,0.02682659,2.62363064,0.21669996,0.02976015,2.82806909,-0.17506473,0.03110038,0.54070264,-3.55240154,1.44417834,0.13158733,1.30333090,-1.18845344,0.02583861,1.19004345,-0.53006059,-0.08206332,0.34818926,0.78850627
0.35959858,0.01559511,-0.01297446,0.01383287,0.58989904,-0.31805496,-0.13597286,0.17406107,-1.30557246,0.09458760,0.54468046,-1.55005426,-0.18416670,0.46591119,-1.60414982,0.20661510,1.20356023,-1.61903853,0.34263732,0.00895848,0.00199114,0.29262413,0.27718810,0.16956178,-0.27210023,0.36340415,-0.18184238,-0.26632694,-0.29322775,0.19563890,-0.26134154,-0.08240365,-0.19157788,-0.26192062,2.91387904,0.01469037,-0.00033073,-0.02561223,-0.01300870,0.99958725,3.19538591,0.17698123,0.02052390,3.27242787,-0.17654760,0.02629719,2.62584188,0.21789394,0.03128259,2.82651770,-0.17467816,0.03070351,0.64805715,-3.99067354,1.96259155,0.16203853,1.19048781,-1.23046856,-0.03949466,0.83634119,-0.08879540,-0.23475229,0.06606026,0.74819894
0.37046264,0.03546707,0.00394874,0.01969055,0.65109584,-0.34549586,-0.12334173,0.09164738,-1.26168013,0.09677551,0.56884924,-1.57507248,-0.18609972,0.47987326,-1.60149851,0.19879953,1.20352981,-1.60595088,0.34263732,0.00895848,0.00199114,0.29296899,0.26929234,0.16991128,-0.27265652,0.38055164,-0.17760244,-0.26669439,-0.29901349,0.19393088,-0.25990603,-0.08984993,-0.19241517,-0.26252906,2.92116673,0.01513761,-0.00031265,-0.01920977,-0.01643819,0.99968029,3.19589984,0.17610320,0.02031248,3.29567339,-0.17488064,0.02627461,2.62869098,0.21879465,0.03306297,2.82503912,-0.17421944,0.03043994,0.63847084,-4.19201975,2.24566736,0.10702042,1.23155909,-1.27181630,-0.10107557,0.70859179,0.14047929,-0.40133135,-0.00423377,0.66359556
0.36295977,0.04018628,0.02149933,0.02260890,0.62343097,-0.21626515,-0.11323101,0.01362660,-1.21693637,0.09720652,0.59379228,-1.59958851,-0.18865416,0.49406438,-1.59733336,0.19140331,1.20136817,-1.59439957,0.34263732,0.00895848,0.00199114,0.29357707,0.26123552,0.16975484,-0.27330109,0.39624852,-0.17410330,-0.26670208,-0.30391778,0.19231838,-0.25838820,-0.09754448,-0.19347171,-0.26315497,2.92857707,0.01568596,-0.00023946,-0.01284034,-0.01878093,0.99974114,3.19600399,0.17550944,0.02027598,3.31800697,-0.17317696,0.02687499,2.63209689,0.21928331,0.03518887,2.82383492,-0.17398563,0.03042210,0.48056574,-3.77991114,2.16868896,0.01436910,1.22441254,-1.19821177,-0.12450042,0.70155468,0.20513393,-0.34897535,-0.12024430,0.55613654
0.37573486,0.02965760,0.04067617,0.02492034,0.63878673,-0.06614254,-0.10651682,-0.05076234,-1.17417257,0.09658886,0.61884011,-1.62237937,-0.18994613,0.50972847,-1.59318635,0.18649229,1.19330361,-1.58781507,0.34263732,0.00895848,0.00199114,0.29443274,0.25313105,0.16932465,-0.27405896,0.40816707,-0.17175018,-0.26776561,-0.30616645,0.19135923,-0.25674045,-0.10565282,-0.19421625,-0.26390281,2.93590653,0.01601564,-0.00012933,-0.00660990,-0.01960444,0.99978596,3.19548090,0.17528684,0.02037378,3.33702686,-0.17160356,0.02666713,2.63747714,0.21923018,0.03769229,2.82272122,-0.17390949,0.03052994,0.32506151,-3.21400118,2.20695162,-0.03575384,1.28845315,-1.15803018,-0.05338069,0.81583529,0.21216868,-0.24064541,-0.46412664,0.29549421
0.33254781,0.00915066,0.05694403,0.02244695,0.57159852,0.01130337,-0.10165915,-0.09773915,-1.13628173,0.09590860,0.64331895,-1.64182925,-0.18939205,0.52630603,-1.58930016,0.17857921,1.17399919,-1.58769238,0.34263732,0.00895848,0.00199114,0.29556361,0.24508808,0.16892736,-0.27496396,0.41560932,-0.17016287,-0.27062161,-0.30385781,0.18974726,-0.25641173,-0.11389576,-0.19446421,-0.26478708,2.94277251,0.01598937,-0.00001407,-0.00071857,-0.01957586,0.99980812,3.19428527,0.17519348,0.02059965,3.35140240,-0.17031179,0.02494200,2.64657509,0.21748547,0.03915188,2.82135189,-0.17386743,0.03077653,0.22904092,-2.17658210,1.80700934,-0.03219878,1.19470847,-0.92735004,0.03942935,0.81731635,0.18851195,-0.42271787,-1.03469455,-0.03804179
0.29544410,-0.00678969,0.07735406,0.02028894,0.51660598,-0.03242811,-0.09675693,-0.13055751,-1.10593045,0.09646202,0.66721048,-1.65598004,-0.18778306,0.54287472,-1.58485172,0.16664852,1.14237449,-1.59249806,0.34263732,0.00895848,0.00199114,0.29706087,0.23704455,0.16894935,-0.27603089,0.41987415,-0.16870693,-0.27433584,-0.29681898,0.18715809,-0.25786116,-0.12194161,-0.19442521,-0.26581148,2.94873307,0.01562188,0.00009022,0.00451531,-0.01986903,0.99979239,3.19230292,0.17501990,0.02102997,3.36157286,-0.16963370,0.02272502,2.65958436,0.21442499,0.03919970,2.81916311,-0.17380501,0.03124938,0.24297303,-1.60647340,1.49149518,0.03045029,1.18587930,-0.69293463,0.08132200,0.82292074,0.22226422,-0.58724411,-1.57800488,-0.24737346
0.30598184,-0.01418909,0.08908326,0.01822865,0.44930461,-0.12815184,-0.09210673,-0.14843183,-1.08819935,0.09849223,0.69133112,-1.66509831,-0.18555738,0.56006162,-1.57986572,0.15780711,1.10663106,-1.60123544,0.34263732,0.00895848,0.00199114,0.29870387,0.22881322,0.16945162,-0.27720630,0.42118958,-0.16739559,-0.27815149,-0.28745542,0.18524420,-0.25915553,-0.12989941,-0.19422001,-0.26703168,2.95474255,0.01509436,0.00019047,0.00897590,-0.02108405,0.99973740,3.19049647,0.17474845,0.02149757,3.36850016,-0.16990991,0.02055238,2.67535269,0.21229309,0.03954834,2.81677024,-0.17347635,0.03167218,0.23553028,-0.85927869,0.84738742,0.10578396,1.22828143,-0.45275004,0.11357383,0.87722436,0.25328511,-0.44022621,-1.82465196,-0.44827090
0.32362459,-0.01877455,0.08478440,0.01460688,0.33282185,-0.20684423,-0.08683240,-0.14253510,-1.09964895,0.10138681,0.71618762,-1.66951551,-0.18365337,0.57879717,-1.57535732,0.15220467,1.06648855,-1.61047976,0.34263732,0.00895848,0.00199114,0.30028206,0.22035801,0.17025818,-0.27842428,0.41838840,-0.16588316,-0.28075329,-0.27622390,0.18411319,-0.26055107,-0.13781486,-0.19407735,-0.26825201,2.96130245,0.01441835,0.00028963,0.01246274,-0.02313712,0.99965458,3.18930156,0.17429926,0.02185778,3.37156818,-0.17064408,0.01952877,2.69389241,0.21111401,0.03973099,2.81465609,-0.17307512,0.03203005,0.26704949,0.39959337,-0.71348721,0.14413314,1.22183554,-0.19748210,0.08924340,0.92587398,0.21703663,-0.26608441,-1.99411464,-0.44850599
0.37353952,-0.02375770,0.08282286,0.01158412,0.23801726,-0.25456831,-0.07915591,-0.11543757,-1.13813987,0.10444419,0.74155114,-1.66956267,-0.18225723,0.59956865,-1.57200754,0.14827770,1.02021146,-1.62050359,0.34263732,0.00895848,0.00199114,0.30169486,0.21177898,0.17116958,-0.27966429,0.41207986,-0.16368098,-0.28199425,-0.26253583,0.18336534,-0.26218905,-0.14569846,-0.19403062,-0.26938341,2.96849763,0.01359952,0.00038204,0.01490330,-0.02558326,0.99956152,3.18875558,0.17371134,0.02203057,3.37166479,-0.17094728,0.01970060,2.71568568,0.21015492,0.03950581,2.81306422,-0.17272379,0.03231145,0.41204109,1.50420239,-2.10813835,0.15663831,1.30726478,0.02434324,0.07086024,1.08317767,0.16409509,-0.19325727,-2.41993232,-0.52975801
0.37529168,-0.02259756,0.07333591,0.00655251,0.12113500,-0.23843193,-0.07112035,-0.07891964,-1.18154442,0.10726101,0.76670831,-1.66570890,-0.18021120,0.62320447,-1.57034361,0.14583346,0.96927565,-1.63359153,0.34263732,0.00895848,0.00199114,0.30296040,0.20329784,0.17206601,-0.28087907,0.40400289,-0.16146945,-0.28321095,-0.24640937,0.18287239,-0.26341145,-0.15371193,-0.19375011,-0.27055417,2.97611105,0.01271379,0.00045679,0.01629028,-0.02802591,0.99947435,3.18873155,0.17311718,0.02208133,3.37043083,-0.17114115,0.01974945,2.74033654,0.20910692,0.03954895,2.81178343,-0.17211829,0.03240623,0.38989675,1.83379507,-2.11940789,0.13604409,1.23037648,0.21525690,0.10711130,1.18045235,0.06873467,-0.10921937,-2.52562737,-0.66546130
0.38010322,-0.02002306,0.06363421,-0.00068394,-0.00942738,-0.20246326,-0.06505283,-0.04064916,-1.21833367,0.11019896,0.79102079,-1.65893250,-0.17881328,0.65004472,-1.57080276,0.14512123,0.91406269,-1.64646809,0.34263732,0.00895848,0.00199114,0.30400243,0.19539990,0.17303517,-0.28169583,0.39574962,-0.15987592,-0.28437168,-0.22838563,0.18268968,-0.26422913,-0.16166617,-0.19355888,-0.27160435,2.98377616,0.01184542,0.00048896,0.01624773,-0.03008817,0.99941507,3.18923147,0.17281252,0.02230660,3.36919138,-0.17154809,0.01963076,2.76679423,0.20794324,0.03977331,2.81075885,-0.17163755,0.03239809,0.29807266,1.89877536,-1.81285954,0.14593833,1.20583289,0.33768641,0.06601063,1.33621602,-0.02643440,-0.03335407,-2.74537635,-0.63395026
0.37808375,-0.01506751,0.05059292,-0.00981342,-0.15585380,-0.13283874,-0.06092514,-0.00263813,-1.24788041,0.11306821,0.81489016,-1.65205040,-0.17879627,0.67925647,-1.57352912,0.14544778,0.85671835,-1.65680339,0.34263732,0.00895848,0.00199114,0.30478831,0.18836334,0.17396661,-0.28178714,0.38786495,-0.15886984,-0.28529396,-0.20948715,0.18269704,-0.26481851,-0.16924793,-0.19366154,-0.27242833,2.99121644,0.01107391,0.00046441,0.01477503,-0.03143440,0.99939650,3.19014032,0.17285902,0.02300117,3.36833060,-0.17185712,0.01949435,2.79362490,0.20657495,0.03996980,2.81013248,-0.17156851,0.03235998,0.20398459,1.93319275,-1.48546963,0.14500210,1.21305301,0.34664850,0.00030015,1.49193535,-0.14543208,0.01870496,-2.91782689,-0.52130905
0.34885653,-0.00591320,0.03523767,-0.01734696,-0.27125243,-0.03336262,-0.05938830,0.03513465,-1.27063828,0.11590675,0.83702475,-1.64736090,-0.17886262,0.71104162,-1.57918880,0.14689012,0.79834354,-1.66444161,0.34263732,0.00895848,0.00199114,0.30535070,0.18279289,0.17483237,-0.28096260,0.38024725,-0.15862414,-0.28605071,-0.19016312,0.18290991,-0.26493716,-0.17651417,-0.19367408,-0.27307186,2.99835298,0.01048136,0.00038531,0.01208808,-0.03185719,0.99941926,3.19190929,0.17331734,0.02438810,3.36772606,-0.17203745,0.01929998,2.82022483,0.20513082,0.04041353,2.80986269,-0.17155794,0.03227884,0.06455818,1.84918776,-1.09139608,0.14111198,1.07021608,0.21665236,-0.00267888,1.56784537,-0.28951586,0.07647871,-2.86812348,-0.35861940
0.34591573,0.00164346,0.02268119,-0.02200240,-0.34643134,0.05742017,-0.05996699,0.07130927,-1.28867092,0.12029693,0.85288559,-1.64595051,-0.17942861,0.74397392,-1.58686521,0.14935579,0.73651187,-1.66537616,0.34263732,0.00895848,0.00199114,0.30570171,0.17986629,0.17605921,-0.27921147,0.37308951,-0.15898004,-0.28652159,-0.17054964,0.18338708,-0.26491341,-0.18344794,-0.19372563,-0.27341416,3.00511978,0.01007110,0.00027563,0.00876452,-0.03140155,0.99946838,3.19568336,0.17449204,0.02649024,3.36749356,-0.17201592,0.01918012,2.84641855,0.20380266,0.04078830,2.80987260,-0.17175660,0.03228754,-0.04099482,1.84702368,-0.90324312,0.24086502,0.76383557,0.05130522,-0.03528766,1.69672854,-0.40376183,0.13169892,-3.21319919,0.00805714
0.30783917,0.00518406,0.00705270,-0.02020834,-0.32768293,0.11678756,-0.06205934,0.10495710,-1.30409598,0.12773307,0.85984546,-1.65078986,-0.18046466,0.77616626,-1.59511292,0.15213527,0.66883612,-1.65588236,0.34263732,0.00895848,0.00199114,0.30581251,0.18047199,0.17800729,-0.27621968,0.36646463,-0.15975103,-0.28668037,-0.15062341,0.18401331,-0.26513223,-0.19000376,-0.19384189,-0.27346465,3.01145780,0.00978140,0.00016378,0.00540351,-0.03029477,0.99952639,3.20237911,0.17653208,0.02959283,3.36757481,-0.17187045,0.01913214,2.87225521,0.20257908,0.04068028,2.81006324,-0.17219755,0.03234786,-0.11242399,1.63125539,-0.74163604,0.38775668,0.27725273,-0.28903341,-0.05265895,1.57005286,-0.40605485,0.13719673,-3.36109519,0.54266167
0.29253716,0.00722182,-0.00671236,-0.01773277,-0.30073275,0.15482260,-0.06520206,0.13698817,-1.31935713,0.13963863,0.85451102,-1.66663549,-0.18086017,0.80734643,-1.60345373,0.15594993,0.59579693,-1.63410647,0.34263732,0.00895848,0.00199114,0.30565773,0.18603949,0.18092791,-0.27117088,0.36009550,-0.16080370,-0.28652799,-0.13065983,0.18501629,-0.26545843,-0.19635445,-0.19373322,-0.27332214,3.01736166,0.00958482,0.00006844,0.00236058,-0.02874638,0.99958395,3.21349146,0.17952218,0.03448684,3.36762078,-0.17164750,0.01912974,2.89755051,0.20180424,0.04019929,2.81019804,-0.17254389,0.03233559,-0.15723668,1.58902853,-0.75918833,0.59765574,-0.29748869,-0.78505520,-0.01935371,1.54711363,-0.41450146,0.19208764,-3.62867742,1.09974167
0.28313250,0.01008000,-0.01987821,-0.01615878,-0.29080580,0.18185830,-0.06907758,0.16879709,-1.33538697,0.15390413,0.83010080,-1.67659075,-0.18146514,0.83840398,-1.61214080,0.16119060,0.52176797,-1.60250199,0.34263732,0.00895848,0.00199114,0.30528203,0.19599734,0.18454107,-0.26661988,0.35373879,-0.16205080,-0.28608343,-0.11133960,0.18648538,-0.26589355,-0.20265530,-0.19363163,-0.27289977,3.02294600,0.00947805,-0.00001263,-0.00050117,-0.02696475,0.99963626,3.22860692,0.18318456,0.03866215,3.36743424,-0.17140713,0.01919860,2.92182171,0.20169455,0.03938847,2.81014674,-0.17294688,0.03238226,-0.19904968,1.61828010,-0.81597508,0.72340335,-1.29210190,-0.46371814,-0.03329261,1.57987821,-0.44293129,0.26935478,-3.76178441,1.62696278
0.25349817,0.01250500,-0.03062357,-0.01546970,-0.29916139,0.16540781,-0.07340610,0.20111180,-1.35138423,0.16546545,0.78685172,-1.66843097,-0.18334285,0.87011727,-1.62129049,0.16770099,0.45088177,-1.56335647,0.34263732,0.00895848,0.00199114,0.30470886,0.20883406,0.18778000,-0.26468939,0.34731494,-0.16342964,-0.28540625,-0.09329689,0.18838701,-0.26656812,-0.20892609,-0.19381878,-0.27215521,3.02816451,0.00946449,-0.00008819,-0.00352477,-0.02525045,0.99967494,3.24621236,0.18646202,0.04001947,3.36678579,-0.17129098,0.01930261,2.94449732,0.20232138,0.03814074,2.80971987,-0.17355947,0.03255365,-0.21182517,1.58766601,-0.78205776,0.54541194,-2.18006926,0.47276298,-0.09830646,1.56011992,-0.45027870,0.32463001,-3.45180187,1.94451652
0.23393366,0.01312641,-0.04015817,-0.01798977,-0.36761970,0.09707995,-0.07691468,0.23442806,-1.36694047,0.17259537,0.73489628,-1.64911768,-0.18659607,0.90375918,-1.63065801,0.17583246,0.38831140,-1.52054269,0.34263732,0.00895848,0.00199114,0.30400457,0.22304660,0.19004754,-0.26420681,0.34082588,-0.16458305,-0.28457687,-0.07743698,0.19083192,-0.26751373,-0.21539745,-0.19431295,-0.27121775,3.03281043,0.00949659,-0.00016981,-0.00702937,-0.02419538,0.99968252,3.26478994,0.18853110,0.03979775,3.36527507,-0.17138215,0.01942770,2.96469615,0.20385130,0.03649084,2.80826476,-0.17416838,0.03278682,-0.17194712,1.72179105,-0.79821167,0.34208985,-2.70268455,1.03521236,-0.17557122,1.74660025,-0.48256899,0.43023113,-3.15470324,2.21528783
0.16894138,0.00656770,-0.03916722,-0.01962762,-0.40651179,-0.01335655,-0.07921199,0.26888195,-1.38222623,0.17714883,0.68211085,-1.62682319,-0.19120218,0.93947023,-1.63964832,0.18561718,0.33916095,-1.48105907,0.34263732,0.00895848,0.00199114,0.30328062,0.23762847,0.19163727,-0.26357156,0.33429392,-0.16539349,-0.28357287,-0.06461453,0.19377779,-0.26835036,-0.22215150,-0.19510555,-0.27019376,3.03644049,0.00947482,-0.00026842,-0.01109882,-0.02417570,0.99964608,3.28305495,0.18940103,0.03970906,3.36234844,-0.17188516,0.01970775,2.98126876,0.20614955,0.03493026,2.80511725,-0.17466378,0.03308687,-0.10457853,1.69696522,-0.74775076,0.20901243,-2.58298826,1.10380781,-0.23544183,1.76414657,-0.43681788,0.49065140,-2.30702567,1.89765048
0.17481580,0.00761214,-0.04387600,-0.02318420,-0.47064773,-0.07547756,-0.08090103,0.30488256,-1.39674492,0.17979746,0.63112699,-1.60288873,-0.19718378,0.97749002,-1.64817011,0.19459628,0.31247402,-1.45713472,0.34263732,0.00895848,0.00199114,0.30251108,0.25207363,0.19268298,-0.26239113,0.32759606,-0.16603661,-0.28239677,-0.05645225,0.19641523,-0.26869193,-0.22920838,-0.19616214,-0.26908203,3.03996847,0.00945002,-0.00039501,-0.01581995,-0.02492283,0.99956412,3.30133150,0.18933113,0.04011995,3.35888278,-0.17270648,0.02011431,2.99337499,0.20843456,0.03381915,2.80126889,-0.17504545,0.03342905,-0.08262689,1.78932438,-0.71839888,0.12900511,-2.53141971,1.19570796,-0.29900612,1.89124160,-0.42341445,0.44075368,-1.27867452,1.15211165
0.21662255,0.01209173,-0.05184556,-0.02770443,-0.54277691,-0.11404247,-0.08179449,0.34216872,-1.41013350,0.18135121,0.57855664,-1.57333498,-0.20436919,1.01737797,-1.65673630,0.20095429,0.31073584,-1.45229883,0.34263732,0.00895848,0.00199114,0.30167529,0.26686513,0.19350777,-0.26117833,0.32074061,-0.16645567,-0.28115866,-0.05352139,0.19825121,-0.26902020,-0.23639241,-0.19740853,-0.26783267,3.04423034,0.00946153,-0.00055161,-0.02113833,-0.02602005,0.99943775,3.32080295,0.18882108,0.04049696,3.35587509,-0.17345808,0.02051663,3.00109727,0.21022910,0.03265509,2.79788620,-0.17537911,0.03384262,-0.04282950,1.89870534,-0.67871532,0.07788956,-2.68324609,1.52370651,-0.36844548,2.03040309,-0.43459471,0.31764342,-0.03161558,0.20318365
0.25826218,0.01908719,-0.05709566,-0.02885609,-0.53712570,-0.17306881,-0.08162304,0.38020021,-1.42307749,0.18290109,0.52150438,-1.53490164,-0.21265590,1.05682704,-1.66369252,0.20460105,0.33219412,-1.46630061,0.34263732,0.00895848,0.00199114,0.30079510,0.28234358,0.19447131,-0.26027431,0.31371691,-0.16654887,-0.27995262,-0.05557905,0.19922111,-0.26929729,-0.24354476,-0.19886165,-0.26657021,3.04947975,0.00954633,-0.00074066,-0.02663885,-0.02771425,0.99926060,3.34216821,0.18806929,0.04052078,3.35348313,-0.17413484,0.02084248,3.00502832,0.21154176,0.03149780,2.79528711,-0.17551072,0.03422489,0.01241942,1.86565931,-0.63556359,0.07872002,-2.81691036,1.92016983,-0.40959697,1.92507424,-0.32782412,0.16624015,1.13951559,-0.76579061
0.31895224,0.03071939,-0.06424807,-0.02628262,-0.45448336,-0.25860584,-0.08083109,0.41765378,-1.43739181,0.18546136,0.46042457,-1.49093277,-0.22133663,1.09188960,-1.66565275,0.20516348,0.37001197,-1.49667013,0.34263732,0.00895848,0.00199114,0.29993060,0.29822454,0.19573626,-0.25944547,0.30649190,-0.16640703,-0.27889646,-0.06141012,0.19909954,-0.26891537,-0.25072801,-0.20047952,-0.26548824,3.05566080,0.00974893,-0.00094325,-0.03123009,-0.03013564,0.99905737,3.36514080,0.18715437,0.04048513,3.35156558,-0.17482881,0.02103414,3.00636270,0.21218788,0.03101524,2.79330509,-0.17525391,0.03444236,0.04308918,1.91984088,-0.75069380,0.13983420,-3.16547546,2.28345141,-0.44733889,1.76610093,-0.06060424,0.00901805,2.02834911,-1.65430577
0.33566339,0.03780839,-0.05680652,-0.01126492,-0.17742131,-0.26144490,-0.08033729,0.45243782,-1.45528615,0.18898705,0.39542872,-1.44639122,-0.22932881,1.11772072,-1.65940130,0.20381685,0.41096288,-1.53000546,0.34263732,0.00895848,0.00199114,0.29920676,0.31421073,0.19710369,-0.25861152,0.29911151,-0.16626018,-0.27811244,-0.06908209,0.19836730,-0.26817190,-0.25797159,-0.20218312,-0.26465839,3.06252015,0.01005252,-0.00109754,-0.03343451,-0.03279056,0.99890225,3.38898098,0.18612515,0.04059525,3.35008395,-0.17546621,0.02109432,3.00659621,0.21252334,0.03103486,2.79184425,-0.17477689,0.03454837,0.02024849,1.68244624,-0.90608174,0.17871225,-3.21483588,2.17998028,-0.38478479,1.19287825,0.36904389,-0.07586969,2.00173950,-1.62264168
0.35807772,0.04227032,-0.04250357,0.01253493,0.18085237,-0.16027397,-0.08160039,0.48207319,-1.47807403,0.19174156,0.32358009,-1.40247087,-0.23455370,1.13063617,-1.64436514,0.20145904,0.44202799,-1.55107462,0.34263732,0.00895848,0.00199114,0.29879845,0.33048966,0.19789022,-0.25829350,0.29164391,-0.16650184,-0.27776499,-0.07697152,0.19758098,-0.26791242,-0.26521386,-0.20358874,-0.26385516,3.06980774,0.01040348,-0.00109466,-0.03173188,-0.03446621,0.99890138,3.41315124,0.18504368,0.04050495,3.34928172,-0.17580429,0.02103346,3.00663779,0.21281992,0.03088602,2.79119203,-0.17442089,0.03494329,-0.06677800,1.46203928,-1.13709939,0.13255120,-3.57824173,2.18020430,-0.25265872,0.62431092,0.75307074,-0.11915795,1.52464659,-1.02645130
0.37880672,0.03970546,-0.02423493,0.03457177,0.49583455,0.01269538,-0.08512091,0.50728456,-1.50368543,0.19210835,0.24505033,-1.35652475,-0.23585658,1.13552694,-1.62677009,0.19823963,0.46428933,-1.56219628,0.34263732,0.00895848,0.00199114,0.29870929,0.34712588,0.19770833,-0.25886665,0.28414303,-0.16732102,-0.27775229,-0.08482585,0.19673941,-0.26797237,-0.27229552,-0.20423095,-0.26267314,3.07729971,0.01067670,-0.00093023,-0.02695903,-0.03442985,0.99904301,3.43721302,0.18401848,0.03984265,3.34924958,-0.17580884,0.02095701,3.00621941,0.21278908,0.03073692,2.79159019,-0.17432383,0.03603615,-0.18437590,1.27429910,-1.30620248,0.01251573,-4.00923328,2.35182314,-0.05564940,0.23654277,0.89420977,-0.16398877,1.11523592,-0.54600226
0.37356224,0.02660613,-0.00385586,0.04476299,0.66408257,0.16493003,-0.09022120,0.52987726,-1.53028271,0.19003349,0.16179547,-1.30722153,-0.23249052,1.13641422,-1.61028574,0.19540038,0.48001262,-1.56532531,0.34263732,0.00895848,0.00199114,0.29891858,0.36396197,0.19658003,-0.26006853,0.27653976,-0.16853463,-0.27796975,-0.09256807,0.19615616,-0.26825208,-0.27905454,-0.20375355,-0.26117865,3.08492806,0.01073930,-0.00066920,-0.02028117,-0.03284915,0.99925430,3.46101487,0.18299126,0.03885004,3.34980204,-0.17559356,0.02094883,3.00544264,0.21255149,0.03066650,2.79309423,-0.17424708,0.03773993,-0.25238323,1.10124977,-1.30443988,-0.11053593,-4.08958797,2.41256166,0.18465413,0.03425374,0.79873443,-0.13482096,0.74831978,-0.12332270
0.39710789,0.01762140,0.01222857,0.04706229,0.74175758,0.19635496,-0.09459641,0.55204864,-1.55612600,0.18700506,0.07694467,-1.25491731,-0.22623295,1.13561370,-1.59559243,0.19335986,0.49268444,-1.56359558,0.34263732,0.00895848,0.00199114,0.29933606,0.38076038,0.19496853,-0.26110055,0.26877494,-0.16950585,-0.27842184,-0.10022136,0.19589619,-0.26871292,-0.28530047,-0.20252057,-0.25962404,3.09263346,0.01062065,-0.00040583,-0.01306937,-0.03091942,0.99943635,3.48471758,0.18167982,0.03823551,3.35041649,-0.17517523,0.02091421,3.00471299,0.21233736,0.03062314,2.79535987,-0.17387692,0.03971202,-0.21453235,1.14354150,-1.32112002,-0.15646209,-4.37539673,2.73002372,0.33186467,-0.04942312,0.74700637,-0.10111949,0.64380316,0.10880057
0.38153642,0.01499546,0.02486712,0.03962779,0.65678113,0.11377102,-0.09786931,0.57462472,-1.57972407,0.18531188,-0.00528027,-1.19788730,-0.22136731,1.13296866,-1.58336067,0.19134609,0.50584829,-1.56076801,0.34263732,0.00895848,0.00199114,0.29991826,0.39661446,0.19371542,-0.26203627,0.26097205,-0.17016910,-0.27897146,-0.10795544,0.19567510,-0.26929354,-0.29037032,-0.20160091,-0.25788079,3.10040462,0.01046509,-0.00018614,-0.00627651,-0.02964320,0.99954082,3.50780189,0.18033609,0.03788199,3.35083354,-0.17487053,0.02094681,3.00423491,0.21219389,0.03062472,2.79859746,-0.17357372,0.04203747,-0.15436813,1.10958600,-1.13877821,-0.06964715,-4.00130129,2.82507777,0.22051701,-0.14408897,0.57958150,-0.10018839,0.65385413,0.14058280
0.39141165,0.01484772,0.03847002,0.03635691,0.62151956,0.07013364,-0.10133411,0.59761568,-1.60015774,0.18499295,-0.07379776,-1.14541252,-0.21655060,1.12177932,-1.57611220,0.18908585,0.52001289,-1.55691228,0.34263732,0.00895848,0.00199114,0.30068860,0.40907075,0.19292979,-0.26330751,0.25308054,-0.17091845,-0.27954464,-0.11588567,0.19541280,-0.27004839,-0.29180812,-0.20075380,-0.25670126,3.10829146,0.01030789,-0.00000041,0.00000016,-0.02893242,0.99958137,3.52783654,0.17925379,0.03738109,3.35106227,-0.17496275,0.02114396,3.00390260,0.21209644,0.03064021,2.80536015,-0.17323145,0.04398734,-0.17093075,1.14258850,-1.00931801,-0.01736399,-3.37633524,2.60404630,0.25048265,-0.58031027,0.35371841,-0.11190851,0.70289321,0.19439967
0.40338642,0.01673735,0.04958805,0.03514012,0.61369562,0.06466865,-0.10420960,0.62118114,-1.61792436,0.18339269,-0.12855521,-1.09596660,-0.20539511,1.09827740,-1.57281868,0.18684770,0.53421232,-1.55186996,0.34263732,0.00895848,0.00199114,0.30156527,0.41786069,0.19210097,-0.26642262,0.24492108,-0.17153144,-0.28034160,-0.12391073,0.19517548,-0.27084567,-0.28887360,-0.19839198,-0.25741969,3.11624081,0.01018140,0.00017072,0.00605338,-0.02829957,0.99958114,3.54430077,0.17833314,0.03514265,3.35106475,-0.17493232,0.02122366,3.00357111,0.21205481,0.03071959,2.81660540,-0.17154905,0.04414558,-0.14475147,1.19844391,-0.89734753,-0.08684289,-2.75060244,2.49182563,0.58249652,-1.21608741,0.15469342,-0.11449590,0.72282965,0.25651227
0.38422206,0.02700321,0.05377843,0.03075654,0.55024417,0.09232210,-0.10723825,0.64465898,-1.63266256,0.17901427,-0.16858781,-1.05804081,-0.19047734,1.07055252,-1.57738674,0.18395267,0.54891962,-1.54715772,0.34263732,0.00895848,0.00199114,0.30247697,0.42342102,0.19065889,-0.27033131,0.23672016,-0.17222220,-0.28121103,-0.13191568,0.19472933,-0.27158994,-0.28305051,-0.19485885,-0.25850923,3.12413108,0.01027184,0.00032024,0.01171851,-0.02740187,0.99955576,3.55736177,0.17744643,0.03214566,3.35106018,-0.17466087,0.02126593,3.00308216,0.21193595,0.03088703,2.83082998,-0.16878688,0.04396774,-0.15363228,1.15012488,-0.70809194,-0.22843164,-1.90231249,1.80250185,0.73085022,-1.34918964,-0.26947188,-0.14670788,0.72425741,0.22758175
0.39400255,0.04793522,0.06182406,0.02695927,0.50604886,0.18994311,-0.11199908,0.66854678,-1.64376609,0.17033005,-0.19310646,-1.03629212,-0.17761268,1.04545357,-1.59010179,0.18011119,0.56465894,-1.54331255,0.34263732,0.00895848,0.00199114,0.30341667,0.42603284,0.18814086,-0.27451809,0.22839420,-0.17343982,-0.28195376,-0.13984248,0.19397997,-0.27233883,-0.27612845,-0.19155051,-0.25847511,3.13187912,0.01075396,0.00042882,0.01673036,-0.02568338,0.99953003,3.56701210,0.17676676,0.02889857,3.35106456,-0.17418663,0.02146291,3.00218341,0.21165984,0.03107784,2.84627759,-0.16636264,0.04494156,-0.25833188,1.23488402,-0.54758226,-0.47894359,-1.15845830,1.00467479,0.63997118,-1.27400219,-0.69306663,-0.20276802,0.81776956,0.19218675
0.36394102,0.05944684,0.06585758,0.01903381,0.39346169,0.27884555,-0.11804808,0.69340986,-1.65076590,0.15670380,-0.19598059,-1.04178405,-0.16809547,1.01586831,-1.60341847,0.17623033,0.58219469,-1.54058373,0.34263732,0.00895848,0.00199114,0.30443531,0.42492641,0.18430192,-0.27822414,0.21981254,-0.17506973,-0.28261748,-0.14775908,0.19317817,-0.27302364,-0.26739402,-0.18908974,-0.25850746,3.13943112,0.01157825,0.00047994,0.02087825,-0.02297665,0.99951785,3.57237756,0.17615962,0.02621117,3.35096681,-0.17340720,0.02181783,3.00070488,0.21134207,0.03141168,2.86363065,-0.16502468,0.04592785,-0.30324256,1.22595525,-0.31352744,-0.70219964,0.02529866,-0.48527995,0.44356984,-1.50217724,-0.64151424,-0.18838222,0.87380403,0.12536609
0.38578845,0.05475895,0.06304599,0.01197411,0.27883530,0.30773552,-0.12370519,0.71937885,-1.65290053,0.14245480,-0.16954290,-1.08521428,-0.16268163,0.97378700,-1.61680408,0.17314872,0.60300215,-1.53940456,0.34263732,0.00895848,0.00199114,0.30534219,0.41896737,0.18023149,-0.27997257,0.21103057,-0.17668240,-0.28330356,-0.15580556,0.19253868,-0.27361309,-0.25442944,-0.18772267,-0.25907328,3.14727747,0.01237817,0.00047129,0.02373826,-0.01987118,0.99952059,3.57307723,0.17581507,0.02536962,3.35111892,-0.17255219,0.02203863,2.99924762,0.21095732,0.03172911,2.88558791,-0.16508368,0.04626892,-0.27956119,1.29143667,-0.09911989,-0.70045928,1.34417610,-2.18699408,0.26309654,-2.10452056,-0.66754938,-0.15152234,1.03882146,0.05597560
0.41502885,0.04296472,0.05728491,0.00568094,0.14860058,0.29329790,-0.12864450,0.74672513,-1.65137670,0.13185481,-0.12955147,-1.13936610,-0.15983761,0.92403245,-1.63116531,0.17085769,0.62716337,-1.53976910,0.34263732,0.00895848,0.00199114,0.30606275,0.41062601,0.17725374,-0.28067185,0.20209823,-0.17815751,-0.28386714,-0.16395528,0.19207515,-0.27415744,-0.23843581,-0.18695359,-0.25958561,3.15549729,0.01295340,0.00042868,0.02526408,-0.01697274,0.99953663,3.57190459,0.17616360,0.02539091,3.35143030,-0.17196293,0.02219562,2.99815776,0.21048433,0.03190531,2.91085160,-0.16579718,0.04647714,-0.24924384,1.39389863,0.08550969,-0.53092494,2.04276066,-2.74210577,0.14151900,-2.54223580,-0.72827843,-0.11462983,1.23662801,-0.02294551
0.40605896,0.02997034,0.04691916,-0.00005936,-0.01046361,0.23734291,-0.13211226,0.77513037,-1.64624460,0.12397350,-0.08759476,-1.18594978,-0.15855469,0.86985301,-1.64417996,0.16939450,0.65492513,-1.54238980,0.34263732,0.00895848,0.00199114,0.30661348,0.40197626,0.17520739,-0.28131604,0.19315483,-0.17928291,-0.28432871,-0.17207138,0.19177442,-0.27460074,-0.22069322,-0.18650558,-0.26000541,3.16383746,0.01333698,0.00036736,0.02529587,-0.01450662,0.99957468,3.57072885,0.17680544,0.02529744,3.35170825,-0.17147567,0.02228477,2.99740374,0.21002406,0.03201274,2.93782489,-0.16668565,0.04660807,-0.16038277,1.39510062,0.26722934,-0.37979008,2.05410304,-2.23870406,0.05526788,-2.67012382,-0.62994815,-0.06825450,1.37687006,-0.13973993
0.41384841,0.02156304,0.03690704,-0.00501541,-0.19451255,0.19157923,-0.13346227,0.80341225,-1.63810923,0.11737567,-0.04585174,-1.22303860,-0.15958423,0.81316713,-1.65561275,0.16881286,0.68653314,-1.54789951,0.34263732,0.00895848,0.00199114,0.30697554,0.39365034,0.17366962,-0.28192010,0.18470646,-0.17985871,-0.28462071,-0.17998815,0.19162721,-0.27492708,-0.20170186,-0.18655839,-0.26000808,3.17195389,0.01357012,0.00029775,0.02362466,-0.01258081,0.99964169,3.56985023,0.17727788,0.02505544,3.35207541,-0.17088007,0.02235483,2.99684536,0.20966633,0.03204846,2.96562088,-0.16785302,0.04696746,-0.05693462,1.45130131,0.43424365,-0.33280506,2.14910359,-1.85467134,-0.06992321,-2.92924714,-0.58003348,-0.02411867,1.65130506,-0.30276843
0.37075234,0.01232424,0.01738537,-0.00810445,-0.34720268,0.14593366,-0.13425459,0.83110493,-1.62974203,0.11200681,-0.00441943,-1.25245976,-0.16300845,0.75510025,-1.66484904,0.16926697,0.72160512,-1.55657458,0.34263732,0.00895848,0.00199114,0.30706522,0.38578721,0.17256042,-0.28225014,0.17725952,-0.18024960,-0.28420335,-0.18754102,0.19165739,-0.27506813,-0.18193722,-0.18712832,-0.25941373,3.17960274,0.01367229,0.00022442,0.02031067,-0.01104623,0.99973267,3.56910861,0.17766635,0.02481508,3.35283625,-0.17044997,0.02286187,2.99634230,0.20942673,0.03199708,2.99357522,-0.16939032,0.04765148,-0.03894988,1.35365653,0.40553597,-0.25414807,2.02769756,-1.39117932,-0.18380581,-2.85480285,-0.43496662,0.02982862,1.74232078,-0.44775707
0.35102184,0.00335146,-0.00208453,-0.00912775,-0.44405134,0.11599911,-0.13498805,0.86231813,-1.63057635,0.10803880,0.03510229,-1.27513433,-0.16774600,0.69399014,-1.66706564,0.17059877,0.75886919,-1.56797247,0.34263732,0.00895848,0.00199114,0.30680625,0.37862128,0.17185113,-0.28223631,0.17082416,-0.18039603,-0.28181254,-0.19463233,0.19180520,-0.27492653,-0.16185164,-0.18799448,-0.25859577,3.18668568,0.01360685,0.00015684,0.01585127,-0.00986344,0.99982570,3.56862361,0.17795496,0.02456994,3.35391767,-0.17012415,0.02499371,2.99587524,0.20921450,0.03187971,3.02115672,-0.17115796,0.04821048,-0.03583745,1.55713203,-0.07735578,-0.19435279,1.95744753,-1.11793799,-0.23468370,-3.03951740,-0.09253769,0.06717593,1.84932446,-0.56718384
0.33997970,-0.00644462,-0.01642995,-0.00894002,-0.47842613,0.07416117,-0.13595505,0.89376714,-1.65099871,0.10561188,0.07253066,-1.29442616,-0.17229652,0.62974310,-1.65941961,0.17252425,0.79572091,-1.57998276,0.34263732,0.00895848,0.00199114,0.30634431,0.37193763,0.17153404,-0.28194758,0.16757164,-0.18018257,-0.27643053,-0.20128047,0.19204914,-0.27456088,-0.14206043,-0.18889011,-0.25809572,3.19337351,0.01336632,0.00010195,0.01114469,-0.00911342,0.99989636,3.56837595,0.17809248,0.02439673,3.35763309,-0.16984068,0.02991378,2.99562700,0.20905234,0.03178343,3.04789374,-0.17290304,0.04824860,-0.05279145,1.57670753,-1.08340672,-0.11916528,1.89956789,-0.97726617,-0.23133826,-3.27240000,0.41332672,0.09932582,1.87146802,-0.61111475
0.31329645,-0.01368331,-0.03012149,-0.00789710,-0.44543190,0.02064264,-0.13937916,0.90497441,-1.67900426,0.10504486,0.10844584,-1.31251476,-0.17738140,0.56361796,-1.64087489,0.17468748,0.83172445,-1.59231813,0.34263732,0.00895848,0.00199114,0.30566384,0.36551081,0.17168125,-0.28134290,0.17122984,-0.18050926,-0.27012505,-0.20761026,0.19229613,-0.27393105,-0.12300772,-0.19006251,-0.25799833,3.19976962,0.01298271,0.00005832,0.00657996,-0.00885928,0.99993911,3.56826494,0.17816079,0.02432094,3.36777427,-0.17053211,0.03553879,2.99559910,0.20892714,0.03173279,3.07341363,-0.17487048,0.04766551,-0.18304691,0.40685636,-1.33696434,-0.02005363,1.75545530,-0.88443753,-0.25472272,-3.24769492,0.95568116,0.10492503,1.76328552,-0.60713006
0.32091693,-0.01645025,-0.04387815,-0.00788864,-0.44185881,-0.03194040,-0.14613948,0.87786453,-1.68446100,0.10594663,0.14327683,-1.33009117,-0.18374655,0.49621791,-1.61167657,0.17635424,0.86751454,-1.60485098,0.34263732,0.00895848,0.00199114,0.30480261,0.35921211,0.17219541,-0.28049873,0.18209284,-0.18225655,-0.26731450,-0.21388627,0.19234670,-0.27312100,-0.10466651,-0.19172297,-0.25826084,3.20600693,0.01255081,0.00002038,0.00225764,-0.00910885,0.99995596,3.56829631,0.17817387,0.02430388,3.38474939,-0.17299268,0.03748811,2.99566014,0.20876195,0.03168161,3.09786518,-0.17723364,0.04654177,-0.36765562,-1.65764269,-0.07249993,0.05390508,1.78654289,-0.90155982,-0.33559166,-3.47613158,1.56790257,0.08156843,1.84157555,-0.64448954
0.30545041,-0.01694993,-0.04995990,-0.00763235,-0.40386776,-0.06440106,-0.15229741,0.82068872,-1.66341174,0.10760815,0.17768835,-1.34740114,-0.19124317,0.42903107,-1.57394779,0.17826733,0.90302569,-1.61648893,0.34263732,0.00895848,0.00199114,0.30382177,0.35290310,0.17289504,-0.27952630,0.19757435,-0.18442654,-0.26839060,-0.22022456,0.19243322,-0.27220178,-0.08705716,-0.19380252,-0.25873246,3.21223056,0.01208926,-0.00001832,-0.00188462,-0.00972148,0.99995097,3.56842840,0.17809046,0.02429547,3.40618193,-0.17614367,0.03543118,2.99578893,0.20876773,0.03162000,3.12142193,-0.17998406,0.04508931,-0.28719884,-2.98092985,1.19908416,0.08556641,1.68549478,-0.84729749,-0.37503064,-3.28826547,1.90417194,0.09806979,1.73825717,-0.56197357
0.31719717,-0.02568895,-0.05634932,-0.00825744,-0.40769633,-0.05965165,-0.15302106,0.75701661,-1.63656034,0.10972491,0.21258636,-1.36431718,-0.19939792,0.36760902,-1.53217413,0.18186375,0.93874452,-1.62657499,0.34263732,0.00895848,0.00199114,0.30276461,0.34638842,0.17371536,-0.27850785,0.21449322,-0.18517650,-0.27006155,-0.22679130,0.19294566,-0.27107535,-0.07117390,-0.19614693,-0.25923967,3.21861489,0.01144781,-0.00006206,-0.00598778,-0.01033365,0.99992868,3.56851943,0.17796741,0.02425676,3.42923534,-0.17812197,0.03270307,2.99585955,0.20903926,0.03168926,3.14340250,-0.18318631,0.04352494,-0.03375886,-3.14574575,1.32263227,0.10566824,1.73346283,-0.83851256,-0.40246311,-3.02822156,2.06915894,0.18109443,1.77375073,-0.49779266
0.33498367,-0.03628501,-0.06285458,-0.00931811,-0.44001930,-0.01849351,-0.15357265,0.70088520,-1.61481466,0.11197496,0.24839927,-1.38074389,-0.20598877,0.31882079,-1.49453471,0.18682257,0.97515078,-1.63520980,0.34263732,0.00895848,0.00199114,0.30166635,0.33966984,0.17457401,-0.27740900,0.23034008,-0.18566632,-0.27004498,-0.23359991,0.19377860,-0.26987208,-0.05822403,-0.19811423,-0.25991684,3.22520087,0.01060184,-0.00010845,-0.01029597,-0.01054351,0.99989140,3.56847641,0.17797442,0.02425735,3.45157459,-0.17988037,0.03162137,2.99573910,0.20926326,0.03179427,3.16281216,-0.18624057,0.04174950,-0.03336061,-2.83938465,1.09642286,0.11361108,1.82434504,-0.83484111,-0.32978393,-2.44345803,1.89422154,0.25501350,1.85410643,-0.43626084
0.32961984,-0.03912477,-0.06570986,-0.01006895,-0.48487648,0.06289958,-0.15477108,0.64717185,-1.59278522,0.11328727,0.28573197,-1.39682555,-0.21093023,0.28841893,-1.46794701,0.19308096,1.01324444,-1.64300859,0.34263732,0.00895848,0.00199114,0.30053313,0.33278488,0.17516810,-0.27617074,0.24598266,-0.18625703,-0.26892563,-0.24064523,0.19486956,-0.26863516,-0.04918907,-0.19964071,-0.26070538,3.23193672,0.00966903,-0.00015067,-0.01517483,-0.00998282,0.99983501,3.56815283,0.17815750,0.02436239,3.47415135,-0.18146240,0.03160751,2.99523041,0.20930470,0.03189797,3.17877123,-0.18894973,0.03982776,-0.05202346,-2.64705482,1.10607982,0.05715769,1.83760481,-0.78637595,-0.23938153,-1.40309010,1.24429383,0.31258654,1.87757075,-0.38120324
0.34553386,-0.03762113,-0.07382885,-0.01111484,-0.60642349,0.17569428,-0.15339328,0.58834207,-1.56071630,0.11270768,0.32501181,-1.41213102,-0.21558261,0.28061965,-1.45751214,0.20070561,1.05392616,-1.65080860,0.34263732,0.00895848,0.00199114,0.29938223,0.32574876,0.17523053,-0.27483965,0.26266247,-0.18627098,-0.26827026,-0.24786982,0.19617738,-0.26734618,-0.04478932,-0.20105755,-0.26146097,3.23869522,0.00880869,-0.00017485,-0.02094655,-0.00840588,0.99974524,3.56734440,0.17853701,0.02454258,3.49818842,-0.18185260,0.03111197,2.99415915,0.20912624,0.03203605,3.19053147,-0.19146731,0.03792125,0.09176722,-3.06863112,1.73185492,-0.04263031,2.03471551,-0.78140421,-0.23947479,-0.25023685,0.42533522,0.40098576,2.11094286,-0.40271104
0.31870750,-0.02853017,-0.07298753,-0.00900609,-0.64343234,0.25795669,-0.15135902,0.52778482,-1.52073216,0.11068971,0.36584270,-1.42649281,-0.21899305,0.29644376,-1.46624672,0.20974109,1.09629965,-1.65844285,0.34263732,0.00895848,0.00199114,0.29824814,0.31855313,0.17487651,-0.27345616,0.27963818,-0.18619721,-0.26759879,-0.25514114,0.19769283,-0.26596263,-0.04521495,-0.20203644,-0.26212545,3.24529183,0.00812178,-0.00016184,-0.02742309,-0.00589943,0.99960649,3.56588686,0.17922619,0.02479198,3.52271283,-0.18136306,0.03064935,2.99250185,0.20881230,0.03228551,3.19769537,-0.19336691,0.03612269,0.09688734,-2.96737146,2.00149584,-0.10733350,2.01096058,-0.69759166,-0.15499660,0.94009495,-0.56643343,0.45295146,2.08614850,-0.37205216
0.33591001,-0.02802372,-0.08042084,-0.00497127,-0.57089554,0.29164554,-0.15060703,0.47022080,-1.48256519,0.10821966,0.40616369,-1.44166639,-0.22017406,0.33436034,-1.49721928,0.21938922,1.13559961,-1.66256025,0.34263732,0.00895848,0.00199114,0.29707918,0.31122645,0.17430364,-0.27213395,0.29586889,-0.18632629,-0.26586266,-0.26242223,0.19930917,-0.26456791,-0.05048027,-0.20209136,-0.26186955,3.25213492,0.00751660,-0.00009683,-0.03324635,-0.00295110,0.99944283,3.56438529,0.17997925,0.02494523,3.54689829,-0.18055370,0.03121652,2.99089429,0.20837203,0.03251127,3.20046208,-0.19427312,0.03520963,0.03875382,-2.85873146,1.88993115,-0.12161740,1.99691958,-0.75836854,-0.05668623,1.90247164,-1.56003404,0.47624230,1.93683190,-0.19144993
0.36100978,-0.03105775,-0.07985043,-0.00141457,-0.34691480,0.23970145,-0.14874054,0.41029232,-1.44580472,0.10672289,0.44365283,-1.45970113,-0.22029719,0.37934854,-1.53566360,0.22728758,1.16670122,-1.65916336,0.34263732,0.00895848,0.00199114,0.29602349,0.30378517,0.17389301,-0.27104726,0.31193008,-0.18597104,-0.26416049,-0.26989741,0.20069669,-0.26347834,-0.05827875,-0.20166993,-0.26087816,3.25931790,0.00690002,-0.00001951,-0.03678847,-0.00054447,0.99932293,3.56329238,0.18046188,0.02497623,3.57104514,-0.17941083,0.03186300,2.98963935,0.20789070,0.03254515,3.20081942,-0.19470628,0.03514533,0.09937477,-3.06142559,1.87192883,-0.07139383,1.89738626,-0.92369304,-0.00380942,2.28062477,-1.94416218,0.39585665,1.55891480,0.19266797
0.35717182,-0.03235520,-0.06180410,-0.00018548,-0.02620270,0.09207524,-0.14490200,0.34384413,-1.40742130,0.10768969,0.47672502,-1.47975640,-0.21914495,0.41810800,-1.56578138,0.23268535,1.18782752,-1.64825993,0.34263732,0.00895848,0.00199114,0.29527776,0.29624090,0.17409556,-0.27040766,0.32833694,-0.18488006,-0.26318170,-0.27752275,0.20177544,-0.26251381,-0.06643581,-0.20104272,-0.26026185,3.26667259,0.00624960,0.00001971,-0.03731757,0.00052928,0.99930332,3.56272891,0.18065887,0.02487010,3.59520519,-0.17828255,0.03209606,2.98893626,0.20773095,0.03276395,3.20044978,-0.19486338,0.03501591,0.19654613,-3.28772550,1.89161575,0.05990450,1.60060341,-0.98694768,0.06294846,1.85706885,-1.42188766,0.25444853,0.99404134,0.55906770
0.37682651,-0.02848470,-0.04479962,-0.00024663,0.25721360,-0.04706894,-0.13914673,0.27037308,-1.36545506,0.11092509,0.50550560,-1.50063334,-0.21727828,0.44784797,-1.58422883,0.23529193,1.20044897,-1.63433433,0.34263732,0.00895848,0.00199114,0.29488254,0.28861673,0.17487823,-0.27027897,0.34518204,-0.18306963,-0.26299492,-0.28477564,0.20239531,-0.26126934,-0.07432731,-0.20046579,-0.26027951,3.27404068,0.00568016,0.00000806,-0.03512339,0.00022317,0.99938296,3.56257927,0.18068727,0.02460357,3.61930444,-0.17723529,0.03188761,2.98917468,0.20794827,0.03361319,3.19980290,-0.19481881,0.03460303,0.30793713,-3.82478652,2.18820851,0.17747311,1.45717452,-1.07928333,0.09668429,1.47952192,-0.88206699,0.11479319,0.60258647,0.72243243
0.35606127,-0.01073400,-0.02447054,0.00028592,0.42169840,-0.10649356,-0.13239539,0.18958259,-1.31293035,0.11430465,0.53201330,-1.52278161,-0.21671249,0.47085533,-1.59351277,0.23433542,1.20763791,-1.62109232,0.34263732,0.00895848,0.00199114,0.29479319,0.28085237,0.17562719,-0.27052806,0.36238777,-0.18094402,-0.26410838,-0.29136671,0.20224920,-0.25973269,-0.08204043,-0.20042600,-0.26057503,3.28133428,0.00540068,-0.00002459,-0.03105740,-0.00079123,0.99951729,3.56246436,0.18058300,0.02426513,3.64343512,-0.17611685,0.03068481,2.99028814,0.20811093,0.03506050,3.19897664,-0.19489518,0.03421815,0.33550927,-4.01288271,2.66573000,0.16221316,1.28785992,-1.09605920,0.01471183,1.08456612,-0.39522785,-0.07321116,0.32004887,0.63989437
0.35642386,0.00367834,-0.00131318,0.00142530,0.50848510,-0.08733627,-0.12599038,0.10552347,-1.25520949,0.11608366,0.55748986,-1.54562895,-0.21645881,0.48972003,-1.59658556,0.22962137,1.21169858,-1.60876677,0.34263732,0.00895848,0.00199114,0.29512173,0.27300446,0.17586685,-0.27107032,0.37962600,-0.17879311,-0.26511144,-0.29744706,0.20123927,-0.25819952,-0.08967768,-0.20060892,-0.26114638,3.28851035,0.00544746,-0.00004355,-0.02595252,-0.00168985,0.99966175,3.56210783,0.18039031,0.02405141,3.66752970,-0.17462809,0.03001029,2.99174535,0.20769120,0.03692220,3.19815495,-0.19485713,0.03397535,0.31644276,-4.16983957,2.87003074,0.08599408,1.26294694,-1.13159368,0.01524547,0.93470048,-0.14699907,-0.23618079,0.19877079,0.60958465
0.35993726,0.00530215,0.02598941,0.00226001,0.55804044,-0.03095633,-0.12062093,0.02603947,-1.19806423,0.11680354,0.58213567,-1.56708653,-0.21526981,0.50777900,-1.59681988,0.22455158,1.21385541,-1.59929850,0.34263732,0.00895848,0.00199114,0.29590437,0.26513460,0.17580657,-0.27189205,0.39536111,-0.17686997,-0.26596101,-0.30265027,0.20012251,-0.25631049,-0.09756872,-0.20063370,-0.26203692,3.29557049,0.00552729,-0.00004154,-0.02047831,-0.00202526,0.99978825,3.56141517,0.18025827,0.02401233,3.69021180,-0.17294298,0.02994336,2.99373348,0.20687430,0.03959389,3.19718974,-0.19470948,0.03386745,0.26932641,-4.01278696,2.88557563,0.03530123,1.25150342,-1.08756249,0.05970352,0.91697224,-0.00636297,-0.25382769,0.10310008,0.46546538
0.33026661,-0.00398260,0.04866055,0.00217145,0.55354807,0.03880329,-0.11693690,-0.03867112,-1.14758999,0.11720440,0.60612520,-1.58662889,-0.21420836,0.52525681,-1.59478326,0.21928765,1.20900877,-1.59669025,0.34263732,0.00895848,0.00199114,0.29706606,0.25723020,0.17567603,-0.27289796,0.40719572,-0.17549432,-0.26759897,-0.30467184,0.19900699,-0.25443405,-0.10565840,-0.20074944,-0.26302015,3.30231435,0.00544523,-0.00002560,-0.01483877,-0.00168573,0.99988848,3.56013544,0.18025294,0.02416810,3.70891602,-0.17142108,0.02946709,2.99831526,0.20547839,0.04263201,3.19597967,-0.19494680,0.03404590,0.17330269,-3.10010533,2.45980077,0.01974781,1.17427175,-0.94834769,0.05266719,0.85467097,0.10842715,-0.26981251,-0.29001656,0.10015824
0.30783811,-0.02250870,0.07542307,0.00147117,0.57123423,0.07835775,-0.11380015,-0.08611932,-1.10426371,0.11813622,0.62967185,-1.60318658,-0.21169700,0.54288093,-1.59182887,0.20787012,1.18800070,-1.59738357,0.34263732,0.00895848,0.00199114,0.29859581,0.24921815,0.17574075,-0.27406470,0.41458309,-0.17445738,-0.27091926,-0.30152552,0.19668137,-0.25495771,-0.11391440,-0.20049800,-0.26418746,3.30837152,0.00504207,-0.00000929,-0.00926883,-0.00094963,0.99995659,3.55792301,0.18030916,0.02453111,3.72262251,-0.17020242,0.02767655,3.00722010,0.20229578,0.04363810,3.19407651,-0.19523921,0.03440835,0.16361183,-2.33277278,2.16742120,0.05370733,1.20897152,-0.83012750,0.14453827,0.91108218,0.15251952,-0.64228862,-1.20055776,-0.04094067
0.28248824,-0.03623244,0.08774898,0.00067100,0.50810698,0.03693412,-0.10973995,-0.11855295,-1.07091057,0.12028404,0.65279448,-1.61553550,-0.20745073,0.56094629,-1.58876288,0.19331868,1.15410960,-1.60045683,0.34263732,0.00895848,0.00199114,0.30039915,0.24107134,0.17621462,-0.27539073,0.41852438,-0.17327111,-0.27520204,-0.29416476,0.19369494,-0.25718769,-0.12221284,-0.19976761,-0.26551022,3.31412947,0.00433643,-0.00000203,-0.00402990,-0.00050332,0.99999175,3.55537808,0.18030828,0.02500843,3.73247921,-0.16935590,0.02519711,3.02015984,0.19832739,0.04321146,3.19171560,-0.19530806,0.03488893,0.20712219,-1.49131072,1.56500757,0.11465304,1.13063347,-0.57390153,0.21836950,0.88812315,0.15118542,-0.71975410,-1.73462832,-0.17164734
0.30810512,-0.04267595,0.09276093,0.00058168,0.44331501,-0.04595567,-0.10624843,-0.12817988,-1.06326509,0.12351771,0.67575171,-1.62264807,-0.20289288,0.57939302,-1.58512988,0.18532733,1.11752858,-1.60866916,0.34263732,0.00895848,0.00199114,0.30226543,0.23278344,0.17707941,-0.27685153,0.41822057,-0.17222894,-0.27875713,-0.28467552,0.19215197,-0.25839578,-0.13038636,-0.19893475,-0.26691673,3.32031248,0.00346721,0.00000083,0.00047126,-0.00094210,0.99999945,3.55342915,0.18010769,0.02541389,3.73820779,-0.16954944,0.02350830,3.03599951,0.19615522,0.04386965,3.18955152,-0.19522152,0.03534870,0.17307230,-0.42767310,0.31268885,0.16147071,1.14017627,-0.34474799,0.22628511,0.91758037,0.18036855,-0.38985325,-1.82401175,-0.40556007
0.35070312,-0.04601821,0.09281446,0.00092768,0.34826698,-0.09905766,-0.10217056,-0.11180238,-1.08888321,0.12718374,0.69927619,-1.62518427,-0.19843065,0.59929961,-1.58167968,0.18024625,1.07485642,-1.61533301,0.34263732,0.00895848,0.00199114,0.30404055,0.22432845,0.17814696,-0.27834164,0.41353368,-0.17094579,-0.28072279,-0.27319550,0.19134689,-0.26007730,-0.13849769,-0.19809637,-0.26840318,3.32718618,0.00253836,0.00000803,0.00394919,-0.00190665,0.99999038,3.55219233,0.17982859,0.02569891,3.74006498,-0.16998312,0.02331776,3.05472233,0.19492564,0.04396325,3.18793409,-0.19502843,0.03563737,0.21274369,0.88489094,-1.36116641,0.18686995,1.19858558,-0.11811641,0.22596597,1.01776500,0.17384570,-0.25620415,-2.19270301,-0.33287938
0.36977618,-0.04560168,0.08595320,0.00097081,0.20880660,-0.09750169,-0.09644820,-0.07815891,-1.13055894,0.13083532,0.72360125,-1.62290776,-0.19430820,0.62187340,-1.57926490,0.17671975,1.02354484,-1.62168820,0.34263732,0.00895848,0.00199114,0.30570976,0.21567965,0.17929898,-0.27985917,0.40575497,-0.16926560,-0.28227717,-0.25861223,0.19092087,-0.26234223,-0.14667300,-0.19729960,-0.26991924,3.33470037,0.00156660,0.00001831,0.00618874,-0.00291590,0.99997660,3.55142200,0.17960471,0.02585059,3.73946130,-0.17006244,0.02343259,3.07720597,0.19399241,0.04336753,3.18687923,-0.19487427,0.03579053,0.28345626,1.69054620,-2.05688744,0.17781467,1.19488378,0.13202218,0.20114621,1.11951678,0.11221801,-0.16306375,-2.54461613,-0.32334467
0.40243335,-0.04719807,0.08284812,0.00052899,0.08383625,-0.07145346,-0.09132054,-0.03988624,-1.16988637,0.13416712,0.74788032,-1.61648095,-0.19032235,0.64728582,-1.57878134,0.17525865,0.96702223,-1.63067815,0.34263732,0.00895848,0.00199114,0.30722941,0.20714126,0.18043294,-0.28129882,0.39713917,-0.16786884,-0.28385511,-0.24133964,0.19086535,-0.26415783,-0.15481086,-0.19645645,-0.27136859,3.34251745,0.00059048,0.00002619,0.00715779,-0.00365256,0.99996771,3.55097129,0.17950539,0.02593059,3.73841970,-0.17017509,0.02337430,3.10257857,0.19321379,0.04307157,3.18627555,-0.19472979,0.03586082,0.25404739,1.97444804,-1.98260112,0.16929523,1.24636202,0.35358525,0.20469934,1.32472208,0.01051145,-0.06345282,-2.93371620,-0.47848540
0.37508018,-0.04108441,0.06651323,-0.00038415,-0.04942049,-0.03001597,-0.08738625,-0.00248881,-1.20160103,0.13728441,0.77075911,-1.60773158,-0.18737926,0.67480534,-1.58038080,0.17479332,0.90732855,-1.63952219,0.34263732,0.00895848,0.00199114,0.30851749,0.19934138,0.18153507,-0.28235517,0.38890315,-0.16689028,-0.28527612,-0.22247652,0.19090530,-0.26554817,-0.16263008,-0.19580151,-0.27258544,3.35021245,-0.00032120,0.00002745,0.00683907,-0.00401392,0.99996856,3.55100477,0.17960772,0.02616231,3.73776329,-0.17032820,0.02324136,3.12927568,0.19236398,0.04296932,3.18601573,-0.19481081,0.03593205,0.18554705,1.82261240,-1.49849570,0.15168066,1.10924590,0.44153014,0.13424806,1.36221850,-0.09243628,-0.01827058,-2.94637656,-0.42509329
0.35966840,-0.03419794,0.05151345,-0.00136165,-0.17084913,0.01132498,-0.08459996,0.03370686,-1.22556760,0.14027112,0.79128597,-1.59862201,-0.18549667,0.70475868,-1.58413899,0.17507347,0.84637285,-1.64650340,0.34263732,0.00895848,0.00199114,0.30949134,0.19287823,0.18258438,-0.28272509,0.38117920,-0.16630345,-0.28649215,-0.20285570,0.19096145,-0.26632321,-0.17013471,-0.19533442,-0.27359654,3.35747750,-0.00107305,0.00002027,0.00515114,-0.00391482,0.99997907,3.55177939,0.17999556,0.02676624,3.73734291,-0.17035592,0.02299919,3.15612319,0.19147085,0.04316812,3.18581860,-0.19506938,0.03589480,0.13550729,1.79480751,-1.18104732,0.14899274,1.01529291,0.44793519,0.09419808,1.49043355,-0.19078674,0.01589883,-3.02670903,-0.34265789
0.35259638,-0.02664534,0.03659815,-0.00185653,-0.25265393,0.05419774,-0.08336235,0.06895574,-1.24544117,0.14402694,0.80911779,-1.59245017,-0.18344533,0.73631839,-1.59004104,0.17636487,0.78376936,-1.65023541,0.34263732,0.00895848,0.00199114,0.31018529,0.18804214,0.18377018,-0.28214327,0.37383775,-0.16617510,-0.28734677,-0.18289332,0.19117287,-0.26644897,-0.17737245,-0.19472009,-0.27442057,3.36441958,-0.00165289,0.00000949,0.00268823,-0.00340170,0.99999060,3.55370762,0.18083372,0.02804202,3.73711812,-0.17036751,0.02283852,3.18283112,0.19075986,0.04373631,3.18572648,-0.19516173,0.03576472,0.05921981,1.79030511,-1.00434041,0.19480082,0.89626462,0.30346756,0.10331575,1.60615730,-0.30406082,0.06755990,-3.19287305,-0.17579277
0.32896632,-0.01669407,0.01882288,-0.00160221,-0.27498707,0.10383407,-0.08376508,0.10316952,-1.26302574,0.14944400,0.82051157,-1.58994133,-0.18208052,0.76803261,-1.59727407,0.17822059,0.71653900,-1.64634972,0.34263732,0.00895848,0.00199114,0.31059737,0.18583756,0.18533796,-0.28065017,0.36678972,-0.16651195,-0.28783204,-0.16251510,0.19153155,-0.26641070,-0.18424356,-0.19421360,-0.27489671,3.37114813,-0.00204147,0.00000035,-0.00010444,-0.00239174,0.99999713,3.55787013,0.18240542,0.02994720,3.73713715,-0.17030604,0.02276532,3.20955107,0.19026527,0.04418666,3.18597767,-0.19537153,0.03570065,-0.02666107,1.67284846,-0.85526770,0.27250471,0.52155044,0.11271729,0.06266096,1.55342879,-0.35802053,0.09186653,-3.31882715,0.23067418
0.33368042,-0.00903347,0.00137442,-0.00089830,-0.29194469,0.17444833,-0.08576015,0.13645001,-1.27957985,0.15621742,0.82383345,-1.59177978,-0.18135403,0.79962941,-1.60538249,0.18056875,0.64476738,-1.63265181,0.34263732,0.00895848,0.00199114,0.31069996,0.18671223,0.18719028,-0.27835230,0.35994359,-0.16729283,-0.28795787,-0.14201697,0.19207178,-0.26641931,-0.19087448,-0.19381613,-0.27501442,3.37765687,-0.00224880,-0.00000171,-0.00294362,-0.00077458,0.99999537,3.56465886,0.18465201,0.03234766,3.73734086,-0.17009904,0.02274209,3.23593762,0.19004276,0.04428065,3.18648236,-0.19576900,0.03568553,-0.11246555,1.70750732,-0.84824556,0.35575916,0.12354009,-0.13102607,0.03512379,1.62634964,-0.42310740,0.12528028,-3.71809063,0.76803876
0.30927868,-0.00101189,-0.01476924,0.00023395,-0.28003710,0.21003050,-0.08892193,0.16901208,-1.29566658,0.16450112,0.81969494,-1.60455406,-0.18100786,0.83154982,-1.61449957,0.18431196,0.57086533,-1.60900319,0.34263732,0.00895848,0.00199114,0.31051227,0.19143423,0.18919288,-0.27421913,0.35326531,-0.16839624,-0.28773998,-0.12192529,0.19305289,-0.26645343,-0.19738538,-0.19345364,-0.27479023,3.38399184,-0.00227830,0.00000759,-0.00579588,0.00131032,0.99998235,3.57492959,0.18741562,0.03629315,3.73769724,-0.16974817,0.02277230,3.26156104,0.19045440,0.04405884,3.18711412,-0.19624856,0.03572205,-0.16208211,1.59156311,-0.78567332,0.41770232,-0.25492555,-0.71722615,0.01424902,1.56787908,-0.45424348,0.19520345,-3.63288546,1.22880232
0.30919327,0.00816933,-0.02920673,0.00157879,-0.30443100,0.19863197,-0.09230591,0.20133769,-1.31102028,0.17258178,0.79823269,-1.61850595,-0.18134639,0.86463068,-1.62442884,0.19094818,0.49885196,-1.57454665,0.34263732,0.00895848,0.00199114,0.31004174,0.20144146,0.19105860,-0.26961749,0.34669944,-0.16956751,-0.28727303,-0.10315658,0.19496703,-0.26668257,-0.20392372,-0.19321241,-0.27426341,3.39023039,-0.00208059,0.00003008,-0.00885442,0.00332824,0.99995526,3.59039557,0.19031471,0.04042425,3.73805091,-0.16933647,0.02276872,3.28577826,0.19219544,0.04335917,3.18759735,-0.19664618,0.03577833,-0.16767588,1.60533831,-0.76173515,0.39392477,-1.10043142,-0.66349573,-0.01872402,1.64355259,-0.49261940,0.33517433,-3.56411672,1.72503519
0.31566126,0.01897456,-0.04149473,0.00286401,-0.33052343,0.15086779,-0.09564693,0.23424661,-1.32644215,0.17645071,0.75992216,-1.61747332,-0.18289241,0.89844263,-1.63397126,0.20046722,0.43342212,-1.53311193,0.34263732,0.00895848,0.00199114,0.30938304,0.21428785,0.19208187,-0.26727917,0.34006280,-0.17071908,-0.28660343,-0.08659466,0.19782641,-0.26725118,-0.21055927,-0.19325718,-0.27354416,3.39645159,-0.00165720,0.00005919,-0.01209942,0.00483922,0.99991509,3.60887024,0.19248977,0.04210387,3.73815086,-0.16907681,0.02277962,3.30794623,0.19532179,0.04213186,3.18777273,-0.19694333,0.03583888,-0.17043743,1.67540615,-0.78581066,0.18530916,-1.97361701,0.08221163,-0.08229642,1.72025075,-0.48282531,0.48912030,-3.30636649,2.11682091
0.30177238,0.02735311,-0.04823160,0.00361441,-0.32911456,0.07677490,-0.09902586,0.26778877,-1.34233992,0.17634379,0.71380894,-1.60765107,-0.18609370,0.93263789,-1.64236751,0.21133576,0.37950627,-1.49118392,0.34263732,0.00895848,0.00199114,0.30859780,0.22831294,0.19216548,-0.26612388,0.33333248,-0.17186562,-0.28570467,-0.07310693,0.20117352,-0.26803570,-0.21735856,-0.19371731,-0.27263793,3.40263512,-0.00104195,0.00008811,-0.01544674,0.00568377,0.99986453,3.62874863,0.19370673,0.04247392,3.73789995,-0.16910690,0.02289313,3.32724583,0.19928744,0.04056209,3.18749292,-0.19721782,0.03595987,-0.16472418,1.64617465,-0.78030609,-0.01601997,-2.27485332,0.49456285,-0.16412191,1.67840149,-0.40645177,0.53368785,-2.58236904,2.03664567
0.30661478,0.03348098,-0.05526173,0.00437463,-0.37432596,-0.00788351,-0.10172256,0.30194297,-1.35817707,0.17483763,0.66612329,-1.59544399,-0.19107877,0.96755828,-1.64965754,0.22158056,0.34394511,-1.45959008,0.34263732,0.00895848,0.00199114,0.30775537,0.24269668,0.19183892,-0.26472310,0.32655282,-0.17280088,-0.28466615,-0.06372535,0.20431161,-0.26858325,-0.22434482,-0.19460749,-0.27156282,3.40864995,-0.00032980,0.00010874,-0.01904004,0.00571493,0.99980238,3.64913771,0.19427103,0.04303227,3.73715684,-0.16938632,0.02308922,3.34259312,0.20323997,0.03917212,3.18654449,-0.19748922,0.03619255,-0.13230000,1.76249197,-0.81334950,-0.08082976,-2.45554943,0.63989367,-0.26816305,1.80293686,-0.36879109,0.51939554,-1.69604750,1.53315375
0.27032465,0.03091726,-0.05210133,0.00421339,-0.40629179,-0.11628505,-0.10314894,0.33719853,-1.37385893,0.17330396,0.61834455,-1.57963741,-0.19791974,1.00331283,-1.65596330,0.22904830,0.33245084,-1.44511092,0.34263732,0.00895848,0.00199114,0.30694109,0.25699893,0.19152390,-0.26300688,0.31970138,-0.17335451,-0.28349569,-0.05950599,0.20660893,-0.26917727,-0.23141455,-0.19592226,-0.27037796,3.41426742,0.00036056,0.00010840,-0.02310843,0.00468951,0.99972196,3.66945827,0.19428705,0.04393421,3.73558104,-0.16998707,0.02344540,3.35282576,0.20640215,0.03776382,3.18470109,-0.19772407,0.03656313,-0.06035540,1.73698616,-0.76799530,-0.07397988,-2.34250093,0.80497122,-0.34839088,1.75837898,-0.30231473,0.34235504,-0.38718650,0.58330506
0.29086642,0.03893277,-0.05602622,0.00299266,-0.43810066,-0.24916891,-0.10281896,0.37370111,-1.38993397,0.17260978,0.56708605,-1.55540209,-0.20714668,1.03874977,-1.66035352,0.23058102,0.34827777,-1.45092359,0.34263732,0.00895848,0.00199114,0.30613862,0.27167123,0.19154488,-0.26141257,0.31272765,-0.17335303,-0.28222380,-0.06121628,0.20719621,-0.27043071,-0.23846941,-0.19778193,-0.26908199,3.42015550,0.00116585,0.00005970,-0.02752973,0.00222494,0.99961851,3.69097135,0.19391822,0.04472606,3.73365176,-0.17079331,0.02391482,3.35801747,0.20808749,0.03570791,3.18256891,-0.19767569,0.03705664,0.01870271,1.81242366,-0.79975017,-0.03162486,-2.55501494,1.22070024,-0.46183876,1.75451896,-0.21179440,0.06875838,0.82439923,-0.32598568
0.32774240,0.04887298,-0.06401130,0.00061877,-0.38758874,-0.37090588,-0.10144826,0.41013335,-1.40736966,0.17369147,0.50978911,-1.52217627,-0.21810818,1.07086203,-1.66060863,0.22918853,0.38282591,-1.47580547,0.34263732,0.00895848,0.00199114,0.30528816,0.28702355,0.19216373,-0.26019271,0.30562741,-0.17298344,-0.28100056,-0.06694595,0.20664582,-0.27081932,-0.24555117,-0.20011499,-0.26777243,3.42664173,0.00210444,-0.00004543,-0.03139790,-0.00137765,0.99950601,3.71419389,0.19347625,0.04509545,3.73179114,-0.17172082,0.02428760,3.36026566,0.20893402,0.03446884,3.18053987,-0.19733292,0.03751573,0.07080435,1.85009260,-0.89167386,0.06040216,-2.92825131,1.70617654,-0.55927325,1.61998556,0.00107657,-0.07148074,1.78585515,-1.30130031
0.34223681,0.05403053,-0.06216604,-0.00075372,-0.18801188,-0.43018405,-0.09985075,0.44468673,-1.42739818,0.17696643,0.44653125,-1.48352470,-0.22902853,1.09591107,-1.65389917,0.22752835,0.42443774,-1.50949953,0.34263732,0.00895848,0.00199114,0.30447910,0.30285277,0.19337039,-0.25920112,0.29842224,-0.17245770,-0.28000553,-0.07482147,0.20575827,-0.27002809,-0.25276068,-0.20262120,-0.26665482,3.43366625,0.00312148,-0.00019272,-0.03351309,-0.00572198,0.99942188,3.73871329,0.19301149,0.04527798,3.73009427,-0.17274190,0.02447357,3.36120565,0.20972298,0.03445101,3.17860210,-0.19659230,0.03782428,0.07784068,1.68219762,-0.99506934,0.16877247,-3.12423267,1.90755050,-0.53048868,1.19107745,0.36258836,-0.08237695,2.03812671,-1.64978914
0.37551559,0.06215031,-0.05751069,0.00085444,0.02638104,-0.47266264,-0.09859625,0.47663886,-1.45007055,0.18157119,0.37839050,-1.44181824,-0.23847112,1.11293292,-1.64018729,0.22485605,0.46260428,-1.53847826,0.34263732,0.00895848,0.00199114,0.30383062,0.31891296,0.19483246,-0.25839501,0.29114839,-0.17195033,-0.27928184,-0.08316460,0.20465756,-0.26929873,-0.26007674,-0.20500791,-0.26579303,3.44101546,0.00417414,-0.00034507,-0.03349861,-0.01030356,0.99938559,3.76387761,0.19238996,0.04543562,3.72855675,-0.17374242,0.02454879,3.36208808,0.21050285,0.03453189,3.17676723,-0.19542802,0.03803760,0.06131380,1.62894945,-1.18118103,0.24241213,-3.53482246,2.16587570,-0.47514215,0.82900798,0.74508606,-0.14758771,1.92833228,-1.44165993
